t,kind,value
# event: interval_rest-0-140 kind=interval_rest atSec=140
# event: interval_rest-1-230 kind=interval_rest atSec=230
# event: sudden_stop-2-420 kind=sudden_stop atSec=420
# event: gradual_fade-3-540 kind=gradual_fade atSec=540
0,motionIntensityG,0.5447231322123933
0,cadenceSpm,119.8094212673889
0,activeEnergyKcal,0.04278202676864245
0,heartRateBpm,58.525732547779945
1,motionIntensityG,0.5693577201918931
1,cadenceSpm,119.31111491218923
1,activeEnergyKcal,0.0855640535372849
1,heartRateBpm,60.95638794153446
2,motionIntensityG,0.5622890009951297
2,cadenceSpm,123.67339189537248
2,activeEnergyKcal,0.12834608030592734
2,heartRateBpm,60.384090114750684
3,motionIntensityG,0.5776290353157941
3,cadenceSpm,122.44290482937659
3,activeEnergyKcal,0.1711281070745698
3,heartRateBpm,59.543087440103264
4,motionIntensityG,0.5149997009592678
4,cadenceSpm,119.27900904192056
4,activeEnergyKcal,0.21391013384321225
4,heartRateBpm,62.50469838706487
5,motionIntensityG,0.5058403703622362
5,cadenceSpm,115.69480442924203
5,activeEnergyKcal,0.2566921606118547
5,heartRateBpm,65.52586680297351
6,motionIntensityG,0.5159624737445476
6,cadenceSpm,118.77516533498951
6,activeEnergyKcal,0.29947418738049714
6,heartRateBpm,66.28554402733221
7,motionIntensityG,0.5232914709038129
7,cadenceSpm,122.18112557006563
7,activeEnergyKcal,0.3422562141491396
7,heartRateBpm,69.40228380385808
8,motionIntensityG,0.5783374106392534
8,cadenceSpm,111.7607671790668
8,activeEnergyKcal,0.38503824091778205
8,heartRateBpm,70.3834888498111
9,motionIntensityG,0.5196207873556877
9,cadenceSpm,120.2889261083982
9,activeEnergyKcal,0.4278202676864245
9,heartRateBpm,70.60154075011849
10,motionIntensityG,0.5461493297053107
10,cadenceSpm,120.18569807093938
10,activeEnergyKcal,0.47060229445506696
10,heartRateBpm,72.34769664350901
11,motionIntensityG,0.49609689700922105
11,cadenceSpm,119.66914781825197
11,activeEnergyKcal,0.5133843212237094
11,heartRateBpm,73.15697255510067
12,motionIntensityG,0.5580699582152319
12,cadenceSpm,118.49368147188726
12,activeEnergyKcal,0.5561663479923518
12,heartRateBpm,72.62126645496001
13,motionIntensityG,0.5226208148474014
13,cadenceSpm,123.35283275333688
13,activeEnergyKcal,0.5989483747609942
13,heartRateBpm,73.5063998376658
14,motionIntensityG,0.5922163221884673
14,cadenceSpm,118.35265832950493
14,activeEnergyKcal,0.6417304015296366
14,heartRateBpm,72.1622735128096
15,motionIntensityG,0.5003062417899526
15,cadenceSpm,122.49427113416827
15,activeEnergyKcal,0.684512428298279
15,heartRateBpm,73.60656817003142
16,motionIntensityG,0.5164934429369239
16,cadenceSpm,126.93597951506136
16,activeEnergyKcal,0.7272944550669214
16,heartRateBpm,75.71598064695603
17,motionIntensityG,0.5528244042989047
17,cadenceSpm,121.13691088127993
17,activeEnergyKcal,0.7700764818355638
17,heartRateBpm,78.57990638435562
18,motionIntensityG,0.5120832252950204
18,cadenceSpm,119.57258117171187
18,activeEnergyKcal,0.8128585086042062
18,heartRateBpm,78.47096838679741
19,motionIntensityG,0.5845923750237692
19,cadenceSpm,125.6576867494201
19,activeEnergyKcal,0.8556405353728486
19,heartRateBpm,78.56999021313322
20,motionIntensityG,0.4953939647948152
20,cadenceSpm,115.19946421702127
20,activeEnergyKcal,0.898422562141491
20,heartRateBpm,80.75274876125081
21,motionIntensityG,0.5259235440322413
21,cadenceSpm,116.23547820380728
21,activeEnergyKcal,0.9412045889101334
21,heartRateBpm,80.94811644497995
22,motionIntensityG,0.518935889441613
22,cadenceSpm,117.08385523374419
22,activeEnergyKcal,0.9839866156787758
22,heartRateBpm,80.8577257477111
23,motionIntensityG,0.5647960214336786
23,cadenceSpm,127.6500522616763
23,activeEnergyKcal,1.0267686424474183
23,heartRateBpm,82.89965838477839
24,motionIntensityG,0.5226419277250395
24,cadenceSpm,121.37592902989292
24,activeEnergyKcal,1.0695506692160608
24,heartRateBpm,84.2017991589553
25,motionIntensityG,0.5507978556613272
25,cadenceSpm,118.44394818520311
25,activeEnergyKcal,1.1123326959847033
25,heartRateBpm,86.00880371422365
26,motionIntensityG,0.491638189870302
26,cadenceSpm,125.85823053313769
26,activeEnergyKcal,1.1551147227533458
26,heartRateBpm,85.16614442073758
27,motionIntensityG,0.5542966850650491
27,cadenceSpm,125.98497093896265
27,activeEnergyKcal,1.1978967495219883
27,heartRateBpm,86.98152202742209
28,motionIntensityG,0.5340828729637962
28,cadenceSpm,122.99128628745544
28,activeEnergyKcal,1.2406787762906308
28,heartRateBpm,87.21594362466404
29,motionIntensityG,0.5599890024835266
29,cadenceSpm,118.14288081193226
29,activeEnergyKcal,1.2834608030592733
29,heartRateBpm,87.51709319334867
30,motionIntensityG,0.5426041676875807
30,cadenceSpm,127.35437792260953
30,activeEnergyKcal,1.3262428298279159
30,heartRateBpm,88.05584272003313
31,motionIntensityG,0.5390441840327104
31,cadenceSpm,119.03451832321478
31,activeEnergyKcal,1.3690248565965584
31,heartRateBpm,87.28657877819983
32,motionIntensityG,0.5136504583273227
32,cadenceSpm,115.02213880229081
32,activeEnergyKcal,1.4118068833652009
32,heartRateBpm,87.79378500794608
33,motionIntensityG,0.5053253521354157
33,cadenceSpm,115.43578425456589
33,activeEnergyKcal,1.4545889101338434
33,heartRateBpm,88.8926939573343
34,motionIntensityG,0.5167260079545362
34,cadenceSpm,111.21518192348083
34,activeEnergyKcal,1.497370936902486
34,heartRateBpm,88.26762018121804
35,motionIntensityG,0.506673866585436
35,cadenceSpm,130.2063678089257
35,activeEnergyKcal,1.5401529636711284
35,heartRateBpm,87.1749712078384
36,motionIntensityG,0.5181962015782503
36,cadenceSpm,125.18096663086187
36,activeEnergyKcal,1.582934990439771
36,heartRateBpm,90.22374913889169
37,motionIntensityG,0.5174517441409586
37,cadenceSpm,124.85541759948461
37,activeEnergyKcal,1.6257170172084134
37,heartRateBpm,91.69405689358784
38,motionIntensityG,0.5132006362330996
38,cadenceSpm,117.48264182050929
38,activeEnergyKcal,1.668499043977056
38,heartRateBpm,92.4183336822249
39,motionIntensityG,0.5267868003944635
39,cadenceSpm,118.50032391861792
39,activeEnergyKcal,1.7112810707456985
39,heartRateBpm,95.09226627540441
40,motionIntensityG,0.5111128689503659
40,cadenceSpm,124.39772891373606
40,activeEnergyKcal,1.754063097514341
40,heartRateBpm,96.99699035950347
41,motionIntensityG,0.531541722566928
41,cadenceSpm,124.10790153583139
41,activeEnergyKcal,1.7968451242829835
41,heartRateBpm,97.94547507418747
42,motionIntensityG,0.5251045239304867
42,cadenceSpm,120.60897475881866
42,activeEnergyKcal,1.839627151051626
42,heartRateBpm,98.31915900965434
43,motionIntensityG,0.5647949019117062
43,cadenceSpm,120.68865688173916
43,activeEnergyKcal,1.8824091778202685
43,heartRateBpm,98.35256266305113
44,motionIntensityG,0.520241872241906
44,cadenceSpm,119.59967539804681
44,activeEnergyKcal,1.925191204588911
44,heartRateBpm,97.6427859526405
45,motionIntensityG,0.5499540949270496
45,cadenceSpm,123.77524146040335
45,activeEnergyKcal,1.9679732313575535
45,heartRateBpm,97.68016914045549
46,motionIntensityG,0.5241168162110943
46,cadenceSpm,115.34600633001364
46,activeEnergyKcal,2.010755258126196
46,heartRateBpm,98.83693158864457
47,motionIntensityG,0.5639268075358681
47,cadenceSpm,118.5117685559984
47,activeEnergyKcal,2.0535372848948383
47,heartRateBpm,99.29626663371508
48,motionIntensityG,0.5260475852926303
48,cadenceSpm,114.69078890807569
48,activeEnergyKcal,2.0963193116634806
48,heartRateBpm,101.12792005885784
49,motionIntensityG,0.5697058612768348
49,cadenceSpm,128.09748934705317
49,activeEnergyKcal,2.139101338432123
49,heartRateBpm,101.3450057109245
50,motionIntensityG,0.5550544228213352
50,cadenceSpm,119.00630112182245
50,activeEnergyKcal,2.181883365200765
50,heartRateBpm,102.58961057585891
51,motionIntensityG,0.5569090518458099
51,cadenceSpm,119.28488356017778
51,activeEnergyKcal,2.2246653919694075
51,heartRateBpm,102.88182397098925
52,motionIntensityG,0.5259754050196179
52,cadenceSpm,119.14605001822933
52,activeEnergyKcal,2.26744741873805
52,heartRateBpm,101.4945611534058
53,motionIntensityG,0.5450883510303747
53,cadenceSpm,124.2124944576543
53,activeEnergyKcal,2.310229445506692
53,heartRateBpm,100.57215276483196
54,motionIntensityG,0.53522253347871
54,cadenceSpm,128.81523400620068
54,activeEnergyKcal,2.3530114722753344
54,heartRateBpm,103.36616293801364
55,motionIntensityG,0.5598241292436033
55,cadenceSpm,121.7334871829696
55,activeEnergyKcal,2.3957934990439766
55,heartRateBpm,104.43134865323108
56,motionIntensityG,0.5551702000323705
56,cadenceSpm,122.11444161220824
56,activeEnergyKcal,2.438575525812619
56,heartRateBpm,105.27067961186098
57,motionIntensityG,0.5665156236108461
57,cadenceSpm,126.06689077382507
57,activeEnergyKcal,2.4813575525812612
57,heartRateBpm,106.67981660009278
58,motionIntensityG,0.5336849019462142
58,cadenceSpm,115.44710606606195
58,activeEnergyKcal,2.5241395793499035
58,heartRateBpm,106.3851924143253
59,motionIntensityG,0.5205250993783122
59,cadenceSpm,124.1029191865765
59,activeEnergyKcal,2.566921606118546
59,heartRateBpm,105.56053436882789
60,motionIntensityG,0.49830060728739656
60,cadenceSpm,120.8732877649837
60,activeEnergyKcal,2.609703632887188
60,heartRateBpm,105.58456721359371
61,motionIntensityG,0.8804220933557803
61,cadenceSpm,171.3066529692268
61,activeEnergyKcal,2.6761452557361363
61,heartRateBpm,108.89947410376206
62,motionIntensityG,0.9156536607873257
62,cadenceSpm,163.31544209542398
62,activeEnergyKcal,2.7425849067877617
62,heartRateBpm,111.40079515870563
63,motionIntensityG,0.9720008696131264
63,cadenceSpm,167.5169499208835
63,activeEnergyKcal,2.809022586042064
63,heartRateBpm,112.08503266727314
64,motionIntensityG,0.8769125451435172
64,cadenceSpm,161.2164753095456
64,activeEnergyKcal,2.875458293499043
64,heartRateBpm,111.79560615026118
65,motionIntensityG,0.9144610952883391
65,cadenceSpm,174.61375344449752
65,activeEnergyKcal,2.9418920291586987
65,heartRateBpm,115.64489080186712
66,motionIntensityG,0.9027483299765939
66,cadenceSpm,172.11506885010448
66,activeEnergyKcal,3.0083237930210314
66,heartRateBpm,118.37210080928571
67,motionIntensityG,0.8805008070038206
67,cadenceSpm,163.80928106373113
67,activeEnergyKcal,3.074753585086041
67,heartRateBpm,118.84745893032854
68,motionIntensityG,0.9365499771030757
68,cadenceSpm,163.51465729902137
68,activeEnergyKcal,3.141181405353727
68,heartRateBpm,119.59843650788416
69,motionIntensityG,0.8467532548608896
69,cadenceSpm,163.84414771736803
69,activeEnergyKcal,3.2076072538240905
69,heartRateBpm,129.97525947386896
70,motionIntensityG,0.9011829098343827
70,cadenceSpm,173.767084346448
70,activeEnergyKcal,3.274031130497131
70,heartRateBpm,140.62306878426625
71,motionIntensityG,0.9932577414307854
71,cadenceSpm,157.90141585336602
71,activeEnergyKcal,3.340453035372848
71,heartRateBpm,150.21664248377158
72,motionIntensityG,0.9324378816366087
72,cadenceSpm,173.4715495476734
72,activeEnergyKcal,3.4068729684512418
72,heartRateBpm,150.37884512008145
73,motionIntensityG,0.9179081552438185
73,cadenceSpm,176.93856326570156
73,activeEnergyKcal,3.4732909297323125
73,heartRateBpm,151.37329899967284
74,motionIntensityG,0.9078608352437604
74,cadenceSpm,167.54159486945383
74,activeEnergyKcal,3.53970691921606
74,heartRateBpm,152.23986548710937
75,motionIntensityG,0.9144292698558245
75,cadenceSpm,162.62038587780071
75,activeEnergyKcal,3.6061209369024843
75,heartRateBpm,152.26519082967383
76,motionIntensityG,0.8777033756481588
76,cadenceSpm,164.69846722731697
76,activeEnergyKcal,3.672532982791586
76,heartRateBpm,153.88267642398554
77,motionIntensityG,0.9376478582765914
77,cadenceSpm,172.09374488066058
77,activeEnergyKcal,3.738943056883364
77,heartRateBpm,154.30929118323374
78,motionIntensityG,0.8872237163922375
78,cadenceSpm,167.21494262295514
78,activeEnergyKcal,3.8053511591778193
78,heartRateBpm,153.29391865183797
79,motionIntensityG,0.9156721987120813
79,cadenceSpm,173.4904006422593
79,activeEnergyKcal,3.8717572896749513
79,heartRateBpm,152.1884276640906
80,motionIntensityG,0.929858279862628
80,cadenceSpm,163.5463270794968
80,activeEnergyKcal,3.93816144837476
80,heartRateBpm,153.21009213146058
81,motionIntensityG,0.9074890529755302
81,cadenceSpm,164.21741410012908
81,activeEnergyKcal,4.004563635277246
81,heartRateBpm,156.12399278023432
82,motionIntensityG,1.0314725831293525
82,cadenceSpm,177.8788560950536
82,activeEnergyKcal,4.070963850382409
82,heartRateBpm,157.63358848257346
83,motionIntensityG,0.9120599375426516
83,cadenceSpm,173.68880824960343
83,activeEnergyKcal,4.137362093690248
83,heartRateBpm,163.32633414095005
84,motionIntensityG,0.9117275650736736
84,cadenceSpm,173.32071709920154
84,activeEnergyKcal,4.203758365200764
84,heartRateBpm,164.4579912746655
85,motionIntensityG,0.8872406732518553
85,cadenceSpm,164.9030235944929
85,activeEnergyKcal,4.270152664913957
85,heartRateBpm,163.8352113643282
86,motionIntensityG,0.9114504792491475
86,cadenceSpm,175.86288971878767
86,activeEnergyKcal,4.336544992829827
86,heartRateBpm,164.63202586292408
87,motionIntensityG,0.8919359316957365
87,cadenceSpm,169.8602501732366
87,activeEnergyKcal,4.4029353489483745
87,heartRateBpm,164.61420344970054
88,motionIntensityG,0.9444132310589016
88,cadenceSpm,173.86888716300706
88,activeEnergyKcal,4.469323733269598
88,heartRateBpm,164.40033394761184
89,motionIntensityG,0.9206356704880164
89,cadenceSpm,165.54770497704533
89,activeEnergyKcal,4.535710145793499
89,heartRateBpm,166.56224588038174
90,motionIntensityG,0.9629578824901392
90,cadenceSpm,161.71695360272815
90,activeEnergyKcal,4.602094586520076
90,heartRateBpm,166.86152778600822
91,motionIntensityG,0.9069210504437222
91,cadenceSpm,161.803432177645
91,activeEnergyKcal,4.668477055449331
91,heartRateBpm,167.49330018381355
92,motionIntensityG,0.9396793462352203
92,cadenceSpm,164.82899886484836
92,activeEnergyKcal,4.7348575525812615
92,heartRateBpm,166.15963417859237
93,motionIntensityG,0.8879280594339096
93,cadenceSpm,163.94042742947656
93,activeEnergyKcal,4.80123607791587
93,heartRateBpm,165.9732960569149
94,motionIntensityG,0.9700734647367414
94,cadenceSpm,166.13057205454388
94,activeEnergyKcal,4.867612631453155
94,heartRateBpm,165.52007439580655
95,motionIntensityG,0.9084641958123171
95,cadenceSpm,157.40462984211047
95,activeEnergyKcal,4.933987213193117
95,heartRateBpm,167.6321348337682
96,motionIntensityG,0.9043950628644697
96,cadenceSpm,166.53711242705438
96,activeEnergyKcal,5.0003598231357556
96,heartRateBpm,168.56515536742418
97,motionIntensityG,0.9303343776912637
97,cadenceSpm,164.17209555821978
97,activeEnergyKcal,5.066730461281071
97,heartRateBpm,167.51134286522915
98,motionIntensityG,0.9307847400565769
98,cadenceSpm,165.71924362139922
98,activeEnergyKcal,5.133099127629063
98,heartRateBpm,168.15915304296843
99,motionIntensityG,0.9357055565897715
99,cadenceSpm,167.08693960917074
99,activeEnergyKcal,5.199465822179732
99,heartRateBpm,169.25741748778793
100,motionIntensityG,0.8501564380667611
100,cadenceSpm,164.57682440174665
100,activeEnergyKcal,5.2658305449330784
100,heartRateBpm,171.67319720164357
101,motionIntensityG,0.9413698381304523
101,cadenceSpm,171.05993286760366
101,activeEnergyKcal,5.332193295889101
101,heartRateBpm,171.56923231695134
102,motionIntensityG,0.8891373200705806
102,cadenceSpm,166.25780061230628
102,activeEnergyKcal,5.398554075047801
102,heartRateBpm,173.54504128641005
103,motionIntensityG,0.9251815694187444
103,cadenceSpm,162.1553027014184
103,activeEnergyKcal,5.464912882409178
103,heartRateBpm,172.78007000924487
104,motionIntensityG,0.8869533494822681
104,cadenceSpm,169.08665266464553
104,activeEnergyKcal,5.531269717973231
104,heartRateBpm,171.48500498184896
105,motionIntensityG,0.9670047706700111
105,cadenceSpm,169.71398047728687
105,activeEnergyKcal,5.597624581739962
105,heartRateBpm,173.1531401393355
106,motionIntensityG,0.9131859566996716
106,cadenceSpm,165.43761733529442
106,activeEnergyKcal,5.663977473709369
106,heartRateBpm,171.9725583951653
107,motionIntensityG,0.9506782897485354
107,cadenceSpm,167.0007615954622
107,activeEnergyKcal,5.730328393881453
107,heartRateBpm,171.88558660131008
108,motionIntensityG,0.893310754287441
108,cadenceSpm,160.81693155574163
108,activeEnergyKcal,5.7966773422562134
108,heartRateBpm,174.3875484523255
109,motionIntensityG,0.9648750780287593
109,cadenceSpm,163.74063383368633
109,activeEnergyKcal,5.863024318833651
109,heartRateBpm,174.6959059224638
110,motionIntensityG,0.8721010233810018
110,cadenceSpm,175.45598725624328
110,activeEnergyKcal,5.929369323613766
110,heartRateBpm,172.13305762269889
111,motionIntensityG,0.9359190771945272
111,cadenceSpm,170.09516158506065
111,activeEnergyKcal,5.995712356596558
111,heartRateBpm,172.30944833886085
112,motionIntensityG,0.8997574794772729
112,cadenceSpm,171.4521505558949
112,activeEnergyKcal,6.062053417782026
112,heartRateBpm,172.60695125718308
113,motionIntensityG,0.9252984244653952
113,cadenceSpm,174.43815406947243
113,activeEnergyKcal,6.1283925071701715
113,heartRateBpm,174.85337865770924
114,motionIntensityG,0.9374262957931759
114,cadenceSpm,167.24468413945482
114,activeEnergyKcal,6.194729624760994
114,heartRateBpm,178.38338118281786
115,motionIntensityG,0.8621990464960572
115,cadenceSpm,174.95889816170387
115,activeEnergyKcal,6.261064770554492
115,heartRateBpm,179.1768715399136
116,motionIntensityG,0.922164144437795
116,cadenceSpm,173.6087656777737
116,activeEnergyKcal,6.327397944550668
116,heartRateBpm,180.70752998866251
117,motionIntensityG,0.922081156043556
117,cadenceSpm,171.0630544683209
117,activeEnergyKcal,6.393729146749521
117,heartRateBpm,183.3776898991501
118,motionIntensityG,0.8857782024697624
118,cadenceSpm,166.31649732384287
118,activeEnergyKcal,6.460058377151051
118,heartRateBpm,182.93045208788578
119,motionIntensityG,0.8945327361845723
119,cadenceSpm,171.2283207709667
119,activeEnergyKcal,6.526385635755258
119,heartRateBpm,183.96986530050526
120,motionIntensityG,0.9164416199441809
120,cadenceSpm,162.51117722520715
120,activeEnergyKcal,6.592710922562141
120,heartRateBpm,182.00810722334504
121,motionIntensityG,0.8889323125916501
121,cadenceSpm,167.94999407284513
121,activeEnergyKcal,6.659034237571701
121,heartRateBpm,180.81394215287125
122,motionIntensityG,0.9331399541885544
122,cadenceSpm,166.26956919281076
122,activeEnergyKcal,6.725355580783938
122,heartRateBpm,178.82051282722972
123,motionIntensityG,0.890558741053804
123,cadenceSpm,177.5524836686995
123,activeEnergyKcal,6.791674952198852
123,heartRateBpm,179.3076106078567
124,motionIntensityG,0.923914554022129
124,cadenceSpm,172.71124367728513
124,activeEnergyKcal,6.857992351816443
124,heartRateBpm,178.83300125414405
125,motionIntensityG,0.9057338301068553
125,cadenceSpm,175.59429474597243
125,activeEnergyKcal,6.9243077796367105
125,heartRateBpm,176.86926749325752
126,motionIntensityG,0.9020699368046456
126,cadenceSpm,163.66576749408082
126,activeEnergyKcal,6.990621235659655
126,heartRateBpm,179.5657335281333
127,motionIntensityG,0.9267883624000647
127,cadenceSpm,176.6101123634407
127,activeEnergyKcal,7.0569327198852765
127,heartRateBpm,180.0442737976494
128,motionIntensityG,0.8814263940086001
128,cadenceSpm,164.49742335500304
128,activeEnergyKcal,7.123242232313575
128,heartRateBpm,180.68104035857812
129,motionIntensityG,0.9117887862268356
129,cadenceSpm,164.62257473424762
129,activeEnergyKcal,7.18954977294455
129,heartRateBpm,180.23856991621844
130,motionIntensityG,0.8732335122589657
130,cadenceSpm,167.24571764809573
130,activeEnergyKcal,7.255855341778202
130,heartRateBpm,178.8055236151457
131,motionIntensityG,0.9198615189900724
131,cadenceSpm,174.06380746129136
131,activeEnergyKcal,7.322158938814531
131,heartRateBpm,178.136884413525
132,motionIntensityG,0.8860160262107615
132,cadenceSpm,168.874116764552
132,activeEnergyKcal,7.388460564053537
132,heartRateBpm,178.64735414558922
133,motionIntensityG,0.903918892884842
133,cadenceSpm,169.58026735723018
133,activeEnergyKcal,7.454760217495219
133,heartRateBpm,176.3896403779481
134,motionIntensityG,0.9051298373965792
134,cadenceSpm,169.88678934773293
134,activeEnergyKcal,7.521057899139579
134,heartRateBpm,174.7453587914182
135,motionIntensityG,0.9588337001612388
135,cadenceSpm,168.95472017656715
135,activeEnergyKcal,7.587353608986615
135,heartRateBpm,175.69904261186107
136,motionIntensityG,0.8931453232495001
136,cadenceSpm,174.91497509143392
136,activeEnergyKcal,7.653647347036328
136,heartRateBpm,175.1677578720195
137,motionIntensityG,0.9421659127403568
137,cadenceSpm,175.10054959032382
137,activeEnergyKcal,7.719939113288718
137,heartRateBpm,174.66280954739304
138,motionIntensityG,0.9249419662275487
138,cadenceSpm,174.81735374484032
138,activeEnergyKcal,7.786228907743785
138,heartRateBpm,175.38596701822934
139,motionIntensityG,0.8989144233534005
139,cadenceSpm,162.24333445814827
139,activeEnergyKcal,7.852516730401529
139,heartRateBpm,174.88517342354814
140,motionIntensityG,0.29475238747114335
140,cadenceSpm,93.16220811218454
140,activeEnergyKcal,7.881071411328871
140,heartRateBpm,172.6401918435652
141,motionIntensityG,0.3498644462783139
141,cadenceSpm,91.46139365113292
141,activeEnergyKcal,7.909626841539196
141,heartRateBpm,173.04754559934804
142,motionIntensityG,0.31659236074025243
142,cadenceSpm,87.96542365851691
142,activeEnergyKcal,7.938183021032504
142,heartRateBpm,172.0258424981342
143,motionIntensityG,0.2713852949115111
143,cadenceSpm,84.47674730107025
143,activeEnergyKcal,7.966739949808795
143,heartRateBpm,170.9414515896608
144,motionIntensityG,0.2813720198654096
144,cadenceSpm,89.08927912636292
144,activeEnergyKcal,7.9952976278680685
144,heartRateBpm,168.00654536462312
145,motionIntensityG,0.3152042454045203
145,cadenceSpm,91.58797543330739
145,activeEnergyKcal,8.023856055210326
145,heartRateBpm,165.41881445352254
146,motionIntensityG,0.32059794869451
146,cadenceSpm,91.91358250172624
146,activeEnergyKcal,8.052415231835564
146,heartRateBpm,165.9215141460418
147,motionIntensityG,0.3202016737104198
147,cadenceSpm,100.41399327009768
147,activeEnergyKcal,8.080975157743786
147,heartRateBpm,163.4387498580723
148,motionIntensityG,0.2932658664538947
148,cadenceSpm,94.22306807377576
148,activeEnergyKcal,8.109535832934991
148,heartRateBpm,162.26368635799136
149,motionIntensityG,0.29899638545759477
149,cadenceSpm,95.07597044736828
149,activeEnergyKcal,8.138097257409179
149,heartRateBpm,161.94375720936583
150,motionIntensityG,0.9284011668022003
150,cadenceSpm,171.2594936324628
150,activeEnergyKcal,8.204420572418739
150,heartRateBpm,163.27705956142228
151,motionIntensityG,0.9601257219983578
151,cadenceSpm,168.7453193210771
151,activeEnergyKcal,8.270741915630976
151,heartRateBpm,160.82888683630216
152,motionIntensityG,0.8916028073911447
152,cadenceSpm,165.29264026684933
152,activeEnergyKcal,8.337061287045891
152,heartRateBpm,161.3082568955914
153,motionIntensityG,0.9323100360485366
153,cadenceSpm,170.9513490776386
153,activeEnergyKcal,8.403378686663482
153,heartRateBpm,161.76415063541657
154,motionIntensityG,0.9442824005229076
154,cadenceSpm,171.0280266368159
154,activeEnergyKcal,8.46969411448375
154,heartRateBpm,163.20686368151382
155,motionIntensityG,0.9223366048331442
155,cadenceSpm,176.3431618441173
155,activeEnergyKcal,8.536007570506694
155,heartRateBpm,163.84038539086225
156,motionIntensityG,0.9087372607797837
156,cadenceSpm,174.66078089388523
156,activeEnergyKcal,8.602319054732316
156,heartRateBpm,165.09371985293313
157,motionIntensityG,0.863509631476766
157,cadenceSpm,168.26445010891874
157,activeEnergyKcal,8.668628567160614
157,heartRateBpm,165.58248866654048
158,motionIntensityG,0.9135387646331423
158,cadenceSpm,162.21588890801485
158,activeEnergyKcal,8.734936107791588
158,heartRateBpm,166.33342990160682
159,motionIntensityG,0.926850092316766
159,cadenceSpm,174.83680118246878
159,activeEnergyKcal,8.80124167662524
159,heartRateBpm,168.64713714653521
160,motionIntensityG,0.8588316428137005
160,cadenceSpm,167.01035757331857
160,activeEnergyKcal,8.86754527366157
160,heartRateBpm,168.808731247457
161,motionIntensityG,0.890398494913076
161,cadenceSpm,162.25891520162529
161,activeEnergyKcal,8.933846898900576
161,heartRateBpm,169.72364609052858
162,motionIntensityG,0.9394834269104504
162,cadenceSpm,176.38376002555106
162,activeEnergyKcal,9.000146552342258
162,heartRateBpm,170.132949217257
163,motionIntensityG,0.8681754567177643
163,cadenceSpm,168.24353052817028
163,activeEnergyKcal,9.066444233986617
163,heartRateBpm,169.89936425084844
164,motionIntensityG,0.9059091723356346
164,cadenceSpm,177.8071943171364
164,activeEnergyKcal,9.132739943833654
164,heartRateBpm,169.09012023158823
165,motionIntensityG,0.8565513037048923
165,cadenceSpm,168.40815424275957
165,activeEnergyKcal,9.199033681883368
165,heartRateBpm,168.5199788774761
166,motionIntensityG,0.890936461596735
166,cadenceSpm,163.7154242478805
166,activeEnergyKcal,9.265325448135757
166,heartRateBpm,169.16587702798324
167,motionIntensityG,0.9720628964044167
167,cadenceSpm,170.0546497700201
167,activeEnergyKcal,9.331615242590823
167,heartRateBpm,166.63491764341194
168,motionIntensityG,0.8875168647722859
168,cadenceSpm,169.7664336188193
168,activeEnergyKcal,9.397903065248567
168,heartRateBpm,168.30070745069997
169,motionIntensityG,0.8939118600069403
169,cadenceSpm,166.26465837416447
169,activeEnergyKcal,9.464188916108988
169,heartRateBpm,168.71652197707533
170,motionIntensityG,0.9175836310208464
170,cadenceSpm,162.32207578986453
170,activeEnergyKcal,9.530472795172086
170,heartRateBpm,167.96936342399715
171,motionIntensityG,0.8788451148111738
171,cadenceSpm,169.1928045887957
171,activeEnergyKcal,9.59675470243786
171,heartRateBpm,165.8378716857966
172,motionIntensityG,0.9025546628159546
172,cadenceSpm,173.9678164538459
172,activeEnergyKcal,9.66303463790631
172,heartRateBpm,166.97745437944434
173,motionIntensityG,0.9154013485469321
173,cadenceSpm,164.56463433218363
173,activeEnergyKcal,9.729312601577439
173,heartRateBpm,168.1741172319152
174,motionIntensityG,0.8988662585091192
174,cadenceSpm,169.34067061228131
174,activeEnergyKcal,9.795588593451244
174,heartRateBpm,167.65270778276326
175,motionIntensityG,0.919117316805936
175,cadenceSpm,170.5933969843456
175,activeEnergyKcal,9.861862613527727
175,heartRateBpm,168.8643562799213
176,motionIntensityG,0.8877438774190738
176,cadenceSpm,167.5358460688849
176,activeEnergyKcal,9.928134661806885
176,heartRateBpm,170.69553732208942
177,motionIntensityG,0.9518994680931567
177,cadenceSpm,168.5899839548692
177,activeEnergyKcal,9.99440473828872
177,heartRateBpm,171.7295060843279
178,motionIntensityG,0.952237849187699
178,cadenceSpm,158.4808309157149
178,activeEnergyKcal,10.060672842973233
178,heartRateBpm,168.38952317680267
179,motionIntensityG,0.9403759826104937
179,cadenceSpm,167.91449516587605
179,activeEnergyKcal,10.126938975860423
179,heartRateBpm,169.62417819209398
180,motionIntensityG,0.9097649338385692
180,cadenceSpm,167.72291363357385
180,activeEnergyKcal,10.193203136950288
180,heartRateBpm,169.25896639427975
181,motionIntensityG,0.9205709568712077
181,cadenceSpm,164.64436672587053
181,activeEnergyKcal,10.25946532624283
181,heartRateBpm,171.2673636826281
182,motionIntensityG,0.9377574575951458
182,cadenceSpm,180.32267226853682
182,activeEnergyKcal,10.32572554373805
182,heartRateBpm,171.13247048146275
183,motionIntensityG,0.8960921176225863
183,cadenceSpm,163.35469963829644
183,activeEnergyKcal,10.391983789435947
183,heartRateBpm,172.1058422973961
184,motionIntensityG,0.8761773865941103
184,cadenceSpm,174.5865374928742
184,activeEnergyKcal,10.458240063336522
184,heartRateBpm,172.08080246215363
185,motionIntensityG,0.9622635925759575
185,cadenceSpm,173.36652505588003
185,activeEnergyKcal,10.524494365439772
185,heartRateBpm,172.07320330692627
186,motionIntensityG,0.868036377528292
186,cadenceSpm,171.48432845097136
186,activeEnergyKcal,10.590746695745699
186,heartRateBpm,172.0263829749697
187,motionIntensityG,0.9487100674807195
187,cadenceSpm,178.84859435578304
187,activeEnergyKcal,10.656997054254303
187,heartRateBpm,170.0426549263249
188,motionIntensityG,0.8780388181049191
188,cadenceSpm,171.77371448593559
188,activeEnergyKcal,10.723245440965584
188,heartRateBpm,171.4988510864936
189,motionIntensityG,0.9034905819330552
189,cadenceSpm,167.7199318211438
189,activeEnergyKcal,10.789491855879543
189,heartRateBpm,172.12622898765747
190,motionIntensityG,0.9361311582370905
190,cadenceSpm,174.99219945398602
190,activeEnergyKcal,10.855736298996177
190,heartRateBpm,172.51144164121953
191,motionIntensityG,0.879091290529434
191,cadenceSpm,161.96597832103527
191,activeEnergyKcal,10.921978770315489
191,heartRateBpm,174.49925064479504
192,motionIntensityG,0.9553674628940986
192,cadenceSpm,172.02254415062026
192,activeEnergyKcal,10.988219269837478
192,heartRateBpm,174.60726717946795
193,motionIntensityG,0.9101014662558895
193,cadenceSpm,165.3939448991768
193,activeEnergyKcal,11.054457797562144
193,heartRateBpm,176.0495491073367
194,motionIntensityG,0.8933894983797154
194,cadenceSpm,174.22267798025885
194,activeEnergyKcal,11.120694353489485
194,heartRateBpm,176.7867226938776
195,motionIntensityG,0.932372745140021
195,cadenceSpm,171.06804793525208
195,activeEnergyKcal,11.186928937619504
195,heartRateBpm,176.0333247201845
196,motionIntensityG,0.9019682684140584
196,cadenceSpm,172.9635317209127
196,activeEnergyKcal,11.2531615499522
196,heartRateBpm,177.2982188439771
197,motionIntensityG,0.9144037498916142
197,cadenceSpm,167.0200003363802
197,activeEnergyKcal,11.319392190487573
197,heartRateBpm,175.06307846275723
198,motionIntensityG,0.898071344248143
198,cadenceSpm,178.88733425432036
198,activeEnergyKcal,11.385620859225623
198,heartRateBpm,173.71466994837056
199,motionIntensityG,0.9622489812508808
199,cadenceSpm,162.67184755617498
199,activeEnergyKcal,11.45184755616635
199,heartRateBpm,171.46213442862773
200,motionIntensityG,0.8894681472345977
200,cadenceSpm,174.58188054787897
200,activeEnergyKcal,11.518072281309752
200,heartRateBpm,172.64090594389512
201,motionIntensityG,0.913086031866572
201,cadenceSpm,168.17177386572516
201,activeEnergyKcal,11.584295034655833
201,heartRateBpm,174.15771011511808
202,motionIntensityG,0.9630646706905743
202,cadenceSpm,170.4404480513544
202,activeEnergyKcal,11.65051581620459
202,heartRateBpm,172.5896047903662
203,motionIntensityG,0.9619784221799723
203,cadenceSpm,171.72318344515602
203,activeEnergyKcal,11.716734625956025
203,heartRateBpm,173.96569955007783
204,motionIntensityG,0.9227358276896412
204,cadenceSpm,176.52801759623037
204,activeEnergyKcal,11.782951463910136
204,heartRateBpm,174.4175853771866
205,motionIntensityG,0.9291282713989789
205,cadenceSpm,176.68734475256005
205,activeEnergyKcal,11.849166330066923
205,heartRateBpm,172.76500602148204
206,motionIntensityG,0.9527300982419521
206,cadenceSpm,166.94649637530458
206,activeEnergyKcal,11.915379224426388
206,heartRateBpm,172.05051008929064
207,motionIntensityG,0.9266211870780189
207,cadenceSpm,172.67967791849387
207,activeEnergyKcal,11.98159014698853
207,heartRateBpm,174.08032824679836
208,motionIntensityG,0.8934589299382809
208,cadenceSpm,170.4850622003657
208,activeEnergyKcal,12.047799097753348
208,heartRateBpm,176.43913426343855
209,motionIntensityG,0.8960722676529471
209,cadenceSpm,164.76494543828088
209,activeEnergyKcal,12.114006076720843
209,heartRateBpm,177.81727439824917
210,motionIntensityG,0.9038433528955909
210,cadenceSpm,172.63014619531407
210,activeEnergyKcal,12.180211083891015
210,heartRateBpm,178.99215770541167
211,motionIntensityG,0.9575041763610996
211,cadenceSpm,169.372206846936
211,activeEnergyKcal,12.246414119263864
211,heartRateBpm,177.17445054642
212,motionIntensityG,0.9658411863398734
212,cadenceSpm,171.59004814549033
212,activeEnergyKcal,12.31261518283939
212,heartRateBpm,175.9982159260973
213,motionIntensityG,0.9922449048159756
213,cadenceSpm,169.47090166003682
213,activeEnergyKcal,12.378814274617593
213,heartRateBpm,176.16051982809614
214,motionIntensityG,0.8814297197233429
214,cadenceSpm,165.26497714153882
214,activeEnergyKcal,12.445011394598472
214,heartRateBpm,178.74941444178063
215,motionIntensityG,0.9680013306509948
215,cadenceSpm,166.5451680401045
215,activeEnergyKcal,12.511206542782029
215,heartRateBpm,180.6534062662495
216,motionIntensityG,0.9164040582615618
216,cadenceSpm,171.52706453876667
216,activeEnergyKcal,12.577399719168262
216,heartRateBpm,181.423951552526
217,motionIntensityG,0.8964519261122081
217,cadenceSpm,167.30705695473065
217,activeEnergyKcal,12.643590923757172
217,heartRateBpm,181.44725740089126
218,motionIntensityG,0.9033702999083217
218,cadenceSpm,163.96438828951864
218,activeEnergyKcal,12.709780156548758
218,heartRateBpm,182.7215127342642
219,motionIntensityG,0.8830922936707559
219,cadenceSpm,175.81397802579679
219,activeEnergyKcal,12.775967417543022
219,heartRateBpm,183.3117164154548
220,motionIntensityG,0.9268210165806307
220,cadenceSpm,162.2627620207917
220,activeEnergyKcal,12.842152706739963
220,heartRateBpm,180.66108382067634
221,motionIntensityG,0.9273406462270004
221,cadenceSpm,168.62475872824382
221,activeEnergyKcal,12.908336024139581
221,heartRateBpm,183.06875517017093
222,motionIntensityG,0.9084763017492955
222,cadenceSpm,165.56480791643207
222,activeEnergyKcal,12.974517369741875
222,heartRateBpm,181.09853352120396
223,motionIntensityG,0.9380651442334842
223,cadenceSpm,177.2395014105404
223,activeEnergyKcal,13.040696743546846
223,heartRateBpm,179.88823894290954
224,motionIntensityG,0.8424132724787903
224,cadenceSpm,164.36014361977453
224,activeEnergyKcal,13.106874145554494
224,heartRateBpm,180.0184192587152
225,motionIntensityG,0.9359496944155522
225,cadenceSpm,170.28419574399868
225,activeEnergyKcal,13.17304957576482
225,heartRateBpm,180.73362046046336
226,motionIntensityG,0.9496541238266759
226,cadenceSpm,171.52477040009734
226,activeEnergyKcal,13.239223034177822
226,heartRateBpm,180.4683111352775
227,motionIntensityG,0.9244174949828654
227,cadenceSpm,166.36038091329834
227,activeEnergyKcal,13.3053945207935
227,heartRateBpm,179.5565254375795
228,motionIntensityG,0.8967296031739638
228,cadenceSpm,172.9655601969788
228,activeEnergyKcal,13.371564035611856
228,heartRateBpm,179.56800496582844
229,motionIntensityG,0.896657820092983
229,cadenceSpm,172.82807408480727
229,activeEnergyKcal,13.437731578632889
229,heartRateBpm,180.45276219649776
230,motionIntensityG,0.32455894834626925
230,cadenceSpm,92.91453208552677
230,activeEnergyKcal,13.466262203632889
230,heartRateBpm,176.94305766276997
231,motionIntensityG,0.3446390610292823
231,cadenceSpm,88.82917381803672
231,activeEnergyKcal,13.494793577915871
231,heartRateBpm,175.33206530001723
232,motionIntensityG,0.3152402850028237
232,cadenceSpm,94.46845224376465
232,activeEnergyKcal,13.523325701481836
232,heartRateBpm,174.402946572579
233,motionIntensityG,0.34382699370364644
233,cadenceSpm,86.43877351759924
233,activeEnergyKcal,13.551858574330785
233,heartRateBpm,171.81954853571762
234,motionIntensityG,0.31032856327179165
234,cadenceSpm,96.11033608773323
234,activeEnergyKcal,13.580392196462716
234,heartRateBpm,169.37877625700557
235,motionIntensityG,0.315321378575546
235,cadenceSpm,97.46355271594729
235,activeEnergyKcal,13.60892656787763
235,heartRateBpm,168.60520112141702
236,motionIntensityG,0.25417704302799626
236,cadenceSpm,97.01721107604631
236,activeEnergyKcal,13.637461688575526
236,heartRateBpm,165.69180197371708
237,motionIntensityG,0.3149501889807937
237,cadenceSpm,89.54495548344694
237,activeEnergyKcal,13.665997558556406
237,heartRateBpm,164.1336160909175
238,motionIntensityG,0.31227324458976985
238,cadenceSpm,88.49100221126108
238,activeEnergyKcal,13.694534177820268
238,heartRateBpm,161.98291389921744
239,motionIntensityG,0.3017574050934012
239,cadenceSpm,80.58893376550492
239,activeEnergyKcal,13.723071546367112
239,heartRateBpm,160.91766679342675
240,motionIntensityG,0.9002594335931084
240,cadenceSpm,164.71856802173778
240,activeEnergyKcal,13.789274581739962
240,heartRateBpm,160.85100475215353
241,motionIntensityG,0.8624754163558565
241,cadenceSpm,172.3556499852944
241,activeEnergyKcal,13.855475645315488
241,heartRateBpm,161.13289916310163
242,motionIntensityG,0.9376708487332592
242,cadenceSpm,165.75641614747818
242,activeEnergyKcal,13.92167473709369
242,heartRateBpm,161.16346370952522
243,motionIntensityG,0.9294501628912846
243,cadenceSpm,168.35247440175465
243,activeEnergyKcal,13.98787185707457
243,heartRateBpm,162.06799095275306
244,motionIntensityG,0.9629167387648663
244,cadenceSpm,171.2998498099967
244,activeEnergyKcal,14.054067005258126
244,heartRateBpm,163.62441828737593
245,motionIntensityG,0.9844662441077349
245,cadenceSpm,168.64558178028634
245,activeEnergyKcal,14.12026018164436
245,heartRateBpm,164.21223736624773
246,motionIntensityG,0.9262769134310764
246,cadenceSpm,170.41658011033417
246,activeEnergyKcal,14.18645138623327
246,heartRateBpm,165.1645800500177
247,motionIntensityG,0.8996541752538115
247,cadenceSpm,168.2698327346804
247,activeEnergyKcal,14.252640619024856
247,heartRateBpm,166.27876634606662
248,motionIntensityG,0.9018333726792568
248,cadenceSpm,164.5219018675443
248,activeEnergyKcal,14.31882788001912
248,heartRateBpm,167.37229933360558
249,motionIntensityG,0.9281395929517191
249,cadenceSpm,164.6658393583619
249,activeEnergyKcal,14.38501316921606
249,heartRateBpm,166.56923844734234
250,motionIntensityG,0.8997613404249739
250,cadenceSpm,167.17144324265666
250,activeEnergyKcal,14.451196486615679
250,heartRateBpm,167.10295512508313
251,motionIntensityG,0.9690143149148256
251,cadenceSpm,169.5711184924181
251,activeEnergyKcal,14.517377832217973
251,heartRateBpm,168.26215410704796
252,motionIntensityG,0.8928576979777059
252,cadenceSpm,167.70280027381392
252,activeEnergyKcal,14.583557206022943
252,heartRateBpm,166.36383190808345
253,motionIntensityG,0.9667171067539538
253,cadenceSpm,160.53180169704527
253,activeEnergyKcal,14.649734608030592
253,heartRateBpm,165.86526521499857
254,motionIntensityG,0.8662568090889173
254,cadenceSpm,162.80889673825104
254,activeEnergyKcal,14.715910038240917
254,heartRateBpm,168.64629591250613
255,motionIntensityG,0.8968905449265329
255,cadenceSpm,167.99951364634924
255,activeEnergyKcal,14.78208349665392
255,heartRateBpm,170.50438639202696
256,motionIntensityG,0.9129991673777499
256,cadenceSpm,175.76774119202253
256,activeEnergyKcal,14.848254983269598
256,heartRateBpm,168.990781451216
257,motionIntensityG,0.9145823107414467
257,cadenceSpm,164.45719131069092
257,activeEnergyKcal,14.914424498087953
257,heartRateBpm,168.71155953116164
258,motionIntensityG,0.9337056955103868
258,cadenceSpm,168.84396369899528
258,activeEnergyKcal,14.980592041108986
258,heartRateBpm,170.60705622843454
259,motionIntensityG,0.9297929176016015
259,cadenceSpm,165.79283487893557
259,activeEnergyKcal,15.046757612332696
259,heartRateBpm,172.6607414679084
260,motionIntensityG,0.8888705075599079
260,cadenceSpm,172.73933867910927
260,activeEnergyKcal,15.112921211759081
260,heartRateBpm,174.0689868599758
261,motionIntensityG,0.9071859096998647
261,cadenceSpm,169.60653700880349
261,activeEnergyKcal,15.179082839388144
261,heartRateBpm,174.61429989460083
262,motionIntensityG,0.8878300323355854
262,cadenceSpm,170.37608423594276
262,activeEnergyKcal,15.245242495219884
262,heartRateBpm,177.36533667067903
263,motionIntensityG,0.9238553309991177
263,cadenceSpm,163.2074316645493
263,activeEnergyKcal,15.311400179254301
263,heartRateBpm,176.8136451016635
264,motionIntensityG,0.9426664994132843
264,cadenceSpm,164.0951365999186
264,activeEnergyKcal,15.377555891491395
264,heartRateBpm,177.70360463195107
265,motionIntensityG,0.9657193768008707
265,cadenceSpm,169.42200457557135
265,activeEnergyKcal,15.443709631931165
265,heartRateBpm,176.35084410380645
266,motionIntensityG,0.8623928059582395
266,cadenceSpm,170.3116759318596
266,activeEnergyKcal,15.509861400573612
266,heartRateBpm,176.12186146700165
267,motionIntensityG,0.8619162641085876
267,cadenceSpm,168.96915331003208
267,activeEnergyKcal,15.576011197418737
267,heartRateBpm,176.4420735857829
268,motionIntensityG,0.8586178860494967
268,cadenceSpm,176.2737151154312
268,activeEnergyKcal,15.642159022466538
268,heartRateBpm,176.4597039665579
269,motionIntensityG,0.8827056155998352
269,cadenceSpm,162.65281518683196
269,activeEnergyKcal,15.708304875717017
269,heartRateBpm,177.38710043410578
270,motionIntensityG,0.9221762650587848
270,cadenceSpm,169.3608669972906
270,activeEnergyKcal,15.774448757170171
270,heartRateBpm,177.72594269723314
271,motionIntensityG,0.9053279750316008
271,cadenceSpm,174.34938539251627
271,activeEnergyKcal,15.840590666826003
271,heartRateBpm,177.0447674431669
272,motionIntensityG,0.9337183215328406
272,cadenceSpm,178.91930650364898
272,activeEnergyKcal,15.906730604684512
272,heartRateBpm,176.83636946559716
273,motionIntensityG,0.8994523654295211
273,cadenceSpm,169.81240306204776
273,activeEnergyKcal,15.972868570745698
273,heartRateBpm,178.5416551854753
274,motionIntensityG,0.8907393534019697
274,cadenceSpm,159.53440867335655
274,activeEnergyKcal,16.03900456500956
274,heartRateBpm,175.26678184636722
275,motionIntensityG,0.8909430159137448
275,cadenceSpm,172.66482206111004
275,activeEnergyKcal,16.105138587476098
275,heartRateBpm,175.21741397393623
276,motionIntensityG,0.9310150416425163
276,cadenceSpm,167.97220066534626
276,activeEnergyKcal,16.171270638145316
276,heartRateBpm,176.10671421576413
277,motionIntensityG,0.9435781473878383
277,cadenceSpm,167.04750651527513
277,activeEnergyKcal,16.23740071701721
277,heartRateBpm,176.34249354307786
278,motionIntensityG,0.924271802448246
278,cadenceSpm,166.21040929639912
278,activeEnergyKcal,16.303528824091778
278,heartRateBpm,175.53854666500433
279,motionIntensityG,0.9244940882037601
279,cadenceSpm,170.79963261947466
279,activeEnergyKcal,16.369654959369026
279,heartRateBpm,174.44371232252402
280,motionIntensityG,0.9595503927956551
280,cadenceSpm,175.2096031914383
280,activeEnergyKcal,16.43577912284895
280,heartRateBpm,174.74109032510225
281,motionIntensityG,0.938626712131601
281,cadenceSpm,166.30175815923715
281,activeEnergyKcal,16.501901314531548
281,heartRateBpm,173.30361941048213
282,motionIntensityG,0.9333433745622416
282,cadenceSpm,165.81267973177913
282,activeEnergyKcal,16.568021534416825
282,heartRateBpm,172.69849963794036
283,motionIntensityG,0.9019095941289551
283,cadenceSpm,173.72195844632557
283,activeEnergyKcal,16.63413978250478
283,heartRateBpm,171.65913460759836
284,motionIntensityG,0.9232001377718809
284,cadenceSpm,168.15400066531416
284,activeEnergyKcal,16.70025605879541
284,heartRateBpm,171.15733366532268
285,motionIntensityG,0.9324466992324695
285,cadenceSpm,170.79340431119257
285,activeEnergyKcal,16.76637036328872
285,heartRateBpm,170.26566626139345
286,motionIntensityG,0.8597193305107758
286,cadenceSpm,166.87889713815906
286,activeEnergyKcal,16.8324826959847
286,heartRateBpm,171.03039879238017
287,motionIntensityG,0.9591721590243192
287,cadenceSpm,168.93361679860521
287,activeEnergyKcal,16.898593056883364
287,heartRateBpm,170.68581468366662
288,motionIntensityG,0.8677330695145257
288,cadenceSpm,175.86478758675315
288,activeEnergyKcal,16.9647014459847
288,heartRateBpm,172.769372134248
289,motionIntensityG,0.969869965322213
289,cadenceSpm,173.24089489144754
289,activeEnergyKcal,17.030807863288718
289,heartRateBpm,173.75402668131375
290,motionIntensityG,0.9378179268315396
290,cadenceSpm,178.90389737372396
290,activeEnergyKcal,17.09691230879541
290,heartRateBpm,174.8021340111546
291,motionIntensityG,0.9447363933200068
291,cadenceSpm,168.79547013127373
291,activeEnergyKcal,17.163014782504778
291,heartRateBpm,173.74559121702802
292,motionIntensityG,0.9146833492551131
292,cadenceSpm,162.22148685978465
292,activeEnergyKcal,17.229115284416824
292,heartRateBpm,170.87220492592678
293,motionIntensityG,0.8652715768681705
293,cadenceSpm,179.2544538601974
293,activeEnergyKcal,17.295213814531547
293,heartRateBpm,171.49760632291625
294,motionIntensityG,0.9377108920643821
294,cadenceSpm,170.83073033418393
294,activeEnergyKcal,17.361310372848948
294,heartRateBpm,170.40952915195277
295,motionIntensityG,0.8723807165194363
295,cadenceSpm,162.11608400845
295,activeEnergyKcal,17.427404959369024
295,heartRateBpm,169.9343607827744
296,motionIntensityG,0.9367717247587859
296,cadenceSpm,173.26571645013775
296,activeEnergyKcal,17.493497574091776
296,heartRateBpm,169.2752873703092
297,motionIntensityG,0.8951320993065924
297,cadenceSpm,169.90494723115467
297,activeEnergyKcal,17.559588217017208
297,heartRateBpm,169.50285430364548
298,motionIntensityG,0.8980026169901537
298,cadenceSpm,164.6188030331363
298,activeEnergyKcal,17.625676888145314
298,heartRateBpm,169.98294778173835
299,motionIntensityG,0.9167789094611125
299,cadenceSpm,170.59110675109392
299,activeEnergyKcal,17.6917635874761
299,heartRateBpm,170.07704659003863
300,motionIntensityG,0.9551383922392831
300,cadenceSpm,174.84193221098232
300,activeEnergyKcal,17.75784831500956
300,heartRateBpm,168.88019825580847
301,motionIntensityG,0.8401551996503996
301,cadenceSpm,171.28414004636002
301,activeEnergyKcal,17.823931070745697
301,heartRateBpm,169.2757182508009
302,motionIntensityG,0.873450411585812
302,cadenceSpm,166.81350315331662
302,activeEnergyKcal,17.890011854684513
302,heartRateBpm,169.3123978934518
303,motionIntensityG,0.8961578963671697
303,cadenceSpm,163.3644003528165
303,activeEnergyKcal,17.956090666826004
303,heartRateBpm,169.83133229700346
304,motionIntensityG,0.8930026637901491
304,cadenceSpm,165.04391214675132
304,activeEnergyKcal,18.02216750717017
304,heartRateBpm,170.94276413919013
305,motionIntensityG,0.9518215273266495
305,cadenceSpm,173.99976581625523
305,activeEnergyKcal,18.088242375717016
305,heartRateBpm,171.32002114528908
306,motionIntensityG,0.8891037750909697
306,cadenceSpm,173.3623630909241
306,activeEnergyKcal,18.154315272466537
306,heartRateBpm,170.6652361081424
307,motionIntensityG,0.91470132903969
307,cadenceSpm,171.39873863354165
307,activeEnergyKcal,18.220386197418737
307,heartRateBpm,170.51984045538407
308,motionIntensityG,0.9374263527193424
308,cadenceSpm,161.69176858075232
308,activeEnergyKcal,18.286455150573612
308,heartRateBpm,171.17626122312092
309,motionIntensityG,0.8838356801755254
309,cadenceSpm,164.5281961436715
309,activeEnergyKcal,18.352522131931163
309,heartRateBpm,170.75778752969933
310,motionIntensityG,0.8998064752535264
310,cadenceSpm,168.27316413649018
310,activeEnergyKcal,18.418587141491393
310,heartRateBpm,172.0677188397818
311,motionIntensityG,0.932957874810721
311,cadenceSpm,167.59957715913367
311,activeEnergyKcal,18.4846501792543
311,heartRateBpm,172.98950666447925
312,motionIntensityG,0.9321673329148203
312,cadenceSpm,158.61176573021152
312,activeEnergyKcal,18.550711245219883
312,heartRateBpm,171.2766185401002
313,motionIntensityG,0.895579333642181
313,cadenceSpm,178.91098321167183
313,activeEnergyKcal,18.616770339388143
313,heartRateBpm,172.16640199231486
314,motionIntensityG,0.8953566253848138
314,cadenceSpm,167.36399379061078
314,activeEnergyKcal,18.68282746175908
314,heartRateBpm,173.4243851272045
315,motionIntensityG,0.8988448613359915
315,cadenceSpm,168.06448763479432
315,activeEnergyKcal,18.748882612332693
315,heartRateBpm,174.20812118846843
316,motionIntensityG,0.9729731996033344
316,cadenceSpm,173.0271869717746
316,activeEnergyKcal,18.814935791108983
316,heartRateBpm,173.91627718939685
317,motionIntensityG,0.9057261653187282
317,cadenceSpm,166.55187121381442
317,activeEnergyKcal,18.880986998087952
317,heartRateBpm,171.72059487842668
318,motionIntensityG,0.9159264113165172
318,cadenceSpm,167.87368020605075
318,activeEnergyKcal,18.947036233269596
318,heartRateBpm,172.5992849412528
319,motionIntensityG,0.930173217359999
319,cadenceSpm,170.40398081264073
319,activeEnergyKcal,19.013083496653916
319,heartRateBpm,171.92957591955465
320,motionIntensityG,0.8787946641862114
320,cadenceSpm,170.46844185132724
320,activeEnergyKcal,19.079128788240915
320,heartRateBpm,173.04068434473697
321,motionIntensityG,0.9018299366477184
321,cadenceSpm,176.00248615118588
321,activeEnergyKcal,19.14517210803059
321,heartRateBpm,174.45140052794804
322,motionIntensityG,0.9780764207550169
322,cadenceSpm,167.01335825180746
322,activeEnergyKcal,19.211213456022943
322,heartRateBpm,173.91535450903254
323,motionIntensityG,0.8740240756788537
323,cadenceSpm,159.62595184463797
323,activeEnergyKcal,19.27725283221797
323,heartRateBpm,172.613939379361
324,motionIntensityG,0.9270054643909867
324,cadenceSpm,169.0026695176995
324,activeEnergyKcal,19.343290236615676
324,heartRateBpm,174.43216449045264
325,motionIntensityG,0.9543805141731984
325,cadenceSpm,172.7990762094234
325,activeEnergyKcal,19.40932566921606
325,heartRateBpm,172.91019614536216
326,motionIntensityG,0.8668076757831464
326,cadenceSpm,171.14089571257435
326,activeEnergyKcal,19.47535913001912
326,heartRateBpm,170.8803207500609
327,motionIntensityG,0.9273481078969866
327,cadenceSpm,167.54734341112564
327,activeEnergyKcal,19.541390619024856
327,heartRateBpm,171.99460462203024
328,motionIntensityG,0.9350675197360264
328,cadenceSpm,171.45287225508594
328,activeEnergyKcal,19.60742013623327
328,heartRateBpm,171.45996696792798
329,motionIntensityG,0.9380106766530634
329,cadenceSpm,168.99595111428823
329,activeEnergyKcal,19.673447681644358
329,heartRateBpm,170.65122405519182
330,motionIntensityG,0.8711430221785599
330,cadenceSpm,171.06568257234525
330,activeEnergyKcal,19.739473255258126
330,heartRateBpm,172.01344553063203
331,motionIntensityG,0.9028852653833883
331,cadenceSpm,171.9592570615136
331,activeEnergyKcal,19.80549685707457
331,heartRateBpm,172.4582063347499
332,motionIntensityG,0.8957536464211922
332,cadenceSpm,171.34333679532128
332,activeEnergyKcal,19.871518487093688
332,heartRateBpm,173.2470677607002
333,motionIntensityG,0.8935467682984116
333,cadenceSpm,164.82091222834183
333,activeEnergyKcal,19.937538145315486
333,heartRateBpm,171.7398522582117
334,motionIntensityG,0.9352572212546443
334,cadenceSpm,168.60139409452958
334,activeEnergyKcal,20.00355583173996
334,heartRateBpm,170.73922823426562
335,motionIntensityG,0.8982597957290526
335,cadenceSpm,170.8177112228696
335,activeEnergyKcal,20.06957154636711
335,heartRateBpm,170.46069313934345
336,motionIntensityG,0.968098674142687
336,cadenceSpm,165.47187602055698
336,activeEnergyKcal,20.13558528919694
336,heartRateBpm,168.77631765176727
337,motionIntensityG,0.8902919054016374
337,cadenceSpm,162.84320578440062
337,activeEnergyKcal,20.201597060229442
337,heartRateBpm,171.04131666581628
338,motionIntensityG,0.9234521737511382
338,cadenceSpm,167.6725020221171
338,activeEnergyKcal,20.267606859464625
338,heartRateBpm,170.66495776759527
339,motionIntensityG,0.8955492857798416
339,cadenceSpm,162.93612372241697
339,activeEnergyKcal,20.333614686902482
339,heartRateBpm,171.52103136098256
340,motionIntensityG,0.8915651887349372
340,cadenceSpm,168.67773252323826
340,activeEnergyKcal,20.39962054254302
340,heartRateBpm,173.619676198001
341,motionIntensityG,0.89179945236292
341,cadenceSpm,161.3985704249705
341,activeEnergyKcal,20.46562442638623
341,heartRateBpm,173.14721190009237
342,motionIntensityG,0.8944864309046315
342,cadenceSpm,163.25838456490936
342,activeEnergyKcal,20.53162633843212
342,heartRateBpm,173.83915225715236
343,motionIntensityG,0.9295961668024061
343,cadenceSpm,167.93746266848413
343,activeEnergyKcal,20.597626278680686
343,heartRateBpm,173.67651932824103
344,motionIntensityG,0.8925065518645856
344,cadenceSpm,167.7056145485475
344,activeEnergyKcal,20.663624247131928
344,heartRateBpm,175.2461717894356
345,motionIntensityG,0.9191012000858925
345,cadenceSpm,172.4735394558584
345,activeEnergyKcal,20.72962024378585
345,heartRateBpm,176.3479919311432
346,motionIntensityG,0.9415574462913961
346,cadenceSpm,163.810117773939
346,activeEnergyKcal,20.795614268642446
346,heartRateBpm,176.5247837935223
347,motionIntensityG,0.9213795313299777
347,cadenceSpm,166.62034323160012
347,activeEnergyKcal,20.861606321701718
347,heartRateBpm,179.47847453030928
348,motionIntensityG,0.8858752261312013
348,cadenceSpm,167.16338648346434
348,activeEnergyKcal,20.92759640296367
348,heartRateBpm,178.85607860456415
349,motionIntensityG,0.9056370365907586
349,cadenceSpm,168.28450688904456
349,activeEnergyKcal,20.993584512428296
349,heartRateBpm,179.74532522303056
350,motionIntensityG,0.8922343405516336
350,cadenceSpm,173.00836772520475
350,activeEnergyKcal,21.0595706500956
350,heartRateBpm,180.90923870823815
351,motionIntensityG,0.8756130145156654
351,cadenceSpm,167.11926689960268
351,activeEnergyKcal,21.125554815965582
351,heartRateBpm,179.3774287814269
352,motionIntensityG,0.924501932639944
352,cadenceSpm,164.83159653201082
352,activeEnergyKcal,21.19153701003824
352,heartRateBpm,180.03425470774718
353,motionIntensityG,0.9129156742513158
353,cadenceSpm,170.70934216793864
353,activeEnergyKcal,21.257517232313575
353,heartRateBpm,180.6817281511215
354,motionIntensityG,0.8900406152593756
354,cadenceSpm,171.46172392409767
354,activeEnergyKcal,21.323495482791586
354,heartRateBpm,179.74999662627565
355,motionIntensityG,0.9045386533241769
355,cadenceSpm,153.1595832545002
355,activeEnergyKcal,21.389471761472272
355,heartRateBpm,177.83310539024913
356,motionIntensityG,0.9135427675740688
356,cadenceSpm,163.29748674926168
356,activeEnergyKcal,21.455446068355638
356,heartRateBpm,177.88790700258147
357,motionIntensityG,0.9226216075545072
357,cadenceSpm,170.42259810704462
357,activeEnergyKcal,21.52141840344168
357,heartRateBpm,178.0715537928591
358,motionIntensityG,0.921685451570188
358,cadenceSpm,169.59066918994014
358,activeEnergyKcal,21.5873887667304
358,heartRateBpm,178.82900311001595
359,motionIntensityG,0.9408648574784435
359,cadenceSpm,169.04219968256479
359,activeEnergyKcal,21.653357158221795
359,heartRateBpm,178.8350069637835
360,motionIntensityG,0.8753229356088007
360,cadenceSpm,166.91244504585225
360,activeEnergyKcal,21.719323577915866
360,heartRateBpm,179.26248905839432
361,motionIntensityG,0.9197693206751414
361,cadenceSpm,162.14089993300902
361,activeEnergyKcal,21.785288025812616
361,heartRateBpm,180.0695666324094
362,motionIntensityG,0.8832615521015906
362,cadenceSpm,168.87023014631515
362,activeEnergyKcal,21.85125050191204
362,heartRateBpm,180.48106703067066
363,motionIntensityG,0.9075378938211578
363,cadenceSpm,165.97861606363466
363,activeEnergyKcal,21.917211006214146
363,heartRateBpm,180.66441858047892
364,motionIntensityG,0.9702836214434924
364,cadenceSpm,162.60997089853268
364,activeEnergyKcal,21.983169538718926
364,heartRateBpm,182.42172297926234
365,motionIntensityG,0.9324437139578299
365,cadenceSpm,165.46918220415895
365,activeEnergyKcal,22.04912609942638
365,heartRateBpm,182.48581767726705
366,motionIntensityG,0.9321992079614917
366,cadenceSpm,171.69225837046682
366,activeEnergyKcal,22.115080688336516
366,heartRateBpm,181.8768974885315
367,motionIntensityG,0.9429189968295341
367,cadenceSpm,176.05894943792006
367,activeEnergyKcal,22.181033305449326
367,heartRateBpm,181.27922281784237
368,motionIntensityG,0.9833997615798304
368,cadenceSpm,167.17523699186225
368,activeEnergyKcal,22.246983950764815
368,heartRateBpm,179.0667386395944
369,motionIntensityG,0.891646803962388
369,cadenceSpm,169.26675333893772
369,activeEnergyKcal,22.31293262428298
369,heartRateBpm,182.69898715552182
370,motionIntensityG,0.9246133566737437
370,cadenceSpm,167.57756266249817
370,activeEnergyKcal,22.37887932600382
370,heartRateBpm,182.943923704851
371,motionIntensityG,0.8826399179595175
371,cadenceSpm,171.49163155745748
371,activeEnergyKcal,22.444824055927338
371,heartRateBpm,181.86456855582307
372,motionIntensityG,0.904926332754199
372,cadenceSpm,168.90895896000418
372,activeEnergyKcal,22.510766814053532
372,heartRateBpm,183.26593908701423
373,motionIntensityG,0.8632956200012732
373,cadenceSpm,164.22435969969237
373,activeEnergyKcal,22.576707600382406
373,heartRateBpm,185.5241362167357
374,motionIntensityG,0.8845929326788448
374,cadenceSpm,172.37259896526982
374,activeEnergyKcal,22.642646414913955
374,heartRateBpm,185.11983750156838
375,motionIntensityG,0.8945346749439635
375,cadenceSpm,171.7738893552366
375,activeEnergyKcal,22.70858325764818
375,heartRateBpm,185.12210946401723
376,motionIntensityG,0.8959550823475254
376,cadenceSpm,169.39677254397282
376,activeEnergyKcal,22.774518128585083
376,heartRateBpm,184.81937004058872
377,motionIntensityG,0.880213493550997
377,cadenceSpm,171.62598913519076
377,activeEnergyKcal,22.84045102772466
377,heartRateBpm,184.57488778862646
378,motionIntensityG,0.905199203983337
378,cadenceSpm,163.52620726449965
378,activeEnergyKcal,22.90638195506692
378,heartRateBpm,184.1726430929551
379,motionIntensityG,0.8741817768823478
379,cadenceSpm,174.87944848799822
379,activeEnergyKcal,22.972310910611853
379,heartRateBpm,181.55953027921595
380,motionIntensityG,0.919276587515543
380,cadenceSpm,168.3106673213211
380,activeEnergyKcal,23.03823789435946
380,heartRateBpm,181.73697207933336
381,motionIntensityG,0.9567796684687537
381,cadenceSpm,167.52668047281392
381,activeEnergyKcal,23.10416290630975
381,heartRateBpm,181.21432546240064
382,motionIntensityG,0.8764591042500378
382,cadenceSpm,171.0723439447297
382,activeEnergyKcal,23.170085946462713
382,heartRateBpm,181.85645142122485
383,motionIntensityG,0.8926595327697786
383,cadenceSpm,168.2902870419507
383,activeEnergyKcal,23.23600701481835
383,heartRateBpm,179.76111123203742
384,motionIntensityG,0.9315349116178139
384,cadenceSpm,167.7947975581435
384,activeEnergyKcal,23.30192611137667
384,heartRateBpm,180.49016948718403
385,motionIntensityG,0.8791054491521704
385,cadenceSpm,171.20369516045673
385,activeEnergyKcal,23.367843236137663
385,heartRateBpm,180.43762760500613
386,motionIntensityG,0.9130469136121455
386,cadenceSpm,171.4123555299666
386,activeEnergyKcal,23.433758389101335
386,heartRateBpm,180.0826768467768
387,motionIntensityG,0.93081016349371
387,cadenceSpm,162.22536602412472
387,activeEnergyKcal,23.499671570267683
387,heartRateBpm,178.19649505193448
388,motionIntensityG,0.9470978634397861
388,cadenceSpm,157.2827867376227
388,activeEnergyKcal,23.565582779636706
388,heartRateBpm,177.58415861185944
389,motionIntensityG,0.9217596635248418
389,cadenceSpm,172.21790495325322
389,activeEnergyKcal,23.63149201720841
389,heartRateBpm,176.96081300620733
390,motionIntensityG,0.8723075661528215
390,cadenceSpm,165.93300616293487
390,activeEnergyKcal,23.697399282982786
390,heartRateBpm,175.7262821327512
391,motionIntensityG,0.9116240336431828
391,cadenceSpm,167.84085975286013
391,activeEnergyKcal,23.763304576959843
391,heartRateBpm,174.7474512197264
392,motionIntensityG,0.9051890038114088
392,cadenceSpm,168.3987167014378
392,activeEnergyKcal,23.829207899139575
392,heartRateBpm,173.76384435589335
393,motionIntensityG,0.8782931653448068
393,cadenceSpm,167.53775179857305
393,activeEnergyKcal,23.895109249521983
393,heartRateBpm,173.07791255171549
394,motionIntensityG,0.9003105564457926
394,cadenceSpm,162.74806025664458
394,activeEnergyKcal,23.96100862810707
394,heartRateBpm,172.57709426386705
395,motionIntensityG,0.9354822932406378
395,cadenceSpm,177.06962187832704
395,activeEnergyKcal,24.026906034894832
395,heartRateBpm,173.34343982680159
396,motionIntensityG,0.9196386634541684
396,cadenceSpm,172.2301964074017
396,activeEnergyKcal,24.092801469885273
396,heartRateBpm,172.12281243576916
397,motionIntensityG,0.8977292765330005
397,cadenceSpm,161.29618748309505
397,activeEnergyKcal,24.15869493307839
397,heartRateBpm,173.26600970746674
398,motionIntensityG,0.9275087379821624
398,cadenceSpm,169.47635050286505
398,activeEnergyKcal,24.224586424474182
398,heartRateBpm,172.93652816650985
399,motionIntensityG,0.9256428151434135
399,cadenceSpm,163.48942424567053
399,activeEnergyKcal,24.290475944072654
399,heartRateBpm,171.6545171036661
400,motionIntensityG,0.9547783772251808
400,cadenceSpm,163.2741177457062
400,activeEnergyKcal,24.3563634918738
400,heartRateBpm,170.8172338911381
401,motionIntensityG,0.8934059343004053
401,cadenceSpm,169.35163039602307
401,activeEnergyKcal,24.422249067877626
401,heartRateBpm,169.53063292585512
402,motionIntensityG,0.8670939944789526
402,cadenceSpm,159.57761756430244
402,activeEnergyKcal,24.488132672084127
402,heartRateBpm,170.2749072171398
403,motionIntensityG,0.899859765218778
403,cadenceSpm,171.31347959378255
403,activeEnergyKcal,24.554014304493304
403,heartRateBpm,171.09670981157163
404,motionIntensityG,0.896685289023499
404,cadenceSpm,169.11073861955188
404,activeEnergyKcal,24.61989396510516
404,heartRateBpm,169.2324274978199
405,motionIntensityG,0.8586697285356938
405,cadenceSpm,167.36828210870166
405,activeEnergyKcal,24.68577165391969
405,heartRateBpm,168.75740114707511
406,motionIntensityG,0.8719876719808908
406,cadenceSpm,169.2523509552568
406,activeEnergyKcal,24.7516473709369
406,heartRateBpm,168.99628654780716
407,motionIntensityG,0.9025021370895461
407,cadenceSpm,167.07519405879856
407,activeEnergyKcal,24.817521116156787
407,heartRateBpm,166.62697736820135
408,motionIntensityG,0.930068241760638
408,cadenceSpm,164.87620910366527
408,activeEnergyKcal,24.883392889579348
408,heartRateBpm,167.1754501175538
409,motionIntensityG,0.8804804140786698
409,cadenceSpm,164.65448746419844
409,activeEnergyKcal,24.949262691204588
409,heartRateBpm,166.3424886218419
410,motionIntensityG,0.9372347633717256
410,cadenceSpm,167.34488398087277
410,activeEnergyKcal,25.015130521032503
410,heartRateBpm,167.09812429276568
411,motionIntensityG,0.8596896829822886
411,cadenceSpm,164.6832723737742
411,activeEnergyKcal,25.080996379063095
411,heartRateBpm,168.09221026440417
412,motionIntensityG,0.8874062626820799
412,cadenceSpm,171.08293092139277
412,activeEnergyKcal,25.146860265296365
412,heartRateBpm,167.85529140516203
413,motionIntensityG,0.8790092667065083
413,cadenceSpm,170.5045762973523
413,activeEnergyKcal,25.21272217973231
413,heartRateBpm,168.3746573171639
414,motionIntensityG,0.9120854752021834
414,cadenceSpm,161.97887218610367
414,activeEnergyKcal,25.278582122370935
414,heartRateBpm,169.5085799784821
415,motionIntensityG,0.8834353761196531
415,cadenceSpm,162.31760631227755
415,activeEnergyKcal,25.344440093212235
415,heartRateBpm,170.64360262053694
416,motionIntensityG,0.8964788430773034
416,cadenceSpm,170.56911131798208
416,activeEnergyKcal,25.41029609225621
416,heartRateBpm,169.58941558272272
417,motionIntensityG,0.9634500186383528
417,cadenceSpm,175.8425033769212
417,activeEnergyKcal,25.476150119502865
417,heartRateBpm,170.4164653176928
418,motionIntensityG,0.8858499040259873
418,cadenceSpm,173.62089203939613
418,activeEnergyKcal,25.542002174952195
418,heartRateBpm,170.59046589583653
419,motionIntensityG,0.9460846857422829
419,cadenceSpm,165.73607052340313
419,activeEnergyKcal,25.607852258604204
419,heartRateBpm,170.12787957346274
420,motionIntensityG,0.8814518143760689
420,cadenceSpm,174.96157711035434
420,activeEnergyKcal,25.67370037045889
420,heartRateBpm,171.3454051115313
421,motionIntensityG,0.5914758524910697
421,cadenceSpm,117.5774435529738
421,activeEnergyKcal,25.716185641730398
421,heartRateBpm,168.21599203517445
422,motionIntensityG,0.1645946640475726
422,cadenceSpm,76.4520507122447
422,activeEnergyKcal,25.73530610062141
422,heartRateBpm,166.46915981386317
423,motionIntensityG,0.1710094264682117
423,cadenceSpm,68.44580207228113
423,activeEnergyKcal,25.754426559512424
423,heartRateBpm,163.15885003888374
424,motionIntensityG,0.1698820812588711
424,cadenceSpm,70.67348292033864
424,activeEnergyKcal,25.773547018403438
424,heartRateBpm,160.47240458543143
425,motionIntensityG,0.15578575793718072
425,cadenceSpm,65.00924664649867
425,activeEnergyKcal,25.79266747729445
425,heartRateBpm,157.87698307230605
426,motionIntensityG,0.1783481481638543
426,cadenceSpm,80.29591325107656
426,activeEnergyKcal,25.811787936185464
426,heartRateBpm,154.83826359894454
427,motionIntensityG,0.13574755925855042
427,cadenceSpm,75.25932554589602
427,activeEnergyKcal,25.830908395076477
427,heartRateBpm,155.23951373479366
428,motionIntensityG,0.1857436618228208
428,cadenceSpm,67.42652452389031
428,activeEnergyKcal,25.85002885396749
428,heartRateBpm,154.0720324765677
429,motionIntensityG,0.15032819986854812
429,cadenceSpm,81.53068216417277
429,activeEnergyKcal,25.869149312858504
429,heartRateBpm,152.1090459908517
430,motionIntensityG,0.18325785297595476
430,cadenceSpm,72.3019626776863
430,activeEnergyKcal,25.888269771749517
430,heartRateBpm,150.60978396646564
431,motionIntensityG,0.10697795145929112
431,cadenceSpm,71.34982454901001
431,activeEnergyKcal,25.90739023064053
431,heartRateBpm,148.42132530372152
432,motionIntensityG,0.12902611249695303
432,cadenceSpm,68.33871406978494
432,activeEnergyKcal,25.926510689531543
432,heartRateBpm,145.4609575713674
433,motionIntensityG,0.14028622425307216
433,cadenceSpm,77.24076064115131
433,activeEnergyKcal,25.945631148422557
433,heartRateBpm,142.77186559326523
434,motionIntensityG,0.15929254800593823
434,cadenceSpm,80.42131552921195
434,activeEnergyKcal,25.96475160731357
434,heartRateBpm,140.80044508747739
435,motionIntensityG,0.1603602630201308
435,cadenceSpm,77.21837803101026
435,activeEnergyKcal,25.983872066204583
435,heartRateBpm,140.31560529298898
436,motionIntensityG,0.10660158042769675
436,cadenceSpm,75.66929581482383
436,activeEnergyKcal,26.002992525095596
436,heartRateBpm,140.71819728032074
437,motionIntensityG,0.14079788852510608
437,cadenceSpm,84.6472083692405
437,activeEnergyKcal,26.02211298398661
437,heartRateBpm,138.84450523992993
438,motionIntensityG,0.13687435347608126
438,cadenceSpm,72.76874940795489
438,activeEnergyKcal,26.041233442877623
438,heartRateBpm,139.3576575143304
439,motionIntensityG,0.19762557230935512
439,cadenceSpm,71.10921581574044
439,activeEnergyKcal,26.060353901768636
439,heartRateBpm,137.24720067674963
440,motionIntensityG,0.1010532534417399
440,cadenceSpm,63.9553820331257
440,activeEnergyKcal,26.07947436065965
440,heartRateBpm,134.08933421870782
441,motionIntensityG,0.14971895930931592
441,cadenceSpm,70.10968022142781
441,activeEnergyKcal,26.098594819550662
441,heartRateBpm,132.2022657634383
442,motionIntensityG,0.1691933614193914
442,cadenceSpm,61.10036892000623
442,activeEnergyKcal,26.117715278441676
442,heartRateBpm,132.25112578150137
443,motionIntensityG,0.17088978527627838
443,cadenceSpm,75.21718709243606
443,activeEnergyKcal,26.13683573733269
443,heartRateBpm,130.64305598230257
444,motionIntensityG,0.15289914249263292
444,cadenceSpm,76.86750448206718
444,activeEnergyKcal,26.155956196223702
444,heartRateBpm,128.12394676325087
445,motionIntensityG,0.17149276326453744
445,cadenceSpm,79.24063882818508
445,activeEnergyKcal,26.175076655114715
445,heartRateBpm,125.44223885864864
446,motionIntensityG,0.18349969533978883
446,cadenceSpm,68.82410415421376
446,activeEnergyKcal,26.19419711400573
446,heartRateBpm,125.49593533762138
447,motionIntensityG,0.18370496587915203
447,cadenceSpm,67.15458882504029
447,activeEnergyKcal,26.21331757289674
447,heartRateBpm,123.79854897237693
448,motionIntensityG,0.18232459896186426
448,cadenceSpm,67.74935764139234
448,activeEnergyKcal,26.232438031787755
448,heartRateBpm,121.3815257839169
449,motionIntensityG,0.962119824781029
449,cadenceSpm,171.87135865852161
449,activeEnergyKcal,26.298419239961753
449,heartRateBpm,121.76711928600221
450,motionIntensityG,0.87687281254137
450,cadenceSpm,163.00410684519875
450,activeEnergyKcal,26.364398476338426
450,heartRateBpm,125.03380914010201
451,motionIntensityG,0.9097984690647135
451,cadenceSpm,161.34869619546998
451,activeEnergyKcal,26.430375740917775
451,heartRateBpm,124.9102188304877
452,motionIntensityG,0.8665807094984904
452,cadenceSpm,155.03349209640146
452,activeEnergyKcal,26.496351033699803
452,heartRateBpm,125.46939809351805
453,motionIntensityG,0.8672071065912934
453,cadenceSpm,156.83287409103815
453,activeEnergyKcal,26.562324354684506
453,heartRateBpm,128.16060022408564
454,motionIntensityG,0.8606311070006555
454,cadenceSpm,178.75280879301664
454,activeEnergyKcal,26.628295703871885
454,heartRateBpm,128.5174354173912
455,motionIntensityG,0.9125544546426703
455,cadenceSpm,166.55562011016548
455,activeEnergyKcal,26.694265081261943
455,heartRateBpm,131.2839441099316
456,motionIntensityG,0.9079355180079558
456,cadenceSpm,166.82068491113392
456,activeEnergyKcal,26.760232486854676
456,heartRateBpm,134.5781585872978
457,motionIntensityG,0.8359395025153049
457,cadenceSpm,172.29325124122127
457,activeEnergyKcal,26.82619792065009
457,heartRateBpm,134.34919042394057
458,motionIntensityG,0.9231175410354012
458,cadenceSpm,168.26332917422866
458,activeEnergyKcal,26.892161382648176
458,heartRateBpm,133.48575466193014
459,motionIntensityG,0.9034093352971933
459,cadenceSpm,161.39644231065785
459,activeEnergyKcal,26.95812287284894
459,heartRateBpm,134.15153758594116
460,motionIntensityG,0.8626262432125527
460,cadenceSpm,171.13634494344964
460,activeEnergyKcal,27.02408239125238
460,heartRateBpm,137.24448446552066
461,motionIntensityG,0.8706048466952804
461,cadenceSpm,173.56829657102261
461,activeEnergyKcal,27.0900399378585
461,heartRateBpm,138.92827593694545
462,motionIntensityG,0.9298820553628041
462,cadenceSpm,171.3233148049345
462,activeEnergyKcal,27.155995512667296
462,heartRateBpm,139.2194217776932
463,motionIntensityG,0.9354450533878865
463,cadenceSpm,166.17764839752198
463,activeEnergyKcal,27.22194911567877
463,heartRateBpm,141.87250528915246
464,motionIntensityG,0.9022038157994673
464,cadenceSpm,166.88760326696777
464,activeEnergyKcal,27.287900746892916
464,heartRateBpm,143.6977069996731
465,motionIntensityG,0.8720308450579926
465,cadenceSpm,168.5121407617938
465,activeEnergyKcal,27.353850406309743
465,heartRateBpm,143.2915797377939
466,motionIntensityG,0.9555033802651376
466,cadenceSpm,164.84722508651396
466,activeEnergyKcal,27.419798093929245
466,heartRateBpm,145.34207435544124
467,motionIntensityG,0.8964448940684642
467,cadenceSpm,165.7607320031611
467,activeEnergyKcal,27.485743809751426
467,heartRateBpm,145.05593962262103
468,motionIntensityG,0.9304840246868048
468,cadenceSpm,160.17013667857083
468,activeEnergyKcal,27.551687553776283
468,heartRateBpm,146.09667424969365
469,motionIntensityG,0.850598977322222
469,cadenceSpm,169.55512660071167
469,activeEnergyKcal,27.617629326003815
469,heartRateBpm,146.16826492628027
470,motionIntensityG,0.8982640795982018
470,cadenceSpm,168.0986126382285
470,activeEnergyKcal,27.683569126434026
470,heartRateBpm,146.8097601167935
471,motionIntensityG,0.9264069388224406
471,cadenceSpm,165.33803849575685
471,activeEnergyKcal,27.749506955066913
471,heartRateBpm,148.85582234549997
472,motionIntensityG,0.9013311922436101
472,cadenceSpm,176.28329888535893
472,activeEnergyKcal,27.81544281190248
472,heartRateBpm,148.6765181843441
473,motionIntensityG,0.9201580802252016
473,cadenceSpm,170.19886821588292
473,activeEnergyKcal,27.88137669694072
473,heartRateBpm,148.95699051377892
474,motionIntensityG,0.9310370749708289
474,cadenceSpm,170.39881831178852
474,activeEnergyKcal,27.947308610181636
474,heartRateBpm,151.13264173412736
475,motionIntensityG,0.8673119641465084
475,cadenceSpm,166.26073896277006
475,activeEnergyKcal,28.013238551625232
475,heartRateBpm,152.66879029603447
476,motionIntensityG,0.8957542791712237
476,cadenceSpm,178.6741413774231
476,activeEnergyKcal,28.079166521271503
476,heartRateBpm,142.84822342664773
477,motionIntensityG,0.9349148904357272
477,cadenceSpm,172.07479511875832
477,activeEnergyKcal,28.145092519120453
477,heartRateBpm,133.9634599148234
478,motionIntensityG,0.897060660461679
478,cadenceSpm,175.23058608423247
478,activeEnergyKcal,28.21101654517208
478,heartRateBpm,124.4841635500174
479,motionIntensityG,0.9304012181447435
479,cadenceSpm,173.51344123870413
479,activeEnergyKcal,28.27693859942638
479,heartRateBpm,124.95378515260832
480,motionIntensityG,0.9771666815781423
480,cadenceSpm,167.62248802881302
480,activeEnergyKcal,28.34285868188336
480,heartRateBpm,126.61944455772495
481,motionIntensityG,0.9608900854577863
481,cadenceSpm,164.42218638603254
481,activeEnergyKcal,28.408776792543016
481,heartRateBpm,127.0007220661338
482,motionIntensityG,0.8900185434688592
482,cadenceSpm,170.65522038954762
482,activeEnergyKcal,28.474692931405347
482,heartRateBpm,128.76541574566141
483,motionIntensityG,0.8985441222191638
483,cadenceSpm,176.72542661343596
483,activeEnergyKcal,28.540607098470357
483,heartRateBpm,130.0681255876552
484,motionIntensityG,0.8595128929605342
484,cadenceSpm,174.7282606614718
484,activeEnergyKcal,28.606519293738042
484,heartRateBpm,133.14846773895718
485,motionIntensityG,0.8700348095642265
485,cadenceSpm,169.11431800175663
485,activeEnergyKcal,28.672429517208407
485,heartRateBpm,135.25585535796932
486,motionIntensityG,0.8875308059863007
486,cadenceSpm,162.3241895797178
486,activeEnergyKcal,28.738337768881447
486,heartRateBpm,135.03653025801094
487,motionIntensityG,0.9236031999684545
487,cadenceSpm,173.9202947092971
487,activeEnergyKcal,28.804244048757162
487,heartRateBpm,136.7842092176027
488,motionIntensityG,0.8775567550307989
488,cadenceSpm,164.09990832509305
488,activeEnergyKcal,28.870148356835557
488,heartRateBpm,135.5367141707955
489,motionIntensityG,0.9193037517094268
489,cadenceSpm,164.20856464739458
489,activeEnergyKcal,28.936050693116627
489,heartRateBpm,136.3694988704341
490,motionIntensityG,0.897075066608588
490,cadenceSpm,164.69687273902372
490,activeEnergyKcal,29.001951057600376
490,heartRateBpm,135.58649298433588
491,motionIntensityG,0.8517408838744026
491,cadenceSpm,171.01365562338103
491,activeEnergyKcal,29.0678494502868
491,heartRateBpm,136.6805392392008
492,motionIntensityG,0.9119799161903179
492,cadenceSpm,172.10608200917338
492,activeEnergyKcal,29.1337458711759
492,heartRateBpm,139.64291435714065
493,motionIntensityG,0.9301729949266507
493,cadenceSpm,166.63549082934034
493,activeEnergyKcal,29.19964032026768
493,heartRateBpm,139.59341062339817
494,motionIntensityG,0.9205762462314376
494,cadenceSpm,174.40441159517533
494,activeEnergyKcal,29.265532797562134
494,heartRateBpm,139.8694021878058
495,motionIntensityG,0.8579485832790653
495,cadenceSpm,166.57773238636747
495,activeEnergyKcal,29.331423303059267
495,heartRateBpm,141.60776397979393
496,motionIntensityG,0.9488051566201363
496,cadenceSpm,166.09355773538184
496,activeEnergyKcal,29.397311836759076
496,heartRateBpm,142.67493384134093
497,motionIntensityG,0.892060443949362
497,cadenceSpm,166.0785345897088
497,activeEnergyKcal,29.46319839866156
497,heartRateBpm,145.55897744277004
498,motionIntensityG,0.897543576786848
498,cadenceSpm,169.5380720881305
498,activeEnergyKcal,29.529082988766724
498,heartRateBpm,148.01615038883477
499,motionIntensityG,0.926874062047271
499,cadenceSpm,165.22608501141548
499,activeEnergyKcal,29.594965607074563
499,heartRateBpm,149.280578754317
500,motionIntensityG,0.8816175676865424
500,cadenceSpm,169.48149861805766
500,activeEnergyKcal,29.66084625358508
500,heartRateBpm,149.57432912940402
501,motionIntensityG,0.9016180420408593
501,cadenceSpm,158.60330960451927
501,activeEnergyKcal,29.726724928298275
501,heartRateBpm,151.0317026102776
502,motionIntensityG,0.9203564296030721
502,cadenceSpm,162.3017551662106
502,activeEnergyKcal,29.792601631214144
502,heartRateBpm,152.69877245940748
503,motionIntensityG,0.9662021253522403
503,cadenceSpm,169.4725278147563
503,activeEnergyKcal,29.85847636233269
503,heartRateBpm,154.55419954096095
504,motionIntensityG,0.8888854538789293
504,cadenceSpm,166.87465152222862
504,activeEnergyKcal,29.924349121653915
504,heartRateBpm,156.40263102694658
505,motionIntensityG,0.9465947190595664
505,cadenceSpm,163.3103966484697
505,activeEnergyKcal,29.990219909177814
505,heartRateBpm,156.99672638082984
506,motionIntensityG,0.9017142009304134
506,cadenceSpm,168.64510124756202
506,activeEnergyKcal,30.05608872490439
506,heartRateBpm,157.78879875110368
507,motionIntensityG,0.874048782594746
507,cadenceSpm,161.44937567198377
507,activeEnergyKcal,30.121955568833645
507,heartRateBpm,156.78661057532406
508,motionIntensityG,0.8600587923721311
508,cadenceSpm,163.79021973013042
508,activeEnergyKcal,30.187820440965577
508,heartRateBpm,156.1397007320503
509,motionIntensityG,0.8965341228639664
509,cadenceSpm,173.75845361148095
509,activeEnergyKcal,30.253683341300185
509,heartRateBpm,157.08040400212678
510,motionIntensityG,0.9123638856243362
510,cadenceSpm,173.7056383572968
510,activeEnergyKcal,30.31954426983747
510,heartRateBpm,156.45131602054246
511,motionIntensityG,0.9109600892834907
511,cadenceSpm,170.99591384369378
511,activeEnergyKcal,30.38540322657743
511,heartRateBpm,156.29711777564415
512,motionIntensityG,0.9004902251403243
512,cadenceSpm,167.26981196217568
512,activeEnergyKcal,30.45126021152007
512,heartRateBpm,155.5558841848406
513,motionIntensityG,0.8735097543644326
513,cadenceSpm,169.91551435728684
513,activeEnergyKcal,30.517115224665385
513,heartRateBpm,155.52214990470387
514,motionIntensityG,0.8951954942688949
514,cadenceSpm,158.27827156487564
514,activeEnergyKcal,30.582968266013378
514,heartRateBpm,157.11364255145898
515,motionIntensityG,0.8781500211901709
515,cadenceSpm,173.5934742651855
515,activeEnergyKcal,30.648819335564045
515,heartRateBpm,157.63436060585894
516,motionIntensityG,0.8844237195794947
516,cadenceSpm,167.48874291616372
516,activeEnergyKcal,30.714668433317392
516,heartRateBpm,158.0907310987897
517,motionIntensityG,0.9007410202278073
517,cadenceSpm,161.14881488323016
517,activeEnergyKcal,30.780515559273415
517,heartRateBpm,157.41084468573004
518,motionIntensityG,0.9102805079801541
518,cadenceSpm,169.9588237444308
518,activeEnergyKcal,30.846360713432116
518,heartRateBpm,155.9552192755961
519,motionIntensityG,0.9155200992242967
519,cadenceSpm,163.59338409620668
519,activeEnergyKcal,30.912203895793493
519,heartRateBpm,154.07519432188525
520,motionIntensityG,0.9386642601846654
520,cadenceSpm,169.0078032466887
520,activeEnergyKcal,30.978045106357545
520,heartRateBpm,156.4873547427229
521,motionIntensityG,0.9047227139832695
521,cadenceSpm,164.7851593821852
521,activeEnergyKcal,31.043884345124276
521,heartRateBpm,157.41352405192123
522,motionIntensityG,0.9309812649861252
522,cadenceSpm,169.97745892951104
522,activeEnergyKcal,31.109721612093683
522,heartRateBpm,159.07224281998336
523,motionIntensityG,0.9050132449065147
523,cadenceSpm,165.46642353951484
523,activeEnergyKcal,31.17555690726577
523,heartRateBpm,159.70229745669454
524,motionIntensityG,0.9429271280984824
524,cadenceSpm,163.10011944881373
524,activeEnergyKcal,31.24139023064053
524,heartRateBpm,161.90902348200504
525,motionIntensityG,0.95070169440987
525,cadenceSpm,161.07921424387703
525,activeEnergyKcal,31.307221582217966
525,heartRateBpm,164.39283827157502
526,motionIntensityG,0.8879609157879137
526,cadenceSpm,172.7966435406103
526,activeEnergyKcal,31.373050961998082
526,heartRateBpm,162.63541736363413
527,motionIntensityG,0.9015095491512852
527,cadenceSpm,167.89276534106935
527,activeEnergyKcal,31.438878369980873
527,heartRateBpm,162.49500286639366
528,motionIntensityG,0.8920599306623163
528,cadenceSpm,165.34254646956063
528,activeEnergyKcal,31.504703806166344
528,heartRateBpm,163.4186455460615
529,motionIntensityG,0.9125177741028706
529,cadenceSpm,169.22193230590565
529,activeEnergyKcal,31.57052727055449
529,heartRateBpm,162.73601547796014
530,motionIntensityG,0.9329931787534284
530,cadenceSpm,168.75428963372238
530,activeEnergyKcal,31.63634876314531
530,heartRateBpm,162.5300854886155
531,motionIntensityG,0.9345609181395707
531,cadenceSpm,164.61144644470482
531,activeEnergyKcal,31.70216828393881
531,heartRateBpm,161.16887688523227
532,motionIntensityG,0.8762530969236113
532,cadenceSpm,168.7450295120041
532,activeEnergyKcal,31.767985832934986
532,heartRateBpm,159.47152406630838
533,motionIntensityG,0.8703256931468096
533,cadenceSpm,162.38680486860108
533,activeEnergyKcal,31.833801410133837
533,heartRateBpm,159.38382564531815
534,motionIntensityG,0.9339646361658483
534,cadenceSpm,169.8571229022836
534,activeEnergyKcal,31.899615015535367
534,heartRateBpm,158.92064085396024
535,motionIntensityG,0.8924333363902608
535,cadenceSpm,170.81797000413667
535,activeEnergyKcal,31.965426649139573
535,heartRateBpm,158.92224678653278
536,motionIntensityG,0.8637505428489011
536,cadenceSpm,177.29874282977633
536,activeEnergyKcal,32.031236310946454
536,heartRateBpm,160.51154043474514
537,motionIntensityG,0.8747309868327706
537,cadenceSpm,158.24934548649674
537,activeEnergyKcal,32.09704400095602
537,heartRateBpm,161.10356300060118
538,motionIntensityG,0.8797168173142659
538,cadenceSpm,161.1489015277535
538,activeEnergyKcal,32.16284971916826
538,heartRateBpm,163.02563199658982
539,motionIntensityG,0.8410325120587367
539,cadenceSpm,164.30683860430156
539,activeEnergyKcal,32.22865346558317
539,heartRateBpm,161.5859127368139
540,motionIntensityG,0.9256785818417719
540,cadenceSpm,175.81139342568443
540,activeEnergyKcal,32.29445524020076
540,heartRateBpm,161.7957977579688
541,motionIntensityG,0.9616017995276417
541,cadenceSpm,165.66623586341538
541,activeEnergyKcal,32.35951428586332
541,heartRateBpm,164.1500819916873
542,motionIntensityG,0.8670340938306191
542,cadenceSpm,165.95246873602494
542,activeEnergyKcal,32.42383084103462
542,heartRateBpm,164.21957907273114
543,motionIntensityG,0.8735889679839677
543,cadenceSpm,160.4529825219833
543,activeEnergyKcal,32.48740513523605
543,heartRateBpm,163.55909490624984
544,motionIntensityG,0.8260318503275189
544,cadenceSpm,162.59995728714955
544,activeEnergyKcal,32.55023738904659
544,heartRateBpm,163.9646560169179
545,motionIntensityG,0.8371109915192481
545,cadenceSpm,149.14197666192666
545,activeEnergyKcal,32.61232781410285
545,heartRateBpm,163.01655887221685
546,motionIntensityG,0.8518136499813352
546,cadenceSpm,160.5509419197824
546,activeEnergyKcal,32.673676613099026
546,heartRateBpm,162.1318349136688
547,motionIntensityG,0.784102328838015
547,cadenceSpm,156.93562718729297
547,activeEnergyKcal,32.73428397978694
547,heartRateBpm,162.39622836384314
548,motionIntensityG,0.8635305887631486
548,cadenceSpm,158.03722139994233
548,activeEnergyKcal,32.79415009897601
548,heartRateBpm,165.1941101686041
549,motionIntensityG,0.8186810125760524
549,cadenceSpm,152.78703405872562
549,activeEnergyKcal,32.85327514653328
549,heartRateBpm,164.95151249369007
550,motionIntensityG,0.7872045822918867
550,cadenceSpm,147.92269797342294
550,activeEnergyKcal,32.91165928938337
550,heartRateBpm,165.41032376574063
551,motionIntensityG,0.790542212025273
551,cadenceSpm,148.88190256266012
551,activeEnergyKcal,32.96930264675819
551,heartRateBpm,163.82019658687568
552,motionIntensityG,0.8338543381549975
552,cadenceSpm,149.6167837281755
552,activeEnergyKcal,33.026205293177654
552,heartRateBpm,163.2107914817773
553,motionIntensityG,0.69816310252985
553,cadenceSpm,146.0038679867967
553,activeEnergyKcal,33.0823672986905
553,heartRateBpm,163.43712353630156
554,motionIntensityG,0.7665413311925939
554,cadenceSpm,144.34956909254916
554,activeEnergyKcal,33.13778872887427
554,heartRateBpm,163.3370546756218
555,motionIntensityG,0.7458496738612191
555,cadenceSpm,138.73354935379496
555,activeEnergyKcal,33.1924696448353
555,heartRateBpm,163.53362855761256
556,motionIntensityG,0.7083579468322362
556,cadenceSpm,154.51542589659675
556,activeEnergyKcal,33.24641010320874
556,heartRateBpm,162.31493270102962
557,motionIntensityG,0.6877499193903315
557,cadenceSpm,137.30528408650696
557,activeEnergyKcal,33.299610156158536
557,heartRateBpm,161.99059513894449
558,motionIntensityG,0.7445722526765377
558,cadenceSpm,137.22971012016237
558,activeEnergyKcal,33.35206985137744
558,heartRateBpm,161.97551485265177
559,motionIntensityG,0.7184226303393998
559,cadenceSpm,141.6551926920328
559,activeEnergyKcal,33.40378923208702
559,heartRateBpm,162.9234853928525
560,motionIntensityG,0.6760933990593986
560,cadenceSpm,142.2570046507424
560,activeEnergyKcal,33.454768337037635
560,heartRateBpm,163.51657344475746
561,motionIntensityG,0.6160016777700973
561,cadenceSpm,138.3939400567405
561,activeEnergyKcal,33.50500720050845
561,heartRateBpm,160.60083311738921
562,motionIntensityG,0.6343176651158242
562,cadenceSpm,137.2209267055976
562,activeEnergyKcal,33.55450585230744
562,heartRateBpm,161.22093266359852
563,motionIntensityG,0.6009441500135395
563,cadenceSpm,128.7793141689341
563,activeEnergyKcal,33.603264317771384
563,heartRateBpm,161.26653196124983
564,motionIntensityG,0.6064163975864815
564,cadenceSpm,134.0540422271497
564,activeEnergyKcal,33.65128261776586
564,heartRateBpm,163.91140506640266
565,motionIntensityG,0.5788406373500775
565,cadenceSpm,129.33339108553886
565,activeEnergyKcal,33.69856076868525
565,heartRateBpm,163.06893945574492
566,motionIntensityG,0.5763021997229331
566,cadenceSpm,126.98504880543909
566,activeEnergyKcal,33.745098782452736
566,heartRateBpm,162.34806607303142
567,motionIntensityG,0.5819860096022355
567,cadenceSpm,133.22099261591174
567,activeEnergyKcal,33.79089666652032
567,heartRateBpm,162.62519940764867
568,motionIntensityG,0.5930321364596055
568,cadenceSpm,122.87536686777459
568,activeEnergyKcal,33.8359544238688
568,heartRateBpm,162.71593065310313
569,motionIntensityG,0.549904536149338
569,cadenceSpm,121.23147548380304
569,activeEnergyKcal,33.88027205300777
569,heartRateBpm,159.79360078793928
570,motionIntensityG,0.5833676016795071
570,cadenceSpm,119.14589295967082
570,activeEnergyKcal,33.92384954797564
570,heartRateBpm,159.83793624454157
571,motionIntensityG,0.5162247160679271
571,cadenceSpm,120.43465998736974
571,activeEnergyKcal,33.966686898339624
571,heartRateBpm,159.91936002404867
572,motionIntensityG,0.57941185994706
572,cadenceSpm,121.61957483164133
572,activeEnergyKcal,34.00878408919573
572,heartRateBpm,158.5498646028127
573,motionIntensityG,0.5032466151341494
573,cadenceSpm,118.15305956030286
573,activeEnergyKcal,34.05014110116878
573,heartRateBpm,159.4837663579519
574,motionIntensityG,0.5095932919283014
574,cadenceSpm,122.00733182972553
574,activeEnergyKcal,34.09075791041239
574,heartRateBpm,159.19588042818344
575,motionIntensityG,0.45703177084018387
575,cadenceSpm,105.80321845205766
575,activeEnergyKcal,34.130634488609
575,heartRateBpm,157.2915594761531
576,motionIntensityG,0.5122173418237057
576,cadenceSpm,111.84026182152037
576,activeEnergyKcal,34.17051208921903
576,heartRateBpm,156.05264909353056
577,motionIntensityG,0.5209616611623111
577,cadenceSpm,116.3691053596704
577,activeEnergyKcal,34.21039071224249
577,heartRateBpm,155.45603985433053
578,motionIntensityG,0.5538135025391957
578,cadenceSpm,114.59674924078917
578,activeEnergyKcal,34.25027035767938
578,heartRateBpm,153.70579779031374
579,motionIntensityG,0.49145097766986673
579,cadenceSpm,118.0976780354567
579,activeEnergyKcal,34.290151025529696
579,heartRateBpm,151.43776058455174
580,motionIntensityG,0.47801774439880046
580,cadenceSpm,120.4167031160107
580,activeEnergyKcal,34.330032715793436
580,heartRateBpm,152.07314590943477
581,motionIntensityG,0.5299120434847735
581,cadenceSpm,123.34313478791208
581,activeEnergyKcal,34.369915428470605
581,heartRateBpm,152.82988061174257
582,motionIntensityG,0.46922687710563804
582,cadenceSpm,120.61519084186097
582,activeEnergyKcal,34.4097991635612
582,heartRateBpm,150.77688838588483
583,motionIntensityG,0.4543768920770627
583,cadenceSpm,115.6602097710982
583,activeEnergyKcal,34.44968392106522
583,heartRateBpm,150.68436232098253
584,motionIntensityG,0.5221715371449337
584,cadenceSpm,113.85853541412351
584,activeEnergyKcal,34.48956970098267
584,heartRateBpm,150.35737940102072
585,motionIntensityG,0.4652366478504968
585,cadenceSpm,111.05230517456238
585,activeEnergyKcal,34.52945650331355
585,heartRateBpm,150.4341712742666
586,motionIntensityG,0.466233000685676
586,cadenceSpm,106.37031335350825
586,activeEnergyKcal,34.56934432805785
586,heartRateBpm,150.07942771589515
587,motionIntensityG,0.46729357473762206
587,cadenceSpm,113.94265636311128
587,activeEnergyKcal,34.60923317521558
587,heartRateBpm,150.08674925830263
588,motionIntensityG,0.5281583415817553
588,cadenceSpm,118.01621451009527
588,activeEnergyKcal,34.649123044786734
588,heartRateBpm,149.36021016001024
589,motionIntensityG,0.5232475378081105
589,cadenceSpm,117.3608605862422
589,activeEnergyKcal,34.68901393677132
589,heartRateBpm,148.91858464394087
590,motionIntensityG,0.4615152257940933
590,cadenceSpm,112.53226063519209
590,activeEnergyKcal,34.72890585116933
590,heartRateBpm,150.14152084451487
591,motionIntensityG,0.8853937413814603
591,cadenceSpm,172.74638871156296
591,activeEnergyKcal,34.794760113153764
591,heartRateBpm,149.26305094684236
592,motionIntensityG,0.8663417405373963
592,cadenceSpm,169.53226583021674
592,activeEnergyKcal,34.86061240334087
592,heartRateBpm,152.69679291674967
593,motionIntensityG,0.9344848401536725
593,cadenceSpm,169.0574402761266
593,activeEnergyKcal,34.92646272173066
593,heartRateBpm,152.34187765557417
594,motionIntensityG,0.9151980422744722
594,cadenceSpm,169.97432522158246
594,activeEnergyKcal,34.99231106832312
594,heartRateBpm,155.7856386500485
595,motionIntensityG,0.898644125599531
595,cadenceSpm,166.6821416268401
595,activeEnergyKcal,35.058157443118255
595,heartRateBpm,156.69984529234017
596,motionIntensityG,0.8559532823258499
596,cadenceSpm,170.73315740090553
596,activeEnergyKcal,35.124001846116066
596,heartRateBpm,158.92652497550696
597,motionIntensityG,0.9224067106878144
597,cadenceSpm,164.1214448892158
597,activeEnergyKcal,35.18984427731656
597,heartRateBpm,158.83511440728137
598,motionIntensityG,0.8789180015282231
598,cadenceSpm,169.8784618483716
598,activeEnergyKcal,35.25568473671973
598,heartRateBpm,158.2740759266938
599,motionIntensityG,0.8969844430163385
599,cadenceSpm,165.82647970954525
599,activeEnergyKcal,35.321523224325574
599,heartRateBpm,158.98115277144285
600,motionIntensityG,0.9021501957634216
600,cadenceSpm,170.7965373315467
600,activeEnergyKcal,35.387359740134094
600,heartRateBpm,160.29673568931392
601,motionIntensityG,0.9193335033865395
601,cadenceSpm,168.59021148825397
601,activeEnergyKcal,35.45319428414529
601,heartRateBpm,162.47364649138308
602,motionIntensityG,0.9289474617541932
602,cadenceSpm,166.6139119013032
602,activeEnergyKcal,35.51902685635917
602,heartRateBpm,162.12584549949096
603,motionIntensityG,0.9099828180746345
603,cadenceSpm,160.2851549784796
603,activeEnergyKcal,35.58485745677572
603,heartRateBpm,163.53441394596217
604,motionIntensityG,0.8992022819399472
604,cadenceSpm,165.07119598728144
604,activeEnergyKcal,35.65068608539495
604,heartRateBpm,164.05963660923766
605,motionIntensityG,0.9168116360807597
605,cadenceSpm,167.79636286197177
605,activeEnergyKcal,35.71651274221686
605,heartRateBpm,164.2017075680647
606,motionIntensityG,0.9577389432576536
606,cadenceSpm,164.71212971672907
606,activeEnergyKcal,35.78233742724144
606,heartRateBpm,162.695618450422
607,motionIntensityG,0.8972578574597362
607,cadenceSpm,166.9670284412059
607,activeEnergyKcal,35.8481601404687
607,heartRateBpm,163.4864979893853
608,motionIntensityG,0.8676973541439017
608,cadenceSpm,158.8431104031317
608,activeEnergyKcal,35.91398088189864
608,heartRateBpm,163.59477603324618
609,motionIntensityG,0.8832903411742047
609,cadenceSpm,164.52747402010294
609,activeEnergyKcal,35.97979965153125
609,heartRateBpm,162.64748386284623
610,motionIntensityG,0.9463988859484933
610,cadenceSpm,162.78314591509732
610,activeEnergyKcal,36.04561644936654
610,heartRateBpm,163.80098979312416
611,motionIntensityG,0.9278303523875547
611,cadenceSpm,162.94654884101297
611,activeEnergyKcal,36.111431275404506
611,heartRateBpm,165.57914157691266
612,motionIntensityG,0.9163373586656679
612,cadenceSpm,168.59234554137058
612,activeEnergyKcal,36.17724412964515
612,heartRateBpm,165.36475070776493
613,motionIntensityG,0.892039615873398
613,cadenceSpm,173.92004126278474
613,activeEnergyKcal,36.243055012088476
613,heartRateBpm,165.14686065185822
614,motionIntensityG,0.9046532972092549
614,cadenceSpm,164.63178613985278
614,activeEnergyKcal,36.308863922734474
614,heartRateBpm,164.71407565717726
615,motionIntensityG,0.8819419041263461
615,cadenceSpm,160.21154229011844
615,activeEnergyKcal,36.37467086158315
615,heartRateBpm,164.2895475887525
616,motionIntensityG,0.9445362860042642
616,cadenceSpm,164.81060491502157
616,activeEnergyKcal,36.4404758286345
616,heartRateBpm,163.08055608765363
617,motionIntensityG,0.9185754380550979
617,cadenceSpm,167.52988136561592
617,activeEnergyKcal,36.50627882388853
617,heartRateBpm,164.08994149162766
618,motionIntensityG,0.8585719034200338
618,cadenceSpm,169.10285380979894
618,activeEnergyKcal,36.572079847345236
618,heartRateBpm,163.4809937881629
619,motionIntensityG,0.8730853973042695
619,cadenceSpm,179.78787900713505
619,activeEnergyKcal,36.63787889900462
619,heartRateBpm,161.37710678450466
620,motionIntensityG,0.9176953438376582
620,cadenceSpm,174.53159727459274
620,activeEnergyKcal,36.70367597886668
620,heartRateBpm,161.71216243683108
621,motionIntensityG,0.9344908275615712
621,cadenceSpm,164.17562791214067
621,activeEnergyKcal,36.76947108693141
621,heartRateBpm,164.11771418753614
622,motionIntensityG,0.9092516398755669
622,cadenceSpm,172.996609600829
622,activeEnergyKcal,36.83526422319883
622,heartRateBpm,165.1910788185693
623,motionIntensityG,0.8853562865104915
623,cadenceSpm,164.82995429479647
623,activeEnergyKcal,36.90105538766892
623,heartRateBpm,168.0341811836344
624,motionIntensityG,0.9273625550042
624,cadenceSpm,162.63638063739918
624,activeEnergyKcal,36.966844580341686
624,heartRateBpm,169.09956339001542
625,motionIntensityG,0.9444744845778092
625,cadenceSpm,167.71201661696415
625,activeEnergyKcal,37.03263180121713
625,heartRateBpm,169.8285351121906
626,motionIntensityG,0.8676874867781401
626,cadenceSpm,177.82763847320925
626,activeEnergyKcal,37.09841705029525
626,heartRateBpm,170.90941558623732
627,motionIntensityG,0.8891592741604898
627,cadenceSpm,178.50728923730512
627,activeEnergyKcal,37.16420032757605
627,heartRateBpm,172.34812216567136
628,motionIntensityG,0.9270682115437442
628,cadenceSpm,170.06066790540783
628,activeEnergyKcal,37.22998163305952
628,heartRateBpm,171.37907961538392
629,motionIntensityG,0.9257658149080836
629,cadenceSpm,166.0715481381846
629,activeEnergyKcal,37.295760966745675
629,heartRateBpm,171.00626353941078
630,motionIntensityG,0.8929526095573629
630,cadenceSpm,167.32740106881974
630,activeEnergyKcal,37.3615383286345
630,heartRateBpm,170.84652651076334
631,motionIntensityG,0.8956221595963826
631,cadenceSpm,171.52740852097858
631,activeEnergyKcal,37.427313718726005
631,heartRateBpm,173.6668672645971
632,motionIntensityG,0.9335338534657289
632,cadenceSpm,169.40426572232894
632,activeEnergyKcal,37.49308713702019
632,heartRateBpm,173.31770630390992
633,motionIntensityG,0.9089961310463378
633,cadenceSpm,158.60831151087888
633,activeEnergyKcal,37.55885858351705
633,heartRateBpm,173.424045730336
634,motionIntensityG,0.874601101985944
634,cadenceSpm,171.59903466078157
634,activeEnergyKcal,37.62462805821659
634,heartRateBpm,171.72975251068058
635,motionIntensityG,0.9056345694340447
635,cadenceSpm,162.70111226836502
635,activeEnergyKcal,37.6903955611188
635,heartRateBpm,172.15115346678405
636,motionIntensityG,0.9089038674784006
636,cadenceSpm,173.98121789159973
636,activeEnergyKcal,37.756161092223685
636,heartRateBpm,173.72084481638177
637,motionIntensityG,0.929532258574284
637,cadenceSpm,159.4958162828914
637,activeEnergyKcal,37.821924651531255
637,heartRateBpm,173.34125099095422
638,motionIntensityG,0.9256231358805065
638,cadenceSpm,162.40798385357016
638,activeEnergyKcal,37.8876862390415
638,heartRateBpm,171.64107181665818
639,motionIntensityG,0.9193561495039716
639,cadenceSpm,172.94295690221466
639,activeEnergyKcal,37.95344585475442
639,heartRateBpm,172.97625596254204
640,motionIntensityG,0.8397919227077266
640,cadenceSpm,164.87693929081158
640,activeEnergyKcal,38.01920349867002
640,heartRateBpm,174.5937459379045
641,motionIntensityG,0.9075556725876031
641,cadenceSpm,168.2972184108219
641,activeEnergyKcal,38.08495917078829
641,heartRateBpm,175.00358832090208
642,motionIntensityG,0.9473023385750534
642,cadenceSpm,163.82760874832675
642,activeEnergyKcal,38.15071287110924
642,heartRateBpm,176.97327762541386
643,motionIntensityG,0.9220108157137991
643,cadenceSpm,177.7902459438171
643,activeEnergyKcal,38.21646459963287
643,heartRateBpm,174.87633694718136
644,motionIntensityG,0.8861100241376144
644,cadenceSpm,171.79860230413323
644,activeEnergyKcal,38.28221435635918
644,heartRateBpm,176.09760012113247
645,motionIntensityG,0.9119532389503926
645,cadenceSpm,163.00548917309115
645,activeEnergyKcal,38.34796214128816
645,heartRateBpm,177.51848083274209
646,motionIntensityG,0.8817435335404138
646,cadenceSpm,177.01398240672862
646,activeEnergyKcal,38.41370795441981
646,heartRateBpm,177.0733640293516
647,motionIntensityG,0.8898467010638365
647,cadenceSpm,165.4124411590886
647,activeEnergyKcal,38.479451795754144
647,heartRateBpm,176.22348879013737
648,motionIntensityG,0.878343791609597
648,cadenceSpm,174.11999456550055
648,activeEnergyKcal,38.54519366529116
648,heartRateBpm,175.86726796614371
649,motionIntensityG,0.923023182843347
649,cadenceSpm,161.42227860839265
649,activeEnergyKcal,38.61093356303085
649,heartRateBpm,176.18123459450905
650,motionIntensityG,0.8788878209902076
650,cadenceSpm,155.28837047231343
650,activeEnergyKcal,38.67667148897321
650,heartRateBpm,176.01381632727384
651,motionIntensityG,0.9594207988246121
651,cadenceSpm,172.33309846956905
651,activeEnergyKcal,38.74240744311825
651,heartRateBpm,179.0029435386385
652,motionIntensityG,0.9692876890668809
652,cadenceSpm,167.4886756291703
652,activeEnergyKcal,38.80814142546597
652,heartRateBpm,178.00227674114907
653,motionIntensityG,0.9074108828461215
653,cadenceSpm,174.8973944943772
653,activeEnergyKcal,38.87387343601637
653,heartRateBpm,177.21813915519104
654,motionIntensityG,0.9200591985925876
654,cadenceSpm,164.90609863502715
654,activeEnergyKcal,38.93960347476944
654,heartRateBpm,178.55493461768646
655,motionIntensityG,0.8850089340325927
655,cadenceSpm,169.3637413069554
655,activeEnergyKcal,39.00533154172519
655,heartRateBpm,174.87853167152653
656,motionIntensityG,0.8596034981859758
656,cadenceSpm,172.8359915477964
656,activeEnergyKcal,39.071057636883616
656,heartRateBpm,173.54287847359228
657,motionIntensityG,0.8848090532689535
657,cadenceSpm,170.70621352025543
657,activeEnergyKcal,39.136781760244716
657,heartRateBpm,173.0360785061097
658,motionIntensityG,0.955485081129142
658,cadenceSpm,173.36792411252597
658,activeEnergyKcal,39.2025039118085
658,heartRateBpm,171.5740803113223
659,motionIntensityG,0.9572161906609399
659,cadenceSpm,165.56389983211463
659,activeEnergyKcal,39.26822409157496
659,heartRateBpm,171.95740170259617
660,motionIntensityG,0.8952547087105894
660,cadenceSpm,166.89480264008628
660,activeEnergyKcal,39.33394229954409
660,heartRateBpm,173.0374255429797
661,motionIntensityG,0.4252980802621415
661,cadenceSpm,106.01003744681479
661,activeEnergyKcal,39.371185127712245
661,heartRateBpm,172.3491591181087
662,motionIntensityG,0.4454984179089135
662,cadenceSpm,101.40893083180079
662,activeEnergyKcal,39.40842897829383
662,heartRateBpm,171.44391328009348
663,motionIntensityG,0.45248429448993355
663,cadenceSpm,108.75900140466779
663,activeEnergyKcal,39.44567385128884
663,heartRateBpm,171.41687092870583
664,motionIntensityG,0.455752549143545
664,cadenceSpm,112.49653903474271
664,activeEnergyKcal,39.48291974669727
664,heartRateBpm,171.0664227460462
665,motionIntensityG,0.427675233672272
665,cadenceSpm,110.92771585295867
665,activeEnergyKcal,39.52016666451913
665,heartRateBpm,169.47770097765243
666,motionIntensityG,0.4319265179749856
666,cadenceSpm,111.58301589662898
666,activeEnergyKcal,39.55741460475442
666,heartRateBpm,170.43971358459547
667,motionIntensityG,0.4485086516005806
667,cadenceSpm,111.55117048750685
667,activeEnergyKcal,39.59466356740314
667,heartRateBpm,166.88756992940768
668,motionIntensityG,0.4512881212835272
668,cadenceSpm,114.75656638047077
668,activeEnergyKcal,39.63191355246528
668,heartRateBpm,165.59378609511992
669,motionIntensityG,0.46921558823784515
669,cadenceSpm,103.32700285336297
669,activeEnergyKcal,39.669164559940846
669,heartRateBpm,165.57216278603042
670,motionIntensityG,0.4644555897610851
670,cadenceSpm,111.1994543171408
670,activeEnergyKcal,39.70641658982984
670,heartRateBpm,165.55472845886075
671,motionIntensityG,0.40350394557224994
671,cadenceSpm,103.47998947112512
671,activeEnergyKcal,39.74366964213227
671,heartRateBpm,164.92859912121415
672,motionIntensityG,0.4179058798013825
672,cadenceSpm,105.02809209014936
672,activeEnergyKcal,39.780923716848115
672,heartRateBpm,164.0126037661099
673,motionIntensityG,0.47366165867969545
673,cadenceSpm,114.4703348886348
673,activeEnergyKcal,39.81817881397739
673,heartRateBpm,165.09942402363268
674,motionIntensityG,0.4302315534198847
674,cadenceSpm,110.08859429032678
674,activeEnergyKcal,39.855434933520094
674,heartRateBpm,163.40286176705953
675,motionIntensityG,0.46614610060585077
675,cadenceSpm,101.39457203728587
675,activeEnergyKcal,39.892692075476226
675,heartRateBpm,162.6332187774286
676,motionIntensityG,0.40774132869438406
676,cadenceSpm,118.46820553009937
676,activeEnergyKcal,39.92995023984578
676,heartRateBpm,161.70857442044255
677,motionIntensityG,0.44281377045703524
677,cadenceSpm,113.08556487909992
677,activeEnergyKcal,39.96720942662876
677,heartRateBpm,160.45135289660496
678,motionIntensityG,0.4588649164616844
678,cadenceSpm,109.25463298417398
678,activeEnergyKcal,40.004469635825174
678,heartRateBpm,157.4144252326977
679,motionIntensityG,0.48252041589457484
679,cadenceSpm,103.4135927396436
679,activeEnergyKcal,40.041730867435014
679,heartRateBpm,155.0290123628254
680,motionIntensityG,0.4729351775283691
680,cadenceSpm,115.96110553178663
680,activeEnergyKcal,40.078993121458275
680,heartRateBpm,153.77190640806614
681,motionIntensityG,0.4432427421361672
681,cadenceSpm,115.57137934361823
681,activeEnergyKcal,40.116256397894965
681,heartRateBpm,153.33128910855072
682,motionIntensityG,0.47619476751297696
682,cadenceSpm,116.64013721659416
682,activeEnergyKcal,40.15352069674508
682,heartRateBpm,152.55611919696355
683,motionIntensityG,0.48652871885224547
683,cadenceSpm,111.58571271964833
683,activeEnergyKcal,40.19078601800863
683,heartRateBpm,150.62136394605935
684,motionIntensityG,0.46615242651740857
684,cadenceSpm,108.39942119887507
684,activeEnergyKcal,40.2280523616856
684,heartRateBpm,149.93914530745283
685,motionIntensityG,0.44228408316966095
685,cadenceSpm,112.74362770385495
685,activeEnergyKcal,40.265319727775996
685,heartRateBpm,149.8603714923805
686,motionIntensityG,0.40896260809227497
686,cadenceSpm,108.87574403312331
686,activeEnergyKcal,40.30258811627982
686,heartRateBpm,148.86119418247407
687,motionIntensityG,0.4989386879077105
687,cadenceSpm,109.89928084355928
687,activeEnergyKcal,40.339857527197076
687,heartRateBpm,149.7155111597047
688,motionIntensityG,0.46413528885665556
688,cadenceSpm,101.63036403395924
688,activeEnergyKcal,40.37712796052775
688,heartRateBpm,147.86000379551703
689,motionIntensityG,0.4805230067809354
689,cadenceSpm,106.8282243846622
689,activeEnergyKcal,40.414399416271856
689,heartRateBpm,147.2524632750215
690,motionIntensityG,0.4149513260888572
690,cadenceSpm,107.51934952513152
690,activeEnergyKcal,40.45167189442939
690,heartRateBpm,146.55493919001628
691,motionIntensityG,0.43328265972183283
691,cadenceSpm,105.46132680810211
691,activeEnergyKcal,40.48894539500035
691,heartRateBpm,146.81029876684894
692,motionIntensityG,0.4761384813683196
692,cadenceSpm,110.05902203451254
692,activeEnergyKcal,40.52621991798473
692,heartRateBpm,146.35125217840388
693,motionIntensityG,0.3924065666152036
693,cadenceSpm,113.43439457670362
693,activeEnergyKcal,40.563495463382544
693,heartRateBpm,146.03366537305095
694,motionIntensityG,0.4617632037254709
694,cadenceSpm,109.58010994650752
694,activeEnergyKcal,40.600772031193785
694,heartRateBpm,145.57547828688826
695,motionIntensityG,0.4524548626265519
695,cadenceSpm,109.68839661791655
695,activeEnergyKcal,40.63804962141845
695,heartRateBpm,144.28477935255518
696,motionIntensityG,0.4216524823834902
696,cadenceSpm,113.85410626748924
696,activeEnergyKcal,40.67532823405654
696,heartRateBpm,143.93440787460517
697,motionIntensityG,0.4510456549242103
697,cadenceSpm,112.21946063766656
697,activeEnergyKcal,40.71260786910806
697,heartRateBpm,143.91277278060113
698,motionIntensityG,0.4512403216199393
698,cadenceSpm,111.25203260807962
698,activeEnergyKcal,40.74988852657301
698,heartRateBpm,144.18073554511582
699,motionIntensityG,0.42289455374271057
699,cadenceSpm,114.04926732816243
699,activeEnergyKcal,40.787170206451385
699,heartRateBpm,142.38378251645435
700,motionIntensityG,0.4751652881271784
700,cadenceSpm,110.3220684660775
700,activeEnergyKcal,40.82445290874318
700,heartRateBpm,139.92816444333823
701,motionIntensityG,0.4707420062113723
701,cadenceSpm,107.4504208072628
701,activeEnergyKcal,40.86173663344841
701,heartRateBpm,139.2940456092704
702,motionIntensityG,0.465902890006714
702,cadenceSpm,101.11301900023679
702,activeEnergyKcal,40.89902138056706
702,heartRateBpm,139.25362800699597
703,motionIntensityG,0.5038973638119031
703,cadenceSpm,115.9336541772171
703,activeEnergyKcal,40.93630715009915
703,heartRateBpm,138.7227291343525
704,motionIntensityG,0.5073252369157843
704,cadenceSpm,112.11235416352746
704,activeEnergyKcal,40.97359394204465
704,heartRateBpm,138.38010666243056
705,motionIntensityG,0.47123566815406775
705,cadenceSpm,102.58456918040847
705,activeEnergyKcal,41.010881756403585
705,heartRateBpm,137.42078351863557
706,motionIntensityG,0.41326246658498644
706,cadenceSpm,108.24659647755526
706,activeEnergyKcal,41.048170593175946
706,heartRateBpm,137.30893492123462
707,motionIntensityG,0.3989181763730183
707,cadenceSpm,109.58792625504861
707,activeEnergyKcal,41.08546045236174
707,heartRateBpm,137.0259030292111
708,motionIntensityG,0.4894848620931249
708,cadenceSpm,109.76750136860855
708,activeEnergyKcal,41.12275133396095
708,heartRateBpm,137.61995869186077
709,motionIntensityG,0.4457000054397989
709,cadenceSpm,97.64202606922409
709,activeEnergyKcal,41.16004323797359
709,heartRateBpm,138.61111756038832
710,motionIntensityG,0.45157362457860667
710,cadenceSpm,108.69408886522521
710,activeEnergyKcal,41.19733616439966
710,heartRateBpm,139.0271247779117
711,motionIntensityG,0.4994810847370271
711,cadenceSpm,107.65745554667228
711,activeEnergyKcal,41.234630113239156
711,heartRateBpm,137.9146950776229
712,motionIntensityG,0.42022923810213453
712,cadenceSpm,113.72577198811084
712,activeEnergyKcal,41.271925084492075
712,heartRateBpm,138.00223722876987
713,motionIntensityG,0.45539991494852455
713,cadenceSpm,115.86415597566315
713,activeEnergyKcal,41.30922107815842
713,heartRateBpm,136.4159978043338
714,motionIntensityG,0.438602510447863
714,cadenceSpm,114.92107605258053
714,activeEnergyKcal,41.3465180942382
714,heartRateBpm,135.95533354916907
715,motionIntensityG,0.41220408987468543
715,cadenceSpm,111.35089988919273
715,activeEnergyKcal,41.383816132731404
715,heartRateBpm,135.73941437953326
716,motionIntensityG,0.4155955534624908
716,cadenceSpm,103.92636908137902
716,activeEnergyKcal,41.42111519363803
716,heartRateBpm,134.25691888103506
717,motionIntensityG,0.43996530468199857
717,cadenceSpm,105.53625001539503
717,activeEnergyKcal,41.458415276958085
717,heartRateBpm,136.7228439698868
718,motionIntensityG,0.4586491579715968
718,cadenceSpm,108.62614820940212
718,activeEnergyKcal,41.49571638269157
718,heartRateBpm,137.6497246107529
719,motionIntensityG,0.465810009980011
719,cadenceSpm,100.62632079642457
719,activeEnergyKcal,41.53301851083848
719,heartRateBpm,135.1121916289662
