t,kind,value
# event: interval_rest-0-150 kind=interval_rest atSec=150
# event: interval_rest-1-310 kind=interval_rest atSec=310
# event: grind-2-520 kind=grind atSec=520
# event: gradual_fade-3-620 kind=gradual_fade atSec=620
0,repVelocityMps,0.0825
0,repCount,0
0,motionIntensityG,0.41000000000000003
0,activeEnergyKcal,0.040152963671128104
0,heartRateBpm,58.33982952299762
1,repVelocityMps,0.0825
1,repCount,0
1,motionIntensityG,0.41000000000000003
1,activeEnergyKcal,0.08030592734225621
1,heartRateBpm,60.30640698911019
2,repVelocityMps,0.0825
2,repCount,0
2,motionIntensityG,0.41000000000000003
2,activeEnergyKcal,0.1204588910133843
2,heartRateBpm,60.359607848336886
3,repVelocityMps,0.5446296454674552
3,repCount,1
3,motionIntensityG,1.1297309873469363
3,activeEnergyKcal,0.16061185468451242
3,heartRateBpm,61.78107299213897
4,repVelocityMps,0.08169444682011827
4,repCount,1
4,motionIntensityG,0.41000000000000003
4,activeEnergyKcal,0.20076481835564053
4,heartRateBpm,62.36259625701009
5,repVelocityMps,0.08169444682011827
5,repCount,1
5,motionIntensityG,0.41000000000000003
5,activeEnergyKcal,0.24091778202676864
5,heartRateBpm,78.7923798611744
6,repVelocityMps,0.5233037701224025
6,repCount,2
6,motionIntensityG,1.566493507585138
6,activeEnergyKcal,0.28107074569789675
6,heartRateBpm,95.36046589152288
7,repVelocityMps,0.07849556551836037
7,repCount,2
7,motionIntensityG,0.41000000000000003
7,activeEnergyKcal,0.32122370936902483
7,heartRateBpm,110.89304848769427
8,repVelocityMps,0.07849556551836037
8,repCount,2
8,motionIntensityG,0.41000000000000003
8,activeEnergyKcal,0.3613766730401529
8,heartRateBpm,111.4126457472382
9,repVelocityMps,0.4634769135748242
9,repCount,3
9,motionIntensityG,1.2467126384138139
9,activeEnergyKcal,0.401529636711281
9,heartRateBpm,112.87744519898888
10,repVelocityMps,0.06952153703622363
10,repCount,3
10,motionIntensityG,0.41000000000000003
10,activeEnergyKcal,0.4416826003824091
10,heartRateBpm,112.14164008212661
11,repVelocityMps,0.06952153703622363
11,repCount,3
11,motionIntensityG,0.41000000000000003
11,activeEnergyKcal,0.48183556405353717
11,heartRateBpm,111.45796367185632
12,repVelocityMps,0.4391899445442104
12,repCount,4
12,motionIntensityG,1.5154633643827633
12,activeEnergyKcal,0.5219885277246653
12,heartRateBpm,110.93914543242833
13,repVelocityMps,0.06587849168163155
13,repCount,4
13,motionIntensityG,0.41000000000000003
13,activeEnergyKcal,0.5621414913957934
13,heartRateBpm,113.41909717962285
14,repVelocityMps,0.06587849168163155
14,repCount,4
14,motionIntensityG,0.41000000000000003
14,activeEnergyKcal,0.6022944550669215
14,heartRateBpm,113.64490730839157
15,repVelocityMps,0.42850409036741627
15,repCount,5
15,motionIntensityG,1.335603936778439
15,activeEnergyKcal,0.6424474187380496
15,heartRateBpm,111.38807692133831
16,repVelocityMps,0
16,repCount,5
16,motionIntensityG,0.043240548100123614
16,activeEnergyKcal,0.6826003824091776
16,heartRateBpm,111.30058839188709
17,repVelocityMps,0
17,repCount,5
17,motionIntensityG,0.09853451182048867
17,activeEnergyKcal,0.7227533460803057
17,heartRateBpm,111.83828758174785
18,repVelocityMps,0
18,repCount,5
18,motionIntensityG,0.0709994038644424
18,activeEnergyKcal,0.7629063097514338
18,heartRateBpm,110.45522210411367
19,repVelocityMps,0
19,repCount,5
19,motionIntensityG,0.07604675616883379
19,activeEnergyKcal,0.8030592734225619
19,heartRateBpm,110.19778607023704
20,repVelocityMps,0
20,repCount,5
20,motionIntensityG,0.07373075331796336
20,activeEnergyKcal,0.84321223709369
20,heartRateBpm,110.31619456799923
21,repVelocityMps,0
21,repCount,5
21,motionIntensityG,0.09147013647223709
21,activeEnergyKcal,0.8833652007648181
21,heartRateBpm,109.48538259396715
22,repVelocityMps,0
22,repCount,5
22,motionIntensityG,0.11981088145897824
22,activeEnergyKcal,0.9235181644359461
22,heartRateBpm,106.94192874084567
23,repVelocityMps,0
23,repCount,5
23,motionIntensityG,0.05042489124005009
23,activeEnergyKcal,0.9636711281070742
23,heartRateBpm,106.48876409851016
24,repVelocityMps,0
24,repCount,5
24,motionIntensityG,0.0555212708906704
24,activeEnergyKcal,1.0038240917782024
24,heartRateBpm,105.32244889050783
25,repVelocityMps,0
25,repCount,5
25,motionIntensityG,0.09853780281190826
25,activeEnergyKcal,1.0439770554493306
25,heartRateBpm,105.20526691232755
26,repVelocityMps,0
26,repCount,5
26,motionIntensityG,0.06969627325841539
26,activeEnergyKcal,1.0841300191204588
26,heartRateBpm,104.91902543564566
27,repVelocityMps,0
27,repCount,5
27,motionIntensityG,0.05996019290564262
27,activeEnergyKcal,1.124282982791587
27,heartRateBpm,105.60235130963162
28,repVelocityMps,0
28,repCount,5
28,motionIntensityG,0.07571908821546615
28,activeEnergyKcal,1.1644359464627152
28,heartRateBpm,107.85918362207534
29,repVelocityMps,0
29,repCount,5
29,motionIntensityG,0.11472825001584616
29,activeEnergyKcal,1.2045889101338434
29,heartRateBpm,106.9445208925391
30,repVelocityMps,0
30,repCount,5
30,motionIntensityG,0.045126251956949
30,activeEnergyKcal,1.2447418738049716
30,heartRateBpm,108.31754034172171
31,repVelocityMps,0
31,repCount,5
31,motionIntensityG,0.06968729609208293
31,activeEnergyKcal,1.2848948374760998
31,heartRateBpm,106.90322268493462
32,repVelocityMps,0
32,repCount,5
32,motionIntensityG,0.05012241411178568
32,activeEnergyKcal,1.325047801147228
32,heartRateBpm,106.17453455989306
33,repVelocityMps,0
33,repCount,5
33,motionIntensityG,0.06448705215260007
33,activeEnergyKcal,1.3652007648183562
33,heartRateBpm,105.16359891715089
34,repVelocityMps,0
34,repCount,5
34,motionIntensityG,0.09687736386039997
34,activeEnergyKcal,1.4053537284894844
34,heartRateBpm,104.52217995891834
35,repVelocityMps,0
35,repCount,5
35,motionIntensityG,0.10937521775698458
35,activeEnergyKcal,1.4455066921606126
35,heartRateBpm,104.29703762508287
36,repVelocityMps,0
36,repCount,5
36,motionIntensityG,0.07342795181669301
36,activeEnergyKcal,1.4856596558317408
36,heartRateBpm,104.8105727194491
37,repVelocityMps,0
37,repCount,5
37,motionIntensityG,0.10605345650309882
37,activeEnergyKcal,1.525812619502869
37,heartRateBpm,105.17325992361447
38,repVelocityMps,0
38,repCount,5
38,motionIntensityG,0.0952877676390073
38,activeEnergyKcal,1.5659655831739971
38,heartRateBpm,106.06366324095603
39,repVelocityMps,0
39,repCount,5
39,motionIntensityG,0.053663018663853035
39,activeEnergyKcal,1.6061185468451253
39,heartRateBpm,106.61333891775678
40,repVelocityMps,0
40,repCount,5
40,motionIntensityG,0.07953191742259669
40,activeEnergyKcal,1.6462715105162535
40,heartRateBpm,106.51936391162685
41,repVelocityMps,0
41,repCount,5
41,motionIntensityG,0.06962700878136388
41,activeEnergyKcal,1.6864244741873817
41,heartRateBpm,109.27222569782768
42,repVelocityMps,0
42,repCount,5
42,motionIntensityG,0.08996369286439773
42,activeEnergyKcal,1.72657743785851
42,heartRateBpm,110.20130837396447
43,repVelocityMps,0
43,repCount,5
43,motionIntensityG,0.09832600165568439
43,activeEnergyKcal,1.7667304015296381
43,heartRateBpm,109.66912327656071
44,repVelocityMps,0
44,repCount,5
44,motionIntensityG,0.07074473210034124
44,activeEnergyKcal,1.8068833652007663
44,heartRateBpm,109.08669702553519
45,repVelocityMps,0
45,repCount,5
45,motionIntensityG,0.1280715415343674
45,activeEnergyKcal,1.8470363288718945
45,heartRateBpm,109.53912255202653
46,repVelocityMps,0
46,repCount,5
46,motionIntensityG,0.07009035596902331
46,activeEnergyKcal,1.8871892925430227
46,heartRateBpm,109.40914211907756
47,repVelocityMps,0
47,repCount,5
47,motionIntensityG,0.11795297048591406
47,activeEnergyKcal,1.927342256214151
47,heartRateBpm,110.05943346696762
48,repVelocityMps,0
48,repCount,5
48,motionIntensityG,0.08441644986511009
48,activeEnergyKcal,1.967495219885279
48,heartRateBpm,108.32288975455975
49,repVelocityMps,0
49,repCount,5
49,motionIntensityG,0.058482434394024625
49,activeEnergyKcal,2.007648183556407
49,heartRateBpm,108.67107888297784
50,repVelocityMps,0
50,repCount,5
50,motionIntensityG,0.06948400530302414
50,activeEnergyKcal,2.0478011472275353
50,heartRateBpm,107.30300184223283
51,repVelocityMps,0
51,repCount,5
51,motionIntensityG,0.058496532039240046
51,activeEnergyKcal,2.0879541108986635
51,heartRateBpm,105.05529770722231
52,repVelocityMps,0
52,repCount,5
52,motionIntensityG,0.11989581049138998
52,activeEnergyKcal,2.1281070745697916
52,heartRateBpm,104.18406411801874
53,repVelocityMps,0
53,repCount,5
53,motionIntensityG,0.0540332400922003
53,activeEnergyKcal,2.16826003824092
53,heartRateBpm,104.74237209578816
54,repVelocityMps,0
54,repCount,5
54,motionIntensityG,0.08358280708731679
54,activeEnergyKcal,2.208413001912048
54,heartRateBpm,106.03680449802957
55,repVelocityMps,0
55,repCount,5
55,motionIntensityG,0.0800035712793944
55,activeEnergyKcal,2.2485659655831762
55,heartRateBpm,105.24358866416142
56,repVelocityMps,0
56,repCount,5
56,motionIntensityG,0.06701100758545542
56,activeEnergyKcal,2.2887189292543044
56,heartRateBpm,105.71372523894216
57,repVelocityMps,0
57,repCount,5
57,motionIntensityG,0.07619120026297566
57,activeEnergyKcal,2.3288718929254326
57,heartRateBpm,107.82726185187585
58,repVelocityMps,0
58,repCount,5
58,motionIntensityG,0.08430597142734332
58,activeEnergyKcal,2.369024856596561
58,heartRateBpm,107.38607631844276
59,repVelocityMps,0
59,repCount,5
59,motionIntensityG,0.0682330986237812
59,activeEnergyKcal,2.409177820267689
59,heartRateBpm,106.62675149142369
60,repVelocityMps,0
60,repCount,5
60,motionIntensityG,0.04767943236460155
60,activeEnergyKcal,2.449330783938817
60,heartRateBpm,108.75125791068288
61,repVelocityMps,0
61,repCount,5
61,motionIntensityG,0.08781404452494881
61,activeEnergyKcal,2.510515668153816
61,heartRateBpm,110.90870078029982
62,repVelocityMps,0
62,repCount,5
62,motionIntensityG,0.07159918701243183
62,activeEnergyKcal,2.571699968132571
62,heartRateBpm,110.5697590380731
63,repVelocityMps,0
63,repCount,5
63,motionIntensityG,0.08036940367391324
63,activeEnergyKcal,2.6328836838750824
63,heartRateBpm,110.82122753036248
64,repVelocityMps,0
64,repCount,5
64,motionIntensityG,0.07182791482793738
64,activeEnergyKcal,2.69406681538135
64,heartRateBpm,111.06890986896711
65,repVelocityMps,0
65,repCount,5
65,motionIntensityG,0.06580273883623655
65,activeEnergyKcal,2.755249362651373
65,heartRateBpm,112.30589841722762
66,repVelocityMps,0
66,repCount,5
66,motionIntensityG,0.07617295256193223
66,activeEnergyKcal,2.8164313256851523
66,heartRateBpm,114.45636509034229
67,repVelocityMps,0
67,repCount,5
67,motionIntensityG,0.07627057077935531
67,activeEnergyKcal,2.877612704482688
67,heartRateBpm,115.31416761927105
68,repVelocityMps,0
68,repCount,5
68,motionIntensityG,0.08642430060168062
68,activeEnergyKcal,2.9387934990439795
68,heartRateBpm,116.83496023212794
69,repVelocityMps,0
69,repCount,5
69,motionIntensityG,0.10202872175075038
69,activeEnergyKcal,2.9999737093690273
69,heartRateBpm,118.72639443887253
70,repVelocityMps,0
70,repCount,5
70,motionIntensityG,0.055378287116982075
70,activeEnergyKcal,3.0611533354578313
70,heartRateBpm,121.10492564927185
71,repVelocityMps,0
71,repCount,5
71,motionIntensityG,0.10480390751788987
71,activeEnergyKcal,3.1223323773103915
71,heartRateBpm,122.06851091448497
72,repVelocityMps,0
72,repCount,5
72,motionIntensityG,0.08644018540566825
72,activeEnergyKcal,3.1835108349267074
72,heartRateBpm,125.12065465705204
73,repVelocityMps,0
73,repCount,5
73,motionIntensityG,0.07000709918575136
73,activeEnergyKcal,3.2446887083067795
73,heartRateBpm,127.11470835851819
74,repVelocityMps,0
74,repCount,5
74,motionIntensityG,0.08666820816124368
74,activeEnergyKcal,3.3058659974506077
74,heartRateBpm,129.351497099578
75,repVelocityMps,0
75,repCount,5
75,motionIntensityG,0.0464629609428153
75,activeEnergyKcal,3.367042702358192
75,heartRateBpm,131.74193837168224
76,repVelocityMps,0
76,repCount,5
76,motionIntensityG,0.05715968546298099
76,activeEnergyKcal,3.4282188230295327
76,heartRateBpm,132.52553514545957
77,repVelocityMps,0
77,repCount,5
77,motionIntensityG,0.09505206024022636
77,activeEnergyKcal,3.4893943594646295
77,heartRateBpm,134.36054442656175
78,repVelocityMps,0
78,repCount,5
78,motionIntensityG,0.08181502231914001
78,activeEnergyKcal,3.5505693116634824
78,heartRateBpm,137.51255547204872
79,repVelocityMps,0
79,repCount,5
79,motionIntensityG,0.07357091928370202
79,activeEnergyKcal,3.611743679626091
79,heartRateBpm,140.30964925166853
80,repVelocityMps,0
80,repCount,5
80,motionIntensityG,0.07046353711008112
80,activeEnergyKcal,3.672917463352456
80,heartRateBpm,142.0671890151881
81,repVelocityMps,0
81,repCount,5
81,motionIntensityG,0.11456966529975901
81,activeEnergyKcal,3.734090662842577
81,heartRateBpm,143.1551205581757
82,repVelocityMps,0
82,repCount,5
82,motionIntensityG,0.06635724033753918
82,activeEnergyKcal,3.795263278096454
82,heartRateBpm,142.95594609599684
83,repVelocityMps,0
83,repCount,5
83,motionIntensityG,0.07005698447896622
83,activeEnergyKcal,3.8564353091140875
83,heartRateBpm,143.71695920054498
84,repVelocityMps,0
84,repCount,5
84,motionIntensityG,0.058529608608591535
84,activeEnergyKcal,3.917606755895477
84,heartRateBpm,144.5551652493095
85,repVelocityMps,0
85,repCount,5
85,motionIntensityG,0.07201673291887477
85,activeEnergyKcal,3.9787776184406227
85,heartRateBpm,143.96561918927807
86,repVelocityMps,0
86,repCount,5
86,motionIntensityG,0.07558382065227284
86,activeEnergyKcal,4.039947896749524
86,heartRateBpm,145.40339757818705
87,repVelocityMps,0
87,repCount,5
87,motionIntensityG,0.07990382463405364
87,activeEnergyKcal,4.101117590822182
87,heartRateBpm,144.55704769285094
88,repVelocityMps,0
88,repCount,5
88,motionIntensityG,0.06121365079026567
88,activeEnergyKcal,4.162286700658596
88,heartRateBpm,144.47556884523564
89,repVelocityMps,0
89,repCount,5
89,motionIntensityG,0.11990561816279881
89,activeEnergyKcal,4.223455226258766
89,heartRateBpm,146.33995821691542
90,repVelocityMps,0
90,repCount,5
90,motionIntensityG,0.06052435947435235
90,activeEnergyKcal,4.284623167622692
90,heartRateBpm,144.7543393013413
91,repVelocityMps,0
91,repCount,5
91,motionIntensityG,0.07303791633701452
91,activeEnergyKcal,4.345790524750374
91,heartRateBpm,145.87466871885283
92,repVelocityMps,0
92,repCount,5
92,motionIntensityG,0.05469336342901146
92,activeEnergyKcal,4.406957297641812
92,heartRateBpm,144.2604319689987
93,repVelocityMps,0
93,repCount,5
93,motionIntensityG,0.07285560566586384
93,activeEnergyKcal,4.4681234862970065
93,heartRateBpm,142.82287228760373
94,repVelocityMps,0
94,repCount,5
94,motionIntensityG,0.05449949545402351
94,activeEnergyKcal,4.529289090715957
94,heartRateBpm,143.40252973672546
95,repVelocityMps,0
95,repCount,5
95,motionIntensityG,0.08674524995649882
95,activeEnergyKcal,4.590454110898664
95,heartRateBpm,146.26432425723937
96,repVelocityMps,0
96,repCount,5
96,motionIntensityG,0.05589882840055237
96,activeEnergyKcal,4.6516185468451265
96,heartRateBpm,144.28055432939237
97,repVelocityMps,0
97,repCount,5
97,motionIntensityG,0.06512962453592842
97,activeEnergyKcal,4.712782398555345
97,heartRateBpm,143.44121732603188
98,repVelocityMps,0
98,repCount,5
98,motionIntensityG,0.07571751555621556
98,activeEnergyKcal,4.77394566602932
98,heartRateBpm,142.566689838916
99,repVelocityMps,0
99,repCount,5
99,motionIntensityG,0.07120192107931061
99,activeEnergyKcal,4.835108349267051
99,heartRateBpm,143.0869267393527
100,repVelocityMps,0
100,repCount,5
100,motionIntensityG,0.05494754248032842
100,activeEnergyKcal,4.896270448268538
100,heartRateBpm,140.95638398184545
101,repVelocityMps,0
101,repCount,5
101,motionIntensityG,0.09919826811019998
101,activeEnergyKcal,4.957431963033781
101,heartRateBpm,142.25679796177252
102,repVelocityMps,0
102,repCount,5
102,motionIntensityG,0.08800715760251951
102,activeEnergyKcal,5.018592893562781
102,heartRateBpm,142.14918233095307
103,repVelocityMps,0
103,repCount,5
103,motionIntensityG,0.06329135620459435
103,activeEnergyKcal,5.0797532398555365
103,heartRateBpm,141.38816448263572
104,repVelocityMps,0
104,repCount,5
104,motionIntensityG,0.08398713492206157
104,activeEnergyKcal,5.140913001912048
104,heartRateBpm,141.67573880862125
105,repVelocityMps,0
105,repCount,5
105,motionIntensityG,0.11246338860708986
105,activeEnergyKcal,5.2020721797323155
105,heartRateBpm,143.05138836219962
106,repVelocityMps,0.5455380568291736
106,repCount,1
106,motionIntensityG,1.3499467146704318
106,activeEnergyKcal,5.263230773316339
106,heartRateBpm,143.7800089270157
107,repVelocityMps,0.08183070852437603
107,repCount,1
107,motionIntensityG,0.5697911111111111
107,activeEnergyKcal,5.324388782664119
107,heartRateBpm,143.67131428188554
108,repVelocityMps,0.08183070852437603
108,repCount,1
108,motionIntensityG,0.5697866666666667
108,activeEnergyKcal,5.385546207775655
108,heartRateBpm,144.23960229725662
109,repVelocityMps,0.5182043096568115
109,repCount,2
109,motionIntensityG,1.2969180594337002
109,activeEnergyKcal,5.446703048650948
109,heartRateBpm,144.52854647592508
110,repVelocityMps,0.07773064644852172
110,repCount,2
110,motionIntensityG,0.5697777777777778
110,activeEnergyKcal,5.507859305289996
110,heartRateBpm,146.2046463546481
111,repVelocityMps,0.07773064644852172
111,repCount,2
111,motionIntensityG,0.5697733333333335
111,activeEnergyKcal,5.5690149776928
111,heartRateBpm,146.65144882252636
112,repVelocityMps,0.49760704304294356
112,repCount,3
112,motionIntensityG,1.2639873319611874
112,activeEnergyKcal,5.63017006585936
112,heartRateBpm,147.88044797384708
113,repVelocityMps,0.07464105645644153
113,repCount,3
113,motionIntensityG,0.5697644444444445
113,activeEnergyKcal,5.691324569789677
113,heartRateBpm,147.85621666347154
114,repVelocityMps,0.07464105645644153
114,repCount,3
114,motionIntensityG,0.56976
114,activeEnergyKcal,5.7524784894837495
114,heartRateBpm,146.85014695677646
115,repVelocityMps,0.45190904042573393
115,repCount,4
115,motionIntensityG,1.2405899348080305
115,activeEnergyKcal,5.813631824941578
115,heartRateBpm,145.4694364955899
116,repVelocityMps,0.06778635606386009
116,repCount,4
116,motionIntensityG,0.5697511111111111
116,activeEnergyKcal,5.874784576163163
116,heartRateBpm,145.430277287921
117,repVelocityMps,0.06778635606386009
117,repCount,4
117,motionIntensityG,0.5697466666666667
117,activeEnergyKcal,5.935936743148504
117,heartRateBpm,148.19154591991753
118,repVelocityMps,0.3971213389358648
118,repCount,5
118,motionIntensityG,1.409495434021261
118,activeEnergyKcal,5.997088325897601
118,heartRateBpm,148.36330301954405
119,repVelocityMps,0
119,repCount,5
119,motionIntensityG,0.08870688620507466
119,activeEnergyKcal,6.058239324410454
119,heartRateBpm,153.490913318802
120,repVelocityMps,0
120,repCount,5
120,motionIntensityG,0.06978412905438637
120,activeEnergyKcal,6.1193897386870635
120,heartRateBpm,150.71068651779345
121,repVelocityMps,0
121,repCount,5
121,motionIntensityG,0.08931230476163472
121,activeEnergyKcal,6.180539568727429
121,heartRateBpm,147.52104630192895
122,repVelocityMps,0
122,repCount,5
122,motionIntensityG,0.06363583076594409
122,activeEnergyKcal,6.2416888145315506
122,heartRateBpm,147.45409060947364
123,repVelocityMps,0
123,repCount,5
123,motionIntensityG,0.0625178066437203
123,activeEnergyKcal,6.302837476099429
123,heartRateBpm,147.3234489652032
124,repVelocityMps,0
124,repCount,5
124,motionIntensityG,0.07818615283276488
124,activeEnergyKcal,6.363985553431062
124,heartRateBpm,148.2139380893005
125,repVelocityMps,0
125,repCount,5
125,motionIntensityG,0.058662495925858246
125,activeEnergyKcal,6.425133046526452
125,heartRateBpm,150.35129878289635
126,repVelocityMps,0
126,repCount,5
126,motionIntensityG,0.07664478530380095
126,activeEnergyKcal,6.486279955385598
126,heartRateBpm,149.84834581475397
127,repVelocityMps,0
127,repCount,5
127,motionIntensityG,0.08086938574297896
127,activeEnergyKcal,6.5474262800085
127,heartRateBpm,151.72459601109682
128,repVelocityMps,0
128,repCount,5
128,motionIntensityG,0.10308664345326614
128,activeEnergyKcal,6.608572020395158
128,heartRateBpm,151.0789805530855
129,repVelocityMps,0
129,repCount,5
129,motionIntensityG,0.07998853385417441
129,activeEnergyKcal,6.669717176545572
129,heartRateBpm,149.51676950848508
130,repVelocityMps,0
130,repCount,5
130,motionIntensityG,0.04932689001136732
130,activeEnergyKcal,6.730861748459743
130,heartRateBpm,149.97946236744548
131,repVelocityMps,0
131,repCount,5
131,motionIntensityG,0.07527278362914815
131,activeEnergyKcal,6.79200573613767
131,heartRateBpm,150.71569300775323
132,repVelocityMps,0
132,repCount,5
132,motionIntensityG,0.09136233649856973
132,activeEnergyKcal,6.853149139579352
132,heartRateBpm,149.27330793998894
133,repVelocityMps,0
133,repCount,5
133,motionIntensityG,0.09696389370133605
133,activeEnergyKcal,6.914291958784791
133,heartRateBpm,150.71735373227952
134,repVelocityMps,0
134,repCount,5
134,motionIntensityG,0.061571173697140755
134,activeEnergyKcal,6.975434193753985
134,heartRateBpm,151.84664099715624
135,repVelocityMps,0
135,repCount,5
135,motionIntensityG,0.09243329765705491
135,activeEnergyKcal,7.036575844486936
135,heartRateBpm,151.52975339480457
136,repVelocityMps,0
136,repCount,5
136,motionIntensityG,0.10970943760515367
136,activeEnergyKcal,7.097716910983643
136,heartRateBpm,150.9199615647369
137,repVelocityMps,0
137,repCount,5
137,motionIntensityG,0.03144324934212704
137,activeEnergyKcal,7.158857393244107
137,heartRateBpm,149.84000244840144
138,repVelocityMps,0
138,repCount,5
138,motionIntensityG,0.07369504190964643
138,activeEnergyKcal,7.219997291268326
138,heartRateBpm,150.90346890142092
139,repVelocityMps,0
139,repCount,5
139,motionIntensityG,0.06071134100609728
139,activeEnergyKcal,7.281136605056301
139,heartRateBpm,150.64480001732028
140,repVelocityMps,0
140,repCount,5
140,motionIntensityG,0.10182651257501901
140,activeEnergyKcal,7.342275334608033
140,heartRateBpm,151.6833137162108
141,repVelocityMps,0
141,repCount,5
141,motionIntensityG,0.06023465883737145
141,activeEnergyKcal,7.40341347992352
141,heartRateBpm,152.66611032636015
142,repVelocityMps,0
142,repCount,5
142,motionIntensityG,0.060863818801613484
142,activeEnergyKcal,7.464551041002764
142,heartRateBpm,153.0026183902728
143,repVelocityMps,0
143,repCount,5
143,motionIntensityG,0.11652312515941192
143,activeEnergyKcal,7.525688017845764
143,heartRateBpm,155.1804022008399
144,repVelocityMps,0
144,repCount,5
144,motionIntensityG,0.0614117683406111
144,activeEnergyKcal,7.58682441045252
144,heartRateBpm,155.98135990059617
145,repVelocityMps,0
145,repCount,5
145,motionIntensityG,0.0984511420869682
145,activeEnergyKcal,7.647960218823032
145,heartRateBpm,155.94903582934037
146,repVelocityMps,0
146,repCount,5
146,motionIntensityG,0.07377800912568214
146,activeEnergyKcal,7.7090954429573
146,heartRateBpm,156.68453753058643
147,repVelocityMps,0
147,repCount,5
147,motionIntensityG,0.05920898453305954
147,activeEnergyKcal,7.770230082855324
147,heartRateBpm,155.91194388146067
148,repVelocityMps,0
148,repCount,5
148,motionIntensityG,0.08073690773091019
148,activeEnergyKcal,7.831364138517104
148,heartRateBpm,155.05533570436234
149,repVelocityMps,0
149,repCount,5
149,motionIntensityG,0.06567844438172128
149,activeEnergyKcal,7.892497609942641
149,heartRateBpm,154.07790287759062
150,repVelocityMps,0
150,repCount,5
150,motionIntensityG,0.10510534260398618
150,activeEnergyKcal,7.921071745936905
150,heartRateBpm,154.4872302065339
151,repVelocityMps,0
151,repCount,5
151,motionIntensityG,0.08290096032202869
151,activeEnergyKcal,7.949646631214152
151,heartRateBpm,155.49738043854057
152,repVelocityMps,0
152,repCount,5
152,motionIntensityG,0.07976813779978102
152,activeEnergyKcal,7.978222265774381
152,heartRateBpm,152.98277349967728
153,repVelocityMps,0
153,repCount,5
153,motionIntensityG,0.05289546150858157
153,activeEnergyKcal,8.006798649617593
153,heartRateBpm,150.91118285013917
154,repVelocityMps,0
154,repCount,5
154,motionIntensityG,0.1005848403490707
154,activeEnergyKcal,8.035375782743788
154,heartRateBpm,151.25494092862783
155,repVelocityMps,0
155,repCount,5
155,motionIntensityG,0.09928355504364156
155,activeEnergyKcal,8.063953665152965
155,heartRateBpm,150.48237964560042
156,repVelocityMps,0
156,repCount,5
156,motionIntensityG,0.08222429553742626
156,activeEnergyKcal,8.092532296845127
156,heartRateBpm,150.18191537889902
157,repVelocityMps,0
157,repCount,5
157,motionIntensityG,0.03609354858400622
157,activeEnergyKcal,8.12111167782027
157,heartRateBpm,148.77845589444868
158,repVelocityMps,0
158,repCount,5
158,motionIntensityG,0.1069103635676803
158,activeEnergyKcal,8.149691808078396
158,heartRateBpm,145.51171839517315
159,repVelocityMps,0
159,repCount,5
159,motionIntensityG,0.09502980146301813
159,activeEnergyKcal,8.178272687619504
159,heartRateBpm,144.49045142054962
160,repVelocityMps,0
160,repCount,5
160,motionIntensityG,0.08859983718251152
160,activeEnergyKcal,8.206854316443597
160,heartRateBpm,143.72889270246716
161,repVelocityMps,0
161,repCount,5
161,motionIntensityG,0.08301240267576525
161,activeEnergyKcal,8.235436694550671
161,heartRateBpm,142.1611238158452
162,repVelocityMps,0
162,repCount,5
162,motionIntensityG,0.08110365801651857
162,activeEnergyKcal,8.264019821940728
162,heartRateBpm,143.4989383209291
163,repVelocityMps,0
163,repCount,5
163,motionIntensityG,0.0680293263239779
163,activeEnergyKcal,8.292603698613767
163,heartRateBpm,144.87245251214136
164,repVelocityMps,0
164,repCount,5
164,motionIntensityG,0.09353938374144453
164,activeEnergyKcal,8.32118832456979
164,heartRateBpm,142.08927847188923
165,repVelocityMps,0
165,repCount,5
165,motionIntensityG,0.10492353400709956
165,activeEnergyKcal,8.349773410611856
165,heartRateBpm,141.19437477897168
166,repVelocityMps,0
166,repCount,5
166,motionIntensityG,0.08596609629186339
166,activeEnergyKcal,8.378358496653922
166,heartRateBpm,141.77463805000377
167,repVelocityMps,0
167,repCount,5
167,motionIntensityG,0.07592409016816593
167,activeEnergyKcal,8.406943582695988
167,heartRateBpm,141.9415747530588
168,repVelocityMps,0
168,repCount,5
168,motionIntensityG,0.054995006842235516
168,activeEnergyKcal,8.435528668738053
168,heartRateBpm,141.30278205740734
169,repVelocityMps,0
169,repCount,5
169,motionIntensityG,0.06216292627449979
169,activeEnergyKcal,8.464113754780119
169,heartRateBpm,142.05087766047575
170,repVelocityMps,0
170,repCount,5
170,motionIntensityG,0.07600770077660134
170,activeEnergyKcal,8.492698840822184
170,heartRateBpm,140.1297314086521
171,repVelocityMps,0
171,repCount,5
171,motionIntensityG,0.04915591523675701
171,activeEnergyKcal,8.52128392686425
171,heartRateBpm,138.15266367323213
172,repVelocityMps,0
172,repCount,5
172,motionIntensityG,0.05314240510502982
172,activeEnergyKcal,8.549869012906315
172,heartRateBpm,139.59359070831968
173,repVelocityMps,0
173,repCount,5
173,motionIntensityG,0.06391779172776665
173,activeEnergyKcal,8.57845409894838
173,heartRateBpm,137.52218929568792
174,repVelocityMps,0
174,repCount,5
174,motionIntensityG,0.06851153828764807
174,activeEnergyKcal,8.607039184990446
174,heartRateBpm,136.34978239311772
175,repVelocityMps,0
175,repCount,5
175,motionIntensityG,0.08423242181888771
175,activeEnergyKcal,8.635624271032512
175,heartRateBpm,136.2521408215074
176,repVelocityMps,0
176,repCount,5
176,motionIntensityG,0.08922051868815907
176,activeEnergyKcal,8.664209357074578
176,heartRateBpm,133.07872231137128
177,repVelocityMps,0
177,repCount,5
177,motionIntensityG,0.08659995798829409
177,activeEnergyKcal,8.692794443116643
177,heartRateBpm,132.449174097188
178,repVelocityMps,0
178,repCount,5
178,motionIntensityG,0.047706314079729445
178,activeEnergyKcal,8.721379529158709
178,heartRateBpm,129.01879954900033
179,repVelocityMps,0
179,repCount,5
179,motionIntensityG,0.107739769774885
179,activeEnergyKcal,8.749964615200774
179,heartRateBpm,127.78976223352166
180,repVelocityMps,0
180,repCount,5
180,motionIntensityG,0.07278245786976383
180,activeEnergyKcal,8.77854970124284
180,heartRateBpm,129.71457787098467
181,repVelocityMps,0
181,repCount,5
181,motionIntensityG,0.11487559346050247
181,activeEnergyKcal,8.807134787284905
181,heartRateBpm,127.60522528969945
182,repVelocityMps,0
182,repCount,5
182,motionIntensityG,0.09502570965377806
182,activeEnergyKcal,8.83571987332697
182,heartRateBpm,127.4044298624429
183,repVelocityMps,0
183,repCount,5
183,motionIntensityG,0.06714504082108877
183,activeEnergyKcal,8.864304959369036
183,heartRateBpm,126.37443357596645
184,repVelocityMps,0
184,repCount,5
184,motionIntensityG,0.08977301745557406
184,activeEnergyKcal,8.892890045411102
184,heartRateBpm,124.68923080141505
185,repVelocityMps,0
185,repCount,5
185,motionIntensityG,0.0569367244281488
185,activeEnergyKcal,8.921475131453168
185,heartRateBpm,123.51069931740552
186,repVelocityMps,0
186,repCount,5
186,motionIntensityG,0.0730384068670656
186,activeEnergyKcal,8.950060217495233
186,heartRateBpm,122.75155032195526
187,repVelocityMps,0
187,repCount,5
187,motionIntensityG,0.08474976266004824
187,activeEnergyKcal,8.978645303537299
187,heartRateBpm,121.43092509110153
188,repVelocityMps,0
188,repCount,5
188,motionIntensityG,0.07263592342083851
188,activeEnergyKcal,9.007230389579364
188,heartRateBpm,122.06306173911695
189,repVelocityMps,0
189,repCount,5
189,motionIntensityG,0.11083567399596969
189,activeEnergyKcal,9.03581547562143
189,heartRateBpm,120.32935177046221
190,repVelocityMps,0
190,repCount,5
190,motionIntensityG,0.08784192271762438
190,activeEnergyKcal,9.064400561663495
190,heartRateBpm,120.8845266068498
191,repVelocityMps,0
191,repCount,5
191,motionIntensityG,0.07501291797762973
191,activeEnergyKcal,9.09298564770556
191,heartRateBpm,121.18656430526455
192,repVelocityMps,0
192,repCount,5
192,motionIntensityG,0.09471207207618444
192,activeEnergyKcal,9.121570733747626
192,heartRateBpm,121.15046600722458
193,repVelocityMps,0
193,repCount,5
193,motionIntensityG,0.0802436257356965
193,activeEnergyKcal,9.150155819789692
193,heartRateBpm,120.4382853238289
194,repVelocityMps,0
194,repCount,5
194,motionIntensityG,0.06704521549966674
194,activeEnergyKcal,9.178740905831758
194,heartRateBpm,119.22357582030143
195,repVelocityMps,0
195,repCount,5
195,motionIntensityG,0.06644172093209313
195,activeEnergyKcal,9.207325991873823
195,heartRateBpm,120.11005115020673
196,repVelocityMps,0
196,repCount,5
196,motionIntensityG,0.08245959299128591
196,activeEnergyKcal,9.235911077915889
196,heartRateBpm,120.66099206844147
197,repVelocityMps,0
197,repCount,5
197,motionIntensityG,0.08054212514923557
197,activeEnergyKcal,9.264496163957954
197,heartRateBpm,121.90723905188116
198,repVelocityMps,0
198,repCount,5
198,motionIntensityG,0.09419100242120275
198,activeEnergyKcal,9.29308125000002
198,heartRateBpm,122.55907458606357
199,repVelocityMps,0
199,repCount,5
199,motionIntensityG,0.06825839594532138
199,activeEnergyKcal,9.321666336042085
199,heartRateBpm,120.81074610272654
200,repVelocityMps,0
200,repCount,5
200,motionIntensityG,0.08743607963410233
200,activeEnergyKcal,9.35025142208415
200,heartRateBpm,120.46939523503592
201,repVelocityMps,0
201,repCount,5
201,motionIntensityG,0.11156256418554264
201,activeEnergyKcal,9.378836508126216
201,heartRateBpm,121.74028692893174
202,repVelocityMps,0
202,repCount,5
202,motionIntensityG,0.0854881466231565
202,activeEnergyKcal,9.407421594168282
202,heartRateBpm,121.10004732298513
203,repVelocityMps,0
203,repCount,5
203,motionIntensityG,0.08067313287211252
203,activeEnergyKcal,9.436006680210347
203,heartRateBpm,121.01219946375753
204,repVelocityMps,0
204,repCount,5
204,motionIntensityG,0.06761092376552684
204,activeEnergyKcal,9.464591766252413
204,heartRateBpm,118.38027725925798
205,repVelocityMps,0
205,repCount,5
205,motionIntensityG,0.08374068413888751
205,activeEnergyKcal,9.493176852294479
205,heartRateBpm,116.35659158741852
206,repVelocityMps,0
206,repCount,5
206,motionIntensityG,0.06064842088515008
206,activeEnergyKcal,9.521761938336544
206,heartRateBpm,116.17265714788545
207,repVelocityMps,0
207,repCount,5
207,motionIntensityG,0.08084471430544751
207,activeEnergyKcal,9.55034702437861
207,heartRateBpm,117.17603692409782
208,repVelocityMps,0
208,repCount,5
208,motionIntensityG,0.09201119079634003
208,activeEnergyKcal,9.578932110420675
208,heartRateBpm,118.4771946590147
209,repVelocityMps,0.5287617510139515
209,repCount,1
209,motionIntensityG,1.488041993552099
209,activeEnergyKcal,9.60751719646274
209,heartRateBpm,118.00201268698407
210,repVelocityMps,0.07931426265209272
210,repCount,1
210,motionIntensityG,0.322
210,activeEnergyKcal,9.636102282504806
210,heartRateBpm,119.65940272421416
211,repVelocityMps,0.07931426265209272
211,repCount,1
211,motionIntensityG,0.322
211,activeEnergyKcal,9.664687368546872
211,heartRateBpm,118.21373235851826
212,repVelocityMps,0.07931426265209272
212,repCount,1
212,motionIntensityG,0.322
212,activeEnergyKcal,9.693272454588937
212,heartRateBpm,117.76502281555281
213,repVelocityMps,0.5132109236383965
213,repCount,2
213,motionIntensityG,1.5151428264802584
213,activeEnergyKcal,9.721857540631003
213,heartRateBpm,118.18157367780775
214,repVelocityMps,0.07698163854575947
214,repCount,2
214,motionIntensityG,0.322
214,activeEnergyKcal,9.750442626673069
214,heartRateBpm,118.47672245487664
215,repVelocityMps,0.07698163854575947
215,repCount,2
215,motionIntensityG,0.322
215,activeEnergyKcal,9.779027712715134
215,heartRateBpm,118.48367008435036
216,repVelocityMps,0.07698163854575947
216,repCount,2
216,motionIntensityG,0.322
216,activeEnergyKcal,9.8076127987572
216,heartRateBpm,119.89508311266789
217,repVelocityMps,0.4804017471711547
217,repCount,3
217,motionIntensityG,1.4014681991813638
217,activeEnergyKcal,9.836197884799265
217,heartRateBpm,119.06205848388885
218,repVelocityMps,0.0720602620756732
218,repCount,3
218,motionIntensityG,0.322
218,activeEnergyKcal,9.86478297084133
218,heartRateBpm,119.17978878775199
219,repVelocityMps,0.0720602620756732
219,repCount,3
219,motionIntensityG,0.322
219,activeEnergyKcal,9.893368056883396
219,heartRateBpm,117.64824164750065
220,repVelocityMps,0.0720602620756732
220,repCount,3
220,motionIntensityG,0.322
220,activeEnergyKcal,9.921953142925462
220,heartRateBpm,117.04557861726356
221,repVelocityMps,0.463564476474277
221,repCount,4
221,motionIntensityG,1.203009082308924
221,activeEnergyKcal,9.950538228967527
221,heartRateBpm,116.50599715601342
222,repVelocityMps,0.06953467147114155
222,repCount,4
222,motionIntensityG,0.322
222,activeEnergyKcal,9.979123315009593
222,heartRateBpm,113.88522571036977
223,repVelocityMps,0.06953467147114155
223,repCount,4
223,motionIntensityG,0.322
223,activeEnergyKcal,10.007708401051659
223,heartRateBpm,113.58702498805586
224,repVelocityMps,0.06953467147114155
224,repCount,4
224,motionIntensityG,0.322
224,activeEnergyKcal,10.036293487093724
224,heartRateBpm,113.43858472914602
225,repVelocityMps,0.4192060710745209
225,repCount,5
225,motionIntensityG,1.2940579543112922
225,activeEnergyKcal,10.06487857313579
225,heartRateBpm,114.93958581877516
226,repVelocityMps,0
226,repCount,5
226,motionIntensityG,0.09428761333105322
226,activeEnergyKcal,10.093463659177855
226,heartRateBpm,114.37030115472311
227,repVelocityMps,0
227,repCount,5
227,motionIntensityG,0.08695035903050086
227,activeEnergyKcal,10.12204874521992
227,heartRateBpm,114.83608388706527
228,repVelocityMps,0
228,repCount,5
228,motionIntensityG,0.052063912116728644
228,activeEnergyKcal,10.150633831261986
228,heartRateBpm,114.09233089709987
229,repVelocityMps,0
229,repCount,5
229,motionIntensityG,0.08938756154451062
229,activeEnergyKcal,10.179218917304052
229,heartRateBpm,115.5588322801222
230,repVelocityMps,0
230,repCount,5
230,motionIntensityG,0.0866059418266327
230,activeEnergyKcal,10.207804003346117
230,heartRateBpm,116.48026201562199
231,repVelocityMps,0
231,repCount,5
231,motionIntensityG,0.09323261012878592
231,activeEnergyKcal,10.236389089388183
231,heartRateBpm,113.75017727411927
232,repVelocityMps,0
232,repCount,5
232,motionIntensityG,0.09884936695729707
232,activeEnergyKcal,10.264974175430249
232,heartRateBpm,115.94854586188706
233,repVelocityMps,0
233,repCount,5
233,motionIntensityG,0.12430036114697218
233,activeEnergyKcal,10.293559261472314
233,heartRateBpm,116.19319224379109
234,repVelocityMps,0
234,repCount,5
234,motionIntensityG,0.07267518619149059
234,activeEnergyKcal,10.32214434751438
234,heartRateBpm,115.72061414927111
235,repVelocityMps,0
235,repCount,5
235,motionIntensityG,0.07726346053404279
235,activeEnergyKcal,10.350729433556445
235,heartRateBpm,114.45313888539869
236,repVelocityMps,0
236,repCount,5
236,motionIntensityG,0.07553319822375637
236,activeEnergyKcal,10.37931451959851
236,heartRateBpm,112.89101015137598
237,repVelocityMps,0
237,repCount,5
237,motionIntensityG,0.09374199638089173
237,activeEnergyKcal,10.407899605640576
237,heartRateBpm,114.60419589179337
238,repVelocityMps,0
238,repCount,5
238,motionIntensityG,0.08320350338189676
238,activeEnergyKcal,10.436484691682642
238,heartRateBpm,111.8202812314997
239,repVelocityMps,0
239,repCount,5
239,motionIntensityG,0.050923764670910907
239,activeEnergyKcal,10.465069777724707
239,heartRateBpm,109.24765415400476
240,repVelocityMps,0
240,repCount,5
240,motionIntensityG,0.0903201259443311
240,activeEnergyKcal,10.526254661939706
240,heartRateBpm,112.1819759744417
241,repVelocityMps,0
241,repCount,5
241,motionIntensityG,0.10268666655216607
241,activeEnergyKcal,10.587438961918462
241,heartRateBpm,113.0022667338459
242,repVelocityMps,0
242,repCount,5
242,motionIntensityG,0.08369326507841367
242,activeEnergyKcal,10.648622677660972
242,heartRateBpm,114.03655232097321
243,repVelocityMps,0
243,repCount,5
243,motionIntensityG,0.06764124000462687
243,activeEnergyKcal,10.70980580916724
243,heartRateBpm,115.61907383684346
244,repVelocityMps,0
244,repCount,5
244,motionIntensityG,0.0795288320954321
244,activeEnergyKcal,10.770988356437263
244,heartRateBpm,116.34614523718415
245,repVelocityMps,0
245,repCount,5
245,motionIntensityG,0.09641651952051478
245,activeEnergyKcal,10.832170319471043
245,heartRateBpm,117.9122671950197
246,repVelocityMps,0
246,repCount,5
246,motionIntensityG,0.06792046015934201
246,activeEnergyKcal,10.893351698268578
246,heartRateBpm,118.48687879848937
247,repVelocityMps,0
247,repCount,5
247,motionIntensityG,0.09164186900592441
247,activeEnergyKcal,10.95453249282987
247,heartRateBpm,120.17890594037212
248,repVelocityMps,0
248,repCount,5
248,motionIntensityG,0.09502609923439587
248,activeEnergyKcal,11.015712703154918
248,heartRateBpm,120.37928240152094
249,repVelocityMps,0
249,repCount,5
249,motionIntensityG,0.062103476384098424
249,activeEnergyKcal,11.076892329243721
249,heartRateBpm,122.64468941084972
250,repVelocityMps,0
250,repCount,5
250,motionIntensityG,0.07105042233941276
250,activeEnergyKcal,11.13807137109628
250,heartRateBpm,123.04432042209729
251,repVelocityMps,0
251,repCount,5
251,motionIntensityG,0.08704424540792093
251,activeEnergyKcal,11.199249828712597
251,heartRateBpm,124.33683020801057
252,repVelocityMps,0
252,repCount,5
252,motionIntensityG,0.09472067441299326
252,activeEnergyKcal,11.26042770209267
252,heartRateBpm,125.74612055834315
253,repVelocityMps,0
253,repCount,5
253,motionIntensityG,0.05698332771859619
253,activeEnergyKcal,11.321604991236498
253,heartRateBpm,128.93416118305282
254,repVelocityMps,0
254,repCount,5
254,motionIntensityG,0.0537126739445246
254,activeEnergyKcal,11.382781696144082
254,heartRateBpm,128.4498839190743
255,repVelocityMps,0
255,repCount,5
255,motionIntensityG,0.021643626154475473
255,activeEnergyKcal,11.443957816815423
255,heartRateBpm,129.55690165868438
256,repVelocityMps,0
256,repCount,5
256,motionIntensityG,0.036838670482145335
256,activeEnergyKcal,11.50513335325052
256,heartRateBpm,130.5945381782453
257,repVelocityMps,0
257,repCount,5
257,motionIntensityG,0.09882982174032912
257,activeEnergyKcal,11.566308305449372
257,heartRateBpm,132.53274272426668
258,repVelocityMps,0
258,repCount,5
258,motionIntensityG,0.05046277872985591
258,activeEnergyKcal,11.627482673411981
258,heartRateBpm,133.20702960739828
259,repVelocityMps,0
259,repCount,5
259,motionIntensityG,0.09285373569086985
259,activeEnergyKcal,11.688656457138347
259,heartRateBpm,133.99927156833363
260,repVelocityMps,0
260,repCount,5
260,motionIntensityG,0.06654779114744855
260,activeEnergyKcal,11.749829656628467
260,heartRateBpm,132.30294035061704
261,repVelocityMps,0
261,repCount,5
261,motionIntensityG,0.0764688500760755
261,activeEnergyKcal,11.811002271882344
261,heartRateBpm,134.30213739888512
262,repVelocityMps,0
262,repCount,5
262,motionIntensityG,0.0932500392924908
262,activeEnergyKcal,11.872174302899978
262,heartRateBpm,137.32788685151118
263,repVelocityMps,0
263,repCount,5
263,motionIntensityG,0.057230831826235215
263,activeEnergyKcal,11.933345749681367
263,heartRateBpm,140.74827157575157
264,repVelocityMps,0
264,repCount,5
264,motionIntensityG,0.05613700772940687
264,activeEnergyKcal,11.994516612226512
264,heartRateBpm,141.24582436800117
265,repVelocityMps,0
265,repCount,5
265,motionIntensityG,0.09815444770330777
265,activeEnergyKcal,12.055686890535414
265,heartRateBpm,143.34828126994367
266,repVelocityMps,0
266,repCount,5
266,motionIntensityG,0.07506548589565455
266,activeEnergyKcal,12.116856584608072
266,heartRateBpm,145.96171398275953
267,repVelocityMps,0
267,repCount,5
267,motionIntensityG,0.08078376265833198
267,activeEnergyKcal,12.178025694444486
267,heartRateBpm,145.76187567720066
268,repVelocityMps,0
268,repCount,5
268,motionIntensityG,0.07449309783959863
268,activeEnergyKcal,12.239194220044656
268,heartRateBpm,147.56319353720573
269,repVelocityMps,0
269,repCount,5
269,motionIntensityG,0.10078296120647567
269,activeEnergyKcal,12.300362161408582
269,heartRateBpm,150.28583171859566
270,repVelocityMps,0
270,repCount,5
270,motionIntensityG,0.09239443535806492
270,activeEnergyKcal,12.361529518536264
270,heartRateBpm,149.38146471193497
271,repVelocityMps,0
271,repCount,5
271,motionIntensityG,0.0744520546220368
271,activeEnergyKcal,12.422696291427702
271,heartRateBpm,150.27153282383438
272,repVelocityMps,0
272,repCount,5
272,motionIntensityG,0.09392786878125557
272,activeEnergyKcal,12.483862480082896
272,heartRateBpm,150.40869130744474
273,repVelocityMps,0
273,repCount,5
273,motionIntensityG,0.08307589890267261
273,activeEnergyKcal,12.545028084501848
273,heartRateBpm,151.78484886117073
274,repVelocityMps,0
274,repCount,5
274,motionIntensityG,0.06234007709519193
274,activeEnergyKcal,12.606193104684554
274,heartRateBpm,151.80458150612225
275,repVelocityMps,0
275,repCount,5
275,motionIntensityG,0.10422967161018976
275,activeEnergyKcal,12.667357540631016
275,heartRateBpm,153.54073438238774
276,repVelocityMps,0
276,repCount,5
276,motionIntensityG,0.1026914080943915
276,activeEnergyKcal,12.728521392341236
276,heartRateBpm,155.79117966000274
277,repVelocityMps,0
277,repCount,5
277,motionIntensityG,0.06589643707990334
277,activeEnergyKcal,12.78968465981521
277,heartRateBpm,156.02429373561657
278,repVelocityMps,0
278,repCount,5
278,motionIntensityG,0.06782424891981029
278,activeEnergyKcal,12.85084734305294
278,heartRateBpm,156.9655956892567
279,repVelocityMps,0
279,repCount,5
279,motionIntensityG,0.08792541970348486
279,activeEnergyKcal,12.912009442054428
279,heartRateBpm,158.5454688259938
280,repVelocityMps,0
280,repCount,5
280,motionIntensityG,0.07456857759839393
280,activeEnergyKcal,12.973170956819672
280,heartRateBpm,159.5489932539762
281,repVelocityMps,0
281,repCount,5
281,motionIntensityG,0.0650130347551811
281,activeEnergyKcal,13.03433188734867
281,heartRateBpm,159.64425874343226
282,repVelocityMps,0
282,repCount,5
282,motionIntensityG,0.1192120213406403
282,activeEnergyKcal,13.095492233641426
282,heartRateBpm,161.20022431132173
283,repVelocityMps,0
283,repCount,5
283,motionIntensityG,0.056391384647979846
283,activeEnergyKcal,13.156651995697938
283,heartRateBpm,160.9734381409883
284,repVelocityMps,0
284,repCount,5
284,motionIntensityG,0.12220326772633482
284,activeEnergyKcal,13.217811173518205
284,heartRateBpm,160.69487944150464
285,repVelocityMps,0
285,repCount,5
285,motionIntensityG,0.1138368208339205
285,activeEnergyKcal,13.278969767102229
285,heartRateBpm,158.4495164176305
286,repVelocityMps,0
286,repCount,5
286,motionIntensityG,0.07404622261528306
286,activeEnergyKcal,13.340127776450009
286,heartRateBpm,157.1054641473883
287,repVelocityMps,0
287,repCount,5
287,motionIntensityG,0.06566468380327115
287,activeEnergyKcal,13.401285201561546
287,heartRateBpm,156.4402578392457
288,repVelocityMps,0
288,repCount,5
288,motionIntensityG,0.06528724112362637
288,activeEnergyKcal,13.462442042436837
288,heartRateBpm,158.86340930523582
289,repVelocityMps,0
289,repCount,5
289,motionIntensityG,0.08605159748127733
289,activeEnergyKcal,13.523598299075886
289,heartRateBpm,158.35997569871998
290,repVelocityMps,0
290,repCount,5
290,motionIntensityG,0.1006361158885916
290,activeEnergyKcal,13.58475397147869
290,heartRateBpm,158.91476845217244
291,repVelocityMps,0
291,repCount,5
291,motionIntensityG,0.09243701435481674
291,activeEnergyKcal,13.64590905964525
291,heartRateBpm,159.26733968481489
292,repVelocityMps,0
292,repCount,5
292,motionIntensityG,0.08760096845976079
292,activeEnergyKcal,13.707063563575566
292,heartRateBpm,159.7740468750479
293,repVelocityMps,0
293,repCount,5
293,motionIntensityG,0.09938986549708452
293,activeEnergyKcal,13.76821748326964
293,heartRateBpm,161.8623082405653
294,repVelocityMps,0
294,repCount,5
294,motionIntensityG,0.07969447588540816
294,activeEnergyKcal,13.829370818727469
294,heartRateBpm,162.65641202635697
295,repVelocityMps,0
295,repCount,5
295,motionIntensityG,0.07059732943487557
295,activeEnergyKcal,13.890523569949053
295,heartRateBpm,162.45502395953363
296,repVelocityMps,0
296,repCount,5
296,motionIntensityG,0.09330586488582646
296,activeEnergyKcal,13.951675736934394
296,heartRateBpm,163.2096469805533
297,repVelocityMps,0
297,repCount,5
297,motionIntensityG,0.11771199911303698
297,activeEnergyKcal,14.012827319683492
297,heartRateBpm,162.78519802456591
298,repVelocityMps,0
298,repCount,5
298,motionIntensityG,0.08736255083485703
298,activeEnergyKcal,14.073978318196344
298,heartRateBpm,162.7960503609983
299,repVelocityMps,0
299,repCount,5
299,motionIntensityG,0.06993151176863141
299,activeEnergyKcal,14.135128732472953
299,heartRateBpm,164.19965662468724
300,repVelocityMps,0
300,repCount,5
300,motionIntensityG,0.05105277052830634
300,activeEnergyKcal,14.196278562513319
300,heartRateBpm,163.22807194952995
301,repVelocityMps,0
301,repCount,5
301,motionIntensityG,0.05621488855340094
301,activeEnergyKcal,14.257427808317441
301,heartRateBpm,162.97920046852394
302,repVelocityMps,0
302,repCount,5
302,motionIntensityG,0.0718101324567083
302,activeEnergyKcal,14.318576469885318
302,heartRateBpm,162.5133652654272
303,repVelocityMps,0
303,repCount,5
303,motionIntensityG,0.08257350542438305
303,activeEnergyKcal,14.379724547216952
303,heartRateBpm,161.86404372401492
304,repVelocityMps,0
304,repCount,5
304,motionIntensityG,0.08200154428340539
304,activeEnergyKcal,14.440872040312343
304,heartRateBpm,161.46747083072236
305,repVelocityMps,0
305,repCount,5
305,motionIntensityG,0.08322125691682011
305,activeEnergyKcal,14.502018949171488
305,heartRateBpm,162.94389166097466
306,repVelocityMps,0
306,repCount,5
306,motionIntensityG,0.060276063148895276
306,activeEnergyKcal,14.56316527379439
306,heartRateBpm,165.54660968852335
307,repVelocityMps,0
307,repCount,5
307,motionIntensityG,0.08660485462473351
307,activeEnergyKcal,14.624311014181048
307,heartRateBpm,164.67665629142536
308,repVelocityMps,0
308,repCount,5
308,motionIntensityG,0.0813851680457579
308,activeEnergyKcal,14.685456170331463
308,heartRateBpm,166.96019193587927
309,repVelocityMps,0
309,repCount,5
309,motionIntensityG,0.09923572091275441
309,activeEnergyKcal,14.746600742245633
309,heartRateBpm,166.4859527306507
310,repVelocityMps,0
310,repCount,5
310,motionIntensityG,0.08996265689229993
310,activeEnergyKcal,14.77517737584984
310,heartRateBpm,165.04471049411126
311,repVelocityMps,0
311,repCount,5
311,motionIntensityG,0.10232441730408759
311,activeEnergyKcal,14.803754758737028
311,heartRateBpm,162.35281200937925
312,repVelocityMps,0
312,repCount,5
312,motionIntensityG,0.06036182620632775
312,activeEnergyKcal,14.8323328909072
312,heartRateBpm,161.3386078325504
313,repVelocityMps,0
313,repCount,5
313,motionIntensityG,0.06149069578050391
313,activeEnergyKcal,14.860911772360355
313,heartRateBpm,160.69948967031553
314,repVelocityMps,0
314,repCount,5
314,motionIntensityG,0.09565416696201397
314,activeEnergyKcal,14.889491403096493
314,heartRateBpm,161.17962781801103
315,repVelocityMps,0
315,repCount,5
315,motionIntensityG,0.09864909073734837
315,activeEnergyKcal,14.918071783115613
315,heartRateBpm,160.50660722713175
316,repVelocityMps,0.5508541816537037
316,repCount,1
316,motionIntensityG,1.393891549452365
316,activeEnergyKcal,14.946652912417717
316,heartRateBpm,161.46365432271102
317,repVelocityMps,0.08262812724805556
317,repCount,1
317,motionIntensityG,0.32197560000000003
317,activeEnergyKcal,14.975234791002803
317,heartRateBpm,158.9025677383465
318,repVelocityMps,0.08262812724805556
318,repCount,1
318,motionIntensityG,0.3219813
318,activeEnergyKcal,15.003817418870872
318,heartRateBpm,157.21219396073812
319,repVelocityMps,0.08262812724805556
319,repCount,1
319,motionIntensityG,0.321987
319,activeEnergyKcal,15.032400796021923
319,heartRateBpm,154.8140745001645
320,repVelocityMps,0.5585731357644865
320,repCount,2
320,motionIntensityG,1.410683774506914
320,activeEnergyKcal,15.060984922455958
320,heartRateBpm,154.70001280834117
321,repVelocityMps,0.08378597036467297
321,repCount,2
321,motionIntensityG,0.3219984
321,activeEnergyKcal,15.089569798172976
321,heartRateBpm,150.76306761046592
322,repVelocityMps,0.08378597036467297
322,repCount,2
322,motionIntensityG,0.322
322,activeEnergyKcal,15.118154884215041
322,heartRateBpm,149.94988091494963
323,repVelocityMps,0.08378597036467297
323,repCount,2
323,motionIntensityG,0.322
323,activeEnergyKcal,15.146739970257107
323,heartRateBpm,148.1537693576792
324,repVelocityMps,0.47012688131728325
324,repCount,3
324,motionIntensityG,1.5951049941333795
324,activeEnergyKcal,15.175325056299172
324,heartRateBpm,147.46512581089362
325,repVelocityMps,0.07051903219759248
325,repCount,3
325,motionIntensityG,0.322
325,activeEnergyKcal,15.203910142341238
325,heartRateBpm,147.09902070479617
326,repVelocityMps,0.07051903219759248
326,repCount,3
326,motionIntensityG,0.322
326,activeEnergyKcal,15.232495228383303
326,heartRateBpm,145.86118478047058
327,repVelocityMps,0.07051903219759248
327,repCount,3
327,motionIntensityG,0.322
327,activeEnergyKcal,15.261080314425369
327,heartRateBpm,146.58584810387475
328,repVelocityMps,0.43764848544930923
328,repCount,4
328,motionIntensityG,1.5352659436555869
328,activeEnergyKcal,15.289665400467435
328,heartRateBpm,145.55964049053978
329,repVelocityMps,0.06564727281739638
329,repCount,4
329,motionIntensityG,0.322
329,activeEnergyKcal,15.3182504865095
329,heartRateBpm,145.42384530431056
330,repVelocityMps,0.06564727281739638
330,repCount,4
330,motionIntensityG,0.322
330,activeEnergyKcal,15.346835572551566
330,heartRateBpm,143.81638730102418
331,repVelocityMps,0.06564727281739638
331,repCount,4
331,motionIntensityG,0.322
331,activeEnergyKcal,15.375420658593631
331,heartRateBpm,142.30550500948823
332,repVelocityMps,0.4191099711896949
332,repCount,5
332,motionIntensityG,1.3955592346669505
332,activeEnergyKcal,15.404005744635697
332,heartRateBpm,143.11774734804783
333,repVelocityMps,0
333,repCount,5
333,motionIntensityG,0.069581232575153
333,activeEnergyKcal,15.432590830677762
333,heartRateBpm,141.4595840964003
334,repVelocityMps,0
334,repCount,5
334,motionIntensityG,0.0887309650018825
334,activeEnergyKcal,15.461175916719828
334,heartRateBpm,141.0925258246267
335,repVelocityMps,0
335,repCount,5
335,motionIntensityG,0.05708602193630096
335,activeEnergyKcal,15.489761002761893
335,heartRateBpm,140.89615424259546
336,repVelocityMps,0
336,repCount,5
336,motionIntensityG,0.07566596121340032
336,activeEnergyKcal,15.518346088803959
336,heartRateBpm,141.58556133453064
337,repVelocityMps,0
337,repCount,5
337,motionIntensityG,0.06685074190810426
337,activeEnergyKcal,15.546931174846025
337,heartRateBpm,142.06036183245828
338,repVelocityMps,0
338,repCount,5
338,motionIntensityG,0.08823499042437923
338,activeEnergyKcal,15.57551626088809
338,heartRateBpm,140.74000429832688
339,repVelocityMps,0
339,repCount,5
339,motionIntensityG,0.05540164990898504
339,activeEnergyKcal,15.604101346930156
339,heartRateBpm,137.28266140341094
340,repVelocityMps,0
340,repCount,5
340,motionIntensityG,0.1036659919835263
340,activeEnergyKcal,15.632686432972221
340,heartRateBpm,136.1200875331031
341,repVelocityMps,0
341,repCount,5
341,motionIntensityG,0.08849719265386247
341,activeEnergyKcal,15.661271519014287
341,heartRateBpm,135.05272123294657
342,repVelocityMps,0
342,repCount,5
342,motionIntensityG,0.09739105933626813
342,activeEnergyKcal,15.689856605056352
342,heartRateBpm,133.72338089993787
343,repVelocityMps,0
343,repCount,5
343,motionIntensityG,0.07991261724702055
343,activeEnergyKcal,15.718441691098418
343,heartRateBpm,133.26677104273915
344,repVelocityMps,0
344,repCount,5
344,motionIntensityG,0.11182286751694491
344,activeEnergyKcal,15.747026777140483
344,heartRateBpm,131.60712260295008
345,repVelocityMps,0
345,repCount,5
345,motionIntensityG,0.08777912501748102
345,activeEnergyKcal,15.775611863182549
345,heartRateBpm,131.8143969678915
346,repVelocityMps,0
346,repCount,5
346,motionIntensityG,0.07680053669604056
346,activeEnergyKcal,15.804196949224615
346,heartRateBpm,130.58904158335918
347,repVelocityMps,0
347,repCount,5
347,motionIntensityG,0.09522416660539322
347,activeEnergyKcal,15.83278203526668
347,heartRateBpm,130.2703062071956
348,repVelocityMps,0
348,repCount,5
348,motionIntensityG,0.09774889915550612
348,activeEnergyKcal,15.861367121308746
348,heartRateBpm,129.03311527803038
349,repVelocityMps,0
349,repCount,5
349,motionIntensityG,0.07981665447136504
349,activeEnergyKcal,15.889952207350811
349,heartRateBpm,127.516413446031
350,repVelocityMps,0
350,repCount,5
350,motionIntensityG,0.0701865297359645
350,activeEnergyKcal,15.918537293392877
350,heartRateBpm,127.49750796908249
351,repVelocityMps,0
351,repCount,5
351,motionIntensityG,0.10269050792211219
351,activeEnergyKcal,15.947122379434942
351,heartRateBpm,130.05662370168548
352,repVelocityMps,0
352,repCount,5
352,motionIntensityG,0.11178160338181822
352,activeEnergyKcal,15.975707465477008
352,heartRateBpm,131.35189255446272
353,repVelocityMps,0
353,repCount,5
353,motionIntensityG,0.08955023746043982
353,activeEnergyKcal,16.00429255151907
353,heartRateBpm,133.97424239619278
354,repVelocityMps,0
354,repCount,5
354,motionIntensityG,0.08722908379305896
354,activeEnergyKcal,16.032877637561135
354,heartRateBpm,134.22321326347247
355,repVelocityMps,0
355,repCount,5
355,motionIntensityG,0.07251070016920774
355,activeEnergyKcal,16.0614627236032
355,heartRateBpm,134.1177268704963
356,repVelocityMps,0
356,repCount,5
356,motionIntensityG,0.07777840815351456
356,activeEnergyKcal,16.090047809645263
356,heartRateBpm,133.15040044779226
357,repVelocityMps,0
357,repCount,5
357,motionIntensityG,0.06399376882415483
357,activeEnergyKcal,16.118632895687327
357,heartRateBpm,131.9400767480356
358,repVelocityMps,0
358,repCount,5
358,motionIntensityG,0.10527025695547199
358,activeEnergyKcal,16.14721798172939
358,heartRateBpm,129.8859342386689
359,repVelocityMps,0
359,repCount,5
359,motionIntensityG,0.11410559064510506
359,activeEnergyKcal,16.175803067771454
359,heartRateBpm,129.90954036725665
360,repVelocityMps,0
360,repCount,5
360,motionIntensityG,0.09435253947357958
360,activeEnergyKcal,16.204388153813518
360,heartRateBpm,128.28926586739678
361,repVelocityMps,0
361,repCount,5
361,motionIntensityG,0.08379070205174208
361,activeEnergyKcal,16.232973239855582
361,heartRateBpm,127.99550244396434
362,repVelocityMps,0
362,repCount,5
362,motionIntensityG,0.06808596531847062
362,activeEnergyKcal,16.261558325897646
362,heartRateBpm,125.06755115169123
363,repVelocityMps,0
363,repCount,5
363,motionIntensityG,0.05387654563317393
363,activeEnergyKcal,16.29014341193971
363,heartRateBpm,124.11311536106132
364,repVelocityMps,0
364,repCount,5
364,motionIntensityG,0.09889138463467168
364,activeEnergyKcal,16.318728497981773
364,heartRateBpm,125.65388920817581
365,repVelocityMps,0
365,repCount,5
365,motionIntensityG,0.09988561944818074
365,activeEnergyKcal,16.347313584023837
365,heartRateBpm,124.79901033432104
366,repVelocityMps,0
366,repCount,5
366,motionIntensityG,0.0741119468188369
366,activeEnergyKcal,16.3758986700659
366,heartRateBpm,124.73850805750024
367,repVelocityMps,0
367,repCount,5
367,motionIntensityG,0.05140027832860039
367,activeEnergyKcal,16.404483756107965
367,heartRateBpm,125.12206855511768
368,repVelocityMps,0
368,repCount,5
368,motionIntensityG,0.10969433830009391
368,activeEnergyKcal,16.43306884215003
368,heartRateBpm,125.46279355614831
369,repVelocityMps,0
369,repCount,5
369,motionIntensityG,0.08267529049429781
369,activeEnergyKcal,16.461653928192092
369,heartRateBpm,124.21618781062158
370,repVelocityMps,0
370,repCount,5
370,motionIntensityG,0.07415281939075513
370,activeEnergyKcal,16.490239014234156
370,heartRateBpm,122.46948407750837
371,repVelocityMps,0
371,repCount,5
371,motionIntensityG,0.0752484174052859
371,activeEnergyKcal,16.51882410027622
371,heartRateBpm,122.72334331045063
372,repVelocityMps,0
372,repCount,5
372,motionIntensityG,0.07498179208924959
372,activeEnergyKcal,16.547409186318284
372,heartRateBpm,122.12551982640417
373,repVelocityMps,0
373,repCount,5
373,motionIntensityG,0.04763028731798757
373,activeEnergyKcal,16.575994272360347
373,heartRateBpm,120.42277475355215
374,repVelocityMps,0
374,repCount,5
374,motionIntensityG,0.08738666727971436
374,activeEnergyKcal,16.60457935840241
374,heartRateBpm,119.35084128293995
375,repVelocityMps,0
375,repCount,5
375,motionIntensityG,0.08410702920334788
375,activeEnergyKcal,16.633164444444475
375,heartRateBpm,120.78312295674024
376,repVelocityMps,0
376,repCount,5
376,motionIntensityG,0.06494668822372361
376,activeEnergyKcal,16.66174953048654
376,heartRateBpm,122.80238344054546
377,repVelocityMps,0
377,repCount,5
377,motionIntensityG,0.08807789856440015
377,activeEnergyKcal,16.690334616528602
377,heartRateBpm,122.5638335695632
378,repVelocityMps,0
378,repCount,5
378,motionIntensityG,0.060338877311873665
378,activeEnergyKcal,16.718919702570666
378,heartRateBpm,122.42849376211835
379,repVelocityMps,0
379,repCount,5
379,motionIntensityG,0.04376819840940608
379,activeEnergyKcal,16.74750478861273
379,heartRateBpm,123.03511416632254
380,repVelocityMps,0
380,repCount,5
380,motionIntensityG,0.10147191480138987
380,activeEnergyKcal,16.776089874654794
380,heartRateBpm,123.6300613260744
381,repVelocityMps,0
381,repCount,5
381,motionIntensityG,0.07555066064279786
381,activeEnergyKcal,16.804674960696858
381,heartRateBpm,123.23555778970169
382,repVelocityMps,0
382,repCount,5
382,motionIntensityG,0.08712948304941509
382,activeEnergyKcal,16.83326004673892
382,heartRateBpm,123.39476917664756
383,repVelocityMps,0
383,repCount,5
383,motionIntensityG,0.04777709273905842
383,activeEnergyKcal,16.861845132780985
383,heartRateBpm,122.98236409834043
384,repVelocityMps,0
384,repCount,5
384,motionIntensityG,0.09474288580714409
384,activeEnergyKcal,16.89043021882305
384,heartRateBpm,122.39416917726692
385,repVelocityMps,0
385,repCount,5
385,motionIntensityG,0.0543915394895214
385,activeEnergyKcal,16.919015304865113
385,heartRateBpm,119.65851087758011
386,repVelocityMps,0
386,repCount,5
386,motionIntensityG,0.06373891117636349
386,activeEnergyKcal,16.947600390907176
386,heartRateBpm,116.61465078538366
387,repVelocityMps,0
387,repCount,5
387,motionIntensityG,0.06605638800224607
387,activeEnergyKcal,16.97618547694924
387,heartRateBpm,117.44533063009798
388,repVelocityMps,0
388,repCount,5
388,motionIntensityG,0.0686531218433657
388,activeEnergyKcal,17.004770562991304
388,heartRateBpm,118.44079142104177
389,repVelocityMps,0
389,repCount,5
389,motionIntensityG,0.10403764746881777
389,activeEnergyKcal,17.033355649033368
389,heartRateBpm,117.29191147863627
390,repVelocityMps,0
390,repCount,5
390,motionIntensityG,0.09575138102189373
390,activeEnergyKcal,17.06194073507543
390,heartRateBpm,116.4776265126282
391,repVelocityMps,0
391,repCount,5
391,motionIntensityG,0.06983857834184587
391,activeEnergyKcal,17.090525821117495
391,heartRateBpm,118.48954624552263
392,repVelocityMps,0
392,repCount,5
392,motionIntensityG,0.09426387431388553
392,activeEnergyKcal,17.11911090715956
392,heartRateBpm,117.45817986147331
393,repVelocityMps,0
393,repCount,5
393,motionIntensityG,0.10411132966384679
393,activeEnergyKcal,17.147695993201623
393,heartRateBpm,116.47558633781554
394,repVelocityMps,0
394,repCount,5
394,motionIntensityG,0.09536608757652026
394,activeEnergyKcal,17.176281079243687
394,heartRateBpm,114.76613329342894
395,repVelocityMps,0
395,repCount,5
395,motionIntensityG,0.09365206966780046
395,activeEnergyKcal,17.20486616528575
395,heartRateBpm,113.74790532919863
396,repVelocityMps,0
396,repCount,5
396,motionIntensityG,0.07755041943894278
396,activeEnergyKcal,17.233451251327814
396,heartRateBpm,113.12034982772028
397,repVelocityMps,0
397,repCount,5
397,motionIntensityG,0.1024308482585588
397,activeEnergyKcal,17.262036337369878
397,heartRateBpm,112.79263408918013
398,repVelocityMps,0
398,repCount,5
398,motionIntensityG,0.06453412301697624
398,activeEnergyKcal,17.29062142341194
398,heartRateBpm,111.90257389241904
399,repVelocityMps,0
399,repCount,5
399,motionIntensityG,0.10681946180854945
399,activeEnergyKcal,17.319206509454006
399,heartRateBpm,111.97923306583273
400,repVelocityMps,0
400,repCount,5
400,motionIntensityG,0.08342168457363865
400,activeEnergyKcal,17.380391393669004
400,heartRateBpm,114.51185763942391
401,repVelocityMps,0
401,repCount,5
401,motionIntensityG,0.0771941192955796
401,activeEnergyKcal,17.44157569364776
401,heartRateBpm,129.31344088826546
402,repVelocityMps,0
402,repCount,5
402,motionIntensityG,0.09187344478462485
402,activeEnergyKcal,17.502759409390272
402,heartRateBpm,143.89870757474836
403,repVelocityMps,0
403,repCount,5
403,motionIntensityG,0.07067461733015475
403,activeEnergyKcal,17.56394254089654
403,heartRateBpm,159.00848359978977
404,repVelocityMps,0
404,repCount,5
404,motionIntensityG,0.09571391637482776
404,activeEnergyKcal,17.625125088166563
404,heartRateBpm,158.4556448129172
405,repVelocityMps,0
405,repCount,5
405,motionIntensityG,0.10434575132663604
405,activeEnergyKcal,17.68630705120034
405,heartRateBpm,157.96703474996562
406,repVelocityMps,0
406,repCount,5
406,motionIntensityG,0.08256285171310583
406,activeEnergyKcal,17.747488429997876
406,heartRateBpm,157.85979962485902
407,repVelocityMps,0
407,repCount,5
407,motionIntensityG,0.09061060134930438
407,activeEnergyKcal,17.808669224559168
407,heartRateBpm,159.16417291596738
408,repVelocityMps,0
408,repCount,5
408,motionIntensityG,0.06326428275488398
408,activeEnergyKcal,17.869849434884216
408,heartRateBpm,158.2152786529683
409,repVelocityMps,0
409,repCount,5
409,motionIntensityG,0.08924685841154442
409,activeEnergyKcal,17.93102906097302
409,heartRateBpm,157.77309692390313
410,repVelocityMps,0
410,repCount,5
410,motionIntensityG,0.0731637380756627
410,activeEnergyKcal,17.992208102825582
410,heartRateBpm,158.22144318963277
411,repVelocityMps,0
411,repCount,5
411,motionIntensityG,0.11303935601621279
411,activeEnergyKcal,18.053386560441897
411,heartRateBpm,157.8876585511208
412,repVelocityMps,0
412,repCount,5
412,motionIntensityG,0.07144304181701017
412,activeEnergyKcal,18.11456443382197
412,heartRateBpm,158.20085707554216
413,repVelocityMps,0
413,repCount,5
413,motionIntensityG,0.05134545545972691
413,activeEnergyKcal,18.175741722965796
413,heartRateBpm,156.7268630525623
414,repVelocityMps,0
414,repCount,5
414,motionIntensityG,0.08573576223567066
414,activeEnergyKcal,18.23691842787338
414,heartRateBpm,158.39767402350398
415,repVelocityMps,0
415,repCount,5
415,motionIntensityG,0.07188527960874697
415,activeEnergyKcal,18.29809454854472
415,heartRateBpm,158.24829685249549
416,repVelocityMps,0
416,repCount,5
416,motionIntensityG,0.06101971416763796
416,activeEnergyKcal,18.35927008497982
416,heartRateBpm,158.98316682905033
417,repVelocityMps,0
417,repCount,5
417,motionIntensityG,0.08123383388030722
417,activeEnergyKcal,18.420445037178673
417,heartRateBpm,159.22005775060612
418,repVelocityMps,0
418,repCount,5
418,motionIntensityG,0.08348639950340865
418,activeEnergyKcal,18.48161940514128
418,heartRateBpm,156.40620236238317
419,repVelocityMps,0
419,repCount,5
419,motionIntensityG,0.09320926735845964
419,activeEnergyKcal,18.542793188867645
419,heartRateBpm,155.08867190537512
420,repVelocityMps,0
420,repCount,5
420,motionIntensityG,0.08788427262839718
420,activeEnergyKcal,18.603966388357765
420,heartRateBpm,153.6107670355417
421,repVelocityMps,0
421,repCount,5
421,motionIntensityG,0.0736586238017583
421,activeEnergyKcal,18.665139003611642
421,heartRateBpm,154.2138839693742
422,repVelocityMps,0
422,repCount,5
422,motionIntensityG,0.10776330924850379
422,activeEnergyKcal,18.726311034629276
422,heartRateBpm,155.4347584387572
423,repVelocityMps,0.5353568261937608
423,repCount,1
423,motionIntensityG,1.303470477522854
423,activeEnergyKcal,18.787482481410667
423,heartRateBpm,156.2544255420356
424,repVelocityMps,0.08030352392906412
424,repCount,1
424,motionIntensityG,0.5698888888888889
424,activeEnergyKcal,18.848653343955814
424,heartRateBpm,155.61840720612605
425,repVelocityMps,0.08030352392906412
425,repCount,1
425,motionIntensityG,0.5698844444444444
425,activeEnergyKcal,18.909823622264714
425,heartRateBpm,155.8814184070003
426,repVelocityMps,0.4844734171635019
426,repCount,2
426,motionIntensityG,1.497092191743137
426,activeEnergyKcal,18.97099331633737
426,heartRateBpm,155.5811438652597
427,repVelocityMps,0.07267101257452528
427,repCount,2
427,motionIntensityG,0.5698755555555556
427,activeEnergyKcal,19.032162426173784
427,heartRateBpm,155.4054959924844
428,repVelocityMps,0.07267101257452528
428,repCount,2
428,motionIntensityG,0.5698711111111112
428,activeEnergyKcal,19.093330951773954
428,heartRateBpm,156.87245586853405
429,repVelocityMps,0.49000898646289137
429,repCount,3
429,motionIntensityG,1.223443663052253
429,activeEnergyKcal,19.15449889313788
429,heartRateBpm,160.55680277861592
430,repVelocityMps,0.07350134796943371
430,repCount,3
430,motionIntensityG,0.5698622222222223
430,activeEnergyKcal,19.215666250265564
430,heartRateBpm,161.10339904542164
431,repVelocityMps,0.07350134796943371
431,repCount,3
431,motionIntensityG,0.5698577777777778
431,activeEnergyKcal,19.276833023157003
431,heartRateBpm,162.81765072794792
432,repVelocityMps,0.454932967322935
432,repCount,4
432,motionIntensityG,1.4262383232204863
432,activeEnergyKcal,19.337999211812196
432,heartRateBpm,163.69407670268996
433,repVelocityMps,0.06823994509844024
433,repCount,4
433,motionIntensityG,0.5698488888888888
433,activeEnergyKcal,19.399164816231146
433,heartRateBpm,164.60433147049474
434,repVelocityMps,0.06823994509844024
434,repCount,4
434,motionIntensityG,0.5698444444444445
434,activeEnergyKcal,19.46032983641385
434,heartRateBpm,163.84105584885933
435,repVelocityMps,0.4036498475781132
435,repCount,5
435,motionIntensityG,1.2410515735255156
435,activeEnergyKcal,19.521494272360314
435,heartRateBpm,164.16544583573585
436,repVelocityMps,0
436,repCount,5
436,motionIntensityG,0.06928760919343278
436,activeEnergyKcal,19.582658124070534
436,heartRateBpm,165.08786013532122
437,repVelocityMps,0
437,repCount,5
437,motionIntensityG,0.09301674465907774
437,activeEnergyKcal,19.64382139154451
437,heartRateBpm,164.24486394801653
438,repVelocityMps,0
438,repCount,5
438,motionIntensityG,0.11358842413400227
438,activeEnergyKcal,19.704984074782242
438,heartRateBpm,165.98766854368205
439,repVelocityMps,0
439,repCount,5
439,motionIntensityG,0.054279225435578456
439,activeEnergyKcal,19.766146173783728
439,heartRateBpm,166.84817394623673
440,repVelocityMps,0
440,repCount,5
440,motionIntensityG,0.09065072004631808
440,activeEnergyKcal,19.82730768854897
440,heartRateBpm,165.4171495399952
441,repVelocityMps,0
441,repCount,5
441,motionIntensityG,0.08755139933742309
441,activeEnergyKcal,19.88846861907797
441,heartRateBpm,165.1613882486222
442,repVelocityMps,0
442,repCount,5
442,motionIntensityG,0.051921952419801444
442,activeEnergyKcal,19.949628965370724
442,heartRateBpm,166.4111942070553
443,repVelocityMps,0
443,repCount,5
443,motionIntensityG,0.06328253678368354
443,activeEnergyKcal,20.010788727427236
443,heartRateBpm,165.79075032408053
444,repVelocityMps,0
444,repCount,5
444,motionIntensityG,0.07839696891422465
444,activeEnergyKcal,20.071947905247505
444,heartRateBpm,164.80938742395767
445,repVelocityMps,0
445,repCount,5
445,motionIntensityG,0.0645313497537861
445,activeEnergyKcal,20.13310649883153
445,heartRateBpm,164.46257420173794
446,repVelocityMps,0
446,repCount,5
446,motionIntensityG,0.12029319091821036
446,activeEnergyKcal,20.19426450817931
446,heartRateBpm,165.62929378130517
447,repVelocityMps,0
447,repCount,5
447,motionIntensityG,0.043946976631638275
447,activeEnergyKcal,20.255421933290844
447,heartRateBpm,167.16411444042654
448,repVelocityMps,0
448,repCount,5
448,motionIntensityG,0.09179391942158141
448,activeEnergyKcal,20.316578774166135
448,heartRateBpm,169.28459561132553
449,repVelocityMps,0
449,repCount,5
449,motionIntensityG,0.12375305504863257
449,activeEnergyKcal,20.377735030805184
449,heartRateBpm,169.52501189632105
450,repVelocityMps,0
450,repCount,5
450,motionIntensityG,0.07106941692320909
450,activeEnergyKcal,20.43889070320799
450,heartRateBpm,170.55761901774676
451,repVelocityMps,0
451,repCount,5
451,motionIntensityG,0.07181454643178325
451,activeEnergyKcal,20.50004579137455
451,heartRateBpm,170.2117777254982
452,repVelocityMps,0
452,repCount,5
452,motionIntensityG,0.0946171249186251
452,activeEnergyKcal,20.561200295304868
452,heartRateBpm,169.7372163915502
453,repVelocityMps,0
453,repCount,5
453,motionIntensityG,0.039573555137630737
453,activeEnergyKcal,20.62235421499894
453,heartRateBpm,170.83951040440272
454,repVelocityMps,0
454,repCount,5
454,motionIntensityG,0.11797256267790569
454,activeEnergyKcal,20.683507550456767
454,heartRateBpm,171.05750247659932
455,repVelocityMps,0
455,repCount,5
455,motionIntensityG,0.09181534451459718
455,activeEnergyKcal,20.74466030167835
455,heartRateBpm,170.05671276042906
456,repVelocityMps,0
456,repCount,5
456,motionIntensityG,0.07784866752521141
456,activeEnergyKcal,20.805812468663692
456,heartRateBpm,171.34027533594823
457,repVelocityMps,0
457,repCount,5
457,motionIntensityG,0.09438672823999934
457,activeEnergyKcal,20.86696405141279
457,heartRateBpm,170.42755206541895
458,repVelocityMps,0
458,repCount,5
458,motionIntensityG,0.08644612779048876
458,activeEnergyKcal,20.928115049925644
458,heartRateBpm,170.84921857682156
459,repVelocityMps,0
459,repCount,5
459,motionIntensityG,0.04276811420047664
459,activeEnergyKcal,20.989265464202255
459,heartRateBpm,169.5687870632864
460,repVelocityMps,0
460,repCount,5
460,motionIntensityG,0.07668669495666527
460,activeEnergyKcal,21.05041529424262
460,heartRateBpm,172.18547739148465
461,repVelocityMps,0
461,repCount,5
461,motionIntensityG,0.11425396599867377
461,activeEnergyKcal,21.11156454004674
461,heartRateBpm,174.5728294644744
462,repVelocityMps,0
462,repCount,5
462,motionIntensityG,0.05650850009016402
462,activeEnergyKcal,21.172713201614616
462,heartRateBpm,176.1695759677209
463,repVelocityMps,0
463,repCount,5
463,motionIntensityG,0.04356750768599154
463,activeEnergyKcal,21.23386127894625
463,heartRateBpm,174.38272029382335
464,repVelocityMps,0
464,repCount,5
464,motionIntensityG,0.09238114292732444
464,activeEnergyKcal,21.29500877204164
464,heartRateBpm,175.90822982491886
465,repVelocityMps,0
465,repCount,5
465,motionIntensityG,0.07370755957610658
465,activeEnergyKcal,21.356155680900788
465,heartRateBpm,175.89434173271218
466,repVelocityMps,0
466,repCount,5
466,motionIntensityG,0.08458029965380129
466,activeEnergyKcal,21.41730200552369
466,heartRateBpm,177.56062896959673
467,repVelocityMps,0
467,repCount,5
467,motionIntensityG,0.061746623294691536
467,activeEnergyKcal,21.478447745910348
467,heartRateBpm,177.33889376499124
468,repVelocityMps,0
468,repCount,5
468,motionIntensityG,0.08349652221074638
468,activeEnergyKcal,21.53959290206076
468,heartRateBpm,176.50702497678685
469,repVelocityMps,0
469,repCount,5
469,motionIntensityG,0.06838435062339429
469,activeEnergyKcal,21.60073747397493
469,heartRateBpm,176.13043435850093
470,repVelocityMps,0
470,repCount,5
470,motionIntensityG,0.09293071772952485
470,activeEnergyKcal,21.661881461652857
470,heartRateBpm,175.4773941732748
471,repVelocityMps,0
471,repCount,5
471,motionIntensityG,0.09982420110204224
471,activeEnergyKcal,21.72302486509454
471,heartRateBpm,174.3255120404065
472,repVelocityMps,0
472,repCount,5
472,motionIntensityG,0.0757378199483861
472,activeEnergyKcal,21.78416768429998
472,heartRateBpm,174.34146485194523
473,repVelocityMps,0
473,repCount,5
473,motionIntensityG,0.08344350496033082
473,activeEnergyKcal,21.845309919269177
473,heartRateBpm,172.7105921333222
474,repVelocityMps,0
474,repCount,5
474,motionIntensityG,0.08000309130185292
474,activeEnergyKcal,21.906451570002126
474,heartRateBpm,173.26721236988618
475,repVelocityMps,0
475,repCount,5
475,motionIntensityG,0.09157052225265619
475,activeEnergyKcal,21.967592636498832
475,heartRateBpm,172.9645356020441
476,repVelocityMps,0
476,repCount,5
476,motionIntensityG,0.05276063555935616
476,activeEnergyKcal,22.028733118759295
476,heartRateBpm,172.4558173113495
477,repVelocityMps,0
477,repCount,5
477,motionIntensityG,0.06538192595142431
477,activeEnergyKcal,22.089873016783514
477,heartRateBpm,174.91264362102118
478,repVelocityMps,0
478,repCount,5
478,motionIntensityG,0.09809481416976286
478,activeEnergyKcal,22.15101233057149
478,heartRateBpm,173.5862729845503
479,repVelocityMps,0
479,repCount,5
479,motionIntensityG,0.09582446123552435
479,activeEnergyKcal,22.212151060123222
479,heartRateBpm,173.52116519367743
480,repVelocityMps,0
480,repCount,5
480,motionIntensityG,0.09227082437401005
480,activeEnergyKcal,22.27328920543871
480,heartRateBpm,172.99519432994765
481,repVelocityMps,0
481,repCount,5
481,motionIntensityG,0.07778222627200436
481,activeEnergyKcal,22.334426766517954
481,heartRateBpm,171.84478301211294
482,repVelocityMps,0
482,repCount,5
482,motionIntensityG,0.08507593721064383
482,activeEnergyKcal,22.395563743360952
482,heartRateBpm,171.9626550506928
483,repVelocityMps,0
483,repCount,5
483,motionIntensityG,0.07057071383619734
483,activeEnergyKcal,22.456700135967708
483,heartRateBpm,173.55173433965064
484,repVelocityMps,0
484,repCount,5
484,motionIntensityG,0.07734792509215449
484,activeEnergyKcal,22.51783594433822
484,heartRateBpm,171.91838680032933
485,repVelocityMps,0
485,repCount,5
485,motionIntensityG,0.07172910718656103
485,activeEnergyKcal,22.57897116847249
485,heartRateBpm,172.4681030692815
486,repVelocityMps,0
486,repCount,5
486,motionIntensityG,0.036835878609528215
486,activeEnergyKcal,22.640105808370514
486,heartRateBpm,171.01051913916362
487,repVelocityMps,0
487,repCount,5
487,motionIntensityG,0.10075718195425505
487,activeEnergyKcal,22.701239864032296
487,heartRateBpm,170.26493350205743
488,repVelocityMps,0
488,repCount,5
488,motionIntensityG,0.07207891685929894
488,activeEnergyKcal,22.76237333545783
488,heartRateBpm,170.81199365882208
489,repVelocityMps,0
489,repCount,5
489,motionIntensityG,0.0782563261419266
489,activeEnergyKcal,22.823506222647122
489,heartRateBpm,169.8583289194708
490,repVelocityMps,0
490,repCount,5
490,motionIntensityG,0.07544424405961574
490,activeEnergyKcal,22.88463852560017
490,heartRateBpm,171.64813780093743
491,repVelocityMps,0
491,repCount,5
491,motionIntensityG,0.0785363027853506
491,activeEnergyKcal,22.945770244316975
491,heartRateBpm,171.41431196953525
492,repVelocityMps,0
492,repCount,5
492,motionIntensityG,0.06980686790972375
492,activeEnergyKcal,23.006901378797536
492,heartRateBpm,172.77094174996512
493,repVelocityMps,0
493,repCount,5
493,motionIntensityG,0.07776184274440857
493,activeEnergyKcal,23.068031929041855
493,heartRateBpm,172.50608439901177
494,repVelocityMps,0
494,repCount,5
494,motionIntensityG,0.08701992694429853
494,activeEnergyKcal,23.12916189504993
494,heartRateBpm,172.84389149866908
495,repVelocityMps,0
495,repCount,5
495,motionIntensityG,0.07338327331132521
495,activeEnergyKcal,23.190291276821757
495,heartRateBpm,172.74537908843345
496,repVelocityMps,0
496,repCount,5
496,motionIntensityG,0.05290879595721003
496,activeEnergyKcal,23.25142007435734
496,heartRateBpm,174.24662485322622
497,repVelocityMps,0
497,repCount,5
497,motionIntensityG,0.07009628461260028
497,activeEnergyKcal,23.312548287656682
497,heartRateBpm,172.3966052906709
498,repVelocityMps,0
498,repCount,5
498,motionIntensityG,0.07539536034776813
498,activeEnergyKcal,23.37367591671978
498,heartRateBpm,171.07563719036793
499,repVelocityMps,0
499,repCount,5
499,motionIntensityG,0.078666774393839
499,activeEnergyKcal,23.434802961546634
499,heartRateBpm,171.89094458197346
500,repVelocityMps,0
500,repCount,5
500,motionIntensityG,0.08177759086737522
500,activeEnergyKcal,23.495929422137245
500,heartRateBpm,171.79071437076945
501,repVelocityMps,0
501,repCount,5
501,motionIntensityG,0.07355491723628728
501,activeEnergyKcal,23.557055298491612
501,heartRateBpm,171.07234254283517
502,repVelocityMps,0
502,repCount,5
502,motionIntensityG,0.052956128696918695
502,activeEnergyKcal,23.618180590609732
502,heartRateBpm,171.98193060693674
503,repVelocityMps,0
503,repCount,5
503,motionIntensityG,0.035906496551514976
503,activeEnergyKcal,23.67930529849161
503,heartRateBpm,172.5869919123297
504,repVelocityMps,0
504,repCount,5
504,motionIntensityG,0.0914127148305742
504,activeEnergyKcal,23.740429422137243
504,heartRateBpm,172.52607391586926
505,repVelocityMps,0
505,repCount,5
505,motionIntensityG,0.09025455069974435
505,activeEnergyKcal,23.801552961546633
505,heartRateBpm,173.83647443506035
506,repVelocityMps,0
506,repCount,5
506,motionIntensityG,0.06837541017291707
506,activeEnergyKcal,23.86267591671978
506,heartRateBpm,172.81557288446865
507,repVelocityMps,0
507,repCount,5
507,motionIntensityG,0.08811733785752869
507,activeEnergyKcal,23.923798287656684
507,heartRateBpm,173.49972277627626
508,repVelocityMps,0
508,repCount,5
508,motionIntensityG,0.05675778469858046
508,activeEnergyKcal,23.984920074357344
508,heartRateBpm,173.25194708717328
509,repVelocityMps,0
509,repCount,5
509,motionIntensityG,0.06762888952630798
509,activeEnergyKcal,24.046041276821757
509,heartRateBpm,173.92862443160254
510,repVelocityMps,0
510,repCount,5
510,motionIntensityG,0.05891583928836226
510,activeEnergyKcal,24.107161895049927
510,heartRateBpm,175.43049600904789
511,repVelocityMps,0
511,repCount,5
511,motionIntensityG,0.09270381703647348
511,activeEnergyKcal,24.168281929041854
511,heartRateBpm,176.1761836107636
512,repVelocityMps,0
512,repCount,5
512,motionIntensityG,0.08567778829141724
512,activeEnergyKcal,24.229401378797537
512,heartRateBpm,174.38592437613354
513,repVelocityMps,0
513,repCount,5
513,motionIntensityG,0.10236448831896235
513,activeEnergyKcal,24.290520244316976
513,heartRateBpm,174.2632805088961
514,repVelocityMps,0
514,repCount,5
514,motionIntensityG,0.10660135239383131
514,activeEnergyKcal,24.351638525600173
514,heartRateBpm,174.32397906888812
515,repVelocityMps,0
515,repCount,5
515,motionIntensityG,0.05812155570341211
515,activeEnergyKcal,24.412756222647126
515,heartRateBpm,172.90062159030091
516,repVelocityMps,0
516,repCount,5
516,motionIntensityG,0.10135265473901683
516,activeEnergyKcal,24.47387333545783
516,heartRateBpm,171.64939864009384
517,repVelocityMps,0
517,repCount,5
517,motionIntensityG,0.08068355264047479
517,activeEnergyKcal,24.534989864032294
517,heartRateBpm,171.03975189114465
518,repVelocityMps,0
518,repCount,5
518,motionIntensityG,0.08379814170970504
518,activeEnergyKcal,24.596105808370513
518,heartRateBpm,172.18415493313626
519,repVelocityMps,0
519,repCount,5
519,motionIntensityG,0.07071194193181099
519,activeEnergyKcal,24.65722116847249
519,heartRateBpm,174.07891049861752
520,repVelocityMps,0
520,repCount,5
520,motionIntensityG,0.12208324762899495
520,activeEnergyKcal,24.725158254992564
520,heartRateBpm,176.16623027050963
521,repVelocityMps,0
521,repCount,5
521,motionIntensityG,0.09238776312316262
521,activeEnergyKcal,24.79309289648396
521,heartRateBpm,174.99147131304093
522,repVelocityMps,0
522,repCount,5
522,motionIntensityG,0.09488521703805727
522,activeEnergyKcal,24.861025092946672
522,heartRateBpm,176.26091332288428
523,repVelocityMps,0
523,repCount,5
523,motionIntensityG,0.03937108194906538
523,activeEnergyKcal,24.928954844380705
523,heartRateBpm,175.73265757458208
524,repVelocityMps,0
524,repCount,5
524,motionIntensityG,0.09397278458426468
524,activeEnergyKcal,24.99688215078606
524,heartRateBpm,174.82627308698218
525,repVelocityMps,0
525,repCount,5
525,motionIntensityG,0.04408628786470089
525,activeEnergyKcal,25.064807012162735
525,heartRateBpm,175.09345281172003
526,repVelocityMps,0
526,repCount,0
526,motionIntensityG,0.08
526,activeEnergyKcal,25.13272942851073
526,heartRateBpm,177.94714216470575
527,repVelocityMps,0
527,repCount,0
527,motionIntensityG,0.08
527,activeEnergyKcal,25.20064939983004
527,heartRateBpm,177.86761905170857
528,repVelocityMps,0
528,repCount,0
528,motionIntensityG,0.08
528,activeEnergyKcal,25.268566926120673
528,heartRateBpm,178.04065507780481
529,repVelocityMps,0
529,repCount,0
529,motionIntensityG,0.08
529,activeEnergyKcal,25.336482007382624
529,heartRateBpm,178.4110778550394
530,repVelocityMps,0
530,repCount,0
530,motionIntensityG,0.08
530,activeEnergyKcal,25.404394643615895
530,heartRateBpm,178.89760594495908
531,repVelocityMps,0
531,repCount,0
531,motionIntensityG,0.08
531,activeEnergyKcal,25.472304834820484
531,heartRateBpm,179.75023158674045
532,repVelocityMps,0
532,repCount,0
532,motionIntensityG,0.08
532,activeEnergyKcal,25.540212580996393
532,heartRateBpm,180.24897714069917
533,repVelocityMps,0
533,repCount,0
533,motionIntensityG,0.08
533,activeEnergyKcal,25.60811788214362
533,heartRateBpm,180.06800868684158
534,repVelocityMps,0
534,repCount,0
534,motionIntensityG,0.08
534,activeEnergyKcal,25.676020738262167
534,heartRateBpm,181.01091842362231
535,repVelocityMps,0
535,repCount,0
535,motionIntensityG,0.08
535,activeEnergyKcal,25.743921149352033
535,heartRateBpm,179.37250971727332
536,repVelocityMps,0
536,repCount,0
536,motionIntensityG,0.08
536,activeEnergyKcal,25.81181911541322
536,heartRateBpm,180.73936061934884
537,repVelocityMps,0
537,repCount,0
537,motionIntensityG,0.08
537,activeEnergyKcal,25.879714636445723
537,heartRateBpm,183.18293317436462
538,repVelocityMps,0
538,repCount,0
538,motionIntensityG,0.08
538,activeEnergyKcal,25.947607712449546
538,heartRateBpm,181.46600289433187
539,repVelocityMps,0
539,repCount,0
539,motionIntensityG,0.08
539,activeEnergyKcal,26.01549834342469
539,heartRateBpm,179.75053338018776
540,repVelocityMps,0
540,repCount,0
540,motionIntensityG,0.08
540,activeEnergyKcal,26.08338652937115
540,heartRateBpm,179.74323326122413
541,repVelocityMps,0
541,repCount,0
541,motionIntensityG,0.08
541,activeEnergyKcal,26.15127227028893
541,heartRateBpm,180.91860308658755
542,repVelocityMps,0
542,repCount,0
542,motionIntensityG,0.08
542,activeEnergyKcal,26.21915556617803
542,heartRateBpm,180.1708566328363
543,repVelocityMps,0
543,repCount,0
543,motionIntensityG,0.08
543,activeEnergyKcal,26.28703641703845
543,heartRateBpm,179.6252321582812
544,repVelocityMps,0
544,repCount,0
544,motionIntensityG,0.08
544,activeEnergyKcal,26.35491482287019
544,heartRateBpm,179.5699213369507
545,repVelocityMps,0
545,repCount,0
545,motionIntensityG,0.08
545,activeEnergyKcal,26.42279078367325
545,heartRateBpm,179.2649939252633
546,repVelocityMps,0
546,repCount,0
546,motionIntensityG,0.08
546,activeEnergyKcal,26.49066429944763
546,heartRateBpm,180.22439491244134
547,repVelocityMps,0
547,repCount,0
547,motionIntensityG,0.08
547,activeEnergyKcal,26.55853537019333
547,heartRateBpm,179.53175489001336
548,repVelocityMps,0
548,repCount,0
548,motionIntensityG,0.08
548,activeEnergyKcal,26.626403995910348
548,heartRateBpm,180.52949656808036
549,repVelocityMps,0
549,repCount,0
549,motionIntensityG,0.08
549,activeEnergyKcal,26.694270176598685
549,heartRateBpm,182.39839209481195
550,repVelocityMps,0
550,repCount,0
550,motionIntensityG,0.08
550,activeEnergyKcal,26.762133912258342
550,heartRateBpm,181.70718060250283
551,repVelocityMps,0
551,repCount,0
551,motionIntensityG,0.08
551,activeEnergyKcal,26.829995202889318
551,heartRateBpm,179.26714973183604
552,repVelocityMps,0
552,repCount,0
552,motionIntensityG,0.08
552,activeEnergyKcal,26.897854048491613
552,heartRateBpm,178.10367185162633
553,repVelocityMps,0
553,repCount,0
553,motionIntensityG,0.08
553,activeEnergyKcal,26.965710449065227
553,heartRateBpm,177.9023278147662
554,repVelocityMps,0
554,repCount,0
554,motionIntensityG,0.08
554,activeEnergyKcal,27.03356440461016
554,heartRateBpm,178.64282238990637
555,repVelocityMps,0
555,repCount,0
555,motionIntensityG,0.08
555,activeEnergyKcal,27.101415915126413
555,heartRateBpm,178.83983718572088
556,repVelocityMps,0
556,repCount,0
556,motionIntensityG,0.08
556,activeEnergyKcal,27.169264980613985
556,heartRateBpm,178.29572369237192
557,repVelocityMps,0
557,repCount,0
557,motionIntensityG,0.08
557,activeEnergyKcal,27.237111601072876
557,heartRateBpm,178.70719053712014
558,repVelocityMps,0
558,repCount,0
558,motionIntensityG,0.08
558,activeEnergyKcal,27.304955776503085
558,heartRateBpm,179.557989544574
559,repVelocityMps,0
559,repCount,0
559,motionIntensityG,0.08
559,activeEnergyKcal,27.372797506904615
559,heartRateBpm,178.4812635080518
560,repVelocityMps,0
560,repCount,0
560,motionIntensityG,0.08
560,activeEnergyKcal,27.440636792277463
560,heartRateBpm,182.71176029248883
561,repVelocityMps,0
561,repCount,0
561,motionIntensityG,0.08
561,activeEnergyKcal,27.50847363262163
561,heartRateBpm,181.50160941097195
562,repVelocityMps,0
562,repCount,0
562,motionIntensityG,0.08
562,activeEnergyKcal,27.576308027937117
562,heartRateBpm,181.61606754994818
563,repVelocityMps,0
563,repCount,0
563,motionIntensityG,0.08
563,activeEnergyKcal,27.644139978223922
563,heartRateBpm,180.48648754389185
564,repVelocityMps,0
564,repCount,0
564,motionIntensityG,0.08
564,activeEnergyKcal,27.711969483482047
564,heartRateBpm,181.218635181157
565,repVelocityMps,0
565,repCount,0
565,motionIntensityG,0.08
565,activeEnergyKcal,27.77979654371149
565,heartRateBpm,181.29204118536478
566,repVelocityMps,0
566,repCount,0
566,motionIntensityG,0.08
566,activeEnergyKcal,27.847621158912254
566,heartRateBpm,180.27617389187665
567,repVelocityMps,0
567,repCount,0
567,motionIntensityG,0.08
567,activeEnergyKcal,27.91544332908434
567,heartRateBpm,182.82817718265827
568,repVelocityMps,0
568,repCount,0
568,motionIntensityG,0.08
568,activeEnergyKcal,27.983263054227745
568,heartRateBpm,182.4574602724648
569,repVelocityMps,0
569,repCount,0
569,motionIntensityG,0.08
569,activeEnergyKcal,28.05108033434247
569,heartRateBpm,183.32857151294382
570,repVelocityMps,0
570,repCount,0
570,motionIntensityG,0.08
570,activeEnergyKcal,28.118895169428512
570,heartRateBpm,184.58214279340848
571,repVelocityMps,0
571,repCount,0
571,motionIntensityG,0.08
571,activeEnergyKcal,28.186707559485875
571,heartRateBpm,184.07102472866234
572,repVelocityMps,0
572,repCount,0
572,motionIntensityG,0.08
572,activeEnergyKcal,28.254517504514556
572,heartRateBpm,183.4663632749979
573,repVelocityMps,0
573,repCount,0
573,motionIntensityG,0.08
573,activeEnergyKcal,28.322325004514557
573,heartRateBpm,185.11279367309496
574,repVelocityMps,0
574,repCount,0
574,motionIntensityG,0.08
574,activeEnergyKcal,28.390130059485877
574,heartRateBpm,185.05887876466107
575,repVelocityMps,0
575,repCount,0
575,motionIntensityG,0.08
575,activeEnergyKcal,28.457932669428516
575,heartRateBpm,185.2906848266324
576,repVelocityMps,0
576,repCount,0
576,motionIntensityG,0.08
576,activeEnergyKcal,28.525732834342474
576,heartRateBpm,186.3001183196514
577,repVelocityMps,0
577,repCount,0
577,motionIntensityG,0.08
577,activeEnergyKcal,28.59353055422775
577,heartRateBpm,187.7955818837001
578,repVelocityMps,0
578,repCount,0
578,motionIntensityG,0.08
578,activeEnergyKcal,28.661325829084348
578,heartRateBpm,188.53295456860138
579,repVelocityMps,0
579,repCount,0
579,motionIntensityG,0.08
579,activeEnergyKcal,28.729118658912263
579,heartRateBpm,187.42244342510259
580,repVelocityMps,0
580,repCount,0
580,motionIntensityG,0.08
580,activeEnergyKcal,28.796909043711498
580,heartRateBpm,187.58082044766635
581,repVelocityMps,0
581,repCount,0
581,motionIntensityG,0.08
581,activeEnergyKcal,28.86469698348205
581,heartRateBpm,187.08266996336528
582,repVelocityMps,0
582,repCount,0
582,motionIntensityG,0.08
582,activeEnergyKcal,28.932482478223925
582,heartRateBpm,187.6532042889156
583,repVelocityMps,0
583,repCount,0
583,motionIntensityG,0.08
583,activeEnergyKcal,29.000265527937117
583,heartRateBpm,187.67183900769024
584,repVelocityMps,0
584,repCount,0
584,motionIntensityG,0.08
584,activeEnergyKcal,29.068046132621628
584,heartRateBpm,187.99111605123088
585,repVelocityMps,0
585,repCount,0
585,motionIntensityG,0.08
585,activeEnergyKcal,29.13582429227746
585,heartRateBpm,186.77986105039983
586,repVelocityMps,0
586,repCount,0
586,motionIntensityG,0.08
586,activeEnergyKcal,29.203600006904608
586,heartRateBpm,186.10168497188505
587,repVelocityMps,0
587,repCount,0
587,motionIntensityG,0.08
587,activeEnergyKcal,29.271373276503077
587,heartRateBpm,185.83318702770327
588,repVelocityMps,0
588,repCount,0
588,motionIntensityG,0.08
588,activeEnergyKcal,29.33914410107287
588,heartRateBpm,184.56714074251371
589,repVelocityMps,0
589,repCount,0
589,motionIntensityG,0.08
589,activeEnergyKcal,29.40691248061398
589,heartRateBpm,183.1867440657453
590,repVelocityMps,0
590,repCount,0
590,motionIntensityG,0.08
590,activeEnergyKcal,29.47467841512641
590,heartRateBpm,185.4607926713671
591,repVelocityMps,0
591,repCount,0
591,motionIntensityG,0.08
591,activeEnergyKcal,29.5356438602082
591,heartRateBpm,184.66624056266963
592,repVelocityMps,0
592,repCount,0
592,motionIntensityG,0.08
592,activeEnergyKcal,29.596608721053748
592,heartRateBpm,183.8440354755578
593,repVelocityMps,0
593,repCount,0
593,motionIntensityG,0.08
593,activeEnergyKcal,29.657572997663053
593,heartRateBpm,184.5231356025831
594,repVelocityMps,0
594,repCount,0
594,motionIntensityG,0.08
594,activeEnergyKcal,29.718536690036114
594,heartRateBpm,183.8730458822333
595,repVelocityMps,0
595,repCount,0
595,motionIntensityG,0.08
595,activeEnergyKcal,29.77949979817293
595,heartRateBpm,183.05783361689072
596,repVelocityMps,0
596,repCount,0
596,motionIntensityG,0.08
596,activeEnergyKcal,29.840462322073506
596,heartRateBpm,181.28962187028216
597,repVelocityMps,0
597,repCount,0
597,motionIntensityG,0.08
597,activeEnergyKcal,29.901424261737837
597,heartRateBpm,181.38079166702724
598,repVelocityMps,0
598,repCount,0
598,motionIntensityG,0.08
598,activeEnergyKcal,29.96238561716592
598,heartRateBpm,181.8606912374199
599,repVelocityMps,0
599,repCount,0
599,motionIntensityG,0.08
599,activeEnergyKcal,30.023346388357762
599,heartRateBpm,179.1491170990225
600,repVelocityMps,0
600,repCount,0
600,motionIntensityG,0.08
600,activeEnergyKcal,30.08430657531336
600,heartRateBpm,177.91236753772196
601,repVelocityMps,0
601,repCount,0
601,motionIntensityG,0.08
601,activeEnergyKcal,30.145266178032713
601,heartRateBpm,179.6576193570282
602,repVelocityMps,0
602,repCount,0
602,motionIntensityG,0.08
602,activeEnergyKcal,30.206225196515824
602,heartRateBpm,178.35563914784285
603,repVelocityMps,0
603,repCount,0
603,motionIntensityG,0.08
603,activeEnergyKcal,30.26718363076269
603,heartRateBpm,176.57063447448235
604,repVelocityMps,0
604,repCount,0
604,motionIntensityG,0.08
604,activeEnergyKcal,30.328141480773315
604,heartRateBpm,176.7119457116436
605,repVelocityMps,0
605,repCount,0
605,motionIntensityG,0.08
605,activeEnergyKcal,30.389098746547692
605,heartRateBpm,177.3296813979652
606,repVelocityMps,0
606,repCount,0
606,motionIntensityG,0.08
606,activeEnergyKcal,30.450055428085825
606,heartRateBpm,177.5233035840513
607,repVelocityMps,0
607,repCount,0
607,motionIntensityG,0.08
607,activeEnergyKcal,30.511011525387715
607,heartRateBpm,177.93387369438807
608,repVelocityMps,0
608,repCount,0
608,motionIntensityG,0.08
608,activeEnergyKcal,30.571967038453362
608,heartRateBpm,177.4861363197157
609,repVelocityMps,0
609,repCount,0
609,motionIntensityG,0.08
609,activeEnergyKcal,30.632921967282766
609,heartRateBpm,177.47325841190286
610,repVelocityMps,0
610,repCount,0
610,motionIntensityG,0.08
610,activeEnergyKcal,30.693876311875925
610,heartRateBpm,177.7782998916581
611,repVelocityMps,0
611,repCount,0
611,motionIntensityG,0.08
611,activeEnergyKcal,30.754830072232842
611,heartRateBpm,177.84275032217258
612,repVelocityMps,0
612,repCount,0
612,motionIntensityG,0.08
612,activeEnergyKcal,30.81578324835351
612,heartRateBpm,178.70204864620965
613,repVelocityMps,0
613,repCount,0
613,motionIntensityG,0.08
613,activeEnergyKcal,30.876735840237938
613,heartRateBpm,179.71194587661657
614,repVelocityMps,0
614,repCount,0
614,motionIntensityG,0.08
614,activeEnergyKcal,30.93768784788612
614,heartRateBpm,179.4609011310836
615,repVelocityMps,0
615,repCount,0
615,motionIntensityG,0.08
615,activeEnergyKcal,30.99863927129806
615,heartRateBpm,177.87715086022058
616,repVelocityMps,0
616,repCount,0
616,motionIntensityG,0.08
616,activeEnergyKcal,31.059590110473756
616,heartRateBpm,178.27033455830738
617,repVelocityMps,0
617,repCount,0
617,motionIntensityG,0.08
617,activeEnergyKcal,31.12054036541321
617,heartRateBpm,178.38970222095114
618,repVelocityMps,0
618,repCount,0
618,motionIntensityG,0.08
618,activeEnergyKcal,31.18149003611642
618,heartRateBpm,177.93848363577774
619,repVelocityMps,0
619,repCount,0
619,motionIntensityG,0.08
619,activeEnergyKcal,31.24243912258338
619,heartRateBpm,177.59471284999984
620,repVelocityMps,0
620,repCount,0
620,motionIntensityG,0.08
620,activeEnergyKcal,31.3033876248141
620,heartRateBpm,177.2460403232515
621,repVelocityMps,0
621,repCount,0
621,motionIntensityG,0.08
621,activeEnergyKcal,31.36374747376953
621,heartRateBpm,175.89277625136555
622,repVelocityMps,0
622,repCount,0
622,motionIntensityG,0.08
622,activeEnergyKcal,31.423518809940227
622,heartRateBpm,174.658235345167
623,repVelocityMps,0
623,repCount,0
623,motionIntensityG,0.08
623,activeEnergyKcal,31.48270176827107
623,heartRateBpm,174.71668804938173
624,repVelocityMps,0
624,repCount,0
624,motionIntensityG,0.08
624,activeEnergyKcal,31.54129647816126
624,heartRateBpm,173.35052234298166
625,repVelocityMps,0
625,repCount,0
625,motionIntensityG,0.08
625,activeEnergyKcal,31.599303029516996
625,heartRateBpm,172.91935949922015
626,repVelocityMps,0
626,repCount,0
626,motionIntensityG,0.08
626,activeEnergyKcal,31.656721481492195
626,heartRateBpm,172.96358194873122
627,repVelocityMps,0
627,repCount,0
627,motionIntensityG,0.08
627,activeEnergyKcal,31.71355189046794
627,heartRateBpm,172.97959185594135
628,repVelocityMps,0
628,repCount,0
628,motionIntensityG,0.08
628,activeEnergyKcal,31.76979431005247
628,heartRateBpm,172.131312766609
629,repVelocityMps,0
629,repCount,0
629,motionIntensityG,0.08
629,activeEnergyKcal,31.82544879108118
629,heartRateBpm,171.05243967677538
630,repVelocityMps,0
630,repCount,0
630,motionIntensityG,0.08
630,activeEnergyKcal,31.880515381616636
630,heartRateBpm,170.9558756558846
631,repVelocityMps,0
631,repCount,0
631,motionIntensityG,0.08
631,activeEnergyKcal,31.934994126948556
631,heartRateBpm,169.16678225872735
632,repVelocityMps,0
632,repCount,0
632,motionIntensityG,0.08
632,activeEnergyKcal,31.98888506959382
632,heartRateBpm,169.41026357969162
633,repVelocityMps,0
633,repCount,0
633,motionIntensityG,0.08
633,activeEnergyKcal,32.042188249296466
633,heartRateBpm,168.33338924237347
634,repVelocityMps,0
634,repCount,0
634,motionIntensityG,0.08
634,activeEnergyKcal,32.0949037030277
634,heartRateBpm,167.29031469725584
635,repVelocityMps,0
635,repCount,0
635,motionIntensityG,0.08
635,activeEnergyKcal,32.147031464985865
635,heartRateBpm,167.7602587415601
636,repVelocityMps,0
636,repCount,0
636,motionIntensityG,0.08
636,activeEnergyKcal,32.1985715665965
636,heartRateBpm,166.4109952971626
637,repVelocityMps,0
637,repCount,0
637,motionIntensityG,0.08
637,activeEnergyKcal,32.24952403651228
637,heartRateBpm,164.39174016735782
638,repVelocityMps,0
638,repCount,0
638,motionIntensityG,0.08
638,activeEnergyKcal,32.299888900613034
638,heartRateBpm,162.56542536407815
639,repVelocityMps,0
639,repCount,0
639,motionIntensityG,0.08
639,activeEnergyKcal,32.34966618200578
639,heartRateBpm,162.7531653099335
640,repVelocityMps,0
640,repCount,0
640,motionIntensityG,0.08
640,activeEnergyKcal,32.39885590102466
640,heartRateBpm,162.8065137648428
641,repVelocityMps,0
641,repCount,0
641,motionIntensityG,0.08
641,activeEnergyKcal,32.447458075231005
641,heartRateBpm,162.31069852629864
642,repVelocityMps,0
642,repCount,0
642,motionIntensityG,0.08
642,activeEnergyKcal,32.49547271941329
642,heartRateBpm,161.75070416243994
643,repVelocityMps,0
643,repCount,0
643,motionIntensityG,0.08
643,activeEnergyKcal,32.54289984558716
643,heartRateBpm,160.42688798983906
644,repVelocityMps,0
644,repCount,0
644,motionIntensityG,0.08
644,activeEnergyKcal,32.589739462995404
644,heartRateBpm,160.56513116796643
645,repVelocityMps,0
645,repCount,0
645,motionIntensityG,0.08
645,activeEnergyKcal,32.63599157810799
645,heartRateBpm,160.7276425913757
646,repVelocityMps,0
646,repCount,0
646,motionIntensityG,0.08
646,activeEnergyKcal,32.68165619462204
646,heartRateBpm,159.56988783333958
647,repVelocityMps,0
647,repCount,0
647,motionIntensityG,0.08
647,activeEnergyKcal,32.726733313461835
647,heartRateBpm,158.69066658503232
648,repVelocityMps,0
648,repCount,0
648,motionIntensityG,0.08
648,activeEnergyKcal,32.77122293277881
648,heartRateBpm,157.6329327034299
649,repVelocityMps,0
649,repCount,0
649,motionIntensityG,0.08
649,activeEnergyKcal,32.81512504795157
649,heartRateBpm,154.78895633615983
650,repVelocityMps,0
650,repCount,0
650,motionIntensityG,0.08
650,activeEnergyKcal,32.85843965158587
650,heartRateBpm,156.7439911960344
651,repVelocityMps,0
651,repCount,0
651,motionIntensityG,0.08
651,activeEnergyKcal,32.90116673351463
651,heartRateBpm,157.59554804210438
652,repVelocityMps,0
652,repCount,0
652,motionIntensityG,0.08
652,activeEnergyKcal,32.94330628079793
652,heartRateBpm,157.42083030528835
653,repVelocityMps,0
653,repCount,0
653,motionIntensityG,0.08
653,activeEnergyKcal,32.98485827772301
653,heartRateBpm,157.82131889058348
654,repVelocityMps,0
654,repCount,0
654,motionIntensityG,0.08
654,activeEnergyKcal,33.02582270580428
654,heartRateBpm,157.284628984934
655,repVelocityMps,0
655,repCount,0
655,motionIntensityG,0.08
655,activeEnergyKcal,33.06619954378329
655,heartRateBpm,155.9307203989197
656,repVelocityMps,0
656,repCount,0
656,motionIntensityG,0.08
656,activeEnergyKcal,33.10598876762876
656,heartRateBpm,154.22135990621894
657,repVelocityMps,0
657,repCount,0
657,motionIntensityG,0.08
657,activeEnergyKcal,33.14519035053657
657,heartRateBpm,154.2594753126513
658,repVelocityMps,0
658,repCount,0
658,motionIntensityG,0.08
658,activeEnergyKcal,33.18380426292977
658,heartRateBpm,152.2175787707455
659,repVelocityMps,0
659,repCount,0
659,motionIntensityG,0.08
659,activeEnergyKcal,33.22183047245855
659,heartRateBpm,151.17248839466885
660,repVelocityMps,0
660,repCount,0
660,motionIntensityG,0.08
660,activeEnergyKcal,33.25926894400027
660,heartRateBpm,148.64486838351806
661,repVelocityMps,0
661,repCount,0
661,motionIntensityG,0.08
661,activeEnergyKcal,33.29670843795542
661,heartRateBpm,148.2632896519357
662,repVelocityMps,0
662,repCount,0
662,motionIntensityG,0.08
662,activeEnergyKcal,33.33414895432399
662,heartRateBpm,149.78792306587113
663,repVelocityMps,0
663,repCount,0
663,motionIntensityG,0.08
663,activeEnergyKcal,33.37159049310599
663,heartRateBpm,151.0328493624539
664,repVelocityMps,0
664,repCount,0
664,motionIntensityG,0.08
664,activeEnergyKcal,33.40903305430142
664,heartRateBpm,149.6852977832868
665,repVelocityMps,0
665,repCount,0
665,motionIntensityG,0.08
665,activeEnergyKcal,33.44647663791027
665,heartRateBpm,148.9325546058247
666,repVelocityMps,0
666,repCount,0
666,motionIntensityG,0.08
666,activeEnergyKcal,33.483921243932556
666,heartRateBpm,148.14298572624378
667,repVelocityMps,0
667,repCount,0
667,motionIntensityG,0.08
667,activeEnergyKcal,33.52136687236826
667,heartRateBpm,146.27005542207314
668,repVelocityMps,0
668,repCount,0
668,motionIntensityG,0.08
668,activeEnergyKcal,33.558813523217395
668,heartRateBpm,146.43267281947377
669,repVelocityMps,0
669,repCount,0
669,motionIntensityG,0.08
669,activeEnergyKcal,33.59626119647996
669,heartRateBpm,147.60393696696704
670,repVelocityMps,0
670,repCount,0
670,motionIntensityG,0.08
670,activeEnergyKcal,33.63370989215595
670,heartRateBpm,146.93963618201676
671,repVelocityMps,0
671,repCount,0
671,motionIntensityG,0.08
671,activeEnergyKcal,33.67115961024536
671,heartRateBpm,147.5604481774963
672,repVelocityMps,0
672,repCount,0
672,motionIntensityG,0.08
672,activeEnergyKcal,33.7086103507482
672,heartRateBpm,145.05461937509324
673,repVelocityMps,0
673,repCount,0
673,motionIntensityG,0.08
673,activeEnergyKcal,33.74606211366447
673,heartRateBpm,143.8881309664732
674,repVelocityMps,0
674,repCount,0
674,motionIntensityG,0.08
674,activeEnergyKcal,33.78351489899417
674,heartRateBpm,143.06664919484135
675,repVelocityMps,0
675,repCount,0
675,motionIntensityG,0.08
675,activeEnergyKcal,33.82096870673729
675,heartRateBpm,142.77979075311802
676,repVelocityMps,0
676,repCount,0
676,motionIntensityG,0.08
676,activeEnergyKcal,33.88199337876831
676,heartRateBpm,142.27034213911293
677,repVelocityMps,0
677,repCount,0
677,motionIntensityG,0.08
677,activeEnergyKcal,33.94301746656308
677,heartRateBpm,141.69447189359786
678,repVelocityMps,0
678,repCount,0
678,motionIntensityG,0.08
678,activeEnergyKcal,34.00404097012161
678,heartRateBpm,141.98983055898447
679,repVelocityMps,0
679,repCount,0
679,motionIntensityG,0.08
679,activeEnergyKcal,34.06506388944389
679,heartRateBpm,142.11468589398189
680,repVelocityMps,0
680,repCount,0
680,motionIntensityG,0.08
680,activeEnergyKcal,34.126086224529935
680,heartRateBpm,142.19297496555475
681,repVelocityMps,0
681,repCount,0
681,motionIntensityG,0.08
681,activeEnergyKcal,34.18710797537973
681,heartRateBpm,144.96838155514598
682,repVelocityMps,0
682,repCount,0
682,motionIntensityG,0.08
682,activeEnergyKcal,34.24812914199329
682,heartRateBpm,148.00272259204513
683,repVelocityMps,0
683,repCount,0
683,motionIntensityG,0.08
683,activeEnergyKcal,34.3091497243706
683,heartRateBpm,148.1049332244459
684,repVelocityMps,0
684,repCount,0
684,motionIntensityG,0.08
684,activeEnergyKcal,34.37016972251166
684,heartRateBpm,150.37184662826039
685,repVelocityMps,0
685,repCount,0
685,motionIntensityG,0.08
685,activeEnergyKcal,34.431189136416485
685,heartRateBpm,149.07589128367758
686,repVelocityMps,0
686,repCount,0
686,motionIntensityG,0.08
686,activeEnergyKcal,34.49220796608506
686,heartRateBpm,149.38047261166778
687,repVelocityMps,0
687,repCount,0
687,motionIntensityG,0.08
687,activeEnergyKcal,34.5532262115174
687,heartRateBpm,152.5548448251068
688,repVelocityMps,0
688,repCount,0
688,motionIntensityG,0.08
688,activeEnergyKcal,34.61424387271349
688,heartRateBpm,156.0953487092147
689,repVelocityMps,0
689,repCount,0
689,motionIntensityG,0.08
689,activeEnergyKcal,34.67526094967334
689,heartRateBpm,155.15819511332217
690,repVelocityMps,0
690,repCount,0
690,motionIntensityG,0.08
690,activeEnergyKcal,34.73627744239694
690,heartRateBpm,156.57186753077477
691,repVelocityMps,0
691,repCount,0
691,motionIntensityG,0.08
691,activeEnergyKcal,34.797293350884296
691,heartRateBpm,156.07189732277521
692,repVelocityMps,0
692,repCount,0
692,motionIntensityG,0.08
692,activeEnergyKcal,34.85830867513541
692,heartRateBpm,158.2568354158341
693,repVelocityMps,0
693,repCount,0
693,motionIntensityG,0.08
693,activeEnergyKcal,34.91932341515028
693,heartRateBpm,159.25076682493818
694,repVelocityMps,0
694,repCount,0
694,motionIntensityG,0.08
694,activeEnergyKcal,34.98033757092891
694,heartRateBpm,160.44054849215706
695,repVelocityMps,0
695,repCount,0
695,motionIntensityG,0.08
695,activeEnergyKcal,35.04135114247129
695,heartRateBpm,158.5864657203526
696,repVelocityMps,0
696,repCount,0
696,motionIntensityG,0.08
696,activeEnergyKcal,35.102364129777435
696,heartRateBpm,159.9007866556665
697,repVelocityMps,0
697,repCount,0
697,motionIntensityG,0.08
697,activeEnergyKcal,35.16337653284733
697,heartRateBpm,160.04233610676573
698,repVelocityMps,0
698,repCount,0
698,motionIntensityG,0.08
698,activeEnergyKcal,35.22438835168098
698,heartRateBpm,161.48614866426894
699,repVelocityMps,0
699,repCount,0
699,motionIntensityG,0.08
699,activeEnergyKcal,35.28539958627839
699,heartRateBpm,162.38178159122023
700,repVelocityMps,0
700,repCount,0
700,motionIntensityG,0.08
700,activeEnergyKcal,35.34641023663955
700,heartRateBpm,163.12705972439588
701,repVelocityMps,0
701,repCount,0
701,motionIntensityG,0.08
701,activeEnergyKcal,35.40742030276447
701,heartRateBpm,163.1294697513916
702,repVelocityMps,0
702,repCount,0
702,motionIntensityG,0.08
702,activeEnergyKcal,35.468429784653146
702,heartRateBpm,164.015585953062
703,repVelocityMps,0
703,repCount,0
703,motionIntensityG,0.08
703,activeEnergyKcal,35.52943868230558
703,heartRateBpm,164.37294843413105
704,repVelocityMps,0
704,repCount,0
704,motionIntensityG,0.08
704,activeEnergyKcal,35.59044699572177
704,heartRateBpm,162.20730171652338
705,repVelocityMps,0
705,repCount,0
705,motionIntensityG,0.08
705,activeEnergyKcal,35.65145472490171
705,heartRateBpm,160.7926434264927
706,repVelocityMps,0
706,repCount,0
706,motionIntensityG,0.08
706,activeEnergyKcal,35.71246186984541
706,heartRateBpm,161.80027300060075
707,repVelocityMps,0
707,repCount,0
707,motionIntensityG,0.08
707,activeEnergyKcal,35.77346843055287
707,heartRateBpm,161.60674708916085
708,repVelocityMps,0
708,repCount,0
708,motionIntensityG,0.08
708,activeEnergyKcal,35.83447440702408
708,heartRateBpm,160.48048769513065
709,repVelocityMps,0
709,repCount,0
709,motionIntensityG,0.08
709,activeEnergyKcal,35.89547979925905
709,heartRateBpm,159.8434336216657
710,repVelocityMps,0
710,repCount,0
710,motionIntensityG,0.08
710,activeEnergyKcal,35.95648460725778
710,heartRateBpm,159.88787689586454
711,repVelocityMps,0
711,repCount,0
711,motionIntensityG,0.08
711,activeEnergyKcal,36.01748883102026
711,heartRateBpm,160.39497759528925
712,repVelocityMps,0
712,repCount,0
712,motionIntensityG,0.08
712,activeEnergyKcal,36.07849247054649
712,heartRateBpm,159.22504542123713
713,repVelocityMps,0
713,repCount,0
713,motionIntensityG,0.08
713,activeEnergyKcal,36.13949552583649
713,heartRateBpm,160.71058903782708
714,repVelocityMps,0
714,repCount,0
714,motionIntensityG,0.08
714,activeEnergyKcal,36.200497996890235
714,heartRateBpm,159.6838828523521
715,repVelocityMps,0
715,repCount,0
715,motionIntensityG,0.08
715,activeEnergyKcal,36.26149988370774
715,heartRateBpm,160.45874046908781
716,repVelocityMps,0
716,repCount,0
716,motionIntensityG,0.08
716,activeEnergyKcal,36.322501186289
716,heartRateBpm,161.52202944036316
717,repVelocityMps,0
717,repCount,0
717,motionIntensityG,0.08
717,activeEnergyKcal,36.383501904634024
717,heartRateBpm,162.0165856694057
718,repVelocityMps,0
718,repCount,0
718,motionIntensityG,0.08
718,activeEnergyKcal,36.4445020387428
718,heartRateBpm,161.85104620933498
719,repVelocityMps,0
719,repCount,0
719,motionIntensityG,0.08
719,activeEnergyKcal,36.505501588615324
719,heartRateBpm,160.34428547555953
720,repVelocityMps,0
720,repCount,0
720,motionIntensityG,0.08
720,activeEnergyKcal,36.56650055425161
720,heartRateBpm,160.59928086848558
721,repVelocityMps,0
721,repCount,0
721,motionIntensityG,0.08
721,activeEnergyKcal,36.62749893565165
721,heartRateBpm,160.41485956900488
722,repVelocityMps,0
722,repCount,0
722,motionIntensityG,0.08
722,activeEnergyKcal,36.68849673281545
722,heartRateBpm,159.45974925245034
723,repVelocityMps,0
723,repCount,0
723,motionIntensityG,0.08
723,activeEnergyKcal,36.749493945743005
723,heartRateBpm,156.34523276648892
724,repVelocityMps,0
724,repCount,0
724,motionIntensityG,0.08
724,activeEnergyKcal,36.81049057443432
724,heartRateBpm,155.63999847401942
725,repVelocityMps,0
725,repCount,0
725,motionIntensityG,0.08
725,activeEnergyKcal,36.871486618889385
725,heartRateBpm,157.39037464809257
726,repVelocityMps,0
726,repCount,0
726,motionIntensityG,0.08
726,activeEnergyKcal,36.932482079108205
726,heartRateBpm,156.57817685749723
727,repVelocityMps,0
727,repCount,0
727,motionIntensityG,0.08
727,activeEnergyKcal,36.993476955090784
727,heartRateBpm,154.97686782766914
728,repVelocityMps,0
728,repCount,0
728,motionIntensityG,0.08
728,activeEnergyKcal,37.05447124683712
728,heartRateBpm,154.74633356314467
729,repVelocityMps,0
729,repCount,0
729,motionIntensityG,0.08
729,activeEnergyKcal,37.11546495434721
729,heartRateBpm,154.75817827684847
730,repVelocityMps,0
730,repCount,0
730,motionIntensityG,0.08
730,activeEnergyKcal,37.17645807762106
730,heartRateBpm,154.66014536541596
731,repVelocityMps,0
731,repCount,0
731,motionIntensityG,0.08
731,activeEnergyKcal,37.23745061665866
731,heartRateBpm,154.6638168926321
732,repVelocityMps,0
732,repCount,0
732,motionIntensityG,0.08
732,activeEnergyKcal,37.29844257146002
732,heartRateBpm,154.196577975119
733,repVelocityMps,0
733,repCount,0
733,motionIntensityG,0.08
733,activeEnergyKcal,37.359433942025134
733,heartRateBpm,153.06972125514088
734,repVelocityMps,0
734,repCount,0
734,motionIntensityG,0.08
734,activeEnergyKcal,37.42042472835401
734,heartRateBpm,150.583880122039
735,repVelocityMps,0
735,repCount,0
735,motionIntensityG,0.08
735,activeEnergyKcal,37.48141493044663
735,heartRateBpm,151.30815341731878
736,repVelocityMps,0
736,repCount,0
736,motionIntensityG,0.08
736,activeEnergyKcal,37.54240454830302
736,heartRateBpm,152.27745336015064
737,repVelocityMps,0
737,repCount,0
737,motionIntensityG,0.08
737,activeEnergyKcal,37.60339358192316
737,heartRateBpm,152.6797437983717
738,repVelocityMps,0
738,repCount,0
738,motionIntensityG,0.08
738,activeEnergyKcal,37.664382031307056
738,heartRateBpm,154.28448840060523
739,repVelocityMps,0
739,repCount,0
739,motionIntensityG,0.08
739,activeEnergyKcal,37.72536989645471
739,heartRateBpm,153.94783637286142
740,repVelocityMps,0
740,repCount,0
740,motionIntensityG,0.08
740,activeEnergyKcal,37.78635717736611
740,heartRateBpm,156.1383042905536
741,repVelocityMps,0
741,repCount,0
741,motionIntensityG,0.08
741,activeEnergyKcal,37.84734387404128
741,heartRateBpm,154.63780795328245
742,repVelocityMps,0
742,repCount,0
742,motionIntensityG,0.08
742,activeEnergyKcal,37.9083299864802
742,heartRateBpm,154.80978531211255
743,repVelocityMps,0
743,repCount,0
743,motionIntensityG,0.08
743,activeEnergyKcal,37.969315514682876
743,heartRateBpm,154.21723963376056
744,repVelocityMps,0
744,repCount,0
744,motionIntensityG,0.08
744,activeEnergyKcal,38.03030045864931
744,heartRateBpm,155.89465427472595
745,repVelocityMps,0
745,repCount,0
745,motionIntensityG,0.08
745,activeEnergyKcal,38.0912848183795
745,heartRateBpm,157.59798188219577
746,repVelocityMps,0
746,repCount,0
746,motionIntensityG,0.08
746,activeEnergyKcal,38.152268593873444
746,heartRateBpm,155.48695834401363
747,repVelocityMps,0
747,repCount,0
747,motionIntensityG,0.08
747,activeEnergyKcal,38.21325178513114
747,heartRateBpm,157.33737768315297
748,repVelocityMps,0
748,repCount,0
748,motionIntensityG,0.08
748,activeEnergyKcal,38.2742343921526
748,heartRateBpm,158.7201669935957
749,repVelocityMps,0
749,repCount,0
749,motionIntensityG,0.08
749,activeEnergyKcal,38.33521641493781
749,heartRateBpm,159.88599366992048
750,repVelocityMps,0
750,repCount,0
750,motionIntensityG,0.08
750,activeEnergyKcal,38.39619785348678
750,heartRateBpm,161.99026796423414
751,repVelocityMps,0
751,repCount,0
751,motionIntensityG,0.08
751,activeEnergyKcal,38.45717870779951
751,heartRateBpm,161.78208533577666
752,repVelocityMps,0
752,repCount,0
752,motionIntensityG,0.08
752,activeEnergyKcal,38.51815897787599
752,heartRateBpm,162.53721281817735
753,repVelocityMps,0
753,repCount,0
753,motionIntensityG,0.08
753,activeEnergyKcal,38.57913866371623
753,heartRateBpm,162.28856697661115
754,repVelocityMps,0
754,repCount,0
754,motionIntensityG,0.08
754,activeEnergyKcal,38.64011776532022
754,heartRateBpm,163.4599361039996
755,repVelocityMps,0
755,repCount,0
755,motionIntensityG,0.08
755,activeEnergyKcal,38.70109628268797
755,heartRateBpm,165.4769106731926
756,repVelocityMps,0
756,repCount,0
756,motionIntensityG,0.08
756,activeEnergyKcal,38.762074215819474
756,heartRateBpm,164.3066306356502
757,repVelocityMps,0
757,repCount,0
757,motionIntensityG,0.08
757,activeEnergyKcal,38.82305156471474
757,heartRateBpm,165.26189095051694
758,repVelocityMps,0
758,repCount,0
758,motionIntensityG,0.08
758,activeEnergyKcal,38.884028329373756
758,heartRateBpm,164.68335757057923
759,repVelocityMps,0
759,repCount,0
759,motionIntensityG,0.08
759,activeEnergyKcal,38.94500450979653
759,heartRateBpm,165.58817644480982
760,repVelocityMps,0
760,repCount,0
760,motionIntensityG,0.08
760,activeEnergyKcal,39.00598010598306
760,heartRateBpm,165.63925014982942
761,repVelocityMps,0
761,repCount,0
761,motionIntensityG,0.08
761,activeEnergyKcal,39.06695511793335
761,heartRateBpm,164.81676688952155
762,repVelocityMps,0
762,repCount,0
762,motionIntensityG,0.08
762,activeEnergyKcal,39.12792954564739
762,heartRateBpm,162.60365373154465
763,repVelocityMps,0
763,repCount,0
763,motionIntensityG,0.08
763,activeEnergyKcal,39.18890338912519
763,heartRateBpm,164.47668518817684
764,repVelocityMps,0
764,repCount,0
764,motionIntensityG,0.08
764,activeEnergyKcal,39.249876648366744
764,heartRateBpm,166.66537808122612
765,repVelocityMps,0
765,repCount,0
765,motionIntensityG,0.08
765,activeEnergyKcal,39.310849323372054
765,heartRateBpm,166.64084793318543
766,repVelocityMps,0
766,repCount,0
766,motionIntensityG,0.08
766,activeEnergyKcal,39.371821414141124
766,heartRateBpm,167.13397995773886
767,repVelocityMps,0
767,repCount,0
767,motionIntensityG,0.08
767,activeEnergyKcal,39.43279292067395
767,heartRateBpm,165.6080116413225
768,repVelocityMps,0
768,repCount,0
768,motionIntensityG,0.08
768,activeEnergyKcal,39.49376384297052
768,heartRateBpm,164.61364968595421
769,repVelocityMps,0
769,repCount,0
769,motionIntensityG,0.08
769,activeEnergyKcal,39.55473418103086
769,heartRateBpm,164.43985212635386
770,repVelocityMps,0
770,repCount,0
770,motionIntensityG,0.08
770,activeEnergyKcal,39.61570393485495
770,heartRateBpm,163.13442028906252
771,repVelocityMps,0
771,repCount,0
771,motionIntensityG,0.08
771,activeEnergyKcal,39.6766731044428
771,heartRateBpm,164.96334072878645
772,repVelocityMps,0
772,repCount,0
772,motionIntensityG,0.08
772,activeEnergyKcal,39.7376416897944
772,heartRateBpm,165.50978734244632
773,repVelocityMps,0
773,repCount,0
773,motionIntensityG,0.08
773,activeEnergyKcal,39.798609690909764
773,heartRateBpm,167.81955129517743
774,repVelocityMps,0
774,repCount,0
774,motionIntensityG,0.08
774,activeEnergyKcal,39.85957710778888
774,heartRateBpm,167.8043058764819
775,repVelocityMps,0
775,repCount,0
775,motionIntensityG,0.08
775,activeEnergyKcal,39.92054394043175
775,heartRateBpm,168.54660212067824
776,repVelocityMps,0
776,repCount,0
776,motionIntensityG,0.08
776,activeEnergyKcal,39.98151018883838
776,heartRateBpm,155.80220865071988
777,repVelocityMps,0
777,repCount,0
777,motionIntensityG,0.08
777,activeEnergyKcal,40.04247585300876
777,heartRateBpm,144.49405203680402
778,repVelocityMps,0
778,repCount,0
778,motionIntensityG,0.08
778,activeEnergyKcal,40.1034409329429
778,heartRateBpm,134.56115119375605
779,repVelocityMps,0
779,repCount,0
779,motionIntensityG,0.08
779,activeEnergyKcal,40.1644054286408
779,heartRateBpm,135.01655530324004
780,repVelocityMps,0
780,repCount,0
780,motionIntensityG,0.08
780,activeEnergyKcal,40.22536934010245
780,heartRateBpm,133.48719526927016
781,repVelocityMps,0
781,repCount,0
781,motionIntensityG,0.08
781,activeEnergyKcal,40.28633266732786
781,heartRateBpm,135.5406860658601
782,repVelocityMps,0
782,repCount,0
782,motionIntensityG,0.08
782,activeEnergyKcal,40.347295410317024
782,heartRateBpm,136.7556701380491
783,repVelocityMps,0
783,repCount,0
783,motionIntensityG,0.08
783,activeEnergyKcal,40.408257569069946
783,heartRateBpm,137.20434012922706
784,repVelocityMps,0
784,repCount,0
784,motionIntensityG,0.08
784,activeEnergyKcal,40.46921914358662
784,heartRateBpm,137.75070107256215
785,repVelocityMps,0
785,repCount,0
785,motionIntensityG,0.08
785,activeEnergyKcal,40.530180133867056
785,heartRateBpm,137.2529905312656
786,repVelocityMps,0
786,repCount,0
786,motionIntensityG,0.08
786,activeEnergyKcal,40.591140539911244
786,heartRateBpm,139.4156353806311
787,repVelocityMps,0
787,repCount,0
787,motionIntensityG,0.08
787,activeEnergyKcal,40.65210036171919
787,heartRateBpm,140.97074434671146
788,repVelocityMps,0
788,repCount,0
788,motionIntensityG,0.08
788,activeEnergyKcal,40.713059599290894
788,heartRateBpm,143.9024246528052
789,repVelocityMps,0
789,repCount,0
789,motionIntensityG,0.08
789,activeEnergyKcal,40.77401825262635
789,heartRateBpm,143.45494898244638
790,repVelocityMps,0
790,repCount,0
790,motionIntensityG,0.08
790,activeEnergyKcal,40.83497632172556
790,heartRateBpm,146.27240040600543
791,repVelocityMps,0
791,repCount,0
791,motionIntensityG,0.08
791,activeEnergyKcal,40.89593380658853
791,heartRateBpm,145.63683615695288
792,repVelocityMps,0
792,repCount,0
792,motionIntensityG,0.08
792,activeEnergyKcal,40.95689070721526
792,heartRateBpm,145.1625488363176
793,repVelocityMps,0
793,repCount,0
793,motionIntensityG,0.08
793,activeEnergyKcal,41.01784702360574
793,heartRateBpm,146.39136503927048
794,repVelocityMps,0
794,repCount,0
794,motionIntensityG,0.08
794,activeEnergyKcal,41.07880275575998
794,heartRateBpm,147.64094470164244
795,repVelocityMps,0
795,repCount,0
795,motionIntensityG,0.08
795,activeEnergyKcal,41.139757903677975
795,heartRateBpm,149.15554490994234
796,repVelocityMps,0
796,repCount,0
796,motionIntensityG,0.08
796,activeEnergyKcal,41.20071246735972
796,heartRateBpm,151.3567260202556
797,repVelocityMps,0
797,repCount,0
797,motionIntensityG,0.08
797,activeEnergyKcal,41.26166644680523
797,heartRateBpm,149.90082262059846
798,repVelocityMps,0
798,repCount,0
798,motionIntensityG,0.08
798,activeEnergyKcal,41.32261984201449
798,heartRateBpm,150.20020995915937
799,repVelocityMps,0
799,repCount,0
799,motionIntensityG,0.08
799,activeEnergyKcal,41.38357265298751
799,heartRateBpm,149.61130372913843
800,repVelocityMps,0
800,repCount,0
800,motionIntensityG,0.08
800,activeEnergyKcal,41.444524879724284
800,heartRateBpm,150.3331011442422
801,repVelocityMps,0
801,repCount,0
801,motionIntensityG,0.08
801,activeEnergyKcal,41.50547652222482
801,heartRateBpm,151.9136605233211
802,repVelocityMps,0
802,repCount,0
802,motionIntensityG,0.08
802,activeEnergyKcal,41.566427580489105
802,heartRateBpm,150.68957328141354
803,repVelocityMps,0
803,repCount,0
803,motionIntensityG,0.08
803,activeEnergyKcal,41.627378054517145
803,heartRateBpm,151.65524546652185
804,repVelocityMps,0
804,repCount,0
804,motionIntensityG,0.08
804,activeEnergyKcal,41.688327944308945
804,heartRateBpm,152.75884849161642
805,repVelocityMps,0
805,repCount,0
805,motionIntensityG,0.08
805,activeEnergyKcal,41.7492772498645
805,heartRateBpm,153.55313918421314
806,repVelocityMps,0
806,repCount,0
806,motionIntensityG,0.08
806,activeEnergyKcal,41.81022597118381
806,heartRateBpm,152.7825546012034
807,repVelocityMps,0
807,repCount,0
807,motionIntensityG,0.08
807,activeEnergyKcal,41.87117410826688
807,heartRateBpm,152.16493938266194
808,repVelocityMps,0
808,repCount,0
808,motionIntensityG,0.08
808,activeEnergyKcal,41.932121661113705
808,heartRateBpm,151.7914922608947
809,repVelocityMps,0
809,repCount,0
809,motionIntensityG,0.08
809,activeEnergyKcal,41.993068629724284
809,heartRateBpm,152.47565449442604
810,repVelocityMps,0
810,repCount,0
810,motionIntensityG,0.08
810,activeEnergyKcal,42.05401501409862
810,heartRateBpm,150.89829647183404
811,repVelocityMps,0
811,repCount,0
811,motionIntensityG,0.08
811,activeEnergyKcal,42.11496081423671
811,heartRateBpm,150.9663971794675
812,repVelocityMps,0
812,repCount,0
812,motionIntensityG,0.08
812,activeEnergyKcal,42.175906030138556
812,heartRateBpm,153.0733463868482
813,repVelocityMps,0
813,repCount,0
813,motionIntensityG,0.08
813,activeEnergyKcal,42.23685066180416
813,heartRateBpm,154.21583407322487
814,repVelocityMps,0
814,repCount,0
814,motionIntensityG,0.08
814,activeEnergyKcal,42.29779470923352
814,heartRateBpm,155.2897984834138
815,repVelocityMps,0
815,repCount,0
815,motionIntensityG,0.08
815,activeEnergyKcal,42.35873817242664
815,heartRateBpm,157.58137287392913
816,repVelocityMps,0
816,repCount,0
816,motionIntensityG,0.08
816,activeEnergyKcal,42.41968105138351
816,heartRateBpm,157.1775754997518
817,repVelocityMps,0
817,repCount,0
817,motionIntensityG,0.08
817,activeEnergyKcal,42.48062334610414
817,heartRateBpm,156.29390001041483
818,repVelocityMps,0
818,repCount,0
818,motionIntensityG,0.08
818,activeEnergyKcal,42.541565056588524
818,heartRateBpm,157.53824051265715
819,repVelocityMps,0
819,repCount,0
819,motionIntensityG,0.08
819,activeEnergyKcal,42.60250618283666
819,heartRateBpm,156.9319640617116
820,repVelocityMps,0
820,repCount,0
820,motionIntensityG,0.08
820,activeEnergyKcal,42.66344672484856
820,heartRateBpm,157.76771955454086
821,repVelocityMps,0
821,repCount,0
821,motionIntensityG,0.08
821,activeEnergyKcal,42.724386682624214
821,heartRateBpm,159.5928400826406
822,repVelocityMps,0
822,repCount,0
822,motionIntensityG,0.08
822,activeEnergyKcal,42.785326056163626
822,heartRateBpm,160.098205109274
823,repVelocityMps,0
823,repCount,0
823,motionIntensityG,0.08
823,activeEnergyKcal,42.84626484546679
823,heartRateBpm,161.1362661445587
824,repVelocityMps,0
824,repCount,0
824,motionIntensityG,0.08
824,activeEnergyKcal,42.90720305053371
824,heartRateBpm,161.31352051275792
825,repVelocityMps,0
825,repCount,0
825,motionIntensityG,0.08
825,activeEnergyKcal,42.96814067136439
825,heartRateBpm,163.16605986681677
826,repVelocityMps,0
826,repCount,0
826,motionIntensityG,0.08
826,activeEnergyKcal,43.02907770795882
826,heartRateBpm,163.00133780609977
827,repVelocityMps,0
827,repCount,0
827,motionIntensityG,0.08
827,activeEnergyKcal,43.09001416031701
827,heartRateBpm,163.4238220012456
828,repVelocityMps,0
828,repCount,0
828,motionIntensityG,0.08
828,activeEnergyKcal,43.150950028438956
828,heartRateBpm,163.0116700217427
829,repVelocityMps,0
829,repCount,0
829,motionIntensityG,0.08
829,activeEnergyKcal,43.21188531232466
829,heartRateBpm,160.95162633805285
830,repVelocityMps,0
830,repCount,0
830,motionIntensityG,0.08
830,activeEnergyKcal,43.27282001197412
830,heartRateBpm,162.02379986910316
831,repVelocityMps,0
831,repCount,0
831,motionIntensityG,0.08
831,activeEnergyKcal,43.33375412738733
831,heartRateBpm,162.55423607733215
832,repVelocityMps,0
832,repCount,0
832,motionIntensityG,0.08
832,activeEnergyKcal,43.3946876585643
832,heartRateBpm,163.49888428119766
833,repVelocityMps,0
833,repCount,0
833,motionIntensityG,0.08
833,activeEnergyKcal,43.455620605505025
833,heartRateBpm,163.18208360503934
834,repVelocityMps,0
834,repCount,0
834,motionIntensityG,0.08
834,activeEnergyKcal,43.51655296820951
834,heartRateBpm,162.97931394468034
835,repVelocityMps,0
835,repCount,0
835,motionIntensityG,0.08
835,activeEnergyKcal,43.57748474667775
835,heartRateBpm,163.4339357354729
836,repVelocityMps,0
836,repCount,0
836,motionIntensityG,0.08
836,activeEnergyKcal,43.638415940909745
836,heartRateBpm,164.31999143088493
837,repVelocityMps,0
837,repCount,0
837,motionIntensityG,0.08
837,activeEnergyKcal,43.699346550905496
837,heartRateBpm,165.54651480774038
838,repVelocityMps,0
838,repCount,0
838,motionIntensityG,0.08
838,activeEnergyKcal,43.760276576665
838,heartRateBpm,166.46572372971278
839,repVelocityMps,0
839,repCount,0
839,motionIntensityG,0.08
839,activeEnergyKcal,43.82120601818826
839,heartRateBpm,167.04492808939636
840,repVelocityMps,0
840,repCount,0
840,motionIntensityG,0.08
840,activeEnergyKcal,43.88213487547528
840,heartRateBpm,165.88652194928952
841,repVelocityMps,0
841,repCount,0
841,motionIntensityG,0.08
841,activeEnergyKcal,43.91693446966346
841,heartRateBpm,164.8626828215073
842,repVelocityMps,0
842,repCount,0
842,motionIntensityG,0.08
842,activeEnergyKcal,43.9517350497503
842,heartRateBpm,164.1072556195204
843,repVelocityMps,0
843,repCount,0
843,motionIntensityG,0.08
843,activeEnergyKcal,43.9865366157358
843,heartRateBpm,163.2478008559738
844,repVelocityMps,0
844,repCount,0
844,motionIntensityG,0.08
844,activeEnergyKcal,44.02133916761996
844,heartRateBpm,163.71640745793292
845,repVelocityMps,0
845,repCount,0
845,motionIntensityG,0.08
845,activeEnergyKcal,44.056142705402785
845,heartRateBpm,162.59420055996242
846,repVelocityMps,0
846,repCount,0
846,motionIntensityG,0.08
846,activeEnergyKcal,44.09094722908427
846,heartRateBpm,163.15036976309108
847,repVelocityMps,0
847,repCount,0
847,motionIntensityG,0.08
847,activeEnergyKcal,44.12575273866442
847,heartRateBpm,161.692539943998
848,repVelocityMps,0
848,repCount,0
848,motionIntensityG,0.08
848,activeEnergyKcal,44.16055923414323
848,heartRateBpm,159.67401288442983
849,repVelocityMps,0
849,repCount,0
849,motionIntensityG,0.08
849,activeEnergyKcal,44.1953667155207
849,heartRateBpm,158.8008140683663
850,repVelocityMps,0
850,repCount,0
850,motionIntensityG,0.08
850,activeEnergyKcal,44.23017518279683
850,heartRateBpm,158.64903204439713
851,repVelocityMps,0
851,repCount,0
851,motionIntensityG,0.08
851,activeEnergyKcal,44.26498463597162
851,heartRateBpm,156.7244206404294
852,repVelocityMps,0
852,repCount,0
852,motionIntensityG,0.08
852,activeEnergyKcal,44.299795075045076
852,heartRateBpm,154.487820741827
853,repVelocityMps,0
853,repCount,0
853,motionIntensityG,0.08
853,activeEnergyKcal,44.334606500017195
853,heartRateBpm,151.72065090768436
854,repVelocityMps,0
854,repCount,0
854,motionIntensityG,0.08
854,activeEnergyKcal,44.36941891088797
854,heartRateBpm,151.9534419739302
855,repVelocityMps,0
855,repCount,0
855,motionIntensityG,0.08
855,activeEnergyKcal,44.40423230765741
855,heartRateBpm,151.68545579130372
856,repVelocityMps,0
856,repCount,0
856,motionIntensityG,0.08
856,activeEnergyKcal,44.43904669032551
856,heartRateBpm,152.2259581580948
857,repVelocityMps,0
857,repCount,0
857,motionIntensityG,0.08
857,activeEnergyKcal,44.47386205889227
857,heartRateBpm,152.37566173934127
858,repVelocityMps,0
858,repCount,0
858,motionIntensityG,0.08
858,activeEnergyKcal,44.5086784133577
858,heartRateBpm,149.17825434544986
859,repVelocityMps,0
859,repCount,0
859,motionIntensityG,0.08
859,activeEnergyKcal,44.543495753721785
859,heartRateBpm,147.54987853538356
860,repVelocityMps,0
860,repCount,0
860,motionIntensityG,0.08
860,activeEnergyKcal,44.57831407998453
860,heartRateBpm,146.93754603289997
861,repVelocityMps,0
861,repCount,0
861,motionIntensityG,0.08
861,activeEnergyKcal,44.61313339214594
861,heartRateBpm,144.03033988060545
862,repVelocityMps,0
862,repCount,0
862,motionIntensityG,0.08
862,activeEnergyKcal,44.64795369020601
862,heartRateBpm,143.89467341579729
863,repVelocityMps,0
863,repCount,0
863,motionIntensityG,0.08
863,activeEnergyKcal,44.682774974164744
863,heartRateBpm,142.94510953358392
864,repVelocityMps,0
864,repCount,0
864,motionIntensityG,0.08
864,activeEnergyKcal,44.71759724402214
864,heartRateBpm,141.2623300036737
865,repVelocityMps,0
865,repCount,0
865,motionIntensityG,0.08
865,activeEnergyKcal,44.75242049977819
865,heartRateBpm,141.35846532893203
866,repVelocityMps,0
866,repCount,0
866,motionIntensityG,0.08
866,activeEnergyKcal,44.78724474143291
866,heartRateBpm,141.57908822809375
867,repVelocityMps,0
867,repCount,0
867,motionIntensityG,0.08
867,activeEnergyKcal,44.822069968986284
867,heartRateBpm,140.43897176540435
868,repVelocityMps,0
868,repCount,0
868,motionIntensityG,0.08
868,activeEnergyKcal,44.85689618243833
868,heartRateBpm,140.48178012702755
869,repVelocityMps,0
869,repCount,0
869,motionIntensityG,0.08
869,activeEnergyKcal,44.89172338178903
869,heartRateBpm,139.37331744210942
870,repVelocityMps,0
870,repCount,0
870,motionIntensityG,0.08
870,activeEnergyKcal,44.92655156703839
870,heartRateBpm,140.08272443371104
871,repVelocityMps,0
871,repCount,0
871,motionIntensityG,0.08
871,activeEnergyKcal,44.96138073818641
871,heartRateBpm,137.84461761189925
872,repVelocityMps,0
872,repCount,0
872,motionIntensityG,0.08
872,activeEnergyKcal,44.9962108952331
872,heartRateBpm,137.6236179286259
873,repVelocityMps,0
873,repCount,0
873,motionIntensityG,0.08
873,activeEnergyKcal,45.03104203817845
873,heartRateBpm,135.70717332108978
874,repVelocityMps,0
874,repCount,0
874,motionIntensityG,0.08
874,activeEnergyKcal,45.06587416702246
874,heartRateBpm,134.89004347051537
875,repVelocityMps,0
875,repCount,0
875,motionIntensityG,0.08
875,activeEnergyKcal,45.100707281765125
875,heartRateBpm,134.4190564098761
876,repVelocityMps,0
876,repCount,0
876,motionIntensityG,0.08
876,activeEnergyKcal,45.13554138240646
876,heartRateBpm,134.86559540038297
877,repVelocityMps,0
877,repCount,0
877,motionIntensityG,0.08
877,activeEnergyKcal,45.17037646894645
877,heartRateBpm,134.74416971078443
878,repVelocityMps,0
878,repCount,0
878,motionIntensityG,0.08
878,activeEnergyKcal,45.20521254138511
878,heartRateBpm,132.98836142270997
879,repVelocityMps,0
879,repCount,0
879,motionIntensityG,0.08
879,activeEnergyKcal,45.240049599722425
879,heartRateBpm,130.535103498993
880,repVelocityMps,0
880,repCount,0
880,motionIntensityG,0.08
880,activeEnergyKcal,45.2748876439584
880,heartRateBpm,131.71499324124602
881,repVelocityMps,0
881,repCount,0
881,motionIntensityG,0.08
881,activeEnergyKcal,45.30972667409304
881,heartRateBpm,132.48488927881058
882,repVelocityMps,0
882,repCount,0
882,motionIntensityG,0.08
882,activeEnergyKcal,45.34456669012634
882,heartRateBpm,130.6505696804775
883,repVelocityMps,0
883,repCount,0
883,motionIntensityG,0.08
883,activeEnergyKcal,45.37940769205831
883,heartRateBpm,130.1295057657626
884,repVelocityMps,0
884,repCount,0
884,motionIntensityG,0.08
884,activeEnergyKcal,45.41424967988893
884,heartRateBpm,128.79626851889597
885,repVelocityMps,0
885,repCount,0
885,motionIntensityG,0.08
885,activeEnergyKcal,45.449092653618216
885,heartRateBpm,126.07659330505336
886,repVelocityMps,0
886,repCount,0
886,motionIntensityG,0.08
886,activeEnergyKcal,45.483936613246165
886,heartRateBpm,127.6901237365948
887,repVelocityMps,0
887,repCount,0
887,motionIntensityG,0.08
887,activeEnergyKcal,45.51878155877277
887,heartRateBpm,127.27591476372329
888,repVelocityMps,0
888,repCount,0
888,motionIntensityG,0.08
888,activeEnergyKcal,45.553627490198046
888,heartRateBpm,126.77725306082957
889,repVelocityMps,0
889,repCount,0
889,motionIntensityG,0.08
889,activeEnergyKcal,45.58847440752198
889,heartRateBpm,125.90735615387514
890,repVelocityMps,0
890,repCount,0
890,motionIntensityG,0.08
890,activeEnergyKcal,45.62332231074457
890,heartRateBpm,124.81386252273649
891,repVelocityMps,0
891,repCount,0
891,motionIntensityG,0.08
891,activeEnergyKcal,45.658171199865826
891,heartRateBpm,123.15054900439972
892,repVelocityMps,0
892,repCount,0
892,motionIntensityG,0.08
892,activeEnergyKcal,45.69302107488574
892,heartRateBpm,122.89376130994566
893,repVelocityMps,0
893,repCount,0
893,motionIntensityG,0.08
893,activeEnergyKcal,45.72787193580432
893,heartRateBpm,122.33284255872582
894,repVelocityMps,0
894,repCount,0
894,motionIntensityG,0.08
894,activeEnergyKcal,45.76272378262156
894,heartRateBpm,119.76980358373577
895,repVelocityMps,0
895,repCount,0
895,motionIntensityG,0.08
895,activeEnergyKcal,45.79757661533746
895,heartRateBpm,118.71722517841904
896,repVelocityMps,0
896,repCount,0
896,motionIntensityG,0.08
896,activeEnergyKcal,45.83243043395203
896,heartRateBpm,118.54399099707184
897,repVelocityMps,0
897,repCount,0
897,motionIntensityG,0.08
897,activeEnergyKcal,45.86728523846525
897,heartRateBpm,118.26070461464833
898,repVelocityMps,0
898,repCount,0
898,motionIntensityG,0.08
898,activeEnergyKcal,45.90214102887714
898,heartRateBpm,117.90719059953608
899,repVelocityMps,0
899,repCount,0
899,motionIntensityG,0.08
899,activeEnergyKcal,45.93699780518769
899,heartRateBpm,116.86447382762312
