t,kind,value
# event: gradual_fade-0-1080 kind=gradual_fade atSec=1080
0,powerWatts,190.0195019233049
0,cadenceSpm,86.44235531684723
0,speedMps,7.600493617865272
0,distanceM,7.600493617865272
0,activeEnergyKcal,0.04435946462715105
0,heartRateBpm,58.610233922681005
1,powerWatts,196.58872538450484
1,cadenceSpm,86.3177787280473
1,speedMps,7.687089587603359
1,distanceM,15.287583205468632
1,activeEnergyKcal,0.0887189292543021
1,heartRateBpm,61.123010530549855
2,powerWatts,194.7037335987013
2,cadenceSpm,87.40834797384312
2,speedMps,7.662441409380269
2,distanceM,22.9500246148489
2,activeEnergyKcal,0.13307839388145315
2,heartRateBpm,60.630520799380015
3,powerWatts,198.79440941754513
3,cadenceSpm,87.10072620734415
3,speedMps,7.715731907521684
3,distanceM,30.665756522370586
3,activeEnergyKcal,0.1774378585086042
3,heartRateBpm,59.86707825574399
4,powerWatts,182.0932535891381
4,cadenceSpm,86.30975226048015
4,speedMps,7.493309867376097
4,distanceM,38.159066389746684
4,activeEnergyKcal,0.22179732313575523
4,heartRateBpm,62.90406468781433
5,powerWatts,179.65076542992966
5,cadenceSpm,85.41370110731052
5,speedMps,7.459655375079358
5,distanceM,45.61872176482604
5,activeEnergyKcal,0.2661567877629063
5,heartRateBpm,65.9984854781232
6,powerWatts,182.34999299854607
6,cadenceSpm,86.18379133374738
6,speedMps,7.496829903516767
6,distanceM,53.11555166834281
6,activeEnergyKcal,0.31051625239005737
6,heartRateBpm,66.82935176809828
7,powerWatts,184.30439224101679
7,cadenceSpm,87.03528139251641
7,speedMps,7.523518073655377
7,distanceM,60.639069741998185
7,activeEnergyKcal,0.35487571701720844
7,heartRateBpm,70.01527541893302
8,powerWatts,198.98330950380094
8,cadenceSpm,84.43019179476671
8,speedMps,7.718175036275155
8,distanceM,68.35724477827334
8,activeEnergyKcal,0.3992351816443595
8,heartRateBpm,71.06371562836155
9,powerWatts,183.3255432948501
9,cadenceSpm,86.56223152709956
9,speedMps,7.510175176098643
9,distanceM,75.86741995437198
9,activeEnergyKcal,0.4435946462715106
9,heartRateBpm,71.34710887089265
10,powerWatts,190.39982125474955
10,cadenceSpm,86.53642451773484
10,speedMps,7.605560971945171
10,distanceM,83.47298092631715
10,activeEnergyKcal,0.48795411089866164
10,heartRateBpm,73.15676562875497
11,powerWatts,177.05250586912564
11,cadenceSpm,86.40728695456299
11,speedMps,7.423518003965507
11,distanceM,90.89649893028266
11,activeEnergyKcal,0.5323135755258127
11,heartRateBpm,74.02775376803332
12,powerWatts,193.57865552406184
12,cadenceSpm,86.11342036797181
12,speedMps,7.647653979770366
12,distanceM,98.54415291005303
12,activeEnergyKcal,0.5766730401529637
12,heartRateBpm,73.5520216395501
13,powerWatts,184.12555062597372
13,cadenceSpm,87.32820818833423
13,speedMps,7.521083779037587
13,distanceM,106.06523668909061
13,activeEnergyKcal,0.6210325047801147
13,heartRateBpm,74.4954396995589
14,powerWatts,202.6843525835913
14,cadenceSpm,86.07816458237623
14,speedMps,7.765733469529918
14,distanceM,113.83097015862053
14,activeEnergyKcal,0.6653919694072657
14,heartRateBpm,73.20795634021646
15,powerWatts,178.17499781065405
15,cadenceSpm,87.11356778354207
15,speedMps,7.439173042041409
15,distanceM,121.27014320066193
15,activeEnergyKcal,0.7097514340344168
15,heartRateBpm,74.7072984934639
16,powerWatts,182.49158478317975
16,cadenceSpm,88.22399487876534
16,speedMps,7.498769790074225
16,distanceM,128.76891299073617
16,activeEnergyKcal,0.7541108986615678
16,heartRateBpm,76.87020793671445
17,powerWatts,192.1798411463746
17,cadenceSpm,86.77422772031998
17,speedMps,7.629188583705841
17,distanceM,136.39810157444202
17,activeEnergyKcal,0.7984703632887188
17,heartRateBpm,79.78612378470415
18,powerWatts,181.3155267453388
18,cadenceSpm,86.38314529292796
18,speedMps,7.482626577904816
18,distanceM,143.88072815234685
18,activeEnergyKcal,0.8428298279158698
18,heartRateBpm,79.72771148579398
19,powerWatts,200.6513000063385
19,cadenceSpm,87.90442168735503
19,speedMps,7.739681090123191
19,distanceM,151.62040924247003
19,activeEnergyKcal,0.8871892925430208
19,heartRateBpm,79.87583584710997
20,powerWatts,176.8650572786174
20,cadenceSpm,85.28986605425533
20,speedMps,7.420897276012478
20,distanceM,159.04130651848251
20,activeEnergyKcal,0.9315487571701718
20,heartRateBpm,82.10631385296875
21,powerWatts,185.0062784085977
21,cadenceSpm,85.54886955095182
21,speedMps,7.533056576627032
21,distanceM,166.57436309510953
21,activeEnergyKcal,0.9759082217973228
21,heartRateBpm,82.34805687450952
22,powerWatts,183.1429038510968
22,cadenceSpm,85.76096380843605
22,speedMps,7.507680324678966
22,distanceM,174.0820434197885
22,activeEnergyKcal,1.020267686424474
22,heartRateBpm,82.3027352551168
23,powerWatts,195.37227238231432
23,cadenceSpm,88.40251306541907
23,speedMps,7.671201363553658
23,distanceM,181.75324478334215
23,activeEnergyKcal,1.064627151051625
23,heartRateBpm,84.38846750371152
24,powerWatts,184.13118072667723
24,cadenceSpm,86.83398225747322
24,speedMps,7.5211604369255385
24,distanceM,189.27440522026768
24,activeEnergyKcal,1.108986615678776
24,heartRateBpm,85.73317418028446
25,powerWatts,191.63942817635393
25,cadenceSpm,86.10098704630077
25,speedMps,7.62203073431503
25,distanceM,196.8964359545827
25,activeEnergyKcal,1.153346080305927
25,heartRateBpm,87.58154567885673
26,powerWatts,175.86351729874724
26,cadenceSpm,87.95455763328442
26,speedMps,7.406863226886755
26,distanceM,204.30329918146944
26,activeEnergyKcal,1.197705544933078
26,heartRateBpm,86.77908814081302
27,powerWatts,192.5724493506798
27,cadenceSpm,87.98624273474067
27,speedMps,7.634380326010157
27,distanceM,211.9376795074796
27,activeEnergyKcal,1.242065009560229
27,heartRateBpm,88.63353513507045
28,powerWatts,187.18209945701236
28,cadenceSpm,87.23782157186386
28,speedMps,7.562473135410352
28,distanceM,219.50015264288996
28,activeEnergyKcal,1.28642447418738
28,heartRateBpm,88.90592564756317
29,powerWatts,194.09040066227377
29,cadenceSpm,86.02572020298307
29,speedMps,7.654387170603773
29,distanceM,227.15453981349373
29,activeEnergyKcal,1.330783938814531
29,heartRateBpm,89.24397465631783
30,powerWatts,189.45444471668822
30,cadenceSpm,88.32859448065238
30,speedMps,7.59295232564573
30,distanceM,234.74749213913947
30,activeEnergyKcal,1.375143403441682
30,heartRateBpm,89.81858427193266
31,powerWatts,188.50511574205615
31,cadenceSpm,86.24862958080371
31,speedMps,7.580248685899863
31,distanceM,242.32774082503934
31,activeEnergyKcal,1.419502868068833
31,heartRateBpm,89.08417034342351
32,powerWatts,181.73345555395275
32,cadenceSpm,85.2455347005727
32,speedMps,7.488371269903289
32,distanceM,249.81611209494264
32,activeEnergyKcal,1.463862332695984
32,heartRateBpm,89.62524496181351
33,powerWatts,179.51342723611089
33,cadenceSpm,85.34894606364148
33,speedMps,7.457753988295807
33,distanceM,257.27386608323843
33,activeEnergyKcal,1.508221797323135
33,heartRateBpm,90.75706832471012
34,powerWatts,182.55360212120968
34,cadenceSpm,84.29379548087022
34,speedMps,7.499619146261615
34,distanceM,264.77348522950007
34,activeEnergyKcal,1.5525812619502861
34,heartRateBpm,90.16398185770372
35,powerWatts,179.87303108944963
35,cadenceSpm,89.04159195223143
35,speedMps,7.462730493095942
35,distanceM,272.236215722596
35,activeEnergyKcal,1.5969407265774371
35,heartRateBpm,89.10241920290089
36,powerWatts,182.9456537542001
36,cadenceSpm,87.78524165771547
36,speedMps,7.504984028303399
36,distanceM,279.7411997508994
36,activeEnergyKcal,1.6413001912045881
36,heartRateBpm,92.18140784031088
37,powerWatts,182.74713177092232
37,cadenceSpm,87.70385439987116
37,speedMps,7.502268388389801
37,distanceM,287.2434681392892
37,activeEnergyKcal,1.6856596558317392
37,heartRateBpm,93.68107535262244
38,powerWatts,181.61350299549326
38,cadenceSpm,85.86066045512733
38,speedMps,7.4867233491593375
38,distanceM,294.7301914884485
38,activeEnergyKcal,1.7300191204588902
38,heartRateBpm,94.43388491891317
39,powerWatts,185.23648010519028
39,cadenceSpm,86.11508097965448
39,speedMps,7.536179720455886
39,distanceM,302.2663712089044
39,activeEnergyKcal,1.7743785850860412
39,heartRateBpm,97.1355466034325
40,powerWatts,181.05676505343092
40,cadenceSpm,87.58943222843402
40,speedMps,7.479065311053447
40,distanceM,309.7454365199578
40,activeEnergyKcal,1.8187380497131922
40,heartRateBpm,99.0672187300904
41,powerWatts,186.50445935118083
41,cadenceSpm,87.51697538395786
41,speedMps,7.553336165443451
41,distanceM,317.2987726854013
41,activeEnergyKcal,1.8630975143403432
41,heartRateBpm,100.04189243845087
42,powerWatts,184.78787304812982
42,cadenceSpm,86.64224368970467
42,speedMps,7.5300910776503
42,distanceM,324.8288637630516
42,activeEnergyKcal,1.9074569789674942
42,heartRateBpm,100.44102769893657
43,powerWatts,195.3719738431217
43,cadenceSpm,86.66216422043479
43,speedMps,7.671197456217508
43,distanceM,332.50006121926907
43,activeEnergyKcal,1.9518164435946452
43,heartRateBpm,100.49916578669979
44,powerWatts,183.49116593117498
44,cadenceSpm,86.3899188495117
44,speedMps,7.512436146023009
44,distanceM,340.01249736529206
44,activeEnergyKcal,1.9961759082217962
44,heartRateBpm,99.81342681275181
45,powerWatts,191.41442531387995
45,cadenceSpm,87.43381036510084
45,speedMps,7.619046570478275
45,distanceM,347.6315439357703
45,activeEnergyKcal,2.0405353728489475
45,heartRateBpm,99.87417066310259
46,powerWatts,184.52448432295853
46,cadenceSpm,85.32650158250341
46,speedMps,7.526511686631644
46,distanceM,355.15805562240195
46,activeEnergyKcal,2.0848948374760985
46,heartRateBpm,101.0536357711265
47,powerWatts,195.14048200956483
47,cadenceSpm,86.11794213899961
47,speedMps,7.668166449316543
47,distanceM,362.82622207171846
47,activeEnergyKcal,2.1292543021032495
47,heartRateBpm,101.53503400737517
48,powerWatts,185.03935607803479
48,cadenceSpm,85.16269722701892
48,speedMps,7.533505500322444
48,distanceM,370.3597275720409
48,activeEnergyKcal,2.1736137667304005
48,heartRateBpm,103.38812916703303
49,powerWatts,196.68156300715597
49,cadenceSpm,88.51437233676329
49,speedMps,7.6882994549064545
49,distanceM,378.04802702694735
49,activeEnergyKcal,2.2179732313575515
49,heartRateBpm,103.62605260159918
50,powerWatts,192.7745127523561
50,cadenceSpm,86.24157528045562
50,speedMps,7.63704960645565
50,distanceM,385.685076633403
50,activeEnergyKcal,2.2623326959847025
50,heartRateBpm,104.8909083086094
51,powerWatts,193.26908049221598
51,cadenceSpm,86.31122089004445
51,speedMps,7.643575041927509
51,distanceM,393.32865167533055
51,activeEnergyKcal,2.3066921606118536
51,heartRateBpm,105.20280213781608
52,powerWatts,185.0201080052315
52,cadenceSpm,86.27651250455733
52,speedMps,7.533244275731104
52,distanceM,400.8618959510616
52,activeEnergyKcal,2.3510516252390046
52,heartRateBpm,103.83466541306295
53,powerWatts,190.11689360809996
53,cadenceSpm,87.54312361441359
53,speedMps,7.601791902942074
53,distanceM,408.4636878540037
53,activeEnergyKcal,2.3954110898661556
53,heartRateBpm,102.93084439027255
54,powerWatts,187.48600892765603
54,cadenceSpm,88.69380850155018
54,speedMps,7.566563741097484
54,distanceM,416.03025159510116
54,activeEnergyKcal,2.4397705544933066
54,heartRateBpm,105.74291837658286
55,powerWatts,194.0464344649609
55,cadenceSpm,86.9233717957424
55,speedMps,7.653809158657157
55,distanceM,423.68406075375833
55,activeEnergyKcal,2.4841300191204576
55,heartRateBpm,106.82565909924713
56,powerWatts,192.80538667529882
56,cadenceSpm,87.01861040305207
56,speedMps,7.637457290181306
56,distanceM,431.32151804393965
56,activeEnergyKcal,2.5284894837476086
56,heartRateBpm,107.68205059123532
57,powerWatts,195.83083296289232
57,cadenceSpm,88.00672269345627
57,speedMps,7.677198396701038
57,distanceM,438.9987164406407
57,activeEnergyKcal,2.5728489483747596
57,heartRateBpm,109.1077675666503
58,powerWatts,187.0759738523238
58,cadenceSpm,85.35177651651549
58,speedMps,7.561043647296595
58,distanceM,446.55976008793726
58,activeEnergyKcal,2.6172084130019106
58,heartRateBpm,108.82925635749505
59,powerWatts,183.56669316754991
59,cadenceSpm,87.51572979664412
59,speedMps,7.513466741886184
59,distanceM,454.07322682982345
59,activeEnergyKcal,2.6615678776290617
59,heartRateBpm,108.02025743238404
60,powerWatts,177.64016194330577
60,cadenceSpm,86.70832194124593
60,speedMps,7.431722082183504
60,distanceM,461.50494891200697
60,activeEnergyKcal,2.7059273422562127
60,heartRateBpm,108.05950832513548
61,powerWatts,177.54772489487476
61,cadenceSpm,87.1676757423067
61,speedMps,7.430432798578048
61,distanceM,468.93538171058503
61,activeEnergyKcal,2.7502868068833637
61,heartRateBpm,109.70547944480361
62,powerWatts,186.95130954328687
62,cadenceSpm,85.17088552385599
62,speedMps,7.559363756294831
62,distanceM,476.49474546687986
62,activeEnergyKcal,2.7946462715105147
62,heartRateBpm,110.5848386207448
63,powerWatts,201.98573189683373
63,cadenceSpm,86.22227498022087
63,speedMps,7.7568007829355965
63,distanceM,484.2515462498155
63,activeEnergyKcal,2.8390057361376657
63,heartRateBpm,109.69276506634688
64,powerWatts,176.6373453716046
64,cadenceSpm,84.6481688273864
64,speedMps,7.417711132431185
64,distanceM,491.66925738224666
64,activeEnergyKcal,2.8833652007648167
64,heartRateBpm,107.87139249417743
65,powerWatts,186.65879207689045
65,cadenceSpm,87.99850086112438
65,speedMps,7.555419056764944
65,distanceM,499.2246764390116
65,activeEnergyKcal,2.9277246653919677
65,heartRateBpm,110.23184650772586
66,powerWatts,183.54388799375843
66,cadenceSpm,87.37484221252612
66,speedMps,7.513155587017427
66,distanceM,506.737832026029
66,activeEnergyKcal,2.9720841300191188
66,heartRateBpm,111.51212690085659
67,powerWatts,177.61971520101886
67,cadenceSpm,85.29940776593278
67,speedMps,7.431436935823651
67,distanceM,514.1692689618527
67,activeEnergyKcal,3.0164435946462698
67,heartRateBpm,110.58127624401956
68,powerWatts,192.57466056082023
68,cadenceSpm,85.22676432475534
68,speedMps,7.634409546449248
68,distanceM,521.8036785083019
68,activeEnergyKcal,3.060803059273421
68,heartRateBpm,109.9656189352266
69,powerWatts,168.6373679629039
69,cadenceSpm,85.310149429342
69,speedMps,7.303992949292936
69,distanceM,529.1076714575948
69,activeEnergyKcal,3.105162523900572
69,heartRateBpm,119.01426626765705
70,powerWatts,183.16044262250207
70,cadenceSpm,87.791896086612
70,speedMps,7.507919975944236
70,distanceM,536.6155914335391
70,activeEnergyKcal,3.149521988527723
70,heartRateBpm,128.37127595472577
71,powerWatts,207.72223104820947
71,cadenceSpm,83.82649146334151
71,speedMps,7.829548758812551
71,distanceM,544.4451401923516
71,activeEnergyKcal,3.193881453154874
71,heartRateBpm,136.80314763363367
72,powerWatts,191.51210176976232
72,cadenceSpm,87.72003738691835
72,speedMps,7.620342319070551
72,distanceM,552.0654825114221
72,activeEnergyKcal,3.238240917782025
72,heartRateBpm,135.9344702674049
73,powerWatts,187.6460080650183
73,cadenceSpm,88.5878033164254
73,speedMps,7.568715545129457
73,distanceM,559.6341980565516
73,activeEnergyKcal,3.282600382409176
73,heartRateBpm,135.91693615355706
74,powerWatts,184.97522273166945
74,cadenceSpm,86.23957371736346
74,speedMps,7.532635046315132
74,distanceM,567.1668331028667
74,activeEnergyKcal,3.326959847036327
74,heartRateBpm,135.799780664887
75,powerWatts,186.73530529488656
75,cadenceSpm,85.01028396945019
75,speedMps,7.556451261835977
75,distanceM,574.7232843647026
75,activeEnergyKcal,3.371319311663478
75,heartRateBpm,134.86769446902625
76,powerWatts,176.9502335061757
76,cadenceSpm,85.53081680682925
76,speedMps,7.422088358456419
76,distanceM,582.1453727231591
76,activeEnergyKcal,3.415678776290629
76,heartRateBpm,135.54385328197617
77,powerWatts,192.94392887375773
77,cadenceSpm,87.38064872016514
77,speedMps,7.639286175436226
77,distanceM,589.7846588985954
77,activeEnergyKcal,3.46003824091778
77,heartRateBpm,135.06349068582136
78,powerWatts,179.50599103793002
78,cadenceSpm,86.16196065573878
78,speedMps,7.457651009736355
78,distanceM,597.2423099083317
78,activeEnergyKcal,3.504397705544931
78,heartRateBpm,133.16106247887836
79,powerWatts,187.10075298988838
79,cadenceSpm,87.73183766056484
79,speedMps,7.561377465095029
79,distanceM,604.8036873734267
79,activeEnergyKcal,3.548757170172082
79,heartRateBpm,131.17132558035084
80,powerWatts,190.89220796336753
80,cadenceSpm,85.24683176987419
80,speedMps,7.612111492093834
80,distanceM,612.4157988655205
80,activeEnergyKcal,3.593116634799233
80,heartRateBpm,131.31045865363765
81,powerWatts,184.9355807934747
81,cadenceSpm,85.41561602503226
81,speedMps,7.532096902913
81,distanceM,619.9478957684336
81,activeEnergyKcal,3.637476099426384
81,heartRateBpm,133.36827119692796
82,powerWatts,218.0063555011607
82,cadenceSpm,88.8319890237634
82,speedMps,7.956684269758934
82,distanceM,627.9045800381925
82,activeEnergyKcal,3.681835564053535
82,heartRateBpm,134.06980799716183
83,powerWatts,186.1714833447071
83,cadenceSpm,87.78548956240085
83,speedMps,7.548838367778449
83,distanceM,635.453418405971
83,activeEnergyKcal,3.726195028680686
83,heartRateBpm,138.98538603415412
84,powerWatts,186.09135068631298
84,cadenceSpm,87.69447927480039
84,speedMps,7.547755145498441
84,distanceM,643.0011735514694
84,activeEnergyKcal,3.770554493307837
84,heartRateBpm,139.4189422036055
85,powerWatts,179.5700128671614
85,cadenceSpm,85.59106839862322
85,speedMps,7.45853750885514
85,distanceM,650.4597110603245
85,activeEnergyKcal,3.814913957934988
85,heartRateBpm,138.12273658508587
86,powerWatts,186.03446113310596
86,cadenceSpm,88.33204742969691
86,speedMps,7.546985931562078
86,distanceM,658.0066969918865
86,activeEnergyKcal,3.859273422562139
86,heartRateBpm,138.24997367571584
87,powerWatts,180.83908178552977
87,cadenceSpm,86.83240004330915
87,speedMps,7.476066766582722
87,distanceM,665.4827637584692
87,activeEnergyKcal,3.90363288718929
87,heartRateBpm,137.5828806533223
88,powerWatts,194.8415282823738
88,cadenceSpm,87.83557179075177
88,speedMps,7.6642485904579996
88,distanceM,673.1470123489272
88,activeEnergyKcal,3.947992351816441
88,heartRateBpm,136.73023052712668
89,powerWatts,188.50934546347105
89,cadenceSpm,85.75628874426133
89,speedMps,7.580305381267284
89,distanceM,680.7273177301945
89,activeEnergyKcal,3.992351816443592
89,heartRateBpm,138.26139677117135
90,powerWatts,199.80376866403716
90,cadenceSpm,84.79961340068203
90,speedMps,7.728768494042356
90,distanceM,688.4560862242369
90,activeEnergyKcal,4.036711281070743
90,heartRateBpm,137.9654858810791
91,powerWatts,184.86911345165927
91,cadenceSpm,84.82224554441126
91,speedMps,7.531194429292908
91,distanceM,695.9872806535298
91,activeEnergyKcal,4.081070745697894
91,heartRateBpm,138.0153524162245
92,powerWatts,193.61315899605876
92,cadenceSpm,85.57964971621209
92,speedMps,7.6481083255561195
92,distanceM,703.6353889790859
92,activeEnergyKcal,4.125430210325045
92,heartRateBpm,136.11671762851637
93,powerWatts,179.82131584904258
93,cadenceSpm,85.35851935736913
93,speedMps,7.462015222085085
93,distanceM,711.0974042011709
93,activeEnergyKcal,4.169789674952196
93,heartRateBpm,135.3591929935165
94,powerWatts,201.73525726313102
94,cadenceSpm,85.90706801363596
94,speedMps,7.753593154575524
94,distanceM,718.8509973557464
94,activeEnergyKcal,4.214149139579347
94,heartRateBpm,134.34202316828163
95,powerWatts,185.3146188832846
95,cadenceSpm,83.72659496052762
95,speedMps,7.53723924014428
95,distanceM,726.3882365958906
95,activeEnergyKcal,4.258508604206498
95,heartRateBpm,135.89414805083382
96,powerWatts,184.23801676385858
96,cadenceSpm,86.0107281067636
96,speedMps,7.522614790674051
96,distanceM,733.9108513865647
96,activeEnergyKcal,4.302868068833649
96,heartRateBpm,136.3010355970452
97,powerWatts,191.163667384337
97,cadenceSpm,85.42048638955495
97,speedMps,7.615718066140169
97,distanceM,741.5265694527048
97,activeEnergyKcal,4.3472275334608
97,heartRateBpm,134.74061166325475
98,powerWatts,191.29226401508717
98,cadenceSpm,85.8082859053498
98,speedMps,7.617425392247811
98,distanceM,749.1439948449527
98,activeEnergyKcal,4.391586998087951
98,heartRateBpm,134.877885433494
99,powerWatts,192.61298175727242
99,cadenceSpm,86.15122240229269
99,speedMps,7.634915913353814
99,distanceM,756.7789107583064
99,activeEnergyKcal,4.435946462715102
99,heartRateBpm,135.4815578826944
100,powerWatts,169.80838348446966
100,cadenceSpm,85.52470610043666
100,speedMps,7.32086024216766
100,distanceM,764.0997710004741
100,activeEnergyKcal,4.480305927342253
100,heartRateBpm,137.42366916635305
101,powerWatts,194.1404568347873
101,cadenceSpm,87.14649571690092
101,speedMps,7.655045139587758
101,distanceM,771.7548161400618
101,activeEnergyKcal,4.524665391969404
101,heartRateBpm,136.8819476300437
102,powerWatts,180.22028535215486
102,cadenceSpm,85.94697515307656
102,speedMps,7.467529802721978
102,distanceM,779.2223459427838
102,activeEnergyKcal,4.569024856596555
102,heartRateBpm,138.42599195494822
103,powerWatts,189.84058517833185
103,cadenceSpm,84.9223631753546
103,speedMps,7.5981074020859065
103,distanceM,786.8204533448697
103,activeEnergyKcal,4.613384321223706
103,heartRateBpm,137.25935465700155
104,powerWatts,179.65489319527154
104,cadenceSpm,86.65621316616138
104,speedMps,7.45971250716935
104,distanceM,794.2801658520391
104,activeEnergyKcal,4.657743785850857
104,heartRateBpm,135.56032600327242
105,powerWatts,201.0104388453363
105,cadenceSpm,86.81405761932172
105,speedMps,7.744296000577107
105,distanceM,802.0244618526162
105,activeEnergyKcal,4.702103250478008
105,heartRateBpm,136.81606841108717
106,powerWatts,186.66725511991243
106,cadenceSpm,85.7459793338236
106,speedMps,7.5555332417072
106,distanceM,809.5799950943234
106,activeEnergyKcal,4.746462715105159
106,heartRateBpm,135.2492915978903
107,powerWatts,196.67371059960945
107,cadenceSpm,86.13777789886555
107,speedMps,7.688197136446114
107,distanceM,817.2681922307695
107,activeEnergyKcal,4.79082217973231
107,heartRateBpm,134.76873443398392
108,powerWatts,181.3842011433176
108,cadenceSpm,84.5928328889354
108,speedMps,7.483571155977985
108,distanceM,824.7517633867475
108,activeEnergyKcal,4.835181644359461
108,heartRateBpm,136.88257087443736
109,powerWatts,200.47652080766917
109,cadenceSpm,85.32477095842158
109,speedMps,7.73743319668826
109,distanceM,832.4891965834357
109,activeEnergyKcal,4.879541108986612
109,heartRateBpm,136.83830420052584
110,powerWatts,175.7452729016005
110,cadenceSpm,88.25462181406081
110,speedMps,7.405202817242675
110,distanceM,839.8943994006784
110,activeEnergyKcal,4.923900573613763
110,heartRateBpm,133.93221584549352
111,powerWatts,192.77192058520728
111,cadenceSpm,86.91542789626516
111,speedMps,7.637015375447353
111,distanceM,847.5314147761258
111,activeEnergyKcal,4.968260038240914
111,heartRateBpm,133.74117877926543
112,powerWatts,183.13732786060612
112,cadenceSpm,87.25568763897373
112,speedMps,7.507604130664935
112,distanceM,855.0390189067907
112,activeEnergyKcal,5.012619502868065
112,heartRateBpm,133.67934686915856
113,powerWatts,189.9567465241054
113,cadenceSpm,88.00320101736811
113,speedMps,7.599656818617827
113,distanceM,862.6386757254086
113,activeEnergyKcal,5.056978967495216
113,heartRateBpm,135.57580824837154
114,powerWatts,193.19934554484692
114,cadenceSpm,86.2058460348637
114,speedMps,7.642655618391168
114,distanceM,870.2813313437997
114,activeEnergyKcal,5.101338432122367
114,heartRateBpm,138.78774146167223
115,powerWatts,173.14724573228196
115,cadenceSpm,88.13541204042598
115,speedMps,7.368531357921406
115,distanceM,877.6498627017211
115,activeEnergyKcal,5.145697896749518
115,heartRateBpm,139.2961818522935
116,powerWatts,189.14643851674538
116,cadenceSpm,87.79889141944344
116,speedMps,7.588835337853179
116,distanceM,885.2386980395743
116,activeEnergyKcal,5.190057361376669
116,heartRateBpm,140.54648251710236
117,powerWatts,189.13280827828163
117,cadenceSpm,87.16347611708022
117,speedMps,7.58865304502077
117,distanceM,892.8273510845951
117,activeEnergyKcal,5.23441682600382
117,heartRateBpm,142.94089929705456
118,powerWatts,179.4605206586033
118,cadenceSpm,85.97784933096071
118,speedMps,7.457021261290168
118,distanceM,900.2843723458852
118,activeEnergyKcal,5.278776290630971
118,heartRateBpm,142.22245676097336
119,powerWatts,181.80356298255265
119,cadenceSpm,87.20681769274168
119,speedMps,7.489334077326148
119,distanceM,907.7737064232114
119,activeEnergyKcal,5.323135755258122
119,heartRateBpm,142.99512866707192
120,powerWatts,187.6544319851149
120,cadenceSpm,85.0285443063018
120,speedMps,7.568828803247008
120,distanceM,915.3425352264584
120,activeEnergyKcal,5.3674952198852734
120,heartRateBpm,140.77101895369714
121,powerWatts,180.32711669110668
121,cadenceSpm,86.38926101821129
121,speedMps,7.469005050313202
121,distanceM,922.8115402767716
121,activeEnergyKcal,5.4118546845124245
121,heartRateBpm,139.31881938827263
122,powerWatts,192.12432111694787
122,cadenceSpm,85.9701672982027
122,speedMps,7.628453831700957
122,distanceM,930.4399941084725
122,activeEnergyKcal,5.4562141491395755
122,heartRateBpm,137.07160137870136
123,powerWatts,180.77783094768108
123,cadenceSpm,88.79190841717488
123,speedMps,7.475222614500737
123,distanceM,937.9152167229732
123,activeEnergyKcal,5.5005736137667265
123,heartRateBpm,137.3090861351619
124,powerWatts,189.68121440590107
124,cadenceSpm,87.58261091932128
124,speedMps,7.595980608428039
124,distanceM,945.5111973314013
124,activeEnergyKcal,5.5449330783938775
124,heartRateBpm,136.5889704252867
125,powerWatts,184.84152136182806
125,cadenceSpm,88.3043861864931
125,speedMps,7.5308197286403455
125,distanceM,953.0420170600416
125,activeEnergyKcal,5.5892925430210285
125,heartRateBpm,134.38376912481567
126,powerWatts,183.87298314790556
126,cadenceSpm,85.3232668735202
126,speedMps,7.517643281727028
126,distanceM,960.5596603417687
126,activeEnergyKcal,5.6336520076481795
126,heartRateBpm,136.83825843920806
127,powerWatts,190.47306330668394
127,cadenceSpm,88.56036559086017
127,speedMps,7.606536069988767
127,distanceM,968.1661964117575
127,activeEnergyKcal,5.6780114722753305
127,heartRateBpm,137.08328378426063
128,powerWatts,178.3850384022934
128,cadenceSpm,85.53320583875076
128,speedMps,7.442095103190063
128,distanceM,975.6082915149475
128,activeEnergyKcal,5.7223709369024816
128,heartRateBpm,137.49037611384884
129,powerWatts,186.49017632715618
129,cadenceSpm,85.56550618356191
129,speedMps,7.553143342107502
129,distanceM,983.161434857055
129,activeEnergyKcal,5.766730401529633
129,heartRateBpm,136.82200867802388
130,powerWatts,176.2172699357242
130,cadenceSpm,86.22230441202393
130,speedMps,7.411826246962451
130,distanceM,990.5732611040175
130,activeEnergyKcal,5.811089866156784
130,heartRateBpm,135.1667802149363
131,powerWatts,188.6599050640193
131,cadenceSpm,87.92783936532284
131,speedMps,7.582322936487188
131,distanceM,998.1555840405048
131,activeEnergyKcal,5.855449330783935
131,heartRateBpm,134.2796123078139
132,powerWatts,179.64294032286975
132,cadenceSpm,86.631429191138
132,speedMps,7.459547065958345
132,distanceM,1005.6151311064631
132,activeEnergyKcal,5.899808795411086
132,heartRateBpm,134.57514643039065
133,powerWatts,184.42553810262456
133,cadenceSpm,86.80897933930754
133,speedMps,7.525166150585304
133,distanceM,1013.1402972570484
133,activeEnergyKcal,5.944168260038237
133,heartRateBpm,132.1060307864488
134,powerWatts,184.75695663908778
134,cadenceSpm,86.88662233693323
134,speedMps,7.529671107161072
134,distanceM,1020.6699683642095
134,activeEnergyKcal,5.988527724665388
134,heartRateBpm,130.24365273665552
135,powerWatts,199.0864867096637
135,cadenceSpm,86.65461754414179
135,speedMps,7.719508820058926
135,distanceM,1028.3894771842683
135,activeEnergyKcal,6.032887189292539
135,heartRateBpm,130.9636757924048
136,powerWatts,181.5780861998667
136,cadenceSpm,88.14569377285848
136,speedMps,7.486236650787172
136,distanceM,1035.8757138350554
136,activeEnergyKcal,6.07724665391969
136,heartRateBpm,130.2136599108047
137,powerWatts,194.65874339742848
137,cadenceSpm,88.19309989758096
137,speedMps,7.661851177012158
137,distanceM,1043.5375650120675
137,activeEnergyKcal,6.121606118546841
137,heartRateBpm,129.48738042281622
138,powerWatts,190.07419099401298
138,cadenceSpm,88.12331343621008
138,speedMps,7.601222708051564
138,distanceM,1051.1387877201191
138,activeEnergyKcal,6.165965583173992
138,heartRateBpm,129.9869562457188
139,powerWatts,183.14201289424017
139,cadenceSpm,84.98082111453706
139,speedMps,7.507668150160291
139,distanceM,1058.6464558702794
139,activeEnergyKcal,6.210325047801143
139,heartRateBpm,129.27466116584276
140,powerWatts,184.69170665897158
140,cadenceSpm,87.08616477804614
140,speedMps,7.528784593425213
140,distanceM,1066.1752404637045
140,activeEnergyKcal,6.254684512428294
140,heartRateBpm,128.4234796756649
141,powerWatts,199.38502567421708
141,cadenceSpm,86.66057641278323
141,speedMps,7.723365474236228
141,distanceM,1073.8986059379408
141,activeEnergyKcal,6.299043977055445
141,heartRateBpm,130.20156494190974
142,powerWatts,190.50923953073402
142,cadenceSpm,85.78619916462924
142,speedMps,7.607017604978464
142,distanceM,1081.5056235429192
142,activeEnergyKcal,6.343403441682596
142,heartRateBpm,130.52790606189367
143,powerWatts,178.45079197640297
143,cadenceSpm,84.91364532526757
143,speedMps,7.443009388086944
143,distanceM,1088.9486329310062
143,activeEnergyKcal,6.387762906309747
143,heartRateBpm,130.7692470732621
144,powerWatts,181.1106886307759
144,cadenceSpm,86.06639353159073
144,speedMps,7.4798077263315355
144,distanceM,1096.4284406573377
144,activeEnergyKcal,6.432122370936898
144,heartRateBpm,129.13812925661367
145,powerWatts,190.12938544120544
145,cadenceSpm,86.69068285832685
145,speedMps,7.601958393908421
145,distanceM,1104.0303990512461
145,activeEnergyKcal,6.476481835564049
145,heartRateBpm,127.83260593679205
146,powerWatts,191.56447631853604
146,cadenceSpm,86.77169987543157
146,speedMps,7.6210369237619835
146,distanceM,1111.651435975008
146,activeEnergyKcal,6.5208413001912
146,heartRateBpm,129.5962891030122
147,powerWatts,191.4555729894453
147,cadenceSpm,88.89641781752442
147,speedMps,7.619592477775391
147,distanceM,1119.2710284527834
147,activeEnergyKcal,6.565200764818351
147,heartRateBpm,128.35363497497298
148,powerWatts,184.26946105437193
148,cadenceSpm,87.34830176844393
148,speedMps,7.523042733167887
148,distanceM,1126.7940711859512
148,activeEnergyKcal,6.609560229445502
148,heartRateBpm,128.39815332658227
149,powerWatts,185.79436945535863
149,cadenceSpm,87.56114261184207
149,speedMps,7.543737879996527
149,distanceM,1134.3378090659478
149,activeEnergyKcal,6.653919694072653
149,heartRateBpm,129.2776170244976
150,powerWatts,190.85214448058676
150,cadenceSpm,87.2166359081157
150,speedMps,7.611578924458845
150,distanceM,1141.9493879904066
150,activeEnergyKcal,6.698279158699804
150,heartRateBpm,130.02802736104607
151,powerWatts,199.32052586622873
151,cadenceSpm,86.58910483026928
151,speedMps,7.722532564284202
151,distanceM,1149.6719205546908
151,activeEnergyKcal,6.742638623326955
151,heartRateBpm,127.02208277040441
152,powerWatts,181.05624863763862
152,cadenceSpm,85.72694756671234
152,speedMps,7.4790582003716874
152,distanceM,1157.1509787550624
152,activeEnergyKcal,6.786998087954106
152,heartRateBpm,126.92437496298761
153,powerWatts,191.9200096129431
153,cadenceSpm,87.14263726940965
153,speedMps,7.625748753940709
153,distanceM,1164.7767275090032
153,activeEnergyKcal,6.831357552581257
153,heartRateBpm,126.81827641641897
154,powerWatts,195.121140139442
154,cadenceSpm,87.16281915920396
154,speedMps,7.667913090678784
154,distanceM,1172.444640599682
154,activeEnergyKcal,6.875717017208408
154,heartRateBpm,127.71356022674118
155,powerWatts,189.27742795550515
155,cadenceSpm,88.49261546102932
155,speedMps,7.590586763726418
155,distanceM,1180.0352273634085
155,activeEnergyKcal,6.920076481835559
155,heartRateBpm,127.82546026313601
156,powerWatts,185.65943620794235
156,cadenceSpm,88.0730327234713
156,speedMps,7.541911223337883
156,distanceM,1187.5771385867463
156,activeEnergyKcal,6.96443594646271
156,heartRateBpm,128.57313626046417
157,powerWatts,173.60723506047097
157,cadenceSpm,86.47496252722969
157,speedMps,7.375050758385398
157,distanceM,1194.9521893451317
157,activeEnergyKcal,7.008795411089861
157,heartRateBpm,128.57915975248355
158,powerWatts,186.95683723550462
158,cadenceSpm,84.96383472700371
158,speedMps,7.5594382595161616
158,distanceM,1202.5116276046479
158,activeEnergyKcal,7.053154875717012
158,heartRateBpm,128.8609916746443
159,powerWatts,190.51502461780427
159,cadenceSpm,88.1200752956172
159,speedMps,7.607094603542694
159,distanceM,1210.1187222081905
159,activeEnergyKcal,7.097514340344163
159,heartRateBpm,130.72205159034485
160,powerWatts,172.38527141698682
160,cadenceSpm,86.16447689332965
160,speedMps,7.357706490397941
160,distanceM,1217.4764286985885
160,activeEnergyKcal,7.141873804971314
160,heartRateBpm,130.46537667240418
161,powerWatts,180.81159864348695
161,cadenceSpm,84.97762880040632
161,speedMps,7.475688020623756
161,distanceM,1224.9521167192122
161,activeEnergyKcal,7.186233269598465
161,heartRateBpm,130.97078508911085
162,powerWatts,193.9094138427868
162,cadenceSpm,88.50985250638776
162,speedMps,7.652007224605144
162,distanceM,1232.6041239438173
162,activeEnergyKcal,7.230592734225616
162,heartRateBpm,130.98796717587894
163,powerWatts,174.90245512473717
163,cadenceSpm,86.47580763204257
163,speedMps,7.393346186854654
163,distanceM,1239.997470130672
163,activeEnergyKcal,7.274952198852767
163,heartRateBpm,130.37347464296664
164,powerWatts,184.97327928950256
164,cadenceSpm,88.8677360792841
164,speedMps,7.532608665679517
164,distanceM,1247.5300787963515
164,activeEnergyKcal,7.319311663479918
164,heartRateBpm,129.1868689285323
165,powerWatts,171.81968098797128
165,cadenceSpm,86.51898856068989
165,speedMps,7.349650875897391
165,distanceM,1254.879729672249
165,activeEnergyKcal,7.363671128107069
165,heartRateBpm,128.23615333324673
166,powerWatts,180.99755642579603
166,cadenceSpm,85.34681856197012
166,speedMps,7.4782499618411995
166,distanceM,1262.35797963409
166,activeEnergyKcal,7.40803059273422
166,heartRateBpm,128.50110065451412
167,powerWatts,202.63977237451113
167,cadenceSpm,86.93263744250503
167,speedMps,7.765164072826153
167,distanceM,1270.1231437069162
167,activeEnergyKcal,7.452390057361371
167,heartRateBpm,125.60297309268567
168,powerWatts,180.10266393927625
168,cadenceSpm,86.86159590470481
168,speedMps,7.465904879168143
168,distanceM,1277.5890485860843
168,activeEnergyKcal,7.496749521988522
168,heartRateBpm,126.87817550478829
169,powerWatts,181.81649600185077
169,cadenceSpm,85.98716459354111
169,speedMps,7.489511663514731
169,distanceM,1285.0785602495991
169,activeEnergyKcal,7.541108986615673
169,heartRateBpm,126.92921474381167
170,powerWatts,188.13746827222573
170,cadenceSpm,85.00253144746613
170,speedMps,7.575317479353737
170,distanceM,1292.653877728953
170,activeEnergyKcal,7.585468451242824
170,heartRateBpm,125.8281184828191
171,powerWatts,177.81569728297967
171,cadenceSpm,86.72122614719892
171,speedMps,7.434169164702474
171,distanceM,1300.0880468936555
171,activeEnergyKcal,7.629827915869975
171,heartRateBpm,123.33981217690635
172,powerWatts,184.1467434175879
172,cadenceSpm,87.91599161346147
172,speedMps,7.521372326074721
172,distanceM,1307.6094192197302
172,activeEnergyKcal,7.674187380497126
172,heartRateBpm,124.10363936652044
173,powerWatts,187.58102627918194
173,cadenceSpm,85.5662085830459
173,speedMps,7.5678417625534165
173,distanceM,1315.1772609822835
173,activeEnergyKcal,7.718546845124277
173,heartRateBpm,124.94398954628659
174,powerWatts,183.18016893576512
174,cadenceSpm,86.76123015307033
174,speedMps,7.508189499688366
174,distanceM,1322.6854504819719
174,activeEnergyKcal,7.762906309751428
174,heartRateBpm,124.08605326996026
175,powerWatts,188.58895114824963
175,cadenceSpm,87.0754242460864
175,speedMps,7.5813722611391
175,distanceM,1330.2668227431109
175,activeEnergyKcal,7.807265774378579
175,heartRateBpm,124.96063787837686
176,powerWatts,180.23120064508635
176,cadenceSpm,86.31204901722123
176,speedMps,7.467680560130839
176,distanceM,1337.7345033032418
176,activeEnergyKcal,7.85162523900573
176,heartRateBpm,126.47439722254788
177,powerWatts,197.34785815817514
177,cadenceSpm,86.57659598871732
177,speedMps,7.696971514722835
177,distanceM,1345.4314748179647
177,activeEnergyKcal,7.895984703632881
177,heartRateBpm,127.21747234302524
178,powerWatts,197.44659311671975
178,cadenceSpm,84.05032022892873
178,speedMps,7.698254922723586
178,distanceM,1353.1297297406884
178,activeEnergyKcal,7.940344168260032
178,heartRateBpm,123.60340700585223
179,powerWatts,194.29192869613166
179,cadenceSpm,86.40974879146901
179,speedMps,7.657035489813339
179,distanceM,1360.7867652305017
179,activeEnergyKcal,7.984703632887183
179,heartRateBpm,124.5296064015983
180,powerWatts,186.13748235695178
180,cadenceSpm,86.36286590839346
180,speedMps,7.548378785062559
180,distanceM,1368.3351440155643
180,activeEnergyKcal,8.029063097514335
180,heartRateBpm,123.87537626110318
181,powerWatts,189.02758849898876
181,cadenceSpm,85.59424168146764
181,speedMps,7.5872455252237305
181,distanceM,1375.9223895407881
181,activeEnergyKcal,8.073422562141486
181,heartRateBpm,125.5952510817622
182,powerWatts,193.61915535870557
182,cadenceSpm,89.51483056713421
182,speedMps,7.648187280860394
182,distanceM,1383.5705768216485
182,activeEnergyKcal,8.117782026768637
182,heartRateBpm,125.19994857218029
183,powerWatts,182.5168980326897
183,cadenceSpm,85.27384990957411
183,speedMps,7.499116489996687
183,distanceM,1391.069693311645
183,activeEnergyKcal,8.162141491395788
183,heartRateBpm,125.9156147581006
184,powerWatts,177.21480309176278
184,cadenceSpm,88.08282187321855
184,speedMps,7.42578559571636
184,distanceM,1398.4954789073615
184,activeEnergyKcal,8.20650095602294
184,heartRateBpm,125.64842695710655
185,powerWatts,200.17962468692204
185,cadenceSpm,87.77883126397
185,speedMps,7.733611720326916
185,distanceM,1406.2290906276885
185,activeEnergyKcal,8.25086042065009
185,heartRateBpm,125.40236030616234
186,powerWatts,175.0608673408779
186,cadenceSpm,87.30929461274285
186,speedMps,7.395577607677414
186,distanceM,1413.624668235366
186,activeEnergyKcal,8.295219885277241
186,heartRateBpm,125.12089514444433
187,powerWatts,196.58235132819186
187,cadenceSpm,89.15137358894576
187,speedMps,7.687006506420572
187,distanceM,1421.3116747417866
187,activeEnergyKcal,8.339579349904392
187,heartRateBpm,122.90582531413837
188,powerWatts,177.74518482797845
188,cadenceSpm,87.3836661214839
188,speedMps,7.433186366534993
188,distanceM,1428.7448611083216
188,activeEnergyKcal,8.383938814531543
188,heartRateBpm,124.11138533710721
189,powerWatts,184.54082184881474
189,cadenceSpm,86.37123295528595
189,speedMps,7.52673380882658
189,distanceM,1436.2715949171481
189,activeEnergyKcal,8.428298279158694
189,heartRateBpm,124.50918752612142
190,powerWatts,193.2534755298908
190,cadenceSpm,88.1903123634965
190,speedMps,7.643369316813338
190,distanceM,1443.9149642339614
190,activeEnergyKcal,8.472657743785845
190,heartRateBpm,124.67589057177825
191,powerWatts,178.05134414118243
191,cadenceSpm,84.93476958025882
191,speedMps,7.43745171200558
191,distanceM,1451.352415945967
191,activeEnergyKcal,8.517017208412996
191,heartRateBpm,126.453254749775
192,powerWatts,198.40015677175964
192,cadenceSpm,87.44992353765507
192,speedMps,7.710627872495974
192,distanceM,1459.063043818463
192,activeEnergyKcal,8.561376673040147
192,heartRateBpm,126.37740992996567
193,powerWatts,186.3377243349039
193,cadenceSpm,85.7937862247942
193,speedMps,7.551084599766276
193,distanceM,1466.6141284182293
193,activeEnergyKcal,8.605736137667298
193,heartRateBpm,127.6400965195746
194,powerWatts,181.88969956792414
194,cadenceSpm,88.00198199506471
194,speedMps,7.490516679395774
194,distanceM,1474.104645097625
194,activeEnergyKcal,8.65009560229445
194,heartRateBpm,128.21739926994678
195,powerWatts,192.29373203733894
195,cadenceSpm,87.21433698381301
195,speedMps,7.630695372855327
195,distanceM,1481.7353404704804
195,activeEnergyKcal,8.6944550669216
195,heartRateBpm,127.31532252985845
196,powerWatts,184.19437157708225
196,cadenceSpm,87.68922043022818
196,speedMps,7.522020718825952
196,distanceM,1489.2573611893063
196,activeEnergyKcal,8.738814531548751
196,heartRateBpm,128.42519687785452
197,powerWatts,187.51899997109717
197,cadenceSpm,86.20435008409505
197,speedMps,7.567007532777252
197,distanceM,1496.8243687220836
197,activeEnergyKcal,8.783173996175902
197,heartRateBpm,126.05229061470966
198,powerWatts,183.17219179950482
198,cadenceSpm,89.17219606358009
198,speedMps,7.508080509141889
198,distanceM,1504.3324492312254
198,activeEnergyKcal,8.827533460803053
198,heartRateBpm,124.54234954714958
199,powerWatts,200.2947283335682
199,cadenceSpm,85.11933688904375
199,speedMps,7.7350937165603275
199,distanceM,1512.0675429477858
199,activeEnergyKcal,8.871892925430204
199,heartRateBpm,122.11522797421584
200,powerWatts,180.89500592922604
200,cadenceSpm,88.09785763696974
200,speedMps,7.476837340320239
200,distanceM,1519.5443802881061
200,activeEnergyKcal,8.916252390057355
200,heartRateBpm,123.09605298227694
201,powerWatts,187.20160849775257
201,cadenceSpm,86.4963434664313
201,speedMps,7.562735859021132
201,distanceM,1527.1071161471273
201,activeEnergyKcal,8.960611854684506
201,heartRateBpm,124.43187188790735
202,powerWatts,200.53774551748648
202,cadenceSpm,87.0645245128386
202,speedMps,7.738220776673861
202,distanceM,1534.8453369238011
202,activeEnergyKcal,9.004971319311657
202,heartRateBpm,122.70339645822195
203,powerWatts,200.25657924799262
203,cadenceSpm,87.386220861289
203,speedMps,7.734602597812291
203,distanceM,1542.5799395216134
203,activeEnergyKcal,9.049330783938808
203,heartRateBpm,123.9034916168106
204,powerWatts,189.80038738390434
204,cadenceSpm,88.5884418990576
204,speedMps,7.597571077149216
204,distanceM,1550.1775105987626
204,activeEnergyKcal,9.09369024856596
204,heartRateBpm,124.19827302812014
205,powerWatts,191.51353903972776
205,cadenceSpm,88.62928618814001
205,speedMps,7.6203613822031
205,distanceM,1557.7978719809657
205,activeEnergyKcal,9.13804971319311
205,heartRateBpm,122.39641569752875
206,powerWatts,197.81585953118724
206,cadenceSpm,86.19508659382615
206,speedMps,7.703051049505602
206,distanceM,1565.5009230304713
206,activeEnergyKcal,9.182409177820261
206,heartRateBpm,121.51584593184594
207,powerWatts,190.86198322080506
207,cadenceSpm,87.62939447962347
207,speedMps,7.611709718659171
207,distanceM,1573.1126327491304
207,activeEnergyKcal,9.226768642447412
207,heartRateBpm,123.3739900102282
208,powerWatts,182.02721465020824
208,cadenceSpm,87.08175305009142
208,speedMps,7.492403902883151
208,distanceM,1580.6050366520135
208,activeEnergyKcal,9.271128107074563
208,heartRateBpm,125.5875542257923
209,powerWatts,182.7326047074526
209,cadenceSpm,85.65273635957023
209,speedMps,7.502069591257796
209,distanceM,1588.1071062432713
209,activeEnergyKcal,9.315487571701714
209,heartRateBpm,126.8502769455781
210,powerWatts,184.81339410549097
210,cadenceSpm,87.62004904882852
210,speedMps,7.530437722042594
210,distanceM,1595.6375439653139
210,activeEnergyKcal,9.359847036328865
210,heartRateBpm,127.92389479259172
211,powerWatts,199.1314470296266
211,cadenceSpm,86.806576711734
211,speedMps,7.720089883208528
211,distanceM,1603.3576338485225
211,activeEnergyKcal,9.404206500956017
211,heartRateBpm,126.00657874426716
212,powerWatts,201.36314969063292
212,cadenceSpm,87.36204953637258
212,speedMps,7.748822964644264
212,distanceM,1611.1064568131667
212,activeEnergyKcal,9.448565965583168
212,heartRateBpm,124.72862465420589
213,powerWatts,208.41264128426016
213,cadenceSpm,86.83327541500921
213,speedMps,7.838213571617687
213,distanceM,1618.9446703847843
213,activeEnergyKcal,9.492925430210319
213,heartRateBpm,124.77717143872428
214,powerWatts,178.87042525955812
214,cadenceSpm,85.78280678538471
214,speedMps,7.448838986664726
214,distanceM,1626.393509371449
214,activeEnergyKcal,9.53728489483747
214,heartRateBpm,127.25604898206778
215,powerWatts,201.9646881735986
215,cadenceSpm,86.10386701002614
215,speedMps,7.756531394868112
215,distanceM,1634.150040766317
215,activeEnergyKcal,9.58164435946462
215,heartRateBpm,129.06738970246568
216,powerWatts,188.2139155364165
216,cadenceSpm,87.35035363469167
216,speedMps,7.576343385005582
216,distanceM,1641.7263841513227
216,activeEnergyKcal,9.626003824091772
216,heartRateBpm,129.7467982018342
217,powerWatts,182.90184696325554
217,cadenceSpm,86.29636423868266
217,speedMps,7.504384951465272
217,distanceM,1649.230769102788
217,activeEnergyKcal,9.670363288718923
217,heartRateBpm,129.6804565768192
218,powerWatts,184.7552466422192
218,cadenceSpm,85.46170957237966
218,speedMps,7.529647877086325
218,distanceM,1656.7604169798742
218,activeEnergyKcal,9.714722753346074
218,heartRateBpm,130.86652915997806
219,powerWatts,179.3562783122016
219,cadenceSpm,88.42511950644919
219,speedMps,7.455577140602682
219,distanceM,1664.2159941204768
219,activeEnergyKcal,9.759082217973225
219,heartRateBpm,131.3699906302021
220,powerWatts,191.0257710881682
220,cadenceSpm,85.03832800519793
220,speedMps,7.613886421131601
220,distanceM,1671.8298805416084
220,activeEnergyKcal,9.803441682600376
220,heartRateBpm,128.63403257951092
221,powerWatts,191.17283899386678
221,cadenceSpm,86.62983968206096
221,speedMps,7.6158398592896726
221,distanceM,1679.4457204008982
221,activeEnergyKcal,9.847801147227527
221,heartRateBpm,130.95777183707122
222,powerWatts,186.15084713314548
222,cadenceSpm,85.86586447910803
222,speedMps,7.548559440023319
222,distanceM,1686.9942798409215
222,activeEnergyKcal,9.892160611854678
222,heartRateBpm,128.90498845569337
223,powerWatts,194.04970512892913
223,cadenceSpm,88.7855503526351
223,speedMps,7.653852160215453
223,distanceM,1694.648132001137
223,activeEnergyKcal,9.936520076481829
223,heartRateBpm,127.61347988028666
224,powerWatts,168.55103932767742
224,cadenceSpm,85.56672340494364
224,speedMps,7.302746386175535
224,distanceM,1701.9508783873125
224,activeEnergyKcal,9.98087954110898
224,heartRateBpm,127.66377168399936
225,powerWatts,193.5025851774806
225,cadenceSpm,87.04874893599967
225,speedMps,7.6466520857198
225,distanceM,1709.5975304730323
225,activeEnergyKcal,10.02523900573613
225,heartRateBpm,128.30038797615939
226,powerWatts,197.1655996871136
226,cadenceSpm,87.35990510002433
226,speedMps,7.6946013000951075
226,distanceM,1717.2921317731275
226,activeEnergyKcal,10.069598470363282
226,heartRateBpm,127.9577758230619
227,powerWatts,190.4443319954308
227,cadenceSpm,86.06982022832459
227,speedMps,7.606153589405725
227,distanceM,1724.8982853625332
227,activeEnergyKcal,10.113957934990433
227,heartRateBpm,126.9699482140084
228,powerWatts,183.0693941797237
228,cadenceSpm,87.72212754924469
228,speedMps,7.506675715788145
228,distanceM,1732.4049610783213
228,activeEnergyKcal,10.158317399617584
228,heartRateBpm,126.90662593216632
229,powerWatts,183.05875202479547
229,cadenceSpm,87.68876852120181
229,speedMps,7.506530254091562
229,distanceM,1739.9114913324129
229,activeEnergyKcal,10.202676864244735
229,heartRateBpm,127.71780098276392
230,powerWatts,192.7438228923385
230,cadenceSpm,87.03659827138169
230,speedMps,7.63664431010025
230,distanceM,1747.5481356425132
230,activeEnergyKcal,10.247036328871886
230,heartRateBpm,125.7206514813102
231,powerWatts,198.09528960780864
231,cadenceSpm,86.01487395450918
231,speedMps,7.70667639319272
231,distanceM,1755.254812035706
231,activeEnergyKcal,10.291395793499037
231,heartRateBpm,125.5971827249379
232,powerWatts,190.252386000753
232,cadenceSpm,87.42430881094116
232,speedMps,7.603597354257923
232,distanceM,1762.858409389964
232,activeEnergyKcal,10.335755258126188
232,heartRateBpm,126.13096991106522
233,powerWatts,197.8722783209724
233,cadenceSpm,85.41650437939981
233,speedMps,7.703783305433785
233,distanceM,1770.5621926953977
233,activeEnergyKcal,10.380114722753339
233,heartRateBpm,124.98626698962704
234,powerWatts,188.93613353914446
234,cadenceSpm,87.83401027193331
234,speedMps,7.586021712382195
234,distanceM,1778.14821440778
234,activeEnergyKcal,10.42447418738049
234,heartRateBpm,123.96037919749095
235,powerWatts,190.26432095347897
235,cadenceSpm,88.17192967898683
235,speedMps,7.6037563477565495
235,distanceM,1785.7519707555366
235,activeEnergyKcal,10.46883365200764
235,heartRateBpm,124.57827147470957
236,powerWatts,173.9559348074657
236,cadenceSpm,88.05995951901158
236,speedMps,7.379985188806677
236,distanceM,1793.1319559443432
236,activeEnergyKcal,10.513193116634792
236,heartRateBpm,123.03330971623312
237,powerWatts,190.158877061545
237,cadenceSpm,86.19151087086173
237,speedMps,7.6023514288574585
237,distanceM,1800.7343073732006
237,activeEnergyKcal,10.557552581261943
237,heartRateBpm,122.82091185188168
238,powerWatts,189.44179522393867
238,cadenceSpm,85.92763780281527
238,speedMps,7.592783333159197
238,distanceM,1808.3270907063597
238,activeEnergyKcal,10.601912045889094
238,heartRateBpm,121.99372266902512
239,powerWatts,186.63434135824033
239,cadenceSpm,83.95173594137623
239,speedMps,7.55508914375374
239,distanceM,1815.8821798501135
239,activeEnergyKcal,10.646271510516245
239,heartRateBpm,122.23008173599825
240,powerWatts,183.8661822914956
240,cadenceSpm,85.64316700543444
240,speedMps,7.517550596291008
240,distanceM,1823.3997304464044
240,activeEnergyKcal,10.690630975143396
240,heartRateBpm,121.66121520234466
241,powerWatts,173.79894436156172
241,cadenceSpm,87.5534499963236
241,speedMps,7.377764442744938
241,distanceM,1830.7774948891495
241,activeEnergyKcal,10.734990439770547
241,heartRateBpm,121.44840135039426
242,powerWatts,193.85955966220246
242,cadenceSpm,85.90465403686954
242,speedMps,7.651351390453189
242,distanceM,1838.4288462796026
242,activeEnergyKcal,10.779349904397698
242,heartRateBpm,120.99568670736868
243,powerWatts,191.67587677100923
243,cadenceSpm,86.55468110043866
243,speedMps,7.622513924196641
243,distanceM,1846.0513602037993
243,activeEnergyKcal,10.823709369024849
243,heartRateBpm,121.4252498502093
244,powerWatts,200.60879700396436
244,cadenceSpm,87.29253745249918
244,speedMps,7.739134565025855
244,distanceM,1853.790494768825
244,activeEnergyKcal,10.868068833652
244,heartRateBpm,122.52506246488957
245,powerWatts,206.36383176206266
245,cadenceSpm,86.62998294507159
245,speedMps,7.812444311307007
245,distanceM,1861.602939080132
245,activeEnergyKcal,10.912428298279151
245,heartRateBpm,122.68190015026856
246,powerWatts,190.85517691495374
246,cadenceSpm,87.07374502758354
246,speedMps,7.61161923750036
246,distanceM,1869.2145583176325
246,activeEnergyKcal,10.956787762906302
246,heartRateBpm,123.21719790588678
247,powerWatts,183.7642800676831
247,cadenceSpm,86.5380706836701
247,speedMps,7.516161548600051
247,distanceM,1876.7307198662324
247,activeEnergyKcal,11.001147227533453
247,heartRateBpm,123.93228797032116
248,powerWatts,184.35389938113514
248,cadenceSpm,85.60210046688607
248,speedMps,7.524191659552429
248,distanceM,1884.2549115257848
248,activeEnergyKcal,11.045506692160604
248,heartRateBpm,124.64626043056725
249,powerWatts,191.37739145379177
249,cadenceSpm,85.63909733959046
249,speedMps,7.618555174382586
249,distanceM,1891.8734667001675
249,activeEnergyKcal,11.089866156787755
249,heartRateBpm,123.48261149339467
250,powerWatts,183.81835744665972
250,cadenceSpm,86.26651081066417
250,speedMps,7.516898751087556
250,distanceM,1899.390365451255
250,activeEnergyKcal,11.134225621414906
250,heartRateBpm,123.65232539593843
251,powerWatts,202.2943173106202
251,cadenceSpm,86.86744212310452
251,speedMps,7.760748945716971
251,distanceM,1907.1511143969722
251,activeEnergyKcal,11.178585086042057
251,heartRateBpm,124.45972155385931
252,powerWatts,181.99438612738828
252,cadenceSpm,86.40137506845348
252,speedMps,7.491953458625887
252,distanceM,1914.643067855598
252,activeEnergyKcal,11.222944550669208
252,heartRateBpm,122.22887460363765
253,powerWatts,201.69872846772103
253,cadenceSpm,84.60963792426132
253,speedMps,7.753125137699249
253,distanceM,1922.3961929932973
253,activeEnergyKcal,11.267304015296359
253,heartRateBpm,121.38115743641505
254,powerWatts,174.91781575704462
254,cadenceSpm,85.17992418456275
254,speedMps,7.39356261825115
254,distanceM,1929.7897556115483
254,activeEnergyKcal,11.31166347992351
254,heartRateBpm,123.81297794468391
255,powerWatts,183.09531198040878
255,cadenceSpm,86.47859091158732
255,speedMps,7.5070299482095795
255,distanceM,1937.2967855597578
255,activeEnergyKcal,11.356022944550661
255,heartRateBpm,125.35996940350539
256,powerWatts,187.39944463406667
256,cadenceSpm,88.42166029800563
256,speedMps,7.5653990407184954
256,distanceM,1944.8621846004764
256,activeEnergyKcal,11.400382409177812
256,heartRateBpm,123.56200501989221
257,powerWatts,187.83011619771915
257,cadenceSpm,85.59503532767273
257,speedMps,7.57119007437497
257,distanceM,1952.4333746748514
257,activeEnergyKcal,11.444741873804963
257,heartRateBpm,122.98547956979502
258,powerWatts,192.93818546943652
258,cadenceSpm,86.69274092474882
258,speedMps,7.639210374580775
258,distanceM,1960.072585049432
258,activeEnergyKcal,11.489101338432114
258,heartRateBpm,124.58530910478173
259,powerWatts,191.90327802709376
259,cadenceSpm,85.93097121973389
259,speedMps,7.6255271432495855
259,distanceM,1967.6981121926817
259,activeEnergyKcal,11.533460803059265
259,heartRateBpm,126.370247180928
260,powerWatts,180.9991353493088
260,cadenceSpm,87.66860966977731
260,speedMps,7.478271707163066
260,distanceM,1975.1763838998447
260,activeEnergyKcal,11.577820267686416
260,heartRateBpm,127.53806159400352
261,powerWatts,185.89174258663058
261,cadenceSpm,86.88642175220087
261,speedMps,7.545055517865814
261,distanceM,1982.7214394177106
261,activeEnergyKcal,11.622179732313567
261,heartRateBpm,127.86327985010576
262,powerWatts,180.73867528948946
262,cadenceSpm,87.07982105898569
262,speedMps,7.474682875760082
262,distanceM,1990.1961222934706
262,activeEnergyKcal,11.666539196940718
262,heartRateBpm,130.4041786580815
263,powerWatts,190.35392159976473
263,cadenceSpm,85.28867041613732
263,speedMps,7.604949765698694
263,distanceM,1997.8010720591692
263,activeEnergyKcal,11.71089866156787
263,heartRateBpm,129.677812893345
264,powerWatts,195.3787331768758
264,cadenceSpm,85.51160914997963
264,speedMps,7.671285922652263
264,distanceM,2005.4723579818215
264,activeEnergyKcal,11.75525812619502
264,heartRateBpm,130.3895368156429
265,powerWatts,201.53466714689887
265,cadenceSpm,86.84433864389283
265,speedMps,7.751022442268914
265,distanceM,2013.2233804240905
265,activeEnergyKcal,11.799617590822171
265,heartRateBpm,128.8717536529049
266,powerWatts,173.9894149221972
266,cadenceSpm,87.0677689829649
266,speedMps,7.380458616941148
266,distanceM,2020.6038390410315
266,activeEnergyKcal,11.843977055449322
266,heartRateBpm,128.46476752000888
267,powerWatts,173.8708370956234
267,cadenceSpm,86.73315082750801
267,speedMps,7.378781584593549
267,distanceM,2027.982620625625
267,activeEnergyKcal,11.888336520076473
267,heartRateBpm,128.60722576429188
268,powerWatts,172.99976961319913
268,cadenceSpm,88.5603037788578
268,speedMps,7.3664387438721235
268,distanceM,2035.3490593694971
268,activeEnergyKcal,11.932695984703624
268,heartRateBpm,128.45373965672385
269,powerWatts,179.43166415995606
269,cadenceSpm,85.15609129670798
269,speedMps,7.45662155395674
269,distanceM,2042.8056809234538
269,activeEnergyKcal,11.977055449330775
269,heartRateBpm,129.21302573835376
270,powerWatts,189.96567068234262
270,cadenceSpm,86.83411674932265
270,speedMps,7.5997758272504035
270,distanceM,2050.405456750704
270,activeEnergyKcal,12.021414913957926
270,heartRateBpm,129.3973024597767
271,powerWatts,185.48129334176028
271,cadenceSpm,88.08225884812907
271,speedMps,7.539498261100906
271,distanceM,2057.944955011805
271,activeEnergyKcal,12.065774378585077
271,heartRateBpm,128.56777744119134
272,powerWatts,193.0605524087575
272,cadenceSpm,89.22575162591224
272,speedMps,7.640825035492017
272,distanceM,2065.5857800472972
272,activeEnergyKcal,12.110133843212228
272,heartRateBpm,128.2057818282526
273,powerWatts,183.93146411453898
273,cadenceSpm,86.95003826551194
273,speedMps,7.518440194968316
273,distanceM,2073.1042202422655
273,activeEnergyKcal,12.15449330783938
273,heartRateBpm,129.75755598120392
274,powerWatts,181.61649424052527
274,cadenceSpm,84.38155216833914
274,speedMps,7.486764452015506
274,distanceM,2080.590984694281
274,activeEnergyKcal,12.19885277246653
274,heartRateBpm,126.3418130322711
275,powerWatts,181.6793042436653
275,cadenceSpm,87.66516801527752
275,speedMps,7.487627423376555
275,distanceM,2088.0786121176575
275,activeEnergyKcal,12.243212237093681
275,heartRateBpm,126.12547720687735
276,powerWatts,192.37367777133767
276,cadenceSpm,86.49302516633657
276,speedMps,7.631752708447045
276,distanceM,2095.7103648261045
276,activeEnergyKcal,12.287571701720832
276,heartRateBpm,126.84996757253823
277,powerWatts,195.73233930342354
277,cadenceSpm,86.26286412881878
277,speedMps,7.675911091464686
277,distanceM,2103.386275917569
277,activeEnergyKcal,12.331931166347983
277,heartRateBpm,126.93398423742401
278,powerWatts,190.59248065286562
278,cadenceSpm,86.05460232409979
278,speedMps,7.608125380607506
278,distanceM,2110.9944012981764
278,activeEnergyKcal,12.376290630975134
278,heartRateBpm,125.98350024854435
279,powerWatts,190.66025685433604
279,cadenceSpm,87.20292065486866
279,speedMps,7.609027110353706
279,distanceM,2118.60342840853
279,activeEnergyKcal,12.420650095602285
279,heartRateBpm,124.73516708475952
280,powerWatts,200.01710474550805
280,cadenceSpm,88.30642579785957
280,speedMps,7.731518256491291
280,distanceM,2126.334946665021
280,activeEnergyKcal,12.465009560229436
280,heartRateBpm,124.86881414982639
281,powerWatts,194.44595656842696
281,cadenceSpm,86.08047703980928
281,speedMps,7.659058365678713
281,distanceM,2133.9940050307
281,activeEnergyKcal,12.509369024856587
281,heartRateBpm,123.27375272057283
282,powerWatts,193.04556654993112
282,cadenceSpm,85.95921993294478
282,speedMps,7.640627330183665
282,distanceM,2141.6346323608836
282,activeEnergyKcal,12.553728489483738
282,heartRateBpm,122.49689023221444
283,powerWatts,184.67172510105473
283,cadenceSpm,87.93755211158138
283,speedMps,7.528513073796397
283,distanceM,2149.1631454346802
283,activeEnergyKcal,12.59808795411089
283,heartRateBpm,121.28155162854142
284,powerWatts,190.35770340583494
284,cadenceSpm,86.54657516632854
284,speedMps,7.605000128472914
284,distanceM,2156.768145563153
284,activeEnergyKcal,12.64244741873804
284,heartRateBpm,120.59456223170875
285,powerWatts,192.83195312865854
285,cadenceSpm,87.20743857779816
285,speedMps,7.637808059832102
285,distanceM,2164.405953622985
285,activeEnergyKcal,12.686806883365191
285,heartRateBpm,119.51490032659048
286,powerWatts,173.44648813620688
286,cadenceSpm,86.22982428453976
286,speedMps,7.372773812549059
286,distanceM,2171.778727435534
286,activeEnergyKcal,12.731166347992342
286,heartRateBpm,120.09464254439234
287,powerWatts,199.97574240648513
287,cadenceSpm,86.7445166996513
287,speedMps,7.730985275864405
287,distanceM,2179.5097127113986
287,activeEnergyKcal,12.775525812619493
287,heartRateBpm,119.57025216303333
288,powerWatts,175.60048520387355
288,cadenceSpm,88.47832189668829
288,speedMps,7.403168667052332
288,distanceM,2186.912881378451
288,activeEnergyKcal,12.819885277246645
288,heartRateBpm,121.47904140600208
289,powerWatts,202.84549075259014
289,cadenceSpm,87.82336122286188
289,speedMps,7.767790896237739
289,distanceM,2194.6806722746887
289,activeEnergyKcal,12.864244741873796
289,heartRateBpm,122.30638245511174
290,powerWatts,194.30678048841057
290,cadenceSpm,89.24012434343099
290,speedMps,7.657230587646835
290,distanceM,2202.3379028623353
290,activeEnergyKcal,12.908604206500947
290,heartRateBpm,123.21120995724125
291,powerWatts,196.1602048853352
291,cadenceSpm,86.71403003281843
291,speedMps,7.681500132055888
291,distanceM,2210.0194029943914
291,activeEnergyKcal,12.952963671128098
291,heartRateBpm,122.02592759370413
292,powerWatts,188.1545598013635
292,cadenceSpm,85.07154671494617
292,speedMps,7.575546868073397
292,distanceM,2217.594949862465
292,activeEnergyKcal,12.997323135755249
292,heartRateBpm,119.01360656988324
293,powerWatts,174.98658716484547
293,cadenceSpm,89.33080096504936
293,speedMps,7.394531452453751
293,distanceM,2224.989481314919
293,activeEnergyKcal,13.0416826003824
293,heartRateBpm,119.48503679906496
294,powerWatts,194.31223788383522
294,cadenceSpm,87.22588258354598
294,speedMps,7.657302275218837
294,distanceM,2232.6467835901376
294,activeEnergyKcal,13.08604206500955
294,heartRateBpm,118.24729908876684
295,powerWatts,176.8993577385164
295,cadenceSpm,85.04823350211251
295,speedMps,7.421376970796557
295,distanceM,2240.0681605609343
295,activeEnergyKcal,13.130401529636702
295,heartRateBpm,117.62665943472722
296,powerWatts,194.0787932690096
296,cadenceSpm,87.83665411253445
296,speedMps,7.654234579761244
296,distanceM,2247.7223951406954
296,activeEnergyKcal,13.174760994263853
296,heartRateBpm,116.826186036631
297,powerWatts,182.98339314842468
297,cadenceSpm,86.99747430778866
297,speedMps,7.5055000541858945
297,distanceM,2255.2278951948815
297,activeEnergyKcal,13.219120458891004
297,heartRateBpm,116.91630965078345
298,powerWatts,183.75736453070766
298,cadenceSpm,85.67695075828406
298,speedMps,7.516067263056411
298,distanceM,2262.743962457938
298,activeEnergyKcal,13.263479923518155
298,heartRateBpm,117.26280507223252
299,powerWatts,188.77287585629668
299,cadenceSpm,87.17103918777349
299,speedMps,7.583836082785286
299,distanceM,2270.327798540723
299,activeEnergyKcal,13.307839388145306
299,heartRateBpm,117.2270428204497
300,powerWatts,199.01057126380883
300,cadenceSpm,88.23475805274558
300,speedMps,7.71852749703791
300,distanceM,2278.046326037761
300,activeEnergyKcal,13.352198852772457
300,heartRateBpm,115.90396520625912
301,powerWatts,222.17374707343987
301,cadenceSpm,93.82594451159001
301,speedMps,8.007064374086616
301,distanceM,2286.0533904118474
301,activeEnergyKcal,13.41548646749521
301,heartRateBpm,117.53731781464279
302,powerWatts,231.05783075621653
302,cadenceSpm,92.70891978832915
302,speedMps,8.112399023813435
302,distanceM,2294.165789435661
302,activeEnergyKcal,13.478772978011463
302,heartRateBpm,118.77699814568167
303,powerWatts,237.11852053124525
303,cadenceSpm,91.84727858820412
303,speedMps,8.18271764838184
303,distanceM,2302.3485070840425
303,activeEnergyKcal,13.542058384321214
303,heartRateBpm,120.46508244716742
304,powerWatts,236.28248567737307
304,cadenceSpm,92.26779103668783
304,speedMps,8.173089421128338
304,distanceM,2310.5215965051707
304,activeEnergyKcal,13.605342686424464
304,heartRateBpm,122.7127668956441
305,powerWatts,251.97287645377315
305,cadenceSpm,94.5073889540638
305,speedMps,8.350138355419983
305,distanceM,2318.8717348605905
305,activeEnergyKcal,13.668625884321214
305,heartRateBpm,124.19430585787865
306,powerWatts,235.25350302425863
306,cadenceSpm,94.34867277273104
306,speedMps,8.161207873247648
306,distanceM,2327.0329427338384
306,activeEnergyKcal,13.731907978011463
306,heartRateBpm,124.61273266737629
307,powerWatts,242.08487791058405
307,cadenceSpm,93.85840115838542
307,speedMps,8.239451355611093
307,distanceM,2335.2723940894493
307,activeEnergyKcal,13.79518896749521
307,heartRateBpm,125.51035392679269
308,powerWatts,248.15024472515802
308,cadenceSpm,91.43229314518808
308,speedMps,8.307696891754679
308,distanceM,2343.580090981204
308,activeEnergyKcal,13.858468852772457
308,heartRateBpm,127.1804471960921
309,powerWatts,233.8647592134734
309,cadenceSpm,92.14203453591787
309,speedMps,8.145117142639092
309,distanceM,2351.7252081238435
309,activeEnergyKcal,13.921747633843204
309,heartRateBpm,127.74712816066665
310,powerWatts,238.1289984009404
310,cadenceSpm,93.07891103412254
310,speedMps,8.194324695493874
310,distanceM,2359.9195328193373
310,activeEnergyKcal,13.985025310707448
310,heartRateBpm,130.01449957020722
311,powerWatts,246.97473211619229
311,cadenceSpm,92.91114878978341
311,speedMps,8.294557991840207
311,distanceM,2368.2140908111774
311,activeEnergyKcal,14.048301883365191
311,heartRateBpm,131.8667935946234
312,powerWatts,246.76928144395214
312,cadenceSpm,90.66483043255288
312,speedMps,8.29225735801297
312,distanceM,2376.5063481691905
312,activeEnergyKcal,14.111577351816434
312,heartRateBpm,131.0582364401084
313,powerWatts,237.0178421379149
313,cadenceSpm,95.74026930291797
313,speedMps,8.181559381638962
313,distanceM,2384.6879075508296
313,activeEnergyKcal,14.174851716061177
313,heartRateBpm,132.8269129326677
314,powerWatts,236.96381376928363
314,cadenceSpm,92.85415644765268
314,speedMps,8.180937670499691
314,distanceM,2392.868845221329
314,activeEnergyKcal,14.238124976099417
314,heartRateBpm,134.93906771108715
315,powerWatts,237.899370522931
315,cadenceSpm,93.02991440869857
315,speedMps,8.191689918332218
315,distanceM,2401.060535139661
315,activeEnergyKcal,14.301397131931157
315,heartRateBpm,136.5529503691044
316,powerWatts,257.6722878942225
316,cadenceSpm,94.27122374294365
316,speedMps,8.41262721694724
316,distanceM,2409.4731623566086
316,activeEnergyKcal,14.364668183556397
316,heartRateBpm,137.0679046558694
317,powerWatts,239.74510591832754
317,cadenceSpm,92.65302930345361
317,speedMps,8.212820362087847
317,distanceM,2417.6859827186963
317,activeEnergyKcal,14.427938130975134
317,heartRateBpm,135.6563299939754
318,powerWatts,242.47053201773792
318,cadenceSpm,92.98411605151269
318,speedMps,8.243824329289701
318,distanceM,2425.929807047986
318,activeEnergyKcal,14.49120697418737
318,heartRateBpm,137.2970762184833
319,powerWatts,246.27504079599973
319,cadenceSpm,93.61732570316019
319,speedMps,8.286717622261925
319,distanceM,2434.216524670248
319,activeEnergyKcal,14.554474713193107
319,heartRateBpm,137.3679930174387
320,powerWatts,232.5794537829897
320,cadenceSpm,93.6340754628318
320,speedMps,8.130168045537507
320,distanceM,2442.3466927157856
320,activeEnergyKcal,14.617741347992343
320,heartRateBpm,139.19890057270499
321,powerWatts,238.72755360605822
321,cadenceSpm,95.01822103779647
321,speedMps,8.201184635511915
321,distanceM,2450.5478773512973
321,activeEnergyKcal,14.681006878585077
321,heartRateBpm,141.30917584279123
322,powerWatts,259.0653098680045
322,cadenceSpm,92.77157356295186
322,speedMps,8.427760029743954
322,distanceM,2458.9756373810415
322,activeEnergyKcal,14.74427130497131
322,heartRateBpm,141.45301899073345
323,powerWatts,231.32337834769427
323,cadenceSpm,90.9253564611595
323,speedMps,8.115505610129773
323,distanceM,2467.091142991171
323,activeEnergyKcal,14.807534627151043
323,heartRateBpm,140.81237717236235
324,powerWatts,245.45710917092978
324,cadenceSpm,93.27017037942487
324,speedMps,8.277533465183847
324,distanceM,2475.368676456355
324,activeEnergyKcal,14.870796845124273
324,heartRateBpm,143.27279819725433
325,powerWatts,252.7624829461862
325,cadenceSpm,94.21990655235585
325,speedMps,8.358851526400755
325,distanceM,2483.727527982756
325,activeEnergyKcal,14.934057958891003
325,heartRateBpm,142.37497165970592
326,powerWatts,229.41508654217236
326,cadenceSpm,93.8059959281436
326,speedMps,8.093127795756985
326,distanceM,2491.820655778513
326,activeEnergyKcal,14.997317968451233
326,heartRateBpm,140.9516925173205
327,powerWatts,245.56456227252977
327,cadenceSpm,92.9082423527814
327,speedMps,8.278741166858987
327,distanceM,2500.099396945372
327,activeEnergyKcal,15.060576873804962
327,heartRateBpm,142.6555213147742
328,powerWatts,247.6284325962737
328,cadenceSpm,93.88525906377149
328,speedMps,8.30186964361962
328,distanceM,2508.401266588992
328,activeEnergyKcal,15.123834674952189
328,heartRateBpm,142.69385756496027
329,powerWatts,248.41863494081687
329,cadenceSpm,93.27166327857205
329,speedMps,8.31069091282975
329,distanceM,2516.7119575018214
329,activeEnergyKcal,15.187091371892915
329,heartRateBpm,142.44198431270615
330,powerWatts,230.59262091428258
330,cadenceSpm,93.78973064308632
330,speedMps,8.106950887709889
330,distanceM,2524.8189083895313
330,activeEnergyKcal,15.250346964627141
330,heartRateBpm,144.34542483443482
331,powerWatts,239.06257960223687
331,cadenceSpm,94.0137587653784
331,speedMps,8.205019307709536
331,distanceM,2533.0239276972407
331,activeEnergyKcal,15.313601453154867
331,heartRateBpm,145.31619492281828
332,powerWatts,237.16617504565127
332,cadenceSpm,93.86041319883033
332,speedMps,8.18326578118247
332,distanceM,2541.207193478423
332,activeEnergyKcal,15.37685483747609
332,heartRateBpm,146.61628430564383
333,powerWatts,236.58303471290978
333,cadenceSpm,92.23044155708547
333,speedMps,8.17655331641669
333,distanceM,2549.3837467948397
333,activeEnergyKcal,15.440107117590813
333,heartRateBpm,145.6059317995009
334,powerWatts,247.71118266790512
334,cadenceSpm,93.1761965236324
334,speedMps,8.302794286765907
334,distanceM,2557.686541081606
334,activeEnergyKcal,15.503358293499035
334,heartRateBpm,145.08821045037396
335,powerWatts,237.85056302774734
335,cadenceSpm,93.7309103057174
335,speedMps,8.191129676957077
335,distanceM,2565.877670758563
335,activeEnergyKcal,15.566608365200755
335,heartRateBpm,145.27901095023046
336,powerWatts,256.4796244380499
336,cadenceSpm,92.39508600513925
336,speedMps,8.39962756102373
336,distanceM,2574.277298319587
336,activeEnergyKcal,15.629857332695975
336,heartRateBpm,144.0507861423963
337,powerWatts,235.73651327377002
337,cadenceSpm,91.73855294610016
337,speedMps,8.166789444153581
337,distanceM,2582.4440877637403
337,activeEnergyKcal,15.693105195984694
337,heartRateBpm,146.75912232166513
338,powerWatts,244.5846120003035
338,cadenceSpm,92.94651150552927
338,speedMps,8.267714100407625
338,distanceM,2590.711801864148
338,activeEnergyKcal,15.756351955066913
338,heartRateBpm,146.8136480133714
339,powerWatts,237.14920237462442
339,cadenceSpm,91.76305143060425
339,speedMps,8.183070566172887
339,distanceM,2598.894872430321
339,activeEnergyKcal,15.81959760994263
339,heartRateBpm,148.08850439400277
340,powerWatts,236.0921369959832
340,cadenceSpm,93.19908813080956
340,speedMps,8.170894090197907
340,distanceM,2607.065766520519
340,activeEnergyKcal,15.882842160611846
340,heartRateBpm,150.59417110793552
341,powerWatts,236.15996779677866
341,cadenceSpm,91.37993210624262
341,speedMps,8.171676532208505
341,distanceM,2615.2374430527275
341,activeEnergyKcal,15.946085607074561
341,heartRateBpm,150.5172990670073
342,powerWatts,236.88185590790175
342,cadenceSpm,91.84552014122735
342,speedMps,8.179994390792357
342,distanceM,2623.4174374435197
342,activeEnergyKcal,16.009327949330775
342,heartRateBpm,151.59372402001165
343,powerWatts,246.24981264730832
343,cadenceSpm,93.01592416712104
343,speedMps,8.286434651803846
343,distanceM,2631.7038720953237
343,activeEnergyKcal,16.072569187380488
343,heartRateBpm,151.80478091625008
344,powerWatts,236.3646091638895
344,cadenceSpm,92.95859663713688
344,speedMps,8.174036204311497
344,distanceM,2639.8779082996352
344,activeEnergyKcal,16.1358093212237
344,heartRateBpm,153.73763250882266
345,powerWatts,243.46187585623798
345,cadenceSpm,94.1512123639646
345,speedMps,8.255044045866704
345,distanceM,2648.132952345502
345,activeEnergyKcal,16.199048350860412
345,heartRateBpm,155.1924566001839
346,powerWatts,249.45556867770568
346,cadenceSpm,91.98599144348475
346,speedMps,8.322238185458785
346,distanceM,2656.455190530961
346,activeEnergyKcal,16.262286276290624
346,heartRateBpm,155.7123444188148
347,powerWatts,244.08015185466067
347,cadenceSpm,92.68918230790001
347,speedMps,8.26202608523426
347,distanceM,2664.717216616195
347,activeEnergyKcal,16.325523097514335
347,heartRateBpm,158.999502217505
348,powerWatts,234.61769763498708
348,cadenceSpm,92.82557762086608
348,speedMps,8.153848972424125
348,distanceM,2672.871065588619
348,activeEnergyKcal,16.388758814531542
348,heartRateBpm,158.68137767213
349,powerWatts,239.8928742575356
349,cadenceSpm,93.10649222226114
349,speedMps,8.21450735596178
349,distanceM,2681.0855729445807
349,activeEnergyKcal,16.45199342734225
349,heartRateBpm,159.873614061562
350,powerWatts,236.3241824804356
350,cadenceSpm,94.2880919313012
350,speedMps,8.173570161592412
350,distanceM,2689.2591431061733
350,activeEnergyKcal,16.515226935946455
350,heartRateBpm,161.32167843791137
351,powerWatts,231.89718937084405
351,cadenceSpm,92.81645122490067
351,speedMps,8.122210396374088
351,distanceM,2697.3813535025474
351,activeEnergyKcal,16.57845934034416
351,heartRateBpm,160.05251442871082
352,powerWatts,244.9395947039851
352,cadenceSpm,92.24516813300272
352,speedMps,8.271712003562092
352,distanceM,2705.6530655061097
352,activeEnergyKcal,16.641690640535366
352,heartRateBpm,160.98246142289037
353,powerWatts,241.85528630035088
353,cadenceSpm,93.71523904198466
353,speedMps,8.236845785664386
353,distanceM,2713.889911291774
353,activeEnergyKcal,16.70492083652007
353,heartRateBpm,161.88776341986963
354,powerWatts,235.76063106916683
354,cadenceSpm,93.9039689810244
354,speedMps,8.167067944695651
354,distanceM,2722.0569792364695
354,activeEnergyKcal,16.768149928298275
354,heartRateBpm,161.19910753132382
355,powerWatts,239.6321350531138
355,cadenceSpm,89.32906831362506
355,speedMps,8.211530165167352
355,distanceM,2730.268509401637
355,activeEnergyKcal,16.831377915869975
355,heartRateBpm,159.5293342641834
356,powerWatts,242.03859268641838
356,cadenceSpm,91.86417868731542
356,speedMps,8.238926210375826
356,distanceM,2738.5074356120126
356,activeEnergyKcal,16.894604799235175
356,heartRateBpm,159.8466481771984
357,powerWatts,244.46497718120193
357,cadenceSpm,93.64609102676116
357,speedMps,8.266365871962536
357,distanceM,2746.773801483975
357,activeEnergyKcal,16.957830578393875
357,heartRateBpm,160.28482028450478
358,powerWatts,244.2206960853835
358,cadenceSpm,93.43874329748505
358,speedMps,8.263611571653474
358,distanceM,2755.037413055629
358,activeEnergyKcal,17.021055253346073
358,heartRateBpm,161.28753333182766
359,powerWatts,249.34056482758493
359,cadenceSpm,93.30226042064119
359,speedMps,8.320959084528939
359,distanceM,2763.358372140158
359,activeEnergyKcal,17.084278824091772
359,heartRateBpm,161.52312195643455
360,powerWatts,231.86807949568018
360,cadenceSpm,92.77045626146307
360,speedMps,8.121870523885399
360,distanceM,2771.480242664043
360,activeEnergyKcal,17.14750129063097
360,heartRateBpm,162.1736972521753
361,powerWatts,243.72580934670438
361,cadenceSpm,91.57820448325225
361,speedMps,8.258026026414704
361,distanceM,2779.738268690458
361,activeEnergyKcal,17.210722652963668
361,heartRateBpm,163.19265389993203
362,powerWatts,233.9957648937575
362,cadenceSpm,93.26117153657877
362,speedMps,8.146637761408888
362,distanceM,2787.8849064518668
362,activeEnergyKcal,17.27394291108986
362,heartRateBpm,163.80071716355903
363,powerWatts,240.47481651897542
363,cadenceSpm,92.53890251590866
363,speedMps,8.221144358317584
363,distanceM,2796.106050810184
363,activeEnergyKcal,17.337162065009554
363,heartRateBpm,164.170350741219
364,powerWatts,257.212371051598
364,cadenceSpm,91.69737572463318
364,speedMps,8.407619029682802
364,distanceM,2804.513669839867
364,activeEnergyKcal,17.400380114722747
364,heartRateBpm,166.10660124150306
365,powerWatts,247.1270895554213
365,cadenceSpm,92.41281305103973
365,speedMps,8.296263264587429
365,distanceM,2812.8099331044546
365,activeEnergyKcal,17.46359706022944
365,heartRateBpm,166.3241941735488
366,powerWatts,247.06724845639772
366,cadenceSpm,93.9692165926167
366,speedMps,8.295593571934234
366,distanceM,2821.1055266763888
366,activeEnergyKcal,17.52681290152963
366,heartRateBpm,165.86374770034536
367,powerWatts,249.93121932120914
367,cadenceSpm,95.06152385948002
367,speedMps,8.327524316748482
367,distanceM,2829.4330509931374
367,activeEnergyKcal,17.590027638623322
367,heartRateBpm,165.41749669088506
368,powerWatts,260.7314504212882
368,cadenceSpm,92.84123024796556
368,speedMps,8.445788736096391
368,distanceM,2837.8788397292337
368,activeEnergyKcal,17.653241271510513
368,heartRateBpm,163.35917214740536
369,powerWatts,236.2693555566368
369,cadenceSpm,93.36474383473443
369,speedMps,8.17293802658262
369,distanceM,2846.051777755816
369,activeEnergyKcal,17.7164538001912
369,heartRateBpm,167.1670332959939
370,powerWatts,245.065796779665
370,cadenceSpm,92.94308066562455
370,speedMps,8.27313239184205
370,distanceM,2854.324910147658
370,activeEnergyKcal,17.779665224665386
370,heartRateBpm,167.54040682582436
371,powerWatts,233.87824028920463
371,cadenceSpm,93.92223238936437
371,speedMps,8.145273647380813
371,distanceM,2862.470183795039
371,activeEnergyKcal,17.842875544933072
371,heartRateBpm,166.58306530601232
372,powerWatts,239.82664473445305
372,cadenceSpm,93.27719874000104
372,speedMps,8.213751333813304
372,distanceM,2870.683935128852
372,activeEnergyKcal,17.906084760994258
372,heartRateBpm,168.11561991692233
373,powerWatts,228.7304818336729
373,cadenceSpm,92.10668342492309
373,speedMps,8.085069456438557
373,distanceM,2878.769004585291
373,activeEnergyKcal,17.969292872848943
373,heartRateBpm,170.48504115153776
374,powerWatts,234.41512571435862
374,cadenceSpm,94.14437774131746
374,speedMps,8.151501584212397
374,distanceM,2886.9205061695034
374,activeEnergyKcal,18.032499880497127
374,heartRateBpm,170.18155775528894
375,powerWatts,237.07161748505692
375,cadenceSpm,93.99533483880916
375,speedMps,8.182178087418666
375,distanceM,2895.102684256922
375,activeEnergyKcal,18.09570578393881
375,heartRateBpm,170.2829996399223
376,powerWatts,237.4557532926734
376,cadenceSpm,93.4016901359932
376,speedMps,8.186594996731293
376,distanceM,2903.2892792536536
376,activeEnergyKcal,18.15891058317399
376,heartRateBpm,170.07781194932363
377,powerWatts,233.26335678026584
377,cadenceSpm,93.9596287837977
377,speedMps,8.138129203322881
377,distanceM,2911.4274084569765
377,activeEnergyKcal,18.22211427820267
377,heartRateBpm,169.9292899985173
378,powerWatts,239.93157339555654
378,cadenceSpm,91.93531781612491
378,speedMps,8.214949049311208
378,distanceM,2919.6423575062877
378,activeEnergyKcal,18.28531686902485
378,heartRateBpm,169.62144048774334
379,powerWatts,231.6656200019594
379,cadenceSpm,94.77426262199954
379,speedMps,8.119505919800483
379,distanceM,2927.761863426088
379,activeEnergyKcal,18.34851835564053
379,heartRateBpm,167.10118362310274
380,powerWatts,243.69626333747811
380,cadenceSpm,93.13270183033028
380,speedMps,8.257692315930916
380,distanceM,2936.019555742019
380,activeEnergyKcal,18.411718738049707
380,heartRateBpm,167.39053431239444
381,powerWatts,253.702445425001
381,cadenceSpm,92.93733961820348
381,speedMps,8.369200223915346
381,distanceM,2944.3887559659343
381,activeEnergyKcal,18.474918016252385
381,heartRateBpm,166.97462433691715
382,powerWatts,232.28898880001012
382,cadenceSpm,93.82438998618242
382,speedMps,8.1267820873772
382,distanceM,2952.5155380533115
382,activeEnergyKcal,18.538116190248562
382,heartRateBpm,167.72660841220622
383,powerWatts,236.614463571941
383,cadenceSpm,93.12951026048769
383,speedMps,8.176915371629438
383,distanceM,2960.692453424941
383,activeEnergyKcal,18.601313260038236
383,heartRateBpm,165.7306035953023
384,powerWatts,246.98659176475036
384,cadenceSpm,93.00627238953587
384,speedMps,8.294690757065961
384,distanceM,2968.987144182007
384,activeEnergyKcal,18.66450922562141
384,heartRateBpm,166.58063109062587
385,powerWatts,233.01076227391212
385,cadenceSpm,93.85913129011418
385,speedMps,8.135190623220335
385,distanceM,2977.122334805227
385,activeEnergyKcal,18.72770408699808
385,heartRateBpm,166.63721097001266
386,powerWatts,242.06717996323877
386,cadenceSpm,93.91193088249165
386,speedMps,8.239250565250375
386,distanceM,2985.3615853704778
386,activeEnergyKcal,18.790897844168253
386,heartRateBpm,166.3889649201054
387,powerWatts,246.80940709832265
387,cadenceSpm,91.61581800603118
387,speedMps,8.292706784859316
387,distanceM,2993.654292155337
387,activeEnergyKcal,18.854090497131924
387,heartRateBpm,164.61065847249324
388,powerWatts,251.15815425060964
388,cadenceSpm,90.38080768440568
388,speedMps,8.34112893521196
388,distanceM,3001.995421090549
388,activeEnergyKcal,18.917282045889095
388,heartRateBpm,164.12515639926687
389,powerWatts,244.40666143995784
389,cadenceSpm,94.11522173831331
389,speedMps,8.26570852137501
389,distanceM,3010.261129611924
389,activeEnergyKcal,18.980472490439766
389,heartRateBpm,163.62964571626603
390,powerWatts,231.2247959740857
390,cadenceSpm,92.54463154073373
390,speedMps,8.114352592955676
390,distanceM,3018.3754822048795
390,activeEnergyKcal,19.043661830783932
390,heartRateBpm,162.51938498823716
391,powerWatts,241.7145478048487
391,cadenceSpm,93.02222943821502
391,speedMps,8.235247769163383
391,distanceM,3026.610729974043
391,activeEnergyKcal,19.1068500669216
391,heartRateBpm,161.6613598723061
392,powerWatts,240.00390034970903
392,cadenceSpm,93.16232817535945
392,speedMps,8.215774427066187
392,distanceM,3034.826504401109
392,activeEnergyKcal,19.170037198852764
392,heartRateBpm,160.79519205733055
393,powerWatts,232.8370372586152
393,cadenceSpm,92.94772144964325
393,speedMps,8.133168345393422
393,distanceM,3042.9596727465027
393,activeEnergyKcal,19.23322322657743
393,heartRateBpm,160.2234274047572
394,powerWatts,238.7137020522114
394,cadenceSpm,91.75093306416115
394,speedMps,8.201026014877861
394,distanceM,3051.1606987613804
394,activeEnergyKcal,19.296408150095594
394,heartRateBpm,159.83359655056393
395,powerWatts,248.09819236417007
395,cadenceSpm,95.33195796958175
395,speedMps,8.30711597288746
395,distanceM,3059.467814734268
395,activeEnergyKcal,19.35959196940726
395,heartRateBpm,160.70783941208205
396,powerWatts,243.87858492111155
396,cadenceSpm,94.12273610185042
396,speedMps,8.259751135948154
396,distanceM,3067.727565870216
396,activeEnergyKcal,19.422774684512422
396,heartRateBpm,159.59210624414732
397,powerWatts,238.04144224213348
397,cadenceSpm,91.38986837077377
397,speedMps,8.193320265751495
397,distanceM,3075.9208861359675
397,activeEnergyKcal,19.485956295411082
397,heartRateBpm,160.837279270824
398,powerWatts,245.98799246191004
398,cadenceSpm,93.43554362571626
398,speedMps,8.283496815086622
398,distanceM,3084.204382951054
398,activeEnergyKcal,19.54913680210324
398,heartRateBpm,160.6069372409488
399,powerWatts,245.49577353824358
399,cadenceSpm,91.93944656141764
399,speedMps,8.277968067645066
399,distanceM,3092.482351018699
399,activeEnergyKcal,19.6123162045889
399,heartRateBpm,159.4213093534905
400,powerWatts,253.2706172600482
400,cadenceSpm,91.88625443642655
400,speedMps,8.364449108475215
400,distanceM,3100.846800127174
400,activeEnergyKcal,19.67549450286806
400,heartRateBpm,158.67773063806854
401,powerWatts,236.9099929801081
401,cadenceSpm,93.40626709900577
401,speedMps,8.18031825403861
401,distanceM,3109.0271183812124
401,activeEnergyKcal,19.738671696940717
401,heartRateBpm,157.482230961643
402,powerWatts,229.89883619438731
402,cadenceSpm,90.96339839107561
402,speedMps,8.098812250732687
402,distanceM,3117.1259306319453
402,activeEnergyKcal,19.801847786806874
402,heartRateBpm,158.3150766777935
403,powerWatts,238.6417355583408
403,cadenceSpm,93.89799839844564
403,speedMps,8.200201794059346
403,distanceM,3125.3261324260047
403,activeEnergyKcal,19.86502277246653
403,heartRateBpm,159.2229921114596
404,powerWatts,237.8005690729331
404,cadenceSpm,93.34794765488796
404,speedMps,8.190555737229838
404,distanceM,3133.5166881632344
404,activeEnergyKcal,19.928196653919688
404,heartRateBpm,157.44243332196422
405,powerWatts,227.668446776185
405,cadenceSpm,92.91296802717541
405,speedMps,8.072536581860575
405,distanceM,3141.589224745095
405,activeEnergyKcal,19.99136943116634
405,heartRateBpm,157.04880849999628
406,powerWatts,231.2252588615709
406,cadenceSpm,93.3846197388142
406,speedMps,8.114358007642775
406,distanceM,3149.703582752738
406,activeEnergyKcal,20.054541104206493
406,heartRateBpm,157.36683885732748
407,powerWatts,239.36781005721232
407,cadenceSpm,92.84096501469963
407,speedMps,8.208509825645965
407,distanceM,3157.912092578384
407,activeEnergyKcal,20.117711673040144
407,heartRateBpm,155.07448164265853
408,powerWatts,246.72413180283675
408,cadenceSpm,92.29185327591632
408,speedMps,8.291751601816738
408,distanceM,3166.203844180201
408,activeEnergyKcal,20.180881137667296
408,heartRateBpm,155.69777515492063
409,powerWatts,233.50607158764532
409,cadenceSpm,92.23705736604963
409,speedMps,8.140950849197466
409,distanceM,3174.3447950293985
409,activeEnergyKcal,20.244049498087946
409,heartRateBpm,154.93756326928997
410,powerWatts,248.64592523246017
410,cadenceSpm,92.91029099521819
410,speedMps,8.313224758650499
410,distanceM,3182.658019788049
410,activeEnergyKcal,20.307216754302097
410,heartRateBpm,155.7639357552519
411,powerWatts,227.97259762861026
411,cadenceSpm,92.24552259344355
411,speedMps,8.076129784118889
411,distanceM,3190.734149572168
411,activeEnergyKcal,20.370382906309747
411,heartRateBpm,156.82680246089998
412,powerWatts,235.36904604855462
412,cadenceSpm,93.84607173034819
412,speedMps,8.16254376026864
412,distanceM,3198.896693332437
412,activeEnergyKcal,20.433547954110892
412,heartRateBpm,156.65676337118245
413,powerWatts,233.1352076217356
413,cadenceSpm,93.70211757433808
413,speedMps,8.136638634233483
413,distanceM,3207.03333196667
413,activeEnergyKcal,20.496711897705538
413,heartRateBpm,157.2411616522931
414,powerWatts,241.96089038724892
414,cadenceSpm,91.57132604652593
414,speedMps,8.238044461146005
414,distanceM,3215.271376427816
414,activeEnergyKcal,20.559874737093683
414,heartRateBpm,158.43832133762754
415,powerWatts,234.3262244652408
415,cadenceSpm,91.65664407806939
415,speedMps,8.150470976224577
415,distanceM,3223.4218474040404
415,activeEnergyKcal,20.623036472275327
415,heartRateBpm,159.63483624768054
416,powerWatts,237.8098428206142
416,cadenceSpm,93.72015482949553
416,speedMps,8.190662207622514
416,distanceM,3231.612509611663
416,activeEnergyKcal,20.68619710325047
416,heartRateBpm,158.6404458859721
417,powerWatts,255.67418347022743
417,cadenceSpm,95.0391373442303
417,speedMps,8.390825694200648
417,distanceM,3240.0033353058634
417,activeEnergyKcal,20.749356630019115
417,heartRateBpm,159.52564448446918
418,powerWatts,234.9861800735966
418,cadenceSpm,94.48436900984903
418,speedMps,8.158115457301717
418,distanceM,3248.1614507631652
418,activeEnergyKcal,20.812515052581258
418,heartRateBpm,159.7561925470689
419,powerWatts,251.05414903127547
419,cadenceSpm,92.51379813085077
419,speedMps,8.339977415469248
419,distanceM,3256.5014281786343
419,activeEnergyKcal,20.875672370936897
419,heartRateBpm,159.34859745568937
420,powerWatts,233.82407716695172
420,cadenceSpm,94.82080927758858
420,speedMps,8.144644819444762
420,distanceM,3264.646072998079
420,activeEnergyKcal,20.938828585086036
420,heartRateBpm,160.61960182584113
421,powerWatts,257.2062644976186
421,cadenceSpm,92.47100413824346
421,speedMps,8.407552493243744
421,distanceM,3273.0536254913227
421,activeEnergyKcal,21.001983695028674
421,heartRateBpm,158.62885172012858
422,powerWatts,244.08889141268605
422,cadenceSpm,94.18689667806117
422,speedMps,8.262124694364683
422,distanceM,3281.315750185687
422,activeEnergyKcal,21.06513770076481
422,heartRateBpm,158.99457106515126
423,powerWatts,245.79635522485646
423,cadenceSpm,92.18495651807028
423,speedMps,8.281345166904911
423,distanceM,3289.597095352592
423,activeEnergyKcal,21.12829060229445
423,heartRateBpm,157.75769622025066
424,powerWatts,245.492590335699
424,cadenceSpm,92.74149873008466
424,speedMps,8.277932288939622
424,distanceM,3297.8750276415317
424,activeEnergyKcal,21.191442399617586
424,heartRateBpm,157.12486749585017
425,powerWatts,241.7304312832482
425,cadenceSpm,91.32506166162466
425,speedMps,8.235428149307678
425,distanceM,3306.1104557908393
425,activeEnergyKcal,21.254593092734222
425,heartRateBpm,156.55654181378873
426,powerWatts,247.7439291770278
426,cadenceSpm,95.14635031276914
426,speedMps,8.303160136954775
426,distanceM,3314.413615927794
426,activeEnergyKcal,21.317742681644354
426,heartRateBpm,155.51808487700382
427,powerWatts,236.38063263561344
427,cadenceSpm,93.88682538647402
427,speedMps,8.174220909738809
427,distanceM,3322.587836837533
427,activeEnergyKcal,21.380891166347986
427,heartRateBpm,157.8986794052921
428,powerWatts,249.7097871527522
428,cadenceSpm,91.92824713097258
428,speedMps,8.325064271123559
428,distanceM,3330.9129011086566
428,activeEnergyKcal,21.444038546845118
428,heartRateBpm,158.65017721737433
429,powerWatts,240.26252446494618
429,cadenceSpm,95.45390854104319
429,speedMps,8.218724427226615
429,distanceM,3339.1316255358834
429,activeEnergyKcal,21.50718482313575
429,heartRateBpm,158.5657625766896
430,powerWatts,249.04062579358794
430,cadenceSpm,93.14635066942158
430,speedMps,8.317621237690402
430,distanceM,3347.4492467735736
430,activeEnergyKcal,21.57032999521988
430,heartRateBpm,158.91506185304246
431,powerWatts,228.69617922247764
431,cadenceSpm,92.9079381372525
431,speedMps,8.084665264778693
431,distanceM,3355.5339120383524
431,activeEnergyKcal,21.63347406309751
431,heartRateBpm,158.54060213917074
432,powerWatts,234.57254933252077
432,cadenceSpm,92.15478251744624
432,speedMps,8.153325914332065
432,distanceM,3363.6872379526844
432,activeEnergyKcal,21.69661702676864
432,heartRateBpm,157.36866577063682
433,powerWatts,237.57210630081923
433,cadenceSpm,94.37991616028783
433,speedMps,8.187931918667527
433,distanceM,3371.8751698713518
433,activeEnergyKcal,21.759758886233264
433,heartRateBpm,156.452141636544
434,powerWatts,242.63731980158357
434,cadenceSpm,95.17467688230299
434,speedMps,8.245714117756489
434,distanceM,3380.1208839891083
434,activeEnergyKcal,21.82289964149139
434,heartRateBpm,156.23471499581404
435,powerWatts,242.91890430536822
435,cadenceSpm,94.37356450775256
435,speedMps,8.248902645818887
435,distanceM,3388.369786634927
435,activeEnergyKcal,21.886039292543014
435,heartRateBpm,157.4774655623972
436,powerWatts,228.58011611405246
436,cadenceSpm,93.98591595370596
436,speedMps,8.08329737986506
436,distanceM,3396.4530840147922
436,activeEnergyKcal,21.94917783938814
436,heartRateBpm,159.5646864062302
437,powerWatts,237.69599210669494
437,cadenceSpm,96.23001609231012
437,speedMps,8.189354914393531
437,distanceM,3404.6424389291856
437,activeEnergyKcal,22.012315282026762
437,heartRateBpm,159.32354335047984
438,powerWatts,236.64657659362166
438,cadenceSpm,93.26002335198872
438,speedMps,8.177285275168279
438,distanceM,3412.819724204354
438,activeEnergyKcal,22.075451620458885
438,heartRateBpm,161.44512436427462
439,powerWatts,252.84376211582807
439,cadenceSpm,92.84476195393512
439,speedMps,8.359747397355523
439,distanceM,3421.1794716017093
439,activeEnergyKcal,22.138586854684508
439,heartRateBpm,160.89187591854395
440,powerWatts,227.08800425113066
440,cadenceSpm,91.05592550828143
440,speedMps,8.065670411248833
440,distanceM,3429.2451420129582
440,activeEnergyKcal,22.201720984703627
440,heartRateBpm,159.27197529145235
441,powerWatts,240.06238631581758
441,cadenceSpm,92.59412205535695
441,speedMps,8.216441733553077
441,distanceM,3437.461583746511
441,activeEnergyKcal,22.264854010516245
441,heartRateBpm,158.91636244859617
442,powerWatts,245.25242071183771
442,cadenceSpm,90.34141623000157
442,speedMps,8.27523192696203
442,distanceM,3445.7368156734733
442,activeEnergyKcal,22.327985932122363
442,heartRateBpm,160.47556092734888
443,powerWatts,245.70166090700758
443,cadenceSpm,93.87024277310901
443,speedMps,8.280281553278467
443,distanceM,3454.017097226752
443,activeEnergyKcal,22.39111674952198
443,heartRateBpm,160.33477576585526
444,powerWatts,240.90101666470215
444,cadenceSpm,94.2824441205168
444,speedMps,8.225998345411817
444,distanceM,3462.243095572164
444,activeEnergyKcal,22.454246462715098
444,heartRateBpm,159.26039434751578
445,powerWatts,245.85617603721
445,cadenceSpm,94.87534970704627
445,speedMps,8.282016937934083
445,distanceM,3470.525112510098
445,activeEnergyKcal,22.517375071701714
445,heartRateBpm,158.01209594730057
446,powerWatts,249.05488509061036
446,cadenceSpm,92.27083803855345
446,speedMps,8.317779981761202
446,distanceM,3478.8428924918594
446,activeEnergyKcal,22.58050257648183
446,heartRateBpm,159.4900948311686
447,powerWatts,249.1064844011072
447,cadenceSpm,91.85308120626009
447,speedMps,8.318354369310528
447,distanceM,3487.1612468611697
447,activeEnergyKcal,22.643628977055442
447,heartRateBpm,159.1763240480539
448,powerWatts,248.73524705649714
448,cadenceSpm,92.00139541034808
448,speedMps,8.314220101056472
448,distanceM,3495.475466962226
448,activeEnergyKcal,22.706754273422554
448,heartRateBpm,158.12375574078112
449,powerWatts,254.67075110827443
449,cadenceSpm,93.9689489146304
449,speedMps,8.379834277035435
449,distanceM,3503.8553012392617
449,activeEnergyKcal,22.769878465583165
449,heartRateBpm,157.2109437628191
450,powerWatts,231.94357501103198
450,cadenceSpm,91.75277046129968
450,speedMps,8.122751913374936
450,distanceM,3511.9780531526367
450,activeEnergyKcal,22.833001553537276
450,heartRateBpm,159.21583548966015
451,powerWatts,240.72911058392359
451,cadenceSpm,91.3395522988675
451,speedMps,8.2240411990641
451,distanceM,3520.202094351701
451,activeEnergyKcal,22.896123537284886
451,heartRateBpm,157.86602330105987
452,powerWatts,229.20973519959745
452,cadenceSpm,89.76138577410036
452,speedMps,8.090712333024099
452,distanceM,3528.292806684725
452,activeEnergyKcal,22.959244416825996
452,heartRateBpm,157.23355487211094
453,powerWatts,229.3821349243449
453,cadenceSpm,90.21186577275954
453,speedMps,8.0927402966503
453,distanceM,3536.3855469813752
453,activeEnergyKcal,23.022364192160605
453,heartRateBpm,158.7667096616248
454,powerWatts,227.63389553350808
454,cadenceSpm,95.69248394825415
454,speedMps,8.072128195183735
454,distanceM,3544.457675176559
454,activeEnergyKcal,23.08548286328871
454,heartRateBpm,157.99815145888363
455,powerWatts,241.48548207137875
455,cadenceSpm,92.64382127754136
455,speedMps,8.232645513319424
455,distanceM,3552.6903206898783
455,activeEnergyKcal,23.148600430210315
455,heartRateBpm,159.67100095199953
456,powerWatts,240.2591261354549
456,cadenceSpm,92.71072197778348
456,speedMps,8.21868567785535
456,distanceM,3560.9090063677336
456,activeEnergyKcal,23.21171689292542
456,heartRateBpm,161.90239658484634
457,powerWatts,221.06554917074794
457,cadenceSpm,94.07949806030531
457,speedMps,7.993729155523102
457,distanceM,3568.9027355232565
457,activeEnergyKcal,23.274832251434024
457,heartRateBpm,160.64058126710916
458,powerWatts,244.3183866094403
458,cadenceSpm,93.07265204355717
458,speedMps,8.26471326497505
458,distanceM,3577.1674487882315
458,activeEnergyKcal,23.337946505736127
458,heartRateBpm,158.7734258438814
459,powerWatts,239.0682255792516
459,cadenceSpm,91.35656482766446
459,speedMps,8.205083900260725
459,distanceM,3585.3725326884924
459,activeEnergyKcal,23.40105965583173
459,heartRateBpm,158.46379618146275
460,powerWatts,228.19809485668074
460,cadenceSpm,93.7921749858624
460,speedMps,8.078791719181396
460,distanceM,3593.451324407674
460,activeEnergyKcal,23.464171701720833
460,heartRateBpm,160.60884023985216
461,powerWatts,230.33108295207475
461,cadenceSpm,94.40079739275565
461,speedMps,8.103884762527963
461,distanceM,3601.5552091702016
461,activeEnergyKcal,23.527282643403435
461,heartRateBpm,161.37146380369603
462,powerWatts,246.14369909674772
462,cadenceSpm,93.84018645123363
462,speedMps,8.285244222017976
462,distanceM,3609.8404533922194
462,activeEnergyKcal,23.590392480879533
462,heartRateBpm,160.7674236241843
463,powerWatts,247.63252573676974
463,cadenceSpm,92.55440434938049
463,speedMps,8.301915384909302
463,distanceM,3618.1423687771285
463,activeEnergyKcal,23.65350121414913
463,heartRateBpm,162.55057118700333
464,powerWatts,238.77355621319128
464,cadenceSpm,92.73252756674195
464,speedMps,8.201711388901044
464,distanceM,3626.3440801660295
464,activeEnergyKcal,23.716608843212228
464,heartRateBpm,163.5303758179452
465,powerWatts,230.73279118213142
465,cadenceSpm,93.13929644044846
465,speedMps,8.108593211589655
465,distanceM,3634.4526733776192
465,activeEnergyKcal,23.779715368068825
465,heartRateBpm,162.30269917552218
466,powerWatts,252.99749440403667
466,cadenceSpm,92.2237020216285
466,speedMps,8.361441332387649
466,distanceM,3642.814114710007
466,activeEnergyKcal,23.84282078871892
466,heartRateBpm,163.55482040990663
467,powerWatts,237.2539252515905
467,cadenceSpm,92.45271325079028
467,speedMps,8.184274911473084
467,distanceM,3650.99838962148
467,activeEnergyKcal,23.905925105162517
467,heartRateBpm,162.4928355092577
468,powerWatts,246.33638724981463
468,cadenceSpm,91.05569891964271
468,speedMps,8.287405631534885
468,distanceM,3659.285795253015
468,activeEnergyKcal,23.969028317399612
468,heartRateBpm,162.77960878907695
469,powerWatts,225.03906845259255
469,cadenceSpm,93.40258090017791
469,speedMps,8.041339176833898
469,distanceM,3667.3271344298487
469,activeEnergyKcal,24.032130425430204
469,heartRateBpm,162.11851041320585
470,powerWatts,237.7551228928538
470,cadenceSpm,93.03908690955713
470,speedMps,8.190033936984545
470,distanceM,3675.517168366833
470,activeEnergyKcal,24.095231429254294
470,heartRateBpm,162.04798968603612
471,powerWatts,245.26524585265085
471,cadenceSpm,92.34957787393923
471,speedMps,8.275376171769723
471,distanceM,3683.792544538603
471,activeEnergyKcal,24.158331328871885
471,heartRateBpm,163.40212684842857
472,powerWatts,238.58374059829603
472,cadenceSpm,95.08652747133974
472,speedMps,8.199537466416308
472,distanceM,3691.9920820050193
472,activeEnergyKcal,24.221430124282975
472,heartRateBpm,162.55042259017134
473,powerWatts,243.60960456005378
473,cadenceSpm,93.56605430397074
473,speedMps,8.25671338372734
473,distanceM,3700.2487953887467
473,activeEnergyKcal,24.284527815487564
473,heartRateBpm,162.1774698488346
474,powerWatts,246.5160303255544
474,cadenceSpm,93.61667632794712
474,speedMps,8.289419697611706
474,distanceM,3708.5382150863584
474,activeEnergyKcal,24.347624402485653
474,heartRateBpm,163.71813657216825
475,powerWatts,229.52802793906895
475,cadenceSpm,92.58279099069252
475,speedMps,8.094455664261433
475,distanceM,3716.63267075062
475,activeEnergyKcal,24.410719885277242
475,heartRateBpm,164.6372218122368
476,powerWatts,237.118005778993
476,cadenceSpm,95.68677609435578
476,speedMps,8.18271172718629
476,distanceM,3724.8153824778065
476,activeEnergyKcal,24.473814263862327
476,heartRateBpm,154.21700802757184
477,powerWatts,247.56619594952727
477,cadenceSpm,94.03757402968958
477,speedMps,8.301174080223985
477,distanceM,3733.1165565580304
477,activeEnergyKcal,24.53690753824091
477,heartRateBpm,144.7495234562945
478,powerWatts,237.47709512311442
478,cadenceSpm,94.82715627105813
478,speedMps,8.186840251809764
478,distanceM,3741.3033968098403
478,activeEnergyKcal,24.599999708412994
478,heartRateBpm,134.70395515452938
479,powerWatts,246.37327100526497
479,cadenceSpm,94.39850455967604
479,speedMps,8.287819233156865
479,distanceM,3749.591216042997
479,activeEnergyKcal,24.663090774378578
479,heartRateBpm,134.6232906375311
480,powerWatts,258.8494217541713
480,cadenceSpm,92.92640075720325
480,speedMps,8.425418330841588
480,distanceM,3758.0166343738388
480,activeEnergyKcal,24.72618073613766
480,heartRateBpm,135.7541994852778
481,powerWatts,254.51435662207638
481,cadenceSpm,92.12695984650813
481,speedMps,8.378118560781319
481,distanceM,3766.39475293462
481,activeEnergyKcal,24.789269593690243
481,heartRateBpm,135.61582442577844
482,powerWatts,235.62063925836244
482,cadenceSpm,93.68585284738691
482,speedMps,8.165451122586598
482,distanceM,3774.5602040572066
482,activeEnergyKcal,24.852357347036325
482,heartRateBpm,136.87553827926848
483,powerWatts,237.89948742511032
483,cadenceSpm,95.20403890335899
483,speedMps,8.191691260112771
483,distanceM,3782.7518953173194
483,activeEnergyKcal,24.915443996175902
483,heartRateBpm,137.6875277675064
484,powerWatts,227.49652012280913
484,cadenceSpm,94.70538191536795
484,speedMps,8.070504044744432
484,distanceM,3790.8223993620636
484,activeEnergyKcal,24.97852954110898
484,heartRateBpm,140.29100740836137
485,powerWatts,230.30772505046042
485,cadenceSpm,93.30253075043916
485,speedMps,8.103610814638774
485,distanceM,3798.926010176702
485,activeEnergyKcal,25.041613981835557
485,heartRateBpm,141.935000043996
486,powerWatts,234.97868459634688
486,cadenceSpm,91.60563314492944
486,speedMps,8.158028715152357
486,distanceM,3807.0840388918546
486,activeEnergyKcal,25.104697318355633
486,heartRateBpm,141.2653681655766
487,powerWatts,244.60335015825453
487,cadenceSpm,94.50529392732427
487,speedMps,8.267925230856253
487,distanceM,3815.351964122711
487,activeEnergyKcal,25.16777955066921
487,heartRateBpm,142.57545991388517
488,powerWatts,232.32965867487968
488,cadenceSpm,92.05083183127327
488,speedMps,8.127256347084126
488,distanceM,3823.479220469795
488,activeEnergyKcal,25.230860678776285
488,heartRateBpm,140.90273896869934
489,powerWatts,243.4675516225138
489,cadenceSpm,92.07863041184865
489,speedMps,8.255108194632427
489,distanceM,3831.7343286644277
489,activeEnergyKcal,25.29394070267686
489,heartRateBpm,141.3223109195834
490,powerWatts,237.5452627622902
490,cadenceSpm,92.20134193475593
490,speedMps,8.187623519183969
490,distanceM,3839.9219521836117
490,activeEnergyKcal,25.35701962237093
490,heartRateBpm,140.13776707783293
491,powerWatts,225.46150786650736
491,cadenceSpm,93.78117215584527
491,speedMps,8.046367718860333
491,distanceM,3847.968319902472
491,activeEnergyKcal,25.4200974378585
491,heartRateBpm,140.84162134415652
492,powerWatts,241.53061031741814
492,cadenceSpm,94.05491325229335
492,speedMps,8.233158313934824
492,distanceM,3856.201478216407
492,activeEnergyKcal,25.483174149139572
492,heartRateBpm,143.42483087675734
493,powerWatts,246.3874584804402
493,cadenceSpm,92.68789995733508
493,speedMps,8.287978315582484
493,distanceM,3864.4894565319896
493,activeEnergyKcal,25.54624975621414
493,heartRateBpm,143.00687739816613
494,powerWatts,243.83368599505002
494,cadenceSpm,94.63076464879383
494,speedMps,8.259244221525273
494,distanceM,3872.748700753515
494,activeEnergyKcal,25.60932425908221
494,heartRateBpm,142.924833243162
495,powerWatts,227.13833637441743
495,cadenceSpm,92.67472934659187
495,speedMps,8.066266262961129
495,distanceM,3880.814967016476
495,activeEnergyKcal,25.67239765774378
495,heartRateBpm,144.31528002738435
496,powerWatts,251.37211643203636
496,cadenceSpm,92.55432018384546
496,speedMps,8.343496871589078
496,distanceM,3889.1584638880654
496,activeEnergyKcal,25.735469952198848
496,heartRateBpm,145.04437054082675
497,powerWatts,236.2455535531632
497,cadenceSpm,92.55119889742721
497,speedMps,8.172663567471234
497,distanceM,3897.3311274555367
497,activeEnergyKcal,25.798541142447412
497,heartRateBpm,147.59989343092255
498,powerWatts,237.71308280982612
498,cadenceSpm,93.41671777203263
498,speedMps,8.189551185378276
498,distanceM,3905.520678640915
498,activeEnergyKcal,25.861611228489476
498,heartRateBpm,149.73783508247368
499,powerWatts,245.5399060459389
499,cadenceSpm,92.33935550285388
499,speedMps,8.27846407835686
499,distanceM,3913.799142719272
499,activeEnergyKcal,25.92468021032504
499,heartRateBpm,150.69205993346247
500,powerWatts,233.4768680497447
500,cadenceSpm,93.40384340451442
500,speedMps,8.140611451201014
500,distanceM,3921.939754170473
500,activeEnergyKcal,25.987748087954103
500,heartRateBpm,150.6843803068332
501,powerWatts,238.8156883775625
501,cadenceSpm,90.68493065112982
501,speedMps,8.202193764385605
501,distanceM,3930.1419479348588
501,activeEnergyKcal,26.050814861376665
501,heartRateBpm,151.84885019350162
502,powerWatts,243.8179522274859
502,cadenceSpm,91.61017654155265
502,speedMps,8.259066570621593
502,distanceM,3938.4010145054804
502,activeEnergyKcal,26.113880530592727
502,heartRateBpm,153.23130271091657
503,powerWatts,256.04883159393074
503,cadenceSpm,93.40350420368908
503,speedMps,8.394922148563586
503,distanceM,3946.795936654044
503,activeEnergyKcal,26.17694509560229
503,heartRateBpm,154.81016534241914
504,powerWatts,235.4364130343812
504,cadenceSpm,92.75466963055716
504,speedMps,8.163322443114236
504,distanceM,3954.9592590971583
504,activeEnergyKcal,26.240008556405346
504,heartRateBpm,156.38985845285862
505,powerWatts,250.83091091588443
505,cadenceSpm,91.86424041211744
505,speedMps,8.33750470462147
505,distanceM,3963.29676380178
505,activeEnergyKcal,26.303070913001903
505,heartRateBpm,156.7228210870468
506,powerWatts,238.86813324811027
506,cadenceSpm,93.1985510618905
506,speedMps,8.202794131846728
506,distanceM,3971.4995579336264
506,activeEnergyKcal,26.36613216539196
506,heartRateBpm,157.26115218338273
507,powerWatts,231.49604885859895
507,cadenceSpm,91.40025416799594
507,speedMps,8.117524371322052
507,distanceM,3979.6170823049483
507,activeEnergyKcal,26.429192313575516
507,heartRateBpm,156.01240600301094
508,powerWatts,227.77074529923493
508,cadenceSpm,91.98609968253261
508,speedMps,8.07374548150533
508,distanceM,3987.6908277864536
508,activeEnergyKcal,26.492251357552572
508,heartRateBpm,155.12591911181028
509,powerWatts,237.50286059705775
509,cadenceSpm,94.47879265287024
509,speedMps,8.187136322736595
509,distanceM,3995.87796410919
509,activeEnergyKcal,26.555309297323127
509,heartRateBpm,155.83382967651127
510,powerWatts,241.72949116648965
510,cadenceSpm,94.4662233393242
510,speedMps,8.235417473125931
510,distanceM,4004.113381582316
510,activeEnergyKcal,26.618366132887182
510,heartRateBpm,154.9785422560433
511,powerWatts,241.36050597559753
511,cadenceSpm,93.78942671092344
511,speedMps,8.23122505327168
511,distanceM,4012.3446066355878
511,activeEnergyKcal,26.681421864244733
511,heartRateBpm,154.60455214475687
512,powerWatts,238.57390270408646
512,cadenceSpm,92.85853574054391
512,speedMps,8.199424763442877
512,distanceM,4020.5440313990307
512,activeEnergyKcal,26.744476491395783
512,heartRateBpm,153.6497537965304
513,powerWatts,231.384470997182
513,cadenceSpm,93.5205958393217
513,speedMps,8.11621998395394
513,distanceM,4028.660251382985
513,activeEnergyKcal,26.807530014340333
513,heartRateBpm,153.40850648754446
514,powerWatts,237.17269547170534
514,cadenceSpm,90.6119196412189
514,speedMps,8.183340774859243
514,distanceM,4036.843592157844
514,activeEnergyKcal,26.870582433078383
514,heartRateBpm,154.79836739359396
515,powerWatts,232.6325964840456
515,cadenceSpm,94.44135481629638
515,speedMps,8.130787226323086
515,distanceM,4044.974379384167
515,activeEnergyKcal,26.93363374760993
515,heartRateBpm,155.1231693558187
516,powerWatts,234.3109432211986
516,cadenceSpm,92.91580647904094
516,speedMps,8.15029379866814
516,distanceM,4053.124673182835
516,activeEnergyKcal,26.99668395793498
516,heartRateBpm,155.38917843108308
517,powerWatts,238.667583894082
517,cadenceSpm,91.33145897080752
517,speedMps,8.200497850008729
517,distanceM,4061.3251710328436
517,activeEnergyKcal,27.05973306405353
517,heartRateBpm,154.5243288350198
518,powerWatts,241.2168077947078
518,cadenceSpm,93.53459568610769
518,speedMps,8.229591194581804
518,distanceM,4069.5547622274253
518,activeEnergyKcal,27.122781065965576
518,heartRateBpm,152.8889864431595
519,powerWatts,242.6193926264791
519,cadenceSpm,91.94387027405166
519,speedMps,8.245511035502252
519,distanceM,4077.8002732629275
519,activeEnergyKcal,27.18582796367112
519,heartRateBpm,150.83434295795746
520,powerWatts,248.79652938257755
520,cadenceSpm,93.29810956167218
520,speedMps,8.314902852315186
520,distanceM,4086.115176115243
520,activeEnergyKcal,27.248873757170163
520,heartRateBpm,153.07683970821915
521,powerWatts,239.75081089553856
521,cadenceSpm,92.24308309554631
521,speedMps,8.212885505692737
521,distanceM,4094.3280616209354
521,activeEnergyKcal,27.311918446462705
521,heartRateBpm,153.83816066293494
522,powerWatts,246.75845166296673
522,cadenceSpm,93.54179248237777
522,speedMps,8.292136050849345
522,distanceM,4102.620197671785
522,activeEnergyKcal,27.374962031548748
522,heartRateBpm,155.33671077836277
523,powerWatts,239.8390068084039
523,cadenceSpm,92.41466813487872
523,speedMps,8.213892459718263
523,distanceM,4110.834090131503
523,activeEnergyKcal,27.43800451242829
523,heartRateBpm,155.811144669906
524,powerWatts,249.95473615959537
524,cadenceSpm,91.82372661220343
524,speedMps,8.327785496473652
524,distanceM,4119.161875627977
524,activeEnergyKcal,27.50104588910133
524,heartRateBpm,157.86666977540187
525,powerWatts,252.03331434263194
525,cadenceSpm,91.31913481096925
525,speedMps,8.350805919851187
525,distanceM,4127.512681547828
525,activeEnergyKcal,27.56408616156787
525,heartRateBpm,160.20357899610235
526,powerWatts,235.3078005434437
526,cadenceSpm,94.24912663515256
526,speedMps,8.161835705560998
526,distanceM,4135.674517253389
526,activeEnergyKcal,27.62712532982791
526,heartRateBpm,158.30342690191517
527,powerWatts,238.92612994034272
527,cadenceSpm,93.02379158526733
527,speedMps,8.203457951981779
527,distanceM,4143.877975205371
527,activeEnergyKcal,27.690163393881445
527,heartRateBpm,158.0243380400595
528,powerWatts,236.41159217661766
528,cadenceSpm,92.38687136739016
528,speedMps,8.174577762267916
528,distanceM,4152.052552967639
528,activeEnergyKcal,27.75320035372848
528,heartRateBpm,158.81324892710626
529,powerWatts,241.87237759409888
529,cadenceSpm,93.35735232647642
529,speedMps,8.237039806693813
529,distanceM,4160.289592774333
529,activeEnergyKcal,27.816236209369016
529,heartRateBpm,157.9997186068248
530,powerWatts,247.33784600091425
530,cadenceSpm,93.2410761584306
530,speedMps,8.298621017895778
530,distanceM,4168.588213792229
530,activeEnergyKcal,27.87927096080305
530,heartRateBpm,157.66661200162756
531,powerWatts,247.7612703372189
531,cadenceSpm,92.2059998611762
531,speedMps,8.303353862617572
531,distanceM,4176.891567654847
531,activeEnergyKcal,27.942304608030586
531,heartRateBpm,156.1818455539543
532,powerWatts,232.21787851296307
532,cadenceSpm,93.24003012800102
532,speedMps,8.125952722785051
532,distanceM,4185.017520377632
532,activeEnergyKcal,28.00533715105162
532,heartRateBpm,154.36445175127704
533,powerWatts,230.6425980058159
533,cadenceSpm,91.65110846715028
533,speedMps,8.107536527380125
533,distanceM,4193.125056905012
533,activeEnergyKcal,28.06836858986615
533,heartRateBpm,154.1601301665848
534,powerWatts,247.6183433108929
534,cadenceSpm,93.5193224755709
534,speedMps,8.30175689260696
534,distanceM,4201.426813797619
534,activeEnergyKcal,28.13139892447418
534,heartRateBpm,153.58364378077658
535,powerWatts,236.54869053740288
535,cadenceSpm,93.76016875103417
535,speedMps,8.176157640578422
535,distanceM,4209.6029714381975
535,activeEnergyKcal,28.19442815487571
535,heartRateBpm,153.47517614845924
536,powerWatts,228.90530609304034
536,cadenceSpm,95.38099645744408
536,speedMps,8.087128803470975
536,distanceM,4217.690100241669
536,activeEnergyKcal,28.257456281070738
536,heartRateBpm,154.95753335639503
537,powerWatts,231.83878498873884
537,cadenceSpm,90.61928162162418
537,speedMps,8.121528467008883
537,distanceM,4225.811628708678
537,activeEnergyKcal,28.320483303059266
537,heartRateBpm,155.44566826217167
538,powerWatts,233.17370028380424
538,cadenceSpm,91.34480513193837
538,speedMps,8.137086419660513
538,distanceM,4233.948715128338
538,activeEnergyKcal,28.383509220841294
538,heartRateBpm,157.2668125222702
539,powerWatts,222.86324604899644
539,cadenceSpm,92.13492390107538
539,speedMps,8.015338921061211
539,distanceM,4241.964054049399
539,activeEnergyKcal,28.44653403441682
539,heartRateBpm,155.72904801310239
540,powerWatts,245.44089182447252
540,cadenceSpm,95.01169710642111
540,speedMps,8.277351162343537
540,distanceM,4250.241405211743
540,activeEnergyKcal,28.509557743785845
540,heartRateBpm,155.84368618387253
541,powerWatts,258.2190240172729
541,cadenceSpm,92.85641428218038
541,speedMps,8.418573061247056
541,distanceM,4258.65997827299
541,activeEnergyKcal,28.572580348948367
541,heartRateBpm,158.16229508573113
542,powerWatts,236.1985486745597
542,cadenceSpm,93.30885661767971
542,speedMps,8.17212150359765
542,distanceM,4266.832099776588
542,activeEnergyKcal,28.63560184990439
542,heartRateBpm,158.25400864395627
543,powerWatts,241.14310520728932
543,cadenceSpm,92.31475132437338
543,speedMps,8.228752939078
543,distanceM,4275.0608527156655
543,activeEnergyKcal,28.698622246653912
543,heartRateBpm,157.67200104533063
544,powerWatts,231.6568463881698
544,cadenceSpm,93.2321480105629
544,speedMps,8.119403418174189
544,distanceM,4283.18025613384
544,activeEnergyKcal,28.761641539196933
544,heartRateBpm,158.21071373590618
545,powerWatts,237.806010941414
545,cadenceSpm,90.24819717568575
545,speedMps,8.190618214774625
545,distanceM,4291.370874348615
545,activeEnergyKcal,28.824659727533454
545,heartRateBpm,157.44890343097785
546,powerWatts,244.92057299502278
546,cadenceSpm,93.4808787299456
546,speedMps,8.271497874344211
546,distanceM,4299.642372222959
546,activeEnergyKcal,28.887676811663475
546,heartRateBpm,156.80210587000087
547,powerWatts,230.05723859754477
547,cadenceSpm,92.95739079682325
547,speedMps,8.100671875630463
547,distanceM,4307.74304409859
547,activeEnergyKcal,28.95069279158699
547,heartRateBpm,157.3546123832315
548,powerWatts,254.43032914409588
548,cadenceSpm,93.61303520202641
548,speedMps,8.37719645214224
548,distanceM,4316.120240550732
548,activeEnergyKcal,29.013707667304008
548,heartRateBpm,160.48808548418128
549,powerWatts,245.66190526858
549,cadenceSpm,92.6806439126406
549,speedMps,8.279834933538377
549,distanceM,4324.40007548427
549,activeEnergyKcal,29.076721438814523
549,heartRateBpm,160.5724708368725
550,powerWatts,240.45893405712602
550,cadenceSpm,91.84462972294757
550,speedMps,8.22096336239152
550,distanceM,4332.621038846662
550,activeEnergyKcal,29.13973410611854
550,heartRateBpm,161.38528835224534
551,powerWatts,244.5391982003147
551,cadenceSpm,92.46443947739974
551,speedMps,8.26720235990674
551,distanceM,4340.888241206569
551,activeEnergyKcal,29.202745669216053
551,heartRateBpm,160.16727036472022
552,powerWatts,259.27900680958663
552,cadenceSpm,93.02813011061531
552,speedMps,8.430076680544198
552,distanceM,4349.318317887113
552,activeEnergyKcal,29.265756128107068
552,heartRateBpm,159.97142053899486
553,powerWatts,226.28428365232887
553,cadenceSpm,92.50483554771958
553,speedMps,8.056143695935434
553,distanceM,4357.374461583048
553,activeEnergyKcal,29.32876548279158
553,heartRateBpm,160.64017884933247
554,powerWatts,247.70780161432137
554,cadenceSpm,92.4711615231373
554,speedMps,8.302756511159927
554,distanceM,4365.677218094208
554,activeEnergyKcal,29.39177373326959
554,heartRateBpm,161.0008739327697
555,powerWatts,245.37908656140448
555,cadenceSpm,91.44702590987731
555,speedMps,8.27665632184719
555,distanceM,4373.953874416055
555,activeEnergyKcal,29.4547808795411
555,heartRateBpm,161.6798386875219
556,powerWatts,238.5701087803575
556,cadenceSpm,95.77233528537369
556,speedMps,8.199381299402706
556,distanceM,4382.153255715458
556,activeEnergyKcal,29.51778692160611
556,heartRateBpm,160.96110608214516
557,powerWatts,236.26322602147317
557,cadenceSpm,91.84961328693285
557,speedMps,8.17286734913607
557,distanceM,4390.326123064594
557,activeEnergyKcal,29.580791859464618
557,heartRateBpm,161.17028823354707
558,powerWatts,254.60423386340324
558,cadenceSpm,92.21050875963242
558,speedMps,8.379104639490413
558,distanceM,4398.705227704085
558,activeEnergyKcal,29.643795693116626
558,heartRateBpm,161.71093739417455
559,powerWatts,250.81920055346959
559,cadenceSpm,93.6966461730082
559,speedMps,8.337374953572823
559,distanceM,4407.042602657658
559,activeEnergyKcal,29.706798422562134
559,heartRateBpm,163.23262993587144
560,powerWatts,242.71943781417673
560,cadenceSpm,94.22684603513459
560,speedMps,8.246644237495797
560,distanceM,4415.289246895154
560,activeEnergyKcal,29.76980004780114
560,heartRateBpm,164.40572512411654
561,powerWatts,229.8828633021847
561,cadenceSpm,93.64080915704227
561,speedMps,8.09862468352091
561,distanceM,4423.387871578675
561,activeEnergyKcal,29.832800568833644
561,heartRateBpm,162.07865741957298
562,powerWatts,237.95488259702404
562,cadenceSpm,93.72726978354225
562,speedMps,8.192327025709979
562,distanceM,4431.580198604385
562,activeEnergyKcal,29.895799985659647
562,heartRateBpm,163.33555104132674
563,powerWatts,232.24292535092727
563,cadenceSpm,91.996567603458
563,speedMps,8.126244865241071
563,distanceM,4439.706443469627
563,activeEnergyKcal,29.95879829827915
563,heartRateBpm,164.02355719736553
564,powerWatts,236.8897482044676
564,cadenceSpm,93.69493985780782
564,speedMps,8.180085235268992
564,distanceM,4447.886528704896
564,activeEnergyKcal,30.02179550669215
564,heartRateBpm,167.32297732377288
565,powerWatts,232.72369830280223
565,cadenceSpm,92.8944588938337
565,speedMps,8.131848460279553
565,distanceM,4456.0183771651755
565,activeEnergyKcal,30.08479161089865
565,heartRateBpm,167.11660438584747
566,powerWatts,235.234216365269
566,cadenceSpm,92.68704902278834
566,speedMps,8.160984841875418
566,distanceM,4464.179362007051
566,activeEnergyKcal,30.147786610898653
566,heartRateBpm,167.05447628031354
567,powerWatts,239.93730163882745
567,cadenceSpm,94.6257068478555
567,speedMps,8.215014424689507
567,distanceM,4472.394376431741
567,activeEnergyKcal,30.210780506692153
567,heartRateBpm,168.01095394323858
568,powerWatts,246.070325256953
568,cadenceSpm,92.41897075265794
568,speedMps,8.284420881018212
568,distanceM,4480.678797312759
568,activeEnergyKcal,30.27377329827915
568,heartRateBpm,168.78943282394124
569,powerWatts,237.75702805516735
569,cadenceSpm,92.3876690138079
569,speedMps,8.190055812857132
569,distanceM,4488.868853125617
569,activeEnergyKcal,30.336764985659645
569,heartRateBpm,166.56518669656563
570,powerWatts,249.8679341100001
570,cadenceSpm,92.2459475511422
570,speedMps,8.326821385192165
570,distanceM,4497.195674510809
570,activeEnergyKcal,30.39975556883364
570,heartRateBpm,167.35271882705493
571,powerWatts,235.150631500578
571,cadenceSpm,92.94781883357712
571,speedMps,8.160018123635064
571,distanceM,4505.3556926344445
571,activeEnergyKcal,30.462745047801135
571,heartRateBpm,168.18665415499646
572,powerWatts,255.1880676699341
572,cadenceSpm,93.62373472321646
572,speedMps,8.38550446763234
572,distanceM,4513.7411971020765
572,activeEnergyKcal,30.52573342256213
572,heartRateBpm,167.57829172190742
573,powerWatts,238.064950377043
573,cadenceSpm,93.13680303293286
573,speedMps,8.193589971362716
573,distanceM,4521.934787073439
573,activeEnergyKcal,30.588720693116624
573,heartRateBpm,169.2985924804633
574,powerWatts,242.94511497604285
574,cadenceSpm,94.48008047273751
574,speedMps,8.24919931752162
574,distanceM,4530.183986390961
574,activeEnergyKcal,30.651706859464618
574,heartRateBpm,169.79538122642086
575,powerWatts,232.1165488774882
575,cadenceSpm,90.80877604158586
575,speedMps,8.124770615092743
575,distanceM,4538.308757006053
575,activeEnergyKcal,30.71469192160611
575,heartRateBpm,168.69351139999728
576,powerWatts,246.82515423235327
576,cadenceSpm,92.31713388395151
576,speedMps,8.292883147110649
576,distanceM,4546.601640153164
576,activeEnergyKcal,30.7776758795411
576,heartRateBpm,168.25033556927605
577,powerWatts,249.14942581524065
577,cadenceSpm,93.44844176848902
577,speedMps,8.318832319369617
577,distanceM,4554.920472472534
577,activeEnergyKcal,30.84065873326959
577,heartRateBpm,168.44147748799978
578,powerWatts,257.9023699416692
578,cadenceSpm,93.00444973876873
578,speedMps,8.415130420638377
578,distanceM,4563.335602893172
578,activeEnergyKcal,30.903640482791577
578,heartRateBpm,167.46375256007502
579,powerWatts,241.26481640244063
579,cadenceSpm,93.8787789374356
579,speedMps,8.230137128080008
579,distanceM,4571.565740021252
579,activeEnergyKcal,30.966621128107064
579,heartRateBpm,165.96685418904858
580,powerWatts,237.67507395608223
580,cadenceSpm,94.45763220757411
580,speedMps,8.189114675894702
580,distanceM,4579.754854697147
580,activeEnergyKcal,31.02960066921605
580,heartRateBpm,167.37806524500454
581,powerWatts,251.50600680493434
581,cadenceSpm,95.18833712554945
581,speedMps,8.344977963502775
581,distanceM,4588.09983266065
581,activeEnergyKcal,31.09257910611854
581,heartRateBpm,168.88138882180198
582,powerWatts,235.3157488630908
582,cadenceSpm,94.50544813903666
582,speedMps,8.161927602427605
582,distanceM,4596.261760263077
582,activeEnergyKcal,31.155556438814525
582,heartRateBpm,167.5451597731073
583,powerWatts,231.34820594806328
583,cadenceSpm,93.26579987134598
583,speedMps,8.11579594153144
583,distanceM,4604.3775562046085
583,activeEnergyKcal,31.218532667304007
583,heartRateBpm,168.17311249576701
584,powerWatts,249.41923105875478
584,cadenceSpm,92.8144782821023
584,speedMps,8.321834072070848
584,distanceM,4612.699390276679
584,activeEnergyKcal,31.28150779158699
584,heartRateBpm,168.5474022511808
585,powerWatts,234.22904700616425
585,cadenceSpm,92.11201772221203
585,speedMps,8.1493441261447
585,distanceM,4620.8487344028235
585,activeEnergyKcal,31.34448181166347
585,heartRateBpm,169.30953038851186
586,powerWatts,234.48719418813798
586,cadenceSpm,90.9406167669485
586,speedMps,8.152336863197668
586,distanceM,4629.001071266021
586,activeEnergyKcal,31.40745472753345
586,heartRateBpm,169.62032762418545
587,powerWatts,234.76246702791622
587,cadenceSpm,92.83279951934925
587,speedMps,8.155525721548328
587,distanceM,4637.15659698757
587,activeEnergyKcal,31.470426539196932
587,heartRateBpm,170.2821783225497
588,powerWatts,250.98552461227763
588,cadenceSpm,93.85028605609524
588,speedMps,8.33921744892786
588,distanceM,4645.495814436498
588,activeEnergyKcal,31.533397246653912
588,heartRateBpm,170.19933873403198
589,powerWatts,249.66843003189823
589,cadenceSpm,93.68554457513197
589,speedMps,8.324604644633903
589,distanceM,4653.820419081132
589,activeEnergyKcal,31.596366849904392
589,heartRateBpm,170.39076206539968
590,powerWatts,233.19893325408628
590,cadenceSpm,92.47749158736944
590,speedMps,8.13737992825324
590,distanceM,4661.957799009385
590,activeEnergyKcal,31.659335348948368
590,heartRateBpm,172.23627247657498
591,powerWatts,234.31189129696088
591,cadenceSpm,94.19921614217645
591,speedMps,8.150304791305357
591,distanceM,4670.1081038006905
591,activeEnergyKcal,31.722302743785843
591,heartRateBpm,170.4996519185704
592,powerWatts,229.23671823854377
592,cadenceSpm,93.3963199218399
592,speedMps,8.091029805635873
592,distanceM,4678.1991336063265
592,activeEnergyKcal,31.785269034416817
592,heartRateBpm,173.0792171915388
593,powerWatts,247.41357196955076
593,cadenceSpm,93.27824803331738
593,speedMps,8.299467844753137
593,distanceM,4686.49860145108
593,activeEnergyKcal,31.84823422084129
593,heartRateBpm,171.92422156010275
594,powerWatts,242.27578636843072
594,cadenceSpm,93.50810376968134
594,speedMps,8.241616667300493
594,distanceM,4694.74021811838
594,activeEnergyKcal,31.911198303059265
594,heartRateBpm,174.577009821223
595,powerWatts,237.86676908844638
595,cadenceSpm,92.68569237099574
595,speedMps,8.19131570823131
595,distanceM,4702.9315338266115
595,activeEnergyKcal,31.97416128107074
595,heartRateBpm,174.75341205351233
596,powerWatts,226.48790471546477
596,cadenceSpm,93.6990808145121
596,speedMps,8.058559401712568
596,distanceM,4710.990093228324
596,activeEnergyKcal,32.03712315487571
596,heartRateBpm,176.26513646686146
597,powerWatts,244.214179445322
597,cadenceSpm,92.04678718658967
597,speedMps,8.263538070564682
597,distanceM,4719.25363129889
597,activeEnergyKcal,32.10008392447418
597,heartRateBpm,175.49651745637703
598,powerWatts,232.62255083609762
598,cadenceSpm,93.48667592637861
598,speedMps,8.130670188838545
598,distanceM,4727.384301487728
598,activeEnergyKcal,32.16304358986615
598,heartRateBpm,174.26841421442572
599,powerWatts,237.44562906626172
599,cadenceSpm,92.47431489167204
599,speedMps,8.186478646466588
599,distanceM,4735.570780134195
599,activeEnergyKcal,32.22600215105162
599,heartRateBpm,174.31293654649733
600,powerWatts,238.8285236321505
600,cadenceSpm,93.7174637971724
600,speedMps,8.202340705261308
600,distanceM,4743.773120839456
600,activeEnergyKcal,32.28895960803058
600,heartRateBpm,174.98515974219922
601,powerWatts,243.41609949831528
601,cadenceSpm,93.1665168363492
601,speedMps,8.254526634895258
601,distanceM,4752.027647474351
601,activeEnergyKcal,32.35191596080305
601,heartRateBpm,176.54467052605023
602,powerWatts,245.98518222968963
602,cadenceSpm,92.67307643961152
602,speedMps,8.283465270676585
602,distanceM,4760.311112745028
602,activeEnergyKcal,32.41487120936901
602,heartRateBpm,175.61502480571716
603,powerWatts,240.93330441514064
603,cadenceSpm,91.09152170890562
603,speedMps,8.226365836757772
603,distanceM,4768.537478581786
603,activeEnergyKcal,32.47782535372848
603,heartRateBpm,176.4473321086917
604,powerWatts,238.06385527922401
604,cadenceSpm,92.28866646110608
604,speedMps,8.19357740784976
604,distanceM,4776.731055989636
604,activeEnergyKcal,32.54077839388144
604,heartRateBpm,176.42222659851225
605,powerWatts,242.76504355010732
605,cadenceSpm,92.97059267977866
605,speedMps,8.247160705851002
605,distanceM,4784.9782166954865
605,activeEnergyKcal,32.603730329827904
605,heartRateBpm,176.0291928596865
606,powerWatts,253.68435263061244
606,cadenceSpm,92.20016889346799
606,speedMps,8.369001269298392
606,distanceM,4793.347217964785
606,activeEnergyKcal,32.666681161567865
606,heartRateBpm,173.99851158651876
607,powerWatts,237.56142358450114
607,cadenceSpm,92.76452807458719
607,speedMps,8.187809190082975
607,distanceM,4801.535027154868
607,activeEnergyKcal,32.72963088910133
607,heartRateBpm,174.2559555436892
608,powerWatts,229.68398320027856
608,cadenceSpm,90.73418306506863
608,speedMps,8.09628853721638
608,distanceM,4809.631315692084
608,activeEnergyKcal,32.79257951242829
608,heartRateBpm,173.84883422870237
609,powerWatts,233.84747357502602
609,cadenceSpm,92.15590846931146
609,speedMps,8.144916461100642
609,distanceM,4817.7762321531845
609,activeEnergyKcal,32.855527031548746
609,heartRateBpm,172.39593632812276
610,powerWatts,250.68177934816964
610,cadenceSpm,91.72046094306005
610,speedMps,8.335852022019992
610,distanceM,4826.1120841752045
610,activeEnergyKcal,32.918473446462706
610,heartRateBpm,173.0411829748884
611,powerWatts,245.73553089858606
611,cadenceSpm,91.76194617453896
611,speedMps,8.280662014932116
611,distanceM,4834.392746190137
611,activeEnergyKcal,32.98141875717016
611,heartRateBpm,174.33291611497313
612,powerWatts,242.6760930727496
612,cadenceSpm,93.17402984962837
612,speedMps,8.24615331411374
612,distanceM,4842.638899504251
612,activeEnergyKcal,33.04436296367112
612,heartRateBpm,173.66085626743632
613,powerWatts,236.2020554948109
613,cadenceSpm,94.5065882799819
613,speedMps,8.172161947000763
613,distanceM,4850.811061451252
613,activeEnergyKcal,33.107306065965574
613,heartRateBpm,172.99038137317717
614,powerWatts,239.5710643510394
614,cadenceSpm,92.1851589992489
614,speedMps,8.210832531243884
614,distanceM,4859.021893982495
614,activeEnergyKcal,33.17024806405353
614,heartRateBpm,172.10997095072491
615,powerWatts,233.52005336226372
615,cadenceSpm,91.08073253681533
615,speedMps,8.141113332721487
615,distanceM,4867.163007315216
615,activeEnergyKcal,33.233188957934985
615,heartRateBpm,171.24019385113561
616,powerWatts,250.21724902970857
616,cadenceSpm,92.2311326930411
616,speedMps,8.330699872123272
616,distanceM,4875.49370718734
616,activeEnergyKcal,33.296128747609934
616,heartRateBpm,169.58838656553337
617,powerWatts,243.2997167432642
617,cadenceSpm,92.9115863056897
617,speedMps,8.253210866406064
617,distanceM,4883.746918053746
617,activeEnergyKcal,33.35906743307839
617,heartRateBpm,170.14821920371605
618,powerWatts,227.30413467391378
618,cadenceSpm,93.30546391673545
618,speedMps,8.068228426901005
618,distanceM,4891.815146480648
618,activeEnergyKcal,33.422005014340336
618,heartRateBpm,169.10891188961952
619,powerWatts,231.17976020971
619,cadenceSpm,95.97735471606947
619,speedMps,8.113825746634468
619,distanceM,4899.928972227282
619,activeEnergyKcal,33.48494149139579
619,heartRateBpm,166.5773693711573
620,powerWatts,243.08110645194697
620,cadenceSpm,94.66391878293389
620,speedMps,8.250738226886392
620,distanceM,4908.179710454169
620,activeEnergyKcal,33.547876864244735
620,heartRateBpm,166.49685192236387
621,powerWatts,247.56526261165712
621,cadenceSpm,92.07556094232088
621,speedMps,8.301163648253333
621,distanceM,4916.480874102423
621,activeEnergyKcal,33.610811132887186
621,heartRateBpm,168.49857267814198
622,powerWatts,240.84017306205592
622,cadenceSpm,94.28144086449296
622,speedMps,8.225305749030598
622,distanceM,4924.706179851453
622,activeEnergyKcal,33.67374429732313
622,heartRateBpm,169.17951769843353
623,powerWatts,234.47343933136918
623,cadenceSpm,92.24041153798483
623,speedMps,8.15217745659849
623,distanceM,4932.858357308051
623,activeEnergyKcal,33.736676357552575
623,heartRateBpm,171.6412904304228
624,powerWatts,245.68047142969147
624,cadenceSpm,91.69265262363552
624,speedMps,8.280043514076073
624,distanceM,4941.138400822128
624,activeEnergyKcal,33.79960731357552
624,heartRateBpm,172.36282258203022
625,powerWatts,250.24901314932058
625,cadenceSpm,92.96219611852676
625,speedMps,8.331052374001299
625,distanceM,4949.469453196129
625,activeEnergyKcal,33.86253716539196
625,heartRateBpm,172.7660422224884
626,powerWatts,229.77784090274213
626,cadenceSpm,95.49173608258803
626,speedMps,8.097391205246756
626,distanceM,4957.566844401375
626,activeEnergyKcal,33.92546591300191
626,heartRateBpm,173.53505414431433
627,powerWatts,235.50901137136876
627,cadenceSpm,95.662283273612
627,speedMps,8.16416142793296
627,distanceM,4965.731005829309
627,activeEnergyKcal,33.98839355640535
627,heartRateBpm,174.67964197374906
628,powerWatts,245.62342184023657
628,cadenceSpm,93.55126244063767
628,speedMps,8.279402560064483
628,distanceM,4974.010408389373
628,activeEnergyKcal,34.05132009560229
628,heartRateBpm,173.43810171412693
629,powerWatts,245.28147657072705
629,cadenceSpm,92.55461699883188
629,speedMps,8.275558712015675
629,distanceM,4982.285967101388
629,activeEnergyKcal,34.11424553059273
629,heartRateBpm,172.78602885671384
630,powerWatts,236.53664897720154
630,cadenceSpm,92.86921473149064
630,speedMps,8.176018901890178
630,distanceM,4990.461986003279
630,activeEnergyKcal,34.17716986137667
630,heartRateBpm,172.3473269505024
631,powerWatts,237.25388948760676
631,cadenceSpm,93.91985109453036
631,speedMps,8.184274500236768
631,distanceM,4998.646260503516
631,activeEnergyKcal,34.24009308795411
631,heartRateBpm,174.89146987273062
632,powerWatts,247.36903501943254
632,cadenceSpm,93.38969989486796
632,speedMps,8.298969818763815
632,distanceM,5006.94523032228
632,activeEnergyKcal,34.30301521032504
632,heartRateBpm,174.30351629076574
633,powerWatts,240.83100287426157
633,cadenceSpm,90.69134584200543
633,speedMps,8.225201352610394
633,distanceM,5015.17043167489
633,activeEnergyKcal,34.36593622848948
633,heartRateBpm,174.17096158661926
634,powerWatts,231.66435562482317
634,cadenceSpm,93.93966112948111
634,speedMps,8.119491148314582
634,distanceM,5023.2899228232045
634,activeEnergyKcal,34.428856142447415
634,heartRateBpm,172.2429758115898
635,powerWatts,239.94530744431668
635,cadenceSpm,91.71581503137698
635,speedMps,8.215105791719788
635,distanceM,5031.505028614924
635,activeEnergyKcal,34.49177495219885
635,heartRateBpm,172.4148430376697
636,powerWatts,240.82248075614498
636,cadenceSpm,94.53647593718566
636,speedMps,8.225104331651778
636,distanceM,5039.730132946576
636,activeEnergyKcal,34.554692657743786
636,heartRateBpm,173.74404501708696
637,powerWatts,246.3287455483805
637,cadenceSpm,90.91576003500857
637,speedMps,8.287319934986519
637,distanceM,5048.017452881563
637,activeEnergyKcal,34.617609259082215
637,heartRateBpm,173.1462211889683
638,powerWatts,245.29167333003986
638,cadenceSpm,91.64443642767826
638,speedMps,8.27567338667741
638,distanceM,5056.2931262682405
638,activeEnergyKcal,34.68052475621415
638,heartRateBpm,171.22701658494466
639,powerWatts,243.6258374629639
639,cadenceSpm,94.27881418983938
639,speedMps,8.256896774758562
639,distanceM,5064.550023042999
639,activeEnergyKcal,34.743439149139576
639,heartRateBpm,172.32702331423565
640,powerWatts,222.41407081729855
640,cadenceSpm,92.2629442869886
640,speedMps,8.009950395050394
640,distanceM,5072.559973438049
640,activeEnergyKcal,34.80635243785851
640,heartRateBpm,173.7287781997034
641,powerWatts,240.48976461859894
641,cadenceSpm,93.1186485669912
641,speedMps,8.221314699007769
641,distanceM,5080.781288137057
641,activeEnergyKcal,34.869264622370935
641,heartRateBpm,173.94529213429746
642,powerWatts,251.0942360485857
642,cadenceSpm,92.0018806513674
642,speedMps,8.340421286545766
642,distanceM,5089.1217094236035
642,activeEnergyKcal,34.932175702676865
642,heartRateBpm,175.7296340105842
643,powerWatts,244.3551904522512
643,cadenceSpm,95.49317445023999
643,speedMps,8.265128239795331
643,distanceM,5097.386837663399
643,activeEnergyKcal,34.99508567877629
643,heartRateBpm,173.4733494404875
644,powerWatts,234.7870065319353
644,cadenceSpm,93.99589804031903
644,speedMps,8.155809874840145
644,distanceM,5105.542647538239
644,activeEnergyKcal,35.057994550669214
644,heartRateBpm,174.51351269437404
645,powerWatts,241.68389098200947
645,cadenceSpm,91.7982542575585
645,speedMps,8.234899593724705
645,distanceM,5113.777547131964
645,activeEnergyKcal,35.12090231835564
645,heartRateBpm,175.77051625975446
646,powerWatts,233.6333300393484
646,cadenceSpm,95.30101206596787
646,speedMps,8.142429492623918
646,distanceM,5121.919976624587
646,activeEnergyKcal,35.18380898183556
646,heartRateBpm,175.1807837105458
647,powerWatts,235.79953521226116
647,cadenceSpm,92.40126125405786
647,speedMps,8.167517150744466
647,distanceM,5130.0874937753315
647,activeEnergyKcal,35.246714541108986
647,heartRateBpm,174.18351823342917
648,powerWatts,232.73745319113067
648,cadenceSpm,94.57878410566084
648,speedMps,8.13200866522748
648,distanceM,5138.219502440559
648,activeEnergyKcal,35.30961899617591
648,heartRateBpm,173.6724677543724
649,powerWatts,244.65731802013065
649,cadenceSpm,91.40498961638389
649,speedMps,8.268533248468946
649,distanceM,5146.488035689028
649,activeEnergyKcal,35.37252234703633
649,heartRateBpm,173.83003373861857
650,powerWatts,232.89324869262674
650,cadenceSpm,89.87214708236408
650,speedMps,8.133822794925393
650,distanceM,5154.6218584839535
650,activeEnergyKcal,35.43542459369025
650,heartRateBpm,173.51246986338936
651,powerWatts,254.374069948468
651,cadenceSpm,94.13396358167799
651,speedMps,8.376578956215646
651,distanceM,5162.998437440169
651,activeEnergyKcal,35.498325736137666
651,heartRateBpm,176.3520005097453
652,powerWatts,257.0106011797397
652,cadenceSpm,92.92349237157829
652,speedMps,8.405420006386292
652,distanceM,5171.403857446556
652,activeEnergyKcal,35.561225774378585
652,heartRateBpm,175.2379363171972
653,powerWatts,240.51548002087054
653,cadenceSpm,94.77630658788001
653,speedMps,8.22160772170668
653,distanceM,5179.625465168262
653,activeEnergyKcal,35.624124708413
653,heartRateBpm,174.33172374601287
654,powerWatts,243.8937247199281
654,cadenceSpm,92.2791171230425
654,speedMps,8.25992205212066
654,distanceM,5187.885387220383
654,activeEnergyKcal,35.68702253824092
654,heartRateBpm,175.53935165194713
655,powerWatts,234.55234800392952
655,cadenceSpm,93.39416229102457
655,speedMps,8.153091853491318
655,distanceM,5196.0384790738735
655,activeEnergyKcal,35.74991926386233
655,heartRateBpm,171.75149048372253
656,powerWatts,227.78292561149829
656,cadenceSpm,94.26285935123482
656,speedMps,8.07388939666303
656,distanceM,5204.112368470536
656,activeEnergyKcal,35.81281488527725
656,heartRateBpm,170.26344921355354
657,powerWatts,234.50976746695906
657,cadenceSpm,93.73104934434959
657,speedMps,8.152598453983549
657,distanceM,5212.26496692452
657,activeEnergyKcal,35.87570940248566
657,heartRateBpm,169.5912508645026
658,powerWatts,253.36206872967603
658,cadenceSpm,94.39711149241721
658,speedMps,8.365455738092054
658,distanceM,5220.630422662613
658,activeEnergyKcal,35.93860281548757
658,heartRateBpm,167.9607057234873
659,powerWatts,253.82905843815544
659,cadenceSpm,92.44673992231436
659,speedMps,8.37059223970573
659,distanceM,5229.001014902318
659,activeEnergyKcal,36.00149512428298
659,heartRateBpm,168.1781508448478
660,powerWatts,237.31135708472863
660,cadenceSpm,92.78010012430728
660,speedMps,8.184935244754486
660,distanceM,5237.185950147073
660,activeEnergyKcal,36.06438632887189
660,heartRateBpm,169.09700803489343
661,powerWatts,234.7377720884229
661,cadenceSpm,92.1803794867037
661,speedMps,8.155239748412683
661,distanceM,5245.3411898954855
661,activeEnergyKcal,36.1272764292543
661,heartRateBpm,169.56714577238498
662,powerWatts,240.11698188682138
662,cadenceSpm,91.0291998329502
662,speedMps,8.217064554053232
662,distanceM,5253.558254449539
662,activeEnergyKcal,36.19016542543021
662,heartRateBpm,169.79744323122193
663,powerWatts,241.97233540101934
663,cadenceSpm,92.86581447616695
663,speedMps,8.238174348591315
663,distanceM,5261.79642879813
663,activeEnergyKcal,36.25305331739962
663,heartRateBpm,170.88716298137825
664,powerWatts,242.83632306790832
664,cadenceSpm,93.79929588368567
664,speedMps,8.247967790903095
664,distanceM,5270.044396589034
664,activeEnergyKcal,36.315940105162525
664,heartRateBpm,171.63500611634586
665,powerWatts,235.3414920348281
665,cadenceSpm,93.40618708823966
665,speedMps,8.162225225576378
665,distanceM,5278.20662181461
665,activeEnergyKcal,36.37882578871893
665,heartRateBpm,171.12641016240508
666,powerWatts,236.46762094147763
666,cadenceSpm,93.56910909915725
666,speedMps,8.175223493882873
666,distanceM,5286.381845308493
666,activeEnergyKcal,36.44171036806883
666,heartRateBpm,173.15068331552237
667,powerWatts,240.88197633422894
667,cadenceSpm,93.56024474687672
667,speedMps,8.22578161759586
667,distanceM,5294.607626926089
667,activeEnergyKcal,36.504593843212234
667,heartRateBpm,170.64323021067938
668,powerWatts,241.61562134227395
668,cadenceSpm,94.3606907201177
668,speedMps,8.234124136480746
668,distanceM,5302.84175106257
668,activeEnergyKcal,36.56747621414914
668,heartRateBpm,170.3768573229319
669,powerWatts,246.38873228935134
669,cadenceSpm,91.50239683834074
669,speedMps,8.287992598347396
669,distanceM,5311.1297436609175
669,activeEnergyKcal,36.63035748087954
669,heartRateBpm,171.36565094884511
670,powerWatts,245.1118524548079
670,cadenceSpm,93.46960670428521
670,speedMps,8.27365062114544
670,distanceM,5319.403394282063
670,activeEnergyKcal,36.69323764340344
670,heartRateBpm,172.34192041698256
671,powerWatts,228.8505337637111
671,cadenceSpm,91.53883749278128
671,speedMps,8.08648372418166
671,distanceM,5327.489878006245
671,activeEnergyKcal,36.75611670172084
671,heartRateBpm,172.69305796438627
672,powerWatts,232.68350265073906
672,cadenceSpm,91.92496014753733
672,speedMps,8.131380260186402
672,distanceM,5335.621258266431
672,activeEnergyKcal,36.81899465583174
672,heartRateBpm,172.73816424784326
673,powerWatts,247.54416344421514
673,cadenceSpm,94.2846178471587
673,speedMps,8.300927814658163
673,distanceM,5343.922186081089
673,activeEnergyKcal,36.881871505736136
673,heartRateBpm,174.77018807099878
674,powerWatts,235.95525513419153
674,cadenceSpm,93.18827969758169
674,speedMps,8.16931467374475
674,distanceM,5352.091500754834
674,activeEnergyKcal,36.94474725143403
674,heartRateBpm,174.00319406469995
675,powerWatts,245.52492080970836
675,cadenceSpm,91.01387113432148
675,speedMps,8.278295664098394
675,distanceM,5360.369796418932
675,activeEnergyKcal,37.00762189292543
675,heartRateBpm,174.14774242455437
676,powerWatts,229.94276805924315
676,cadenceSpm,95.28137650752485
676,speedMps,8.099328091047955
676,distanceM,5368.46912450998
676,activeEnergyKcal,37.07049543021032
676,heartRateBpm,174.122166659617
677,powerWatts,239.28787228854267
677,cadenceSpm,93.93481334477498
677,speedMps,8.207595969801513
677,distanceM,5376.676720479782
677,activeEnergyKcal,37.13336786328872
677,heartRateBpm,173.74914091312354
678,powerWatts,243.56063098237516
678,cadenceSpm,92.97617737104349
678,speedMps,8.256160055935178
678,distanceM,5384.932880535716
678,activeEnergyKcal,37.19623919216061
678,heartRateBpm,171.58178202339806
679,powerWatts,249.86121725707184
679,cadenceSpm,91.5150143099109
679,speedMps,8.32674677172889
679,distanceM,5393.259627307445
679,activeEnergyKcal,37.259109416826
679,heartRateBpm,170.0515526731799
680,powerWatts,247.2976067853429
680,cadenceSpm,94.65098950794666
680,speedMps,8.298170961268017
680,distanceM,5401.557798268713
680,activeEnergyKcal,37.32197853728489
680,heartRateBpm,169.63548273642846
681,powerWatts,239.37207710668164
681,cadenceSpm,94.55265496090456
681,speedMps,8.208558601223269
681,distanceM,5409.766356869936
681,activeEnergyKcal,37.38484655353728
681,heartRateBpm,170.0219877764463
682,powerWatts,248.15173696642347
682,cadenceSpm,94.81894142914855
682,speedMps,8.307713544385543
682,distanceM,5418.074070414322
682,activeEnergyKcal,37.44771346558317
682,heartRateBpm,170.06025648433254
683,powerWatts,250.89991041615434
683,cadenceSpm,93.55443230491207
683,speedMps,8.338269138470137
683,distanceM,5426.412339552792
683,activeEnergyKcal,37.51057927342256
683,heartRateBpm,168.9254822903783
684,powerWatts,245.45868555279048
684,cadenceSpm,92.75695642471877
684,speedMps,8.277551185218814
684,distanceM,5434.689890738011
684,activeEnergyKcal,37.57344397705545
684,heartRateBpm,169.0361929762702
685,powerWatts,239.0862470859837
685,cadenceSpm,93.84210505096374
685,speedMps,8.205290067710765
685,distanceM,5442.895180805722
685,activeEnergyKcal,37.63630757648183
685,heartRateBpm,169.73596234439248
686,powerWatts,230.19297349127334
686,cadenceSpm,92.87423113328083
686,speedMps,8.102264707727834
686,distanceM,5450.99744551345
686,activeEnergyKcal,37.699170071701715
686,heartRateBpm,169.4975315106935
687,powerWatts,254.17904786798206
687,cadenceSpm,93.12921233588983
687,speedMps,8.374437706103226
687,distanceM,5459.371883219553
687,activeEnergyKcal,37.7620314627151
687,heartRateBpm,171.10000826828147
688,powerWatts,244.89059454696002
688,cadenceSpm,91.06108013348981
688,speedMps,8.271160381547832
688,distanceM,5467.6430436011005
688,activeEnergyKcal,37.82489174952198
688,heartRateBpm,169.9802820139221
689,powerWatts,249.25310575269393
689,cadenceSpm,92.35964222116556
689,speedMps,8.319986080010732
689,distanceM,5475.963029681111
689,activeEnergyKcal,37.887750932122366
689,heartRateBpm,170.09634851969088
690,powerWatts,231.75977732739898
690,cadenceSpm,92.53152050628287
690,speedMps,8.120605791546181
690,distanceM,5484.083635472657
690,activeEnergyKcal,37.950609010516246
690,heartRateBpm,170.1104585828258
691,powerWatts,236.64058605545173
691,cadenceSpm,92.01611182702553
691,speedMps,8.17721627388427
691,distanceM,5492.260851746541
691,activeEnergyKcal,38.01346598470363
691,heartRateBpm,171.06567730948092
692,powerWatts,248.0612582537741
692,cadenceSpm,93.16463263362813
692,speedMps,8.306703728630636
692,distanceM,5500.567555475172
692,activeEnergyKcal,38.07632185468451
692,heartRateBpm,171.29490948168166
693,powerWatts,225.72520074553583
693,cadenceSpm,94.00757276917591
693,speedMps,8.049503425173622
693,distanceM,5508.617058900346
693,activeEnergyKcal,38.13917662045888
693,heartRateBpm,171.65421244033263
694,powerWatts,244.212757067533
694,cadenceSpm,93.04309861162689
694,speedMps,8.263522027412375
694,distanceM,5516.880580927758
694,activeEnergyKcal,38.20203028202676
694,heartRateBpm,171.86171435062636
695,powerWatts,241.72298586708052
695,cadenceSpm,93.06926727947913
695,speedMps,8.235343596693845
695,distanceM,5525.115924524453
695,activeEnergyKcal,38.264882839388136
695,heartRateBpm,171.22568876314344
696,powerWatts,233.50147089485665
696,cadenceSpm,94.10979169187232
696,speedMps,8.140897382693586
696,distanceM,5533.256821907146
696,activeEnergyKcal,38.32773429254301
696,heartRateBpm,171.51915704064803
697,powerWatts,241.33210333164126
697,cadenceSpm,93.70022728441664
697,speedMps,8.23090216459153
697,distanceM,5541.487724071738
697,activeEnergyKcal,38.39058464149139
697,heartRateBpm,172.13070715975618
698,powerWatts,241.37646754309495
698,cadenceSpm,93.4574672770199
698,speedMps,8.231406497425315
698,distanceM,5549.719130569163
698,activeEnergyKcal,38.45343388623326
698,heartRateBpm,173.02137668467333
699,powerWatts,233.8100492017599
699,cadenceSpm,94.15587295704061
699,speedMps,8.144481940468538
699,distanceM,5557.863612509632
699,activeEnergyKcal,38.516282026768636
699,heartRateBpm,171.83682514283157
700,powerWatts,247.74136479687724
700,cadenceSpm,93.22317024151938
700,speedMps,8.303131488378563
700,distanceM,5566.16674399801
700,activeEnergyKcal,38.579129063097504
700,heartRateBpm,169.98347359968025
701,powerWatts,246.55427604525485
701,cadenceSpm,92.50435532681571
701,speedMps,8.289848362673604
701,distanceM,5574.456592360683
701,activeEnergyKcal,38.641974995219876
701,heartRateBpm,169.94165384036222
702,powerWatts,245.25629814993857
702,cadenceSpm,90.91910187505921
702,speedMps,8.275275537174425
702,distanceM,5582.731867897858
702,activeEnergyKcal,38.70481982313574
702,heartRateBpm,170.4837325907039
703,powerWatts,255.38061092391493
703,cadenceSpm,94.62335766930427
703,speedMps,8.387612934051196
703,distanceM,5591.11948083191
703,activeEnergyKcal,38.767663546845114
703,heartRateBpm,170.52568935882587
704,powerWatts,256.28716351087587
704,cadenceSpm,93.66712966588186
704,speedMps,8.397526023532297
704,distanceM,5599.517006855442
704,activeEnergyKcal,38.83050616634798
704,heartRateBpm,170.74644114830718
705,powerWatts,246.65573160034404
705,cadenceSpm,91.28428042010212
705,speedMps,8.290985280467998
705,distanceM,5607.807992135909
705,activeEnergyKcal,38.89334768164435
705,heartRateBpm,170.34116758550743
706,powerWatts,231.1886642745149
706,cadenceSpm,92.69888424438882
706,speedMps,8.113929915359678
706,distanceM,5615.92192205127
706,activeEnergyKcal,38.956188092734216
706,heartRateBpm,170.77419799764195
707,powerWatts,227.35597331058267
707,cadenceSpm,93.03331368876216
707,speedMps,8.068841722932426
707,distanceM,5623.990763774202
707,activeEnergyKcal,39.01902739961758
707,heartRateBpm,171.02702610544551
708,powerWatts,251.49954259520368
708,cadenceSpm,93.07730446715215
708,speedMps,8.344906468656456
708,distanceM,5632.335670242858
708,activeEnergyKcal,39.08186560229444
708,heartRateBpm,172.14807181486987
709,powerWatts,239.81603391357598
709,cadenceSpm,90.04503264230601
709,speedMps,8.213630196412012
709,distanceM,5640.54930043927
709,activeEnergyKcal,39.1447027007648
709,heartRateBpm,173.6574973700858
710,powerWatts,241.37478544318404
710,cadenceSpm,92.8071453413063
710,speedMps,8.231387376422566
710,distanceM,5648.7806878156925
710,activeEnergyKcal,39.20753869502867
710,heartRateBpm,174.58319208420883
711,powerWatts,254.1425612446887
711,cadenceSpm,92.54708401166808
711,speedMps,8.374036978639525
711,distanceM,5657.154724794332
711,activeEnergyKcal,39.27037358508603
711,heartRateBpm,173.97201247750803
712,powerWatts,233.0011885679766
712,cadenceSpm,94.06326012202771
712,speedMps,8.135079204919752
712,distanceM,5665.2898039992515
712,activeEnergyKcal,39.33320737093689
712,heartRateBpm,174.55250676277416
713,powerWatts,242.3724888196066
713,cadenceSpm,94.59695311891579
713,speedMps,8.242713046667928
713,distanceM,5673.532517045919
713,activeEnergyKcal,39.39604005258125
713,heartRateBpm,173.4510586517322
714,powerWatts,237.88563404535606
714,cadenceSpm,94.36028013814513
714,speedMps,8.191532250644904
714,distanceM,5681.724049296564
714,activeEnergyKcal,39.458871630019104
714,heartRateBpm,173.46715976127626
715,powerWatts,230.83850831843463
715,cadenceSpm,93.46683309729819
715,speedMps,8.109831420750396
715,distanceM,5689.833880717314
715,activeEnergyKcal,39.52170210325046
715,heartRateBpm,173.72011265046493
716,powerWatts,231.73535170110867
716,cadenceSpm,91.60979739534476
716,speedMps,8.120320499230132
716,distanceM,5697.954201216544
716,activeEnergyKcal,39.584531472275316
716,heartRateBpm,172.69872635531522
717,powerWatts,238.2264051189033
717,cadenceSpm,92.01136462884875
717,speedMps,8.195441839944131
717,distanceM,5706.1496430564885
717,activeEnergyKcal,39.64735973709367
717,heartRateBpm,175.61812608629222
718,powerWatts,243.20121908872213
718,cadenceSpm,92.78293617735052
718,speedMps,8.252096970550003
718,distanceM,5714.401740027039
718,activeEnergyKcal,39.710186897705526
718,heartRateBpm,176.99097298179555
719,powerWatts,245.1032327168919
719,cadenceSpm,90.78207632410614
719,speedMps,8.273553634762486
719,distanceM,5722.675293661801
719,activeEnergyKcal,39.77301295411088
719,heartRateBpm,174.89202195542492
720,powerWatts,236.76586329052233
720,cadenceSpm,93.291715848734
720,speedMps,8.178659022062273
720,distanceM,5730.853952683864
720,activeEnergyKcal,39.835837906309735
720,heartRateBpm,173.65219968547316
721,powerWatts,233.46939180489892
721,cadenceSpm,92.73642795738976
721,speedMps,8.140524559146792
721,distanceM,5738.994477243011
721,activeEnergyKcal,39.89866175430209
721,heartRateBpm,175.38975900777893
722,powerWatts,237.2377851235787
722,cadenceSpm,92.30045022690751
722,speedMps,8.184089318140032
722,distanceM,5747.178566561151
722,activeEnergyKcal,39.96148449808794
722,heartRateBpm,176.11329011021704
723,powerWatts,247.4238702206073
723,cadenceSpm,94.19511523263994
723,speedMps,8.299582994482652
723,distanceM,5755.4781495556335
723,activeEnergyKcal,40.02430613766729
723,heartRateBpm,179.21049154545923
724,powerWatts,252.52137768256787
724,cadenceSpm,95.13823513331802
724,speedMps,8.356192898397541
724,distanceM,5763.834342454031
724,activeEnergyKcal,40.08712667304014
724,heartRateBpm,178.64076038097113
725,powerWatts,241.96714136215456
725,cadenceSpm,94.65598585972702
725,speedMps,8.238115402866743
725,distanceM,5772.072457856898
725,activeEnergyKcal,40.149946104206485
725,heartRateBpm,180.0252925116402
726,powerWatts,247.91028507744824
726,cadenceSpm,92.74737998616457
726,speedMps,8.305018198801218
726,distanceM,5780.377476055699
726,activeEnergyKcal,40.212764431166335
726,heartRateBpm,180.5247804441783
727,powerWatts,235.72186248117157
727,cadenceSpm,93.74939883394696
727,speedMps,8.166620254669564
727,distanceM,5788.544096310368
727,activeEnergyKcal,40.27558165391968
727,heartRateBpm,179.81993399170497
728,powerWatts,236.858365966367
728,cadenceSpm,91.59920150305204
728,speedMps,8.179723997293276
728,distanceM,5796.723820307661
728,activeEnergyKcal,40.33839777246653
728,heartRateBpm,179.38532809799028
729,powerWatts,234.56497221020524
729,cadenceSpm,94.35858848980243
729,speedMps,8.153238124274349
729,distanceM,5804.877058431935
729,activeEnergyKcal,40.40121278680687
729,heartRateBpm,180.57864665527075
730,powerWatts,235.7735772061143
730,cadenceSpm,91.46693191323702
730,speedMps,8.167217432538928
730,distanceM,5813.044275864474
730,activeEnergyKcal,40.464026696940714
730,heartRateBpm,181.53160281003306
731,powerWatts,242.537271029527
731,cadenceSpm,92.6147845670604
731,speedMps,8.244580619430133
731,distanceM,5821.288856483904
731,activeEnergyKcal,40.52683950286806
731,heartRateBpm,183.27503378812895
732,powerWatts,219.40379445610637
732,cadenceSpm,93.22760470498343
732,speedMps,7.973649076291132
732,distanceM,5829.262505560195
732,activeEnergyKcal,40.5896512045889
732,heartRateBpm,183.21487266710594
733,powerWatts,232.60536223439118
733,cadenceSpm,92.28090874985966
733,speedMps,8.130469924084464
733,distanceM,5837.392975484279
733,activeEnergyKcal,40.65246180210324
733,heartRateBpm,183.5946708274856
734,powerWatts,232.92059301794148
734,cadenceSpm,93.5504179251548
734,speedMps,8.134141117008907
734,distanceM,5845.527116601288
734,activeEnergyKcal,40.71527129541108
734,heartRateBpm,183.56495195685133
735,powerWatts,223.61159102700205
735,cadenceSpm,91.5112544160331
735,speedMps,8.024300376827126
735,distanceM,5853.551416978115
735,activeEnergyKcal,40.77807968451242
735,heartRateBpm,184.67404893935884
736,powerWatts,236.9078855269219
736,cadenceSpm,93.61490445515213
736,speedMps,8.180293997725526
736,distanceM,5861.7317109758405
736,activeEnergyKcal,40.84088696940726
736,heartRateBpm,183.5927356565012
737,powerWatts,237.5476428999253
737,cadenceSpm,93.15024791644622
737,speedMps,8.187650864998076
737,distanceM,5869.919361840839
737,activeEnergyKcal,40.90369315009559
737,heartRateBpm,184.42473552288934
738,powerWatts,216.4108257892513
738,cadenceSpm,93.85044329754696
738,speedMps,7.9372257797994035
738,distanceM,5877.8565876206385
738,activeEnergyKcal,40.96649822657743
738,heartRateBpm,184.39555028419937
739,powerWatts,242.3064124385574
739,cadenceSpm,92.16365531032262
739,speedMps,8.241963926786468
739,distanceM,5886.098551547425
739,activeEnergyKcal,41.02930219885276
739,heartRateBpm,187.2242318177871
740,powerWatts,249.01498203397102
740,cadenceSpm,91.86100139560776
740,speedMps,8.317335738888278
740,distanceM,5894.415887286314
740,activeEnergyKcal,41.0921050669216
740,heartRateBpm,186.26195681630372
741,powerWatts,237.85676974127387
741,cadenceSpm,93.96986099216636
741,speedMps,8.19120092554905
741,distanceM,5902.607088211863
741,activeEnergyKcal,41.15490683078393
741,heartRateBpm,185.22537954897209
742,powerWatts,247.1823385928778
742,cadenceSpm,93.83783825001461
742,speedMps,8.296881470665236
742,distanceM,5910.903969682528
742,activeEnergyKcal,41.217707490439764
742,heartRateBpm,186.8980952027999
743,powerWatts,251.606015494733
743,cadenceSpm,93.53465824363012
743,speedMps,8.346083914182605
743,distanceM,5919.250053596711
743,activeEnergyKcal,41.280507045889095
743,heartRateBpm,187.49587985074916
744,powerWatts,236.4192412885765
744,cadenceSpm,94.65533672658295
744,speedMps,8.174665924309927
744,distanceM,5927.424719521021
744,activeEnergyKcal,41.34330549713192
744,heartRateBpm,186.02002155695024
745,powerWatts,225.48056918192566
745,cadenceSpm,92.3094169006975
745,speedMps,8.046594468624177
745,distanceM,5935.471313989645
745,activeEnergyKcal,41.40610284416825
745,heartRateBpm,184.48433615749653
746,powerWatts,246.25300834743956
746,cadenceSpm,93.63761475626487
746,speedMps,8.286470497307604
746,distanceM,5943.757784486952
746,activeEnergyKcal,41.46889908699808
746,heartRateBpm,184.43663764474138
747,powerWatts,243.53346141631457
747,cadenceSpm,91.96789560652726
747,speedMps,8.255853048700331
747,distanceM,5952.013637535652
747,activeEnergyKcal,41.53169422562141
747,heartRateBpm,183.16071196984882
748,powerWatts,241.6733745191635
748,cadenceSpm,93.87331020666845
748,speedMps,8.234780149449225
748,distanceM,5960.248417685101
748,activeEnergyKcal,41.59448826003823
748,heartRateBpm,180.57612005757795
749,powerWatts,239.0665999767159
749,cadenceSpm,91.96218749754075
749,speedMps,8.205065302730816
749,distanceM,5968.453482987832
749,activeEnergyKcal,41.65728119024856
749,heartRateBpm,177.89817041970824
750,powerWatts,239.30339865192408
750,cadenceSpm,92.43000703702543
750,speedMps,8.207773484524928
750,distanceM,5976.661256472357
750,activeEnergyKcal,41.720073016252385
750,heartRateBpm,180.61397988863092
751,powerWatts,239.82721859205225
751,cadenceSpm,92.46950408912085
751,speedMps,8.213757885100751
751,distanceM,5984.875014357458
751,activeEnergyKcal,41.782863738049706
751,heartRateBpm,179.41263461157968
752,powerWatts,236.38323909803984
752,cadenceSpm,92.76966157558395
752,speedMps,8.174250954108519
752,distanceM,5993.049265311566
752,activeEnergyKcal,41.84565335564053
752,heartRateBpm,179.42713381877127
753,powerWatts,244.05759180586355
753,cadenceSpm,92.263134471097
753,speedMps,8.26177152752281
753,distanceM,6001.311036839089
753,activeEnergyKcal,41.90844186902485
753,heartRateBpm,180.1623771860458
754,powerWatts,234.05920018199626
754,cadenceSpm,92.79789848419004
754,speedMps,8.147373868210467
754,distanceM,6009.4584107073
754,activeEnergyKcal,41.97122927820267
754,heartRateBpm,181.1504354445484
755,powerWatts,243.47933006284785
755,cadenceSpm,92.62381428611101
755,speedMps,8.255241313988924
755,distanceM,6017.713652021289
755,activeEnergyKcal,42.03401558317399
755,heartRateBpm,181.46524515248058
756,powerWatts,230.99497401325132
756,cadenceSpm,91.62818547975023
756,speedMps,8.11166332743694
756,distanceM,6025.825315348726
756,activeEnergyKcal,42.09680078393881
756,heartRateBpm,181.36677223898207
757,powerWatts,231.3075943182135
757,cadenceSpm,93.45565957920168
757,speedMps,8.11532102251294
757,distanceM,6033.940636371239
757,activeEnergyKcal,42.15958488049713
757,heartRateBpm,179.872676846006
758,powerWatts,219.94223991381105
758,cadenceSpm,90.96102408969462
758,speedMps,7.980166538383843
758,distanceM,6041.920802909623
758,activeEnergyKcal,42.22236787284894
758,heartRateBpm,181.67332017285952
759,powerWatts,246.37527980931196
759,cadenceSpm,92.22297268129263
759,speedMps,8.28784175800233
759,distanceM,6050.208644667625
759,activeEnergyKcal,42.28514976099426
759,heartRateBpm,181.7753626659586
760,powerWatts,254.19395620294677
760,cadenceSpm,92.31075811922412
760,speedMps,8.374601431218355
760,distanceM,6058.583246098843
760,activeEnergyKcal,42.34793054493307
760,heartRateBpm,181.4731796489499
761,powerWatts,234.68011764780974
761,cadenceSpm,91.93973680891877
761,speedMps,8.154572018515227
761,distanceM,6066.737818117358
761,activeEnergyKcal,42.41071022466539
761,heartRateBpm,182.01934253661048
762,powerWatts,239.36812595473788
762,cadenceSpm,92.2817145584195
762,speedMps,8.208513436611591
762,distanceM,6074.94633155397
762,activeEnergyKcal,42.4734888001912
762,heartRateBpm,180.89989996033503
763,powerWatts,230.99871549972553
763,cadenceSpm,91.88143771682451
763,speedMps,8.111707122783416
763,distanceM,6083.058038676753
763,activeEnergyKcal,42.53626627151051
763,heartRateBpm,181.55844052125497
764,powerWatts,246.52619472383347
764,cadenceSpm,93.82516167557712
764,speedMps,8.289533626382978
764,distanceM,6091.347572303136
764,activeEnergyKcal,42.599042638623324
764,heartRateBpm,182.77263370700933
765,powerWatts,241.2608046453442
765,cadenceSpm,93.36987275828092
765,speedMps,8.230091510855297
765,distanceM,6099.577663813991
765,activeEnergyKcal,42.66181790152963
765,heartRateBpm,183.7325934653452
766,powerWatts,236.83351282076384
766,cadenceSpm,91.63321425866842
766,speedMps,8.179437892442614
766,distanceM,6107.757101706434
766,activeEnergyKcal,42.72459206022944
766,heartRateBpm,183.27366889844575
767,powerWatts,239.95420786017934
767,cadenceSpm,91.04446025752374
767,speedMps,8.215207366191951
767,distanceM,6115.972309072626
767,activeEnergyKcal,42.787365114722746
767,heartRateBpm,181.26629343077025
768,powerWatts,233.228199260123
768,cadenceSpm,92.22125070830101
768,speedMps,8.137720322389528
768,distanceM,6124.110029395015
768,activeEnergyKcal,42.850137065009555
768,heartRateBpm,183.4042519379497
769,powerWatts,247.82240429239764
769,cadenceSpm,93.39749112649511
769,speedMps,8.304036744593965
769,distanceM,6132.414066139609
769,activeEnergyKcal,42.91290791108986
769,heartRateBpm,182.600484248883
770,powerWatts,247.70438130435315
770,cadenceSpm,95.56296886429274
770,speedMps,8.302718296603127
770,distanceM,6140.716784436212
770,activeEnergyKcal,42.97567765296367
770,heartRateBpm,183.1780672085253
771,powerWatts,248.3275013766844
771,cadenceSpm,91.82979165951753
771,speedMps,8.30967451629565
771,distanceM,6149.026458952508
771,activeEnergyKcal,43.03844629063097
771,heartRateBpm,183.13192159788517
772,powerWatts,246.17720307789054
772,cadenceSpm,92.39636153907392
772,speedMps,8.28562012177821
772,distanceM,6157.312079074286
772,activeEnergyKcal,43.10121382409177
772,heartRateBpm,183.86347472452132
773,powerWatts,235.631648658702
773,cadenceSpm,93.65379945731809
773,speedMps,8.165578297807095
773,distanceM,6165.477657372093
773,activeEnergyKcal,43.163980253346075
773,heartRateBpm,183.97713777703487
774,powerWatts,249.51557081563996
774,cadenceSpm,93.80478768919704
774,speedMps,8.322905387845092
774,distanceM,6173.800562759938
774,activeEnergyKcal,43.226745578393874
774,heartRateBpm,183.90863035749058
775,powerWatts,249.34739222498746
775,cadenceSpm,93.23109355824337
775,speedMps,8.321035031491895
775,distanceM,6182.12159779143
775,activeEnergyKcal,43.28950979923518
775,heartRateBpm,183.18313271167426
776,powerWatts,243.16593198174684
776,cadenceSpm,93.3415913013472
776,speedMps,8.251697840542544
776,distanceM,6190.373295631973
776,activeEnergyKcal,43.352272915869975
776,heartRateBpm,182.47613906046675
777,powerWatts,235.98830477480283
777,cadenceSpm,93.89410598261713
777,speedMps,8.1696960741775
777,distanceM,6198.54299170615
777,activeEnergyKcal,43.415034928298276
777,heartRateBpm,183.70532609493225
778,powerWatts,238.04355869557298
778,cadenceSpm,93.22467381030859
778,speedMps,8.1933445482592
778,distanceM,6206.736336254409
778,activeEnergyKcal,43.47779583652007
778,heartRateBpm,184.24597539639737
779,powerWatts,236.45554852357247
779,cadenceSpm,93.57473180664543
779,speedMps,8.175084367866804
779,distanceM,6214.911420622276
779,activeEnergyKcal,43.540555640535366
779,heartRateBpm,184.99995968181528
780,powerWatts,239.6161552047004
780,cadenceSpm,94.28736185543883
780,speedMps,8.21134763271452
780,distanceM,6223.122768254991
780,activeEnergyKcal,43.60331434034416
780,heartRateBpm,186.00700689226377
781,powerWatts,243.95954198884735
781,cadenceSpm,93.0975430177729
781,speedMps,8.26066499403946
781,distanceM,6231.3834332490305
781,activeEnergyKcal,43.666071935946455
781,heartRateBpm,186.76324735559712
782,powerWatts,240.40638163519353
782,cadenceSpm,92.33703439858562
782,speedMps,8.220364420186277
782,distanceM,6239.603797669217
782,activeEnergyKcal,43.72882842734225
782,heartRateBpm,186.1623138425077
783,powerWatts,232.36492090229495
783,cadenceSpm,90.85345191763717
783,speedMps,8.12766750231566
783,distanceM,6247.731465171532
783,activeEnergyKcal,43.79158381453154
783,heartRateBpm,185.84983662083332
784,powerWatts,243.05062915092955
784,cadenceSpm,94.11776669908603
784,speedMps,8.250393388975775
784,distanceM,6255.981858560508
784,activeEnergyKcal,43.854338097514336
784,heartRateBpm,185.01484222872995
785,powerWatts,252.82601106055452
785,cadenceSpm,92.19927143710484
785,speedMps,8.35955175900331
785,distanceM,6264.341410319511
785,activeEnergyKcal,43.91709127629063
785,heartRateBpm,183.70770657348316
786,powerWatts,234.31410428055878
786,cadenceSpm,93.11941655783104
786,speedMps,8.150330450031621
786,distanceM,6272.491740769543
786,activeEnergyKcal,43.97984335086041
786,heartRateBpm,182.10835511669694
787,powerWatts,227.15843982641852
787,cadenceSpm,92.20423333562171
787,speedMps,8.066504231028444
787,distanceM,6280.558245000571
787,activeEnergyKcal,44.0425943212237
787,heartRateBpm,183.60922221301982
788,powerWatts,251.06474554308804
788,cadenceSpm,93.03125972082185
788,speedMps,8.340094751943198
788,distanceM,6288.898339752514
788,activeEnergyKcal,44.10534418738049
788,heartRateBpm,183.09216734809442
789,powerWatts,241.70162252940162
789,cadenceSpm,94.79361150452984
789,speedMps,8.23510097791161
789,distanceM,6297.133440730426
789,activeEnergyKcal,44.16809294933078
789,heartRateBpm,181.77995845344165
790,powerWatts,235.8592907324601
790,cadenceSpm,93.29179830411233
790,speedMps,8.16820702065794
790,distanceM,6305.301647751084
790,activeEnergyKcal,44.23084060707456
790,heartRateBpm,181.34459610209558
791,powerWatts,246.09813977041608
791,cadenceSpm,91.98557454292823
791,speedMps,8.284733011915938
791,distanceM,6313.586380762999
791,activeEnergyKcal,44.29358716061185
791,heartRateBpm,182.7987263801822
792,powerWatts,242.37344713514565
792,cadenceSpm,94.74908129404378
792,speedMps,8.242723910262807
792,distanceM,6321.829104673262
792,activeEnergyKcal,44.35633260994263
792,heartRateBpm,183.6782699939971
793,powerWatts,234.88001498775586
793,cadenceSpm,92.86342742237134
793,speedMps,8.156886679373917
793,distanceM,6329.985991352636
793,activeEnergyKcal,44.41907695506691
793,heartRateBpm,183.75502123666746
794,powerWatts,236.70074703372953
794,cadenceSpm,93.51297871617332
794,speedMps,8.177909177914238
794,distanceM,6338.163900530551
794,activeEnergyKcal,44.481820195984696
794,heartRateBpm,185.3502337402968
795,powerWatts,243.81882292574642
795,cadenceSpm,92.3362148651187
795,speedMps,8.259076401927109
795,distanceM,6346.4229769324775
795,activeEnergyKcal,44.544562332695975
795,heartRateBpm,184.67954102537257
796,powerWatts,249.9235147060971
796,cadenceSpm,95.14082454505628
796,speedMps,8.327438745167132
796,distanceM,6354.750415677645
796,activeEnergyKcal,44.60730336520076
796,heartRateBpm,185.00676483776155
797,powerWatts,243.72093355415493
797,cadenceSpm,93.59651074042277
797,speedMps,8.257970958125215
797,distanceM,6363.00838663577
797,activeEnergyKcal,44.670043293499035
797,heartRateBpm,184.68425296952105
798,powerWatts,244.44611101090703
798,cadenceSpm,90.13531940637512
798,speedMps,8.26615321889995
798,distanceM,6371.27453985467
798,activeEnergyKcal,44.732782117590816
798,heartRateBpm,183.4826592078569
799,powerWatts,226.56670222461443
799,cadenceSpm,93.56673601954219
799,speedMps,8.0594938456995
799,distanceM,6379.33403370037
799,activeEnergyKcal,44.79551983747609
799,heartRateBpm,185.5097282655818
800,powerWatts,248.03474419460005
800,cadenceSpm,93.17132244003245
800,speedMps,8.306407763723726
800,distanceM,6387.640441464094
800,activeEnergyKcal,44.858256453154866
800,heartRateBpm,186.3727098100132
801,powerWatts,243.28923702230617
801,cadenceSpm,91.45501290345173
801,speedMps,8.253092367037057
801,distanceM,6395.893533831131
801,activeEnergyKcal,44.92099196462714
801,heartRateBpm,186.19373814971547
802,powerWatts,231.08432623250013
802,cadenceSpm,93.67647481081673
802,speedMps,8.112709095769507
802,distanceM,6404.006242926901
802,activeEnergyKcal,44.983726371892914
802,heartRateBpm,186.0311567910279
803,powerWatts,256.37951107073053
803,cadenceSpm,90.17622285835192
803,speedMps,8.39853452496129
803,distanceM,6412.404777451862
803,activeEnergyKcal,45.04645967495219
803,heartRateBpm,184.2593270623236
804,powerWatts,238.24298855053166
804,cadenceSpm,93.5149947581324
804,speedMps,8.195632002737442
804,distanceM,6420.6004094546
804,activeEnergyKcal,45.10919187380496
804,heartRateBpm,182.72706387373594
805,powerWatts,241.44394612288335
805,cadenceSpm,93.58792148408295
805,speedMps,8.232173476181693
805,distanceM,6428.832582930781
805,activeEnergyKcal,45.171922968451234
805,heartRateBpm,182.87248414380247
806,powerWatts,246.42985324389016
806,cadenceSpm,96.23861778074702
806,speedMps,8.28845364649903
806,distanceM,6437.12103657728
806,activeEnergyKcal,45.234652958891004
806,heartRateBpm,181.27228313409637
807,powerWatts,248.3613107677515
807,cadenceSpm,94.96308155623936
807,speedMps,8.310051615468712
807,distanceM,6445.4310881927495
807,activeEnergyKcal,45.29738184512427
807,heartRateBpm,179.77457865286618
808,powerWatts,261.71117767619955
808,cadenceSpm,92.2861138070446
808,speedMps,8.456354175209203
808,distanceM,6453.887442367959
808,activeEnergyKcal,45.36010962715104
808,heartRateBpm,178.2929994277584
809,powerWatts,232.9534450574394
809,cadenceSpm,93.97683528462093
809,speedMps,8.134523522817082
809,distanceM,6462.021965890776
809,activeEnergyKcal,45.422836304971305
809,heartRateBpm,179.09687119516065
810,powerWatts,236.52847013944972
810,cadenceSpm,94.18469039072414
810,speedMps,8.175924665467628
810,distanceM,6470.197890556244
810,activeEnergyKcal,45.485561878585074
810,heartRateBpm,178.36722554498448
811,powerWatts,226.50732379313862
811,cadenceSpm,92.59713473963116
811,speedMps,8.058789708814237
811,distanceM,6478.256680265058
811,activeEnergyKcal,45.54828634799234
811,heartRateBpm,176.9705041653985
812,powerWatts,254.57457637220412
812,cadenceSpm,94.1279563011435
812,speedMps,8.378779281099348
812,distanceM,6486.635459546157
812,activeEnergyKcal,45.611009713193106
812,heartRateBpm,175.96386513992786
813,powerWatts,241.86206690620622
813,cadenceSpm,92.68557811667998
813,speedMps,8.236922760458812
813,distanceM,6494.872382306616
813,activeEnergyKcal,45.67373197418737
813,heartRateBpm,177.75355487272907
814,powerWatts,236.4444697096396
814,cadenceSpm,92.55354538485165
814,speedMps,8.174956688261743
814,distanceM,6503.0473389948775
814,activeEnergyKcal,45.73645313097513
814,heartRateBpm,176.30916720448366
815,powerWatts,231.77011286775175
815,cadenceSpm,94.91315653257284
815,speedMps,8.120726505045575
815,distanceM,6511.168065499923
815,activeEnergyKcal,45.79917318355639
815,heartRateBpm,175.84254460403008
816,powerWatts,244.6318581205736
816,cadenceSpm,93.58962230764088
816,speedMps,8.268246420985152
816,distanceM,6519.436311920907
816,activeEnergyKcal,45.86189213193115
816,heartRateBpm,177.79209341914884
817,powerWatts,242.38227129222082
817,cadenceSpm,91.67820638767107
817,speedMps,8.242823940758026
817,distanceM,6527.679135861666
817,activeEnergyKcal,45.92460997609941
817,heartRateBpm,177.9709088482404
818,powerWatts,240.64044904214384
818,cadenceSpm,93.20251058786849
818,speedMps,8.223031425455895
818,distanceM,6535.902167287121
818,activeEnergyKcal,45.98732671606117
818,heartRateBpm,177.45632017063517
819,powerWatts,239.11021502603018
819,cadenceSpm,90.41788049424572
819,speedMps,8.205564246772983
819,distanceM,6544.107731533894
819,activeEnergyKcal,46.05004235181643
819,heartRateBpm,176.14914472075446
820,powerWatts,238.7807959876624
820,cadenceSpm,94.50137336463357
820,speedMps,8.201794281861153
820,distanceM,6552.3095258157555
820,activeEnergyKcal,46.112756883365186
820,heartRateBpm,178.6049345360379
821,powerWatts,244.76266948550523
821,cadenceSpm,94.22293014667613
821,speedMps,8.2697199110992
821,distanceM,6560.579245726854
821,activeEnergyKcal,46.17547031070744
821,heartRateBpm,177.59277380774137
822,powerWatts,240.96519579036163
822,cadenceSpm,94.08275041633757
822,speedMps,8.226728784428682
822,distanceM,6568.805974511283
822,activeEnergyKcal,46.238182633843195
822,heartRateBpm,178.67287852220198
823,powerWatts,236.96474865470134
823,cadenceSpm,91.1529023985294
823,speedMps,8.180948429145568
823,distanceM,6576.9869229404285
823,activeEnergyKcal,46.30089385277245
823,heartRateBpm,178.60089893877603
824,powerWatts,242.57250795919893
824,cadenceSpm,93.22959768908734
824,speedMps,8.244979870286585
824,distanceM,6585.231902810715
824,activeEnergyKcal,46.3636039674952
824,heartRateBpm,176.29753385435546
825,powerWatts,230.9792630149805
825,cadenceSpm,91.7700631553186
825,speedMps,8.111479419802194
825,distanceM,6593.343382230517
825,activeEnergyKcal,46.42631297801145
825,heartRateBpm,175.85910177733794
826,powerWatts,233.16565376159372
826,cadenceSpm,91.41154240244919
826,speedMps,8.136992818481515
826,distanceM,6601.480375048998
826,activeEnergyKcal,46.48902088432121
826,heartRateBpm,175.61422788771372
827,powerWatts,253.38207138053386
827,cadenceSpm,90.98924344515291
827,speedMps,8.36567588007817
827,distanceM,6609.846050929076
827,activeEnergyKcal,46.55172768642446
827,heartRateBpm,175.75815495919102
828,powerWatts,230.89553186396355
828,cadenceSpm,94.99955016576064
828,speedMps,8.110499150570678
828,distanceM,6617.956550079647
828,activeEnergyKcal,46.6144333843212
828,heartRateBpm,174.72664372810965
829,powerWatts,237.3969511169768
829,cadenceSpm,91.81801957897993
829,speedMps,8.185919180525074
829,distanceM,6626.142469260172
829,activeEnergyKcal,46.67713797801145
829,heartRateBpm,174.7174102888631
830,powerWatts,257.65242576393166
830,cadenceSpm,94.34213937726688
830,speedMps,8.412411054791876
830,distanceM,6634.554880314964
830,activeEnergyKcal,46.7398414674952
830,heartRateBpm,175.73782763690912
831,powerWatts,238.11165803684125
831,cadenceSpm,91.77960777545056
831,speedMps,8.194125789265344
831,distanceM,6642.749006104229
831,activeEnergyKcal,46.802543852772445
831,heartRateBpm,177.8213499401851
832,powerWatts,239.5642664404367
832,cadenceSpm,92.23859876400466
832,speedMps,8.21075486878547
832,distanceM,6650.959760973014
832,activeEnergyKcal,46.86524513384319
832,heartRateBpm,178.12968280038896
833,powerWatts,234.94273609469352
833,cadenceSpm,93.28280828956161
833,speedMps,8.157612671932808
833,distanceM,6659.117373644947
833,activeEnergyKcal,46.927945310707436
833,heartRateBpm,177.08092759962904
834,powerWatts,250.62028520011762
834,cadenceSpm,92.55392285581136
834,speedMps,8.33517035029948
834,distanceM,6667.452543995247
834,activeEnergyKcal,46.99064438336518
834,heartRateBpm,177.85353408240087
835,powerWatts,216.87410160847128
835,cadenceSpm,93.93654449277743
835,speedMps,7.942885545933696
835,distanceM,6675.39542954118
835,activeEnergyKcal,47.053342351816426
835,heartRateBpm,176.56360864636812
836,powerWatts,244.6793002765615
836,cadenceSpm,90.42157692252863
836,speedMps,8.268780881329779
836,distanceM,6683.66421042251
836,activeEnergyKcal,47.11603921606117
836,heartRateBpm,178.28853183416192
837,powerWatts,237.48514582831672
837,cadenceSpm,93.1746959893885
837,speedMps,8.186932764721494
837,distanceM,6691.851143187232
837,activeEnergyKcal,47.178734976099406
837,heartRateBpm,179.58442680137165
838,powerWatts,237.26150074508575
838,cadenceSpm,92.89882291590847
838,speedMps,8.184362018232108
838,distanceM,6700.035505205464
838,activeEnergyKcal,47.24142963193115
838,heartRateBpm,180.97186068454533
839,powerWatts,231.5756504200715
839,cadenceSpm,90.84596467444851
839,speedMps,8.11845468751171
839,distanceM,6708.153959892976
839,activeEnergyKcal,47.304123183556385
839,heartRateBpm,179.1971945869898
840,powerWatts,234.42072430074876
840,cadenceSpm,90.25191698472008
840,speedMps,8.151566478378784
840,distanceM,6716.305526371355
840,activeEnergyKcal,47.366815630975125
840,heartRateBpm,178.7958511097784
841,powerWatts,236.0397883077268
841,cadenceSpm,91.37280693095283
841,speedMps,8.17029013502068
841,distanceM,6724.475816506376
841,activeEnergyKcal,47.42950697418736
841,heartRateBpm,180.78749722968266
842,powerWatts,243.02278468305948
842,cadenceSpm,90.36761200325913
842,speedMps,8.250078315270459
842,distanceM,6732.725894821647
842,activeEnergyKcal,47.4921972131931
842,heartRateBpm,181.27176994879215
843,powerWatts,232.32310581971026
843,cadenceSpm,93.22927874216519
843,speedMps,8.127179936643921
843,distanceM,6740.853074758291
843,activeEnergyKcal,47.55488634799234
843,heartRateBpm,180.61210174546125
844,powerWatts,246.29602431150244
844,cadenceSpm,92.01713071015894
844,speedMps,8.286952968251295
844,distanceM,6749.140027726542
844,activeEnergyKcal,47.61757437858507
844,heartRateBpm,182.23603267483355
845,powerWatts,260.3485718355915
845,cadenceSpm,92.40563524370103
845,speedMps,8.44165255713695
845,distanceM,6757.581680283679
845,activeEnergyKcal,47.6802613049713
845,heartRateBpm,183.0173572968022
846,powerWatts,221.49105147244995
846,cadenceSpm,93.14389242906321
846,speedMps,7.99885458885552
846,distanceM,6765.580534872534
846,activeEnergyKcal,47.742947127151034
846,heartRateBpm,183.3925753096887
847,powerWatts,236.95990182131766
847,cadenceSpm,92.57324342775817
847,speedMps,8.180892651560464
847,distanceM,6773.761427524095
847,activeEnergyKcal,47.80563184512427
847,heartRateBpm,181.56133217817276
848,powerWatts,236.46348460449263
848,cadenceSpm,91.82746761193131
848,speedMps,8.175175826079089
848,distanceM,6781.936603350174
848,activeEnergyKcal,47.868315458891
848,heartRateBpm,183.0251534070825
849,powerWatts,247.69650566836756
849,cadenceSpm,92.45647418036178
849,speedMps,8.302630302089037
849,distanceM,6790.239233652263
849,activeEnergyKcal,47.93099796845123
849,heartRateBpm,182.9846404737134
850,powerWatts,233.11975912786522
850,cadenceSpm,91.64904825962843
850,speedMps,8.136458907928034
850,distanceM,6798.37569256019
850,activeEnergyKcal,47.99367937380496
850,heartRateBpm,184.47493678175925
851,powerWatts,240.447474188626
851,cadenceSpm,92.2975306727105
851,speedMps,8.220832761219594
851,distanceM,6806.59652532141
851,activeEnergyKcal,48.05635967495218
851,heartRateBpm,182.73157113554677
852,powerWatts,240.1917245158959
852,cadenceSpm,91.74003305720763
852,speedMps,8.217917056986476
852,distanceM,6814.814442378396
852,activeEnergyKcal,48.11903887189291
852,heartRateBpm,181.21933836256363
853,powerWatts,231.99494998602492
853,cadenceSpm,92.48869790967252
853,speedMps,8.123351592800425
853,distanceM,6822.937793971197
853,activeEnergyKcal,48.181716964627135
853,heartRateBpm,182.96735435742227
854,powerWatts,225.78966745581417
854,cadenceSpm,93.60889555211733
854,speedMps,8.050269660120613
854,distanceM,6830.988063631317
854,activeEnergyKcal,48.24439395315486
854,heartRateBpm,184.35991757722692
855,powerWatts,232.66529983100193
855,cadenceSpm,93.00976759886481
855,speedMps,8.131168215488659
855,distanceM,6839.119231846806
855,activeEnergyKcal,48.307069837476085
855,heartRateBpm,184.51351643714102
856,powerWatts,232.57144954285948
856,cadenceSpm,91.33621626422384
856,speedMps,8.130074777677397
856,distanceM,6847.249306624483
856,activeEnergyKcal,48.36974461759081
856,heartRateBpm,184.17671722790456
857,powerWatts,237.3127043764266
857,cadenceSpm,95.09353845998344
857,speedMps,8.184950734214649
857,distanceM,6855.434257358698
857,activeEnergyKcal,48.43241829349903
857,heartRateBpm,184.15730486853965
858,powerWatts,218.82521094000003
858,cadenceSpm,91.67107598041207
858,speedMps,7.966633878293854
858,distanceM,6863.400891236992
858,activeEnergyKcal,48.49509086520075
858,heartRateBpm,184.7559888558282
859,powerWatts,231.2255016437237
859,cadenceSpm,93.93241358090957
859,speedMps,8.114360847615975
859,distanceM,6871.515252084608
859,activeEnergyKcal,48.55776233269597
859,heartRateBpm,183.4880022509481
860,powerWatts,247.10077191192488
860,cadenceSpm,92.99186847417194
860,speedMps,8.295968752358393
860,distanceM,6879.811220836966
860,activeEnergyKcal,48.62043269598469
860,heartRateBpm,183.19154194300623
861,powerWatts,248.43759836152822
861,cadenceSpm,92.91715105797118
861,speedMps,8.310902377263835
861,distanceM,6888.12212321423
861,activeEnergyKcal,48.68310195506691
861,heartRateBpm,182.07976212737717
862,powerWatts,238.1549485209162
862,cadenceSpm,92.79906048021057
862,speedMps,8.194622343668573
862,distanceM,6896.316745557899
862,activeEnergyKcal,48.745770109942626
862,heartRateBpm,183.62535935668157
863,powerWatts,233.21903225865037
863,cadenceSpm,93.31175059180873
863,speedMps,8.137613703676186
863,distanceM,6904.454359261575
863,activeEnergyKcal,48.808437160611845
863,heartRateBpm,184.03701277593285
864,powerWatts,232.1768700490397
864,cadenceSpm,92.73365524277187
864,speedMps,8.125474361028612
864,distanceM,6912.5798336226035
864,activeEnergyKcal,48.87110310707456
864,heartRateBpm,183.34169461660545
865,powerWatts,239.03536761121256
865,cadenceSpm,93.37511492889831
865,speedMps,8.204707975861753
865,distanceM,6920.784541598465
865,activeEnergyKcal,48.93376794933077
865,heartRateBpm,181.66598604743658
866,powerWatts,247.59156242670267
866,cadenceSpm,94.6998719343347
866,speedMps,8.301457592748084
866,distanceM,6929.085999191213
866,activeEnergyKcal,48.996431687380486
866,heartRateBpm,180.82857214012807
867,powerWatts,232.17506908476972
867,cadenceSpm,92.64373923416635
867,speedMps,8.125453351576011
867,distanceM,6937.211452542789
867,activeEnergyKcal,49.0590943212237
867,heartRateBpm,180.5925300648488
868,powerWatts,235.0770727240026
868,cadenceSpm,93.29411368378948
868,speedMps,8.159167174684749
868,distanceM,6945.370619717473
868,activeEnergyKcal,49.12175585086041
868,heartRateBpm,181.16184026250207
869,powerWatts,250.61978752275786
869,cadenceSpm,94.15708140364991
869,speedMps,8.33516483301754
869,distanceM,6953.7057845504905
869,activeEnergyKcal,49.18441627629062
869,heartRateBpm,179.6915303494291
870,powerWatts,243.616820505976
870,cadenceSpm,93.7541578848576
870,speedMps,8.256794906797987
870,distanceM,6961.9625794572885
870,activeEnergyKcal,49.24707559751433
870,heartRateBpm,179.6838458965834
871,powerWatts,244.9331716382521
871,cadenceSpm,93.11863621756737
871,speedMps,8.271639699729521
871,distanceM,6970.234219157018
871,activeEnergyKcal,49.30973381453154
871,heartRateBpm,177.58607821426932
872,powerWatts,235.73640347154554
872,cadenceSpm,93.63749709123195
872,speedMps,8.166788176167595
872,distanceM,6978.401007333186
872,activeEnergyKcal,49.372390927342245
872,heartRateBpm,176.49427709384716
873,powerWatts,255.58458286280876
873,cadenceSpm,91.25001978665652
873,speedMps,8.389845395876032
873,distanceM,6986.790852729062
873,activeEnergyKcal,49.43504693594645
873,heartRateBpm,175.72916278483729
874,powerWatts,259.310195332867
874,cadenceSpm,91.72269554649849
874,speedMps,8.43041468335761
874,distanceM,6995.221267412419
874,activeEnergyKcal,49.497701840344156
874,heartRateBpm,175.05790623983395
875,powerWatts,242.61926675938486
875,cadenceSpm,91.14691608476342
875,speedMps,8.245509609621873
875,distanceM,7003.466777022041
875,activeEnergyKcal,49.56035564053536
875,heartRateBpm,173.2373187323584
876,powerWatts,236.99377285709508
876,cadenceSpm,93.88653630410631
876,speedMps,8.18128242510998
876,distanceM,7011.648059447151
876,activeEnergyKcal,49.623008336520066
876,heartRateBpm,171.10332153146177
877,powerWatts,237.5085256870019
877,cadenceSpm,92.34805257664983
877,speedMps,8.187201417383978
877,distanceM,7019.8352608645355
877,activeEnergyKcal,49.68565992829827
877,heartRateBpm,170.44765384142787
878,powerWatts,222.1686112192103
878,cadenceSpm,94.12309406749561
878,speedMps,8.007002675479331
878,distanceM,7027.842263540015
878,activeEnergyKcal,49.74831041586997
878,heartRateBpm,172.01397060465675
879,powerWatts,233.91997858882027
879,cadenceSpm,94.36614749097787
879,speedMps,8.145758158252322
879,distanceM,7035.988021698267
879,activeEnergyKcal,49.81095979923517
879,heartRateBpm,171.1391203356374
880,powerWatts,235.19112792051618
880,cadenceSpm,91.98439167506072
880,speedMps,8.160486522055255
880,distanceM,7044.148508220323
880,activeEnergyKcal,49.87360807839387
880,heartRateBpm,171.63619166454222
881,powerWatts,246.99038577831095
881,cadenceSpm,92.59529906325673
881,speedMps,8.29473322901805
881,distanceM,7052.44324144934
881,activeEnergyKcal,49.93625525334607
881,heartRateBpm,170.99116694686012
882,powerWatts,236.41400284718594
882,cadenceSpm,93.35689122045848
882,speedMps,8.174605547350785
882,distanceM,7060.617846996691
882,activeEnergyKcal,49.99890132409177
882,heartRateBpm,170.31695357213246
883,powerWatts,238.28597396810946
883,cadenceSpm,93.36393136072326
883,speedMps,8.196124876953162
883,distanceM,7068.813971873644
883,activeEnergyKcal,50.061546290630965
883,heartRateBpm,169.51898945818334
884,powerWatts,233.41178846789728
884,cadenceSpm,91.99956979529748
884,speedMps,8.139855006782074
884,distanceM,7076.953826880426
884,activeEnergyKcal,50.12419015296366
884,heartRateBpm,170.4027155687344
885,powerWatts,244.88623928040997
885,cadenceSpm,94.04666534101447
885,speedMps,8.271111348329878
885,distanceM,7085.224938228756
885,activeEnergyKcal,50.18683291108986
885,heartRateBpm,172.5499567541432
886,powerWatts,247.24190830235653
886,cadenceSpm,90.77655375982857
886,speedMps,8.297547919467855
886,distanceM,7093.522486148224
886,activeEnergyKcal,50.24947456500955
886,heartRateBpm,171.0616882816995
887,powerWatts,246.82201047248654
887,cadenceSpm,94.46325988506752
887,speedMps,8.292847938727364
887,distanceM,7101.815334086951
887,activeEnergyKcal,50.312115114722744
887,heartRateBpm,171.56109889535193
888,powerWatts,247.98075793182883
888,cadenceSpm,93.02502191468612
888,speedMps,8.305805073359725
888,distanceM,7110.121139160311
888,activeEnergyKcal,50.374754560229434
888,heartRateBpm,170.59424580314774
889,powerWatts,231.73861186821264
889,cadenceSpm,92.92006900769199
889,speedMps,8.12035857927478
889,distanceM,7118.241497739586
889,activeEnergyKcal,50.43739290152963
889,heartRateBpm,168.14906213903964
890,powerWatts,243.7128646453801
890,cadenceSpm,93.24608987645067
890,speedMps,8.257879824454818
890,distanceM,7126.4993775640405
890,activeEnergyKcal,50.500030138623316
890,heartRateBpm,169.6320576000742
891,powerWatts,246.5730346773459
891,cadenceSpm,93.11439973723007
891,speedMps,8.290058596669388
891,distanceM,7134.78943616071
891,activeEnergyKcal,50.56266627151051
891,heartRateBpm,167.6766033677036
892,powerWatts,238.51800530529633
892,cadenceSpm,91.55189545133061
892,speedMps,8.198784343695484
892,distanceM,7142.988220504405
892,activeEnergyKcal,50.6253013001912
892,heartRateBpm,167.57991159535908
893,powerWatts,227.1825455744569
893,cadenceSpm,92.66968127720997
893,speedMps,8.066789556461611
893,distanceM,7151.055010060867
893,activeEnergyKcal,50.68793522466538
893,heartRateBpm,168.87080207911904
894,powerWatts,239.19031944953804
894,cadenceSpm,93.69669006866313
894,speedMps,8.206480461088791
894,distanceM,7159.261490521956
894,activeEnergyKcal,50.75056804493307
894,heartRateBpm,166.41000091400616
895,powerWatts,246.55526069177404
895,cadenceSpm,93.14357937575241
895,speedMps,8.28985939818757
895,distanceM,7167.551349920143
895,activeEnergyKcal,50.81319976099425
895,heartRateBpm,168.02780804538577
896,powerWatts,240.97878500601266
896,cadenceSpm,93.29177964663911
896,speedMps,8.226883430123051
896,distanceM,7175.778233350266
896,activeEnergyKcal,50.87583037284894
896,heartRateBpm,166.99588426561195
897,powerWatts,239.47284433669932
897,cadenceSpm,92.29888384987005
897,speedMps,8.20971027784079
897,distanceM,7183.987943628107
897,activeEnergyKcal,50.93845988049712
897,heartRateBpm,165.89884382628372
898,powerWatts,221.4010087876315
898,cadenceSpm,92.90745371308087
898,speedMps,7.997770518025371
898,distanceM,7191.9857141461325
898,activeEnergyKcal,51.001088283938806
898,heartRateBpm,165.7826133335966
899,powerWatts,242.650150250931
899,cadenceSpm,92.17817922415358
899,speedMps,8.245859457245977
899,distanceM,7200.231573603379
899,activeEnergyKcal,51.06371558317399
899,heartRateBpm,167.77497641782867
900,powerWatts,245.56731308620257
900,cadenceSpm,93.7809643680215
900,speedMps,8.278772079556854
900,distanceM,7208.510345682936
900,activeEnergyKcal,51.126341778202665
900,heartRateBpm,168.08553716467975
901,powerWatts,243.4306046831216
901,cadenceSpm,91.5329583859143
901,speedMps,8.254690594272288
901,distanceM,7216.765036277208
901,activeEnergyKcal,51.188966869024846
901,heartRateBpm,169.01753906297384
902,powerWatts,239.31043266380394
902,cadenceSpm,92.4755909315929
902,speedMps,8.207853902675922
902,distanceM,7224.972890179884
902,activeEnergyKcal,51.25159085564052
902,heartRateBpm,169.13381833202843
903,powerWatts,239.4906148504963
903,cadenceSpm,92.80898885219959
903,speedMps,8.209913344931227
903,distanceM,7233.182803524815
903,activeEnergyKcal,51.3142137380497
903,heartRateBpm,169.26961402944835
904,powerWatts,242.0813284237634
904,cadenceSpm,92.50838005909857
904,speedMps,8.23941108603404
904,distanceM,7241.42221461085
904,activeEnergyKcal,51.37683551625238
904,heartRateBpm,168.61951808654084
905,powerWatts,237.09387966571626
905,cadenceSpm,92.10004187159453
905,speedMps,8.182434194873043
905,distanceM,7249.604648805723
905,activeEnergyKcal,51.439456190248556
905,heartRateBpm,167.69862290459773
906,powerWatts,224.2635372856638
906,cadenceSpm,93.17073995246881
906,speedMps,8.032091172600698
906,distanceM,7257.636739978323
906,activeEnergyKcal,51.50207576003823
906,heartRateBpm,167.45791308437725
907,powerWatts,236.59653786014982
907,cadenceSpm,93.21168516315838
907,speedMps,8.176708874348654
907,distanceM,7265.813448852672
907,activeEnergyKcal,51.5646942256214
907,heartRateBpm,167.29218441041778
908,powerWatts,250.41562430049584
908,cadenceSpm,91.59852876840623
908,speedMps,8.332900850548471
908,distanceM,7274.146349703221
908,activeEnergyKcal,51.627311586998076
908,heartRateBpm,166.5868705099879
909,powerWatts,239.51723395337896
909,cadenceSpm,94.79961058273952
909,speedMps,8.210217507764192
909,distanceM,7282.356567210985
909,activeEnergyKcal,51.689927844168245
909,heartRateBpm,166.19994329762457
910,powerWatts,234.2979797214639
910,cadenceSpm,93.03424662787602
910,speedMps,8.150143488033022
910,distanceM,7290.506710699018
910,activeEnergyKcal,51.75254299713192
910,heartRateBpm,164.94761619398844
911,powerWatts,241.04483429711817
911,cadenceSpm,93.36422560720355
911,speedMps,8.22763499030923
911,distanceM,7298.734345689328
911,activeEnergyKcal,51.81515704588909
911,heartRateBpm,165.86229457459763
912,powerWatts,250.994420026308
912,cadenceSpm,92.70413455035718
912,speedMps,8.33931596711353
912,distanceM,7307.073661656441
912,activeEnergyKcal,51.87776999043976
912,heartRateBpm,164.753480184119
913,powerWatts,236.54191698541499
913,cadenceSpm,93.7081852825242
913,speedMps,8.17607959863656
913,distanceM,7315.249741255077
913,activeEnergyKcal,51.94038183078393
913,heartRateBpm,165.25902035822398
914,powerWatts,251.32057786369774
914,cadenceSpm,91.49285988224268
914,speedMps,8.34292661306631
914,distanceM,7323.5926678681435
914,activeEnergyKcal,52.00299256692159
914,heartRateBpm,164.82424244539234
915,powerWatts,245.9514207657343
915,cadenceSpm,95.27123950535766
915,speedMps,8.283086284827203
915,distanceM,7331.87575415297
915,activeEnergyKcal,52.06560219885276
915,heartRateBpm,164.097280993431
916,powerWatts,235.2143646091477
916,cadenceSpm,91.4663174897266
916,speedMps,8.160755262974691
916,distanceM,7340.036509415945
916,activeEnergyKcal,52.12821072657742
916,heartRateBpm,165.62965552151954
917,powerWatts,250.33857547515058
917,cadenceSpm,91.77472045272874
917,speedMps,8.332046130076247
917,distanceM,7348.3685555460215
917,activeEnergyKcal,52.19081815009559
917,heartRateBpm,165.79544733586553
918,powerWatts,253.50177692113056
918,cadenceSpm,92.93832837361184
918,speedMps,8.366993074160273
918,distanceM,7356.735548620181
918,activeEnergyKcal,52.25342446940725
918,heartRateBpm,166.36021144345335
919,powerWatts,241.34570181621024
919,cadenceSpm,92.92151700815086
919,speedMps,8.231056758879244
919,distanceM,7364.966605379061
919,activeEnergyKcal,52.316029684512415
919,heartRateBpm,168.33362017782005
920,powerWatts,233.2132552441899
920,cadenceSpm,92.71296413348725
920,speedMps,8.137546511475277
920,distanceM,7373.104151890536
920,activeEnergyKcal,52.378633795411076
920,heartRateBpm,169.5552279874737
921,powerWatts,241.32857864941175
921,cadenceSpm,92.75835960153998
921,speedMps,8.23086209331571
921,distanceM,7381.335013983851
921,activeEnergyKcal,52.441236802103234
921,heartRateBpm,168.56285195175494
922,powerWatts,235.62530242032153
922,cadenceSpm,93.04769172988253
922,speedMps,8.165504989641684
922,distanceM,7389.500518973493
922,activeEnergyKcal,52.503838704588894
922,heartRateBpm,167.40657589258407
923,powerWatts,240.19579067854033
923,cadenceSpm,92.71137245044807
923,speedMps,8.217963429939665
923,distanceM,7397.718482403433
923,activeEnergyKcal,52.56643950286805
923,heartRateBpm,168.39596108683676
924,powerWatts,239.22426521536443
924,cadenceSpm,92.12407412164598
924,speedMps,8.206868662538932
924,distanceM,7405.925351065972
924,activeEnergyKcal,52.62903919694071
924,heartRateBpm,167.54463515670446
925,powerWatts,249.21862546657258
925,cadenceSpm,91.84117645972897
925,speedMps,8.319602415476952
925,distanceM,7414.244953481449
925,activeEnergyKcal,52.691637786806865
925,heartRateBpm,166.99593326934826
926,powerWatts,237.12208166554123
926,cadenceSpm,91.77595539213019
926,speedMps,8.182758611877663
926,distanceM,7422.427712093327
926,activeEnergyKcal,52.754235272466524
926,heartRateBpm,165.8253179810618
927,powerWatts,240.85191729628528
927,cadenceSpm,91.77069292167975
927,speedMps,8.225439445368096
927,distanceM,7430.653151538695
927,activeEnergyKcal,52.81683165391968
927,heartRateBpm,165.52938926990603
928,powerWatts,239.4225427314396
928,cadenceSpm,91.29532923187658
928,speedMps,8.209135417220581
928,distanceM,7438.862286955916
928,activeEnergyKcal,52.87942693116633
928,heartRateBpm,165.23932294425703
929,powerWatts,239.19272823076074
929,cadenceSpm,91.31152505019362
929,speedMps,8.206508008956291
929,distanceM,7447.068794964872
929,activeEnergyKcal,52.94202110420648
929,heartRateBpm,165.84787673286573
930,powerWatts,214.81198913689025
930,cadenceSpm,91.78739357110496
930,speedMps,7.9176307829937205
930,distanceM,7454.986425747866
930,activeEnergyKcal,53.00461417304013
930,heartRateBpm,164.6824476988289
931,powerWatts,241.17497801288164
931,cadenceSpm,94.12629892067073
931,speedMps,8.229115465011981
931,distanceM,7463.215541212878
931,activeEnergyKcal,53.067206137667284
931,heartRateBpm,164.21499255254537
932,powerWatts,230.07945332801214
932,cadenceSpm,93.10499434213182
932,speedMps,8.10093260559995
932,distanceM,7471.316473818478
932,activeEnergyKcal,53.12979699808793
932,heartRateBpm,166.0240212173592
933,powerWatts,228.26713326805483
933,cadenceSpm,92.88850245114466
933,speedMps,8.079606348695163
933,distanceM,7479.396080167173
933,activeEnergyKcal,53.192386754302085
933,heartRateBpm,164.49949875522265
934,powerWatts,221.3278430290674
934,cadenceSpm,92.8587756637061
934,speedMps,7.996889420839083
934,distanceM,7487.3929695880115
934,activeEnergyKcal,53.25497540630973
934,heartRateBpm,164.37617365084498
935,powerWatts,218.08774786820047
935,cadenceSpm,93.177043351439
935,speedMps,7.957674352191084
935,distanceM,7495.350643940203
935,activeEnergyKcal,53.317562954110876
935,heartRateBpm,166.81551390633206
936,powerWatts,236.69134302631633
936,cadenceSpm,91.4187538085941
936,speedMps,8.177800875007174
936,distanceM,7503.52844481521
936,activeEnergyKcal,53.38014939770552
936,heartRateBpm,167.09700979472422
937,powerWatts,246.19324760790178
937,cadenceSpm,93.7282011446524
937,speedMps,8.285800122188569
937,distanceM,7511.814244937398
937,activeEnergyKcal,53.442734737093666
937,heartRateBpm,168.97609505266618
938,powerWatts,241.4088958460802
938,cadenceSpm,93.69310469144267
938,speedMps,8.231775103630238
938,distanceM,7520.046020041028
938,activeEnergyKcal,53.50531897227531
938,heartRateBpm,170.7138469243249
939,powerWatts,236.81704394159945
939,cadenceSpm,93.38267895984978
939,speedMps,8.179248294702006
939,distanceM,7528.22526833573
939,activeEnergyKcal,53.567902103250454
939,heartRateBpm,171.89215620477253
940,powerWatts,233.96969435174537
940,cadenceSpm,93.99151928573268
940,speedMps,8.146335198738887
940,distanceM,7536.371603534469
940,activeEnergyKcal,53.6304841300191
940,heartRateBpm,171.47761484110802
941,powerWatts,245.26522855630012
941,cadenceSpm,92.13180625338853
941,speedMps,8.275375977240447
941,distanceM,7544.646979511709
941,activeEnergyKcal,53.69306505258124
941,heartRateBpm,170.4665720984939
942,powerWatts,240.1538648638333
942,cadenceSpm,95.28665225584623
942,speedMps,8.217485257723578
942,distanceM,7552.864464769433
942,activeEnergyKcal,53.75564487093688
942,heartRateBpm,168.36525390718464
943,powerWatts,248.0033458554569
943,cadenceSpm,93.9705771395087
943,speedMps,8.306057250445546
943,distanceM,7561.170522019878
943,activeEnergyKcal,53.81822358508602
943,heartRateBpm,166.616684306579
944,powerWatts,254.66397941489004
944,cadenceSpm,91.29364222494283
944,speedMps,8.379760003133345
944,distanceM,7569.550282023011
944,activeEnergyKcal,53.88080119502865
944,heartRateBpm,167.44539856717464
945,powerWatts,231.77795972957068
945,cadenceSpm,91.51071012703575
945,speedMps,8.120818149734427
945,distanceM,7577.671100172745
945,activeEnergyKcal,53.94337770076479
945,heartRateBpm,166.67792798959655
946,powerWatts,221.58670511707567
946,cadenceSpm,93.58501905117609
946,speedMps,8.000005891166943
946,distanceM,7585.671106063913
946,activeEnergyKcal,54.00595310229443
946,heartRateBpm,167.76608172269675
947,powerWatts,243.19605765968075
947,cadenceSpm,93.59047495298657
947,speedMps,8.252038592396538
947,distanceM,7593.923144656309
947,activeEnergyKcal,54.068527399617565
947,heartRateBpm,167.2913003158248
948,powerWatts,248.6252708812618
948,cadenceSpm,93.03101871707553
948,speedMps,8.312994566503235
948,distanceM,7602.236139222812
948,activeEnergyKcal,54.1311005927342
948,heartRateBpm,169.9004952945163
949,powerWatts,238.03744752418166
949,cadenceSpm,93.74113054259972
949,speedMps,8.193274433134661
949,distanceM,7610.4294136559465
949,activeEnergyKcal,54.19367268164434
949,heartRateBpm,168.6288856244775
950,powerWatts,229.1025059548378
950,cadenceSpm,93.42152887479287
950,speedMps,8.089450466470089
950,distanceM,7618.518864122417
950,activeEnergyKcal,54.25624366634797
950,heartRateBpm,168.6566030886804
951,powerWatts,238.77203789385572
951,cadenceSpm,92.59195857112672
951,speedMps,8.201694004447505
951,distanceM,7626.7205581268645
951,activeEnergyKcal,54.3188135468451
951,heartRateBpm,167.68234557551887
952,powerWatts,259.2361566348724
952,cadenceSpm,94.79373457224015
952,speedMps,8.42961225142765
952,distanceM,7635.150170378292
952,activeEnergyKcal,54.38138232313573
952,heartRateBpm,167.69475483832827
953,powerWatts,231.99706312199046
953,cadenceSpm,94.1966953155766
953,speedMps,8.123376256691161
953,distanceM,7643.273546634983
953,activeEnergyKcal,54.44394999521986
953,heartRateBpm,167.5468222718318
954,powerWatts,243.45417171103534
954,cadenceSpm,95.32776982302174
954,speedMps,8.254956970318624
954,distanceM,7651.528503605302
954,activeEnergyKcal,54.50651656309749
954,heartRateBpm,167.6092439949913
955,powerWatts,230.03792524806408
955,cadenceSpm,91.39589166647134
955,speedMps,8.100445184965489
955,distanceM,7659.628948790268
955,activeEnergyKcal,54.56908202676862
955,heartRateBpm,167.78501927064846
956,powerWatts,248.3915874020894
956,cadenceSpm,92.44911289394533
956,speedMps,8.310389282354338
956,distanceM,7667.939338072622
956,activeEnergyKcal,54.63164638623325
956,heartRateBpm,166.02883982506083
957,powerWatts,248.0741531943354
957,cadenceSpm,90.69044732578416
957,speedMps,8.30684766161935
957,distanceM,7676.246185734241
957,activeEnergyKcal,54.694209641491376
957,heartRateBpm,165.6721582833637
958,powerWatts,232.4829885532873
958,cadenceSpm,93.49857645471435
958,speedMps,8.129043860561815
958,distanceM,7684.375229594803
958,activeEnergyKcal,54.756771792543
958,heartRateBpm,168.26276451504114
959,powerWatts,237.93165348213495
959,cadenceSpm,92.0140125686697
959,speedMps,8.192060439181313
959,distanceM,7692.567290033985
959,activeEnergyKcal,54.819332839388125
959,heartRateBpm,168.25094945670978
960,powerWatts,231.19488605214775
960,cadenceSpm,92.23311604781601
960,speedMps,8.114002702398436
960,distanceM,7700.6812927363835
960,activeEnergyKcal,54.881892782026746
960,heartRateBpm,168.37287077201057
961,powerWatts,229.61133694634572
961,cadenceSpm,94.05102703687945
961,speedMps,8.095434861301166
961,distanceM,7708.776727597685
961,activeEnergyKcal,54.94445162045887
961,heartRateBpm,167.7209474548736
962,powerWatts,248.53389046401597
962,cadenceSpm,90.36314296419211
962,speedMps,8.311975981390932
962,distanceM,7717.088703579076
962,activeEnergyKcal,55.00700935468449
962,heartRateBpm,168.19738650196476
963,powerWatts,238.66990392186048
963,cadenceSpm,93.59433003764984
963,speedMps,8.20052442158421
963,distanceM,7725.28922800066
963,activeEnergyKcal,55.069565984703615
963,heartRateBpm,168.5280657330356
964,powerWatts,247.65544448208365
964,cadenceSpm,92.25962220142912
964,speedMps,8.302171495065746
964,distanceM,7733.591399495725
964,activeEnergyKcal,55.132121510516235
964,heartRateBpm,169.6154821028258
965,powerWatts,262.2706557025714
965,cadenceSpm,94.06543289314595
965,speedMps,8.462375796728587
965,distanceM,7742.053775292454
965,activeEnergyKcal,55.19467593212235
965,heartRateBpm,169.4234492672841
966,powerWatts,238.5001676776171
966,cadenceSpm,94.11469350548343
966,speedMps,8.19857995589925
966,distanceM,7750.252355248353
966,activeEnergyKcal,55.25722924952197
966,heartRateBpm,169.8414680183974
967,powerWatts,233.69463402299954
967,cadenceSpm,90.73728719814375
967,speedMps,8.143141605220208
967,distanceM,7758.395496853573
967,activeEnergyKcal,55.319781462715085
967,heartRateBpm,167.27300953509584
968,powerWatts,236.92891112321044
968,cadenceSpm,95.13229467741378
968,speedMps,8.18053599117765
968,distanceM,7766.57603284475
968,activeEnergyKcal,55.3823325717017
968,heartRateBpm,165.91748557057153
969,powerWatts,228.4497597590896
969,cadenceSpm,94.15630065867887
969,speedMps,8.081760486849742
969,distanceM,7774.6577933316
969,activeEnergyKcal,55.44488257648182
969,heartRateBpm,164.82477773762707
970,powerWatts,234.40895486809598
970,cadenceSpm,94.42946091282809
970,speedMps,8.151430055687484
970,distanceM,7782.809223387288
970,activeEnergyKcal,55.507431477055434
970,heartRateBpm,165.89058856047367
971,powerWatts,235.96103512345294
971,cadenceSpm,91.44466116132872
971,speedMps,8.16938137871601
971,distanceM,7790.978604766004
971,activeEnergyKcal,55.56997927342255
971,heartRateBpm,167.19503193937445
972,powerWatts,236.91166832502685
972,cadenceSpm,94.74977225628571
972,speedMps,8.180337536779907
972,distanceM,7799.1589423027835
972,activeEnergyKcal,55.632525965583156
972,heartRateBpm,167.06534472657927
973,powerWatts,236.2631792967565
973,cadenceSpm,92.05828394155496
973,speedMps,8.172866810365615
973,distanceM,7807.33180911315
973,activeEnergyKcal,55.69507155353727
973,heartRateBpm,167.8812705982445
974,powerWatts,235.36354226671537
974,cadenceSpm,93.9365652703078
974,speedMps,8.16248013648146
974,distanceM,7815.494289249631
974,activeEnergyKcal,55.757616037284876
974,heartRateBpm,165.12576529504128
975,powerWatts,242.54472776047353
975,cadenceSpm,94.63378347067089
975,speedMps,8.24466511089703
975,distanceM,7823.738954360528
975,activeEnergyKcal,55.82015941682599
975,heartRateBpm,165.09283471612721
976,powerWatts,235.82697791250644
976,cadenceSpm,91.0937933715493
976,speedMps,8.16783398771374
976,distanceM,7831.906788348241
976,activeEnergyKcal,55.882701692160595
976,heartRateBpm,164.38138156221197
977,powerWatts,223.40388770197148
977,cadenceSpm,92.63683413015816
977,speedMps,8.021815129733662
977,distanceM,7839.928603477975
977,activeEnergyKcal,55.945242863288705
977,heartRateBpm,162.6002073605957
978,powerWatts,234.1178778970262
978,cadenceSpm,92.56267179179625
978,speedMps,8.148054649450494
978,distanceM,7848.076658127426
978,activeEnergyKcal,56.00778293021031
978,heartRateBpm,162.59202065138774
979,powerWatts,245.69173041980923
979,cadenceSpm,94.7658311645435
979,speedMps,8.280169997476099
979,distanceM,7856.356828124902
979,activeEnergyKcal,56.07032189292541
979,heartRateBpm,160.91982343669974
980,powerWatts,234.44808254424703
980,cadenceSpm,93.56480132116359
980,speedMps,8.151883577569027
980,distanceM,7864.5087117024705
980,activeEnergyKcal,56.13285975143402
980,heartRateBpm,160.6392189557756
981,powerWatts,251.8295927637002
981,cadenceSpm,92.01861956118886
981,speedMps,8.348555294168106
981,distanceM,7872.857266996639
981,activeEnergyKcal,56.19539650573612
981,heartRateBpm,159.27397487096624
982,powerWatts,245.94158390407136
982,cadenceSpm,90.47370598224273
982,speedMps,8.282975855621363
982,distanceM,7881.140242852261
982,activeEnergyKcal,56.257932155831725
982,heartRateBpm,159.0046611186268
983,powerWatts,241.68704416852256
983,cadenceSpm,92.7770034269231
983,speedMps,8.234935406429345
983,distanceM,7889.37517825869
983,activeEnergyKcal,56.320466701720825
983,heartRateBpm,158.04486386848478
984,powerWatts,247.840854035993
984,cadenceSpm,94.50186048139891
984,speedMps,8.304242810906349
984,distanceM,7897.679421069596
984,activeEnergyKcal,56.38300014340343
984,heartRateBpm,159.76439047269136
985,powerWatts,225.83016810146
985,cadenceSpm,93.03273243841572
985,speedMps,8.050750965915977
985,distanceM,7905.730172035512
985,activeEnergyKcal,56.44553248087953
985,heartRateBpm,160.537821369689
986,powerWatts,244.68591678719196
986,cadenceSpm,92.39201754089451
986,speedMps,8.268855414243399
986,distanceM,7913.999027449755
986,activeEnergyKcal,56.508063714149124
986,heartRateBpm,160.66511190766118
987,powerWatts,242.1733520402693
987,cadenceSpm,92.42359031744014
987,speedMps,8.240454983630814
987,distanceM,7922.239482433386
987,activeEnergyKcal,56.57059384321222
987,heartRateBpm,160.29742324206183
988,powerWatts,245.59227265831964
988,cadenceSpm,92.99458882466624
988,speedMps,8.279052556093337
988,distanceM,7930.518534989479
988,activeEnergyKcal,56.63312286806882
988,heartRateBpm,158.6241525829729
989,powerWatts,242.17905385884114
989,cadenceSpm,92.56826321150676
989,speedMps,8.240519655225393
989,distanceM,7938.7590546447045
989,activeEnergyKcal,56.695650788718915
989,heartRateBpm,160.32615653581445
990,powerWatts,245.5177346893602
990,cadenceSpm,90.93700118783049
990,speedMps,8.278214899168145
990,distanceM,7947.037269543873
990,activeEnergyKcal,56.75817760516251
990,heartRateBpm,161.68051613306255
991,powerWatts,233.74394598199643
991,cadenceSpm,92.57250996242271
991,speedMps,8.143714327005787
991,distanceM,7955.180983870879
991,activeEnergyKcal,56.820703317399605
991,heartRateBpm,162.63431443702842
992,powerWatts,236.01861347720242
992,cadenceSpm,92.14246470854555
992,speedMps,8.17004581225377
992,distanceM,7963.351029683133
992,activeEnergyKcal,56.8832279254302
992,heartRateBpm,163.43229319580868
993,powerWatts,231.5019335470008
993,cadenceSpm,93.0027091579617
993,speedMps,8.11759315391682
993,distanceM,7971.468622837049
993,activeEnergyKcal,56.94575142925429
993,heartRateBpm,164.95300376760932
994,powerWatts,242.79746670866433
994,cadenceSpm,92.46986670186466
994,speedMps,8.24752784697887
994,distanceM,7979.716150684028
994,activeEnergyKcal,57.00827382887188
994,heartRateBpm,166.8273597829765
995,powerWatts,252.3065502808258
995,cadenceSpm,90.14623186747727
995,speedMps,8.353822605995157
995,distanceM,7988.069973290024
995,activeEnergyKcal,57.07079512428297
995,heartRateBpm,166.84599004789376
996,powerWatts,235.83906129179553
996,cadenceSpm,92.44769411844862
996,speedMps,8.167973487374763
996,distanceM,7996.237946777399
996,activeEnergyKcal,57.13331531548756
996,heartRateBpm,167.57220044122988
997,powerWatts,247.45353219635285
997,cadenceSpm,95.34687628773838
997,speedMps,8.299914641535967
997,distanceM,8004.537861418935
997,activeEnergyKcal,57.195834402485644
997,heartRateBpm,164.84080332923006
998,powerWatts,228.56752819278955
998,cadenceSpm,91.56660924241021
998,speedMps,8.083148994577401
998,distanceM,8012.6210104135125
998,activeEnergyKcal,57.258352385277234
998,heartRateBpm,164.40529737051668
999,powerWatts,240.12208597988234
999,cadenceSpm,93.44036013396851
999,speedMps,8.217122776181284
999,distanceM,8020.8381331896935
999,activeEnergyKcal,57.32086926386232
999,heartRateBpm,166.46945847821235
1000,powerWatts,238.217688745713
1000,cadenceSpm,94.39734531496259
1000,speedMps,8.195341885448114
1000,distanceM,8029.033475075142
1000,activeEnergyKcal,57.3833850382409
1000,heartRateBpm,165.6159856823882
1001,powerWatts,226.33913252128872
1001,cadenceSpm,93.63360712654055
1001,speedMps,8.056794550789395
1001,distanceM,8037.090269625931
1001,activeEnergyKcal,57.44589970841299
1001,heartRateBpm,165.1463814925783
1002,powerWatts,237.74728858189988
1002,cadenceSpm,92.57405266904533
1002,speedMps,8.189943978912602
1002,distanceM,8045.280213604843
1002,activeEnergyKcal,57.50841327437857
1002,heartRateBpm,165.8192020805862
1003,powerWatts,245.38230440214818
1003,cadenceSpm,93.56695376645469
1003,speedMps,8.27669250103139
1003,distanceM,8053.556906105874
1003,activeEnergyKcal,57.57092573613765
1003,heartRateBpm,166.425114231886
1004,powerWatts,250.54013103429605
1004,cadenceSpm,92.6631496867231
1004,speedMps,8.334281662108632
1004,distanceM,8061.891187767983
1004,activeEnergyKcal,57.63343709369023
1004,heartRateBpm,165.47468075395435
1005,powerWatts,251.22039461950612
1005,cadenceSpm,93.65908461822183
1005,speedMps,8.341817892952376
1005,distanceM,8070.233005660935
1005,activeEnergyKcal,57.695947347036316
1005,heartRateBpm,167.0670386592895
1006,powerWatts,227.5398029999527
1006,cadenceSpm,92.76315303218276
1006,speedMps,8.071015836432478
1006,distanceM,8078.304021497368
1006,activeEnergyKcal,57.758456496175896
1006,heartRateBpm,167.66213296820303
1007,powerWatts,228.23658241069893
1007,cadenceSpm,93.52834062309901
1007,speedMps,8.079245879347267
1007,distanceM,8086.383267376716
1007,activeEnergyKcal,57.82096454110897
1007,heartRateBpm,166.66504408893445
1008,powerWatts,229.8294419875645
1008,cadenceSpm,93.57112923192537
1008,speedMps,8.097997302125789
1008,distanceM,8094.481264678841
1008,activeEnergyKcal,57.88347148183555
1008,heartRateBpm,165.58160275444754
1009,powerWatts,238.50318508612472
1009,cadenceSpm,91.8999455566491
1009,speedMps,8.198614530802383
1009,distanceM,8102.679879209643
1009,activeEnergyKcal,57.945977318355624
1009,heartRateBpm,164.89296690673098
1010,powerWatts,224.55775422141693
1010,cadenceSpm,92.10881329728984
1010,speedMps,8.035602138013019
1010,distanceM,8110.715481347656
1010,activeEnergyKcal,58.0084820506692
1010,heartRateBpm,164.63275704365253
1011,powerWatts,261.05627433077086
1011,cadenceSpm,92.29215381319798
1011,speedMps,8.449294585560578
1011,distanceM,8119.164775933217
1011,activeEnergyKcal,58.070985678776275
1011,heartRateBpm,164.54409417568013
1012,powerWatts,239.10492358694944
1012,cadenceSpm,92.23455262726019
1012,speedMps,8.2055037174147
1012,distanceM,8127.370279650632
1012,activeEnergyKcal,58.13348820267685
1012,heartRateBpm,163.86876048169796
1013,powerWatts,244.02643722920246
1013,cadenceSpm,93.66171223208457
1013,speedMps,8.261419967131495
1013,distanceM,8135.631699617764
1013,activeEnergyKcal,58.195989622370924
1013,heartRateBpm,164.66696648504652
1014,powerWatts,241.01617036825704
1014,cadenceSpm,95.14205557364697
1014,speedMps,8.227308846705354
1014,distanceM,8143.859008464469
1014,activeEnergyKcal,58.25848993785849
1014,heartRateBpm,166.27098125163857
1015,powerWatts,240.580667975527
1015,cadenceSpm,90.33220268713575
1015,speedMps,8.22235043395448
1015,distanceM,8152.081358898424
1015,activeEnergyKcal,58.320989149139564
1015,heartRateBpm,167.04406981846031
1016,powerWatts,230.99717374559785
1016,cadenceSpm,91.52904075162543
1016,speedMps,8.111689076094663
1016,distanceM,8160.193047974519
1016,activeEnergyKcal,58.38348725621413
1016,heartRateBpm,166.39640901344595
1017,powerWatts,248.167172498355
1017,cadenceSpm,91.10093034738938
1017,speedMps,8.307885792919913
1017,distanceM,8168.500933767438
1017,activeEnergyKcal,58.4459842590822
1017,heartRateBpm,164.79517198578583
1018,powerWatts,223.14490396868814
1018,cadenceSpm,91.84973039564642
1018,speedMps,8.01871413484106
1018,distanceM,8176.51964790228
1018,activeEnergyKcal,58.50848015774377
1018,heartRateBpm,164.60594318984252
1019,powerWatts,248.72181163262152
1019,cadenceSpm,93.86544122405452
1019,speedMps,8.314070400945097
1019,distanceM,8184.8337183032245
1019,activeEnergyKcal,58.57097495219884
1019,heartRateBpm,165.65583384893912
1020,powerWatts,245.45077560136255
1020,cadenceSpm,93.29966971983967
1020,speedMps,8.277462269058988
1020,distanceM,8193.111180572283
1020,activeEnergyKcal,58.633468642447404
1020,heartRateBpm,163.1587261431028
1021,powerWatts,230.04340908745561
1021,cadenceSpm,93.53028483829796
1021,speedMps,8.10050955288419
1021,distanceM,8201.211690125167
1021,activeEnergyKcal,58.695961228489466
1021,heartRateBpm,164.23961763787568
1022,powerWatts,244.39760832063024
1022,cadenceSpm,91.23266213483069
1022,speedMps,8.265606462823516
1022,distanceM,8209.47729658799
1022,activeEnergyKcal,58.75845271032503
1022,heartRateBpm,163.22920325841787
1023,powerWatts,240.48935805816348
1023,cadenceSpm,92.6120043453651
1023,speedMps,8.221310066152016
1023,distanceM,8217.698606654141
1023,activeEnergyKcal,58.82094308795409
1023,heartRateBpm,164.80313167552274
1024,powerWatts,242.72681284430294
1024,cadenceSpm,92.22145865909502
1024,speedMps,8.246727761411655
1024,distanceM,8225.945334415554
1024,activeEnergyKcal,58.883432361376656
1024,heartRateBpm,166.56328869725155
1025,powerWatts,236.78516125511294
1025,cadenceSpm,92.80465762363146
1025,speedMps,8.17888122073865
1025,distanceM,8234.124215636291
1025,activeEnergyKcal,58.945920530592716
1025,heartRateBpm,168.9853888626222
1026,powerWatts,233.37019284482443
1026,cadenceSpm,93.71629556477707
1026,speedMps,8.139371451577588
1026,distanceM,8242.26358708787
1026,activeEnergyKcal,59.00840759560228
1026,heartRateBpm,170.8156840914093
1027,powerWatts,218.50612997834202
1027,cadenceSpm,94.60601751995436
1027,speedMps,7.962759800388651
1027,distanceM,8250.226346888257
1027,activeEnergyKcal,59.07089355640534
1027,heartRateBpm,172.25251013137867
1028,powerWatts,238.82959003459328
1028,cadenceSpm,93.61174726304218
1028,speedMps,8.202352913438974
1028,distanceM,8258.428699801696
1028,activeEnergyKcal,59.13337841300189
1028,heartRateBpm,170.19536883726317
1029,powerWatts,237.30809631813045
1029,cadenceSpm,90.6948384779078
1029,speedMps,8.184897756331367
1029,distanceM,8266.613597558027
1029,activeEnergyKcal,59.19586216539195
1029,heartRateBpm,171.0085555754741
1030,powerWatts,240.12501342614922
1030,cadenceSpm,92.9935375994119
1030,speedMps,8.217156169038564
1030,distanceM,8274.830753727067
1030,activeEnergyKcal,59.258344813575505
1030,heartRateBpm,171.9860613145246
1031,powerWatts,241.6977561934982
1031,cadenceSpm,91.74788812491754
1031,speedMps,8.235057067247409
1031,distanceM,8283.065810794315
1031,activeEnergyKcal,59.32082635755256
1031,heartRateBpm,173.1503961901284
1032,powerWatts,246.77280224051387
1032,cadenceSpm,91.80184656077466
1032,speedMps,8.292296794596778
1032,distanceM,8291.35810758891
1032,activeEnergyKcal,59.383306797323115
1032,heartRateBpm,172.75027179085924
1033,powerWatts,250.84076714600326
1033,cadenceSpm,93.06611859868019
1033,speedMps,8.337613908717508
1033,distanceM,8299.695721497628
1033,activeEnergyKcal,59.44578613288717
1033,heartRateBpm,171.81602149849599
1034,powerWatts,222.48405216326404
1034,cadenceSpm,93.29886816813186
1034,speedMps,8.010790402349949
1034,distanceM,8307.706511899978
1034,activeEnergyKcal,59.508264364244724
1034,heartRateBpm,173.12271202695234
1035,powerWatts,246.1423093918248
1035,cadenceSpm,92.73209762469189
1035,speedMps,8.285228629410359
1035,distanceM,8315.991740529389
1035,activeEnergyKcal,59.57074149139577
1035,heartRateBpm,173.08776528383504
1036,powerWatts,243.2114570704901
1036,cadenceSpm,91.46067350549264
1036,speedMps,8.25221276442248
1036,distanceM,8324.243953293812
1036,activeEnergyKcal,59.63321751434032
1036,heartRateBpm,174.22314587836468
1037,powerWatts,248.40094667839068
1037,cadenceSpm,91.6756719745597
1037,speedMps,8.310493658208882
1037,distanceM,8332.554446952021
1037,activeEnergyKcal,59.69569243307837
1037,heartRateBpm,175.53138117534033
1038,powerWatts,239.4461992516926
1038,cadenceSpm,92.03537790520318
1038,speedMps,8.209405780487588
1038,distanceM,8340.763852732509
1038,activeEnergyKcal,59.75816624760992
1038,heartRateBpm,175.4480269159075
1039,powerWatts,247.95715646817663
1039,cadenceSpm,91.48240085650612
1039,speedMps,8.305541564505916
1039,distanceM,8349.069394297016
1039,activeEnergyKcal,59.82063895793497
1039,heartRateBpm,175.69461919800816
1040,powerWatts,231.14784152666638
1040,cadenceSpm,92.04155716285933
1040,speedMps,8.113452307725447
1040,distanceM,8357.182846604741
1040,activeEnergyKcal,59.88311056405352
1040,heartRateBpm,173.4471182734016
1041,powerWatts,238.79941157572742
1041,cadenceSpm,91.78953556920403
1041,speedMps,8.202007416332538
1041,distanceM,8365.384854021073
1041,activeEnergyKcal,59.94558106596556
1041,heartRateBpm,173.33744475253405
1042,powerWatts,230.49217304085073
1042,cadenceSpm,93.21068299538814
1042,speedMps,8.105773567226914
1042,distanceM,8373.4906275883
1042,activeEnergyKcal,60.008050463671104
1042,heartRateBpm,175.29737380409276
1043,powerWatts,245.95584727403983
1043,cadenceSpm,92.45636306089915
1043,speedMps,8.283135976117409
1043,distanceM,8381.773763564417
1043,activeEnergyKcal,60.07051875717015
1043,heartRateBpm,173.6360573728311
1044,powerWatts,239.2821167526415
1044,cadenceSpm,91.1231792701237
1044,speedMps,8.207530164137449
1044,distanceM,8389.981293728555
1044,activeEnergyKcal,60.13298594646269
1044,heartRateBpm,170.53049442846338
1045,powerWatts,230.62857908326302
1045,cadenceSpm,94.86921096903154
1045,speedMps,8.107372259908086
1045,distanceM,8398.088665988464
1045,activeEnergyKcal,60.19545203154873
1045,heartRateBpm,169.67889229207375
1046,powerWatts,232.2648645659858
1046,cadenceSpm,94.60555473584712
1046,speedMps,8.126500743606071
1046,distanceM,8406.21516673207
1046,activeEnergyKcal,60.25791701242827
1046,heartRateBpm,171.1924800689798
1047,powerWatts,233.96144999468146
1047,cadenceSpm,92.8316403521863
1047,speedMps,8.146239513860849
1047,distanceM,8414.361406245931
1047,activeEnergyKcal,60.320380889101315
1047,heartRateBpm,172.11396895815932
1048,powerWatts,219.80402941232978
1048,cadenceSpm,92.9581117239632
1048,speedMps,7.978494623781717
1048,distanceM,8422.339900869712
1048,activeEnergyKcal,60.382843661567854
1048,heartRateBpm,171.75780169790858
1049,powerWatts,239.97079198124374
1049,cadenceSpm,92.95858372200593
1049,speedMps,8.215396622934083
1049,distanceM,8430.555297492647
1049,activeEnergyKcal,60.44530532982789
1049,heartRateBpm,172.60494904786572
1050,powerWatts,248.1120672539372
1050,cadenceSpm,93.4736627547588
1050,speedMps,8.307270828469346
1050,distanceM,8438.862568321116
1050,activeEnergyKcal,60.50776589388143
1050,heartRateBpm,174.12285920461818
1051,powerWatts,243.88915096395547
1051,cadenceSpm,95.31458658849706
1051,speedMps,8.259870418833769
1051,distanceM,8447.122438739949
1051,activeEnergyKcal,60.57022535372846
1051,heartRateBpm,174.91552681417505
1052,powerWatts,235.31129009244046
1052,cadenceSpm,91.0247859487293
1052,speedMps,8.161876051276616
1052,distanceM,8455.284314791226
1052,activeEnergyKcal,60.632683709369
1052,heartRateBpm,173.02433830096646
1053,powerWatts,223.7889512919464
1053,cadenceSpm,93.05205891051699
1053,speedMps,8.026421340124775
1053,distanceM,8463.31073613135
1053,activeEnergyKcal,60.69514096080303
1053,heartRateBpm,171.65257497567302
1054,powerWatts,242.31386552421492
1054,cadenceSpm,92.56533596575157
1054,speedMps,8.242048430580244
1054,distanceM,8471.55278456193
1054,activeEnergyKcal,60.757597108030566
1054,heartRateBpm,174.3033036796858
1055,powerWatts,239.90391936809846
1055,cadenceSpm,92.67287982719675
1055,speedMps,8.214633424385479
1055,distanceM,8479.767417986317
1055,activeEnergyKcal,60.8200521510516
1055,heartRateBpm,172.21401111041394
1056,powerWatts,245.63958499814953
1056,cadenceSpm,92.39282704634245
1056,speedMps,8.279584163749716
1056,distanceM,8488.047002150066
1056,activeEnergyKcal,60.882506089866126
1056,heartRateBpm,172.01846767012594
1057,powerWatts,241.0039455244214
1057,cadenceSpm,94.13962772830614
1057,speedMps,8.22716974225407
1057,distanceM,8496.27417189232
1057,activeEnergyKcal,60.94495892447416
1057,heartRateBpm,172.33158387537966
1058,powerWatts,243.93498254798376
1058,cadenceSpm,90.33158201424325
1058,speedMps,8.260387783974165
1058,distanceM,8504.534559676295
1058,activeEnergyKcal,61.007410654875684
1058,heartRateBpm,171.57308511752075
1059,powerWatts,251.7425925579646
1059,cadenceSpm,93.02798948692698
1059,speedMps,8.347593784603683
1059,distanceM,8512.882153460898
1059,activeEnergyKcal,61.069861281070715
1059,heartRateBpm,170.99094249708122
1060,powerWatts,231.10872841624175
1060,cadenceSpm,91.85774457441974
1060,speedMps,8.112994649320825
1060,distanceM,8520.995148110218
1060,activeEnergyKcal,61.13231080305924
1060,heartRateBpm,171.20346339574056
1061,powerWatts,235.90739769372408
1061,cadenceSpm,95.82556257075075
1061,speedMps,8.168762324775543
1061,distanceM,8529.163910434994
1061,activeEnergyKcal,61.19475922084127
1061,heartRateBpm,172.44385680887223
1062,powerWatts,217.09070138571602
1062,cadenceSpm,94.48552044199542
1062,speedMps,7.9455289456364095
1062,distanceM,8537.10943938063
1062,activeEnergyKcal,61.257206534416795
1062,heartRateBpm,171.85327571437543
1063,powerWatts,241.90646208057447
1063,cadenceSpm,92.82145972623942
1063,speedMps,8.237426707818791
1063,distanceM,8545.34686608845
1063,activeEnergyKcal,61.319652743785824
1063,heartRateBpm,172.20639875790363
1064,powerWatts,247.48107744497344
1064,cadenceSpm,92.34050002692142
1064,speedMps,8.300222597980389
1064,distanceM,8553.64708868643
1064,activeEnergyKcal,61.38209784894835
1064,heartRateBpm,171.40711324134728
1065,powerWatts,242.31165164809582
1065,cadenceSpm,94.95827750357883
1065,speedMps,8.242023329623237
1065,distanceM,8561.889112016053
1065,activeEnergyKcal,61.44454184990437
1065,heartRateBpm,170.196509418328
1066,powerWatts,260.9261753370959
1066,cadenceSpm,92.26289793308695
1066,speedMps,8.447890766427008
1066,distanceM,8570.33700278248
1066,activeEnergyKcal,61.50698474665389
1066,heartRateBpm,169.55891812458347
1067,powerWatts,242.45649383424714
1067,cadenceSpm,91.36691003537466
1067,speedMps,8.24366523015969
1067,distanceM,8578.58066801264
1067,activeEnergyKcal,61.56942653919691
1067,heartRateBpm,170.9706770610007
1068,powerWatts,232.4045158922238
1068,cadenceSpm,92.35180151581145
1068,speedMps,8.128129127696818
1068,distanceM,8586.708797140338
1068,activeEnergyKcal,61.631867227533434
1068,heartRateBpm,171.52971372838033
1069,powerWatts,247.14711543441626
1069,cadenceSpm,92.89426361908085
1069,speedMps,8.296487353708327
1069,distanceM,8595.005284494046
1069,activeEnergyKcal,61.69430681166345
1069,heartRateBpm,171.3440661825577
1070,powerWatts,235.4514064684161
1070,cadenceSpm,93.18403750123436
1070,speedMps,8.163495729306263
1070,distanceM,8603.168780223352
1070,activeEnergyKcal,61.756745291586974
1070,heartRateBpm,171.16580010858516
1071,powerWatts,238.9015877787507
1071,cadenceSpm,94.12424772895447
1071,speedMps,8.203177059745922
1071,distanceM,8611.371957283098
1071,activeEnergyKcal,61.81918266730399
1071,heartRateBpm,168.5881442725568
1072,powerWatts,237.47317952836235
1072,cadenceSpm,94.62640692997961
1072,speedMps,8.186795255856373
1072,distanceM,8619.558752538955
1072,activeEnergyKcal,61.881618938814505
1072,heartRateBpm,171.03332424358027
1073,powerWatts,244.78827442749997
1073,cadenceSpm,91.71343347643473
1073,speedMps,8.270008269771767
1073,distanceM,8627.828760808727
1073,activeEnergyKcal,61.94405410611852
1073,heartRateBpm,171.20002442329255
1074,powerWatts,247.97166392911004
1074,cadenceSpm,93.07140441186452
1074,speedMps,8.305703541372743
1074,distanceM,8636.1344643501
1074,activeEnergyKcal,62.006488169216034
1074,heartRateBpm,170.51607956882484
1075,powerWatts,227.33924170134355
1075,cadenceSpm,92.51070223640566
1075,speedMps,8.068643783673489
1075,distanceM,8644.203108133774
1075,activeEnergyKcal,62.06892112810705
1075,heartRateBpm,170.6012699891708
1076,powerWatts,236.65944946570855
1076,cadenceSpm,92.99499300899917
1076,speedMps,8.177433545837328
1076,distanceM,8652.380541679611
1076,activeEnergyKcal,62.13135298279156
1076,heartRateBpm,169.43063434858936
1077,powerWatts,230.7550330458694
1077,cadenceSpm,95.25734679882282
1077,speedMps,8.108853750240813
1077,distanceM,8660.489395429851
1077,activeEnergyKcal,62.193783733269576
1077,heartRateBpm,169.80529987607284
1078,powerWatts,230.44392742309566
1078,cadenceSpm,94.04216731256051
1078,speedMps,8.10520797268965
1078,distanceM,8668.594603402542
1078,activeEnergyKcal,62.25621337954109
1078,heartRateBpm,170.6694776395172
1079,powerWatts,244.3952200937565
1079,cadenceSpm,94.8481738794846
1079,speedMps,8.265579539199729
1079,distanceM,8676.860182941742
1079,activeEnergyKcal,62.318641921606094
1079,heartRateBpm,170.23290850179643
1080,powerWatts,235.8323151038042
1080,cadenceSpm,92.0161042888261
1080,speedMps,8.16789560487053
1080,distanceM,8685.028078546613
1080,activeEnergyKcal,62.381069359464604
1080,heartRateBpm,171.12178705013972
1081,powerWatts,246.65307494493646
1081,cadenceSpm,90.61896495728578
1081,speedMps,8.290955513783592
1081,distanceM,8693.319034060396
1081,activeEnergyKcal,62.44320116496054
1081,heartRateBpm,171.946240403945
1082,powerWatts,236.9656466819317
1082,cadenceSpm,93.04657022936082
1082,speedMps,8.180958763601389
1082,distanceM,8701.499992823998
1082,activeEnergyKcal,62.505037421317766
1082,heartRateBpm,172.66418040881294
1083,powerWatts,229.57543779031656
1083,cadenceSpm,91.76864760003396
1083,speedMps,8.095012939006656
1083,distanceM,8709.595005763003
1083,activeEnergyKcal,62.566578210329354
1083,heartRateBpm,174.29971798050622
1084,powerWatts,226.30176507155466
1084,cadenceSpm,92.65810165109491
1084,speedMps,8.056351147666108
1084,distanceM,8717.65135691067
1084,activeEnergyKcal,62.627823612357595
1084,heartRateBpm,175.97690755653446
1085,powerWatts,232.14068586374566
1085,cadenceSpm,93.09426430863441
1085,speedMps,8.125052227470249
1085,distanceM,8725.77640913814
1085,activeEnergyKcal,62.688773706334
1085,heartRateBpm,176.48355850039258
1086,powerWatts,230.4752407328704
1086,cadenceSpm,91.1716671636516
1086,speedMps,8.105575074853489
1086,distanceM,8733.881984212992
1086,activeEnergyKcal,62.74942856975929
1086,heartRateBpm,178.0961673970166
1087,powerWatts,237.86247950125778
1087,cadenceSpm,91.54460445058794
1087,speedMps,8.191266468378437
1087,distanceM,8742.073250681371
1087,activeEnergyKcal,62.809788278703415
1087,heartRateBpm,179.0197417159114
1088,powerWatts,232.7853477751103
1088,cadenceSpm,90.75713363477784
1088,speedMps,8.132566450338176
1088,distanceM,8750.20581713171
1088,activeEnergyKcal,62.86985290780554
1088,heartRateBpm,179.17447305383826
1089,powerWatts,245.4208536292691
1089,cadenceSpm,92.01855903635185
1089,speedMps,8.27712589739127
1089,distanceM,8758.482943029101
1089,activeEnergyKcal,62.929622530274024
1089,heartRateBpm,178.60465860495367
1090,powerWatts,229.8313574352474
1090,cadenceSpm,92.994332073222
1090,speedMps,8.09801979887663
1090,distanceM,8766.580962827979
1090,activeEnergyKcal,62.98909721788648
1090,heartRateBpm,178.9516212918486
1091,powerWatts,221.55303350487358
1091,cadenceSpm,93.11849997005339
1091,speedMps,7.999600652141206
1091,distanceM,8774.58056348012
1091,activeEnergyKcal,63.04827704098972
1091,heartRateBpm,177.67978519397255
1092,powerWatts,223.18027795363102
1092,cadenceSpm,91.5839260976224
1092,speedMps,8.019137833942144
1092,distanceM,8782.599701314062
1092,activeEnergyKcal,63.10716206849977
1092,heartRateBpm,178.33640961938326
1093,powerWatts,217.49084338550858
1093,cadenceSpm,91.53952330844537
1093,speedMps,7.95040768745693
1093,distanceM,8790.550109001519
1093,activeEnergyKcal,63.165752367901874
1093,heartRateBpm,175.97697311883906
1094,powerWatts,224.4256562647054
1094,cadenceSpm,91.51224799187311
1094,speedMps,8.034026159132706
1094,distanceM,8798.58413516065
1094,activeEnergyKcal,63.2240480052505
1094,heartRateBpm,174.46245845706136
1095,powerWatts,219.39160466429064
1095,cadenceSpm,92.71351543590362
1095,speedMps,7.973501405003742
1095,distanceM,8806.557636565654
1095,activeEnergyKcal,63.28204904516934
1095,heartRateBpm,173.80334316992978
1096,powerWatts,230.4058272329453
1096,cadenceSpm,88.894488497253
1096,speedMps,8.104761259558027
1096,distanceM,8814.662397825212
1096,activeEnergyKcal,63.33975554304159
1096,heartRateBpm,175.54721460717897
1097,powerWatts,241.4057121908181
1097,cadenceSpm,90.62691607363232
1097,speedMps,8.231738917102204
1097,distanceM,8822.894136742314
1097,activeEnergyKcal,63.397167529748316
1097,heartRateBpm,176.4999173785205
1098,powerWatts,221.21557424988828
1098,cadenceSpm,91.39800698711427
1098,speedMps,7.9955370486499175
1098,distanceM,8830.889673790964
1098,activeEnergyKcal,63.454285035455186
1098,heartRateBpm,173.64295777370407
1099,powerWatts,238.59978781473336
1099,cadenceSpm,91.36520454324396
1099,speedMps,8.199721296773115
1099,distanceM,8839.089395087736
1099,activeEnergyKcal,63.51110808961248
1099,heartRateBpm,174.03606367572084
1100,powerWatts,221.32904617953437
1100,cadenceSpm,90.09004875462837
1100,speedMps,7.996903911324743
1100,distanceM,8847.08629899906
1100,activeEnergyKcal,63.56763672095507
1100,heartRateBpm,172.84530716102392
1101,powerWatts,220.16346762283573
1101,cadenceSpm,90.18941574402109
1101,speedMps,7.98284124421383
1101,distanceM,8855.069140243273
1101,activeEnergyKcal,63.62387095750246
1101,heartRateBpm,172.99802637801739
1102,powerWatts,223.08448344893156
1102,cadenceSpm,91.93843604603975
1102,speedMps,8.01799033220228
1102,distanceM,8863.087130575475
1102,activeEnergyKcal,63.67981082655875
1102,heartRateBpm,172.47118017126044
1103,powerWatts,213.9092565076746
1103,cadenceSpm,88.21434975966389
1103,speedMps,7.906524110252267
1103,distanceM,8870.993654685728
1103,activeEnergyKcal,63.73545635471265
1103,heartRateBpm,172.0916368200025
1104,powerWatts,233.1463294910302
1104,cadenceSpm,90.08069115881216
1104,speedMps,8.136768020085459
1104,distanceM,8879.130422705814
1104,activeEnergyKcal,63.79080756783748
1104,heartRateBpm,171.14158427027576
1105,powerWatts,218.59049128450698
1105,cadenceSpm,87.94048732213629
1105,speedMps,7.963784428219424
1105,distanceM,8887.094207134032
1105,activeEnergyKcal,63.84586449109117
1105,heartRateBpm,169.45254673685608
1106,powerWatts,207.6946417870999
1106,cadenceSpm,88.89569650275111
1106,speedMps,7.829202108339144
1106,distanceM,8894.923409242372
1106,activeEnergyKcal,63.90062714891625
1106,heartRateBpm,170.72460329771238
1107,powerWatts,208.4834569321086
1107,cadenceSpm,88.14316662001703
1107,speedMps,7.839101242206199
1107,distanceM,8902.76251048458
1107,activeEnergyKcal,63.95509556503987
1107,heartRateBpm,171.0734548402466
1108,powerWatts,220.31449820448947
1108,cadenceSpm,89.73505770689952
1108,speedMps,7.984666217849029
1108,distanceM,8910.747176702429
1108,activeEnergyKcal,64.00926976247378
1108,heartRateBpm,170.63585672973616
1109,powerWatts,218.47135367108862
1109,cadenceSpm,88.84685878370239
1109,speedMps,7.962337340732657
1109,distanceM,8918.709514043161
1109,activeEnergyKcal,64.06314976351435
1109,heartRateBpm,169.8511343544849
1110,powerWatts,205.26901869290586
1110,cadenceSpm,90.39430834737328
1110,speedMps,7.798604133371409
1110,distanceM,8926.508118176533
1110,activeEnergyKcal,64.11673558974255
1110,heartRateBpm,168.1028315650588
1111,powerWatts,222.7117062612127
1111,cadenceSpm,88.18271367391507
1111,speedMps,8.013521785529884
1111,distanceM,8934.521639962062
1111,activeEnergyKcal,64.17002726202395
1111,heartRateBpm,167.0722170399208
1112,powerWatts,203.38433047165498
1112,cadenceSpm,88.66400358551644
1112,speedMps,7.774662946975909
1112,distanceM,8942.296302909039
1112,activeEnergyKcal,64.22302480050875
1112,heartRateBpm,168.4971638121317
1113,powerWatts,202.65282368122004
1113,cadenceSpm,87.60484035764739
1113,speedMps,7.76533077810992
1113,distanceM,8950.061633687148
1113,activeEnergyKcal,64.27572822463175
1113,heartRateBpm,167.18857896753346
1114,powerWatts,221.83616462990457
1114,cadenceSpm,89.43849050400759
1114,speedMps,8.003006867145114
1114,distanceM,8958.064640554294
1114,activeEnergyKcal,64.32813755311234
1114,heartRateBpm,166.6254826556293
1115,powerWatts,209.10469301693357
1115,cadenceSpm,90.35447701630153
1115,speedMps,7.8468798025271145
1115,distanceM,8965.911520356822
1115,activeEnergyKcal,64.38025280395455
1115,heartRateBpm,166.52239453110633
1116,powerWatts,208.31371235195633
1116,cadenceSpm,89.86071825650426
1116,speedMps,7.836973165693473
1116,distanceM,8973.748493522515
1116,activeEnergyKcal,64.432073994447
1116,heartRateBpm,167.4210985383651
1117,powerWatts,224.45096096488055
1117,cadenceSpm,86.32789819735902
1117,speedMps,8.034328101709391
1117,distanceM,8981.782821624223
1117,activeEnergyKcal,64.48360114116292
1117,heartRateBpm,168.24519768206196
1118,powerWatts,195.6495387398449
1118,cadenceSpm,89.35880072667895
1118,speedMps,7.674828559728947
1118,distanceM,8989.457650183953
1118,activeEnergyKcal,64.53483425996015
1118,heartRateBpm,166.0618012990733
1119,powerWatts,216.1046386406627
1119,cadenceSpm,87.41832377633723
1119,speedMps,7.933480705934102
1119,distanceM,8997.391130889888
1119,activeEnergyKcal,64.58577336598114
1119,heartRateBpm,164.3163729808893
1120,powerWatts,203.46378961027293
1120,cadenceSpm,90.36337175605907
1120,speedMps,7.775675295675546
1120,distanceM,9005.166806185563
1120,activeEnergyKcal,64.63641847365295
1120,heartRateBpm,163.30439037690851
1121,powerWatts,201.26128897032424
1121,cadenceSpm,89.03919253757248
1121,speedMps,7.7475161485458655
1121,distanceM,9012.914322334109
1121,activeEnergyKcal,64.68676959668726
1121,heartRateBpm,163.1338335755539
1122,powerWatts,206.434246194311
1122,cadenceSpm,87.32100698879465
1122,speedMps,7.813332784623535
1122,distanceM,9020.727655118733
1122,activeEnergyKcal,64.73682674808032
1122,heartRateBpm,162.2035561214177
1123,powerWatts,197.63628089051664
1123,cadenceSpm,88.12278135053685
1123,speedMps,7.700719382331401
1123,distanceM,9028.428374501065
1123,activeEnergyKcal,64.78658994011303
1123,heartRateBpm,163.00490994109816
1124,powerWatts,201.85113048836286
1124,cadenceSpm,87.30629018549222
1124,speedMps,7.755077380152622
1124,distanceM,9036.183451881217
1124,activeEnergyKcal,64.83605918435089
1124,heartRateBpm,163.45649756270456
1125,powerWatts,205.18509430829315
1125,cadenceSpm,89.42326775385033
1125,speedMps,7.797541166873728
1125,distanceM,9043.980993048091
1125,activeEnergyKcal,64.88523449164397
1125,heartRateBpm,162.47633113033618
1126,powerWatts,190.2556099835694
1126,cadenceSpm,86.60004966711472
1126,speedMps,7.603640303747739
1126,distanceM,9051.584633351838
1126,activeEnergyKcal,64.93411587212701
1126,heartRateBpm,161.04982541757053
1127,powerWatts,194.03942935117607
1127,cadenceSpm,86.9757812935399
1127,speedMps,7.653717056218919
1127,distanceM,9059.238350408057
1127,activeEnergyKcal,64.98270333521933
1127,heartRateBpm,159.429282488396
1128,powerWatts,199.13580453101565
1128,cadenceSpm,87.19889563188624
1128,speedMps,7.72014619451699
1128,distanceM,9066.958496602574
1128,activeEnergyKcal,65.03099688962483
1128,heartRateBpm,158.02790245772508
1129,powerWatts,202.06835258558095
1129,cadenceSpm,87.56871065798504
1129,speedMps,7.757858258391468
1129,distanceM,9074.716354860966
1129,activeEnergyKcal,65.07899654333208
1129,heartRateBpm,158.0262969697402
1130,powerWatts,193.95030943746417
1130,cadenceSpm,87.51611361405342
1130,speedMps,7.6525451242065285
1130,distanceM,9082.368899985173
1130,activeEnergyKcal,65.12670230361421
1130,heartRateBpm,158.61746454094376
1131,powerWatts,206.61154015113235
1131,cadenceSpm,87.79386862071398
1131,speedMps,7.815568945093957
1131,distanceM,9090.184468930267
1131,activeEnergyKcal,65.17411417702897
1131,heartRateBpm,157.30812057104856
1132,powerWatts,193.92323536542793
1132,cadenceSpm,89.73909142735813
1132,speedMps,7.652189027500039
1132,distanceM,9097.836657957767
1132,activeEnergyKcal,65.22123216941873
1132,heartRateBpm,155.4195066850712
1133,powerWatts,194.4817523455245
1133,cadenceSpm,86.79297924362008
1133,speedMps,7.659528325093999
1133,distanceM,9105.49618628286
1133,activeEnergyKcal,65.26805628591045
1133,heartRateBpm,153.11876504271692
1134,powerWatts,196.01506973653875
1134,cadenceSpm,86.29490171200301
1134,speedMps,7.679605200084736
1134,distanceM,9113.175791482945
1134,activeEnergyKcal,65.31458653091572
1134,heartRateBpm,154.18266057265961
1135,powerWatts,193.02699816257987
1135,cadenceSpm,90.51940721102646
1135,speedMps,7.640382347130447
1135,distanceM,9120.816173830075
1135,activeEnergyKcal,65.36082290813073
1135,heartRateBpm,154.38061026301736
1136,powerWatts,195.78973645295716
1136,cadenceSpm,87.44999243771775
1136,speedMps,7.676661320680902
1136,distanceM,9128.492835150755
1136,activeEnergyKcal,65.40676542053626
1136,heartRateBpm,154.95842304678635
1137,powerWatts,201.91814916742834
1137,cadenceSpm,88.83963941495362
1137,speedMps,7.7559355662995975
1137,distanceM,9136.248770717055
1137,activeEnergyKcal,65.45241407039774
1137,heartRateBpm,153.7439598041194
1138,powerWatts,180.46357652887195
1138,cadenceSpm,86.36367028279683
1138,speedMps,7.470888594417595
1138,distanceM,9143.719659311473
1138,activeEnergyKcal,65.49776885926516
1138,heartRateBpm,151.67445172561867
1139,powerWatts,176.13653858079437
1139,cadenceSpm,86.94266757462874
1139,speedMps,7.410694200944192
1139,distanceM,9151.130353512417
1139,activeEnergyKcal,65.54282978797316
1139,heartRateBpm,151.80456469229082
1140,powerWatts,197.73508922286715
1140,cadenceSpm,87.52530880691978
1140,speedMps,7.702002494366904
1140,distanceM,9158.832356006784
1140,activeEnergyKcal,65.58759685664097
1140,heartRateBpm,150.73362158611653
1141,powerWatts,189.8968240102634
1141,cadenceSpm,88.0907905091235
1141,speedMps,7.598857621884051
1141,distanceM,9166.431213628668
1141,activeEnergyKcal,65.63207006467243
1141,heartRateBpm,150.0909445444652
1142,powerWatts,184.66524959715525
1142,cadenceSpm,86.7082817436424
1142,speedMps,7.528425077135354
1142,distanceM,9173.959638705803
1142,activeEnergyKcal,65.67624941075599
1142,heartRateBpm,149.17666300873668
1143,powerWatts,186.62844614791675
1143,cadenceSpm,85.8618222833885
1143,speedMps,7.55500959549885
1143,distanceM,9181.514648301301
1143,activeEnergyKcal,65.7201348928647
1143,heartRateBpm,150.33972287504326
1144,powerWatts,178.01708979698674
1144,cadenceSpm,86.57302233905862
1144,speedMps,7.436974730919996
1144,distanceM,9188.95162303222
1144,activeEnergyKcal,65.76372650825624
1144,heartRateBpm,151.00069982260186
1145,powerWatts,185.81786127580614
1145,cadenceSpm,87.36068519480622
1145,speedMps,7.544055809737457
1145,distanceM,9196.495678841959
1145,activeEnergyKcal,65.80702425347287
1145,heartRateBpm,150.5938550269873
1146,powerWatts,188.3787885470625
1146,cadenceSpm,87.65043040945474
1146,speedMps,7.578554999691268
1146,distanceM,9204.07423384165
1146,activeEnergyKcal,65.85002812434149
1146,heartRateBpm,149.56859596176733
1147,powerWatts,180.84802632751664
1147,cadenceSpm,85.9617512688538
1147,speedMps,7.47619002329244
1147,distanceM,9211.550423864941
1147,activeEnergyKcal,65.89273811597359
1147,heartRateBpm,148.36629409898305
1148,powerWatts,185.76691319574934
1148,cadenceSpm,85.62829761435013
1148,speedMps,7.54336626301335
1148,distanceM,9219.093790127954
1148,activeEnergyKcal,65.93515422276525
1148,heartRateBpm,149.63762507498055
1149,powerWatts,184.43804316781052
1149,cadenceSpm,83.62206064031467
1149,speedMps,7.525336229283737
1149,distanceM,9226.619126357238
1149,activeEnergyKcal,65.9772764383972
1149,heartRateBpm,146.04572014744681
1150,powerWatts,184.03671482027346
1150,cadenceSpm,84.38072747288113
1150,speedMps,7.51987400846266
1150,distanceM,9234.139000365702
1150,activeEnergyKcal,66.01910475583475
1150,heartRateBpm,144.4875164049917
1151,powerWatts,174.57968020178396
1151,cadenceSpm,87.54852108574921
1151,speedMps,7.388795352615365
1151,distanceM,9241.527795718317
1151,activeEnergyKcal,66.0609340693951
1151,heartRateBpm,144.64720685590441
1152,powerWatts,185.7671717780462
1152,cadenceSpm,88.37453515393554
1152,speedMps,7.5433697630626595
1152,distanceM,9249.07116548138
1152,activeEnergyKcal,66.10276437907825
1152,heartRateBpm,144.8042626113475
1153,powerWatts,187.56288802114884
1153,cadenceSpm,87.18249764138406
1153,speedMps,7.567597829049071
1153,distanceM,9256.63876331043
1153,activeEnergyKcal,66.1445956848842
1153,heartRateBpm,146.08821900854983
1154,powerWatts,171.17462773806153
1154,cadenceSpm,84.46239704384918
1154,speedMps,7.340441877612383
1154,distanceM,9263.979205188041
1154,activeEnergyKcal,66.18642798681293
1154,heartRateBpm,145.21838767220245
1155,powerWatts,179.3508935728902
1155,cadenceSpm,83.4219103675228
1155,speedMps,7.455502527953736
1155,distanceM,9271.434707715995
1155,activeEnergyKcal,66.22826128486446
1155,heartRateBpm,145.22540771288587
1156,powerWatts,183.85346848454492
1156,cadenceSpm,87.75580973494996
1156,speedMps,7.517377320109266
1156,distanceM,9278.952085036104
1156,activeEnergyKcal,66.2700955790388
1156,heartRateBpm,144.95530589320407
1157,powerWatts,163.52061873310362
1157,cadenceSpm,85.73976291724603
1157,speedMps,7.229361037090292
1157,distanceM,9286.181446073195
1157,activeEnergyKcal,66.31193086933592
1157,heartRateBpm,146.0833364936055
1158,powerWatts,187.33075517958417
1158,cadenceSpm,87.37703572034957
1158,speedMps,7.564474586469631
1158,distanceM,9293.745920659665
1158,activeEnergyKcal,66.35376715575585
1158,heartRateBpm,144.43817347000927
1159,powerWatts,187.21297772183482
1159,cadenceSpm,83.37674650193867
1159,speedMps,7.562888957239254
1159,distanceM,9301.308809616905
1159,activeEnergyKcal,66.39560443829856
1159,heartRateBpm,145.74320118985327
1160,powerWatts,158.70655730344444
1160,cadenceSpm,84.64928222730539
1160,speedMps,7.157708877227249
1160,distanceM,9308.466518494131
1160,activeEnergyKcal,66.43744271696407
1160,heartRateBpm,142.63325602852194
1161,powerWatts,168.16893072404778
1161,cadenceSpm,86.2456227529137
1161,speedMps,7.297223719652421
1161,distanceM,9315.763742213783
1161,activeEnergyKcal,66.47928199175239
1161,heartRateBpm,141.13071983174365
1162,powerWatts,167.36192734260612
1162,cadenceSpm,85.98597392487329
1162,speedMps,7.285532441566806
1162,distanceM,9323.04927465535
1162,activeEnergyKcal,66.5211222626635
1162,heartRateBpm,142.209368396897
1163,powerWatts,190.34815993976736
1163,cadenceSpm,86.59955000908396
1163,speedMps,7.604873035685159
1163,distanceM,9330.654147691035
1163,activeEnergyKcal,66.5629635296974
1163,heartRateBpm,143.45490712743637
1164,powerWatts,162.76606153543958
1164,cadenceSpm,85.3301286871455
1164,speedMps,7.2182240551520485
1164,distanceM,9337.872371746187
1164,activeEnergyKcal,66.6048057928541
1164,heartRateBpm,141.02066632022093
1165,powerWatts,176.6640658820571
1165,cadenceSpm,85.88562111374365
1165,speedMps,7.418085147401228
1165,distanceM,9345.290456893588
1165,activeEnergyKcal,66.64664905213358
1165,heartRateBpm,140.0352810832331
1166,powerWatts,239.67363645364338
1166,cadenceSpm,91.1746616847764
1166,speedMps,8.212004183855187
1166,distanceM,9353.502461077444
1166,activeEnergyKcal,66.70914829846883
1166,heartRateBpm,140.2775073024474
1167,powerWatts,229.40376540420286
1167,cadenceSpm,93.48264451637588
1167,speedMps,8.09299466745384
1167,distanceM,9361.595455744897
1167,activeEnergyKcal,66.77164644059758
1167,heartRateBpm,141.50261138259214
1168,powerWatts,238.68394549939936
1168,cadenceSpm,94.25625733139378
1168,speedMps,8.200685237896543
1168,distanceM,9369.796140982793
1168,activeEnergyKcal,66.83414347851982
1168,heartRateBpm,142.99757100167778
1169,powerWatts,243.9215503000901
1169,cadenceSpm,93.49121329494542
1169,speedMps,8.260236162133651
1169,distanceM,9378.056377144927
1169,activeEnergyKcal,66.89663941223556
1169,heartRateBpm,143.78326420753325
1170,powerWatts,221.50652995397394
1170,cadenceSpm,94.86277257597824
1170,speedMps,7.999040912769702
1170,distanceM,9386.055418057696
1170,activeEnergyKcal,66.9591342417448
1170,heartRateBpm,145.52044912701552
1171,powerWatts,237.0448369824658
1171,cadenceSpm,95.1857343746458
1171,speedMps,8.181869979267924
1171,distanceM,9394.237288036964
1171,activeEnergyKcal,67.02162796704755
1171,heartRateBpm,145.49276109184737
1172,powerWatts,231.96954773563863
1172,cadenceSpm,93.71605082911765
1172,speedMps,8.123055093612146
1172,distanceM,9402.360343130576
1172,activeEnergyKcal,67.08412058814379
1172,heartRateBpm,146.0615445660203
1173,powerWatts,236.32470583284984
1173,cadenceSpm,92.77166644486502
1173,speedMps,8.173576195189248
1173,distanceM,9410.533919325766
1173,activeEnergyKcal,67.14661210503353
1173,heartRateBpm,147.6112587075518
1174,powerWatts,240.8488316175856
1174,cadenceSpm,92.80090556186212
1174,speedMps,8.225404318429284
1174,distanceM,9418.759323644195
1174,activeEnergyKcal,67.20910251771676
1174,heartRateBpm,147.97267789074945
1175,powerWatts,240.30274844297216
1175,cadenceSpm,92.51335320870615
1175,speedMps,8.21918305242483
1175,distanceM,9426.97850669662
1175,activeEnergyKcal,67.2715918261935
1175,heartRateBpm,147.9919222265735
1176,powerWatts,243.3218612747733
1176,cadenceSpm,91.55478829774633
1176,speedMps,8.253461254344472
1176,distanceM,9435.231967950964
1176,activeEnergyKcal,67.33408003046374
1176,heartRateBpm,150.98466747020694
1177,powerWatts,241.86256054650408
1177,cadenceSpm,92.9493130446801
1177,speedMps,8.236928364306065
1177,distanceM,9443.46889631527
1177,activeEnergyKcal,67.39656713052747
1177,heartRateBpm,150.7296430534968
1178,powerWatts,226.6233853018373
1178,cadenceSpm,92.94883957949949
1178,speedMps,8.06016590506108
1178,distanceM,9451.52906222033
1178,activeEnergyKcal,67.4590531263847
1178,heartRateBpm,151.29717876977122
1179,powerWatts,231.82441474801618
1179,cadenceSpm,93.1069919171745
1179,speedMps,8.121360662571652
1179,distanceM,9459.650422882902
1179,activeEnergyKcal,67.52153801803543
1179,heartRateBpm,151.36513919705177
1180,powerWatts,241.33697685859843
1180,cadenceSpm,91.08006466942285
1180,speedMps,8.230957569920271
1180,distanceM,9467.881380452822
1180,activeEnergyKcal,67.58402180547967
1180,heartRateBpm,151.05474038883054
1181,powerWatts,228.76018170822377
1181,cadenceSpm,93.55574588029798
1181,speedMps,8.085419380876925
1181,distanceM,9475.966799833699
1181,activeEnergyKcal,67.6465044887174
1181,heartRateBpm,152.2988397222118
1182,powerWatts,238.73931943539873
1182,cadenceSpm,92.74881155417638
1182,speedMps,8.20131936671791
1182,distanceM,9484.168119200416
1182,activeEnergyKcal,67.70898606774863
1182,heartRateBpm,152.98335081232798
1183,powerWatts,233.5770779452322
1183,cadenceSpm,93.3007761214011
1183,speedMps,8.141775953629033
1183,distanceM,9492.309895154045
1183,activeEnergyKcal,67.77146654257335
1183,heartRateBpm,152.13731284005786
1184,powerWatts,234.62674115601578
1184,cadenceSpm,95.78959082382693
1184,speedMps,8.153953736554541
1184,distanceM,9500.4638488906
1184,activeEnergyKcal,67.83394591319158
1184,heartRateBpm,151.6245330009357
1185,powerWatts,232.0936498754262
1185,cadenceSpm,91.31165292078882
1185,speedMps,8.124503428545859
1185,distanceM,9508.588352319146
1185,activeEnergyKcal,67.89642417960331
1185,heartRateBpm,151.15339045679784
1186,powerWatts,221.18176338489224
1186,cadenceSpm,92.61360982985717
1186,speedMps,7.99512967860128
1186,distanceM,9516.583481997748
1186,activeEnergyKcal,67.95890134180854
1186,heartRateBpm,152.38851016533022
1187,powerWatts,245.16035482297053
1187,cadenceSpm,92.59133065348071
1187,speedMps,8.27419631103949
1187,distanceM,9524.857678308788
1187,activeEnergyKcal,68.02137739980726
1187,heartRateBpm,152.3941002160435
1188,powerWatts,240.3269592199881
1188,cadenceSpm,91.63309370949447
1188,speedMps,8.219459073855965
1188,distanceM,9533.077137382645
1188,activeEnergyKcal,68.08385235359948
1188,heartRateBpm,153.79503772936582
1189,powerWatts,243.62770986284644
1189,cadenceSpm,93.80247092878045
1189,speedMps,8.256917927650372
1189,distanceM,9541.334055310295
1189,activeEnergyKcal,68.14632620318521
1189,heartRateBpm,155.21445517511646
1190,powerWatts,240.12226366251807
1190,cadenceSpm,91.6085422042205
1190,speedMps,8.217124802983147
1190,distanceM,9549.551180113278
1190,activeEnergyKcal,68.20879894856444
1190,heartRateBpm,156.26709063301982
1191,powerWatts,233.3065332797395
1191,cadenceSpm,91.57469753622735
1191,speedMps,8.138631288546387
1191,distanceM,9557.689811401824
1191,activeEnergyKcal,68.27127058973716
1191,heartRateBpm,157.84032276951825
1192,powerWatts,231.68646665138658
1192,cadenceSpm,92.99494090841776
1192,speedMps,8.119749459629631
1192,distanceM,9565.809560861453
1192,activeEnergyKcal,68.33374112670337
1192,heartRateBpm,158.6207731274319
1193,powerWatts,237.290487686635
1193,cadenceSpm,92.95871974839494
1193,speedMps,8.184695307256984
1193,distanceM,9573.99425616871
1193,activeEnergyKcal,68.39621055946309
1193,heartRateBpm,161.62001514853168
1194,powerWatts,230.3711226014048
1194,cadenceSpm,89.86327599802046
1194,speedMps,8.104354315457217
1194,distanceM,9582.098610484167
1194,activeEnergyKcal,68.45867888801631
1194,heartRateBpm,161.81878000351458
1195,powerWatts,250.37925358432915
1195,cadenceSpm,94.13655096801
1195,speedMps,8.33249740361679
1195,distanceM,9590.431107887784
1195,activeEnergyKcal,68.52114611236303
1195,heartRateBpm,162.94388492087342
1196,powerWatts,241.7523181055451
1196,cadenceSpm,91.12702973183659
1196,speedMps,8.235676693263242
1196,distanceM,9598.666784581046
1196,activeEnergyKcal,68.58361223250324
1196,heartRateBpm,163.49446434319722
1197,powerWatts,230.72441467205073
1197,cadenceSpm,91.82628006497731
1197,speedMps,8.108495085767158
1197,distanceM,9606.775279666814
1197,activeEnergyKcal,68.64607724843695
1197,heartRateBpm,164.23951413883808
1198,powerWatts,222.60374026310197
1198,cadenceSpm,92.75834920617996
1198,speedMps,8.012226646717911
1198,distanceM,9614.787506313533
1198,activeEnergyKcal,68.70854116016417
1198,heartRateBpm,165.41161380661683
1199,powerWatts,253.28983269937189
1199,cadenceSpm,92.80503462529407
1199,speedMps,8.364660637815517
1199,distanceM,9623.152166951348
1199,activeEnergyKcal,68.77100396768489
1199,heartRateBpm,164.53147646506002
1200,powerWatts,237.23100750436603
1200,cadenceSpm,93.88453817360576
1200,speedMps,8.184011380626544
1200,distanceM,9631.336178331974
1200,activeEnergyKcal,68.8334656709991
1200,heartRateBpm,165.00528818576558
1201,powerWatts,240.77396919449473
1201,cadenceSpm,91.93310371994356
1201,speedMps,8.224552003023465
1201,distanceM,9639.560730334997
1201,activeEnergyKcal,68.89592627010681
1201,heartRateBpm,163.0678410251037
1202,powerWatts,250.30986379762587
1202,cadenceSpm,92.26739118193466
1202,speedMps,8.331727579932044
1202,distanceM,9647.89245791493
1202,activeEnergyKcal,68.95838576500802
1202,heartRateBpm,162.7211855249789
1203,powerWatts,239.45995111268886
1203,cadenceSpm,92.56043145481979
1203,speedMps,8.209562938193335
1203,distanceM,9656.102020853123
1203,activeEnergyKcal,69.02084415570273
1203,heartRateBpm,163.61050699561352
1204,powerWatts,247.8677820943054
1204,cadenceSpm,93.59570801565428
1204,speedMps,8.304543553678425
1204,distanceM,9664.406564406801
1204,activeEnergyKcal,69.08330144219094
1204,heartRateBpm,165.25067711172812
1205,powerWatts,233.03576604367603
1205,cadenceSpm,93.80111056954311
1205,speedMps,8.135481601422324
1205,distanceM,9672.542046008224
1205,activeEnergyKcal,69.14575762447265
1205,heartRateBpm,166.8562255938181
1206,powerWatts,225.3766914344765
1206,cadenceSpm,93.87292542366053
1206,speedMps,8.045358603817629
1206,distanceM,9680.587404612043
1206,activeEnergyKcal,69.20821270254785
1206,heartRateBpm,168.16155811462065
1207,powerWatts,230.44959327386815
1207,cadenceSpm,93.25110781654237
1207,speedMps,8.10527439885965
1207,distanceM,9688.692679010903
1207,activeEnergyKcal,69.27066667641655
1207,heartRateBpm,168.924192717276
1208,powerWatts,221.31652105830773
1208,cadenceSpm,92.65769787547224
1208,speedMps,7.996753058884113
1208,distanceM,9696.689432069787
1208,activeEnergyKcal,69.33311954607876
1208,heartRateBpm,169.12119170179955
1209,powerWatts,238.70752076974802
1209,cadenceSpm,93.38024984823193
1209,speedMps,8.200955228135685
1209,distanceM,9704.890387297923
1209,activeEnergyKcal,69.39557131153447
1209,heartRateBpm,170.04532192326053
1210,powerWatts,257.00655968094645
1210,cadenceSpm,92.4941132954415
1210,speedMps,8.405375947668196
1210,distanceM,9713.295763245591
1210,activeEnergyKcal,69.45802197278367
1210,heartRateBpm,169.8864266479827
1211,powerWatts,236.50539499569095
1211,cadenceSpm,91.79919261609854
1211,speedMps,8.175658782362268
1211,distanceM,9721.471422027953
1211,activeEnergyKcal,69.52047152982637
1211,heartRateBpm,171.0840327176769
1212,powerWatts,237.30338726979082
1212,cadenceSpm,94.18109580535905
1212,speedMps,8.184843616678128
1212,distanceM,9729.656265644631
1212,activeEnergyKcal,69.58291998266257
1212,heartRateBpm,169.95293946221574
1213,powerWatts,236.65536209871846
1213,cadenceSpm,94.27818407553943
1213,speedMps,8.177386467832145
1213,distanceM,9737.833652112464
1213,activeEnergyKcal,69.64536733129228
1213,heartRateBpm,170.92554847260269
1214,powerWatts,232.9997576736156
1214,cadenceSpm,95.30605801310244
1214,speedMps,8.135062551982111
1214,distanceM,9745.968714664446
1214,activeEnergyKcal,69.70781357571548
1214,heartRateBpm,170.61303704374035
1215,powerWatts,237.980559114155
1215,cadenceSpm,95.22098503582635
1215,speedMps,8.192621679409905
1215,distanceM,9754.161336343856
1215,activeEnergyKcal,69.77025871593217
1215,heartRateBpm,170.6734932665762
1216,powerWatts,242.12793998677043
1216,cadenceSpm,95.14398446029973
1216,speedMps,8.239939871387596
1216,distanceM,9762.401276215243
1216,activeEnergyKcal,69.83270275194236
1216,heartRateBpm,171.15561804019288
1217,powerWatts,241.46760348267802
1217,cadenceSpm,94.70142270288387
1217,speedMps,8.232442337936874
1217,distanceM,9770.633718553181
1217,activeEnergyKcal,69.89514568374607
1217,heartRateBpm,171.13887870961224
1218,powerWatts,239.63726939760917
1218,cadenceSpm,94.86479804296316
1218,speedMps,8.211588811341253
1218,distanceM,9778.845307364523
1218,activeEnergyKcal,69.95758751134326
1218,heartRateBpm,172.21292380785042
1219,powerWatts,249.38756727484463
1219,cadenceSpm,92.42575953450965
1219,speedMps,8.321481904750069
1219,distanceM,9787.166789269273
1219,activeEnergyKcal,70.02002823473396
1219,heartRateBpm,171.633606865571
1220,powerWatts,237.37647473968323
1220,cadenceSpm,94.37140143508216
1220,speedMps,8.185683818348906
1220,distanceM,9795.352473087622
1220,activeEnergyKcal,70.08246785391815
1220,heartRateBpm,171.35269866577315
1221,powerWatts,232.1515984276738
1221,cadenceSpm,92.3938099981002
1221,speedMps,8.125179540730342
1221,distanceM,9803.477652628351
1221,activeEnergyKcal,70.14490636889585
1221,heartRateBpm,171.53439676984195
1222,powerWatts,234.44500312927767
1222,cadenceSpm,91.21175214926686
1222,speedMps,8.151847886451472
1222,distanceM,9811.629500514802
1222,activeEnergyKcal,70.20734377966704
1222,heartRateBpm,172.94938335109748
1223,powerWatts,233.08553349011882
1223,cadenceSpm,93.13036974418621
1223,speedMps,8.136060701836502
1223,distanceM,9819.765561216638
1223,activeEnergyKcal,70.26978008623173
1223,heartRateBpm,171.48888731850184
1224,powerWatts,240.92887621664843
1224,cadenceSpm,92.23595572314355
1224,speedMps,8.226315438019057
1224,distanceM,9827.991876654658
1224,activeEnergyKcal,70.33221528858992
1224,heartRateBpm,173.88733541258594
1225,powerWatts,245.58404661801802
1225,cadenceSpm,93.95684894404101
1225,speedMps,8.278960120258345
1225,distanceM,9836.270836774916
1225,activeEnergyKcal,70.3946493867416
1225,heartRateBpm,171.7224064708716
1226,powerWatts,234.11090190748155
1226,cadenceSpm,93.15462808365639
1226,speedMps,8.147973719693907
1226,distanceM,9844.41881049461
1226,activeEnergyKcal,70.4570823806868
1226,heartRateBpm,172.52366309778984
1227,powerWatts,232.49380377387786
1227,cadenceSpm,91.83088120946671
1227,speedMps,8.129169914285582
1227,distanceM,9852.547980408895
1227,activeEnergyKcal,70.51951427042549
1227,heartRateBpm,172.28088381392863
1228,powerWatts,238.89127157407182
1228,cadenceSpm,91.79209738649912
1228,speedMps,8.203058982015705
1228,distanceM,9860.75103939091
1228,activeEnergyKcal,70.58194505595768
1228,heartRateBpm,173.65343614629288
1229,powerWatts,230.93510554265492
1229,cadenceSpm,94.0282245905514
1229,speedMps,8.110962482695763
1229,distanceM,9868.862001873606
1229,activeEnergyKcal,70.64437473728336
1229,heartRateBpm,173.61698362452327
1230,powerWatts,224.23818001854966
1230,cadenceSpm,92.38813511428937
1230,speedMps,8.031788434193574
1230,distanceM,9876.893790307799
1230,activeEnergyKcal,70.70680331440253
1230,heartRateBpm,172.46764260259906
1231,powerWatts,245.56684109805292
1231,cadenceSpm,92.55618874592453
1231,speedMps,8.278766775532782
1231,distanceM,9885.172557083331
1231,activeEnergyKcal,70.76923078731522
1231,heartRateBpm,174.13648001996998
1232,powerWatts,218.75537490108505
1232,cadenceSpm,92.4612399772146
1232,speedMps,7.965786295654467
1232,distanceM,9893.138343378985
1232,activeEnergyKcal,70.83165715602141
1232,heartRateBpm,174.46446721316684
1233,powerWatts,244.91246964032123
1233,cadenceSpm,93.31001689204452
1233,speedMps,8.271406650728883
1233,distanceM,9901.409750029714
1233,activeEnergyKcal,70.89408242052109
1233,heartRateBpm,174.43998790716648
1234,powerWatts,234.21012946189288
1234,cadenceSpm,92.41610041835908
1234,speedMps,8.149124725902574
1234,distanceM,9909.558874755616
1234,activeEnergyKcal,70.95650658081426
1234,heartRateBpm,175.66582736918022
1235,powerWatts,241.20414514553067
1235,cadenceSpm,93.05730039243366
1235,speedMps,8.229447188240727
1235,distanceM,9917.788321943857
1235,activeEnergyKcal,71.01892963690095
1235,heartRateBpm,174.0011428262406
1236,powerWatts,226.14014628258533
1236,cadenceSpm,92.39813465074462
1236,speedMps,8.054432812644444
1236,distanceM,9925.842754756502
1236,activeEnergyKcal,71.08135158878113
1236,heartRateBpm,174.44464123955316
1237,powerWatts,241.16700324263388
1237,cadenceSpm,92.99481985874772
1237,speedMps,8.229024761809603
1237,distanceM,9934.071779518312
1237,activeEnergyKcal,71.14377243645481
1237,heartRateBpm,175.21854197709095
1238,powerWatts,232.83976806321408
1238,cadenceSpm,90.54481974803282
1238,speedMps,8.133200141604416
1238,distanceM,9942.204979659917
1238,activeEnergyKcal,71.20619217992198
1238,heartRateBpm,173.84889064039655
1239,powerWatts,225.98512932588406
1239,cadenceSpm,91.04204198876961
1239,speedMps,8.05259197915101
1239,distanceM,9950.257571639067
1239,activeEnergyKcal,71.26861081918265
1239,heartRateBpm,171.64939783928543
1240,powerWatts,224.09334284892748
1240,cadenceSpm,90.86795845648311
1240,speedMps,8.030058797049959
1240,distanceM,9958.287630436118
1240,activeEnergyKcal,71.33102835423684
1240,heartRateBpm,171.13772879662267
1241,powerWatts,237.7995945403477
1241,cadenceSpm,92.16883340883265
1241,speedMps,8.190544548618593
1241,distanceM,9966.478174984737
1241,activeEnergyKcal,71.39344478508451
1241,heartRateBpm,169.30217340621252
1242,powerWatts,223.8920414718877
1242,cadenceSpm,90.90985679464698
1242,speedMps,8.027653629433575
1242,distanceM,9974.50582861417
1242,activeEnergyKcal,71.45586011172568
1242,heartRateBpm,169.24694240728653
1243,powerWatts,220.71879314463948
1243,cadenceSpm,92.78692795254963
1243,speedMps,7.989547402916366
1243,distanceM,9982.495376017087
1243,activeEnergyKcal,71.51827433416035
1243,heartRateBpm,169.101246673514
1244,powerWatts,235.47048012683433
1244,cadenceSpm,95.26898068238297
1244,speedMps,8.16371616194527
1244,distanceM,9990.659092179032
1244,activeEnergyKcal,71.58068745238852
1244,heartRateBpm,167.02165239105773
1245,powerWatts,233.44770176119758
1245,cadenceSpm,93.01935264162131
1245,speedMps,8.140272457860943
1245,distanceM,9998.799364636892
1245,activeEnergyKcal,71.64309946641019
1245,heartRateBpm,166.79025414084307
1246,powerWatts,238.18100473857692
1246,cadenceSpm,92.14651637609158
1246,speedMps,8.194921187031158
1246,distanceM,10006.994285823923
1246,activeEnergyKcal,71.70551037622536
1246,heartRateBpm,168.16882658631434
1247,powerWatts,249.3385899298026
1247,cadenceSpm,90.14480730361214
1247,speedMps,8.320937115798417
1247,distanceM,10015.315222939722
1247,activeEnergyKcal,71.76792018183403
1247,heartRateBpm,167.40646454417674
1248,powerWatts,236.97698677680836
1248,cadenceSpm,93.92758173956462
1248,speedMps,8.181089262642077
1248,distanceM,10023.496312202364
1248,activeEnergyKcal,71.83032888323619
1248,heartRateBpm,167.5974440355671
1249,powerWatts,239.6123607291993
1249,cadenceSpm,92.42060546447144
1249,speedMps,8.21130428850029
1249,distanceM,10031.707616490865
1249,activeEnergyKcal,71.89273648043186
1249,heartRateBpm,166.59843030080336
1250,powerWatts,244.6804103472893
1250,cadenceSpm,94.3392380775047
1250,speedMps,8.268793386021592
1250,distanceM,10039.976409876886
1250,activeEnergyKcal,71.95514297342103
1250,heartRateBpm,167.56183139717032
1251,powerWatts,244.78245414514333
1251,cadenceSpm,92.47927922222179
1251,speedMps,8.269942724468956
1251,distanceM,10048.246352601356
1251,activeEnergyKcal,72.0175483622037
1251,heartRateBpm,168.3045089084792
1252,powerWatts,250.31812775247272
1252,cadenceSpm,92.68389897373973
1252,speedMps,8.331819269304251
1252,distanceM,10056.57817187066
1252,activeEnergyKcal,72.07995264677986
1252,heartRateBpm,167.5199258096345
1253,powerWatts,253.40415366645334
1253,cadenceSpm,92.80291143844482
1253,speedMps,8.365918896325578
1253,distanceM,10064.944090766985
1253,activeEnergyKcal,72.14235582714952
1253,heartRateBpm,169.30976756930323
1254,powerWatts,248.4523067529037
1254,cadenceSpm,93.31608383021371
1254,speedMps,8.31106638570886
1254,distanceM,10073.255157152695
1254,activeEnergyKcal,72.20475790331268
1254,heartRateBpm,169.41980031355473
1255,powerWatts,224.9386899703536
1255,cadenceSpm,94.39427210308587
1255,speedMps,8.040143388223152
1255,distanceM,10081.295300540918
1255,activeEnergyKcal,72.26715887526935
1255,heartRateBpm,170.45244355584592
1256,powerWatts,238.34054948178925
1256,cadenceSpm,93.34776100300493
1256,speedMps,8.196750558737572
1256,distanceM,10089.492051099656
1256,activeEnergyKcal,72.3295587430195
1256,heartRateBpm,171.6838638308234
1257,powerWatts,233.53573414063754
1257,cadenceSpm,94.25955082935717
1257,speedMps,8.141295552813135
1257,distanceM,10097.63334665247
1257,activeEnergyKcal,72.39195750656316
1257,heartRateBpm,171.19895609118873
1258,powerWatts,239.61133027797297
1258,cadenceSpm,88.91366917956914
1258,speedMps,8.211292517598492
1258,distanceM,10105.844639170069
1258,activeEnergyKcal,72.45435516590031
1258,heartRateBpm,172.46074791457812
1259,powerWatts,240.65571856664855
1259,cadenceSpm,91.38533610978543
1259,speedMps,8.223205349006793
1259,distanceM,10114.067844519075
1259,activeEnergyKcal,72.51675172103097
1259,heartRateBpm,174.8001705679959
1260,powerWatts,239.67185207953398
1260,cadenceSpm,91.71932566085607
1260,speedMps,8.211983804303179
1260,distanceM,10122.279828323379
1260,activeEnergyKcal,72.57914717195513
1260,heartRateBpm,176.08308935371673
1261,powerWatts,229.26667233534886
1261,cadenceSpm,95.798024875218
1261,speedMps,8.09138220545559
1261,distanceM,10130.371210528834
1261,activeEnergyKcal,72.64154151867278
1261,heartRateBpm,175.80004934235393
1262,powerWatts,242.71921851417383
1262,cadenceSpm,93.40892060119376
1262,speedMps,8.24664175384682
1262,distanceM,10138.617852282681
1262,activeEnergyKcal,72.70393476118393
1262,heartRateBpm,177.26417978725863
1263,powerWatts,228.60523590766294
1263,cadenceSpm,92.81513697155674
1263,speedMps,8.083593473458993
1263,distanceM,10146.70144575614
1263,activeEnergyKcal,72.76632689948859
1263,heartRateBpm,178.0107922731261
1264,powerWatts,223.46439076828182
1264,cadenceSpm,93.25974192831418
1264,speedMps,8.022539230240671
1264,distanceM,10154.72398498638
1264,activeEnergyKcal,72.82871793358674
1264,heartRateBpm,177.46479041103984
1265,powerWatts,241.85225751735447
1265,cadenceSpm,91.07008252671321
1265,speedMps,8.236811401848918
1265,distanceM,10162.960796388228
1265,activeEnergyKcal,72.8911078634784
1265,heartRateBpm,177.61493207606472
1266,powerWatts,221.55208928003853
1266,cadenceSpm,94.29501726060373
1266,speedMps,7.999589287770612
1266,distanceM,10170.960385675999
1266,activeEnergyKcal,72.95349668916354
1266,heartRateBpm,175.80015246276847
1267,powerWatts,234.0773818000438
1267,cadenceSpm,91.35607525394006
1267,speedMps,8.147584824248073
1267,distanceM,10179.107970500247
1267,activeEnergyKcal,73.01588441064219
1267,heartRateBpm,175.9046443437329
1268,powerWatts,232.31496358770963
1268,cadenceSpm,92.091919852864
1268,speedMps,8.12708499106171
1268,distanceM,10187.235055491308
1268,activeEnergyKcal,73.07827102791434
1268,heartRateBpm,175.19907254021473
1269,powerWatts,225.74136612387673
1269,cadenceSpm,92.77887609515102
1269,speedMps,8.049695576458674
1269,distanceM,10195.284751067768
1269,activeEnergyKcal,73.14065654097999
1269,heartRateBpm,172.63700841116477
1270,powerWatts,237.60300384662705
1270,cadenceSpm,93.64652289406965
1270,speedMps,8.188286864987916
1270,distanceM,10203.473037932756
1270,activeEnergyKcal,73.20304094983914
1270,heartRateBpm,170.07619992199645
1271,powerWatts,248.9963024188532
1271,cadenceSpm,91.8744600147269
1271,speedMps,8.317127761421563
1271,distanceM,10211.790165694178
1271,activeEnergyKcal,73.26542425449178
1271,heartRateBpm,169.00325310308236
1272,powerWatts,234.75055075647236
1272,cadenceSpm,94.81456548809378
1272,speedMps,8.155387730860907
1272,distanceM,10219.94555342504
1272,activeEnergyKcal,73.32780645493791
1272,heartRateBpm,169.60515939449874
1273,powerWatts,253.15299290490006
1273,cadenceSpm,94.58776089579602
1273,speedMps,8.363154030912742
1273,distanceM,10228.308707455952
1273,activeEnergyKcal,73.39018755117756
1273,heartRateBpm,170.98568079705942
1274,powerWatts,244.21589420473845
1274,cadenceSpm,95.69515688136674
1274,speedMps,8.263557411438045
1274,distanceM,10236.57226486739
1274,activeEnergyKcal,73.4525675432107
1274,heartRateBpm,170.23720257995922
1275,powerWatts,232.35040492833994
1275,cadenceSpm,91.09473167244755
1275,speedMps,8.127498252060231
1275,distanceM,10244.69976311945
1275,activeEnergyKcal,73.51494643103734
1275,heartRateBpm,172.82156024789737
1276,powerWatts,239.93160602720408
1276,cadenceSpm,92.08677211034376
1276,speedMps,8.214949421733099
1276,distanceM,10252.914712541184
1276,activeEnergyKcal,73.57732421465748
1276,heartRateBpm,158.2229574623872
1277,powerWatts,234.23923639808027
1277,cadenceSpm,92.86067278720103
1277,speedMps,8.14946229488902
1277,distanceM,10261.064174836072
1277,activeEnergyKcal,73.63970089407113
1277,heartRateBpm,144.20281279242266
1278,powerWatts,241.80998106510606
1278,cadenceSpm,92.9162748959348
1278,speedMps,8.23633143464417
1278,distanceM,10269.300506270716
1278,activeEnergyKcal,73.70207646927827
1278,heartRateBpm,129.50524645397041
1279,powerWatts,233.78468077011618
1279,cadenceSpm,92.31190995744186
1279,speedMps,8.144187370571531
1279,distanceM,10277.444693641288
1279,activeEnergyKcal,73.7644509402789
1279,heartRateBpm,131.58934764129225
1280,powerWatts,236.29949538094593
1280,cadenceSpm,92.03549329833999
1280,speedMps,8.173285540181986
1280,distanceM,10285.61797918147
1280,activeEnergyKcal,73.82682430707304
1280,heartRateBpm,132.4295094704862
1281,powerWatts,233.4859014096763
1281,cadenceSpm,94.18867633284293
1281,speedMps,8.14071643822541
1281,distanceM,10293.758695619696
1281,activeEnergyKcal,73.88919656966067
1281,heartRateBpm,133.61362633104105
1282,powerWatts,246.18925404148348
1282,cadenceSpm,93.28094172116778
1282,speedMps,8.28575531988745
1282,distanceM,10302.044450939584
1282,activeEnergyKcal,73.95156772804181
1282,heartRateBpm,132.10391846008395
1283,powerWatts,249.61224074915648
1283,cadenceSpm,94.21275096253164
1283,speedMps,8.323980098098845
1283,distanceM,10310.368431037683
1283,activeEnergyKcal,74.01393778221644
1283,heartRateBpm,134.7605330426996
1284,powerWatts,242.66062837462965
1284,cadenceSpm,94.84001553267207
1284,speedMps,8.245978146494231
1284,distanceM,10318.614409184178
1284,activeEnergyKcal,74.07630673218458
1284,heartRateBpm,135.67508911487766
1285,powerWatts,230.80042740202984
1285,cadenceSpm,92.07163377726451
1285,speedMps,8.109385442595192
1285,distanceM,10326.723794626772
1285,activeEnergyKcal,74.1386745779462
1285,heartRateBpm,137.61954110938973
1286,powerWatts,240.55533801621635
1286,cadenceSpm,95.73280256712675
1286,speedMps,8.222061855611186
1286,distanceM,10334.945856482384
1286,activeEnergyKcal,74.20104131950133
1286,heartRateBpm,137.84102129049157
1287,powerWatts,249.71932879441218
1287,cadenceSpm,90.93864834829797
1287,speedMps,8.325170305905294
1287,distanceM,10343.271026788289
1287,activeEnergyKcal,74.26340695684996
1287,heartRateBpm,138.6653685079778
1288,powerWatts,241.51021741149353
1288,cadenceSpm,92.74196384574431
1288,speedMps,8.232926593480178
1288,distanceM,10351.503953381769
1288,activeEnergyKcal,74.32577148999209
1288,heartRateBpm,138.4380318729704
1289,powerWatts,240.52637299138087
1289,cadenceSpm,93.02962921304926
1289,speedMps,8.221731838982432
1289,distanceM,10359.725685220752
1289,activeEnergyKcal,74.38813491892772
1289,heartRateBpm,143.12925263893712
1290,powerWatts,235.35335184965092
1290,cadenceSpm,93.62837325429906
1290,speedMps,8.162362332513815
1290,distanceM,10367.888047553266
1290,activeEnergyKcal,74.45049724365684
1290,heartRateBpm,143.57158036377965
1291,powerWatts,234.71318506171167
1291,cadenceSpm,92.76737073924579
1291,speedMps,8.154955005006023
1291,distanceM,10376.043002558272
1291,activeEnergyKcal,74.51285846417947
1291,heartRateBpm,144.20272282056234
1292,powerWatts,239.46368492048381
1292,cadenceSpm,94.01114213424663
1292,speedMps,8.20960560750071
1292,distanceM,10384.252608165772
1292,activeEnergyKcal,74.5752185804956
1292,heartRateBpm,144.7885140115701
1293,powerWatts,234.49696915032914
1293,cadenceSpm,92.14026534683076
1293,speedMps,8.152450142556896
1293,distanceM,10392.40505830833
1293,activeEnergyKcal,74.63757759260523
1293,heartRateBpm,144.57635742911606
1294,powerWatts,257.00239009155536
1294,cadenceSpm,93.79091927269837
1294,speedMps,8.405330492076251
1294,distanceM,10400.810388800406
1294,activeEnergyKcal,74.69993550050835
1294,heartRateBpm,145.88862621578437
1295,powerWatts,226.0971955239484
1295,cadenceSpm,92.64106831930839
1295,speedMps,8.053922854683439
1295,distanceM,10408.86431165509
1295,activeEnergyKcal,74.76229230420496
1295,heartRateBpm,146.14849416166217
1296,powerWatts,228.69915714857743
1296,cadenceSpm,93.44584120272424
1296,speedMps,8.0847003556305
1296,distanceM,10416.94901201072
1296,activeEnergyKcal,74.82464800369509
1296,heartRateBpm,148.417743814351
1297,powerWatts,230.08906195422813
1297,cadenceSpm,93.5733214664871
1297,speedMps,8.101045374976986
1297,distanceM,10425.050057385697
1297,activeEnergyKcal,74.88700259897871
1297,heartRateBpm,148.42676134420597
1298,powerWatts,237.0463293982365
1298,cadenceSpm,93.6638672433525
1298,speedMps,8.181887150036571
1298,distanceM,10433.231944535733
1298,activeEnergyKcal,74.94935609005583
1298,heartRateBpm,147.248652054885
1299,powerWatts,234.36126884662986
1299,cadenceSpm,94.49176412803358
1299,speedMps,8.150877267320528
1299,distanceM,10441.382821803054
1299,activeEnergyKcal,75.01170847692644
1299,heartRateBpm,146.68479961507234
1300,powerWatts,231.52089444216017
1300,cadenceSpm,92.20686875237332
1300,speedMps,8.117814768524878
1300,distanceM,10449.500636571578
1300,activeEnergyKcal,75.07405975959055
1300,heartRateBpm,145.88110826087237
1301,powerWatts,234.9791931575354
1301,cadenceSpm,92.8175149577527
1301,speedMps,8.158034600585175
1301,distanceM,10457.658671172163
1301,activeEnergyKcal,75.13640993804817
1301,heartRateBpm,145.57015555265423
1302,powerWatts,238.4513241367652
1302,cadenceSpm,92.09192626618176
1302,speedMps,8.198020242785255
1302,distanceM,10465.856691414949
1302,activeEnergyKcal,75.19875901229929
1302,heartRateBpm,146.23425254134878
1303,powerWatts,243.44689681337127
1303,cadenceSpm,91.43460202841428
1303,speedMps,8.254874744623681
1303,distanceM,10474.111566159572
1303,activeEnergyKcal,75.2611069823439
1303,heartRateBpm,146.6757091215068
1304,powerWatts,242.93069261922986
1304,cadenceSpm,92.19617760545212
1304,speedMps,8.249036077290276
1304,distanceM,10482.360602236862
1304,activeEnergyKcal,75.32345384818201
1304,heartRateBpm,145.08558321141106
1305,powerWatts,237.30248565831818
1305,cadenceSpm,93.51134955434449
1305,speedMps,8.184833250822086
1305,distanceM,10490.545435487684
1305,activeEnergyKcal,75.38579960981363
1305,heartRateBpm,146.73644342972503
1306,powerWatts,227.16797430868215
1306,cadenceSpm,91.53338923153788
1306,speedMps,8.066617087449366
1306,distanceM,10498.612052575134
1306,activeEnergyKcal,75.44814426723875
1306,heartRateBpm,146.34852363026738
1307,powerWatts,241.0657067843747
1307,cadenceSpm,94.23736401317367
1307,speedMps,8.227872465148566
1307,distanceM,10506.839925040282
1307,activeEnergyKcal,75.51048782045736
1307,heartRateBpm,148.52771791045714
1308,powerWatts,240.0815484677588
1308,cadenceSpm,91.03597884982395
1308,speedMps,8.216660344110046
1308,distanceM,10515.056585384391
1308,activeEnergyKcal,75.57283026946946
1308,heartRateBpm,148.3982230998564
1309,powerWatts,252.75320617922117
1309,cadenceSpm,92.89215781575092
1309,speedMps,8.358749264301476
1309,distanceM,10523.415334648693
1309,activeEnergyKcal,75.63517161427507
1309,heartRateBpm,148.825595991041
1310,powerWatts,224.79487858780163
1310,cadenceSpm,92.6745615241464
1310,speedMps,8.03842957213395
1310,distanceM,10531.453764220827
1310,activeEnergyKcal,75.69751185487418
1310,heartRateBpm,148.8254954274139
1311,powerWatts,241.0710241852857
1311,cadenceSpm,92.6188832750451
1311,speedMps,8.227932961206461
1311,distanceM,10539.681697182034
1311,activeEnergyKcal,75.75985099126679
1311,heartRateBpm,149.44946663468676
1312,powerWatts,232.77649067962741
1312,cadenceSpm,93.49432086685509
1312,speedMps,8.132463305485588
1312,distanceM,10547.81416048752
1312,activeEnergyKcal,75.82218902345289
1312,heartRateBpm,148.459658944429
1313,powerWatts,240.711768060365
1313,cadenceSpm,91.90077328261162
1313,speedMps,8.223843703141501
1313,distanceM,10556.038004190661
1313,activeEnergyKcal,75.8845259514325
1313,heartRateBpm,148.87781003264723
1314,powerWatts,246.3788160685422
1314,cadenceSpm,93.3191282124561
1314,speedMps,8.287881410000857
1314,distanceM,10564.325885600661
1314,activeEnergyKcal,75.94686177520559
1314,heartRateBpm,150.1388149862932
1315,powerWatts,239.348774698327
1315,cadenceSpm,88.9631749295371
1315,speedMps,8.208292230149327
1315,distanceM,10572.53417783081
1315,activeEnergyKcal,76.0091964947722
1315,heartRateBpm,149.4208270513432
1316,powerWatts,248.43007541356354
1316,cadenceSpm,90.94913801937814
1316,speedMps,8.31081848883789
1316,distanceM,10580.844996319649
1316,activeEnergyKcal,76.0715301101323
1316,heartRateBpm,149.72679918077776
1317,powerWatts,248.25495953001328
1317,cadenceSpm,91.71149481320462
1317,speedMps,8.308865292135708
1317,distanceM,10589.153861611785
1317,activeEnergyKcal,76.1338626212859
1317,heartRateBpm,150.7514498413802
1318,powerWatts,243.40246549312786
1318,cadenceSpm,91.66568914268045
1318,speedMps,8.25437251695967
1318,distanceM,10597.408234128745
1318,activeEnergyKcal,76.196194028233
1318,heartRateBpm,151.6132359531429
1319,powerWatts,228.32839042062753
1319,cadenceSpm,93.31189367166701
1319,speedMps,8.080329024514091
1319,distanceM,10605.48856315326
1319,activeEnergyKcal,76.2585243309736
1319,heartRateBpm,153.16903819886792
1320,powerWatts,249.62568557598084
1320,cadenceSpm,92.15963064308656
1320,speedMps,8.324129546514367
1320,distanceM,10613.812692699774
1320,activeEnergyKcal,76.3208535295077
1320,heartRateBpm,155.02906677723604
1321,powerWatts,231.11804551267943
1321,cadenceSpm,93.52557117482316
1321,speedMps,8.11310367237431
1321,distanceM,10621.925796372148
1321,activeEnergyKcal,76.3831816238353
1321,heartRateBpm,157.3482081534376
1322,powerWatts,231.42783829200093
1322,cadenceSpm,92.29251697976225
1322,speedMps,8.116727013827559
1322,distanceM,10630.042523385975
1322,activeEnergyKcal,76.44550861395639
1322,heartRateBpm,158.68220593394915
1323,powerWatts,231.38365661767844
1323,cadenceSpm,91.18367154517769
1323,speedMps,8.116210462008455
1323,distanceM,10638.158733847984
1323,activeEnergyKcal,76.50783449987098
1323,heartRateBpm,161.8105973921094
1324,powerWatts,228.08396365458128
1324,cadenceSpm,93.56661122025915
1324,speedMps,8.07744464984275
1324,distanceM,10646.236178497827
1324,activeEnergyKcal,76.57015928157908
1324,heartRateBpm,163.54815110421626
1325,powerWatts,242.90160081406853
1325,cadenceSpm,93.3294547465706
1325,speedMps,8.248706780447302
1325,distanceM,10654.484885278274
1325,activeEnergyKcal,76.63248295908068
1325,heartRateBpm,163.2029054441886
1326,powerWatts,242.30457833791306
1326,cadenceSpm,92.913896438986
1326,speedMps,8.241943131313308
1326,distanceM,10662.726828409588
1326,activeEnergyKcal,76.69480553237577
1326,heartRateBpm,161.87457052353054
1327,powerWatts,237.83921357699
1327,cadenceSpm,93.41678213686707
1327,speedMps,8.1909993902476
1327,distanceM,10670.917827799836
1327,activeEnergyKcal,76.75712700146435
1327,heartRateBpm,161.17208961932155
1328,powerWatts,235.90623071826107
1328,cadenceSpm,91.0558859127253
1328,speedMps,8.168748855138716
1328,distanceM,10679.086576654974
1328,activeEnergyKcal,76.81944736634645
1328,heartRateBpm,161.1279499888164
1329,powerWatts,251.87931114705648
1329,cadenceSpm,94.50226232837677
1329,speedMps,8.349104672757829
1329,distanceM,10687.435681327732
1329,activeEnergyKcal,76.88176662702205
1329,heartRateBpm,161.7638711578636
1330,powerWatts,223.57798696082313
1330,cadenceSpm,92.49583831424908
1330,speedMps,8.023898396130297
1330,distanceM,10695.459579723862
1330,activeEnergyKcal,76.94408478349114
1330,heartRateBpm,162.9218835146009
1331,powerWatts,234.97107010422658
1331,cadenceSpm,93.23171028471084
1331,speedMps,8.157940593802852
1331,distanceM,10703.617520317664
1331,activeEnergyKcal,77.00640183575372
1331,heartRateBpm,162.83528514348836
1332,powerWatts,248.97129228189306
1332,cadenceSpm,91.36897212098656
1332,speedMps,8.316849284101057
1332,distanceM,10711.934369601766
1332,activeEnergyKcal,77.0687177838098
1332,heartRateBpm,162.19908701704045
1333,powerWatts,237.1694764127789
1333,cadenceSpm,92.09276481548366
1333,speedMps,8.183303751520198
1333,distanceM,10720.117673353287
1333,activeEnergyKcal,77.1310326276594
1333,heartRateBpm,164.1705415557991
1334,powerWatts,239.8277929471313
1334,cadenceSpm,91.46229983700667
1334,speedMps,8.213764442057077
1334,distanceM,10728.331437795343
1334,activeEnergyKcal,77.19334636730248
1334,heartRateBpm,164.0115568210656
1335,powerWatts,241.2069197019162
1335,cadenceSpm,91.3675319774784
1335,speedMps,8.229478742393997
1335,distanceM,10736.560916537737
1335,activeEnergyKcal,77.25565900273907
1335,heartRateBpm,165.2028681478428
1336,powerWatts,238.58207382299517
1336,cadenceSpm,94.02053386364288
1336,speedMps,8.199518372046732
1336,distanceM,10744.760434909784
1336,activeEnergyKcal,77.31797053396915
1336,heartRateBpm,166.39285150331494
1337,powerWatts,250.49467345949907
1337,cadenceSpm,91.25306415747718
1337,speedMps,8.333777578995893
1337,distanceM,10753.094212488779
1337,activeEnergyKcal,77.38028096099272
1337,heartRateBpm,167.01040248212936
1338,powerWatts,248.0548371449755
1338,cadenceSpm,93.05365326625036
1338,speedMps,8.306632054522117
1338,distanceM,10761.400844543301
1338,activeEnergyKcal,77.4425902838098
1338,heartRateBpm,168.2420159409305
1339,powerWatts,236.11364192324237
1339,cadenceSpm,90.37530026349634
1339,speedMps,8.171142170107801
1339,distanceM,10769.571986713408
1339,activeEnergyKcal,77.50489850242039
1339,heartRateBpm,168.6057157285693
1340,powerWatts,236.1787267940273
1340,cadenceSpm,92.79146544154072
1340,speedMps,8.171892894589684
1340,distanceM,10777.743879607999
1340,activeEnergyKcal,77.56720561682447
1340,heartRateBpm,169.41459077872292
1341,powerWatts,237.05403629563807
1341,cadenceSpm,90.96621193373174
1341,speedMps,8.181975819456339
1341,distanceM,10785.925855427455
1341,activeEnergyKcal,77.62951162702204
1341,heartRateBpm,170.55821305279397
1342,powerWatts,232.14553646258418
1342,cadenceSpm,92.84117206515398
1342,speedMps,8.125108818288949
1342,distanceM,10794.050964245744
1342,activeEnergyKcal,77.69181653301312
1342,heartRateBpm,169.37436179132013
1343,powerWatts,238.69940405160642
1343,cadenceSpm,94.05395773440011
1343,speedMps,8.200862275336739
1343,distanceM,10802.25182652108
1343,activeEnergyKcal,77.7541203347977
1343,heartRateBpm,171.27819986352083
1344,powerWatts,231.08142248054642
1344,cadenceSpm,93.02002991889339
1344,speedMps,8.112675114821304
1344,distanceM,10810.364501635902
1344,activeEnergyKcal,77.81642303237578
1344,heartRateBpm,170.98458840144502
1345,powerWatts,232.99161293229508
1345,cadenceSpm,92.83868264249266
1345,speedMps,8.134967761107898
1345,distanceM,10818.499469397011
1345,activeEnergyKcal,77.87872462574735
1345,heartRateBpm,171.60225805713313
1346,powerWatts,234.39406303982605
1346,cadenceSpm,92.23549759438104
1346,speedMps,8.151257433915843
1346,distanceM,10826.650726830927
1346,activeEnergyKcal,77.94102511491242
1346,heartRateBpm,171.14745422098625
1347,powerWatts,233.6101037418057
1347,cadenceSpm,94.72292475134161
1347,speedMps,8.14215966132116
1347,distanceM,10834.792886492249
1347,activeEnergyKcal,78.003324499871
1347,heartRateBpm,171.4071940670369
1348,powerWatts,238.18482917218435
1348,cadenceSpm,94.05898336950627
1348,speedMps,8.19496504830141
1348,distanceM,10842.98785154055
1348,activeEnergyKcal,78.06562278062307
1348,heartRateBpm,171.7738310869374
1349,powerWatts,222.18589085745407
1349,cadenceSpm,93.95908312036485
1349,speedMps,8.007210257342512
1349,distanceM,10850.995061797894
1349,activeEnergyKcal,78.12791995716864
1349,heartRateBpm,170.12937047021137
1350,powerWatts,247.37342975697828
1350,cadenceSpm,93.74536742521418
1350,speedMps,8.299018964740215
1350,distanceM,10859.294080762635
1350,activeEnergyKcal,78.19021602950771
1350,heartRateBpm,167.68510980386026
1351,powerWatts,251.22000372077554
1351,cadenceSpm,91.98005354319079
1351,speedMps,8.341813566329503
1351,distanceM,10867.635894328963
1351,activeEnergyKcal,78.25251099764027
1351,heartRateBpm,167.0554110409339
1352,powerWatts,237.3265710193455
1352,cadenceSpm,93.68663998806575
1352,speedMps,8.185110151973701
1352,distanceM,10875.821004480937
1352,activeEnergyKcal,78.31480486156634
1352,heartRateBpm,167.1687502255794
1353,powerWatts,243.3348351352999
1353,cadenceSpm,93.29294600089213
1353,speedMps,8.25360794256438
1353,distanceM,10884.074612423501
1353,activeEnergyKcal,78.37709762128591
1353,heartRateBpm,168.103648505956
1354,powerWatts,225.8545705556826
1354,cadenceSpm,93.31328424371213
1354,speedMps,8.051040934564805
1354,distanceM,10892.125653358065
1354,activeEnergyKcal,78.43938927679898
1354,heartRateBpm,165.84215179008334
1355,powerWatts,243.344552204917
1355,cadenceSpm,94.0068251452616
1355,speedMps,8.253717804647213
1355,distanceM,10900.379371162713
1355,activeEnergyKcal,78.50167982810554
1355,heartRateBpm,166.2199756376015
1356,powerWatts,251.53574879338734
1356,cadenceSpm,92.49288454750423
1356,speedMps,8.345306897270595
1356,distanceM,10908.724678059983
1356,activeEnergyKcal,78.56396927520561
1356,heartRateBpm,167.0969053168992
1357,powerWatts,241.3979018649466
1357,cadenceSpm,93.88461883499343
1357,speedMps,8.2316501408864
1357,distanceM,10916.95632820087
1357,activeEnergyKcal,78.62625761809917
1357,heartRateBpm,167.6714064690517
1358,powerWatts,234.11599395796333
1358,cadenceSpm,94.47276225583404
1358,speedMps,8.148032793680295
1358,distanceM,10925.10436099455
1358,activeEnergyKcal,78.68854485678624
1358,heartRateBpm,168.03360819045201
1359,powerWatts,234.87701977490005
1359,cadenceSpm,92.59373914809963
1359,speedMps,8.156852006755077
1359,distanceM,10933.261213001306
1359,activeEnergyKcal,78.7508309912668
1359,heartRateBpm,166.48516271035743
1360,powerWatts,244.7583575952329
1360,cadenceSpm,93.58363715854063
1360,speedMps,8.269671349317143
1360,distanceM,10941.530884350623
1360,activeEnergyKcal,78.81311602154085
1360,heartRateBpm,167.93460722827382
1361,powerWatts,236.30443737163327
1361,cadenceSpm,92.93387681798706
1361,speedMps,8.17334251874835
1361,distanceM,10949.704226869371
1361,activeEnergyKcal,78.87539994760841
1361,heartRateBpm,168.61831562483846
1362,powerWatts,237.49943291205227
1362,cadenceSpm,92.84527153964639
1362,speedMps,8.187096936460932
1362,distanceM,10957.891323805832
1362,activeEnergyKcal,78.93768276946948
1362,heartRateBpm,168.75868309416455
1363,powerWatts,239.6109383421867
1363,cadenceSpm,92.55842516968569
1363,speedMps,8.211288040485298
1363,distanceM,10966.102611846318
1363,activeEnergyKcal,78.99996448712403
1363,heartRateBpm,169.4506439557826
1364,powerWatts,235.82015446002129
1364,cadenceSpm,92.74860456890468
1364,speedMps,8.167755210517068
1364,distanceM,10974.270367056835
1364,activeEnergyKcal,79.06224510057208
1364,heartRateBpm,169.14050851420586
1365,powerWatts,243.22925867768924
1365,cadenceSpm,90.9819933800468
1365,speedMps,8.252414096859614
1365,distanceM,10982.522781153695
1365,activeEnergyKcal,79.12452460981363
1365,heartRateBpm,166.93600693118688
1366,powerWatts,236.31656045704895
1366,cadenceSpm,94.42725383983642
1366,speedMps,8.173482288214343
1366,distanceM,10990.696263441909
1366,activeEnergyKcal,79.18680301484869
1366,heartRateBpm,167.23044994527385
1367,powerWatts,247.6881278073585
1367,cadenceSpm,91.52208752403243
1367,speedMps,8.302536694165187
1367,distanceM,10998.998800136074
1367,activeEnergyKcal,79.24908031567725
1367,heartRateBpm,166.73330771058744
1368,powerWatts,239.4010363867413
1368,cadenceSpm,92.25633535091322
1368,speedMps,8.20888961220933
1368,distanceM,11007.207689748284
1368,activeEnergyKcal,79.3113565122993
1368,heartRateBpm,168.7069540238559
1369,powerWatts,242.6120967841769
1369,cadenceSpm,91.13450976786429
1369,speedMps,8.245428384028298
1369,distanceM,11015.453118132313
1369,activeEnergyKcal,79.37363160471484
1369,heartRateBpm,168.72014582495854
1370,powerWatts,238.35399984700774
1370,cadenceSpm,91.77389316061674
1370,speedMps,8.19690474597793
1370,distanceM,11023.650022878292
1370,activeEnergyKcal,79.4359055929239
1370,heartRateBpm,169.78934541036656
1371,powerWatts,239.9164111080767
1371,cadenceSpm,91.52075117930904
1371,speedMps,8.214775999913254
1371,distanceM,11031.864798878205
1371,activeEnergyKcal,79.49817847692646
1371,heartRateBpm,169.725304374387
1372,powerWatts,232.08606949685185
1372,cadenceSpm,91.8928139874811
1372,speedMps,8.124414976488891
1372,distanceM,11039.989213854695
1372,activeEnergyKcal,79.5604502567225
1372,heartRateBpm,170.7434290386126
1373,powerWatts,252.03975039785956
1373,cadenceSpm,94.66884587072994
1373,speedMps,8.350877002769654
1373,distanceM,11048.340090857464
1373,activeEnergyKcal,79.62272093231205
1373,heartRateBpm,170.08806788903053
1374,powerWatts,244.18253303771928
1374,cadenceSpm,93.84300736328491
1374,speedMps,8.263181112598007
1374,distanceM,11056.603271970062
1374,activeEnergyKcal,79.68499050369509
1374,heartRateBpm,169.4811444711443
1375,powerWatts,230.80079998137103
1375,cadenceSpm,93.71127894565531
1375,speedMps,8.1093898062322
1375,distanceM,11064.712661776293
1375,activeEnergyKcal,79.74725897087164
1375,heartRateBpm,168.03852847834466
1376,powerWatts,238.0484638317898
1376,cadenceSpm,94.78683871150712
1376,speedMps,8.193400825347387
1376,distanceM,11072.90606260164
1376,activeEnergyKcal,79.80952633384169
1376,heartRateBpm,169.04113836955472
1377,powerWatts,227.7531321225835
1377,cadenceSpm,93.47136342291344
1377,speedMps,8.073537365853985
1377,distanceM,11080.979599967493
1377,activeEnergyKcal,79.87179259260523
1377,heartRateBpm,168.3968385514139
1378,powerWatts,243.24489569301966
1378,cadenceSpm,91.2715555167203
1378,speedMps,8.252590940113294
1378,distanceM,11089.232190907607
1378,activeEnergyKcal,79.93405774716227
1378,heartRateBpm,168.1316371407261
1379,powerWatts,231.0268075979495
1379,cadenceSpm,91.45651951149709
1379,speedMps,8.112035935054065
1379,distanceM,11097.34422684266
1379,activeEnergyKcal,79.9963217975128
1379,heartRateBpm,168.42719125099006
1380,powerWatts,232.38621960783527
1380,cadenceSpm,92.17215262387685
1380,speedMps,8.127915823659194
1380,distanceM,11105.47214266632
1380,activeEnergyKcal,80.05858474365685
1380,heartRateBpm,169.31614174453435
1381,powerWatts,252.22139254092616
1381,cadenceSpm,93.38493596768072
1381,speedMps,8.352882647965842
1381,distanceM,11113.825025314285
1381,activeEnergyKcal,80.12084658559439
1381,heartRateBpm,169.67043780202263
1382,powerWatts,249.21504634085244
1382,cadenceSpm,93.62775981221596
1382,speedMps,8.319562588269713
1382,distanceM,11122.144587902554
1382,activeEnergyKcal,80.18310732332543
1382,heartRateBpm,170.10809193554795
1383,powerWatts,240.6738943815528
1383,cadenceSpm,92.94032611338619
1383,speedMps,8.223412366312937
1383,distanceM,11130.368000268867
1383,activeEnergyKcal,80.24536695684996
1383,heartRateBpm,167.7953168138764
1384,powerWatts,237.198231714455
1384,cadenceSpm,91.4830069820073
1384,speedMps,8.183634462793554
1384,distanceM,11138.55163473166
1384,activeEnergyKcal,80.307625486168
1384,heartRateBpm,166.82581520220003
1385,powerWatts,234.18467252626806
1385,cadenceSpm,91.89244448695025
1385,speedMps,8.148829465032003
1385,distanceM,11146.700464196692
1385,activeEnergyKcal,80.36988291127955
1385,heartRateBpm,167.12053573563475
1386,powerWatts,243.22554179313252
1386,cadenceSpm,91.63165959801658
1386,speedMps,8.252372060487668
1386,distanceM,11154.95283625718
1386,activeEnergyKcal,80.43213923218458
1386,heartRateBpm,168.72786457158267
1387,powerWatts,234.46279646856556
1387,cadenceSpm,94.34763472946466
1387,speedMps,8.152054110973172
1387,distanceM,11163.104890368153
1387,activeEnergyKcal,80.49439444888311
1387,heartRateBpm,169.0022986611516
1388,powerWatts,251.40300266745456
1388,cadenceSpm,91.14699473882416
1388,speedMps,8.34383858100169
1388,distanceM,11171.448728949155
1388,activeEnergyKcal,80.55664856137514
1388,heartRateBpm,169.8199436307355
1389,powerWatts,230.86638831038383
1389,cadenceSpm,91.84050149681865
1389,speedMps,8.11015790142056
1389,distanceM,11179.558886850577
1389,activeEnergyKcal,80.61890156966068
1389,heartRateBpm,167.82134243365584
1390,powerWatts,223.40011880402545
1390,cadenceSpm,93.34266356334379
1390,speedMps,8.021770019249544
1390,distanceM,11187.580656869826
1390,activeEnergyKcal,80.68115347373971
1390,heartRateBpm,167.01035602381907
1391,powerWatts,231.23705830828155
1391,cadenceSpm,92.46920103605841
1391,speedMps,8.114496030779167
1391,distanceM,11195.695152900606
1391,activeEnergyKcal,80.74340427361224
1391,heartRateBpm,167.9354176977208
1392,powerWatts,232.43991868630243
1392,cadenceSpm,91.90388527459722
1392,speedMps,8.128541833204732
1392,distanceM,11203.82369473381
1392,activeEnergyKcal,80.80565396927827
1392,heartRateBpm,167.1596107425675
1393,powerWatts,218.48439739694186
1393,cadenceSpm,90.30801915489404
1393,speedMps,7.962495800071155
1393,distanceM,11211.786190533881
1393,activeEnergyKcal,80.86790256073779
1393,heartRateBpm,166.49314301752844
1394,powerWatts,228.03741313157843
1394,cadenceSpm,93.49073479353876
1394,speedMps,8.076895093661422
1394,distanceM,11219.863085627543
1394,activeEnergyKcal,80.93015004799082
1394,heartRateBpm,167.75046948312664
1395,powerWatts,249.98767805803016
1395,cadenceSpm,92.45672201796658
1395,speedMps,8.328151324059776
1395,distanceM,11228.191236951603
1395,activeEnergyKcal,80.99239643103735
1395,heartRateBpm,169.66684254939497
1396,powerWatts,256.6929596970614
1396,cadenceSpm,95.62113703083656
1396,speedMps,8.401955803304
1396,distanceM,11236.593192754906
1396,activeEnergyKcal,81.05464170987737
1396,heartRateBpm,167.25900986007494
1397,powerWatts,240.60572452470433
1397,cadenceSpm,92.27765060181142
1397,speedMps,8.222635877471436
1397,distanceM,11244.815828632378
1397,activeEnergyKcal,81.11688588451089
1397,heartRateBpm,168.31106669873094
1398,powerWatts,243.0407086070881
1398,cadenceSpm,92.4154877003496
1398,speedMps,8.250281135953662
1398,distanceM,11253.066109768331
1398,activeEnergyKcal,81.17912895493792
1398,heartRateBpm,168.90522118340724
1399,powerWatts,244.1103304635468
1399,cadenceSpm,94.15755437630318
1399,speedMps,8.262366582917053
1399,distanceM,11261.32847635125
1399,activeEnergyKcal,81.24137092115845
1399,heartRateBpm,171.56086148982618
1400,powerWatts,237.36954290779374
1400,cadenceSpm,91.50091698029654
1400,speedMps,8.18560413853997
1400,distanceM,11269.51408048979
1400,activeEnergyKcal,81.30361178317247
1400,heartRateBpm,173.86946242533932
1401,powerWatts,240.0027702561888
1401,cadenceSpm,92.3323566232097
1401,speedMps,8.21576153198684
1401,distanceM,11277.729842021776
1401,activeEnergyKcal,81.36585154097999
1401,heartRateBpm,174.76583846342788
1402,powerWatts,226.53928032113043
1402,cadenceSpm,94.77722638705959
1402,speedMps,8.059168679384069
1402,distanceM,11285.789010701159
1402,activeEnergyKcal,81.428090194581
1402,heartRateBpm,174.03019785822408
1403,powerWatts,231.2570254615686
1403,cadenceSpm,93.42055906698333
1403,speedMps,8.114729584351085
1403,distanceM,11293.90374028551
1403,activeEnergyKcal,81.49032774397553
1403,heartRateBpm,171.47271112018544
1404,powerWatts,231.19127577838634
1404,cadenceSpm,92.31434738686796
1404,speedMps,8.113960466857044
1404,distanceM,11302.017700752367
1404,activeEnergyKcal,81.55256418916355
1404,heartRateBpm,169.9563803213209
1405,powerWatts,246.1630548104609
1405,cadenceSpm,89.72440056920266
1405,speedMps,8.285461388673674
1405,distanceM,11310.303162141041
1405,activeEnergyKcal,81.61479953014506
1405,heartRateBpm,168.82054645728937
1406,powerWatts,226.70144930878456
1406,cadenceSpm,93.1578063623248
1406,speedMps,8.06109128266236
1406,distanceM,11318.364253423704
1406,activeEnergyKcal,81.67703376692008
1406,heartRateBpm,168.24959470639465
1407,powerWatts,233.85190655239643
1407,cadenceSpm,94.58166039316205
1407,speedMps,8.144967927699298
1407,distanceM,11326.509221351404
1407,activeEnergyKcal,81.73926689948858
1407,heartRateBpm,171.946468253687
1408,powerWatts,235.14857988857887
1408,cadenceSpm,91.1579539380997
1408,speedMps,8.159994392407018
1408,distanceM,11334.66921574381
1408,activeEnergyKcal,81.8014989278506
1408,heartRateBpm,172.3921732967892
1409,powerWatts,245.65851944677445
1409,cadenceSpm,92.91982864924235
1409,speedMps,8.27979689457255
1409,distanceM,11342.949012638383
1409,activeEnergyKcal,81.86372985200612
1409,heartRateBpm,173.31027071466949
1410,powerWatts,251.93428619551233
1410,cadenceSpm,91.79144952571217
1410,speedMps,8.349712052330155
1410,distanceM,11351.298724690712
1410,activeEnergyKcal,81.92595967195513
1410,heartRateBpm,172.0990079621796
1411,powerWatts,244.71297846719176
1411,cadenceSpm,91.40446190742789
1411,speedMps,8.269160241581762
1411,distanceM,11359.567884932294
1411,activeEnergyKcal,81.98818838769763
1411,heartRateBpm,170.52587046860643
1412,powerWatts,248.5749718772621
1412,cadenceSpm,93.15848606520154
1412,speedMps,8.312433932225415
1412,distanceM,11367.88031886452
1412,activeEnergyKcal,82.05041599923365
1412,heartRateBpm,182.73011134335053
1413,powerWatts,232.35124398764484
1413,cadenceSpm,92.2908927945815
1413,speedMps,8.127508035336811
1413,distanceM,11376.007826899857
1413,activeEnergyKcal,82.11264250656316
1413,heartRateBpm,193.06843652795544
1414,powerWatts,235.94099623133917
1414,cadenceSpm,92.32760540178407
1414,speedMps,8.16915011173808
1414,distanceM,11384.176977011595
1414,activeEnergyKcal,82.17486790968617
1414,heartRateBpm,203
1415,powerWatts,241.16167958465454
1415,cadenceSpm,94.05314855773128
1415,speedMps,8.22896421063538
1415,distanceM,11392.40594122223
1415,activeEnergyKcal,82.23709220860268
1415,heartRateBpm,202.63948653194484
1416,powerWatts,241.03171297216915
1416,cadenceSpm,94.14930222168336
1416,speedMps,8.227485696601361
1416,distanceM,11400.633426918832
1416,activeEnergyKcal,82.29931540331268
1416,heartRateBpm,203
1417,powerWatts,239.53990615378498
1417,cadenceSpm,93.9592526238364
1417,speedMps,8.210476553596546
1417,distanceM,11408.843903472429
1417,activeEnergyKcal,82.36153749381619
1417,heartRateBpm,202.58658695928557
1418,powerWatts,243.24411266024393
1418,cadenceSpm,92.72478581723801
1418,speedMps,8.252582084763207
1418,distanceM,11417.096485557193
1418,activeEnergyKcal,82.4237584801132
1418,heartRateBpm,203
1419,powerWatts,240.63757238259322
1419,cadenceSpm,92.63077215313871
1419,speedMps,8.222998658789223
1419,distanceM,11425.319484215983
1419,activeEnergyKcal,82.4859783622037
1419,heartRateBpm,203
1420,powerWatts,232.82946519257493
1420,cadenceSpm,92.68584591172609
1420,speedMps,8.133080178499007
1420,distanceM,11433.452564394482
1420,activeEnergyKcal,82.5481971400877
1420,heartRateBpm,202.92717422316485
1421,powerWatts,240.12616554646266
1421,cadenceSpm,91.9984498396595
1421,speedMps,8.217169310995004
1421,distanceM,11441.669733705477
1421,activeEnergyKcal,82.61041481376519
1421,heartRateBpm,202.6496257987094
1422,powerWatts,247.29720294192663
1422,cadenceSpm,94.27812062701426
1422,speedMps,8.298166444222643
1422,distanceM,11449.9679001497
1422,activeEnergyKcal,82.6726313832362
1422,heartRateBpm,201.91820882338376
1423,powerWatts,231.31366807298264
1423,cadenceSpm,90.82217273438
1423,speedMps,8.115392053526119
1423,distanceM,11458.083292203226
1423,activeEnergyKcal,82.7348468485007
1423,heartRateBpm,202.28130776804284
1424,powerWatts,230.13725928687225
1424,cadenceSpm,93.0677861308838
1424,speedMps,8.101610984247003
1424,distanceM,11466.184903187474
1424,activeEnergyKcal,82.79706120955869
1424,heartRateBpm,202.0029603366806
1425,powerWatts,255.19016913083757
1425,cadenceSpm,92.65559843035834
1425,speedMps,8.385527485638345
1425,distanceM,11474.570430673111
1425,activeEnergyKcal,82.85927446641018
1425,heartRateBpm,201.3894743597663
1426,powerWatts,232.74143942540016
1426,cadenceSpm,92.19552680431435
1426,speedMps,8.13205509222939
1426,distanceM,11482.702485765341
1426,activeEnergyKcal,82.92148661905519
1426,heartRateBpm,200.55547038065546
1427,powerWatts,226.9564235706808
1427,cadenceSpm,91.78368256077678
1427,speedMps,8.064112290716865
1427,distanceM,11490.766598056058
1427,activeEnergyKcal,82.98369766749369
1427,heartRateBpm,200.3584814834606
1428,powerWatts,242.19077814810743
1428,cadenceSpm,93.54319307050044
1428,speedMps,8.240652632149642
1428,distanceM,11499.007250688208
1428,activeEnergyKcal,83.04590761172568
1428,heartRateBpm,201.03476028656553
1429,powerWatts,231.79865605111246
1429,cadenceSpm,93.224270258907
1429,speedMps,8.12105985528959
1429,distanceM,11507.128310543498
1429,activeEnergyKcal,83.10811645175117
1429,heartRateBpm,200.52698366973902
1430,powerWatts,224.68959466691237
1430,cadenceSpm,91.25434979348283
1430,speedMps,8.037174428557938
1430,distanceM,11515.165484972056
1430,activeEnergyKcal,83.17032418757016
1430,heartRateBpm,202.49143619091646
1431,powerWatts,233.4439689349123
1431,cadenceSpm,93.75793733934545
1431,speedMps,8.140229070006146
1431,distanceM,11523.305714042062
1431,activeEnergyKcal,83.23253081918266
1431,heartRateBpm,202.18980917953658
1432,powerWatts,242.53421869284506
1432,cadenceSpm,94.05901112341718
1432,speedMps,8.244546033211261
1432,distanceM,11531.550260075273
1432,activeEnergyKcal,83.29473634658865
1432,heartRateBpm,201.0948496983021
1433,powerWatts,227.96696126021956
1433,cadenceSpm,93.26598045937767
1433,speedMps,8.076063225801125
1433,distanceM,11539.626323301074
1433,activeEnergyKcal,83.35694076978814
1433,heartRateBpm,199.3076850373371
1434,powerWatts,240.2527015496728
1434,cadenceSpm,93.3251008076163
1434,speedMps,8.218612420670281
1434,distanceM,11547.844935721745
1434,activeEnergyKcal,83.41914408878112
1434,heartRateBpm,198.11115469092272
1435,powerWatts,249.06277746694676
1435,cadenceSpm,91.70366454929938
1435,speedMps,8.317867842390063
1435,distanceM,11556.162803564135
1435,activeEnergyKcal,83.4813463035676
1435,heartRateBpm,196.63558451016934
1436,powerWatts,239.6962179903184
1436,cadenceSpm,92.96322199610363
1436,speedMps,8.212262081570865
1436,distanceM,11564.375065645707
1436,activeEnergyKcal,83.5435474141476
1436,heartRateBpm,195.78508583896974
1437,powerWatts,230.21892921483038
1437,cadenceSpm,92.0900431000501
1437,speedMps,8.102569223595571
1437,distanceM,11572.477634869303
1437,activeEnergyKcal,83.60574742052108
1437,heartRateBpm,196.4716481156179
1438,powerWatts,217.7918769793168
1438,cadenceSpm,94.93928278767356
1438,speedMps,7.954074104527949
1438,distanceM,11580.43170897383
1438,activeEnergyKcal,83.66794632268807
1438,heartRateBpm,197.2017312353036
1439,powerWatts,232.17040335735925
1439,cadenceSpm,91.33885083805208
1439,speedMps,8.12539892224024
1439,distanceM,11588.557107896071
1439,activeEnergyKcal,83.73014412064855
1439,heartRateBpm,198.21057296395222
1440,powerWatts,241.5836726519265
1440,cadenceSpm,91.6521903395091
1440,speedMps,8.23376118936543
1440,distanceM,11596.790869085436
1440,activeEnergyKcal,83.79234081440254
1440,heartRateBpm,196.94255589891196
1441,powerWatts,230.63333005475394
1441,cadenceSpm,91.39591879394078
1441,speedMps,8.107427930415385
1441,distanceM,11604.898297015852
1441,activeEnergyKcal,83.85453640395002
1441,heartRateBpm,196.71298480568748
1442,powerWatts,246.68634001068565
1442,cadenceSpm,92.28265781676151
1442,speedMps,8.291328219161587
1442,distanceM,11613.189625235014
1442,activeEnergyKcal,83.916730889291
1442,heartRateBpm,195.93508029769941
1443,powerWatts,259.93511585841105
1443,cadenceSpm,93.6817491486946
1443,speedMps,8.437181498815542
1443,distanceM,11621.62680673383
1443,activeEnergyKcal,83.97892427042548
1443,heartRateBpm,194.81989455481374
1444,powerWatts,235.5410189726164
1444,cadenceSpm,93.01830051063087
1444,speedMps,8.16453126995385
1444,distanceM,11629.791338003784
1444,activeEnergyKcal,84.04111654735345
1444,heartRateBpm,194.68772484366724
1445,powerWatts,251.14224306874087
1445,cadenceSpm,93.84852886466948
1445,speedMps,8.34095279119018
1445,distanceM,11638.132290794974
1445,activeEnergyKcal,84.10330772007494
1445,heartRateBpm,196.24710376917463
1446,powerWatts,252.44417701438718
1446,cadenceSpm,91.71739435756072
1446,speedMps,8.355341261686604
1446,distanceM,11646.487632056662
1446,activeEnergyKcal,84.16549778858992
1446,heartRateBpm,194.62271895675525
1447,powerWatts,226.47167618429123
1447,cadenceSpm,91.48355059741897
1447,speedMps,8.05836692387538
1447,distanceM,11654.545998980537
1447,activeEnergyKcal,84.22768675289839
1447,heartRateBpm,193.1128688529713
1448,powerWatts,238.88709587777421
1448,cadenceSpm,94.08424906305261
1448,speedMps,8.203011186656232
1448,distanceM,11662.749010167194
1448,activeEnergyKcal,84.28987461300036
1448,heartRateBpm,194.48267579600602
1449,powerWatts,246.42865145277852
1449,cadenceSpm,94.60458497070357
1449,speedMps,8.288440172744421
1449,distanceM,11671.037450339938
1449,activeEnergyKcal,84.35206136889585
1449,heartRateBpm,194.94494001532607
1450,powerWatts,227.05465070131868
1450,cadenceSpm,93.8343585418705
1450,speedMps,8.06527551014357
1450,distanceM,11679.102725850082
1450,activeEnergyKcal,84.41424702058482
1450,heartRateBpm,193.902143540003
1451,powerWatts,244.4531613788993
1451,cadenceSpm,94.0973667690998
1451,speedMps,8.266232689533291
1451,distanceM,11687.368958539615
1451,activeEnergyKcal,84.4764315680673
1451,heartRateBpm,193.2027205509459
1452,powerWatts,235.6121102733341
1452,cadenceSpm,94.79159010720274
1452,speedMps,8.165352597190124
1452,distanceM,11695.534311136806
1452,activeEnergyKcal,84.53861501134327
1452,heartRateBpm,193.3689478369195
1453,powerWatts,237.38922164740285
1453,cadenceSpm,92.95716365184096
1453,speedMps,8.185830337064559
1453,distanceM,11703.72014147387
1453,activeEnergyKcal,84.60079735041273
1453,heartRateBpm,190.92313740457192
1454,powerWatts,242.23889172626343
1454,cadenceSpm,95.17163200847659
1454,speedMps,8.241198291560565
1454,distanceM,11711.96133976543
1454,activeEnergyKcal,84.66297858527571
1454,heartRateBpm,189.62793628039233
1455,powerWatts,234.24228898426887
1455,cadenceSpm,92.7911091889809
1455,speedMps,8.14949769577284
1455,distanceM,11720.110837461203
1455,activeEnergyKcal,84.72515871593218
1455,heartRateBpm,188.27521222395248
1456,powerWatts,234.56305355631096
1456,cadenceSpm,92.85970530543464
1456,speedMps,8.153215894065832
1456,distanceM,11728.26405335527
1456,activeEnergyKcal,84.78733774238215
1456,heartRateBpm,188.3368899451849
1457,powerWatts,240.12544333067711
1457,cadenceSpm,92.66092738859552
1457,speedMps,8.217161072859959
1457,distanceM,11736.48121442813
1457,activeEnergyKcal,84.84951566462561
1457,heartRateBpm,187.85421969178526
1458,powerWatts,236.21496944036627
1458,cadenceSpm,91.22666458407069
1458,speedMps,8.172310877303925
1458,distanceM,11744.653525305434
1458,activeEnergyKcal,84.91169248266257
1458,heartRateBpm,187.3581816922707
1459,powerWatts,230.3752712660265
1459,cadenceSpm,93.16862909070764
1459,speedMps,8.104402964561357
1459,distanceM,11752.757928269995
1459,activeEnergyKcal,84.97386819649304
1459,heartRateBpm,185.40312990469974
1460,powerWatts,252.57242321291304
1460,cadenceSpm,94.23184618129237
1460,speedMps,8.356755910216098
1460,distanceM,11761.114684180211
1460,activeEnergyKcal,85.03604280611701
1460,heartRateBpm,185.69763644790777
1461,powerWatts,229.12848293314116
1461,cadenceSpm,91.78476839816373
1461,speedMps,8.089756197939646
1461,distanceM,11769.204440378151
1461,activeEnergyKcal,85.09821631153447
1461,heartRateBpm,185.78186138666436
1462,powerWatts,226.51870805443374
1462,cadenceSpm,93.59457172986566
1462,speedMps,8.058924718180625
1462,distanceM,11777.263365096333
1462,activeEnergyKcal,85.16038871274543
1462,heartRateBpm,185.59874176028683
1463,powerWatts,250.3301131670785
1463,cadenceSpm,92.37524408549888
1463,speedMps,8.33195224504397
1463,distanceM,11785.595317341376
1463,activeEnergyKcal,85.2225600097499
1463,heartRateBpm,187.15661461392568
1464,powerWatts,244.6076474746411
1464,cadenceSpm,92.59479414365526
1464,speedMps,8.267973648948223
1464,distanceM,11793.863290990324
1464,activeEnergyKcal,85.28473020254786
1464,heartRateBpm,188.6639105909091
1465,powerWatts,224.98998529732324
1465,cadenceSpm,93.82228485691193
1465,speedMps,8.040754503542715
1465,distanceM,11801.904045493868
1465,activeEnergyKcal,85.34689929113932
1465,heartRateBpm,189.50412736901131
1466,powerWatts,236.95611434217253
1466,cadenceSpm,92.65339133766392
1466,speedMps,8.180849064544049
1466,distanceM,11810.084894558411
1466,activeEnergyKcal,85.40906727552428
1466,heartRateBpm,190.1448658049759
1467,powerWatts,234.24777987633007
1467,cadenceSpm,92.49654113083908
1467,speedMps,8.149561372949082
1467,distanceM,11818.23445593136
1467,activeEnergyKcal,85.47123415570273
1467,heartRateBpm,190.10778426635508
1468,powerWatts,232.41232507544413
1468,cadenceSpm,92.45133002671835
1468,speedMps,8.12822016628733
1468,distanceM,11826.362676097648
1468,activeEnergyKcal,85.5333999316747
1468,heartRateBpm,189.9391619104558
1469,powerWatts,240.47674077127553
1469,cadenceSpm,94.18683649393017
1469,speedMps,8.221166286481726
1469,distanceM,11834.583842384129
1469,activeEnergyKcal,85.59556460344015
1469,heartRateBpm,187.40260450971658
1470,powerWatts,245.3310592355156
1470,cadenceSpm,95.16899842920958
1470,speedMps,8.27611629809179
1470,distanceM,11842.85995868222
1470,activeEnergyKcal,85.6577281709991
1470,heartRateBpm,187.36241445919032
1471,powerWatts,231.16519499260937
1471,cadenceSpm,91.68526485701943
1471,speedMps,8.113655342276951
1471,distanceM,11850.973614024497
1471,activeEnergyKcal,85.71989063435156
1471,heartRateBpm,186.29094495805762
1472,powerWatts,248.41021155781758
1472,cadenceSpm,92.32598170220855
1472,speedMps,8.310596978755102
1472,distanceM,11859.284211003252
1472,activeEnergyKcal,85.7820519934975
1472,heartRateBpm,186.2373019474516
1473,powerWatts,240.0640713889319
1473,cadenceSpm,92.10028291564664
1473,speedMps,8.216460958101159
1473,distanceM,11867.500671961354
1473,activeEnergyKcal,85.84421224843696
1473,heartRateBpm,187.3401437183898
1474,powerWatts,230.30584985798686
1474,cadenceSpm,92.52928239474255
1474,speedMps,8.103588821062937
1474,distanceM,11875.604260782417
1474,activeEnergyKcal,85.90637139916991
1474,heartRateBpm,186.02172538883912
1475,powerWatts,230.8957604832914
1475,cadenceSpm,91.65725456169709
1475,speedMps,8.110501827417991
1475,distanceM,11883.714762609834
1475,activeEnergyKcal,85.96852944569636
1475,heartRateBpm,187.31473992037564
1476,powerWatts,229.71390617795436
1476,cadenceSpm,95.06815375362632
1476,speedMps,8.096640113815766
1476,distanceM,11891.81140272365
1476,activeEnergyKcal,86.0306863880163
1476,heartRateBpm,185.28620063125308
1477,powerWatts,239.50253683315833
1477,cadenceSpm,93.7831637209417
1477,speedMps,8.210049574097608
1477,distanceM,11900.021452297748
1477,activeEnergyKcal,86.09284222612976
1477,heartRateBpm,183.65873735997383
1478,powerWatts,249.28120867820763
1478,cadenceSpm,92.89255586765873
1478,speedMps,8.320298757040312
1478,distanceM,11908.341751054788
1478,activeEnergyKcal,86.15499696003671
1478,heartRateBpm,184.0339027225021
1479,powerWatts,241.4682695709007
1479,cadenceSpm,92.08120163578076
1479,speedMps,8.232449907658808
1479,distanceM,11916.574200962446
1479,activeEnergyKcal,86.21715058973716
1479,heartRateBpm,185.09757483638123
1480,powerWatts,234.2434716238662
1480,cadenceSpm,93.57618630521117
1480,speedMps,8.149511410777782
1480,distanceM,11924.723712373225
1480,activeEnergyKcal,86.2793031152311
1480,heartRateBpm,186.339389741891
1481,powerWatts,238.88995536725602
1481,cadenceSpm,92.2706960314195
1481,speedMps,8.203043916665541
1481,distanceM,11932.92675628989
1481,activeEnergyKcal,86.34145453651854
1481,heartRateBpm,185.8326224295793
1482,powerWatts,222.6995449871198
1482,cadenceSpm,93.36413049380225
1482,speedMps,8.01337592220666
1482,distanceM,11940.940132212096
1482,activeEnergyKcal,86.40360485359949
1482,heartRateBpm,184.89871674407513
1483,powerWatts,225.87939795499864
1483,cadenceSpm,92.55012434317894
1483,speedMps,8.051335931302274
1483,distanceM,11948.991468143398
1483,activeEnergyKcal,86.46575406647393
1483,heartRateBpm,186.2380485382466
1484,powerWatts,241.8330435942528
1484,cadenceSpm,92.38708574633404
1484,speedMps,8.236593271913302
1484,distanceM,11957.228061415311
1484,activeEnergyKcal,86.52790217514188
1484,heartRateBpm,186.76728865999874
1485,powerWatts,235.9093279385509
1485,cadenceSpm,93.02211910684102
1485,speedMps,8.168784604235434
1485,distanceM,11965.396846019547
1485,activeEnergyKcal,86.59004917960331
1485,heartRateBpm,185.491846168892
1486,powerWatts,243.8489409627264
1486,cadenceSpm,91.34989247998132
1486,speedMps,8.259416458974306
1486,distanceM,11973.65626247852
1486,activeEnergyKcal,86.65219507985825
1486,heartRateBpm,185.79762079242013
1487,powerWatts,234.1755293536822
1487,cadenceSpm,93.11709643589082
1487,speedMps,8.148723413223935
1487,distanceM,11981.804985891744
1487,activeEnergyKcal,86.71433987590669
1487,heartRateBpm,184.8531756095968
1488,powerWatts,236.19967425679602
1488,cadenceSpm,93.1105858402359
1488,speedMps,8.17213448473892
1488,distanceM,11989.977120376483
1488,activeEnergyKcal,86.77648356774863
1488,heartRateBpm,184.54288328865107
1489,powerWatts,239.4779674077684
1489,cadenceSpm,93.74352344559482
1489,speedMps,8.209768821193107
1489,distanceM,11998.186889197676
1489,activeEnergyKcal,86.83862615538406
1489,heartRateBpm,187.44732777392724
1490,powerWatts,256.5936104005966
1490,cadenceSpm,92.13186068564934
1490,speedMps,8.400871711617208
1490,distanceM,12006.587760909293
1490,activeEnergyKcal,86.900767638813
1490,heartRateBpm,188.73363232479272
1491,powerWatts,252.3159593223583
1491,cadenceSpm,93.54643525924307
1491,speedMps,8.35392644857173
1491,distanceM,12014.941687357865
1491,activeEnergyKcal,86.96290801803544
1491,heartRateBpm,189.9859615521706
1492,powerWatts,240.25500369842234
1492,cadenceSpm,92.12294369081783
1492,speedMps,8.218638671374578
1492,distanceM,12023.16032602924
1492,activeEnergyKcal,87.02504729305137
1492,heartRateBpm,186.87663722710752
1493,powerWatts,240.11688914231527
1493,cadenceSpm,91.70852806833886
1493,speedMps,8.217063496113768
1493,distanceM,12031.377389525353
1493,activeEnergyKcal,87.0871854638608
1493,heartRateBpm,185.83644966050716
1494,powerWatts,254.46243624131236
1494,cadenceSpm,91.57337906405319
1494,speedMps,8.37754881598808
1494,distanceM,12039.75493834134
1494,activeEnergyKcal,87.14932253046373
1494,heartRateBpm,182.3882529338096
1495,powerWatts,249.24479426735184
1495,cadenceSpm,91.92198171779707
1495,speedMps,8.319893600773897
1495,distanceM,12048.074831942115
1495,activeEnergyKcal,87.21145849286016
1495,heartRateBpm,184.06694492805633
1496,powerWatts,232.75414181647216
1496,cadenceSpm,92.72110564805637
1496,speedMps,8.132203031311631
1496,distanceM,12056.207034973426
1496,activeEnergyKcal,87.2735933510501
1496,heartRateBpm,183.68360588086088
1497,powerWatts,234.9253296779629
1497,cadenceSpm,93.14108942469854
1497,speedMps,8.157411206794396
1497,distanceM,12064.36444618022
1497,activeEnergyKcal,87.33572710503353
1497,heartRateBpm,184.02090124298823
1498,powerWatts,240.92940801809772
1498,cadenceSpm,92.10746541501769
1498,speedMps,8.226321490653513
1498,distanceM,12072.590767670874
1498,activeEnergyKcal,87.39785975481045
1498,heartRateBpm,182.40508146233805
1499,powerWatts,229.3605280009142
1499,cadenceSpm,93.49722533448713
1499,speedMps,8.092486186900738
1499,distanceM,12080.683253857775
1499,activeEnergyKcal,87.45999130038088
1499,heartRateBpm,181.48207723721055
1500,powerWatts,231.65302867003592
1500,cadenceSpm,91.86362685520666
1500,speedMps,8.119358815184277
1500,distanceM,12088.802612672958
1500,activeEnergyKcal,87.5221217417448
1500,heartRateBpm,183.04839966322945
1501,powerWatts,242.1081018008477
1501,cadenceSpm,93.59907730554986
1501,speedMps,8.239714825180263
1501,distanceM,12097.042327498139
1501,activeEnergyKcal,87.58425107890223
1501,heartRateBpm,183.74103344568812
1502,powerWatts,238.98248690199347
1502,cadenceSpm,92.33973477377342
1502,speedMps,8.20410290114082
1502,distanceM,12105.24643039928
1502,activeEnergyKcal,87.64637931185315
1502,heartRateBpm,184.74674803844078
1503,powerWatts,243.34660536378155
1503,cadenceSpm,93.36703605754133
1503,speedMps,8.253741017475916
1503,distanceM,12113.500171416756
1503,activeEnergyKcal,87.70850644059757
1503,heartRateBpm,185.16507412583485
1504,powerWatts,241.39662130924708
1504,cadenceSpm,93.68943744239505
1504,speedMps,8.231635585243257
1504,distanceM,12121.731807002
1504,activeEnergyKcal,87.77063246513549
1504,heartRateBpm,182.4267304023998
1505,powerWatts,240.7192662172947
1505,cadenceSpm,91.57001234167238
1505,speedMps,8.223929092998542
1505,distanceM,12129.955736094998
1505,activeEnergyKcal,87.83275738546692
1505,heartRateBpm,181.75220525677798
1506,powerWatts,234.49260805621714
1506,cadenceSpm,92.90450909134259
1506,speedMps,8.15239960342079
1506,distanceM,12138.10813569842
1506,activeEnergyKcal,87.89488120159184
1506,heartRateBpm,181.06098072319213
1507,powerWatts,232.5284261629224
1507,cadenceSpm,93.5754756735986
1507,speedMps,8.129573419395488
1507,distanceM,12146.237709117815
1507,activeEnergyKcal,87.95700391351026
1507,heartRateBpm,182.06246756458626
1508,powerWatts,238.7822760159665
1508,cadenceSpm,93.26572333441437
1508,speedMps,8.201811227476552
1508,distanceM,12154.439520345291
1508,activeEnergyKcal,88.01912552122218
1508,heartRateBpm,183.07900301609544
1509,powerWatts,233.9541227173217
1509,cadenceSpm,93.31224320623795
1509,speedMps,8.14615447081993
1509,distanceM,12162.585674816111
1509,activeEnergyKcal,88.08124602472759
1509,heartRateBpm,182.8595839200722
1510,powerWatts,253.6222083831279
1510,cadenceSpm,91.0523494321869
1510,speedMps,8.368317837631778
1510,distanceM,12170.953992653744
1510,activeEnergyKcal,88.14336542402651
1510,heartRateBpm,181.73691518962227
1511,powerWatts,249.0085405408688
1511,cadenceSpm,92.73553406719634
1511,speedMps,8.317264020950763
1511,distanceM,12179.271256674694
1511,activeEnergyKcal,88.20548371911893
1511,heartRateBpm,181.3418409617697
1512,powerWatts,238.4213743531494
1512,cadenceSpm,93.80776645186482
1512,speedMps,8.197677001226367
1512,distanceM,12187.46893367592
1512,activeEnergyKcal,88.26760091000484
1512,heartRateBpm,183.1683181738775
1513,powerWatts,229.44629227806234
1513,cadenceSpm,91.58643187399572
1513,speedMps,8.093494729716772
1513,distanceM,12195.562428405638
1513,activeEnergyKcal,88.32971699668425
1513,heartRateBpm,182.66153488245342
1514,powerWatts,238.56444500097797
1514,cadenceSpm,92.84587697351027
1514,speedMps,8.199316413019874
1514,distanceM,12203.761744818657
1514,activeEnergyKcal,88.39183197915716
1514,heartRateBpm,179.74282468954485
1515,powerWatts,232.6432199963323
1515,cadenceSpm,92.48316040709304
1515,speedMps,8.1309109925887
1515,distanceM,12211.892655811245
1515,activeEnergyKcal,88.45394585742358
1515,heartRateBpm,180.6734806141567
1516,powerWatts,238.62311053628818
1516,cadenceSpm,92.5398506892348
1516,speedMps,8.199988457650331
1516,distanceM,12220.092644268896
1516,activeEnergyKcal,88.51605863148349
1516,heartRateBpm,181.52850210367689
1517,powerWatts,236.3504393316608
1517,cadenceSpm,91.06957380965552
1517,speedMps,8.17387285916342
1517,distanceM,12228.266517128059
1517,activeEnergyKcal,88.5781703013369
1517,heartRateBpm,181.2699379628508
1518,powerWatts,247.46169047546056
1518,cadenceSpm,92.01918033125361
1518,speedMps,8.300005853645551
1518,distanceM,12236.566522981704
1518,activeEnergyKcal,88.6402808669838
1518,heartRateBpm,181.72510733312407
1519,powerWatts,233.3891183124588
1519,cadenceSpm,92.46315473195057
1519,speedMps,8.139591470031553
1519,distanceM,12244.706114451736
1519,activeEnergyKcal,88.70239032842422
1519,heartRateBpm,180.4699428842475
1520,powerWatts,238.39551750439875
1520,cadenceSpm,93.75227415956658
1520,speedMps,8.197380643908078
1520,distanceM,12252.903495095643
1520,activeEnergyKcal,88.76449868565813
1520,heartRateBpm,181.7072343309861
1521,powerWatts,230.06013782900192
1521,cadenceSpm,95.00912308868521
1521,speedMps,8.100705904298303
1521,distanceM,12261.004200999942
1521,activeEnergyKcal,88.82660593868553
1521,heartRateBpm,181.4512113663073
1522,powerWatts,230.2473675896458
1522,cadenceSpm,92.23699378058035
1522,speedMps,8.102902839969758
1522,distanceM,12269.107103839911
1522,activeEnergyKcal,88.88871208750643
1522,heartRateBpm,180.14290669411494
1523,powerWatts,233.42775458556122
1523,cadenceSpm,90.84831288663182
1523,speedMps,8.140040599978404
1523,distanceM,12277.247144439889
1523,activeEnergyKcal,88.95081713212083
1523,heartRateBpm,181.46784573258427
1524,powerWatts,225.46715958803523
1524,cadenceSpm,93.96344285402128
1524,speedMps,8.046434951991918
1524,distanceM,12285.29357939188
1524,activeEnergyKcal,89.01292107252874
1524,heartRateBpm,181.3068793473104
1525,powerWatts,249.2596211174397
1525,cadenceSpm,93.27700193137737
1525,speedMps,8.320058572951206
1525,distanceM,12293.613637964832
1525,activeEnergyKcal,89.07502390873015
1525,heartRateBpm,181.7815013037144
1526,powerWatts,241.70483797504497
1526,cadenceSpm,92.71827666282736
1526,speedMps,8.23513749594276
1526,distanceM,12301.848775460776
1526,activeEnergyKcal,89.13712564072505
1526,heartRateBpm,181.43235689537062
1527,powerWatts,225.2429911256984
1527,cadenceSpm,92.39922705785185
1527,speedMps,8.043767371972317
1527,distanceM,12309.892542832747
1527,activeEnergyKcal,89.19922626851344
1527,heartRateBpm,181.08290405355476
1528,powerWatts,247.40694913988563
1528,cadenceSpm,91.58546825818345
1528,speedMps,8.29939379000092
1528,distanceM,12318.191936622748
1528,activeEnergyKcal,89.26132579209533
1528,heartRateBpm,181.17407303318322
1529,powerWatts,244.89355791861485
1529,cadenceSpm,93.53565450573137
1529,speedMps,8.271193743960694
1529,distanceM,12326.463130366708
1529,activeEnergyKcal,89.32342421147074
1529,heartRateBpm,183.13496792394886
1530,powerWatts,232.68885355164642
1530,cadenceSpm,92.87224282594248
1530,speedMps,8.131442590742708
1530,distanceM,12334.59457295745
1530,activeEnergyKcal,89.38552152663964
1530,heartRateBpm,180.84839616611114
1531,powerWatts,230.17057375570343
1531,cadenceSpm,94.34369867488971
1531,speedMps,8.102001892763893
1531,distanceM,12342.696574850215
1531,activeEnergyKcal,89.44761773760203
1531,heartRateBpm,181.03043727221709
1532,powerWatts,237.42383141711142
1532,cadenceSpm,94.40357058945939
1532,speedMps,8.186228130940464
1532,distanceM,12350.882802981156
1532,activeEnergyKcal,89.50971284435792
1532,heartRateBpm,179.88454737319492
1533,powerWatts,223.0651451081063
1533,cadenceSpm,92.63320761236355
1533,speedMps,8.017758642533323
1533,distanceM,12358.900561623688
1533,activeEnergyKcal,89.57180684690732
1533,heartRateBpm,179.66537676335713
1534,powerWatts,240.73514795103804
1534,cadenceSpm,93.36065248821542
1534,speedMps,8.224109950118883
1534,distanceM,12367.124671573807
1534,activeEnergyKcal,89.63389974525022
1534,heartRateBpm,181.02260671212596
1535,powerWatts,232.11050415959534
1535,cadenceSpm,93.94116539128211
1535,speedMps,8.124700086769973
1535,distanceM,12375.249371660577
1535,activeEnergyKcal,89.69599153938661
1535,heartRateBpm,181.6681966633001
1536,powerWatts,239.67562884756182
1536,cadenceSpm,90.98639226234862
1536,speedMps,8.212026939107007
1536,distanceM,12383.461398599684
1536,activeEnergyKcal,89.7580822293165
1536,heartRateBpm,181.49022136770236
1537,powerWatts,235.81339520270478
1537,cadenceSpm,92.24300302454846
1537,speedMps,8.167677172959491
1537,distanceM,12391.629075772644
1537,activeEnergyKcal,89.82017181503988
1537,heartRateBpm,182.84721686543296
1538,powerWatts,238.1310244478839
1538,cadenceSpm,92.24999269840016
1538,speedMps,8.19434793505385
1538,distanceM,12399.823423707698
1538,activeEnergyKcal,89.88226029655678
1538,heartRateBpm,182.42800143666673
1539,powerWatts,241.85461856376628
1539,cadenceSpm,92.80800493554807
1539,speedMps,8.23683820530725
1539,distanceM,12408.060261913004
1539,activeEnergyKcal,89.94434767386717
1539,heartRateBpm,181.61546552018768
1540,powerWatts,233.72467543535578
1540,cadenceSpm,92.72227489780931
1540,speedMps,8.143490523505763
1540,distanceM,12416.20375243651
1540,activeEnergyKcal,90.00643394697106
1540,heartRateBpm,181.3134589893603
1541,powerWatts,234.01028658508287
1541,cadenceSpm,91.39483408971977
1541,speedMps,8.146806283706388
1541,distanceM,12424.350558720216
1541,activeEnergyKcal,90.06851911586844
1541,heartRateBpm,180.0440292774739
1542,powerWatts,235.91907832224263
1542,cadenceSpm,92.38059830984169
1542,speedMps,8.168897144206595
1542,distanceM,12432.519455864423
1542,activeEnergyKcal,90.13060318055932
1542,heartRateBpm,181.66414625786808
1543,powerWatts,234.4728115250556
1543,cadenceSpm,92.61027552123207
1543,speedMps,8.15217018073097
1543,distanceM,12440.671626045154
1543,activeEnergyKcal,90.19268614104371
1543,heartRateBpm,179.03836182954632
1544,powerWatts,229.4939809220962
1544,cadenceSpm,91.34360275700301
1544,speedMps,8.094055414381096
1544,distanceM,12448.765681459536
1544,activeEnergyKcal,90.2547679973216
1544,heartRateBpm,176.42725711156316
1545,powerWatts,235.91036277988727
1545,cadenceSpm,91.99877552978396
1545,speedMps,8.16879654863188
1545,distanceM,12456.934478008168
1545,activeEnergyKcal,90.31684874939297
1545,heartRateBpm,176.86854135217934
1546,powerWatts,247.8871654700678
1546,cadenceSpm,94.34970162534579
1546,speedMps,8.304760021091118
1546,distanceM,12465.239238029259
1546,activeEnergyKcal,90.37892839725785
1546,heartRateBpm,177.46441925625984
1547,powerWatts,231.8821725891979
1547,cadenceSpm,93.04093551216647
1547,speedMps,8.122035071419106
1547,distanceM,12473.361273100678
1547,activeEnergyKcal,90.44100694091624
1547,heartRateBpm,173.73578741036468
1548,powerWatts,239.57362933015247
1548,cadenceSpm,92.8795492956729
1548,speedMps,8.210861834363662
1548,distanceM,12481.572134935042
1548,activeEnergyKcal,90.50308438036812
1548,heartRateBpm,172.88672262480512
1549,powerWatts,239.15023557996142
1549,cadenceSpm,93.21694038016246
1549,speedMps,8.206022017410799
1549,distanceM,12489.778156952454
1549,activeEnergyKcal,90.5651607156135
1549,heartRateBpm,172.86899798621965
1550,powerWatts,240.92388684302355
1550,cadenceSpm,93.6822313605269
1550,speedMps,8.226258651627363
1550,distanceM,12498.004415604082
1550,activeEnergyKcal,90.62723594665238
1550,heartRateBpm,173.4426714199581
1551,powerWatts,224.6934553461224
1551,cadenceSpm,93.60770248761496
1551,speedMps,8.037220460617641
1551,distanceM,12506.0416360647
1551,activeEnergyKcal,90.68931007348475
1551,heartRateBpm,174.41936781020155
1552,powerWatts,235.23625786169754
1552,cadenceSpm,93.4021950554315
1552,speedMps,8.161008450364395
1552,distanceM,12514.202644515064
1552,activeEnergyKcal,90.75138309611063
1552,heartRateBpm,174.64483155009475
1553,powerWatts,232.39170049073246
1553,cadenceSpm,93.12380794866431
1553,speedMps,8.127979722750228
1553,distanceM,12522.330624237815
1553,activeEnergyKcal,90.81345501453
1553,heartRateBpm,173.85652028185993
1554,powerWatts,237.68917116333853
1554,cadenceSpm,91.98858809691194
1554,speedMps,8.189276579514564
1554,distanceM,12530.51990081733
1554,activeEnergyKcal,90.87552582874288
1554,heartRateBpm,171.69663833167348
1555,powerWatts,241.3848843289813
1555,cadenceSpm,91.60483467704623
1555,speedMps,8.23150217256364
1555,distanceM,12538.751402989894
1555,activeEnergyKcal,90.93759553874925
1555,heartRateBpm,170.4862670625449
1556,powerWatts,241.38952671657105
1556,cadenceSpm,93.53781010924533
1556,speedMps,8.231554942477354
1556,distanceM,12546.98295793237
1556,activeEnergyKcal,90.99966414454912
1556,heartRateBpm,171.03624104357368
1557,powerWatts,245.2213929518992
1557,cadenceSpm,94.84427957956021
1557,speedMps,8.274882935859125
1557,distanceM,12555.25784086823
1557,activeEnergyKcal,91.06173164614249
1557,heartRateBpm,170.17547070736134
1558,powerWatts,230.12137293012583
1558,cadenceSpm,94.45853766133816
1558,speedMps,8.101424562102917
1558,distanceM,12563.359265430332
1558,activeEnergyKcal,91.12379804352936
1558,heartRateBpm,168.70522519019426
1559,powerWatts,242.92115937660992
1559,cadenceSpm,93.43821579033835
1559,speedMps,8.248928171217475
1559,distanceM,12571.608193601549
1559,activeEnergyKcal,91.18586333670973
1559,heartRateBpm,169.6346336862075
1560,powerWatts,236.28635712138157
1560,cadenceSpm,90.99921273497576
1560,speedMps,8.173134059061287
1560,distanceM,12579.78132766061
1560,activeEnergyKcal,91.2479275256836
1560,heartRateBpm,167.5309851308237
1561,powerWatts,190.23762817944532
1561,cadenceSpm,85.19198227930465
1561,speedMps,7.603400746241655
1561,distanceM,12587.384728406852
1561,activeEnergyKcal,91.29005454016051
1561,heartRateBpm,167.8608310855402
1562,powerWatts,173.85593297150328
1562,cadenceSpm,85.60247303704567
1562,speedMps,7.3785707433719985
1562,distanceM,12594.763299150225
1562,activeEnergyKcal,91.3321825405361
1562,heartRateBpm,165.4717226962714
1563,powerWatts,177.50452672547883
1563,cadenceSpm,85.79325972150754
1563,speedMps,7.42983013032743
1563,distanceM,12602.193129280553
1563,activeEnergyKcal,91.37431152681033
1563,heartRateBpm,162.91712890441596
1564,powerWatts,186.36651128718566
1564,cadenceSpm,84.51698477790396
1564,speedMps,7.551473430530338
1564,distanceM,12609.744602711084
1564,activeEnergyKcal,91.41644149898323
1564,heartRateBpm,163.72200456914084
1565,powerWatts,192.746762997325
1565,cadenceSpm,87.02567123318339
1565,speedMps,7.63668313957092
1565,distanceM,12617.381285850655
1565,activeEnergyKcal,91.4585724570548
1565,heartRateBpm,162.6864618469242
1566,powerWatts,182.08006185375262
1566,cadenceSpm,84.81993912316631
1566,speedMps,7.493128912204074
1566,distanceM,12624.874414762859
1566,activeEnergyKcal,91.50070440102503
1566,heartRateBpm,161.94537073263015
1567,powerWatts,177.6746839997924
1567,cadenceSpm,86.57689592435034
1567,speedMps,7.432203470530429
1567,distanceM,12632.30661823339
1567,activeEnergyKcal,91.54283733089392
1567,heartRateBpm,163.00239571483033
1568,powerWatts,171.30776655925231
1568,cadenceSpm,86.5037927141802
1568,speedMps,7.342344504813894
1568,distanceM,12639.648962738203
1568,activeEnergyKcal,91.58497124666147
1568,heartRateBpm,162.48950340974946
1569,powerWatts,159.65711897992782
1569,cadenceSpm,85.70752772996131
1569,speedMps,7.171970638412519
1569,distanceM,12646.820933376615
1569,activeEnergyKcal,91.62710614832768
1569,heartRateBpm,161.85559264089443
1570,powerWatts,191.71344161251855
1570,cadenceSpm,85.96120205705165
1570,speedMps,7.623011847789813
1570,distanceM,12654.443945224406
1570,activeEnergyKcal,91.66924203589255
1570,heartRateBpm,160.084505254817
1571,powerWatts,173.33936104705322
1571,cadenceSpm,86.31536709854194
1571,speedMps,7.371255598929494
1571,distanceM,12661.815200823336
1571,activeEnergyKcal,91.71137890935609
1571,heartRateBpm,158.2066144123786
1572,powerWatts,192.61328861829978
1572,cadenceSpm,85.66950632212652
1572,speedMps,7.634919967869204
1572,distanceM,12669.450120791205
1572,activeEnergyKcal,91.75351676871828
1572,heartRateBpm,157.27663794690358
1573,powerWatts,171.6807938409154
1573,cadenceSpm,84.84492535959959
1573,speedMps,7.347670025585353
1573,distanceM,12676.79779081679
1573,activeEnergyKcal,91.79565561397914
1573,heartRateBpm,158.71658827734058
1574,powerWatts,183.7778318708417
1574,cadenceSpm,84.06834345999891
1574,speedMps,7.516346305285866
1574,distanceM,12684.314137122075
1574,activeEnergyKcal,91.83779544513865
1574,heartRateBpm,157.7007153972299
1575,powerWatts,178.79774793013618
1575,cadenceSpm,85.65716030919116
1575,speedMps,7.447829997315159
1575,distanceM,12691.76196711939
1575,activeEnergyKcal,91.87993626219684
1575,heartRateBpm,156.82829010962547
1576,powerWatts,178.9814368344519
1576,cadenceSpm,85.25360893178026
1576,speedMps,7.450379648176471
1576,distanceM,12699.212346767566
1576,activeEnergyKcal,91.92207806515368
1576,heartRateBpm,157.30071613563558
1577,powerWatts,180.51285223937913
1577,cadenceSpm,85.30508242633032
1577,speedMps,7.471568509721306
1577,distanceM,12706.683915277288
1577,activeEnergyKcal,91.96422085400918
1577,heartRateBpm,156.25815050780994
1578,powerWatts,172.010483991398
1578,cadenceSpm,86.5517987331849
1578,speedMps,7.352370425995593
1578,distanceM,12714.036285703283
1578,activeEnergyKcal,92.00636462876335
1578,heartRateBpm,154.7299897415795
1579,powerWatts,174.3914873680541
1579,cadenceSpm,84.29302787415106
1579,speedMps,7.38613941487603
1579,distanceM,12721.422425118159
1579,activeEnergyKcal,92.04850938941618
1579,heartRateBpm,153.13202830121895
1580,powerWatts,184.61475097109653
1580,cadenceSpm,85.84915203769862
1580,speedMps,7.527738772622815
1580,distanceM,12728.950163890782
1580,activeEnergyKcal,92.09065513596767
1580,heartRateBpm,152.51081748156736
1581,powerWatts,179.28987154137067
1581,cadenceSpm,87.42672716610359
1581,speedMps,7.4546568830319035
1581,distanceM,12736.404820773814
1581,activeEnergyKcal,92.13280186841781
1581,heartRateBpm,151.5997762104571
1582,powerWatts,181.1522213888353
1582,cadenceSpm,87.87522942900485
1582,speedMps,7.480379445396669
1582,distanceM,12743.88520021921
1582,activeEnergyKcal,92.17494958676663
1582,heartRateBpm,152.17440316715116
1583,powerWatts,192.1178895822727
1583,cadenceSpm,84.74653082830261
1583,speedMps,7.628368707630367
1583,distanceM,12751.51356892684
1583,activeEnergyKcal,92.2170982910141
1583,heartRateBpm,152.63582734137222
1584,powerWatts,199.59916860492186
1584,cadenceSpm,85.83868716367583
1584,speedMps,7.726129493847528
1584,distanceM,12759.239698420688
1584,activeEnergyKcal,92.25924798116023
1584,heartRateBpm,150.5371411697433
1585,powerWatts,167.15755930899167
1585,cadenceSpm,86.02464090207836
1585,speedMps,7.282565744530363
1585,distanceM,12766.522264165218
1585,activeEnergyKcal,92.30139865720503
1585,heartRateBpm,150.4546766982307
1586,powerWatts,168.67894507862323
1586,cadenceSpm,87.367868713624
1586,speedMps,7.304593160286223
1586,distanceM,12773.826857325505
1586,activeEnergyKcal,92.34355031914849
1586,heartRateBpm,150.27840111299273
1587,powerWatts,179.58706460552327
1587,cadenceSpm,84.0670867951401
1587,speedMps,7.458773585771502
1587,distanceM,12781.285630911276
1587,activeEnergyKcal,92.3857029669906
1587,heartRateBpm,148.58949926213674
1588,powerWatts,172.01422169169123
1588,cadenceSpm,83.91610529446962
1588,speedMps,7.3524236800326195
1588,distanceM,12788.638054591309
1588,activeEnergyKcal,92.42785660073139
1588,heartRateBpm,149.70115826261912
1589,powerWatts,163.02407811165838
1589,cadenceSpm,85.6847426254601
1589,speedMps,7.222036148415406
1589,distanceM,12795.860090739725
1589,activeEnergyKcal,92.47001122037084
1589,heartRateBpm,149.63236541004432
1590,powerWatts,185.16517177039074
1590,cadenceSpm,85.15727916864147
1590,speedMps,7.535212557834052
1590,distanceM,12803.395303297559
1590,activeEnergyKcal,92.51216682590893
1590,heartRateBpm,149.4631424776246
1591,powerWatts,177.77422988475064
1591,cadenceSpm,86.12663354268471
1591,speedMps,7.433591226187456
1591,distanceM,12810.828894523745
1591,activeEnergyKcal,92.5543234173457
1591,heartRateBpm,149.41420161865608
1592,powerWatts,184.23973608538876
1592,cadenceSpm,85.31473002076181
1592,speedMps,7.522638191116528
1592,distanceM,12818.351532714862
1592,activeEnergyKcal,92.59648099468113
1592,heartRateBpm,147.9873948900491
1593,powerWatts,186.35217505291124
1593,cadenceSpm,87.09797806038448
1593,speedMps,7.551279793330276
1593,distanceM,12825.902812508191
1593,activeEnergyKcal,92.63863955791521
1593,heartRateBpm,146.3778773779671
1594,powerWatts,196.92912448602016
1594,cadenceSpm,86.69089467819958
1594,speedMps,7.691523835718716
1594,distanceM,12833.59433634391
1594,activeEnergyKcal,92.68079910704796
1594,heartRateBpm,146.22231557207752
1595,powerWatts,171.37182092804744
1595,cadenceSpm,84.57595209571859
1595,speedMps,7.343259525862366
1595,distanceM,12840.937595869771
1595,activeEnergyKcal,92.72295964207937
1595,heartRateBpm,146.3067798338491
1596,powerWatts,162.7235011788211
1596,cadenceSpm,86.43559050089459
1596,speedMps,7.2175948556585094
1596,distanceM,12848.155190725429
1596,activeEnergyKcal,92.76512116300945
1596,heartRateBpm,145.78769405575622
1597,powerWatts,179.79988051686567
1597,cadenceSpm,85.58978832127643
1597,speedMps,7.461718710832188
1597,distanceM,12855.616909436261
1597,activeEnergyKcal,92.80728366983818
1597,heartRateBpm,144.99806733813605
1598,powerWatts,174.56521452747796
1598,cadenceSpm,84.98278284392973
1598,speedMps,7.388591268422537
1598,distanceM,12863.005500704683
1598,activeEnergyKcal,92.84944716256558
1598,heartRateBpm,144.19289175866982
1599,powerWatts,178.0936801690312
1599,cadenceSpm,86.1729188439757
1599,speedMps,7.438041143500659
1599,distanceM,12870.443541848184
1599,activeEnergyKcal,92.89161164119164
1599,heartRateBpm,132.7231344718186
1600,powerWatts,183.45250707084423
1600,cadenceSpm,86.64692807180703
1600,speedMps,7.511908522769309
1600,distanceM,12877.955450370953
1600,activeEnergyKcal,92.93377710571636
1600,heartRateBpm,120.98388530353591
1601,powerWatts,184.75057424197976
1601,cadenceSpm,88.55636717106013
1601,speedMps,7.529584402434024
1601,distanceM,12885.485034773388
1601,activeEnergyKcal,92.97594355613974
1601,heartRateBpm,107.5446892386386
1602,powerWatts,178.77038176182543
1602,cadenceSpm,85.81154289088015
1602,speedMps,7.447449998180027
1602,distanceM,12892.932484771569
1602,activeEnergyKcal,93.01811099246179
1602,heartRateBpm,106.38690269571633
1603,powerWatts,181.712034604437
1603,cadenceSpm,88.5935174965729
1603,speedMps,7.488077039863128
1603,distanceM,12900.420561811432
1603,activeEnergyKcal,93.06027941468248
1603,heartRateBpm,109.12619942699284
1604,powerWatts,181.78496494882413
1604,cadenceSpm,86.72886969418526
1604,speedMps,7.489078688789712
1604,distanceM,12907.909640500222
1604,activeEnergyKcal,93.10244882280185
1604,heartRateBpm,108.49244228298623
1605,powerWatts,187.95725034366987
1605,cadenceSpm,85.44783015013293
1605,speedMps,7.572897893678064
1605,distanceM,12915.4825383939
1605,activeEnergyKcal,93.14461921681988
1605,heartRateBpm,107.26981016621862
1606,powerWatts,193.4524518385979
1606,cadenceSpm,85.74374864218525
1606,speedMps,7.645991654729524
1606,distanceM,12923.12853004863
1606,activeEnergyKcal,93.18679059673657
1606,heartRateBpm,108.76612008404636
1607,powerWatts,173.7399001909658
1607,cadenceSpm,84.78779492832376
1607,speedMps,7.376928873186463
1607,distanceM,12930.505458921818
1607,activeEnergyKcal,93.22896296255192
1607,heartRateBpm,109.6571659971404
1608,powerWatts,167.85581710263824
1608,cadenceSpm,85.29052706927462
1608,speedMps,7.292692007276919
1608,distanceM,12937.798150929095
1608,activeEnergyKcal,93.27113631426593
1608,heartRateBpm,110.58265472458159
1609,powerWatts,179.0017219769275
1609,cadenceSpm,86.05098678351472
1609,speedMps,7.45066110437308
1609,distanceM,12945.248812033467
1609,activeEnergyKcal,93.31331065187861
1609,heartRateBpm,110.31211351205671
1610,powerWatts,169.0033547375343
1610,cadenceSpm,87.30537666405549
1610,speedMps,7.309272983727946
1610,distanceM,12952.558085017195
1610,activeEnergyKcal,93.35548597538994
1610,heartRateBpm,110.0214968813118
1611,powerWatts,180.37439587298374
1611,cadenceSpm,86.1686353695068
1611,speedMps,7.469657748582605
1611,distanceM,12960.027742765778
1611,activeEnergyKcal,93.39766228479994
1611,heartRateBpm,109.44527229453358
1612,powerWatts,196.03323633223707
1612,cadenceSpm,85.43104483438954
1612,speedMps,7.679842440301729
1612,distanceM,12967.70758520608
1612,activeEnergyKcal,93.4398395801086
1612,heartRateBpm,106.62828984934204
1613,powerWatts,184.58943482319734
1613,cadenceSpm,86.07056215134698
1613,speedMps,7.527394664944785
1613,distanceM,12975.234979871026
1613,activeEnergyKcal,93.48201786131592
1613,heartRateBpm,107.42323779361362
1614,powerWatts,186.94319597070503
1614,cadenceSpm,84.53660054112373
1614,speedMps,7.559254397457034
1614,distanceM,12982.794234268482
1614,activeEnergyKcal,93.5241971284219
1614,heartRateBpm,106.20739331054384
1615,powerWatts,189.7272446974607
1615,cadenceSpm,86.24822363752936
1615,speedMps,7.596595002292289
1615,distanceM,12990.390829270775
1615,activeEnergyKcal,93.56637738142655
1615,heartRateBpm,108.31630377107095
1616,powerWatts,188.53099536612558
1616,cadenceSpm,84.95617262576087
1616,speedMps,7.580595564212715
1616,distanceM,12997.971424834988
1616,activeEnergyKcal,93.60855862032986
1616,heartRateBpm,108.0338788082821
1617,powerWatts,179.37565613119503
1617,cadenceSpm,86.81829426389973
1617,speedMps,7.455845633427878
1617,distanceM,13005.427270468415
1617,activeEnergyKcal,93.65074084513182
1617,heartRateBpm,107.47195020535577
1618,powerWatts,180.22762275913658
1618,cadenceSpm,87.00994019639015
1618,speedMps,7.467631144554139
1618,distanceM,13012.89490161297
1618,activeEnergyKcal,93.69292405583245
1618,heartRateBpm,108.00334112914511
1619,powerWatts,197.4823881829236
1619,cadenceSpm,85.41808122744062
1619,speedMps,7.698720099812556
1619,distanceM,13020.593621712782
1619,activeEnergyKcal,93.73510825243174
1619,heartRateBpm,108.97261690757047
1620,powerWatts,172.06346914251043
1620,cadenceSpm,86.30683401349252
1620,speedMps,7.353125276234757
1620,distanceM,13027.946746989017
1620,activeEnergyKcal,93.77729343492969
1620,heartRateBpm,110.23415826696882
1621,powerWatts,181.6449538235893
1621,cadenceSpm,84.05283738662732
1621,speedMps,7.487155494079513
1621,distanceM,13035.433902483097
1621,activeEnergyKcal,93.8194796033263
1621,heartRateBpm,110.97240049087652
1622,powerWatts,178.11852106529244
1622,cadenceSpm,87.01773563904896
1622,speedMps,7.438386952175295
1622,distanceM,13042.872289435272
1622,activeEnergyKcal,93.86166675762158
1622,heartRateBpm,110.67445270550239
1623,powerWatts,183.85549871912377
1623,cadenceSpm,85.10840796317135
1623,speedMps,7.517404990665471
1623,distanceM,13050.389694425938
1623,activeEnergyKcal,93.90385489781552
1623,heartRateBpm,111.130594873063
1624,powerWatts,196.45643464127605
1624,cadenceSpm,85.37773513661132
1624,speedMps,7.685364905806563
1624,distanceM,13058.075059331744
1624,activeEnergyKcal,93.94604402390812
1624,heartRateBpm,110.23356355732629
1625,powerWatts,181.8637764208473
1625,cadenceSpm,86.44860248114337
1625,speedMps,7.490160809892493
1625,distanceM,13065.565220141636
1625,activeEnergyKcal,93.98823413589938
1625,heartRateBpm,109.64781527224817
1626,powerWatts,178.00007898948328
1626,cadenceSpm,86.17938071470924
1626,speedMps,7.436737837979875
1626,distanceM,13073.001957979615
1626,activeEnergyKcal,94.0304252337893
1626,heartRateBpm,108.71418887364278
1627,powerWatts,191.554614966616
1627,cadenceSpm,86.78568309671057
1627,speedMps,7.62090614966063
1627,distanceM,13080.622864129276
1627,activeEnergyKcal,94.07261731757788
1627,heartRateBpm,107.8345673466454
1628,powerWatts,178.98326642586383
1628,cadenceSpm,86.43658364387217
1628,speedMps,7.45040503461582
1628,distanceM,13088.073269163891
1628,activeEnergyKcal,94.11481038726512
1628,heartRateBpm,107.21835149369045
1629,powerWatts,159.164243838524
1629,cadenceSpm,85.45027842810723
1629,speedMps,7.164582869309311
1629,distanceM,13095.2378520332
1629,activeEnergyKcal,94.15700444285103
1629,heartRateBpm,108.01192045259944
1630,powerWatts,174.7604954886106
1630,cadenceSpm,86.40917143128831
1630,speedMps,7.391345374802975
1630,distanceM,13102.629197408003
1630,activeEnergyKcal,94.1991994843356
1630,heartRateBpm,109.2075618195324
1631,powerWatts,177.58316317531174
1631,cadenceSpm,86.05656607486353
1631,speedMps,7.430927133728083
1631,distanceM,13110.060124541731
1631,activeEnergyKcal,94.24139551171882
1631,heartRateBpm,108.66798080512608
1632,powerWatts,172.67804814288306
1632,cadenceSpm,86.36574210848855
1632,speedMps,7.36186954294761
1632,distanceM,13117.421994084678
1632,activeEnergyKcal,94.28359252500071
1632,heartRateBpm,109.43154613472053
1633,powerWatts,185.62011682569252
1633,cadenceSpm,86.3446798780642
1633,speedMps,7.541378771315312
1633,distanceM,13124.963372855993
1633,activeEnergyKcal,94.32579052418127
1633,heartRateBpm,108.41144737155105
1634,powerWatts,203.38714035756934
1634,cadenceSpm,84.84483253224369
1634,speedMps,7.774698750808073
1634,distanceM,13132.738071606802
1634,activeEnergyKcal,94.36798950926048
1634,heartRateBpm,111.51846616872145
1635,powerWatts,190.48048843971978
1635,cadenceSpm,87.28283217483295
1635,speedMps,7.606634909526129
1635,distanceM,13140.344706516327
1635,activeEnergyKcal,94.41018948023836
1635,heartRateBpm,111.65222821264186
1636,powerWatts,185.2086866456398
1636,cadenceSpm,86.20093259336382
1636,speedMps,7.535802784295118
1636,distanceM,13147.880509300623
1636,activeEnergyKcal,94.4523904371149
1636,heartRateBpm,113.68328106145091
1637,powerWatts,191.68258711686892
1637,cadenceSpm,85.49624496427192
1637,speedMps,7.62260287489252
1637,distanceM,13155.503112175516
1637,activeEnergyKcal,94.4945923798901
1637,heartRateBpm,116.89562727570903
1638,powerWatts,194.39483635373267
1638,cadenceSpm,86.98084058714569
1638,speedMps,7.658387113142363
1638,distanceM,13163.161499288659
1638,activeEnergyKcal,94.53679530856395
1638,heartRateBpm,116.5563078621597
1639,powerWatts,183.34110706983535
1639,cadenceSpm,85.31628026567498
1639,speedMps,7.510387700345261
1639,distanceM,13170.671886989005
1639,activeEnergyKcal,94.57899922313648
1639,heartRateBpm,116.44385403728792
1640,powerWatts,159.97126661542262
1640,cadenceSpm,85.92234800194312
1640,speedMps,7.176671507187966
1640,distanceM,13177.848558496193
1640,activeEnergyKcal,94.62120412360765
1640,heartRateBpm,117.11539800290328
1641,powerWatts,189.35076807465998
1641,cadenceSpm,84.89215650995237
1641,speedMps,7.5915670226292775
1641,distanceM,13185.440125518822
1641,activeEnergyKcal,94.6634100099775
1641,heartRateBpm,116.89609893910801
1642,powerWatts,175.71176270484108
1642,cadenceSpm,83.98949694522265
1642,speedMps,7.40473212544161
1642,distanceM,13192.844857644264
1642,activeEnergyKcal,94.705616882246
1642,heartRateBpm,117.59075777447204
1643,powerWatts,181.97457267152828
1643,cadenceSpm,85.82351194105233
1643,speedMps,7.4916815695134265
1643,distanceM,13200.336539213778
1643,activeEnergyKcal,94.74782474041318
1643,heartRateBpm,116.2181576603372
1644,powerWatts,176.13992667244983
1644,cadenceSpm,85.25711230938408
1644,speedMps,7.410741717017798
1644,distanceM,13207.747280930796
1644,activeEnergyKcal,94.790033584479
1644,heartRateBpm,116.71558031971794
1645,powerWatts,171.97115126404816
1645,cadenceSpm,86.4272242605453
1645,speedMps,7.351809974059073
1645,distanceM,13215.099090904856
1645,activeEnergyKcal,94.8322434144435
1645,heartRateBpm,116.54395433339225
1646,powerWatts,178.39911387433006
1646,cadenceSpm,85.8134714891201
1646,speedMps,7.442290837554807
1646,distanceM,13222.54138174241
1646,activeEnergyKcal,94.87445423030665
1646,heartRateBpm,116.8362721294325
1647,powerWatts,181.5868607121797
1647,cadenceSpm,84.69529614193044
1647,speedMps,7.486357236222301
1647,distanceM,13230.027738978633
1647,activeEnergyKcal,94.91666603206846
1647,heartRateBpm,118.37031517239355
1648,powerWatts,169.4145143930874
1648,cadenceSpm,85.33054905028901
1648,speedMps,7.315195636025282
1648,distanceM,13237.342934614659
1648,activeEnergyKcal,94.95887881972894
1648,heartRateBpm,117.955484290551
1649,powerWatts,187.82830941246192
1649,cadenceSpm,86.0098409523495
1649,speedMps,7.5711657979015525
1649,distanceM,13244.91410041256
1649,activeEnergyKcal,95.00109259328808
1649,heartRateBpm,119.6392541630125
1650,powerWatts,181.79603630199338
1650,cadenceSpm,84.52517783130143
1650,speedMps,7.489230722910353
1650,distanceM,13252.40333113547
1650,activeEnergyKcal,95.04330735274587
1650,heartRateBpm,119.06777380343996
1651,powerWatts,173.6371559330473
1651,cadenceSpm,85.27426896160529
1651,speedMps,7.375474425977918
1651,distanceM,13259.77880556145
1651,activeEnergyKcal,95.08552309810233
1651,heartRateBpm,118.70104451914477
1652,powerWatts,184.10886585867487
1652,cadenceSpm,88.08424678560624
1652,speedMps,7.520856594700857
1652,distanceM,13267.29966215615
1652,activeEnergyKcal,95.12773982935745
1652,heartRateBpm,118.69304866058387
1653,powerWatts,178.77871961467025
1653,cadenceSpm,86.60141059425676
1653,speedMps,7.447565779433769
1653,distanceM,13274.747227935584
1653,activeEnergyKcal,95.16995754651124
1653,heartRateBpm,120.26050449410015
1654,powerWatts,182.0700465219916
1654,cadenceSpm,87.66675725006039
1654,speedMps,7.4929915229200486
1654,distanceM,13282.240219458505
1654,activeEnergyKcal,95.21217624956368
1654,heartRateBpm,121.7297135575695
1655,powerWatts,180.66311398472826
1655,cadenceSpm,85.1012513827053
1655,speedMps,7.473641085237143
1655,distanceM,13289.713860543741
1655,activeEnergyKcal,95.25439593851479
1655,heartRateBpm,122.1698173159356
1656,powerWatts,161.7800361235252
1656,cadenceSpm,85.63321754463863
1656,speedMps,7.203618690481775
1656,distanceM,13296.917479234224
1656,activeEnergyKcal,95.29661661336456
1656,heartRateBpm,121.83572615837393
1657,powerWatts,178.3513857239504
1657,cadenceSpm,84.83141284560872
1657,speedMps,7.441627085270949
1657,distanceM,13304.359106319494
1657,activeEnergyKcal,95.33883827411299
1657,heartRateBpm,121.68166190712729
1658,powerWatts,175.47672057863133
1658,cadenceSpm,86.81395785373188
1658,speedMps,7.401428987462521
1658,distanceM,13311.760535306958
1658,activeEnergyKcal,95.38106092076008
1658,heartRateBpm,121.19999327081962
1659,powerWatts,187.5935154061992
1659,cadenceSpm,85.76099951541038
1659,speedMps,7.568009714222721
1659,distanceM,13319.32854502118
1659,activeEnergyKcal,95.42328455330583
1659,heartRateBpm,119.64296293873647
1660,powerWatts,178.96581935460563
1660,cadenceSpm,84.70032443443824
1660,speedMps,7.450162941273709
1660,distanceM,13326.778707962454
1660,activeEnergyKcal,95.46550917175024
1660,heartRateBpm,119.06563574428615
1661,powerWatts,178.47255191233822
1661,cadenceSpm,87.53279258525974
1661,speedMps,7.443311904396154
1661,distanceM,13334.222019866851
1661,activeEnergyKcal,95.50773477609332
1661,heartRateBpm,119.24806272870512
1662,powerWatts,179.61100926807677
1662,cadenceSpm,86.07923510391107
1662,speedMps,7.4591050682198
1662,distanceM,13341.68112493507
1662,activeEnergyKcal,95.54996136633505
1662,heartRateBpm,118.10189043527619
1663,powerWatts,190.7622999108439
1663,cadenceSpm,84.60031578221397
1663,speedMps,7.610384341127598
1663,distanceM,13349.291509276198
1663,activeEnergyKcal,95.59218894247546
1663,heartRateBpm,117.73709295816398
1664,powerWatts,179.08060747216135
1664,cadenceSpm,85.21964924667768
1664,speedMps,7.451755437928377
1664,distanceM,13356.743264714127
1664,activeEnergyKcal,95.63441750451452
1664,heartRateBpm,118.43586877702963
1665,powerWatts,171.89772498169123
1665,cadenceSpm,86.49803120278196
1665,speedMps,7.350763494426835
1665,distanceM,13364.094028208554
1665,activeEnergyKcal,95.67664705245224
1665,heartRateBpm,117.44906699918917
1666,powerWatts,187.05325409363402
1666,cadenceSpm,84.85661593076507
1666,speedMps,7.5607375469847184
1666,distanceM,13371.654765755538
1666,activeEnergyKcal,95.71887758628863
1666,heartRateBpm,117.83709909225095
1667,powerWatts,184.53782944398407
1667,cadenceSpm,86.80616729486651
1667,speedMps,7.526693125585289
1667,distanceM,13379.181458881123
1667,activeEnergyKcal,95.76110910602367
1667,heartRateBpm,115.48615528358869
1668,powerWatts,185.04760865031272
1668,cadenceSpm,84.67654380156425
1668,speedMps,7.533617494289091
1668,distanceM,13386.715076375413
1668,activeEnergyKcal,95.80334161165737
1668,heartRateBpm,115.82863383641543
1669,powerWatts,174.7484996130363
1669,cadenceSpm,86.57702589387492
1669,speedMps,7.391176252507924
1669,distanceM,13394.10625262792
1669,activeEnergyKcal,95.84557510318974
1669,heartRateBpm,115.27157942136942
1670,powerWatts,175.44278661910727
1670,cadenceSpm,88.33425650664392
1670,speedMps,7.400951856778212
1670,distanceM,13401.507204484698
1670,activeEnergyKcal,95.88780958062077
1670,heartRateBpm,114.58530252639368
1671,powerWatts,167.47281277789565
1671,cadenceSpm,87.78874638535363
1671,speedMps,7.287141093146344
1671,distanceM,13408.794345577844
1671,activeEnergyKcal,95.93004504395046
1671,heartRateBpm,115.77515757367343
1672,powerWatts,185.61459358519417
1672,cadenceSpm,86.25120075316812
1672,speedMps,7.54130397112214
1672,distanceM,13416.335649548966
1672,activeEnergyKcal,95.97228149317881
1672,heartRateBpm,115.82038240236098
1673,powerWatts,199.62308587759355
1673,cadenceSpm,88.52199351834413
1673,speedMps,7.726438079911541
1673,distanceM,13424.062087628878
1673,activeEnergyKcal,96.01451892830583
1673,heartRateBpm,115.44783150851191
1674,powerWatts,195.21269541722498
1674,cadenceSpm,85.75736554831606
1674,speedMps,7.669112222898377
1674,distanceM,13431.731199851776
1674,activeEnergyKcal,96.0567573493315
1674,heartRateBpm,116.20544777484662
1675,powerWatts,185.12181171161248
1675,cadenceSpm,83.48819518533118
1675,speedMps,7.53462433928516
1675,distanceM,13439.265824191061
1675,activeEnergyKcal,96.09899675625584
1675,heartRateBpm,117.84426870145451
1676,powerWatts,161.11932048711287
1676,cadenceSpm,84.9024819783414
1676,speedMps,7.19379869507979
1676,distanceM,13446.459622886141
1676,activeEnergyKcal,96.14123714907885
1676,heartRateBpm,116.16866761367335
1677,powerWatts,181.76880044479364
1677,cadenceSpm,87.30359227853707
1677,speedMps,7.488856703377738
1677,distanceM,13453.948479589519
1677,activeEnergyKcal,96.1834785278005
1677,heartRateBpm,114.84371770591345
1678,powerWatts,193.49045058258696
1678,cadenceSpm,86.1569781716473
1678,speedMps,7.646492241231687
1678,distanceM,13461.594971830751
1678,activeEnergyKcal,96.22572089242082
1678,heartRateBpm,114.74325406410317
1679,powerWatts,194.17673129201205
1679,cadenceSpm,85.88422241164226
1679,speedMps,7.655521882593176
1679,distanceM,13469.250493713344
1679,activeEnergyKcal,96.26796424293981
1679,heartRateBpm,115.18305490054951
1680,powerWatts,174.87988642118697
1680,cadenceSpm,85.62505546612012
1680,speedMps,7.39302817070553
1680,distanceM,13476.643521884049
1680,activeEnergyKcal,96.31020857935745
1680,heartRateBpm,115.25927286953703
1681,powerWatts,187.49835624338007
1681,cadenceSpm,85.45992258043562
1681,speedMps,7.566729841848368
1681,distanceM,13484.210251725897
1681,activeEnergyKcal,96.35245390167375
1681,heartRateBpm,117.64644622347008
1682,powerWatts,186.97341373664162
1682,cadenceSpm,85.9445063650105
1682,speedMps,7.55966167174941
1682,distanceM,13491.769913397648
1682,activeEnergyKcal,96.39470020988873
1682,heartRateBpm,118.2185913355165
1683,powerWatts,185.08000242563153
1683,cadenceSpm,84.62931386640254
1683,speedMps,7.5340570713889505
1683,distanceM,13499.303970469036
1683,activeEnergyKcal,96.43694750400236
1683,heartRateBpm,117.56387158316598
1684,powerWatts,182.92190052616766
1684,cadenceSpm,87.08393943947587
1684,speedMps,7.504659204493372
1684,distanceM,13506.80862967353
1684,activeEnergyKcal,96.47919578401465
1684,heartRateBpm,116.8724524224831
1685,powerWatts,181.409236190853
1685,cadenceSpm,85.6183290318933
1685,speedMps,7.483915439804885
1685,distanceM,13514.292545113334
1685,activeEnergyKcal,96.5214450499256
1685,heartRateBpm,117.25352436510835
1686,powerWatts,179.6545729049373
1686,cadenceSpm,85.9773234929548
1686,speedMps,7.459708074086214
1686,distanceM,13521.75225318742
1686,activeEnergyKcal,96.56369530173522
1686,heartRateBpm,118.83806861526516
1687,powerWatts,186.12101355245727
1687,cadenceSpm,88.62983857016863
1687,speedMps,7.548156160295599
1687,distanceM,13529.300409347716
1687,activeEnergyKcal,96.6059465394435
1687,heartRateBpm,120.010445854781
1688,powerWatts,176.80379841336082
1688,cadenceSpm,86.41265722373281
1688,speedMps,7.420040411372461
1688,distanceM,13536.720449759088
1688,activeEnergyKcal,96.64819876305043
1688,heartRateBpm,120.60557040855126
1689,powerWatts,189.42121063103204
1689,cadenceSpm,85.62457067467534
1689,speedMps,7.592508314623754
1689,distanceM,13544.312958073711
1689,activeEnergyKcal,96.69045197255603
1689,heartRateBpm,119.34509302010967
1690,powerWatts,176.52111431255022
1690,cadenceSpm,86.6850248835851
1690,speedMps,7.416083772531159
1690,distanceM,13551.729041846242
1690,activeEnergyKcal,96.73270616796029
1690,heartRateBpm,117.92307356745746
1691,powerWatts,195.0026778062322
1691,cadenceSpm,83.97353674399908
1691,speedMps,7.666360990335438
1691,distanceM,13559.395402836577
1691,activeEnergyKcal,96.77496134926321
1691,heartRateBpm,118.055767776121
1692,powerWatts,181.83890387159246
1692,cadenceSpm,85.53462321981405
1692,speedMps,7.489819331065053
1692,distanceM,13566.885222167642
1692,activeEnergyKcal,96.8172175164648
1692,heartRateBpm,118.91255074157294
1693,powerWatts,170.84636106855288
1693,cadenceSpm,86.45843163378973
1693,speedMps,7.335746547045079
1693,distanceM,13574.220968714688
1693,activeEnergyKcal,96.85947466956505
1693,heartRateBpm,119.52445359757934
1694,powerWatts,183.1597225380676
1694,cadenceSpm,87.9194683129716
1694,speedMps,7.5079101369504055
1694,distanceM,13581.728878851638
1694,activeEnergyKcal,96.90173280856395
1694,heartRateBpm,119.06330452979113
1695,powerWatts,184.32885631175913
1695,cadenceSpm,84.79568187476168
1695,speedMps,7.523850942798381
1695,distanceM,13589.252729794436
1695,activeEnergyKcal,96.94399193346152
1695,heartRateBpm,119.85802991383308
1696,powerWatts,189.64195360914277
1696,cadenceSpm,85.03462573308185
1696,speedMps,7.595456492514335
1696,distanceM,13596.84818628695
1696,activeEnergyKcal,96.98625204425775
1696,heartRateBpm,119.4626980662695
1697,powerWatts,184.28070733975972
1697,cadenceSpm,85.50089963491557
1697,speedMps,7.523195778177649
1697,distanceM,13604.371382065128
1697,activeEnergyKcal,97.02851314095264
1697,heartRateBpm,119.95368648616716
1698,powerWatts,191.6711441948739
1698,cadenceSpm,86.76253100598323
1698,speedMps,7.622451189081861
1698,distanceM,13611.99383325421
1698,activeEnergyKcal,97.07077522354619
1698,heartRateBpm,120.70459565190133
1699,powerWatts,187.0797802244029
1699,cadenceSpm,85.51936058651344
1699,speedMps,7.561094927621631
1699,distanceM,13619.554928181831
1699,activeEnergyKcal,97.11303829203841
1699,heartRateBpm,121.57291191274061
1700,powerWatts,178.75116273040956
1700,cadenceSpm,86.2622123971835
1700,speedMps,7.44718310478
1700,distanceM,13627.00211128661
1700,activeEnergyKcal,97.15530234642928
1700,heartRateBpm,119.99637476909012
1701,powerWatts,171.839459333357
1701,cadenceSpm,83.35781382993892
1701,speedMps,7.349932873775133
1701,distanceM,13634.352044160385
1701,activeEnergyKcal,97.19756738671882
1701,heartRateBpm,120.57759981492049
1702,powerWatts,183.27340839945515
1702,cadenceSpm,86.33588587036517
1702,speedMps,7.5094631834467105
1702,distanceM,13641.861507343832
1702,activeEnergyKcal,97.23983341290702
1702,heartRateBpm,121.40558691216083
1703,powerWatts,175.53156133465825
1703,cadenceSpm,84.46214395421273
1703,speedMps,7.402199949526714
1703,distanceM,13649.26370729336
1703,activeEnergyKcal,97.28210042499389
1703,heartRateBpm,120.3021785507116
1704,powerWatts,174.6111699549466
1704,cadenceSpm,86.5694006605811
1704,speedMps,7.389239576428844
1704,distanceM,13656.652946869788
1704,activeEnergyKcal,97.3243684229794
1704,heartRateBpm,121.27126481855727
1705,powerWatts,167.11518139797678
1705,cadenceSpm,86.32379948753747
1705,speedMps,7.281950265321106
1705,distanceM,13663.93489713511
1705,activeEnergyKcal,97.36663740686359
1705,heartRateBpm,121.20835380903925
1706,powerWatts,187.9300298317517
1706,cadenceSpm,84.38232418161533
1706,speedMps,7.572532299712826
1706,distanceM,13671.507429434823
1706,activeEnergyKcal,97.40890737664644
1706,heartRateBpm,121.71830714176434
1707,powerWatts,176.1845124948136
1707,cadenceSpm,87.40814536767519
1707,speedMps,7.41136695125629
1707,distanceM,13678.91879638608
1707,activeEnergyKcal,97.45117833232794
1707,heartRateBpm,121.83105911086646
1708,powerWatts,180.1615160681335
1708,cadenceSpm,87.473052030983
1708,speedMps,7.4667180015948444
1708,distanceM,13686.385514387675
1708,activeEnergyKcal,97.49345027390811
1708,heartRateBpm,119.89302847072472
1709,powerWatts,174.75217777006122
1709,cadenceSpm,86.39912475891464
1709,speedMps,7.391228109350146
1709,distanceM,13693.776742497026
1709,activeEnergyKcal,97.53572320138694
1709,heartRateBpm,120.25569116839984
1710,powerWatts,180.98648649674854
1710,cadenceSpm,86.04486611744598
1710,speedMps,7.478097500511756
1710,distanceM,13701.254839997539
1710,activeEnergyKcal,97.57799711476443
1710,heartRateBpm,120.61284216172643
1711,powerWatts,191.42285523088034
1711,cadenceSpm,85.38094108272492
1711,speedMps,7.6191584167811515
1711,distanceM,13708.87399841432
1711,activeEnergyKcal,97.62027201404058
1711,heartRateBpm,120.13730609791159
1712,powerWatts,188.62348817460725
1712,cadenceSpm,85.30413633614657
1712,speedMps,7.581835034929814
1712,distanceM,13716.455833449249
1712,activeEnergyKcal,97.6625478992154
1712,heartRateBpm,119.85335810831043
1713,powerWatts,168.23659259825928
1713,cadenceSpm,83.74108471992639
1713,speedMps,7.298202254802924
1713,distanceM,13723.75403570405
1713,activeEnergyKcal,97.70482477028888
1713,heartRateBpm,120.55963455367365
1714,powerWatts,176.2093443542447
1714,cadenceSpm,84.98100112600899
1714,speedMps,7.411715126727083
1714,distanceM,13731.165750830778
1714,activeEnergyKcal,97.74710262726101
1714,heartRateBpm,121.11205543695803
1715,powerWatts,179.8623561444681
1715,cadenceSpm,87.35684326790525
1715,speedMps,7.462582859673739
1715,distanceM,13738.628333690453
1715,activeEnergyKcal,97.78938147013181
1715,heartRateBpm,121.03625815800741
1716,powerWatts,172.9121566203637
1716,cadenceSpm,83.55794259757424
1716,speedMps,7.36519499515279
1716,distanceM,13745.993528685605
1716,activeEnergyKcal,97.83166129890128
1716,heartRateBpm,123.33720728320968
1717,powerWatts,191.5826346958571
1717,cadenceSpm,86.17992893004156
1717,speedMps,7.621277715260157
1717,distanceM,13753.614806400865
1717,activeEnergyKcal,97.8739421135694
1717,heartRateBpm,123.75542219145305
1718,powerWatts,185.95417103045318
1718,cadenceSpm,85.01088330300175
1718,speedMps,7.5459000476787645
1718,distanceM,13761.160706448543
1718,activeEnergyKcal,97.91622391413618
1718,heartRateBpm,121.53736371314862
1719,powerWatts,183.55289738378647
1719,cadenceSpm,84.84513248123885
1719,speedMps,7.513278514640303
1719,distanceM,13768.673984963183
1719,activeEnergyKcal,97.95850670060163
1719,heartRateBpm,121.23394951724751
1720,powerWatts,182.94724342648203
1720,cadenceSpm,88.76482395991061
1720,speedMps,7.50500576596207
1720,distanceM,13776.178990729146
1720,activeEnergyKcal,98.00079047296575
1720,heartRateBpm,121.6482878847598
1721,powerWatts,179.74622732475217
1721,cadenceSpm,85.7839151226112
1721,speedMps,7.460976432148798
1721,distanceM,13783.639967161294
1721,activeEnergyKcal,98.04307523122851
1721,heartRateBpm,122.05549007051701
1722,powerWatts,190.18415439952045
1722,cadenceSpm,86.23935477586105
1722,speedMps,7.602688267707348
1722,distanceM,13791.242655429001
1722,activeEnergyKcal,98.08536097538995
1722,heartRateBpm,120.70925490010211
1723,powerWatts,178.98213969831974
1723,cadenceSpm,87.69949207109394
1723,speedMps,7.45038940076291
1723,distanceM,13798.693044829764
1723,activeEnergyKcal,98.12764770545004
1723,heartRateBpm,121.18127714997279
1724,powerWatts,173.8098822345841
1724,cadenceSpm,86.99342477621992
1724,speedMps,7.377919210385894
1724,distanceM,13806.070964040151
1724,activeEnergyKcal,98.1699354214088
1724,heartRateBpm,119.63370668932338
1725,powerWatts,176.6946249772353
1725,cadenceSpm,86.88452789065127
1725,speedMps,7.418512845962617
1725,distanceM,13813.489476886114
1725,activeEnergyKcal,98.21222412326621
1725,heartRateBpm,118.74950006425382
1726,powerWatts,191.15283693829153
1726,cadenceSpm,85.92739959264546
1726,speedMps,7.615574239679025
1726,distanceM,13821.105051125793
1726,activeEnergyKcal,98.25451381102229
1726,heartRateBpm,119.40030465127309
1727,powerWatts,185.67678255124164
1727,cadenceSpm,87.35188954171517
1727,speedMps,7.542146098745133
1727,distanceM,13828.647197224538
1727,activeEnergyKcal,98.29680448467703
1727,heartRateBpm,118.26977105917754
1728,powerWatts,182.64150130831948
1728,cadenceSpm,85.28829415340402
1728,speedMps,7.500822636897423
1728,distanceM,13836.148019861435
1728,activeEnergyKcal,98.33909614423042
1728,heartRateBpm,116.82186397310316
1729,powerWatts,182.84035921023604
1729,cadenceSpm,87.79464119463572
1729,speedMps,7.5035439184317685
1729,distanceM,13843.651563779868
1729,activeEnergyKcal,98.38138878968249
1729,heartRateBpm,118.3162839715873
1730,powerWatts,176.85756579620036
1730,cadenceSpm,87.48176296956693
1730,speedMps,7.420792498755999
1730,distanceM,13851.072356278624
1730,activeEnergyKcal,98.42368242103322
1730,heartRateBpm,118.58783701834464
1731,powerWatts,185.7567238004384
1731,cadenceSpm,86.57416814375689
1731,speedMps,7.543228341527296
1731,distanceM,13858.615584620151
1731,activeEnergyKcal,98.4659770382826
1731,heartRateBpm,119.01160656954909
1732,powerWatts,179.88240659519101
1732,cadenceSpm,89.08475613418742
1732,speedMps,7.46286015058558
1732,distanceM,13866.078444770736
1732,activeEnergyKcal,98.50827264143065
1732,heartRateBpm,119.39419662254812
1733,powerWatts,182.67627489268213
1733,cadenceSpm,85.71220649542208
1733,speedMps,7.501298640316216
1733,distanceM,13873.579743411052
1733,activeEnergyKcal,98.55056923047736
1733,heartRateBpm,119.36811544115723
1734,powerWatts,178.30490780761482
1734,cadenceSpm,86.1351521008818
1734,speedMps,7.440980606096499
1734,distanceM,13881.020724017148
1734,activeEnergyKcal,98.59286680542273
1734,heartRateBpm,118.22914345242283
1735,powerWatts,196.5521928312125
1735,cadenceSpm,85.39161818906184
1735,speedMps,7.6866133880197225
1735,distanceM,13888.707337405167
1735,activeEnergyKcal,98.63516536626676
1735,heartRateBpm,117.47671556935826
1736,powerWatts,183.26796655006987
1736,cadenceSpm,85.91376876191326
1736,speedMps,7.509388857748587
1736,distanceM,13896.216726262915
1736,activeEnergyKcal,98.67746491300946
1736,heartRateBpm,116.03455196097921
1737,powerWatts,168.90809711647734
1737,cadenceSpm,86.33612298864541
1737,speedMps,7.307899451206456
1737,distanceM,13903.524625714123
1737,activeEnergyKcal,98.71976544565081
1737,heartRateBpm,117.6566683944681
1738,powerWatts,184.22193947972013
1738,cadenceSpm,85.13182355114314
1738,speedMps,7.522395967335756
1738,distanceM,13911.047021681457
1738,activeEnergyKcal,98.76206696419082
1738,heartRateBpm,117.04572196200657
1739,powerWatts,185.64202342041483
1739,cadenceSpm,85.4275928856034
1739,speedMps,7.541675433538723
1739,distanceM,13918.588697114996
1739,activeEnergyKcal,98.8043694686295
1739,heartRateBpm,115.00266251172836
1740,powerWatts,184.90212648814722
1740,cadenceSpm,85.95257858201465
1740,speedMps,7.531642697428392
1740,distanceM,13926.120339812423
1740,activeEnergyKcal,98.84667295896685
1740,heartRateBpm,116.39599051644208
1741,powerWatts,176.11697409287677
1741,cadenceSpm,85.56636882013684
1741,speedMps,7.410419808122178
1741,distanceM,13933.530759620546
1741,activeEnergyKcal,98.88897743520285
1741,heartRateBpm,116.18074161972143
1742,powerWatts,183.30328323594267
1742,cadenceSpm,84.95926120198772
1742,speedMps,7.50987119280261
1742,distanceM,13941.040630813348
1742,activeEnergyKcal,98.93128289733751
1742,heartRateBpm,115.43032503989797
1743,powerWatts,174.19421986710688
1743,cadenceSpm,84.08825604652411
1743,speedMps,7.383353355718407
1743,distanceM,13948.423984169067
1743,activeEnergyKcal,98.97358934537084
1743,heartRateBpm,115.2358706091122
1744,powerWatts,176.1133617117858
1744,cadenceSpm,84.96394005672057
1744,speedMps,7.410369142092674
1744,distanceM,13955.83435331116
1744,activeEnergyKcal,99.01589677930282
1744,heartRateBpm,114.74712626388828
1745,powerWatts,164.84840311116224
1745,cadenceSpm,84.85021280093673
1745,speedMps,7.248875737996955
1745,distanceM,13963.083229049156
1745,activeEnergyKcal,99.05820519913347
1745,heartRateBpm,113.86480781059961
1746,powerWatts,177.60001258229178
1746,cadenceSpm,85.45809762571646
1746,speedMps,7.431162146164961
1746,distanceM,13970.514391195322
1746,activeEnergyKcal,99.10051460486278
1746,heartRateBpm,115.1481489160046
1747,powerWatts,177.46466214973407
1747,cadenceSpm,87.66755998212447
1747,speedMps,7.429273883101641
1747,distanceM,13977.943665078423
1747,activeEnergyKcal,99.14282499649075
1747,heartRateBpm,115.84850392050551
1748,powerWatts,183.0061344581579
1748,cadenceSpm,86.46410979050778
1748,speedMps,7.505810970981927
1748,distanceM,13985.449476049405
1748,activeEnergyKcal,99.18513637401738
1748,heartRateBpm,116.78461395586115
1749,powerWatts,176.3871162254146
1749,cadenceSpm,85.15938605860221
1749,speedMps,7.414206768372498
1749,distanceM,13992.863682817779
1749,activeEnergyKcal,99.22744873744267
1749,heartRateBpm,115.18609507220111
1750,powerWatts,176.5026650695112
1750,cadenceSpm,87.26628690072174
1750,speedMps,7.415825397587586
1750,distanceM,14000.279508215366
1750,activeEnergyKcal,99.26976208676663
1750,heartRateBpm,115.87207447678848
1751,powerWatts,172.1168131050362
1751,cadenceSpm,87.28063634136174
1751,speedMps,7.353885081735393
1751,distanceM,14007.633393297101
1751,activeEnergyKcal,99.31207642198925
1751,heartRateBpm,118.62205864811463
1752,powerWatts,175.42031122335163
1752,cadenceSpm,84.61391167839147
1752,speedMps,7.400635806118201
1752,distanceM,14015.034029103219
1752,activeEnergyKcal,99.35439174311053
1752,heartRateBpm,118.37023370405656
1753,powerWatts,178.54278744767572
1753,cadenceSpm,86.74009212420214
1753,speedMps,7.444288182311688
1753,distanceM,14022.478317285531
1753,activeEnergyKcal,99.39670805013047
1753,heartRateBpm,119.45866087546527
1754,powerWatts,170.7170979217091
1754,cadenceSpm,86.7358861671337
1754,speedMps,7.3338959936672286
1754,distanceM,14029.812213279198
1754,activeEnergyKcal,99.43902534304907
1754,heartRateBpm,120.60830006133183
1755,powerWatts,164.23178852334453
1755,cadenceSpm,84.85801506019257
1755,speedMps,7.23982631826344
1755,distanceM,14037.052039597462
1755,activeEnergyKcal,99.48134362186633
1755,heartRateBpm,120.4702802786626
1756,powerWatts,179.64331544233272
1756,cadenceSpm,85.5174113099595
1756,speedMps,7.4595522581455755
1756,distanceM,14044.511591855608
1756,activeEnergyKcal,99.52366288658226
1756,heartRateBpm,117.81563762831102
1757,powerWatts,186.4570416090189
1757,cadenceSpm,82.42982658787527
1757,speedMps,7.552695979670091
1757,distanceM,14052.064287835277
1757,activeEnergyKcal,99.56598313719684
1757,heartRateBpm,115.63564192497344
1758,powerWatts,186.13680078710416
1758,cadenceSpm,85.12348640837425
1758,speedMps,7.548369571883869
1758,distanceM,14059.61265740716
1758,activeEnergyKcal,99.60830437371008
1758,heartRateBpm,116.92278681479544
1759,powerWatts,183.08314577989466
1759,cadenceSpm,86.4934846881342
1759,speedMps,7.506863670413921
1759,distanceM,14067.119521077575
1759,activeEnergyKcal,99.650626596122
1759,heartRateBpm,116.55011823556049
1760,powerWatts,182.77103040555076
1760,cadenceSpm,86.39429632653692
1760,speedMps,7.50259540885472
1760,distanceM,14074.62211648643
1760,activeEnergyKcal,99.69294980443257
1760,heartRateBpm,114.71753517616621
1761,powerWatts,181.56643651004708
1761,cadenceSpm,86.5541251822168
1761,speedMps,7.486076546665371
1761,distanceM,14082.108193033095
1761,activeEnergyKcal,99.7352739986418
1761,heartRateBpm,114.23007518314235
1762,powerWatts,189.04142510542954
1762,cadenceSpm,87.05155479123107
1762,speedMps,7.587430646647408
1762,distanceM,14089.695623679741
1762,activeEnergyKcal,99.7775991787497
1762,heartRateBpm,114.50980987726318
1763,powerWatts,174.2300710761531
1763,cadenceSpm,84.09035974599416
1763,speedMps,7.383859847815363
1763,distanceM,14097.079483527557
1763,activeEnergyKcal,99.81992534475626
1763,heartRateBpm,115.81885706749415
1764,powerWatts,177.64921240631853
1764,cadenceSpm,86.52609244350306
1764,speedMps,7.431848291224773
1764,distanceM,14104.511331818781
1764,activeEnergyKcal,99.86225249666147
1764,heartRateBpm,115.96516155931809
1765,powerWatts,189.84163836303853
1765,cadenceSpm,84.88409476385294
1765,speedMps,7.59812145281468
1765,distanceM,14112.109453271596
1765,activeEnergyKcal,99.90458063446535
1765,heartRateBpm,115.14283185870617
1766,powerWatts,177.91116250071673
1766,cadenceSpm,84.55580388125632
1766,speedMps,7.435499338994568
1766,distanceM,14119.544952610591
1766,activeEnergyKcal,99.94690975816789
1766,heartRateBpm,114.75421308547152
1767,powerWatts,186.7985157084134
1767,cadenceSpm,86.54775686869905
1767,speedMps,7.557303792148088
1767,distanceM,14127.102256402739
1767,activeEnergyKcal,99.98923986776909
1767,heartRateBpm,112.91041264254763
1768,powerWatts,193.81008975005147
1768,cadenceSpm,88.27118360440078
1768,speedMps,7.650700500219231
1768,distanceM,14134.752956902958
1768,activeEnergyKcal,100.03157096326895
1768,heartRateBpm,113.66824943321481
1769,powerWatts,188.6596546531669
1769,cadenceSpm,84.02193026859071
1769,speedMps,7.582319581778991
1769,distanceM,14142.335276484737
1769,activeEnergyKcal,100.07390304466747
1769,heartRateBpm,115.4065651715554
1770,powerWatts,176.5477514270824
1770,cadenceSpm,83.47606855991542
1770,speedMps,7.416456783880699
1770,distanceM,14149.751733268618
1770,activeEnergyKcal,100.11623611196467
1770,heartRateBpm,114.56566566164072
1771,powerWatts,183.79427679239768
1771,cadenceSpm,86.00941795418954
1771,speedMps,7.51657049271451
1771,distanceM,14157.268303761333
1771,activeEnergyKcal,100.15857016516051
1771,heartRateBpm,126.66824235198652
1772,powerWatts,177.280882766157
1772,cadenceSpm,86.6856142377241
1772,speedMps,7.426708454131863
1772,distanceM,14164.695012215465
1772,activeEnergyKcal,100.20090520425502
1772,heartRateBpm,141.50300776910916
1773,powerWatts,187.0738686408004
1773,cadenceSpm,84.63168854076588
1773,speedMps,7.561015285101286
1773,distanceM,14172.256027500565
1773,activeEnergyKcal,100.2432412292482
1773,heartRateBpm,154.72264084994214
1774,powerWatts,183.53484348395077
1774,cadenceSpm,86.71923510188897
1774,speedMps,7.513032176160331
1774,distanceM,14179.769059676726
1774,activeEnergyKcal,100.28557824014003
1774,heartRateBpm,154.36325127414676
1775,powerWatts,178.12123064235996
1775,cadenceSpm,83.61319225252217
1775,speedMps,7.438424670095523
1775,distanceM,14187.207484346822
1775,activeEnergyKcal,100.32791623693052
1775,heartRateBpm,152.43449606623653
1776,powerWatts,178.9287489796911
1776,cadenceSpm,85.48529465503805
1776,speedMps,7.449648505229222
1776,distanceM,14194.657132852051
1776,activeEnergyKcal,100.37025521961968
1776,heartRateBpm,152.5385872899248
1777,powerWatts,166.0575442470726
1777,cadenceSpm,85.4951367716657
1777,speedMps,7.266555761487096
1777,distanceM,14201.923688613539
1777,activeEnergyKcal,100.41259518820749
1777,heartRateBpm,151.325145102821
1778,powerWatts,180.50966833570965
1778,cadenceSpm,86.72247662209695
1778,speedMps,7.47152458137315
1778,distanceM,14209.395213194912
1778,activeEnergyKcal,100.45493614269397
1778,heartRateBpm,153.18077229854927
1779,powerWatts,197.64223739484112
1779,cadenceSpm,84.29050528836872
1779,speedMps,7.700796744826601
1779,distanceM,14217.096009939738
1779,activeEnergyKcal,100.49727808307911
1779,heartRateBpm,152.2915735686168
1780,powerWatts,169.9200078891066
1780,cadenceSpm,86.43801431778617
1780,speedMps,7.322464025706802
1780,distanceM,14224.418473965445
1780,activeEnergyKcal,100.53962100936292
1780,heartRateBpm,152.8737719670128
1781,powerWatts,176.66242345433457
1781,cadenceSpm,85.2916476429329
1781,speedMps,7.418062158937425
1781,distanceM,14231.836536124381
1781,activeEnergyKcal,100.58196492154538
1781,heartRateBpm,150.70303425316186
1782,powerWatts,175.24638728854748
1782,cadenceSpm,81.98021408667218
1782,speedMps,7.398189161799987
1782,distanceM,14239.234725286182
1782,activeEnergyKcal,100.6243098196265
1782,heartRateBpm,149.9448611312119
1783,powerWatts,201.36638771645337
1783,cadenceSpm,84.45246422830705
1783,speedMps,7.748864499477203
1783,distanceM,14246.98358978566
1783,activeEnergyKcal,100.6666557036063
1783,heartRateBpm,151.2488186342273
1784,powerWatts,177.56813069310394
1784,cadenceSpm,84.74689397954303
1784,speedMps,7.430717450876697
1784,distanceM,14254.414307236535
1784,activeEnergyKcal,100.70900257348474
1784,heartRateBpm,150.85730834010954
1785,powerWatts,183.24984450019332
1785,cadenceSpm,83.27746561964965
1785,speedMps,7.509141333121605
1785,distanceM,14261.923448569656
1785,activeEnergyKcal,100.75135042926185
1785,heartRateBpm,147.35197178584116
1786,powerWatts,177.04217055965503
1786,cadenceSpm,86.35588029680642
1786,speedMps,7.423373553691632
1786,distanceM,14269.346822123347
1786,activeEnergyKcal,100.79369927093762
1786,heartRateBpm,147.8726383123442
1787,powerWatts,179.515210396039
1787,cadenceSpm,85.22860060512286
1787,speedMps,7.457778681572217
1787,distanceM,14276.804600804919
1787,activeEnergyKcal,100.83604909851205
1787,heartRateBpm,148.68595616252665
1788,powerWatts,183.1999679492087
1788,cadenceSpm,84.92268885046064
1788,speedMps,7.508459997290532
1788,distanceM,14284.31306080221
1788,activeEnergyKcal,100.87839991198514
1788,heartRateBpm,146.48927744927815
1789,powerWatts,170.51567621500976
1789,cadenceSpm,84.56045178829785
1789,speedMps,7.331010543194639
1789,distanceM,14291.644071345403
1789,activeEnergyKcal,100.9207517113569
1789,heartRateBpm,145.72974254725332
1790,powerWatts,178.98014866496555
1790,cadenceSpm,87.15806877022764
1790,speedMps,7.450361774116606
1790,distanceM,14299.09443311952
1790,activeEnergyKcal,100.96310449662732
1790,heartRateBpm,143.87925049109424
1791,powerWatts,185.11350781842046
1791,cadenceSpm,85.57640694511032
1791,speedMps,7.534511678958598
1791,distanceM,14306.62894479848
1791,activeEnergyKcal,101.0054582677964
1791,heartRateBpm,145.65355157510658
1792,powerWatts,180.42626819048854
1792,cadenceSpm,85.76334232932865
1792,speedMps,7.470373724778561
1792,distanceM,14314.099318523258
1792,activeEnergyKcal,101.04781302486414
1792,heartRateBpm,143.60217366498844
1793,powerWatts,176.32537642663428
1793,cadenceSpm,85.24762439765544
1793,speedMps,7.413341616271703
1793,distanceM,14321.51266013953
1793,activeEnergyKcal,101.09016876783055
1793,heartRateBpm,143.68137969906073
1794,powerWatts,171.35604744585126
1794,cadenceSpm,85.25997780132167
1794,speedMps,7.3430342217513624
1794,distanceM,14328.85569436128
1794,activeEnergyKcal,101.1325254966956
1794,heartRateBpm,143.51343269963942
1795,powerWatts,182.10906414431085
1795,cadenceSpm,84.27666788216152
1795,speedMps,7.493526734206747
1795,distanceM,14336.349221095486
1795,activeEnergyKcal,101.17488321145933
1795,heartRateBpm,142.2515017681658
1796,powerWatts,181.19146886104113
1796,cadenceSpm,86.26748523580967
1796,speedMps,7.48091962606612
1796,distanceM,14343.830140721553
1796,activeEnergyKcal,101.21724191212172
1796,heartRateBpm,142.5911684579767
1797,powerWatts,177.7873646331164
1797,cadenceSpm,86.50243795209508
1797,speedMps,7.433774297239093
1797,distanceM,14351.263915018792
1797,activeEnergyKcal,101.25960159868276
1797,heartRateBpm,142.22249751298875
1798,powerWatts,171.01779926115563
1798,cadenceSpm,86.47991492870314
1798,speedMps,7.338199446236056
1798,distanceM,14358.602114465028
1798,activeEnergyKcal,101.30196227114247
1798,heartRateBpm,141.82330547149456
1799,powerWatts,192.2209473678879
1799,cadenceSpm,86.98685671429803
1799,speedMps,7.6297324922258625
1799,distanceM,14366.231846957253
1799,activeEnergyKcal,101.34432392950085
1799,heartRateBpm,141.90385831525253
