t,kind,value
# event: grind-0-420 kind=grind atSec=420
# event: grind-1-700 kind=grind atSec=700
# event: sudden_stop-2-1100 kind=sudden_stop atSec=1100
0,powerWatts,176.50950192330487
0,cadenceSpm,86.80235531684723
0,speedMps,7.6442453390532945
0,distanceM,7.6442453390532945
0,activeEnergyKcal,0.04541108986615679
0,heartRateBpm,58.72571913504578
1,powerWatts,183.07872538450482
1,cadenceSpm,86.6777787280473
1,speedMps,7.737925558671374
1,distanceM,15.382170897724668
1,activeEnergyKcal,0.09082217973231357
1,heartRateBpm,61.350728068870886
2,powerWatts,181.19373359870127
2,cadenceSpm,87.76834797384312
2,speedMps,7.711277143428856
2,distanceM,23.093448041153525
2,activeEnergyKcal,0.13623326959847037
2,heartRateBpm,60.96730940170675
3,powerWatts,185.2844094175451
3,cadenceSpm,87.46072620734415
3,speedMps,7.7688764199767295
3,distanceM,30.862324461130257
3,activeEnergyKcal,0.18164435946462715
3,heartRateBpm,60.3098657037863
4,powerWatts,168.58325358913808
4,cadenceSpm,86.66975226048015
4,speedMps,7.528065649020083
4,distanceM,38.39039011015034
4,activeEnergyKcal,0.22705544933078392
4,heartRateBpm,63.44986529883858
5,powerWatts,166.14076542992964
5,cadenceSpm,85.77370110731052
5,speedMps,7.491532299304725
5,distanceM,45.881922409455065
5,activeEnergyKcal,0.2724665391969407
5,heartRateBpm,66.64439766749443
6,powerWatts,168.83999299854605
6,cadenceSpm,86.54379133374738
6,speedMps,7.531885266870177
6,distanceM,53.41380767632524
6,activeEnergyKcal,0.31787762906309747
6,heartRateBpm,67.57255568047854
7,powerWatts,170.79439224101677
7,cadenceSpm,87.39528139251641
7,speedMps,7.560835507426138
7,distanceM,60.97464318375138
7,activeEnergyKcal,0.36328871892925424
7,heartRateBpm,70.85303062620207
8,powerWatts,185.47330950380092
8,cadenceSpm,84.79019179476671
8,speedMps,7.7715156831978875
8,distanceM,68.74615886694927
8,activeEnergyKcal,0.408699808795411
8,heartRateBpm,71.99335889238046
9,powerWatts,169.81554329485007
9,cadenceSpm,86.92223152709956
9,speedMps,7.546363721483452
9,distanceM,76.29252258843272
9,activeEnergyKcal,0.4541108986615678
9,heartRateBpm,72.36605196928397
10,powerWatts,176.88982125474953
10,cadenceSpm,86.89642451773484
10,speedMps,7.6497316701673155
10,distanceM,83.94225425860003
10,activeEnergyKcal,0.49952198852772456
10,heartRateBpm,74.26249324192439
11,powerWatts,163.54250586912562
11,cadenceSpm,86.76728695456299
11,speedMps,7.452273809852373
11,distanceM,91.3945280684524
11,activeEnergyKcal,0.5449330783938814
11,heartRateBpm,75.21782142570788
12,powerWatts,180.06865552406182
12,cadenceSpm,86.47342036797181
12,speedMps,7.695283566466037
12,distanceM,99.08981163491843
12,activeEnergyKcal,0.5903441682600382
12,heartRateBpm,74.82405372515652
13,powerWatts,170.6155506259737
13,cadenceSpm,87.68820818833423
13,speedMps,7.558195560728191
13,distanceM,106.64800719564663
13,activeEnergyKcal,0.635755258126195
13,heartRateBpm,75.84712751081275
14,powerWatts,189.1743525835913
14,cadenceSpm,86.43816458237623
14,speedMps,7.822868070047545
14,distanceM,114.47087526569418
14,activeEnergyKcal,0.6811663479923519
14,heartRateBpm,74.6370562043391
15,powerWatts,164.66499781065403
15,cadenceSpm,87.47356778354207
15,speedMps,7.469284783232677
15,distanceM,121.94016004892686
15,activeEnergyKcal,0.7265774378585087
15,heartRateBpm,76.21162993548823
16,powerWatts,168.98158478317973
16,cadenceSpm,88.58399487876534
16,speedMps,7.533990129748306
16,distanceM,129.47415017867516
16,activeEnergyKcal,0.7719885277246655
16,heartRateBpm,78.44765189938424
17,powerWatts,178.66984114637458
17,cadenceSpm,87.13422772031998
17,speedMps,7.675305506265207
17,distanceM,137.14945568494036
17,activeEnergyKcal,0.8173996175908224
17,heartRateBpm,81.43462089851371
18,powerWatts,167.80552674533877
18,cadenceSpm,86.74314529292796
18,speedMps,7.516471367338268
18,distanceM,144.66592705227862
18,activeEnergyKcal,0.8628107074569792
18,heartRateBpm,81.44526038775588
19,powerWatts,187.14130000633847
19,cadenceSpm,88.26442168735502
19,speedMps,7.794743011704853
19,distanceM,152.46067006398346
19,activeEnergyKcal,0.908221797323136
19,heartRateBpm,81.66049154687812
20,powerWatts,163.35505727861738
20,cadenceSpm,85.64986605425533
20,speedMps,7.449425514115431
20,distanceM,159.9100955780989
20,activeEnergyKcal,0.9536328871892928
20,heartRateBpm,83.95618614498322
21,powerWatts,171.49627840859768
21,cadenceSpm,85.90886955095182
21,speedMps,7.571178534066297
21,distanceM,167.48127411216518
21,activeEnergyKcal,0.9990439770554497
21,heartRateBpm,84.26130879486658
22,powerWatts,169.63290385109678
22,cadenceSpm,86.12096380843604
22,speedMps,7.543657337728614
22,distanceM,175.02493144989378
22,activeEnergyKcal,1.0444550669216064
22,heartRateBpm,84.27758158190454
23,powerWatts,181.8622723823143
23,cadenceSpm,88.76251306541907
23,speedMps,7.720749436476181
23,distanceM,182.74568088636997
23,activeEnergyKcal,1.0898661567877632
23,heartRateBpm,86.42317329958675
24,powerWatts,170.6211807266772
24,cadenceSpm,87.19398225747322
24,speedMps,7.558278696827503
24,distanceM,190.30395958319747
24,activeEnergyKcal,1.13527724665392
24,heartRateBpm,87.82605337610093
25,powerWatts,178.1294281763539
25,cadenceSpm,86.46098704630077
25,speedMps,7.6675593312173715
25,distanceM,197.97151891441484
25,activeEnergyKcal,1.1806883365200769
25,heartRateBpm,89.73095969718852
26,powerWatts,162.3535172987472
26,cadenceSpm,88.31455763328442
26,speedMps,7.4341699975025675
26,distanceM,205.40568891191742
26,activeEnergyKcal,1.2260994263862337
26,heartRateBpm,88.98344455824939
27,powerWatts,179.06244935067977
27,cadenceSpm,88.34624273474067
27,speedMps,7.680923285931563
27,distanceM,213.08661219784898
27,activeEnergyKcal,1.2715105162523905
27,heartRateBpm,90.89128638218982
28,powerWatts,173.67209945701234
28,cadenceSpm,87.59782157186386
28,speedMps,7.6030632851939215
28,distanceM,220.6896754830429
28,activeEnergyKcal,1.3169216061185474
28,heartRateBpm,91.21556774552525
29,powerWatts,180.58040066227375
29,cadenceSpm,86.38572020298307
29,speedMps,7.702566528014087
29,distanceM,228.39224201105696
29,activeEnergyKcal,1.3623326959847042
29,heartRateBpm,91.6040459890423
30,powerWatts,175.9444447166882
30,cadenceSpm,88.68859448065238
30,speedMps,7.636079483326432
30,distanceM,236.0283214943834
30,activeEnergyKcal,1.407743785850861
30,heartRateBpm,92.227664392862
31,powerWatts,174.99511574205613
31,cadenceSpm,86.60862958080371
31,speedMps,7.622320919509221
31,distanceM,243.65064241389263
31,activeEnergyKcal,1.4531548757170178
31,heartRateBpm,91.54087881589584
32,powerWatts,168.22345555395273
32,cadenceSpm,85.6055347005727
32,speedMps,7.522706254602857
32,distanceM,251.1733486684955
32,activeEnergyKcal,1.4985659655831747
32,heartRateBpm,92.12824023209895
33,powerWatts,166.00342723611087
33,cadenceSpm,85.70894606364148
33,speedMps,7.489467469631825
33,distanceM,258.6628161381273
33,activeEnergyKcal,1.5439770554493315
33,heartRateBpm,93.30504662679034
34,powerWatts,169.04360212120966
34,cadenceSpm,84.65379548087022
34,speedMps,7.534911691438095
34,distanceM,266.1977278295654
34,activeEnergyKcal,1.5893881453154883
34,heartRateBpm,92.75567614890078
35,powerWatts,166.3630310894496
35,cadenceSpm,89.40159195223143
35,speedMps,7.49487157283719
35,distanceM,273.6925994024026
35,activeEnergyKcal,1.6347992351816452
35,heartRateBpm,91.73659812948627
36,powerWatts,169.43565375420008
36,cadenceSpm,88.14524165771547
36,speedMps,7.540732267913128
36,distanceM,281.23333167031575
36,activeEnergyKcal,1.680210325047802
36,heartRateBpm,94.85687473225042
37,powerWatts,169.2371317709223
37,cadenceSpm,88.06385439987116
37,speedMps,7.537786043914776
37,distanceM,288.7711177142305
37,activeEnergyKcal,1.7256214149139588
37,heartRateBpm,96.39666724663638
38,powerWatts,168.10350299549324
38,cadenceSpm,86.22066045512733
38,speedMps,7.52091779527241
38,distanceM,296.2920355095029
38,activeEnergyKcal,1.7710325047801156
38,heartRateBpm,97.18847160905376
39,powerWatts,171.72648010519026
39,cadenceSpm,86.47508097965448
39,speedMps,7.574564650085101
39,distanceM,303.866600159588
39,activeEnergyKcal,1.8164435946462725
39,heartRateBpm,99.9280297184042
40,powerWatts,167.5467650534309
40,cadenceSpm,87.94943222843402
40,speedMps,7.512605830285019
40,distanceM,311.379205989873
40,activeEnergyKcal,1.8618546845124293
40,heartRateBpm,101.89653083655918
41,powerWatts,172.9944593511808
41,cadenceSpm,87.87697538395786
41,speedMps,7.593161759799742
41,distanceM,318.97236774967274
41,activeEnergyKcal,1.9072657743785861
41,heartRateBpm,102.90699616961082
42,powerWatts,171.2778730481298
42,cadenceSpm,87.00224368970467
42,speedMps,7.567963132052606
42,distanceM,326.54033088172537
42,activeEnergyKcal,1.952676864244743
42,heartRateBpm,103.34091490762225
43,powerWatts,181.8619738431217
43,cadenceSpm,87.02216422043479
43,speedMps,7.7207452117634645
43,distanceM,334.26107609348884
43,activeEnergyKcal,1.9980879541108998
43,heartRateBpm,103.43285672235295
44,powerWatts,169.98116593117496
44,cadenceSpm,86.7499188495117
44,speedMps,7.548816269937753
44,distanceM,341.80989236342657
44,activeEnergyKcal,2.0434990439770564
44,heartRateBpm,102.77996932157059
45,powerWatts,177.90442531387993
45,cadenceSpm,87.79381036510084
45,speedMps,7.664329564101135
45,distanceM,349.4742219275277
45,activeEnergyKcal,2.0889101338432132
45,heartRateBpm,102.87263941072027
46,powerWatts,171.0144843229585
46,cadenceSpm,85.68650158250341
46,speedMps,7.56408183910951
46,distanceM,357.0383037666372
46,activeEnergyKcal,2.13432122370937
46,heartRateBpm,104.0831314871851
47,powerWatts,181.63048200956482
47,cadenceSpm,86.47794213899961
47,speedMps,7.717467912482642
47,distanceM,364.75577167911985
47,activeEnergyKcal,2.179732313575527
47,heartRateBpm,104.59468275137728
48,powerWatts,171.52935607803477
48,cadenceSpm,85.52269722701892
48,speedMps,7.571665271239608
48,distanceM,372.32743695035947
48,activeEnergyKcal,2.2251434034416837
48,heartRateBpm,106.47708161487242
49,powerWatts,183.17156300715595
49,cadenceSpm,88.87437233676329
49,speedMps,7.739233282474013
49,distanceM,380.0666702328335
49,activeEnergyKcal,2.2705544933078405
49,heartRateBpm,106.74348335218788
50,powerWatts,179.26451275235604
50,cadenceSpm,86.60157528045562
50,speedMps,7.683811384580978
50,distanceM,387.75048161741444
50,activeEnergyKcal,2.3159655831739974
50,heartRateBpm,108.03601521003502
51,powerWatts,179.75908049221596
51,cadenceSpm,86.67122089004445
51,speedMps,7.690871112123319
51,distanceM,395.44135272953775
51,activeEnergyKcal,2.361376673040154
51,heartRateBpm,108.3748056324794
52,powerWatts,171.51010800523147
52,cadenceSpm,86.63651250455733
52,speedMps,7.571382043887291
52,distanceM,403.01273477342505
52,activeEnergyKcal,2.406787762906311
52,heartRateBpm,107.03280790126104
53,powerWatts,176.60689360809994
53,cadenceSpm,87.90312361441359
53,speedMps,7.645651021730288
53,distanceM,410.65838579515537
53,activeEnergyKcal,2.452198852772468
53,heartRateBpm,106.15438961170801
54,powerWatts,173.976008927656
54,cadenceSpm,89.05380850155018
54,speedMps,7.6074955773377315
54,distanceM,418.2658813724931
54,activeEnergyKcal,2.4976099426386247
54,heartRateBpm,108.99115080929408
55,powerWatts,180.53643446496088
55,cadenceSpm,87.2833717957424
55,speedMps,7.701941358567209
55,distanceM,425.96782273106027
55,activeEnergyKcal,2.5430210325047815
55,heartRateBpm,110.09788337546904
56,powerWatts,179.2953866752988
56,cadenceSpm,87.37861040305206
56,speedMps,7.684252475382629
56,distanceM,433.6520752064429
56,activeEnergyKcal,2.5884321223709383
56,heartRateBpm,110.97759092971354
57,powerWatts,182.3208329628923
57,cadenceSpm,88.36672269345627
57,speedMps,7.727233207152329
57,distanceM,441.3793084135952
57,activeEnergyKcal,2.633843212237095
57,heartRateBpm,112.42596722094552
58,powerWatts,173.5659738523238
58,cadenceSpm,85.71177651651549
58,speedMps,7.601514304672634
58,distanceM,448.98082271826786
58,activeEnergyKcal,2.679254302103252
58,heartRateBpm,112.169477079827
59,powerWatts,170.0566931675499
59,cadenceSpm,87.87572979664412
59,speedMps,7.54993415223454
59,distanceM,456.5307568705024
59,activeEnergyKcal,2.724665391969409
59,heartRateBpm,111.38187895257742
60,powerWatts,164.13016194330575
60,cadenceSpm,87.06832194124593
60,speedMps,7.461189206569522
60,distanceM,463.99194607707193
60,activeEnergyKcal,2.7700764818355657
60,heartRateBpm,111.44192784424254
61,powerWatts,164.03772489487474
61,cadenceSpm,87.5276757423067
61,speedMps,7.4597882456557825
61,distanceM,471.4517343227277
61,activeEnergyKcal,2.8154875717017225
61,heartRateBpm,113.10811114298988
62,powerWatts,173.44130954328685
62,cadenceSpm,85.53088552385599
62,speedMps,7.599693931552295
62,distanceM,479.05142825428
62,activeEnergyKcal,2.8608986615678793
62,heartRateBpm,114.0071131790363
63,powerWatts,188.4757318968337
63,cadenceSpm,86.58227498022087
63,speedMps,7.813226243329484
63,distanceM,486.8646544976095
63,activeEnergyKcal,2.906309751434036
63,heartRateBpm,113.1341292018483
64,powerWatts,163.12734537160458
64,cadenceSpm,85.0081688273864
64,speedMps,7.445962481429725
64,distanceM,494.3106169790392
64,activeEnergyKcal,2.951720841300193
64,heartRateBpm,111.33130850838194
65,powerWatts,173.14879207689043
65,cadenceSpm,88.35850086112438
65,speedMps,7.595419105771431
65,distanceM,501.90603608481064
65,activeEnergyKcal,2.99713193116635
65,heartRateBpm,113.70979184754766
66,powerWatts,170.0338879937584
66,cadenceSpm,87.73484221252612
66,speedMps,7.549596646636942
66,distanceM,509.45563273144757
66,activeEnergyKcal,3.0425430210325066
66,heartRateBpm,115.00759373202794
67,powerWatts,164.10971520101884
67,cadenceSpm,85.65940776593278
67,speedMps,7.460879364375796
67,distanceM,516.9165120958234
67,activeEnergyKcal,3.0879541108986635
67,heartRateBpm,114.09377103650402
68,powerWatts,179.06466056082022
68,cadenceSpm,85.58676432475534
68,speedMps,7.680954902583758
68,distanceM,524.5974669984071
68,activeEnergyKcal,3.1333652007648203
68,heartRateBpm,113.49466206030993
69,powerWatts,155.1273679629039
69,cadenceSpm,85.670149429342
69,speedMps,7.32219676553311
69,distanceM,531.9196637639402
69,activeEnergyKcal,3.178776290630977
69,heartRateBpm,122.55939160638694
70,powerWatts,169.65044262250206
70,cadenceSpm,88.151896086612
70,speedMps,7.543917314653355
70,distanceM,539.4635810785935
70,activeEnergyKcal,3.224187380497134
70,heartRateBpm,131.93203051738067
71,powerWatts,194.21223104820945
71,cadenceSpm,84.18649146334151
71,speedMps,7.8917038593644415
71,distanceM,547.355284937958
71,activeEnergyKcal,3.2695984703632908
71,heartRateBpm,140.37281513940118
72,powerWatts,178.0021017697623
72,cadenceSpm,88.08003738691835
72,speedMps,7.665731979248075
72,distanceM,555.0210169172061
72,activeEnergyKcal,3.3150095602294476
72,heartRateBpm,139.51290339829322
73,powerWatts,174.13600806501827
73,cadenceSpm,88.9478033164254
73,speedMps,7.609826971174844
73,distanceM,562.6308438883809
73,activeEnergyKcal,3.3604206500956044
73,heartRateBpm,139.50399002652662
74,powerWatts,171.46522273166943
74,cadenceSpm,86.59957371736346
74,speedMps,7.570721493499629
74,distanceM,570.2015653818805
74,activeEnergyKcal,3.4058317399617613
74,heartRateBpm,139.39531279160423
75,powerWatts,173.22530529488654
75,cadenceSpm,85.37028396945018
75,speedMps,7.5965377282191
75,distanceM,577.7981031100996
75,activeEnergyKcal,3.451242829827918
75,heartRateBpm,138.47156471628253
76,powerWatts,163.44023350617567
76,cadenceSpm,85.89081680682925
76,speedMps,7.450720043392108
76,distanceM,585.2488231534918
76,activeEnergyKcal,3.496653919694075
76,heartRateBpm,139.15592383276115
77,powerWatts,179.43392887375768
77,cadenceSpm,87.74064872016514
77,speedMps,7.686231182445901
77,distanceM,592.9350543359377
77,activeEnergyKcal,3.5420650095602317
77,heartRateBpm,138.6836260010395
78,powerWatts,165.99599103793
78,cadenceSpm,86.52196065573878
78,speedMps,7.489355636607409
78,distanceM,600.4244099725452
78,activeEnergyKcal,3.5874760994263886
78,heartRateBpm,136.78912925969829
79,powerWatts,173.59075298988836
79,cadenceSpm,88.09183766056483
79,speedMps,7.601876030728916
79,distanceM,608.0262860032741
79,activeEnergyKcal,3.6328871892925454
79,heartRateBpm,134.80719273117708
80,powerWatts,177.3822079633675
80,cadenceSpm,85.60683176987419
80,speedMps,7.656822970780073
80,distanceM,615.6831089740542
80,activeEnergyKcal,3.678298279158702
80,heartRateBpm,134.95399724569435
81,powerWatts,171.4255807934747
81,cadenceSpm,85.77561602503226
81,speedMps,7.5701380103490425
81,distanceM,623.2532469844033
81,activeEnergyKcal,3.723709369024859
81,heartRateBpm,137.01935443244452
82,powerWatts,204.49635550116068
82,cadenceSpm,89.1919890237634
82,speedMps,8.028611530311506
82,distanceM,631.2818585147148
82,activeEnergyKcal,3.769120458891016
82,heartRateBpm,137.72831117415038
83,powerWatts,172.66148334470708
83,cadenceSpm,88.14548956240085
83,speedMps,7.58828691276546
83,distanceM,638.8701454274803
83,activeEnergyKcal,3.8145315487571727
83,heartRateBpm,142.65118651176942
84,powerWatts,172.58135068631296
84,cadenceSpm,88.05447927480039
84,speedMps,7.587112816330497
84,distanceM,646.4572582438109
84,activeEnergyKcal,3.8599426386233295
84,heartRateBpm,143.09191936807716
85,powerWatts,166.0600128671614
85,cadenceSpm,85.95106839862322
85,speedMps,7.490318351861579
85,distanceM,653.9475765956724
85,activeEnergyKcal,3.9053537284894864
85,heartRateBpm,141.80277181621378
86,powerWatts,172.52446113310594
86,cadenceSpm,88.69204742969691
86,speedMps,7.586279055146159
86,distanceM,661.5338556508186
86,activeEnergyKcal,3.950764818355643
86,heartRateBpm,141.93695031391934
87,powerWatts,167.32908178552975
87,cadenceSpm,87.19240004330915
87,speedMps,7.509350863741742
87,distanceM,669.0432065145603
87,activeEnergyKcal,3.9961759082218
87,heartRateBpm,141.276683967234
88,powerWatts,181.33152828237377
88,cadenceSpm,88.19557179075177
88,speedMps,7.713231412176159
88,distanceM,676.7564379267365
88,activeEnergyKcal,4.041586998087957
88,heartRateBpm,140.4307476817219
89,powerWatts,174.99934546347103
89,cadenceSpm,86.11628874426133
89,speedMps,7.622382330812305
89,distanceM,684.3788202575488
89,activeEnergyKcal,4.086998087954114
89,heartRateBpm,141.96851679642432
90,powerWatts,186.29376866403715
90,cadenceSpm,85.15961340068203
90,speedMps,7.78295817835907
90,distanceM,692.1617784359079
90,activeEnergyKcal,4.1324091778202705
90,heartRateBpm,141.67909964113724
91,powerWatts,171.35911345165925
91,cadenceSpm,85.18224554441126
91,speedMps,7.569159486619055
91,distanceM,699.7309379225269
91,activeEnergyKcal,4.177820267686427
91,heartRateBpm,141.7353525790922
92,powerWatts,180.10315899605874
92,cadenceSpm,85.93964971621209
92,speedMps,7.695775040201323
92,distanceM,707.4267129627282
92,activeEnergyKcal,4.223231357552584
92,heartRateBpm,139.8429986362399
93,powerWatts,166.31131584904256
93,cadenceSpm,85.71851935736913
93,speedMps,7.494094879336763
93,distanceM,714.920807842065
93,activeEnergyKcal,4.268642447418741
93,heartRateBpm,139.09165103286162
94,powerWatts,188.225257263131
94,cadenceSpm,86.26706801363596
94,speedMps,7.80976358259926
94,distanceM,722.7305714246643
94,activeEnergyKcal,4.314053537284898
94,heartRateBpm,138.08055614189593
95,powerWatts,171.80461888328458
95,cadenceSpm,84.08659496052762
95,speedMps,7.575713332335383
95,distanceM,730.3062847569996
95,activeEnergyKcal,4.359464627151055
95,heartRateBpm,139.6386555488857
96,powerWatts,170.72801676385856
96,cadenceSpm,86.3707281067636
96,speedMps,7.559855929811436
96,distanceM,737.866140686811
96,activeEnergyKcal,4.4048757170172115
96,heartRateBpm,140.05141886933163
97,powerWatts,177.65366738433698
97,cadenceSpm,85.78048638955495
97,speedMps,7.6607268898154945
97,distanceM,745.5268675766265
97,activeEnergyKcal,4.450286806883368
97,heartRateBpm,138.49677359176994
98,powerWatts,177.78226401508715
98,cadenceSpm,86.1682859053498
98,speedMps,7.662574878798189
98,distanceM,753.1894424554247
98,activeEnergyKcal,4.495697896749525
98,heartRateBpm,138.63973050545158
99,powerWatts,179.1029817572724
99,cadenceSpm,86.51122240229269
99,speedMps,7.681502791050597
99,distanceM,760.8709452464752
99,activeEnergyKcal,4.541108986615682
99,heartRateBpm,139.24899216399558
100,powerWatts,156.29838348446964
100,cadenceSpm,85.88470610043666
100,speedMps,7.340575041604743
100,distanceM,768.21152028808
100,activeEnergyKcal,4.586520076481839
100,heartRateBpm,141.1966002754931
101,powerWatts,180.63045683478728
101,cadenceSpm,87.50649571690091
101,speedMps,7.703278169251022
101,distanceM,775.914798457331
101,activeEnergyKcal,4.631931166347996
101,heartRateBpm,140.66028471244982
102,powerWatts,166.71028535215484
102,cadenceSpm,86.30697515307656
102,speedMps,7.500082701249179
102,distanceM,783.4148811585802
102,activeEnergyKcal,4.6773422562141524
102,heartRateBpm,142.20964565774167
103,powerWatts,176.33058517833183
103,cadenceSpm,85.2823631753546
103,speedMps,7.641661633263444
103,distanceM,791.0565427918436
103,activeEnergyKcal,4.722753346080309
103,heartRateBpm,141.04823710417674
104,powerWatts,166.14489319527152
104,cadenceSpm,87.01621316616138
104,speedMps,7.4915943411345545
104,distanceM,798.5481371329782
104,activeEnergyKcal,4.768164435946466
104,heartRateBpm,139.35435077128636
105,powerWatts,187.50043884533628
105,cadenceSpm,87.17405761932172
105,speedMps,7.799726066593211
105,distanceM,806.3478631995714
105,activeEnergyKcal,4.813575525812623
105,heartRateBpm,140.61515050485244
106,powerWatts,173.1572551199124
106,cadenceSpm,86.1059793338236
106,speedMps,7.595542851579177
106,distanceM,813.9434060511505
106,activeEnergyKcal,4.85898661567878
106,heartRateBpm,139.05334742716465
107,powerWatts,183.16371059960943
107,cadenceSpm,86.49777789886555
107,speedMps,7.739122689466265
107,distanceM,821.6825287406168
107,activeEnergyKcal,4.904397705544937
107,heartRateBpm,138.57768179015034
108,powerWatts,167.87420114331758
108,cadenceSpm,84.9528328889354
108,speedMps,7.517496599254652
108,distanceM,829.2000253398714
108,activeEnergyKcal,4.949808795411093
108,heartRateBpm,140.69632890766772
109,powerWatts,186.96652080766916
109,cadenceSpm,85.68477095842158
109,speedMps,7.792315642155446
109,distanceM,836.9923409820269
109,activeEnergyKcal,4.99521988527725
109,heartRateBpm,140.65679339732213
110,powerWatts,162.23527290160047
110,cadenceSpm,88.61462181406083
110,speedMps,7.432364754929342
110,distanceM,844.4247057369563
110,activeEnergyKcal,5.040630975143407
110,heartRateBpm,137.7553580066003
111,powerWatts,179.26192058520726
111,cadenceSpm,87.27542789626516
111,speedMps,7.683774348398809
111,distanceM,852.1084800853552
111,activeEnergyKcal,5.086042065009564
111,heartRateBpm,137.56889699794718
112,powerWatts,169.6273278606061
112,cadenceSpm,87.61568763897372
112,speedMps,7.5435746811576285
112,distanceM,859.6520547665128
112,activeEnergyKcal,5.131453154875721
112,heartRateBpm,137.51156550983637
113,powerWatts,176.44674652410538
113,cadenceSpm,88.36320101736811
113,speedMps,7.643339298063885
113,distanceM,867.2953940645767
113,activeEnergyKcal,5.176864244741878
113,heartRateBpm,139.41245292561263
114,powerWatts,179.6893455448469
114,cadenceSpm,86.5658460348637
114,speedMps,7.6898764625835545
114,distanceM,874.9852705271603
114,activeEnergyKcal,5.222275334608034
114,heartRateBpm,142.62873901952685
115,powerWatts,159.63724573228194
115,cadenceSpm,88.49541204042598
115,speedMps,7.392477238831748
115,distanceM,882.377747765992
115,activeEnergyKcal,5.267686424474191
115,heartRateBpm,143.14146034397342
116,powerWatts,175.63643851674536
116,cadenceSpm,88.15889141944344
116,speedMps,7.631621004777269
116,distanceM,890.0093687707692
116,activeEnergyKcal,5.313097514340348
116,heartRateBpm,144.3959711849952
117,powerWatts,175.6228082782816
117,cadenceSpm,87.52347611708022
117,speedMps,7.631423582750278
117,distanceM,897.6407923535195
117,activeEnergyKcal,5.358508604206505
117,heartRateBpm,146.79452855306835
118,powerWatts,165.95052065860327
118,cadenceSpm,86.33784933096071
118,speedMps,7.488671734667461
118,distanceM,905.129464088187
118,activeEnergyKcal,5.403919694072662
118,heartRateBpm,146.08015816720612
119,powerWatts,168.29356298255263
119,cadenceSpm,87.56681769274168
119,speedMps,7.5237511432644135
119,distanceM,912.6532152314514
119,activeEnergyKcal,5.4493307839388185
119,heartRateBpm,146.85683491680072
120,powerWatts,174.1444319851149
120,cadenceSpm,85.3885443063018
120,speedMps,7.6099496789773955
120,distanceM,920.2631649104288
120,activeEnergyKcal,5.494741873804975
120,heartRateBpm,144.63666385268132
121,powerWatts,166.81711669110666
121,cadenceSpm,86.74926101821129
121,speedMps,7.501684427632001
121,distanceM,927.7648493380608
121,activeEnergyKcal,5.540152963671132
121,heartRateBpm,143.18833783636612
122,powerWatts,178.61432111694785
122,cadenceSpm,86.3301672982027
122,speedMps,7.6745104134253275
122,distanceM,935.4393597514861
122,activeEnergyKcal,5.585564053537289
122,heartRateBpm,140.9449293517688
123,powerWatts,167.26783094768106
123,cadenceSpm,89.15190841717488
123,speedMps,7.50843448554716
123,distanceM,942.9477942370332
123,activeEnergyKcal,5.630975143403446
123,heartRateBpm,141.18616066729382
124,powerWatts,176.17121440590105
124,cadenceSpm,87.94261091932128
124,speedMps,7.639358715314418
124,distanceM,950.5871529523477
124,activeEnergyKcal,5.676386233269603
124,heartRateBpm,140.4697295913086
125,powerWatts,171.33152136182804
125,cadenceSpm,88.6643861864931
125,speedMps,7.568753205068276
125,distanceM,958.155906157416
125,activeEnergyKcal,5.7217973231357595
125,heartRateBpm,138.26815202308617
126,powerWatts,170.36298314790554
126,cadenceSpm,85.6832668735202
126,speedMps,7.554464175319365
126,distanceM,965.7103703327354
126,activeEnergyKcal,5.767208413001916
126,heartRateBpm,140.72620517470133
127,powerWatts,176.96306330668392
127,cadenceSpm,88.92036559086017
127,speedMps,7.650787326788206
127,distanceM,973.3611576595235
127,activeEnergyKcal,5.812619502868073
127,heartRateBpm,140.97473545192858
128,powerWatts,164.87503840229337
128,cadenceSpm,85.89320583875076
128,speedMps,7.472459281823075
128,distanceM,980.8336169413466
128,activeEnergyKcal,5.85803059273423
128,heartRateBpm,141.38527478225816
129,powerWatts,172.98017632715616
129,cadenceSpm,85.92550618356191
129,speedMps,7.592952781436806
129,distanceM,988.4265697227834
129,activeEnergyKcal,5.903441682600387
129,heartRateBpm,140.72029737326363
130,powerWatts,162.70726993572418
130,cadenceSpm,86.58230441202393
130,speedMps,7.439565526807048
130,distanceM,995.8661352495905
130,activeEnergyKcal,5.948852772466544
130,heartRateBpm,139.06840290479147
131,powerWatts,175.1499050640193
131,cadenceSpm,88.28783936532284
131,speedMps,7.624567660661023
131,distanceM,1003.4907029102515
131,activeEnergyKcal,5.9942638623327005
131,heartRateBpm,138.18451388620053
132,powerWatts,166.13294032286973
132,cadenceSpm,86.991429191138
132,speedMps,7.491414682249675
132,distanceM,1010.9821175925011
132,activeEnergyKcal,6.039674952198857
132,heartRateBpm,138.48327270204825
133,powerWatts,170.91553810262454
133,cadenceSpm,87.16897933930755
133,speedMps,7.562622739115265
133,distanceM,1018.5447403316164
133,activeEnergyKcal,6.085086042065014
133,heartRateBpm,136.01732845188573
134,powerWatts,171.24695663908776
134,cadenceSpm,87.24662233693323
134,speedMps,7.567507754447302
134,distanceM,1026.1122480860636
134,activeEnergyKcal,6.130497131931171
134,heartRateBpm,134.15806937734325
135,powerWatts,185.57648670966367
135,cadenceSpm,87.01461754414179
135,speedMps,7.77295649182496
135,distanceM,1033.8852045778885
135,activeEnergyKcal,6.175908221797328
135,heartRateBpm,134.88115985621687
136,powerWatts,168.06808619986668
136,cadenceSpm,88.50569377285848
136,speedMps,7.520389578008698
136,distanceM,1041.4055941558972
136,activeEnergyKcal,6.221319311663485
136,heartRateBpm,134.13416069769633
137,powerWatts,181.14874339742846
137,cadenceSpm,88.55309989758096
137,speedMps,7.710638856769062
137,distanceM,1049.1162330126663
137,activeEnergyKcal,6.2667304015296414
137,heartRateBpm,133.4108480707407
138,powerWatts,176.56419099401296
138,cadenceSpm,88.48331343621008
138,speedMps,7.64503474604525
138,distanceM,1056.7612677587115
138,activeEnergyKcal,6.312141491395798
138,heartRateBpm,133.91334171677656
139,powerWatts,169.63201289424015
139,cadenceSpm,85.34082111453706
139,speedMps,7.543644130611277
139,distanceM,1064.3049118893227
139,activeEnergyKcal,6.357552581261955
139,heartRateBpm,133.20391623265937
140,powerWatts,171.18170665897156
140,cadenceSpm,87.44616477804614
140,speedMps,7.566546486836667
140,distanceM,1071.8714583761594
140,activeEnergyKcal,6.402963671128112
140,heartRateBpm,132.35555690799436
141,powerWatts,185.87502567421706
141,cadenceSpm,87.02057641278323
141,speedMps,7.777122405981187
141,distanceM,1079.6485807821405
141,activeEnergyKcal,6.448374760994269
141,heartRateBpm,134.136417693459
142,powerWatts,176.999239530734
142,cadenceSpm,86.14619916462922
142,speedMps,7.65130863658992
142,distanceM,1087.2998894187303
142,activeEnergyKcal,6.493785850860426
142,heartRateBpm,134.4654884573652
143,powerWatts,164.94079197640295
143,cadenceSpm,85.27364532526757
143,speedMps,7.473452510002454
143,distanceM,1094.7733419287329
143,activeEnergyKcal,6.539196940726582
143,heartRateBpm,134.70951399561028
144,powerWatts,167.6006886307759
144,cadenceSpm,86.42639353159073
144,speedMps,7.513411701069999
144,distanceM,1102.286753629803
144,activeEnergyKcal,6.584608030592739
144,heartRateBpm,133.08103633451202
145,powerWatts,176.61938544120542
145,cadenceSpm,87.05068285832685
145,speedMps,7.645831282615242
145,distanceM,1109.9325849124182
145,activeEnergyKcal,6.630019120458896
145,heartRateBpm,131.77810953230767
146,powerWatts,178.05447631853602
146,cadenceSpm,87.13169987543156
146,speedMps,7.666483749177391
146,distanceM,1117.5990686615955
146,activeEnergyKcal,6.675430210325053
146,heartRateBpm,133.54434629948372
147,powerWatts,177.94557298944528
147,cadenceSpm,89.25641781752442
147,speedMps,7.664920415124799
147,distanceM,1125.2639890767202
147,activeEnergyKcal,6.72084130019121
147,heartRateBpm,132.30420356508907
148,powerWatts,170.7594610543719
148,cadenceSpm,87.70830176844393
148,speedMps,7.560320020236673
148,distanceM,1132.824309096957
148,activeEnergyKcal,6.766252390057367
148,heartRateBpm,132.35119180065712
149,powerWatts,172.28436945535861
149,cadenceSpm,87.92114261184207
149,speedMps,7.582758302167469
149,distanceM,1140.4070673991246
149,activeEnergyKcal,6.811663479923523
149,heartRateBpm,133.23308455894016
150,powerWatts,177.34214448058674
150,cadenceSpm,87.5766359081157
150,speedMps,7.6562464715988385
150,distanceM,1148.0633138707235
150,activeEnergyKcal,6.85707456978968
150,heartRateBpm,133.9858838070199
151,powerWatts,185.81052586622872
151,cadenceSpm,86.94910483026928
151,speedMps,7.776222731709256
151,distanceM,1155.8395366024329
151,activeEnergyKcal,6.902485659655837
151,heartRateBpm,130.98228864267492
152,powerWatts,167.5462486376386
152,cadenceSpm,86.08694756671234
152,speedMps,7.512598111778732
152,distanceM,1163.3521347142116
152,activeEnergyKcal,6.947896749521994
152,heartRateBpm,130.88689142895376
153,powerWatts,178.41000961294307
153,cadenceSpm,87.50263726940965
153,speedMps,7.671583083756757
153,distanceM,1171.0237177979684
153,activeEnergyKcal,6.993307839388151
153,heartRateBpm,130.78306528532616
154,powerWatts,181.611140139442
154,cadenceSpm,87.52281915920396
154,speedMps,7.7171939578040565
154,distanceM,1178.7409117557725
154,activeEnergyKcal,7.0387189292543075
154,heartRateBpm,131.68058393907248
155,powerWatts,175.76742795550513
155,cadenceSpm,88.85261546102932
155,speedMps,7.633517751162587
155,distanceM,1186.374429506935
155,activeEnergyKcal,7.084130019120464
155,heartRateBpm,131.79468188017867
156,powerWatts,172.14943620794233
156,cadenceSpm,88.4330327234713
156,speedMps,7.580778177802055
156,distanceM,1193.9552076847372
156,activeEnergyKcal,7.129541108986621
156,heartRateBpm,132.5445194540487
157,powerWatts,160.09723506047095
157,cadenceSpm,86.83496252722969
157,speedMps,7.3995708209871935
157,distanceM,1201.3547785057244
157,activeEnergyKcal,7.174952198852778
157,heartRateBpm,132.55266879489224
158,powerWatts,173.4468372355046
158,cadenceSpm,85.32383472700371
158,speedMps,7.599774666495312
158,distanceM,1208.9545531722197
158,activeEnergyKcal,7.220363288718935
158,heartRateBpm,132.8365914286867
159,powerWatts,177.00502461780425
159,cadenceSpm,88.4800752956172
159,speedMps,7.6513919947718545
159,distanceM,1216.6059451669914
159,activeEnergyKcal,7.265774378585092
159,heartRateBpm,134.69970749959714
160,powerWatts,158.8752714169868
160,cadenceSpm,86.52447689332965
160,speedMps,7.380696646716331
160,distanceM,1223.9866418137078
160,activeEnergyKcal,7.3111854684512485
160,heartRateBpm,134.44505475161003
161,powerWatts,167.30159864348693
161,cadenceSpm,85.33762880040632
161,speedMps,7.508939714138954
161,distanceM,1231.4955815278468
161,activeEnergyKcal,7.356596558317405
161,heartRateBpm,134.95245191474083
162,powerWatts,180.39941384278677
162,cadenceSpm,88.86985250638776
162,speedMps,7.699992367131206
162,distanceM,1239.195573894978
162,activeEnergyKcal,7.402007648183562
162,heartRateBpm,134.97158987684594
163,powerWatts,161.39245512473713
163,cadenceSpm,86.83580763204257
163,speedMps,7.419471940072213
163,distanceM,1246.6150458350503
163,activeEnergyKcal,7.447418738049719
163,heartRateBpm,134.35902089149482
164,powerWatts,171.46327928950254
164,cadenceSpm,89.2277360792841
164,speedMps,7.570692890391395
164,distanceM,1254.1857387254418
164,activeEnergyKcal,7.492829827915876
164,heartRateBpm,133.17430693117697
165,powerWatts,158.30968098797126
165,cadenceSpm,86.87898856068989
165,speedMps,7.371927892041068
165,distanceM,1261.5576666174827
165,activeEnergyKcal,7.538240917782033
165,heartRateBpm,132.2254518220626
166,powerWatts,167.48755642579601
166,cadenceSpm,85.70681856197012
166,speedMps,7.511720776913118
166,distanceM,1269.0693873943958
166,activeEnergyKcal,7.5836520076481895
166,heartRateBpm,132.49222887836962
167,powerWatts,189.1297723745111
167,cadenceSpm,87.29263744250503
167,speedMps,7.822253517937807
167,distanceM,1276.8916409123335
167,activeEnergyKcal,7.629063097514346
167,heartRateBpm,129.5959008087207
168,powerWatts,166.59266393927624
168,cadenceSpm,87.22159590470481
168,speedMps,7.498318407235633
168,distanceM,1284.3899593195692
168,activeEnergyKcal,7.674474187380503
168,heartRateBpm,130.87287297001325
169,powerWatts,168.30649600185075
169,cadenceSpm,86.34716459354111
169,speedMps,7.523943866670966
169,distanceM,1291.9139031862403
169,activeEnergyKcal,7.71988527724666
169,heartRateBpm,130.92565270684537
170,powerWatts,174.6274682722257
170,cadenceSpm,85.36253144746613
170,speedMps,7.616979262299763
170,distanceM,1299.53088244854
170,activeEnergyKcal,7.765296367112817
170,heartRateBpm,129.82626817576312
171,powerWatts,164.30569728297968
171,cadenceSpm,87.08122614719892
171,speedMps,7.463848144531796
171,distanceM,1306.9947305930718
171,activeEnergyKcal,7.810707456978974
171,heartRateBpm,127.33964530735382
172,powerWatts,170.6367434175879
172,cadenceSpm,88.27599161346147
172,speedMps,7.558508491625002
172,distanceM,1314.5532390846968
172,activeEnergyKcal,7.8561185468451304
172,heartRateBpm,128.10512810969684
173,powerWatts,174.07102627918192
173,cadenceSpm,85.9262085830459
173,speedMps,7.6088802750164835
173,distanceM,1322.1621193597132
173,activeEnergyKcal,7.901529636711287
173,heartRateBpm,128.94710653732048
174,powerWatts,169.6701689357651
174,cadenceSpm,87.12123015307033
174,speedMps,7.544209696067006
174,distanceM,1329.70632905578
174,activeEnergyKcal,7.946940726577444
174,heartRateBpm,128.09077159628177
175,powerWatts,175.07895114824962
175,cadenceSpm,87.4354242460864
175,speedMps,7.623537940813118
175,distanceM,1337.3298669965932
175,activeEnergyKcal,7.992351816443601
175,heartRateBpm,128.96693107224172
176,powerWatts,166.72120064508633
176,cadenceSpm,86.67204901722123
176,speedMps,7.500246386036993
176,distanceM,1344.83011338263
176,activeEnergyKcal,8.037762906309757
176,heartRateBpm,130.48223925368518
177,powerWatts,183.83785815817512
177,cadenceSpm,86.93659598871731
177,speedMps,7.7486058685791965
177,distanceM,1352.5787192512093
177,activeEnergyKcal,8.083173996175914
177,heartRateBpm,131.22683761140658
178,powerWatts,183.93659311671973
178,cadenceSpm,84.41032022892873
178,speedMps,7.74999281785946
178,distanceM,1360.3287120690688
178,activeEnergyKcal,8.12858508604207
178,heartRateBpm,127.61427033458051
179,powerWatts,180.78192869613164
179,cadenceSpm,86.76974879146901
179,speedMps,7.705430821868654
179,distanceM,1368.0341428909376
179,activeEnergyKcal,8.173996175908227
179,heartRateBpm,128.54194302991388
180,powerWatts,172.62748235695176
180,cadenceSpm,86.72286590839346
180,speedMps,7.58778877775733
180,distanceM,1375.621931668695
180,activeEnergyKcal,8.219407265774384
180,heartRateBpm,127.88916183750581
181,powerWatts,211.00730033232207
181,cadenceSpm,90.63420368146764
181,speedMps,8.112930352054146
181,distanceM,1383.734862020749
181,activeEnergyKcal,8.27848937274273
181,heartRateBpm,130.5620218439982
182,powerWatts,215.5985790253722
182,cadenceSpm,94.55475456713421
182,speedMps,8.171351364181495
182,distanceM,1391.9062133849304
182,activeEnergyKcal,8.337571368706188
182,heartRateBpm,131.0729305238293
183,powerWatts,204.4960335326897
183,cadenceSpm,90.3137359095741
183,speedMps,8.028607316770831
183,distanceM,1399.9348207017013
183,activeEnergyKcal,8.396653253664761
183,heartRateBpm,132.67396904727696
184,powerWatts,199.1936504250961
184,cadenceSpm,93.12266987321856
184,speedMps,7.958607450876691
184,distanceM,1407.893428152578
184,activeEnergyKcal,8.455735027618447
184,heartRateBpm,133.25897160329782
185,powerWatts,222.1581838535887
185,cadenceSpm,92.81864126397001
185,speedMps,8.253396182403742
185,distanceM,1416.1468243349818
185,activeEnergyKcal,8.514816690567246
185,heartRateBpm,133.84428699093462
186,powerWatts,197.03913834087788
186,cadenceSpm,92.34906661274285
186,speedMps,7.929809492401652
186,distanceM,1424.0766338273834
186,activeEnergyKcal,8.57389824251116
186,heartRateBpm,134.37373583722274
187,powerWatts,218.56033416152516
187,cadenceSpm,94.19110758894575
187,speedMps,8.20859891675636
187,distanceM,1432.2852327441396
187,activeEnergyKcal,8.632979683450186
187,heartRateBpm,132.95010049580205
188,powerWatts,199.7228794946451
188,cadenceSpm,92.4233621214839
188,speedMps,7.965649512276105
188,distanceM,1440.2508822564157
188,activeEnergyKcal,8.692061013384327
188,heartRateBpm,134.95066857838844
189,powerWatts,206.51822834881472
189,cadenceSpm,91.41089095528595
189,speedMps,8.05498465741924
189,distanceM,1448.305866913835
189,activeEnergyKcal,8.751142232313581
189,heartRateBpm,136.10714046800732
190,powerWatts,215.23059386322416
190,cadenceSpm,93.2299323634965
190,speedMps,8.166699743489762
190,distanceM,1456.4725666573247
190,activeEnergyKcal,8.810223340237949
190,heartRateBpm,137.00659955307032
191,powerWatts,200.0281743078491
191,cadenceSpm,89.97435158025881
191,speedMps,7.969706188914068
191,distanceM,1464.4422728462387
191,activeEnergyKcal,8.86930433715743
191,heartRateBpm,139.49422568571836
192,powerWatts,220.37669877175964
192,cadenceSpm,92.48946753765506
192,speedMps,8.231275637716514
192,distanceM,1472.673548483955
192,activeEnergyKcal,8.928385223072025
192,heartRateBpm,140.08803652053356
193,powerWatts,208.31397816823718
193,cadenceSpm,90.8332922247942
193,speedMps,8.07826430262717
193,distanceM,1480.7518127865821
193,activeEnergyKcal,8.987465997981735
193,heartRateBpm,142.00248494392267
194,powerWatts,203.86566523459078
194,cadenceSpm,93.04144999506471
194,speedMps,8.020349310328179
194,distanceM,1488.7721620969103
194,activeEnergyKcal,9.046546661886557
194,heartRateBpm,143.1985811189713
195,powerWatts,214.26940953733893
195,cadenceSpm,92.25376698381301
195,speedMps,8.154524556736222
195,distanceM,1496.9266866536466
195,activeEnergyKcal,9.105627214786493
195,heartRateBpm,142.89123491109063
196,powerWatts,206.16976091041556
196,cadenceSpm,92.72861243022818
196,speedMps,8.050451594954907
196,distanceM,1504.9771382486015
196,activeEnergyKcal,9.164707656681543
196,heartRateBpm,144.58967255360514
197,powerWatts,209.49410113776383
197,cadenceSpm,91.24370408409506
197,speedMps,8.093490355919403
197,distanceM,1513.0706286045208
197,activeEnergyKcal,9.223787987571706
197,heartRateBpm,142.77591980690903
198,powerWatts,205.1470047995048
198,cadenceSpm,94.21151206358009
198,speedMps,8.037117435777823
198,distanceM,1521.1077460402987
198,activeEnergyKcal,9.282868207456984
198,heartRateBpm,141.83708548069072
199,powerWatts,222.2692531669015
199,cadenceSpm,90.15861488904375
199,speedMps,8.254771398182088
199,distanceM,1529.3625174384808
199,activeEnergyKcal,9.341948316337374
199,heartRateBpm,139.98264349511413
200,powerWatts,202.86924259589267
200,cadenceSpm,93.13709763696974
200,speedMps,8.00726109492985
200,distanceM,1537.3697785334107
200,activeEnergyKcal,9.40102831421288
200,heartRateBpm,141.54835130909507
201,powerWatts,209.17555699775255
201,cadenceSpm,91.5355454664313
201,speedMps,8.089386116651928
201,distanceM,1545.4591646500626
201,activeEnergyKcal,9.460108201083498
201,heartRateBpm,143.44124885235766
202,powerWatts,222.51140585081978
202,cadenceSpm,92.1036885128386
202,speedMps,8.257768048340154
202,distanceM,1553.7169326984026
202,activeEnergyKcal,9.51918797694923
202,heartRateBpm,142.2386994285756
203,powerWatts,222.2299514146593
203,cadenceSpm,92.425346861289
203,speedMps,8.254284832002647
203,distanceM,1561.9712175304053
203,activeEnergyKcal,9.578267641810076
203,heartRateBpm,143.97010946998512
204,powerWatts,211.7734713839043
204,cadenceSpm,93.6275298990576
204,speedMps,8.122737886631697
204,distanceM,1570.093955417037
204,activeEnergyKcal,9.637347195666035
204,heartRateBpm,144.76735844985615
205,powerWatts,213.48633487306105
205,cadenceSpm,93.66833618814002
205,speedMps,8.144578516651542
205,distanceM,1578.2385339336886
205,activeEnergyKcal,9.696426638517108
205,heartRateBpm,143.45047048237103
206,powerWatts,219.7883671978539
206,cadenceSpm,91.23409859382615
206,speedMps,8.223944198325368
206,distanceM,1586.462478132014
206,activeEnergyKcal,9.755505970363295
206,heartRateBpm,143.06226664119032
207,powerWatts,212.83420272080505
207,cadenceSpm,92.66836847962347
207,speedMps,8.1362770347101
207,distanceM,1594.598755166724
207,activeEnergyKcal,9.814585191204594
207,heartRateBpm,145.40924238521248
208,powerWatts,203.99914598354155
208,cadenceSpm,92.12068905009141
208,speedMps,8.022099365798644
208,distanceM,1602.6208545325226
208,activeEnergyKcal,9.873664301041009
208,heartRateBpm,148.07632881813402
209,powerWatts,204.70424787411926
209,cadenceSpm,90.69163435957023
209,speedMps,8.031331255749487
209,distanceM,1610.6521857882722
209,activeEnergyKcal,9.932743299872536
209,heartRateBpm,149.7541222848897
210,powerWatts,206.78474910549096
210,cadenceSpm,92.65890904882852
210,speedMps,8.058448270555386
210,distanceM,1618.7106340588275
210,activeEnergyKcal,9.991822187699178
210,heartRateBpm,151.21650891704368
211,powerWatts,221.1025138629599
211,cadenceSpm,91.84539871173399
211,speedMps,8.240302359034567
211,distanceM,1626.950936417862
211,activeEnergyKcal,10.050900964520933
211,heartRateBpm,149.66460145215913
212,powerWatts,223.33392835729956
212,cadenceSpm,92.40083353637259
212,speedMps,8.267930595554471
212,distanceM,1635.2188670134165
212,activeEnergyKcal,10.1099796303378
212,heartRateBpm,148.7641639508729
213,powerWatts,230.38313178426014
213,cadenceSpm,91.87202141500921
213,speedMps,8.354019407735674
213,distanceM,1643.5728864211521
213,activeEnergyKcal,10.169058185149783
213,heartRateBpm,149.19455301479863
214,powerWatts,200.84062759289142
214,cadenceSpm,90.82151478538471
214,speedMps,7.98048178292821
214,distanceM,1651.5533682040802
214,activeEnergyKcal,10.228136628956879
214,heartRateBpm,152.0440380984935
215,powerWatts,223.93460234026526
215,cadenceSpm,91.14253701002613
215,speedMps,8.275336374328258
215,distanceM,1659.8287045784084
215,activeEnergyKcal,10.287214961759089
215,heartRateBpm,154.18678247198903
216,powerWatts,210.18354153641647
216,cadenceSpm,92.38898563469166
216,speedMps,8.102359132587644
216,distanceM,1667.931063710996
216,activeEnergyKcal,10.346293183556412
216,heartRateBpm,155.16726417542344
217,powerWatts,204.8711847965888
217,cadenceSpm,91.33495823868266
217,speedMps,8.033513854053863
217,distanceM,1675.96457756505
217,activeEnergyKcal,10.405371294348848
217,heartRateBpm,155.38569370685096
218,powerWatts,206.72429630888584
218,cadenceSpm,90.50026557237966
218,speedMps,8.057662907648902
218,distanceM,1684.0222404726987
218,activeEnergyKcal,10.464449294136399
218,heartRateBpm,156.84937404974315
219,powerWatts,201.32503981220157
219,cadenceSpm,93.46363750644919
219,speedMps,7.986892735162399
219,distanceM,1692.0091332078612
219,activeEnergyKcal,10.523527182919063
219,heartRateBpm,157.60890533136617
220,powerWatts,212.9942444215015
220,cadenceSpm,90.07680800519793
220,speedMps,8.1383158946133
220,distanceM,1700.1474491024744
220,activeEnergyKcal,10.582604960696841
220,heartRateBpm,155.11603042656415
221,powerWatts,213.14102416053345
221,cadenceSpm,91.66828168206096
221,speedMps,8.14018490535504
221,distanceM,1708.2876340078294
221,activeEnergyKcal,10.641682627469732
221,heartRateBpm,157.70793419838003
222,powerWatts,208.11874413314547
222,cadenceSpm,90.90426847910803
222,speedMps,8.075739835930747
222,distanceM,1716.3633738437602
222,activeEnergyKcal,10.700760183237737
222,heartRateBpm,155.88880254134062
223,powerWatts,216.01731396226245
223,cadenceSpm,93.8239163526351
223,speedMps,8.176638068049014
223,distanceM,1724.5400119118092
223,activeEnergyKcal,10.759837628000856
223,heartRateBpm,154.8483415274977
224,powerWatts,190.51835999434405
224,cadenceSpm,90.60505140494364
224,speedMps,7.841350475486065
224,distanceM,1732.3813623872952
224,activeEnergyKcal,10.818914961759088
224,heartRateBpm,155.1577265799917
225,powerWatts,215.46961767748058
225,cadenceSpm,92.08703893599967
225,speedMps,8.169721794589373
225,distanceM,1740.5510841818846
225,activeEnergyKcal,10.877992184512435
225,heartRateBpm,156.04563853236462
226,powerWatts,219.1323440204469
226,cadenceSpm,92.39815710002433
226,speedMps,8.215753782025022
226,distanceM,1748.7668379639097
226,activeEnergyKcal,10.937069296260894
226,heartRateBpm,155.93992010033102
227,powerWatts,212.41078816209742
227,cadenceSpm,91.10803422832458
227,speedMps,8.130877988327846
227,distanceM,1756.8977159522376
227,activeEnergyKcal,10.996146297004467
227,heartRateBpm,155.1863867593468
228,powerWatts,205.03556217972368
228,cadenceSpm,92.7603035492447
228,speedMps,8.035661829736446
228,distanceM,1764.933377781974
228,activeEnergyKcal,11.055223186743154
228,heartRateBpm,155.3623419001388
229,powerWatts,205.02463185812877
229,cadenceSpm,92.72690652120181
229,speedMps,8.035519035111124
229,distanceM,1772.9688968170851
229,activeEnergyKcal,11.114299965476954
229,heartRateBpm,156.40687723622904
230,powerWatts,214.70941455900515
230,cadenceSpm,92.07469827138169
230,speedMps,8.16010254775977
230,distanceM,1781.128999364845
230,activeEnergyKcal,11.17337663320587
230,heartRateBpm,154.6271596432861
231,powerWatts,220.06059310780861
231,cadenceSpm,91.05293595450918
231,speedMps,8.227338140501777
231,distanceM,1789.3563375053468
231,activeEnergyKcal,11.232453189929897
231,heartRateBpm,154.7383279791131
232,powerWatts,212.2174013340863
232,cadenceSpm,92.46233281094115
232,speedMps,8.128409685987059
232,distanceM,1797.4847471913338
232,activeEnergyKcal,11.291529635649038
232,heartRateBpm,155.50166583711527
233,powerWatts,219.83700548763906
233,cadenceSpm,90.45449037939981
233,speedMps,8.2245507956077
233,distanceM,1805.7092979869415
233,activeEnergyKcal,11.350605970363294
233,heartRateBpm,154.57392090951555
234,powerWatts,210.90057253914446
234,cadenceSpm,92.87195827193331
234,speedMps,8.111562277459392
234,distanceM,1813.8208602644008
234,activeEnergyKcal,11.409682194072662
234,heartRateBpm,153.7722883696027
235,powerWatts,212.22847178681226
235,cadenceSpm,93.20983967898681
235,speedMps,8.128551024711618
235,distanceM,1821.9494112891125
235,activeEnergyKcal,11.468758306777145
235,heartRateBpm,154.62014477291913
236,powerWatts,195.91979747413234
236,cadenceSpm,93.09783151901159
236,speedMps,7.914765068464707
236,distanceM,1829.8641763575772
236,activeEnergyKcal,11.527834308476741
236,heartRateBpm,153.29156394552518
237,powerWatts,212.122451561545
237,cadenceSpm,91.22934487086174
237,speedMps,8.12719724098368
237,distanceM,1837.9913735985608
237,activeEnergyKcal,11.586910199171452
237,heartRateBpm,153.30751896141746
238,powerWatts,211.40508155727198
238,cadenceSpm,90.96543380281527
238,speedMps,8.118025192508513
238,distanceM,1846.1093987910692
238,activeEnergyKcal,11.645985978861276
238,heartRateBpm,152.70480824022744
239,powerWatts,208.59733952490697
239,cadenceSpm,88.98949394137622
239,speedMps,8.08192549205899
239,distanceM,1854.1913242831283
239,activeEnergyKcal,11.705061647546213
239,heartRateBpm,153.16903577624345
240,powerWatts,205.82889229149558
240,cadenceSpm,90.68088700543443
240,speedMps,8.046012437581902
240,distanceM,1862.2373367207101
240,activeEnergyKcal,11.764137205226264
240,heartRateBpm,152.81895403966885
241,powerWatts,195.76136619489503
241,cadenceSpm,92.5911319963236
241,speedMps,7.912631058314348
241,distanceM,1870.1499677790246
241,activeEnergyKcal,11.823212651901429
241,heartRateBpm,152.8254688528748
242,powerWatts,215.82169332886912
242,cadenceSpm,90.94229803686954
242,speedMps,8.17416912676888
242,distanceM,1878.3241369057935
242,activeEnergyKcal,11.882287987571708
242,heartRateBpm,152.5884674742162
243,powerWatts,213.6377222710092
243,cadenceSpm,91.59228710043865
243,speedMps,8.146503222541869
243,distanceM,1886.4706401283354
243,activeEnergyKcal,11.9413632122371
243,heartRateBpm,153.23302241786104
244,powerWatts,222.57035433729766
244,cadenceSpm,92.33010545249917
244,speedMps,8.258497209385277
244,distanceM,1894.7291373377207
244,activeEnergyKcal,12.000438325897605
244,heartRateBpm,154.53685722933517
245,powerWatts,228.3251009287293
245,cadenceSpm,91.66751294507159
245,speedMps,8.32906925890893
245,distanceM,1903.0582065966296
245,activeEnergyKcal,12.059513328553225
245,heartRateBpm,154.87925573594092
246,powerWatts,212.81615791495372
246,cadenceSpm,92.11123702758354
246,speedMps,8.136047087820309
246,distanceM,1911.19425368445
246,activeEnergyKcal,12.118588220203957
246,heartRateBpm,155.5931478266242
247,powerWatts,205.7249729010164
247,cadenceSpm,91.5755246836701
247,speedMps,8.044658112871728
247,distanceM,1919.2389117973216
247,activeEnergyKcal,12.177663000849805
247,heartRateBpm,156.47565722602477
248,powerWatts,206.31430404780178
248,cadenceSpm,90.63951646688606
248,speedMps,8.052332513692651
248,distanceM,1927.2912443110142
248,activeEnergyKcal,12.236737670490765
248,heartRateBpm,157.34409625933304
249,powerWatts,213.33750795379177
249,cadenceSpm,90.67647533959047
249,speedMps,8.142685476972874
249,distanceM,1935.4339297879872
249,activeEnergyKcal,12.295812229126838
249,heartRateBpm,156.32233898022855
250,powerWatts,205.77818577999304
250,cadenceSpm,91.30385081066417
250,speedMps,8.045351664248903
250,distanceM,1943.4792814522361
250,activeEnergyKcal,12.354886676758026
250,heartRateBpm,156.64357666713983
251,powerWatts,224.25385747728683
251,cadenceSpm,91.90474412310452
251,speedMps,8.279267118851283
251,distanceM,1951.7585485710874
251,activeEnergyKcal,12.413961013384327
251,heartRateBpm,157.59633897548096
252,powerWatts,203.95363812738827
252,cadenceSpm,91.43863906845348
252,speedMps,8.021502801710227
252,distanceM,1959.7800513727977
252,activeEnergyKcal,12.473035239005743
252,heartRateBpm,155.49745226692818
253,powerWatts,223.65769230105434
253,cadenceSpm,89.64686392426132
253,speedMps,8.271923965994326
253,distanceM,1968.051975338792
253,activeEnergyKcal,12.532109353622271
253,heartRateBpm,154.80402786784572
254,powerWatts,196.87649142371126
254,cadenceSpm,90.21711218456275
254,speedMps,7.927626991807004
254,distanceM,1975.9796023305992
254,activeEnergyKcal,12.591183357233913
254,heartRateBpm,157.39574696022996
255,powerWatts,205.05369948040877
255,cadenceSpm,91.51574091158732
255,speedMps,8.035898765735848
255,distanceM,1984.015501096335
255,activeEnergyKcal,12.650257249840669
255,heartRateBpm,159.0699157593188
256,powerWatts,209.35754396739998
256,cadenceSpm,93.45877229800563
256,speedMps,8.091731413199117
256,distanceM,1992.107232509534
256,activeEnergyKcal,12.709331031442538
256,heartRateBpm,157.3776272856183
257,powerWatts,209.7879273643858
257,cadenceSpm,90.63210932767274
257,speedMps,8.097272433459402
257,distanceM,2000.2045049429935
257,activeEnergyKcal,12.768404702039522
257,heartRateBpm,156.9248124781939
258,powerWatts,214.8957084694365
258,cadenceSpm,91.72977692474882
258,speedMps,8.16246191947835
258,distanceM,2008.3669668624718
258,activeEnergyKcal,12.827478261631619
258,heartRateBpm,158.65166358630123
259,powerWatts,213.86051286042706
259,cadenceSpm,90.96796921973389
259,speedMps,8.149334079834725
259,distanceM,2016.5163009423065
259,activeEnergyKcal,12.886551710218829
259,heartRateBpm,160.54151122518064
260,powerWatts,202.95608201597548
260,cadenceSpm,92.70556966977732
260,speedMps,8.008403450976429
260,distanceM,2024.524704393283
260,activeEnergyKcal,12.945625047801153
260,heartRateBpm,161.79778684029196
261,powerWatts,207.8484010866306
261,cadenceSpm,91.92334375220088
261,speedMps,8.072241566829444
261,distanceM,2032.5969459601124
261,activeEnergyKcal,13.00469827437859
261,heartRateBpm,162.21005436978265
262,powerWatts,202.69504562282276
262,cadenceSpm,92.11670505898569
262,speedMps,8.004968583667882
262,distanceM,2040.6019145437804
262,activeEnergyKcal,13.063771389951143
262,heartRateBpm,164.83661385817348
263,powerWatts,212.31000376643138
263,cadenceSpm,90.32551641613732
263,speedMps,8.12959180873235
263,distanceM,2048.7315063525125
263,activeEnergyKcal,13.122844394518808
263,heartRateBpm,164.1945431308479
264,powerWatts,217.3345271768758
264,cadenceSpm,90.54841714997963
264,speedMps,8.193224019420269
264,distanceM,2056.9247303719326
264,activeEnergyKcal,13.181917288081586
264,heartRateBpm,164.98921901819213
265,powerWatts,223.4901729802322
265,cadenceSpm,91.88110864389283
265,speedMps,8.269858230064395
265,distanceM,2065.194588601997
265,activeEnergyKcal,13.240990070639478
265,heartRateBpm,163.5530669457155
266,powerWatts,195.94463258886384
266,cadenceSpm,92.10450098296491
266,speedMps,7.915099483866777
266,distanceM,2073.109688085864
266,activeEnergyKcal,13.300062742192484
266,heartRateBpm,163.2264128589819
267,powerWatts,195.82576659562338
267,cadenceSpm,91.76984482750801
267,speedMps,7.9134986464939985
267,distanceM,2081.023186732358
267,activeEnergyKcal,13.359135302740604
267,heartRateBpm,163.44792557518485
268,powerWatts,194.95441094653245
268,cadenceSpm,93.5969597788578
268,speedMps,7.901743767483186
268,distanceM,2088.9249304998416
268,activeEnergyKcal,13.418207752283838
268,heartRateBpm,163.3722374802853
269,powerWatts,201.38601732662272
269,cadenceSpm,90.19270929670799
269,speedMps,7.987699012920807
269,distanceM,2096.9126295127626
269,activeEnergyKcal,13.477280090822184
269,heartRateBpm,164.208085881323
270,powerWatts,211.9197356823426
270,cadenceSpm,91.87069674932265
270,speedMps,8.124607483639112
270,distanceM,2105.0372369964016
270,activeEnergyKcal,13.536352318355645
270,heartRateBpm,164.4677096516523
271,powerWatts,207.43507017509359
271,cadenceSpm,93.11880084812907
271,speedMps,8.066887149743721
271,distanceM,2113.1041241461453
271,activeEnergyKcal,13.595424434884219
271,heartRateBpm,163.7123364966726
272,powerWatts,215.01404107542416
272,cadenceSpm,94.26225562591223
272,speedMps,8.16395986804545
272,distanceM,2121.2680840141907
272,activeEnergyKcal,13.654496440407907
272,heartRateBpm,163.42331731526036
273,powerWatts,205.88466461453896
273,cadenceSpm,91.98650426551194
273,speedMps,8.046739099867066
273,distanceM,2129.3148231140576
273,activeEnergyKcal,13.713568334926709
273,heartRateBpm,165.04691189438844
274,powerWatts,203.56940657385857
274,cadenceSpm,89.41798016833914
274,speedMps,8.016462355555444
274,distanceM,2137.3312854696132
274,activeEnergyKcal,13.772640118440625
274,heartRateBpm,161.70185247191662
275,powerWatts,203.63192841033197
275,cadenceSpm,92.70155801527751
275,speedMps,8.017282964530116
275,distanceM,2145.3485684341435
275,activeEnergyKcal,13.831711790949655
275,heartRateBpm,161.55508206311364
276,powerWatts,214.32601377133767
276,cadenceSpm,91.52937716633656
276,speedMps,8.155242562442801
276,distanceM,2153.5038109965863
276,activeEnergyKcal,13.890783352453797
276,heartRateBpm,162.3480382147718
277,powerWatts,217.68438713675684
277,cadenceSpm,91.29917812881878
277,speedMps,8.197618081586443
277,distanceM,2161.7014290781726
277,activeEnergyKcal,13.949854802953054
277,heartRateBpm,162.4994392089025
278,powerWatts,212.54424031953226
278,cadenceSpm,91.09087832409979
278,speedMps,8.132580438024327
278,distanceM,2169.834009516197
278,activeEnergyKcal,14.008926142447423
278,heartRateBpm,161.61527596596932
279,powerWatts,212.61172835433604
279,cadenceSpm,92.23915865486866
279,speedMps,8.133441111845666
279,distanceM,2177.9674506280426
279,activeEnergyKcal,14.067997370936908
279,heartRateBpm,160.4322175428644
280,powerWatts,221.96828807884137
280,cadenceSpm,93.34262579785957
280,speedMps,8.251043906790565
280,distanceM,2186.218494534833
280,activeEnergyKcal,14.127068488421505
280,heartRateBpm,160.63011063083698
281,powerWatts,216.3968517350936
281,cadenceSpm,91.11663903980929
281,speedMps,8.181423991940019
281,distanceM,2194.399918526773
281,activeEnergyKcal,14.186139494901216
281,heartRateBpm,159.09828350847027
282,powerWatts,214.99617354993111
282,cadenceSpm,90.99534393294478
282,speedMps,8.163733721881409
282,distanceM,2202.5636522486543
282,activeEnergyKcal,14.245210390376041
282,heartRateBpm,158.3940397568189
283,powerWatts,206.62204393438805
283,cadenceSpm,92.97363811158138
283,speedMps,8.056334163580761
283,distanceM,2210.619986412235
283,activeEnergyKcal,14.304281174845979
283,heartRateBpm,157.25840150886333
284,powerWatts,212.3077340725016
284,cadenceSpm,91.58262316632855
284,speedMps,8.129562838907399
284,distanceM,2218.7495492511425
284,activeEnergyKcal,14.363351848311032
284,heartRateBpm,156.6630978542483
285,powerWatts,214.78169562865853
285,cadenceSpm,92.24344857779816
285,speedMps,8.161018133703783
285,distanceM,2226.910567384846
285,activeEnergyKcal,14.422422410771198
285,heartRateBpm,155.6806202476191
286,powerWatts,195.3959424695402
286,cadenceSpm,91.26579628453976
286,speedMps,7.907704542955367
286,distanceM,2234.8182719278016
286,activeEnergyKcal,14.481492862226476
286,heartRateBpm,156.35715928682322
287,powerWatts,221.92490857315178
287,cadenceSpm,91.7804506996513
287,speedMps,8.25050636825542
287,distanceM,2243.068778296057
287,activeEnergyKcal,14.54056320267687
287,heartRateBpm,155.9269247335545
288,powerWatts,197.54936320387355
288,cadenceSpm,93.51421789668828
288,speedMps,7.9366482330120345
288,distanceM,2251.005426529069
288,activeEnergyKcal,14.599633432122376
288,heartRateBpm,157.92730319801257
289,powerWatts,224.79408058592344
289,cadenceSpm,92.85921922286188
289,speedMps,8.285909984455666
289,distanceM,2259.291336513525
289,activeEnergyKcal,14.658703550562997
289,heartRateBpm,158.83118064504183
290,powerWatts,216.25508215507722
290,cadenceSpm,94.275944343431
290,speedMps,8.179636950494356
290,distanceM,2267.4709734640196
290,activeEnergyKcal,14.717773557998731
290,heartRateBpm,159.8008451482409
291,powerWatts,218.1082183853352
291,cadenceSpm,91.74981203281843
291,speedMps,8.202934883432496
291,distanceM,2275.673908347452
291,activeEnergyKcal,14.776843454429578
291,heartRateBpm,158.66812809263033
292,powerWatts,210.1022851346968
292,cadenceSpm,90.10729071494616
292,speedMps,8.101314881131435
292,distanceM,2283.775223228584
292,activeEnergyKcal,14.83591323985554
292,heartRateBpm,155.72077224777806
293,powerWatts,196.93402433151212
293,cadenceSpm,94.36650696504937
293,speedMps,7.928399142590989
293,distanceM,2291.703622371175
293,activeEnergyKcal,14.894982914276614
293,heartRateBpm,156.2743467400047
294,powerWatts,216.25938688383522
294,cadenceSpm,92.26155058354598
294,speedMps,8.179691224185756
294,distanceM,2299.8833135953605
294,activeEnergyKcal,14.954052477692803
294,heartRateBpm,155.11652500253822
295,powerWatts,198.8462185718497
295,cadenceSpm,90.08386350211251
295,speedMps,7.953977646503677
295,distanceM,2307.837291241864
295,activeEnergyKcal,15.013121930104106
295,heartRateBpm,154.5736357931682
296,powerWatts,216.02536593567623
296,cadenceSpm,92.87224611253444
296,speedMps,8.176739660606755
296,distanceM,2316.014030902471
296,activeEnergyKcal,15.07219127151052
296,heartRateBpm,153.8488083058042
297,powerWatts,204.92967764842467
297,cadenceSpm,92.03302830778867
297,speedMps,8.034278331860415
297,distanceM,2324.0483092343316
297,activeEnergyKcal,15.13126050191205
297,heartRateBpm,154.01253257294428
298,powerWatts,205.70336086404097
298,cadenceSpm,90.71246675828407
298,speedMps,8.044376397701681
298,distanceM,2332.0926856320334
298,activeEnergyKcal,15.190329621308694
298,heartRateBpm,154.43064099618923
299,powerWatts,210.71858402296334
299,cadenceSpm,92.20651718777349
299,speedMps,8.109228419405092
299,distanceM,2340.2019140514385
299,activeEnergyKcal,15.249398629700451
299,heartRateBpm,154.4645600789523
300,powerWatts,220.9559912638088
300,cadenceSpm,93.27019805274557
300,speedMps,8.238481699309158
300,distanceM,2348.4403957507475
300,activeEnergyKcal,15.308467527087322
300,heartRateBpm,153.20928653909283
301,powerWatts,190.30201840677321
301,cadenceSpm,92.38172451159002
301,speedMps,7.838381290554693
301,distanceM,2356.278777041302
301,activeEnergyKcal,15.367536313469305
301,heartRateBpm,153.54808647011583
302,powerWatts,199.18895342288317
302,cadenceSpm,91.26503978832916
302,speedMps,7.958544895518203
302,distanceM,2364.23732193682
302,activeEnergyKcal,15.426604988846403
302,heartRateBpm,153.5297032030524
303,powerWatts,205.25249453124528
303,cadenceSpm,90.40373858820412
303,speedMps,8.038494802675656
303,distanceM,2372.275816739496
303,activeEnergyKcal,15.485673553218614
303,heartRateBpm,153.99518521540736
304,powerWatts,204.41931101070642
304,cadenceSpm,90.82459103668782
304,speedMps,8.027603137471594
304,distanceM,2380.3034198769674
304,activeEnergyKcal,15.54474200658594
304,heartRateBpm,155.05472986277204
305,powerWatts,220.11255312043983
305,cadenceSpm,93.0645289540638
305,speedMps,8.227985627247753
305,distanceM,2388.531405504215
305,activeEnergyKcal,15.603810348948379
305,heartRateBpm,155.38162082487526
306,powerWatts,203.3960310242586
306,cadenceSpm,92.90615277273103
306,speedMps,8.014185894752691
306,distanceM,2396.5455913989676
306,activeEnergyKcal,15.662878580305932
306,heartRateBpm,154.6779480896472
307,powerWatts,210.23025724391738
307,cadenceSpm,92.41622115838541
307,speedMps,8.102959368929428
307,distanceM,2404.648550767897
307,activeEnergyKcal,15.721946700658599
307,heartRateBpm,154.48510148550122
308,powerWatts,216.29847539182467
308,cadenceSpm,89.9904531451881
308,speedMps,8.180184016149834
308,distanceM,2412.828734784047
308,activeEnergyKcal,15.781014710006378
308,heartRateBpm,155.0954676210539
309,powerWatts,202.01584121347344
309,cadenceSpm,90.70053453591788
309,speedMps,7.996017379534117
309,distanceM,2420.824752163581
309,activeEnergyKcal,15.840082608349272
309,heartRateBpm,154.6322963258876
310,powerWatts,206.28293173427372
310,cadenceSpm,91.63775103412254
310,speedMps,8.051924345021643
310,distanceM,2428.8766765086025
310,activeEnergyKcal,15.899150395687279
310,heartRateBpm,155.8988488825524
311,powerWatts,215.13151678285894
311,cadenceSpm,91.47032878978341
311,speedMps,8.165446425765046
311,distanceM,2437.0421229343674
311,activeEnergyKcal,15.9582180720204
311,heartRateBpm,156.77853969552692
312,powerWatts,214.92891744395212
312,cadenceSpm,89.22435043255287
312,speedMps,8.162882360677258
312,distanceM,2445.2050052950444
312,activeEnergyKcal,16.017285637348635
312,heartRateBpm,155.02480023967473
313,powerWatts,205.18032947124823
313,cadenceSpm,94.30012930291797
313,speedMps,8.037552603068857
313,distanceM,2453.2425578981133
313,activeEnergyKcal,16.076353091671983
313,heartRateBpm,155.87494299496825
314,powerWatts,205.12915243595032
314,cadenceSpm,91.4143564476527
314,speedMps,8.03688429287498
314,distanceM,2461.2794421909884
314,activeEnergyKcal,16.135420434990444
314,heartRateBpm,157.09446200892748
315,powerWatts,206.06756052293105
315,cadenceSpm,91.59045440869858
315,speedMps,8.04912114562646
315,distanceM,2469.328563336615
315,activeEnergyKcal,16.19448766730402
315,heartRateBpm,157.84087742602225
316,powerWatts,225.84332922755584
316,cadenceSpm,92.83210374294364
316,speedMps,8.298781747018628
316,distanceM,2477.6273450836334
316,activeEnergyKcal,16.25355478861271
316,heartRateBpm,157.5128240926234
317,powerWatts,207.91899858499417
317,cadenceSpm,91.2142493034536
317,speedMps,8.07315539881539
317,distanceM,2485.7005004824487
317,activeEnergyKcal,16.312621798916513
317,heartRateBpm,155.2820124962981
318,powerWatts,210.64727601773794
318,cadenceSpm,91.54567605151269
318,speedMps,8.108313584507883
318,distanceM,2493.8088140669565
318,activeEnergyKcal,16.37168869821543
318,heartRateBpm,156.12662294240036
319,powerWatts,214.4546361293331
319,cadenceSpm,92.17922570316018
319,speedMps,8.156873624000129
319,distanceM,2501.9656876909567
319,activeEnergyKcal,16.430755486509458
319,heartRateBpm,155.42385444799555
320,powerWatts,200.76190044965637
320,cadenceSpm,92.1963154628318
320,speedMps,7.979438895257091
320,distanceM,2509.945126586214
320,activeEnergyKcal,16.489822163798603
320,heartRateBpm,156.5028948514979
321,powerWatts,206.91285160605824
321,cadenceSpm,93.58080103779648
321,speedMps,8.060111988151519
321,distanceM,2518.0052385743656
321,activeEnergyKcal,16.54888873008286
321,heartRateBpm,157.88250657926415
322,powerWatts,227.25345920133785
322,cadenceSpm,91.33449356295186
322,speedMps,8.316018016024321
322,distanceM,2526.32125659039
322,activeEnergyKcal,16.607955185362233
322,heartRateBpm,157.31629257178187
323,powerWatts,199.51437901436094
323,cadenceSpm,89.4886164611595
323,speedMps,7.962876636790912
323,distanceM,2534.284133227181
323,activeEnergyKcal,16.667021529636717
323,heartRateBpm,155.98561958437557
324,powerWatts,213.6509611709298
324,cadenceSpm,91.83377037942486
324,speedMps,8.146671495747551
324,distanceM,2542.4308047229283
324,activeEnergyKcal,16.726087762906314
324,heartRateBpm,157.775471374329
325,powerWatts,220.95918627951957
325,cadenceSpm,92.78384655235585
325,speedMps,8.238521408501082
325,distanceM,2550.6693261314294
325,activeEnergyKcal,16.785153885171027
325,heartRateBpm,156.22598937137744
326,powerWatts,197.61464120883903
326,cadenceSpm,92.3702759281436
326,speedMps,7.937522329321076
326,distanceM,2558.6068484607504
326,activeEnergyKcal,16.844219896430854
326,heartRateBpm,154.16943580878277
327,powerWatts,213.76696827252974
327,cadenceSpm,91.4728623527814
327,speedMps,8.1481457082423
327,distanceM,2566.7549941689927
327,activeEnergyKcal,16.903285796685793
327,heartRateBpm,155.25785351219267
328,powerWatts,215.83368992960703
328,cadenceSpm,92.45021906377148
328,speedMps,8.174320579610914
328,distanceM,2574.9293147486037
328,activeEnergyKcal,16.962351585935846
328,heartRateBpm,154.69813885812854
329,powerWatts,216.62674360748355
329,cadenceSpm,91.83696327857206
329,speedMps,8.184320178910859
329,distanceM,2583.1136349275143
329,activeEnergyKcal,17.02141726418101
329,heartRateBpm,153.86508592695102
330,powerWatts,198.80358091428263
330,cadenceSpm,92.35537064308632
330,speedMps,7.9534090945501426
330,distanceM,2591.0670440220647
330,activeEnergyKcal,17.080482831421293
330,heartRateBpm,155.20374280333954
331,powerWatts,207.2763909355702
331,cadenceSpm,92.5797387653784
331,speedMps,8.064829680145495
331,distanceM,2599.13187370221
331,activeEnergyKcal,17.139548287656687
331,heartRateBpm,155.6256634730078
332,powerWatts,205.3828377123179
332,cadenceSpm,92.42673319883032
332,speedMps,8.040196026452696
332,distanceM,2607.172069728663
332,activeEnergyKcal,17.198613632887195
332,heartRateBpm,156.392388864559
333,powerWatts,204.80254871290978
333,cadenceSpm,90.79710155708547
333,speedMps,8.032616622757528
333,distanceM,2615.20468635142
333,activeEnergyKcal,17.257678867112816
333,heartRateBpm,154.8637216367813
334,powerWatts,215.93354800123848
334,cadenceSpm,91.7431965236324
334,speedMps,8.175581034727326
334,distanceM,2623.3802673861474
334,activeEnergyKcal,17.31674399033355
334,heartRateBpm,153.84231096316913
335,powerWatts,206.075779694414
335,cadenceSpm,92.2982503057174
335,speedMps,8.049228159441505
335,distanceM,2631.429495545589
335,activeEnergyKcal,17.3758090025494
335,heartRateBpm,153.5436356024693
336,powerWatts,224.7076924380499
336,cadenceSpm,90.96276600513924
336,speedMps,8.284848426059593
336,distanceM,2639.7143439716483
336,activeEnergyKcal,17.434873903760362
336,heartRateBpm,151.83974806776158
337,powerWatts,203.96743260710332
337,cadenceSpm,90.30657294610018
337,speedMps,8.021683643402353
337,distanceM,2647.7360276150507
337,activeEnergyKcal,17.493938693966438
337,heartRateBpm,154.08584559974554
338,powerWatts,212.81838266697017
338,cadenceSpm,91.51487150552927
338,speedMps,8.136075438775533
338,distanceM,2655.8721030538263
338,activeEnergyKcal,17.553003373167627
338,heartRateBpm,153.6911786281969
339,powerWatts,205.38582437462443
339,cadenceSpm,90.33175143060424
339,speedMps,8.040234999579301
339,distanceM,2663.9123380534056
339,activeEnergyKcal,17.61206794136393
339,heartRateBpm,154.52952088390938
340,powerWatts,204.33161032931656
340,cadenceSpm,91.76812813080956
340,speedMps,8.026454963216645
340,distanceM,2671.938793016622
340,activeEnergyKcal,17.671132398555347
340,heartRateBpm,156.61099491545414
341,powerWatts,204.40229246344532
341,cadenceSpm,89.94931210624262
341,speedMps,8.027380356929346
341,distanceM,2679.9661733735516
341,activeEnergyKcal,17.73019674474188
341,heartRateBpm,156.1219045972258
342,powerWatts,205.12703190790177
342,cadenceSpm,90.41524014122736
342,speedMps,8.036856598944775
342,distanceM,2688.0030299724963
342,activeEnergyKcal,17.789260979923522
342,heartRateBpm,156.79774841562207
343,powerWatts,214.49783998064163
343,cadenceSpm,91.58598416712104
343,speedMps,8.157421346195841
343,distanceM,2696.160451318692
343,activeEnergyKcal,17.84832510410028
343,heartRateBpm,156.61953355726047
344,powerWatts,204.61548783055616
344,cadenceSpm,91.52899663713687
344,speedMps,8.030170289173057
344,distanceM,2704.190621607865
344,activeEnergyKcal,17.90738911727215
344,heartRateBpm,158.17410424468966
345,powerWatts,211.71560585623803
345,cadenceSpm,92.7219523639646
345,speedMps,8.121997993311176
345,distanceM,2712.3126196011763
345,activeEnergyKcal,17.966453019439136
345,heartRateBpm,159.2613287219026
346,powerWatts,217.71215001103903
346,cadenceSpm,90.55707144348476
346,speedMps,8.197966567405006
346,distanceM,2720.510586168581
346,activeEnergyKcal,18.025516810601236
346,heartRateBpm,159.42399737829058
347,powerWatts,212.33958452132734
347,cadenceSpm,91.26060230790002
347,speedMps,8.129969351461973
347,distanceM,2728.640555520043
347,activeEnergyKcal,18.084580490758448
347,heartRateBpm,162.3640241013258
348,powerWatts,202.87998163498708
348,cadenceSpm,91.39733762086608
348,speedMps,8.007402382607832
348,distanceM,2736.647957902651
348,activeEnergyKcal,18.143644059910773
348,heartRateBpm,161.73387198469504
349,powerWatts,208.15800959086894
349,cadenceSpm,91.67859222226114
349,speedMps,8.0762476833176
349,distanceM,2744.7242055859683
349,activeEnergyKcal,18.20270751805821
349,heartRateBpm,162.61552667878195
350,powerWatts,204.5921691471023
350,cadenceSpm,92.8605319313012
350,speedMps,8.029865228992746
350,distanceM,2752.754070814961
350,activeEnergyKcal,18.261770865200766
350,heartRateBpm,163.77200981540153
351,powerWatts,200.16802737084407
351,cadenceSpm,91.38923122490067
351,speedMps,7.971563140925045
351,distanceM,2760.7256339558858
351,activeEnergyKcal,18.320834101338434
351,heartRateBpm,162.2329284695528
352,powerWatts,213.2132840373184
352,cadenceSpm,90.81828813300271
352,speedMps,8.141104706850863
352,distanceM,2768.8667386627367
352,activeEnergyKcal,18.379897226471215
352,heartRateBpm,162.8826393038837
353,powerWatts,210.13182696701753
353,cadenceSpm,92.28869904198467
353,speedMps,8.101694563610815
353,distanceM,2776.9684332263473
353,activeEnergyKcal,18.43896024059911
353,heartRateBpm,163.52315142282978
354,powerWatts,204.04002306916684
354,cadenceSpm,92.47776898102441
354,speedMps,8.022635149320017
354,distanceM,2784.9910683756675
354,activeEnergyKcal,18.498023143722115
354,heartRateBpm,162.58460982393464
355,powerWatts,207.91437838644717
355,cadenceSpm,87.90320831362506
355,speedMps,8.073095600115925
355,distanceM,2793.0641639757832
355,activeEnergyKcal,18.557085935840238
355,heartRateBpm,160.6610572886608
356,powerWatts,210.32368735308503
356,cadenceSpm,90.43865868731541
356,speedMps,8.104159558134043
356,distanceM,2801.1683235339174
356,activeEnergyKcal,18.616148616953474
356,heartRateBpm,160.7093439418886
357,powerWatts,212.75292318120194
357,cadenceSpm,92.22091102676114
357,speedMps,8.13524117824829
357,distanceM,2809.3035647121656
357,activeEnergyKcal,18.675211187061823
357,heartRateBpm,160.8866197187866
358,powerWatts,212.5114934187168
358,cadenceSpm,92.01390329748504
358,speedMps,8.132162751675077
358,distanceM,2817.4357274638405
358,activeEnergyKcal,18.734273646165285
358,heartRateBpm,161.63783961344708
359,powerWatts,217.63421349425158
359,cadenceSpm,91.8777604206412
359,speedMps,8.196988215615928
359,distanceM,2825.6327156794564
359,activeEnergyKcal,18.793335994263863
359,heartRateBpm,161.6377533196821
360,powerWatts,200.16457949568021
360,cadenceSpm,91.34629626146307
360,speedMps,7.97151737085753
360,distanceM,2833.6042330503137
360,activeEnergyKcal,18.852398231357554
360,heartRateBpm,162.05928226408344
361,powerWatts,212.02516068003771
361,cadenceSpm,90.15438448325226
361,speedMps,8.125954526229258
361,distanceM,2841.730187576543
361,activeEnergyKcal,18.91146035744636
361,heartRateBpm,162.86054144521748
362,powerWatts,202.29796756042413
362,cadenceSpm,91.83769153657877
362,speedMps,7.999737942265994
362,distanceM,2849.729925518809
362,activeEnergyKcal,18.970522372530276
362,heartRateBpm,163.2663560049554
363,powerWatts,208.7798705189754
363,cadenceSpm,91.11576251590866
363,speedMps,8.084282140550016
363,distanceM,2857.814207659359
363,activeEnergyKcal,19.029584276609306
363,heartRateBpm,163.44415210403918
364,powerWatts,225.52027638493132
364,cadenceSpm,90.27457572463317
364,speedMps,8.294822919513193
364,distanceM,2866.109030578872
364,activeEnergyKcal,19.088646069683453
364,heartRateBpm,165.1960293091481
365,powerWatts,215.43784622208798
365,cadenceSpm,90.99035305103973
365,speedMps,8.169320227208066
365,distanceM,2874.27835080608
365,activeEnergyKcal,19.147707751752712
365,heartRateBpm,165.25482297499767
366,powerWatts,215.38085645639774
366,cadenceSpm,92.54709659261671
366,speedMps,8.168599820352922
366,distanceM,2882.446950626433
366,activeEnergyKcal,19.206769322817085
366,heartRateBpm,164.64072585473184
367,powerWatts,218.24767865454243
367,cadenceSpm,93.63974385948002
367,speedMps,8.20468285328263
367,distanceM,2890.6516334797157
367,activeEnergyKcal,19.26583078287657
367,heartRateBpm,164.0379963263063
368,powerWatts,229.05076108795478
368,cadenceSpm,91.41979024796555
368,speedMps,8.337883710924524
368,distanceM,2898.98951719064
368,activeEnergyKcal,19.32489213193117
368,heartRateBpm,161.8205773707855
369,powerWatts,204.59151755663683
369,cadenceSpm,91.94364383473443
369,speedMps,8.0298567044091
369,distanceM,2907.0193738950493
369,activeEnergyKcal,19.383953369980883
369,heartRateBpm,165.44800922952
370,powerWatts,213.39081011299834
370,cadenceSpm,91.52232066562455
370,speedMps,8.143363567728583
370,distanceM,2915.162737462778
370,activeEnergyKcal,19.44301449702571
370,heartRateBpm,165.688245313755
371,powerWatts,202.20610495587133
371,cadenceSpm,92.50181238936436
371,speedMps,7.9985268771643465
371,distanceM,2923.161264339942
371,activeEnergyKcal,19.502075513065652
371,heartRateBpm,164.60430399561713
372,powerWatts,208.15736073445308
372,cadenceSpm,91.85711874000104
372,speedMps,8.076239291726711
372,distanceM,2931.237503631669
372,activeEnergyKcal,19.561136418100705
372,heartRateBpm,166.00120078890805
373,powerWatts,197.06404916700623
373,cadenceSpm,90.6869434249231
373,speedMps,7.930143655761459
373,distanceM,2939.1676472874306
373,activeEnergyKcal,19.620197212130872
373,heartRateBpm,168.2550347779865
374,powerWatts,202.75154438102527
374,cadenceSpm,92.72497774131746
374,speedMps,8.005712276848111
374,distanceM,2947.1733595642786
374,activeEnergyKcal,19.679257895156155
374,heartRateBpm,167.84648171579346
375,powerWatts,205.41088748505695
375,cadenceSpm,92.57627483880916
375,speedMps,8.04056203464776
375,distanceM,2955.2139215989264
375,activeEnergyKcal,19.73831846717655
375,heartRateBpm,167.84460635100552
376,powerWatts,205.79787462600677
376,cadenceSpm,91.9829701359932
376,speedMps,8.045608249007378
376,distanceM,2963.2595298479337
376,activeEnergyKcal,19.79737892819206
376,heartRateBpm,167.5378248756196
377,powerWatts,201.60832944693254
377,cadenceSpm,92.5412487837977
377,speedMps,7.990637166721932
377,distanceM,2971.2501670146557
377,activeEnergyKcal,19.856439278202682
377,heartRateBpm,167.2894041313039
378,powerWatts,208.27939739555651
378,cadenceSpm,90.51727781612492
378,speedMps,8.077817272166726
378,distanceM,2979.3279842868224
378,activeEnergyKcal,19.915499517208417
378,heartRateBpm,166.8833228155654
379,powerWatts,200.01629533529274
379,cadenceSpm,93.35656262199954
379,speedMps,7.969548421480276
379,distanceM,2987.2975327083027
379,activeEnergyKcal,19.97455964520927
379,heartRateBpm,164.2664735946165
380,powerWatts,212.0497900041448
380,cadenceSpm,91.71534183033027
380,speedMps,8.126269157156576
380,distanceM,2995.423801865459
380,activeEnergyKcal,20.033619662205233
380,heartRateBpm,164.4402775683807
381,powerWatts,222.058823425001
381,cadenceSpm,91.52031961820347
381,speedMps,8.252165552864925
381,distanceM,3003.675967418324
381,activeEnergyKcal,20.09267956819631
381,heartRateBpm,163.91409010092505
382,powerWatts,200.64821813334345
382,cadenceSpm,92.40770998618243
382,speedMps,7.977932479998037
382,distanceM,3011.653899898322
382,activeEnergyKcal,20.1517393631825
382,heartRateBpm,164.552770606559
383,powerWatts,204.97654423860763
383,cadenceSpm,91.71317026048769
383,speedMps,8.034890754186012
383,distanceM,3019.688790652508
383,activeEnergyKcal,20.210799047163803
383,heartRateBpm,162.45407880910676
384,powerWatts,215.35152376475037
384,cadenceSpm,91.59027238953587
384,speedMps,8.168228976657963
384,distanceM,3027.857019629166
384,activeEnergyKcal,20.269858620140223
384,heartRateBpm,163.1798777741658
385,powerWatts,201.37854560724546
385,cadenceSpm,92.44347129011419
385,speedMps,7.987600226546266
385,distanceM,3035.8446198557126
385,activeEnergyKcal,20.328918082111755
385,heartRateBpm,163.12416741856424
386,powerWatts,210.43781462990546
386,cadenceSpm,92.49661088249165
386,speedMps,8.105625137895824
386,distanceM,3043.9502449936085
386,activeEnergyKcal,20.3879774330784
386,heartRateBpm,162.76613752687967
387,powerWatts,215.18289309832267
387,cadenceSpm,90.20083800603118
387,speedMps,8.166096380371487
387,distanceM,3052.11634137398
387,activeEnergyKcal,20.44703667304016
387,heartRateBpm,160.87696448626275
388,powerWatts,219.53449158394295
388,cadenceSpm,88.96616768440568
388,speedMps,8.220776509767852
388,distanceM,3060.337117883748
388,activeEnergyKcal,20.50609580199703
388,heartRateBpm,160.26172325981008
389,powerWatts,212.78585010662448
389,cadenceSpm,92.7009217383133
389,speedMps,8.135660842927507
389,distanceM,3068.472778726675
389,activeEnergyKcal,20.56515481994902
389,heartRateBpm,159.63357240794363
390,powerWatts,199.60683597408573
390,cadenceSpm,91.13067154073373
390,speedMps,7.964106472409748
390,distanceM,3076.436885199085
390,activeEnergyKcal,20.62421372689612
390,heartRateBpm,158.3944348063142
391,powerWatts,210.09943913818208
391,cadenceSpm,91.60860943821503
391,speedMps,8.101278301459446
391,distanceM,3084.538163500544
391,activeEnergyKcal,20.683272522838333
391,heartRateBpm,157.41119013300815
392,powerWatts,208.3916430163757
392,cadenceSpm,91.74904817535945
392,speedMps,8.079268106631707
392,distanceM,3092.617431607176
392,activeEnergyKcal,20.74233120777566
392,heartRateBpm,156.42335708296864
393,powerWatts,201.22763125861516
393,cadenceSpm,91.53478144964326
393,speedMps,7.98560440862135
393,distanceM,3100.6030360157974
393,activeEnergyKcal,20.8013897817081
393,heartRateBpm,155.73338142477013
394,powerWatts,207.10714738554472
394,cadenceSpm,90.33833306416115
394,speedMps,8.062634073820181
394,distanceM,3108.665670089618
394,activeEnergyKcal,20.860448244635656
394,heartRateBpm,155.2286965208469
395,powerWatts,216.49448903083675
395,cadenceSpm,93.91969796958175
395,speedMps,8.182654280947531
395,distanceM,3116.8483243705655
395,activeEnergyKcal,20.919506596558325
395,heartRateBpm,155.9913477549026
396,powerWatts,212.2777329211116
396,cadenceSpm,92.71081610185043
396,speedMps,8.129179892056316
396,distanceM,3124.977504262622
396,activeEnergyKcal,20.978564837476107
396,heartRateBpm,154.7671935108858
397,powerWatts,206.4434415754668
397,cadenceSpm,89.97828837077377
397,speedMps,8.054012218572673
397,distanceM,3133.0315164811946
397,activeEnergyKcal,21.037622967389
397,heartRateBpm,155.9070267297124
398,powerWatts,214.39284312857666
398,cadenceSpm,92.02430362571627
398,speedMps,8.156090107687865
398,distanceM,3141.1876065888823
398,activeEnergyKcal,21.09668098629701
398,heartRateBpm,155.57433939192038
399,powerWatts,213.90347553824358
399,cadenceSpm,90.52854656141764
399,speedMps,8.149879752911191
399,distanceM,3149.3374863417935
399,activeEnergyKcal,21.155738894200134
399,heartRateBpm,154.28927637219323
400,powerWatts,221.68117059338152
400,cadenceSpm,90.47569443642655
400,speedMps,8.247484778019695
400,distanceM,3157.584971119813
400,activeEnergyKcal,21.21479669109837
400,heartRateBpm,153.4490907510378
401,powerWatts,205.32339764677477
401,cadenceSpm,91.99604709900578
401,speedMps,8.03942031105269
401,distanceM,3165.6243914308657
401,activeEnergyKcal,21.27385437699172
401,heartRateBpm,152.1597327545725
402,powerWatts,198.31509219438738
402,cadenceSpm,89.55351839107561
402,speedMps,7.946889532069841
402,distanceM,3173.5712809629354
402,activeEnergyKcal,21.332911951880185
402,heartRateBpm,152.90139133878878
403,powerWatts,207.06084289167416
403,cadenceSpm,92.48845839844564
403,speedMps,8.0620331545675
403,distanceM,3181.633314117503
403,activeEnergyKcal,21.39196941576376
403,heartRateBpm,153.72071561110562
404,powerWatts,206.22252773959974
404,cadenceSpm,91.93874765488796
404,speedMps,8.051138343853468
404,distanceM,3189.684452461356
404,activeEnergyKcal,21.451026768642453
404,heartRateBpm,151.8540885319866
405,powerWatts,196.093256776185
405,cadenceSpm,91.5041080271754
405,speedMps,7.917100181565321
405,distanceM,3197.6015526429214
405,activeEnergyKcal,21.51008401051626
405,heartRateBpm,151.37684725224608
406,powerWatts,199.65292019490425
406,cadenceSpm,91.9760997388142
406,speedMps,7.964719329509411
406,distanceM,3205.566271972431
406,activeEnergyKcal,21.569141141385177
406,heartRateBpm,151.61364394477013
407,powerWatts,207.79832272387898
407,cadenceSpm,91.43278501469963
407,speedMps,8.071593214297085
407,distanceM,3213.637865186728
407,activeEnergyKcal,21.62819816124921
407,heartRateBpm,149.24236876400087
408,powerWatts,215.15749580283676
408,cadenceSpm,90.88401327591632
408,speedMps,8.165775095657619
408,distanceM,3221.8036402823855
408,activeEnergyKcal,21.687255070108353
408,heartRateBpm,149.78899480446316
409,powerWatts,201.94228692097866
409,cadenceSpm,90.82955736604963
409,speedMps,7.995046807468888
409,distanceM,3229.7986870898544
409,activeEnergyKcal,21.746311867962614
409,heartRateBpm,148.95430257354755
410,powerWatts,217.08499189912683
410,cadenceSpm,91.5031309952182
410,speedMps,8.190087101985025
410,distanceM,3237.9887741918396
410,activeEnergyKcal,21.805368554811988
410,heartRateBpm,149.7083202578422
411,powerWatts,196.4145156286103
411,cadenceSpm,90.83870259344354
411,speedMps,7.921421341226546
411,distanceM,3245.910195533066
411,activeEnergyKcal,21.864425130656475
411,heartRateBpm,150.7008978571564
412,powerWatts,203.813815381888
412,cadenceSpm,92.43959173034818
412,speedMps,8.019669305041276
412,distanceM,3253.9298648381073
412,activeEnergyKcal,21.923481595496074
412,heartRateBpm,150.46257719390846
413,powerWatts,201.5828282884022
413,cadenceSpm,92.29597757433807
413,speedMps,7.990300244304326
413,distanceM,3261.9201650824116
413,activeEnergyKcal,21.982537949330787
413,heartRateBpm,150.98064491003333
414,powerWatts,210.41136238724891
414,cadenceSpm,90.16552604652593
414,speedMps,8.105285495283006
414,distanceM,3270.0254505776948
414,activeEnergyKcal,22.041594192160616
414,heartRateBpm,152.11337010679372
415,powerWatts,202.77954779857419
415,cadenceSpm,90.25118407806939
415,speedMps,8.006080834637709
415,distanceM,3278.0315314123322
415,activeEnergyKcal,22.10065032398556
415,heartRateBpm,153.24729321983176
416,powerWatts,206.26601748728086
416,cadenceSpm,92.31503482949552
416,speedMps,8.051704265479204
416,distanceM,3286.0832356778114
416,activeEnergyKcal,22.159706344805613
416,heartRateBpm,152.19210187151256
417,powerWatts,224.13320947022743
417,cadenceSpm,93.63435734423031
417,speedMps,8.27778211093256
417,distanceM,3294.361017788744
417,activeEnergyKcal,22.21876225462078
417,heartRateBpm,153.01823987399123
418,powerWatts,203.44805740693
418,cadenceSpm,93.07992900984904
418,speedMps,8.014869148919185
418,distanceM,3302.3758869376634
418,activeEnergyKcal,22.277818053431062
418,heartRateBpm,153.19141873153416
419,powerWatts,219.51887769794212
419,cadenceSpm,91.10969813085077
419,speedMps,8.220581610537335
419,distanceM,3310.596468548201
419,activeEnergyKcal,22.33687374123646
419,heartRateBpm,152.72809820660743
420,powerWatts,225.47519254195174
420,cadenceSpm,96.47421877758858
420,speedMps,8.294270142289978
420,distanceM,3318.8907386904907
420,activeEnergyKcal,22.404859864165076
420,heartRateBpm,154.6231040799685
421,powerWatts,248.8541721226186
421,cadenceSpm,94.12395463824346
421,speedMps,8.571567102815633
421,distanceM,3327.4623057933063
421,activeEnergyKcal,22.47284354206501
421,heartRateBpm,153.23872944859508
422,powerWatts,235.73359128768604
422,cadenceSpm,95.83938817806118
422,speedMps,8.418196871797113
422,distanceM,3335.8805026651034
422,activeEnergyKcal,22.540824774936265
422,heartRateBpm,154.19369468371696
423,powerWatts,237.43784734985647
423,cadenceSpm,93.83698901807028
423,speedMps,8.438434869354202
423,distanceM,3344.3189375344577
423,activeEnergyKcal,22.60880356277884
423,heartRateBpm,153.529418605888
424,powerWatts,237.13087471069895
424,cadenceSpm,94.39307223008467
424,speedMps,8.434796744293902
424,distanceM,3352.753734278752
424,activeEnergyKcal,22.67677990559273
424,heartRateBpm,153.45301039719865
425,powerWatts,233.36550790824825
425,cadenceSpm,92.97617616162466
425,speedMps,8.389913361909144
425,distanceM,3361.143647640661
425,activeEnergyKcal,22.744753803377943
425,heartRateBpm,153.42538264438815
426,powerWatts,239.37579805202782
426,cadenceSpm,96.79700581276914
426,speedMps,8.461330657599323
426,distanceM,3369.6049782982604
426,activeEnergyKcal,22.812725256134478
426,heartRateBpm,152.91234388052402
427,powerWatts,228.00929376061347
427,cadenceSpm,95.53702188647401
427,speedMps,8.325227378140877
427,distanceM,3377.9302056764013
427,activeEnergyKcal,22.88069426386233
427,heartRateBpm,155.80350718228138
428,powerWatts,241.33524052775226
428,cadenceSpm,93.57798463097257
428,speedMps,8.484355064628568
428,distanceM,3386.41456074103
428,activeEnergyKcal,22.948660826561504
428,heartRateBpm,157.0511426033434
429,powerWatts,231.88477008994616
429,cadenceSpm,97.1031870410432
429,speedMps,8.372130627100542
429,distanceM,3394.7866913681305
429,activeEnergyKcal,23.016624944231996
429,heartRateBpm,157.44884086163523
430,powerWatts,240.659663668588
430,cadenceSpm,94.79517016942158
430,speedMps,8.47643083069017
430,distanceM,3403.263122198821
430,activeEnergyKcal,23.084586616873807
430,heartRateBpm,158.26662333279316
431,powerWatts,220.31200934747767
431,cadenceSpm,94.5562986372525
431,speedMps,8.230470155414826
431,distanceM,3411.4935923542357
431,activeEnergyKcal,23.152545844486937
431,heartRateBpm,158.3474009892081
432,powerWatts,226.1851717075208
432,cadenceSpm,93.80268401744624
432,speedMps,8.302966721947065
432,distanceM,3419.796559076183
432,activeEnergyKcal,23.220502627071387
432,heartRateBpm,157.61782923330932
433,powerWatts,229.18152092581923
433,cadenceSpm,96.02735866028783
433,speedMps,8.339470044763871
433,distanceM,3428.1360291209467
433,activeEnergyKcal,23.288456964627155
433,heartRateBpm,157.13115951284604
434,powerWatts,234.24352667658354
434,cadenceSpm,96.82166038230298
434,speedMps,8.400422315730014
434,distanceM,3436.5364514366765
434,activeEnergyKcal,23.356408857154243
434,heartRateBpm,157.33142943315116
435,powerWatts,234.52190343036818
435,cadenceSpm,96.02008900775257
435,speedMps,8.40374870654838
435,distanceM,3444.940200143225
435,activeEnergyKcal,23.42435830465265
435,heartRateBpm,158.98006113000076
436,powerWatts,220.17990748905248
436,cadenceSpm,95.63198145370596
436,speedMps,8.228824795287364
436,distanceM,3453.1690249385124
436,activeEnergyKcal,23.492305307122376
436,heartRateBpm,161.461680450119
437,powerWatts,229.29257573169497
437,cadenceSpm,97.87562259231012
437,speedMps,8.34081685008233
437,distanceM,3461.5098417885947
437,activeEnergyKcal,23.56024986456342
437,heartRateBpm,161.6037766200947
438,powerWatts,228.23995246862162
438,cadenceSpm,94.90517085198873
438,speedMps,8.328033753544522
438,distanceM,3469.837875542139
438,activeEnergyKcal,23.628191976975785
438,heartRateBpm,164.09775190313385
439,powerWatts,244.43393024082806
439,cadenceSpm,94.48945045393512
439,speedMps,8.52051314729995
439,distanceM,3478.358388689439
439,activeEnergyKcal,23.69613164435947
439,heartRateBpm,163.90635821148283
440,powerWatts,218.67496462613062
440,cadenceSpm,92.70015500828143
440,speedMps,8.210033747181383
440,distanceM,3486.5684224366205
440,activeEnergyKcal,23.76406886671447
440,heartRateBpm,162.63806966121928
441,powerWatts,231.6461389408176
441,cadenceSpm,94.23789255535696
441,speedMps,8.36925773917316
441,distanceM,3494.9376801757935
441,activeEnergyKcal,23.832003644040793
441,heartRateBpm,162.6241146947821
442,powerWatts,236.83296558683773
442,cadenceSpm,91.98472773000157
442,speedMps,8.431263033314071
442,distanceM,3503.368943209108
442,activeEnergyKcal,23.899935976338433
442,heartRateBpm,164.51529720082405
443,powerWatts,237.27899803200756
443,cadenceSpm,95.51309527310902
443,speedMps,8.436552638315279
443,distanceM,3511.805495847423
443,activeEnergyKcal,23.967865863607393
443,heartRateBpm,164.69709467207974
444,powerWatts,232.4751460397021
444,cadenceSpm,95.9248376205168
444,speedMps,8.379229721767276
444,distanceM,3520.1847255691905
444,activeEnergyKcal,24.035793305847672
444,heartRateBpm,163.93615927227694
445,powerWatts,237.42709766221
445,cadenceSpm,96.51728420704627
445,speedMps,8.438307521069095
445,distanceM,3528.6230330902595
445,activeEnergyKcal,24.10371830305927
445,heartRateBpm,162.99242759861247
446,powerWatts,240.62259896561034
446,cadenceSpm,93.91231353855345
446,speedMps,8.475995648329711
446,distanceM,3537.0990287385894
446,activeEnergyKcal,24.171640855242188
446,heartRateBpm,164.76636399124473
447,powerWatts,240.67099052610723
447,cadenceSpm,93.49409770626008
447,speedMps,8.476563812147026
447,distanceM,3545.5755925507365
447,activeEnergyKcal,24.23956096239643
447,heartRateBpm,164.74014452943598
448,powerWatts,240.29654543149715
448,cadenceSpm,93.64195291034808
448,speedMps,8.472165476703475
448,distanceM,3554.04775802744
448,activeEnergyKcal,24.307478624521988
448,heartRateBpm,163.96697754087336
449,powerWatts,246.22884173327444
449,cadenceSpm,95.60904741463041
449,speedMps,8.54131806675807
449,distanceM,3562.589076094198
449,activeEnergyKcal,24.375393841618866
449,heartRateBpm,163.3256464112398
450,powerWatts,223.49845788603199
450,cadenceSpm,93.39240996129968
450,speedMps,8.26996041822609
450,distanceM,3570.859036512424
450,activeEnergyKcal,24.443306613687064
450,heartRateBpm,165.59432158297903
451,powerWatts,232.2807857089236
451,cadenceSpm,92.9787327988675
451,speedMps,8.376893925219107
451,distanceM,3579.235930437643
451,activeEnergyKcal,24.51121694072658
451,heartRateBpm,164.50081221964348
452,powerWatts,220.7582025745975
452,cadenceSpm,91.40010727410036
452,speedMps,8.236022740644923
452,distanceM,3587.471953178288
452,activeEnergyKcal,24.579124822737416
452,heartRateBpm,164.11737667394627
453,powerWatts,220.9273945493449
453,cadenceSpm,91.85012827275953
453,speedMps,8.238126268540844
453,distanceM,3595.710079446829
453,activeEnergyKcal,24.64703025971957
453,heartRateBpm,165.89249914813644
454,powerWatts,219.17594740850808
454,cadenceSpm,97.33028744825415
454,speedMps,8.21629867487482
454,distanceM,3603.9263781217037
454,activeEnergyKcal,24.714933251673045
454,heartRateBpm,165.3590424078998
455,powerWatts,233.02432619637875
455,cadenceSpm,94.28116577754137
455,speedMps,8.385822667226071
455,distanceM,3612.3122007889297
455,activeEnergyKcal,24.78283379859784
455,heartRateBpm,167.2603205131589
456,powerWatts,231.79476251045492
456,cadenceSpm,94.34760747778348
456,speedMps,8.371047254623797
456,distanceM,3620.6832480435532
456,activeEnergyKcal,24.85073190049395
456,heartRateBpm,169.71365983286995
457,powerWatts,212.59797779574797
457,cadenceSpm,95.71592456030531
457,speedMps,8.133265765969037
457,distanceM,3628.8165138095223
457,activeEnergyKcal,24.918627557361383
457,heartRateBpm,168.66748590849122
458,powerWatts,235.84760748444032
458,cadenceSpm,94.70861954355718
458,speedMps,8.419553850077456
458,distanceM,3637.2360676596
458,activeEnergyKcal,24.986520769200133
458,heartRateBpm,167.00984707267733
459,powerWatts,230.59423870425155
459,cadenceSpm,92.99207332766446
459,speedMps,8.356570307607049
459,distanceM,3645.592637967207
459,activeEnergyKcal,25.054411536010203
459,heartRateBpm,166.90378167997486
460,powerWatts,219.7209002316807
460,cadenceSpm,95.42722448586241
460,speedMps,8.223102629146638
460,distanceM,3653.8157405963534
460,activeEnergyKcal,25.122299857791592
460,heartRateBpm,169.24660532013158
461,powerWatts,221.85068057707477
461,cadenceSpm,96.03538789275565
461,speedMps,8.249586407159542
461,distanceM,3662.065327003513
461,activeEnergyKcal,25.1901857345443
461,heartRateBpm,170.20138668589468
462,powerWatts,237.66008897174774
462,cadenceSpm,95.47431795123364
462,speedMps,8.441066837623271
462,distanceM,3670.5063938411363
462,activeEnergyKcal,25.258069166268328
462,heartRateBpm,169.78404084790205
463,powerWatts,239.14570786176975
463,cadenceSpm,94.1880768493805
463,speedMps,8.458618752562995
463,distanceM,3678.965012593699
463,activeEnergyKcal,25.325950152963674
463,heartRateBpm,171.74857315188436
464,powerWatts,230.2835305881913
464,cadenceSpm,94.36574106674195
464,speedMps,8.352815340614097
464,distanceM,3687.3178279343133
464,activeEnergyKcal,25.39382869463034
464,heartRateBpm,172.90460244988282
465,powerWatts,222.23955780713138
465,cadenceSpm,94.77205094044845
465,speedMps,8.254403767001644
465,distanceM,3695.572231701315
465,activeEnergyKcal,25.461704791268325
465,heartRateBpm,171.84813571493436
466,powerWatts,244.50105327903668
466,cadenceSpm,93.8559975216285
466,speedMps,8.521293004097812
466,distanceM,3704.093524705413
466,activeEnergyKcal,25.52957844287763
466,heartRateBpm,173.26659331864357
467,powerWatts,228.7542763765905
467,cadenceSpm,94.08454975079029
467,speedMps,8.334284621628386
467,distanceM,3712.4278093270414
467,activeEnergyKcal,25.59744964945825
467,heartRateBpm,172.36620849280018
468,powerWatts,237.83353062481459
468,cadenceSpm,92.68707641964271
468,speedMps,8.443119736775442
468,distanceM,3720.8709290638167
468,activeEnergyKcal,25.665318411010194
468,heartRateBpm,172.8099789307777
469,powerWatts,216.5330040775926
469,cadenceSpm,95.03349940017792
469,speedMps,8.18313949210531
469,distanceM,3729.054068555922
469,activeEnergyKcal,25.73318472753346
469,heartRateBpm,172.30140441741852
470,powerWatts,229.2458507678538
470,cadenceSpm,94.66954640955713
470,speedMps,8.340250251069403
470,distanceM,3737.3943188069916
470,activeEnergyKcal,25.801048599028043
470,heartRateBpm,172.37906022706423
471,powerWatts,236.75276597765085
471,cadenceSpm,93.97957837393922
471,speedMps,8.430311222770964
471,distanceM,3745.8246300297624
471,activeEnergyKcal,25.868910025493946
471,heartRateBpm,173.87714902231426
472,powerWatts,230.0680529732961
472,cadenceSpm,96.71606897133974
472,speedMps,8.350209268598352
472,distanceM,3754.174839298361
472,activeEnergyKcal,25.93676900693117
472,heartRateBpm,173.1652904664269
473,powerWatts,235.09070918505378
473,cadenceSpm,95.19513680397074
473,speedMps,8.41053732803329
473,distanceM,3762.585376626394
473,activeEnergyKcal,26.00462554333971
473,heartRateBpm,172.92819311930194
474,powerWatts,237.99392720055434
474,cadenceSpm,95.24529982794712
474,speedMps,8.445017343008452
474,distanceM,3771.0303939694027
474,activeEnergyKcal,26.07247963471957
474,heartRateBpm,174.60083729427024
475,powerWatts,221.00271706406895
475,cadenceSpm,94.21095549069253
475,speedMps,8.239062391895763
475,distanceM,3779.2694563612986
475,activeEnergyKcal,26.14033128107075
475,heartRateBpm,175.64813124396193
476,powerWatts,228.589487153993
476,cadenceSpm,97.31448159435578
476,speedMps,8.332282866402974
476,distanceM,3787.6017392277017
476,activeEnergyKcal,26.20818048239325
476,heartRateBpm,165.35246355160825
477,powerWatts,239.0344695745273
477,cadenceSpm,95.66482052968958
477,speedMps,8.457307044318744
477,distanceM,3796.0590462720206
477,activeEnergyKcal,26.276027238687067
477,heartRateBpm,156.00596559080225
478,powerWatts,228.94216099811442
478,cadenceSpm,96.45394377105812
478,speedMps,8.336565752609289
478,distanceM,3804.39561202463
478,activeEnergyKcal,26.343871549952205
478,heartRateBpm,146.0779246481108
479,powerWatts,237.83512913026496
479,cadenceSpm,96.02483305967604
479,speedMps,8.443138652446759
479,distanceM,3812.8387506770764
479,activeEnergyKcal,26.41171341618866
479,heartRateBpm,146.11142564602736
480,powerWatts,250.3080721291713
480,cadenceSpm,94.55227025720326
480,speedMps,8.588227476239076
480,distanceM,3821.4269781533153
480,activeEnergyKcal,26.479552837396437
480,heartRateBpm,147.353232828087
481,powerWatts,245.96979924707637
481,cadenceSpm,93.75237034650813
481,speedMps,8.538321747551686
481,distanceM,3829.965299900867
481,activeEnergyKcal,26.54738981357553
481,heartRateBpm,147.32258091945545
482,powerWatts,227.0728741333625
482,cadenceSpm,95.3108043473869
482,speedMps,8.313814680823596
482,distanceM,3838.279114581691
482,activeEnergyKcal,26.615224344725945
482,heartRateBpm,148.68693214622948
483,powerWatts,229.3485145501104
483,cadenceSpm,96.828531403359
483,speedMps,8.34149507745267
483,distanceM,3846.6206096591436
483,activeEnergyKcal,26.683056430847678
483,heartRateBpm,149.6005601177228
484,powerWatts,218.94233949780914
484,cadenceSpm,96.32941541536795
484,speedMps,8.21337853283101
484,distanceM,3854.8339881919746
484,activeEnergyKcal,26.75088607194073
484,heartRateBpm,152.30276379198727
485,powerWatts,221.7503366754604
485,cadenceSpm,94.92610525043915
485,speedMps,8.248342446550458
485,distanceM,3863.082330638525
485,activeEnergyKcal,26.8187132680051
485,heartRateBpm,154.04264807293094
486,powerWatts,226.4180884713469
486,cadenceSpm,93.22874864492945
486,speedMps,8.305815769161132
486,distanceM,3871.3881464076862
486,activeEnergyKcal,26.886538019040792
486,heartRateBpm,153.46615520202207
487,powerWatts,236.03954628325454
487,cadenceSpm,96.12795042732428
487,speedMps,8.421837246655159
487,distanceM,3879.8099836543415
487,activeEnergyKcal,26.9543603250478
487,heartRateBpm,154.86671082400795
488,powerWatts,223.76264704987972
488,cadenceSpm,93.67302933127327
488,speedMps,8.27321767205437
488,distanceM,3888.0832013263957
488,activeEnergyKcal,27.02218018602613
488,heartRateBpm,153.2818539395677
489,powerWatts,234.89733224751382
489,cadenceSpm,93.70036891184866
489,speedMps,8.408230629623068
489,distanceM,3896.491431956019
489,activeEnergyKcal,27.089997601975778
489,heartRateBpm,153.78676333759373
490,powerWatts,228.97183563729016
490,cadenceSpm,93.82262143475593
490,speedMps,8.336925922025014
490,distanceM,3904.828357878044
490,activeEnergyKcal,27.157812572896745
490,heartRateBpm,152.68510146689516
491,powerWatts,216.8848729915074
491,cadenceSpm,95.40199265584526
491,speedMps,8.187569662217367
491,distanceM,3913.015927540261
491,activeEnergyKcal,27.225625098789035
491,heartRateBpm,153.46945136195492
492,powerWatts,232.95076769241814
492,cadenceSpm,95.67527475229335
492,speedMps,8.384940193569141
492,distanceM,3921.40086773383
492,activeEnergyKcal,27.293435179652644
492,heartRateBpm,156.1308373674508
493,powerWatts,237.80440810544025
493,cadenceSpm,94.30780245733509
493,speedMps,8.442775105029186
493,distanceM,3929.8436428388595
493,activeEnergyKcal,27.36124281548757
493,heartRateBpm,155.78880649993837
494,powerWatts,235.24742787005005
494,cadenceSpm,96.25020814879383
494,speedMps,8.412405820370328
494,distanceM,3938.2560486592297
494,activeEnergyKcal,27.42904800629382
494,heartRateBpm,155.78049454907665
495,powerWatts,218.5488704994174
495,cadenceSpm,94.29371384659187
495,speedMps,8.208455398415479
495,distanceM,3946.464504057645
495,activeEnergyKcal,27.496850752071385
495,heartRateBpm,157.2425447980433
496,powerWatts,242.77944280703636
496,cadenceSpm,94.17284568384547
496,speedMps,8.501245489262361
496,distanceM,3954.9657495469073
496,activeEnergyKcal,27.56465105282027
496,heartRateBpm,158.041169967373
497,powerWatts,227.64967217816326
497,cadenceSpm,94.16926539742721
497,speedMps,8.320848160656483
497,distanceM,3963.286597707564
497,activeEnergyKcal,27.632448908540475
497,heartRateBpm,160.6642169469692
498,powerWatts,229.11399368482614
498,cadenceSpm,95.03432527203263
498,speedMps,8.338650902628235
498,distanceM,3971.625248610192
498,activeEnergyKcal,27.700244319232
498,heartRateBpm,162.86772872358085
499,powerWatts,236.93760917093888
499,cadenceSpm,93.95650400285386
499,speedMps,8.432504622392887
499,distanceM,3980.057753232585
499,activeEnergyKcal,27.76803728489484
499,heartRateBpm,163.88562474282332
500,powerWatts,224.8713634247447
500,cadenceSpm,95.02053290451443
500,speedMps,8.286859424159708
500,distanceM,3988.3446126567446
500,activeEnergyKcal,27.835827805529004
500,heartRateBpm,163.93977078586695
501,powerWatts,230.2069760025625
501,cadenceSpm,92.30116115112982
501,speedMps,8.351889645252003
501,distanceM,3996.6965023019966
501,activeEnergyKcal,27.903615881134485
501,heartRateBpm,165.16427279608914
502,powerWatts,235.2060321024859
502,cadenceSpm,93.22594804155264
502,speedMps,8.411912356350665
502,distanceM,4005.108414658347
502,activeEnergyKcal,27.971401511711285
502,heartRateBpm,166.60501438004877
503,powerWatts,247.43370371893076
503,cadenceSpm,95.01881670368908
503,speedMps,8.55522703745668
503,distanceM,4013.6636416958036
503,activeEnergyKcal,28.039184697259405
503,heartRateBpm,168.240472088064
504,powerWatts,226.8180774093812
504,cadenceSpm,94.36952313055716
504,speedMps,8.310703894519914
504,distanceM,4021.9743455903235
504,activeEnergyKcal,28.106965437778843
504,heartRateBpm,169.87511396988546
505,powerWatts,242.20936754088441
505,cadenceSpm,93.47863491211743
505,speedMps,8.494586292811938
505,distanceM,4030.4689318831356
505,activeEnergyKcal,28.1747437332696
505,heartRateBpm,170.26142541207975
506,powerWatts,230.24338212311025
506,cadenceSpm,94.81248656189051
506,speedMps,8.352329892371328
506,distanceM,4038.821261775507
506,activeEnergyKcal,28.242519583731678
506,heartRateBpm,170.85155038948665
507,powerWatts,222.86808998359896
507,cadenceSpm,93.01373066799594
507,speedMps,8.262178073072432
507,distanceM,4047.0834398485795
507,activeEnergyKcal,28.310292989165074
507,heartRateBpm,169.65308693114443
508,powerWatts,219.13957867423497
508,cadenceSpm,93.59911718253261
508,speedMps,8.21584419539353
508,distanceM,4055.299284043973
508,activeEnergyKcal,28.37806394956979
508,heartRateBpm,168.81541413800994
509,powerWatts,228.86848622205773
509,cadenceSpm,96.09135115287025
509,speedMps,8.335671406620067
509,distanceM,4063.6349554505928
509,activeEnergyKcal,28.445832464945823
509,heartRateBpm,169.57071151380086
510,powerWatts,233.09190904148966
510,cadenceSpm,96.0783228393242
510,speedMps,8.38663328784979
510,distanceM,4072.0215887384425
510,activeEnergyKcal,28.513598535293177
510,heartRateBpm,168.76142379008962
511,powerWatts,209.64176347559751
511,cadenceSpm,92.35782071092345
511,speedMps,8.09539148029504
511,distanceM,4080.1169802187374
511,activeEnergyKcal,28.572472286089862
511,heartRateBpm,167.84749777348918
512,powerWatts,206.8580115374198
512,cadenceSpm,91.42726974054392
512,speedMps,8.059399842679582
512,distanceM,4088.176380061417
512,activeEnergyKcal,28.63134592588166
512,heartRateBpm,166.35732884925181
513,powerWatts,199.6714311638487
513,cadenceSpm,92.0896698393217
513,speedMps,7.964965473527316
513,distanceM,4096.141345534945
513,activeEnergyKcal,28.690219454668576
513,heartRateBpm,165.5784410760675
514,powerWatts,205.46250697170532
514,cadenceSpm,89.1813336412189
514,speedMps,8.041235505801732
514,distanceM,4104.182581040746
514,activeEnergyKcal,28.749092872450603
514,heartRateBpm,166.4367338908651
515,powerWatts,200.92525931737893
515,cadenceSpm,93.01110881629639
515,speedMps,7.981602583862411
515,distanceM,4112.164183624609
515,activeEnergyKcal,28.807966179227744
515,heartRateBpm,166.25492357195358
516,powerWatts,202.60645738786528
516,cadenceSpm,91.48590047904094
516,speedMps,8.003802218415728
516,distanceM,4120.167985843024
516,activeEnergyKcal,28.866839374999998
516,heartRateBpm,166.02646794369753
517,powerWatts,206.965949394082
517,cadenceSpm,89.90189297080752
517,speedMps,8.060801388722686
517,distanceM,4128.228787231747
517,activeEnergyKcal,28.925712459767364
517,heartRateBpm,164.67841619747728
518,powerWatts,209.51802462804116
518,cadenceSpm,92.1053696861077
518,speedMps,8.093798426913354
518,distanceM,4136.3225856586605
518,activeEnergyKcal,28.984585433529848
518,heartRateBpm,162.5577864906374
519,powerWatts,210.92346079314578
519,cadenceSpm,90.51498427405167
519,speedMps,8.111855706063547
519,distanceM,4144.434441364724
519,activeEnergyKcal,29.043458296287444
519,heartRateBpm,160.00683757245864
520,powerWatts,217.10344888257748
520,cadenceSpm,91.86956356167218
520,speedMps,8.19031920772525
520,distanceM,4152.624760572449
520,activeEnergyKcal,29.102331048040153
520,heartRateBpm,161.74003058398026
521,powerWatts,208.06058172887188
521,cadenceSpm,90.81487709554631
521,speedMps,8.074987463834086
521,distanceM,4160.699748036283
521,activeEnergyKcal,29.161203688787975
521,heartRateBpm,162.02384147691748
522,powerWatts,215.07107382963343
522,cadenceSpm,92.11392648237776
522,speedMps,8.164681637892208
522,distanceM,4168.864429674176
522,activeEnergyKcal,29.22007621853091
522,heartRateBpm,163.06162869064687
523,powerWatts,208.15448030840392
523,cadenceSpm,90.98714213487872
523,speedMps,8.076202039272996
523,distanceM,4176.940631713449
523,activeEnergyKcal,29.27894863726896
523,heartRateBpm,163.1003503572276
524,powerWatts,218.27306099292866
524,cadenceSpm,90.39654061220344
524,speedMps,8.205000910829272
524,distanceM,4185.145632624278
524,activeEnergyKcal,29.337820945002125
524,heartRateBpm,164.73288062906158
525,powerWatts,220.35449050929864
525,cadenceSpm,89.89228881096925
525,speedMps,8.230999128642594
525,distanceM,4193.376631752921
525,activeEnergyKcal,29.396693141730402
525,heartRateBpm,166.6777038852694
526,powerWatts,203.6318280434437
526,cadenceSpm,92.82262063515256
526,speedMps,8.017281647333476
526,distanceM,4201.393913400254
526,activeEnergyKcal,29.455565227453793
526,heartRateBpm,164.4191387514744
527,powerWatts,207.25300877367604
527,cadenceSpm,91.59762558526734
527,speedMps,8.064526413182975
527,distanceM,4209.458439813437
527,activeEnergyKcal,29.514437202172296
527,heartRateBpm,163.76543986164856
528,powerWatts,204.74132234328437
528,cadenceSpm,90.96104536739016
528,speedMps,8.031816084263554
528,distanceM,4217.4902558977
528,activeEnergyKcal,29.573309065885915
528,heartRateBpm,164.18267834037607
529,powerWatts,210.20495909409888
529,cadenceSpm,91.93186632647641
529,speedMps,8.102634331506428
529,distanceM,4225.592890229206
529,activeEnergyKcal,29.632180818594648
529,heartRateBpm,163.01279469926044
530,powerWatts,215.6732788342476
530,cadenceSpm,91.81593015843059
530,speedMps,8.172294981876444
530,distanceM,4233.765185211083
530,activeEnergyKcal,29.691052460298494
530,heartRateBpm,162.31975054341584
531,powerWatts,216.09955450388554
531,cadenceSpm,90.7811938611762
531,speedMps,8.17767558646545
531,distanceM,4241.942860797549
531,activeEnergyKcal,29.749923990997452
531,heartRateBpm,160.47711302984231
532,powerWatts,200.55901401296305
532,cadenceSpm,91.81556412800103
532,speedMps,7.9767500291962286
532,distanceM,4249.919610826745
532,activeEnergyKcal,29.808795410691523
532,heartRateBpm,158.29047682940129
533,powerWatts,198.98658483914926
533,cadenceSpm,90.22698246715028
533,speedMps,7.955848786852973
533,distanceM,4257.875459613598
533,activeEnergyKcal,29.86766671938071
533,heartRateBpm,157.7249976768003
534,powerWatts,215.96518147755955
534,cadenceSpm,92.09553647557091
534,speedMps,8.175980246156696
534,distanceM,4266.051439859754
534,activeEnergyKcal,29.926537917065012
534,heartRateBpm,156.79755497228564
535,powerWatts,204.8983800374029
535,cadenceSpm,92.33672275103417
535,speedMps,8.033869302898188
535,distanceM,4274.085309162652
535,activeEnergyKcal,29.985409003744426
535,heartRateBpm,156.34804495277157
536,powerWatts,197.25784692637365
536,cadenceSpm,93.95789045744408
536,speedMps,7.932742371869396
536,distanceM,4282.018051534522
536,activeEnergyKcal,30.044279979418953
536,heartRateBpm,157.4989944802412
537,powerWatts,200.19417715540553
537,cadenceSpm,89.19651562162419
537,speedMps,7.971910258601965
537,distanceM,4289.989961793124
537,activeEnergyKcal,30.103150844088592
537,heartRateBpm,157.6650850524623
538,powerWatts,201.53194378380425
538,cadenceSpm,89.92237913193837
538,speedMps,7.989627871086378
538,distanceM,4297.979589664211
538,activeEnergyKcal,30.16202159775335
538,heartRateBpm,159.17328460952191
539,powerWatts,191.2243408823298
539,cadenceSpm,90.71283790107539
539,speedMps,7.851024118450042
539,distanceM,4305.830613782661
539,activeEnergyKcal,30.220892240413217
539,heartRateBpm,157.33141873957052
540,powerWatts,213.8048379911392
540,cadenceSpm,93.58995110642111
540,speedMps,8.1486268392734
540,distanceM,4313.979240621935
540,activeEnergyKcal,30.2797627720682
540,heartRateBpm,157.15054982245454
541,powerWatts,226.58582151727285
541,cadenceSpm,91.43500828218038
541,speedMps,8.307866276559508
541,distanceM,4322.287106898494
541,activeEnergyKcal,30.338633192718294
541,heartRateBpm,159.18200385553428
542,powerWatts,204.56819750789302
542,cadenceSpm,91.88779061767971
542,speedMps,8.029551602537236
542,distanceM,4330.316658501031
542,activeEnergyKcal,30.397503502363502
542,heartRateBpm,158.9946795282571
543,powerWatts,209.51560537395602
543,cadenceSpm,90.89402532437339
543,speedMps,8.09376727441417
543,distanceM,4338.410425775445
543,activeEnergyKcal,30.456373701003827
543,heartRateBpm,158.14152241749198
544,powerWatts,200.03219788816983
544,cadenceSpm,91.8117620105629
544,speedMps,7.96975962561632
544,distanceM,4346.380185401062
544,activeEnergyKcal,30.515243788639264
544,heartRateBpm,158.41675179866112
545,powerWatts,206.18421377474735
545,cadenceSpm,88.82815117568575
545,speedMps,8.05063970751722
545,distanceM,4354.430825108579
545,activeEnergyKcal,30.574113765269814
545,heartRateBpm,157.39890847433762
546,powerWatts,213.30162716168942
546,cadenceSpm,92.0611727299456
546,speedMps,8.142228950928477
546,distanceM,4362.573054059507
546,activeEnergyKcal,30.632983630895477
546,heartRateBpm,156.5033183528955
547,powerWatts,198.44114409754474
547,cadenceSpm,91.53802479682325
547,speedMps,7.948572894268132
547,distanceM,4370.521626953775
547,activeEnergyKcal,30.691853385516254
547,heartRateBpm,156.81406884384808
548,powerWatts,222.81708597742923
548,cadenceSpm,92.19400920202641
548,speedMps,8.26154775054689
548,distanceM,4378.783174704322
548,activeEnergyKcal,30.750723029132146
548,heartRateBpm,159.712624283825
549,powerWatts,214.05151343524668
549,cadenceSpm,91.2619579126406
549,speedMps,8.151759436936464
549,distanceM,4386.934934141258
549,activeEnergyKcal,30.809592561743152
549,heartRateBpm,159.5687377420397
550,powerWatts,208.851393557126
550,cadenceSpm,90.42628372294757
550,speedMps,8.085205196340455
550,distanceM,4395.020139337598
550,activeEnergyKcal,30.86846198334927
550,heartRateBpm,160.15974195946552
551,powerWatts,212.934509033648
551,cadenceSpm,91.04643347739975
551,speedMps,8.137555011907734
551,distanceM,4403.157694349506
551,activeEnergyKcal,30.927331293950502
551,heartRateBpm,158.7261873725959
552,powerWatts,227.6771689762533
552,cadenceSpm,91.61046411061531
552,speedMps,8.321183159997739
552,distanceM,4411.478877509503
552,activeEnergyKcal,30.986200493546846
552,heartRateBpm,158.3209008717432
553,powerWatts,194.68529715232887
553,cadenceSpm,91.08750954771958
553,speedMps,7.89810625475888
553,distanceM,4419.376983764262
553,activeEnergyKcal,31.045069582138307
553,heartRateBpm,158.78615063601146
554,powerWatts,216.11166644765473
554,cadenceSpm,91.05417552313729
554,speedMps,8.177828364347043
554,distanceM,4427.554812128609
554,activeEnergyKcal,31.10393855972488
554,heartRateBpm,158.94909834625398
555,powerWatts,213.78580272807116
555,cadenceSpm,90.03037990987733
555,speedMps,8.148385005240002
555,distanceM,4435.703197133849
555,activeEnergyKcal,31.162807426306568
555,heartRateBpm,159.4359146471783
556,powerWatts,206.97967628035747
556,cadenceSpm,94.35602928537368
556,speedMps,8.060979593975143
556,distanceM,4443.764176727825
556,activeEnergyKcal,31.221676181883367
556,heartRateBpm,158.53047482404762
557,powerWatts,204.6756448548065
557,cadenceSpm,90.43364728693285
557,speedMps,8.030957169678608
557,distanceM,4451.795133897504
557,activeEnergyKcal,31.28054482645528
557,heartRateBpm,158.5582377519616
558,powerWatts,223.01950403006992
558,cadenceSpm,90.79488275963243
558,speedMps,8.264048726118666
558,distanceM,4460.059182623622
558,activeEnergyKcal,31.33941336002231
558,heartRateBpm,158.92260675794043
559,powerWatts,219.2373220534696
559,cadenceSpm,92.28136017300821
559,speedMps,8.217065525066488
559,distanceM,4468.276248148689
559,activeEnergyKcal,31.39828178258445
559,heartRateBpm,160.27301348320236
560,powerWatts,211.14041064751007
560,cadenceSpm,92.81190003513458
560,speedMps,8.114635960836802
560,distanceM,4476.390884109525
560,activeEnergyKcal,31.457150094141706
560,heartRateBpm,161.27967653924608
561,powerWatts,198.30668746885132
561,cadenceSpm,92.22620315704226
561,speedMps,7.946777265662175
561,distanceM,4484.337661375188
561,activeEnergyKcal,31.516018294694074
561,heartRateBpm,158.80158473961714
562,powerWatts,206.38155809702403
562,cadenceSpm,92.31300378354226
562,speedMps,8.053207381345993
562,distanceM,4492.390868756534
562,activeEnergyKcal,31.574886384241555
562,heartRateBpm,159.90104623537485
563,powerWatts,200.6724521842606
563,cadenceSpm,90.58264160345801
563,speedMps,7.978253655437253
563,distanceM,4500.369122411971
563,activeEnergyKcal,31.633754362784153
563,heartRateBpm,160.4360837975271
564,powerWatts,205.32212637113432
564,cadenceSpm,92.28135385780783
564,speedMps,8.039403718788298
564,distanceM,4508.408526130759
564,activeEnergyKcal,31.692622230321863
564,heartRateBpm,163.58764322851766
565,powerWatts,201.15892780280222
565,cadenceSpm,91.4812128938337
565,speedMps,7.984695485946627
565,distanceM,4516.393221616706
565,activeEnergyKcal,31.751489986854686
565,heartRateBpm,163.2742489949345
566,powerWatts,203.67229719860228
566,cadenceSpm,91.27414302278835
566,speedMps,8.017812722013467
566,distanceM,4524.411034338719
566,activeEnergyKcal,31.810357632382622
566,heartRateBpm,163.1044615519935
567,powerWatts,208.37823380549412
567,cadenceSpm,93.2131408478555
567,speedMps,8.079094812840571
567,distanceM,4532.49012915156
567,activeEnergyKcal,31.86922516690567
567,heartRateBpm,163.95433120970358
568,powerWatts,214.51410875695302
568,cadenceSpm,91.00674475265794
568,speedMps,8.157627576568
568,distanceM,4540.647756728128
568,activeEnergyKcal,31.928092590423837
568,heartRateBpm,164.6390911870739
569,powerWatts,206.2036628885007
569,cadenceSpm,90.9757830138079
569,speedMps,8.050892835341742
569,distanceM,4548.69864956347
569,activeEnergyKcal,31.986959902937116
569,heartRateBpm,162.33173059047397
570,powerWatts,218.31742027666678
570,cadenceSpm,90.8344015511422
570,speedMps,8.205556702900594
570,distanceM,4556.90420626637
570,activeEnergyKcal,32.04582710444551
570,heartRateBpm,163.01162998157335
571,powerWatts,203.602969000578
571,cadenceSpm,91.53661283357712
571,speedMps,8.016902888590456
571,distanceM,4564.9211091549605
571,activeEnergyKcal,32.10469419494901
571,heartRateBpm,163.74887239306042
572,powerWatts,223.64325650326742
572,cadenceSpm,92.21286872321646
572,speedMps,8.271745994038378
572,distanceM,4573.192855148999
572,activeEnergyKcal,32.16356117444763
572,heartRateBpm,163.05511613754572
573,powerWatts,206.52299054370968
573,cadenceSpm,91.72627703293286
573,speedMps,8.055046571424405
573,distanceM,4581.247901720423
573,activeEnergyKcal,32.22242804294136
573,heartRateBpm,164.68434913717124
574,powerWatts,211.40600647604288
574,cadenceSpm,93.0698944727375
574,speedMps,8.118037031553689
574,distanceM,4589.3659387519765
574,activeEnergyKcal,32.2812948004302
574,heartRateBpm,165.11106369008562
575,powerWatts,200.58029171082154
575,cadenceSpm,89.39893004158586
575,speedMps,7.977032108888973
575,distanceM,4597.3429708608655
575,activeEnergyKcal,32.340161446914166
575,heartRateBpm,163.94029513997592
576,powerWatts,215.29174839901998
576,cadenceSpm,90.90762788395152
576,speedMps,8.167473151873748
576,distanceM,4605.510444012739
576,activeEnergyKcal,32.39902798239324
576,heartRateBpm,163.42281880510154
577,powerWatts,217.61887131524063
577,cadenceSpm,92.03927576848902
577,speedMps,8.196795594836004
577,distanceM,4613.707239607575
577,activeEnergyKcal,32.45789440686743
577,heartRateBpm,163.53572555679992
578,powerWatts,226.37466677500248
578,cadenceSpm,91.59562373876872
578,speedMps,8.305284781450116
578,distanceM,4622.012524389024
578,activeEnergyKcal,32.516760720336734
578,heartRateBpm,162.48327841353085
579,powerWatts,209.73996456910734
579,cadenceSpm,92.4702929374356
579,speedMps,8.096655306399132
579,distanceM,4630.109179695423
579,activeEnergyKcal,32.57562692280115
579,heartRateBpm,160.9015087891612
580,powerWatts,206.15307345608224
580,cadenceSpm,93.0494862075741
580,speedMps,8.050234386948791
580,distanceM,4638.159414082372
580,activeEnergyKcal,32.63449301426068
580,heartRateBpm,162.21182488478817
581,powerWatts,219.98685763826765
581,cadenceSpm,93.78053112554944
581,speedMps,8.226419129361773
581,distanceM,4646.385833211733
581,activeEnergyKcal,32.69335899471532
581,heartRateBpm,163.63234092673594
582,powerWatts,203.79945102975745
582,cadenceSpm,93.09798213903667
582,speedMps,8.01948089769502
582,distanceM,4654.405314109428
582,activeEnergyKcal,32.75222486416507
582,heartRateBpm,162.23216489184716
583,powerWatts,199.8347594480633
583,cadenceSpm,91.85867387134599
583,speedMps,7.967136623052555
583,distanceM,4662.3724507324805
583,activeEnergyKcal,32.81109062260994
583,heartRateBpm,162.78167110575507
584,powerWatts,217.9086358920881
584,cadenceSpm,91.4076922821023
584,speedMps,8.20043205581432
584,distanceM,4670.572882788295
584,activeEnergyKcal,32.86995627004992
584,heartRateBpm,163.0861147933809
585,powerWatts,202.72130317283091
585,cadenceSpm,90.70557172221203
585,speedMps,8.005314228997157
585,distanceM,4678.578197017292
585,activeEnergyKcal,32.92882180648502
585,heartRateBpm,163.7839028978645
586,powerWatts,202.98230168813794
586,cadenceSpm,89.53451076694849
586,speedMps,8.008748301726616
586,distanceM,4686.586945319019
586,activeEnergyKcal,32.98768723191523
586,heartRateBpm,164.03989759188414
587,powerWatts,203.26042586124953
587,cadenceSpm,91.42703351934925
587,speedMps,8.012404466036337
587,distanceM,4694.599349785055
587,activeEnergyKcal,33.04655254634056
587,heartRateBpm,164.64786895585922
588,powerWatts,219.4863347789443
588,cadenceSpm,92.44486005609525
588,speedMps,8.220175366140367
588,distanceM,4702.819525151195
588,activeEnergyKcal,33.105417749760996
588,heartRateBpm,164.5120579939518
589,powerWatts,218.17209153189825
589,cadenceSpm,92.28045857513197
589,speedMps,8.203735550379918
589,distanceM,4711.023260701575
589,activeEnergyKcal,33.16428284217655
589,heartRateBpm,164.65140291866254
590,powerWatts,201.7054460874196
590,cadenceSpm,91.07274558736944
590,speedMps,7.991920015941568
590,distanceM,4719.015180717517
590,activeEnergyKcal,33.22314782358721
590,heartRateBpm,166.44571314348033
591,powerWatts,202.82125546362758
591,cadenceSpm,92.79481014217646
591,speedMps,8.006629693486135
591,distanceM,4727.021810411004
591,activeEnergyKcal,33.28201269399299
591,heartRateBpm,164.6587561167215
592,powerWatts,197.74893373854374
592,cadenceSpm,91.9922539218399
592,speedMps,7.939319950145236
592,distanceM,4734.961130361149
592,activeEnergyKcal,33.34087745339388
592,heartRateBpm,167.18883437555112
593,powerWatts,215.92863880288408
593,cadenceSpm,91.87452203331738
593,speedMps,8.175519077621395
593,distanceM,4743.13664943877
593,activeEnergyKcal,33.39974210178988
593,heartRateBpm,165.98518715735062
594,powerWatts,210.79370453509742
594,cadenceSpm,92.10471776968133
594,speedMps,8.110191943054488
594,distanceM,4751.246841381825
594,activeEnergyKcal,33.458606639181
594,heartRateBpm,168.59014546368928
595,powerWatts,206.38753858844643
595,cadenceSpm,91.28264637099575
595,speedMps,8.053285168775107
595,distanceM,4759.3001265506
595,activeEnergyKcal,33.517471065567236
595,heartRateBpm,168.71952580580637
596,powerWatts,195.0115255487981
596,cadenceSpm,92.2963748145121
596,speedMps,7.9025153340004515
596,distanceM,4767.202641884601
596,activeEnergyKcal,33.576335380948585
596,heartRateBpm,170.18502305046795
597,powerWatts,212.74065161198865
597,cadenceSpm,90.64442118658967
597,speedMps,8.135084761917723
597,distanceM,4775.337726646519
597,activeEnergyKcal,33.63519958532505
597,heartRateBpm,169.37095847019847
598,powerWatts,201.15187433609762
598,cadenceSpm,92.0846499263786
598,speedMps,7.984602159337244
598,distanceM,4783.322328805856
598,activeEnergyKcal,33.69406367869662
598,heartRateBpm,168.09817835167962
599,powerWatts,205.97780389959507
599,cadenceSpm,91.07262889167204
599,speedMps,8.04795232692707
599,distanceM,4791.370281132783
599,activeEnergyKcal,33.75292766106331
599,heartRateBpm,168.09877980802847
600,powerWatts,207.3635497988172
600,cadenceSpm,92.3161177971724
600,speedMps,8.065959930889223
600,distanceM,4799.436241063672
600,activeEnergyKcal,33.81179153242511
600,heartRateBpm,168.72782564626607
601,powerWatts,211.95397699831528
601,cadenceSpm,91.76551083634921
601,speedMps,8.12504504280751
601,distanceM,4807.56128610648
601,activeEnergyKcal,33.870655292782025
601,heartRateBpm,170.24489031464395
602,powerWatts,214.52591106302296
602,cadenceSpm,91.27241043961152
602,speedMps,8.157777181415845
602,distanceM,4815.719063287896
602,activeEnergyKcal,33.92951894213405
602,heartRateBpm,169.2735176474705
603,powerWatts,209.4768845818073
603,cadenceSpm,89.69119570890562
603,speedMps,8.093268637907409
603,distanceM,4823.812331925803
603,activeEnergyKcal,33.98838248048119
603,heartRateBpm,170.064805298434
604,powerWatts,206.61028677922403
604,cadenceSpm,90.88868046110608
604,speedMps,8.0561813541876
604,distanceM,4831.86851327999
604,activeEnergyKcal,34.047245907823445
604,heartRateBpm,169.9993757535262
605,powerWatts,211.3143263834407
605,cadenceSpm,91.57094667977866
605,speedMps,8.116863349984252
605,distanceM,4839.985376629975
605,activeEnergyKcal,34.10610922416082
605,heartRateBpm,169.566702112721
606,powerWatts,222.2364867972791
606,cadenceSpm,90.80086289346798
606,speedMps,8.254365745759602
606,distanceM,4848.239742375735
606,activeEnergyKcal,34.164972429493304
606,heartRateBpm,167.49705377561153
607,powerWatts,206.11640908450113
607,cadenceSpm,91.3655620745872
607,speedMps,8.049757113306832
607,distanceM,4856.289499489041
607,activeEnergyKcal,34.2238355238209
607,heartRateBpm,167.716192398852
608,powerWatts,198.2418200336119
608,cadenceSpm,89.33555706506864
608,speedMps,7.94591068995083
608,distanceM,4864.235410178992
608,activeEnergyKcal,34.282698507143614
608,heartRateBpm,167.27141655552046
609,powerWatts,202.40816174169268
609,cadenceSpm,90.75762246931146
609,speedMps,8.001190197031379
609,distanceM,4872.2366003760235
609,activeEnergyKcal,34.34156137946144
609,heartRateBpm,165.7815041883198
610,powerWatts,219.24531884816963
610,cadenceSpm,90.32251494306004
610,speedMps,8.217165431089947
610,distanceM,4880.453765807113
610,activeEnergyKcal,34.400424140774376
610,heartRateBpm,166.39036586390682
611,powerWatts,214.3019217319194
611,cadenceSpm,90.36434017453897
611,speedMps,8.154936978464843
611,distanceM,4888.608702785578
611,activeEnergyKcal,34.45928679108243
611,heartRateBpm,167.64633313661957
612,powerWatts,211.24533523941622
612,cadenceSpm,91.77676384962837
612,speedMps,8.11597990673934
612,distanceM,4896.724682692317
612,activeEnergyKcal,34.51814933038559
612,heartRateBpm,166.93911630564003
613,powerWatts,204.7741489948109
613,cadenceSpm,93.10966227998189
613,speedMps,8.032245314564198
613,distanceM,4904.756928006882
613,activeEnergyKcal,34.57701175868387
613,heartRateBpm,166.2340832609099
614,powerWatts,208.1460091843728
614,cadenceSpm,90.7885729992489
614,speedMps,8.076092480517774
614,distanceM,4912.8330204874
614,activeEnergyKcal,34.635874075977256
614,heartRateBpm,165.31970363612854
615,powerWatts,202.09784952893042
615,cadenceSpm,89.68448653681533
615,speedMps,7.997099227372064
615,distanceM,4920.830119714772
615,activeEnergyKcal,34.694736282265765
615,heartRateBpm,164.41653656090404
616,powerWatts,218.79789652970857
616,cadenceSpm,90.83522669304111
616,speedMps,8.211571929677673
616,distanceM,4929.04169164445
616,activeEnergyKcal,34.75359837754939
616,heartRateBpm,162.7319089655939
617,powerWatts,211.88321557659754
617,cadenceSpm,91.5160203056897
617,speedMps,8.124140752576674
617,distanceM,4937.165832397027
617,activeEnergyKcal,34.81246036182812
617,heartRateBpm,163.25948155725501
618,powerWatts,195.89048484058043
618,cadenceSpm,91.91023791673544
618,speedMps,7.9143703249991875
618,distanceM,4945.080202722026
618,activeEnergyKcal,34.87132223510197
618,heartRateBpm,162.18846521249583
619,powerWatts,199.76896170971
619,cadenceSpm,94.58246871606949
619,speedMps,7.966262105329519
619,distanceM,4953.0464648273555
619,activeEnergyKcal,34.93018399737093
619,heartRateBpm,159.62309234129935
620,powerWatts,211.67315928528032
620,cadenceSpm,93.2693727829339
620,speedMps,8.121455167626278
620,distanceM,4961.167919994982
620,activeEnergyKcal,34.989045648635006
620,heartRateBpm,159.49044474668875
621,powerWatts,216.16016677832377
621,cadenceSpm,90.68135494232088
621,speedMps,8.178440081612372
621,distanceM,4969.3463600765945
621,activeEnergyKcal,35.04790718889419
621,heartRateBpm,161.4415341205013
622,powerWatts,209.43792856205596
622,cadenceSpm,92.88757486449296
622,speedMps,8.092766910187484
622,distanceM,4977.439126986782
622,activeEnergyKcal,35.10676861814849
622,heartRateBpm,162.08379161756147
623,powerWatts,203.0740461647025
623,cadenceSpm,90.84688553798483
623,speedMps,8.009954725050568
623,distanceM,4985.449081711832
623,activeEnergyKcal,35.165629936397906
623,heartRateBpm,164.51543776858728
624,powerWatts,214.28392959635812
624,cadenceSpm,90.29946662363552
624,speedMps,8.154708750867686
624,distanceM,4993.6037904627
624,activeEnergyKcal,35.22449114364244
624,heartRateBpm,165.20928715433516
625,powerWatts,218.8553226493206
625,cadenceSpm,91.56935011852676
625,speedMps,8.212290275191844
625,distanceM,5001.816080737892
625,activeEnergyKcal,35.283352239882085
625,heartRateBpm,165.58529948005804
626,powerWatts,198.3870017360755
626,cadenceSpm,94.09923008258804
626,speedMps,7.947849936580814
626,distanceM,5009.763930674472
626,activeEnergyKcal,35.34221322511684
626,heartRateBpm,166.32757169276556
627,powerWatts,204.12102353803536
627,cadenceSpm,94.27011727361202
627,speedMps,8.023696626093626
627,distanceM,5017.787627300566
627,activeEnergyKcal,35.401074099346715
627,heartRateBpm,167.4458797028663
628,powerWatts,214.23828534023656
628,cadenceSpm,92.15943644063768
628,speedMps,8.15412970286194
628,distanceM,5025.9417570034275
628,activeEnergyKcal,35.4599348625717
628,heartRateBpm,166.17851192539374
629,powerWatts,213.89919140406042
629,cadenceSpm,91.16313099883187
629,speedMps,8.149825342993429
629,distanceM,5034.091582346421
629,activeEnergyKcal,35.5187955147918
629,heartRateBpm,165.50105638873632
630,powerWatts,205.15721514386823
630,cadenceSpm,91.47806873149064
630,speedMps,8.037250771667695
630,distanceM,5042.128833118089
630,activeEnergyKcal,35.57765605600701
630,heartRateBpm,165.0374093023598
631,powerWatts,205.8773069876068
631,cadenceSpm,92.52904509453036
631,speedMps,8.0466432442421
631,distanceM,5050.17547636233
631,activeEnergyKcal,35.63651648621733
631,heartRateBpm,167.557037325287
632,powerWatts,215.99530385276586
632,cadenceSpm,91.99923389486796
632,speedMps,8.176360351402753
632,distanceM,5058.351836713733
632,activeEnergyKcal,35.69537680542277
632,heartRateBpm,166.9449920259767
633,powerWatts,209.4601230409282
633,cadenceSpm,89.30121984200544
633,speedMps,8.093052767992903
633,distanceM,5066.444889481726
633,activeEnergyKcal,35.75423701362332
633,heartRateBpm,166.78876180486637
634,powerWatts,200.29632712482316
634,cadenceSpm,92.54987512948111
634,speedMps,7.973265928939468
634,distanceM,5074.418155410665
634,activeEnergyKcal,35.81309711081899
634,heartRateBpm,164.83750984707603
635,powerWatts,208.58013027765006
635,cadenceSpm,90.32636903137698
635,speedMps,8.081703233425209
635,distanceM,5082.499858644091
635,activeEnergyKcal,35.87195709700977
635,heartRateBpm,164.9865134719074
636,powerWatts,209.46015492281163
636,cadenceSpm,93.14736993718566
636,speedMps,8.093053178606862
636,distanceM,5090.592911822698
636,activeEnergyKcal,35.930816972195665
636,heartRateBpm,166.2932477905098
637,powerWatts,214.96927104838053
637,cadenceSpm,89.52699403500857
637,speedMps,8.163393197960005
637,distanceM,5098.756305020658
637,activeEnergyKcal,35.98967673637667
637,heartRateBpm,165.6733457106989
638,powerWatts,213.93505016337318
638,cadenceSpm,90.25601042767825
638,speedMps,8.150280738662424
638,distanceM,5106.9065857593205
638,activeEnergyKcal,36.048536389552794
638,heartRateBpm,163.7324458407475
639,powerWatts,212.27206562963053
639,cadenceSpm,92.89072818983936
639,speedMps,8.129107548400182
639,distanceM,5115.035693307721
639,activeEnergyKcal,36.10739593172403
639,heartRateBpm,164.81113397268587
640,powerWatts,191.06315031729855
640,cadenceSpm,90.8751982869886
640,speedMps,7.8488175186737354
640,distanceM,5122.884510826395
640,activeEnergyKcal,36.166255362890375
640,heartRateBpm,166.19194071660084
641,powerWatts,209.1416954519323
641,cadenceSpm,91.7312425669912
641,speedMps,8.088949587157002
641,distanceM,5130.973460413552
641,activeEnergyKcal,36.225114683051835
641,heartRateBpm,166.3878708553547
642,powerWatts,219.74901821525233
642,cadenceSpm,90.6148146513674
642,speedMps,8.223453388074647
642,distanceM,5139.196913801627
642,activeEnergyKcal,36.28397389220841
642,heartRateBpm,168.15198727241747
643,powerWatts,213.01282395225118
643,cadenceSpm,94.10644845024
643,speedMps,8.138552523376765
643,distanceM,5147.335466325003
643,activeEnergyKcal,36.342832990360094
643,heartRateBpm,165.87582966993833
644,powerWatts,203.44749136526866
644,cadenceSpm,92.60951204031903
644,speedMps,8.014861715811339
644,distanceM,5155.350328040814
644,activeEnergyKcal,36.4016919775069
644,heartRateBpm,166.89646650618917
645,powerWatts,210.34722714867615
645,cadenceSpm,90.4122082575585
645,speedMps,8.104461890767402
645,distanceM,5163.454789931581
645,activeEnergyKcal,36.46055085364882
645,heartRateBpm,168.1342845526514
646,powerWatts,202.29951753934844
646,cadenceSpm,93.91530606596787
646,speedMps,7.999758373174079
646,distanceM,5171.454548304755
646,activeEnergyKcal,36.51940961878585
646,heartRateBpm,167.5257017616904
647,powerWatts,204.46857404559452
647,cadenceSpm,91.01589525405787
647,speedMps,8.02824794336604
647,distanceM,5179.482796248121
647,activeEnergyKcal,36.578268272917995
647,heartRateBpm,166.5099157913518
648,powerWatts,201.40934335779733
648,cadenceSpm,93.19375810566085
648,speedMps,7.988007399314619
648,distanceM,5187.470803647436
648,activeEnergyKcal,36.63712681604525
648,heartRateBpm,165.98066913034813
649,powerWatts,213.33205952013066
649,cadenceSpm,90.02030361638388
649,speedMps,8.142616157611652
649,distanceM,5195.613419805048
649,activeEnergyKcal,36.695985248167624
649,heartRateBpm,166.1203578965372
650,powerWatts,201.57084152596013
650,cadenceSpm,88.48780108236407
650,speedMps,7.990141864859402
650,distanceM,5203.603561669907
650,activeEnergyKcal,36.75484356928511
650,heartRateBpm,165.7852305081399
651,powerWatts,223.05451411513468
651,cadenceSpm,92.74995758167799
651,speedMps,8.264481139585275
651,distanceM,5211.868042809492
651,activeEnergyKcal,36.813701779397704
651,heartRateBpm,168.60750617413953
652,powerWatts,225.69389667973965
652,cadenceSpm,91.5398263715783
652,speedMps,8.296951006335176
652,distanceM,5220.164993815827
652,activeEnergyKcal,36.87255987850541
652,heartRateBpm,167.4764904474567
653,powerWatts,209.20162685420388
653,cadenceSpm,93.39298058788002
653,speedMps,8.089722166710125
653,distanceM,5228.254715982537
653,activeEnergyKcal,36.931417866608236
653,heartRateBpm,166.55362478584294
654,powerWatts,212.58272288659475
654,cadenceSpm,90.8961311230425
654,speedMps,8.133071227903384
654,distanceM,5236.38778721044
654,activeEnergyKcal,36.99027574370618
654,heartRateBpm,167.74489312522104
655,powerWatts,203.24419750392954
655,cadenceSpm,92.01151629102458
655,speedMps,8.012191222980027
655,distanceM,5244.39997843342
655,activeEnergyKcal,37.04913350979923
655,heartRateBpm,163.94096107579924
656,powerWatts,196.47762644483169
656,cadenceSpm,92.88055335123482
656,speedMps,7.922269672674641
656,distanceM,5252.322248106095
656,activeEnergyKcal,37.1079911648874
656,heartRateBpm,162.43713285125128
657,powerWatts,203.20731963362576
657,cadenceSpm,92.34908334434958
657,speedMps,8.011706600007624
657,distanceM,5260.333954706102
657,activeEnergyKcal,37.16684870897068
657,heartRateBpm,161.7494267947507
658,powerWatts,222.06247222967596
658,cadenceSpm,93.01548549241721
658,speedMps,8.252210751662345
658,distanceM,5268.586165457765
658,activeEnergyKcal,37.22570614204908
658,heartRateBpm,160.1036485906779
659,powerWatts,222.5323132714888
659,cadenceSpm,91.06545392231438
659,speedMps,8.258026676615225
659,distanceM,5276.84419213438
659,activeEnergyKcal,37.284563464122584
659,heartRateBpm,160.29559460638296
660,powerWatts,206.01746325139533
660,cadenceSpm,91.39915412430729
660,speedMps,8.048468816380145
660,distanceM,5284.892660950761
660,activeEnergyKcal,37.343420675191204
660,heartRateBpm,161.18970219936278
661,powerWatts,203.44672958842293
661,cadenceSpm,90.7997734867037
661,speedMps,8.01485171233959
661,distanceM,5292.9075126631005
661,activeEnergyKcal,37.40227777525494
661,heartRateBpm,161.64204241604466
662,powerWatts,208.82879072015473
662,cadenceSpm,89.64893383295019
662,speedMps,8.08491351339652
662,distanceM,5300.992426176497
662,activeEnergyKcal,37.46113476431378
662,heartRateBpm,161.8585567255776
663,powerWatts,210.686995567686
663,cadenceSpm,91.48588847616693
663,speedMps,8.10882318572723
663,distanceM,5309.101249362225
663,activeEnergyKcal,37.51999164236774
663,heartRateBpm,162.934739531426
664,powerWatts,211.5538345679083
664,cadenceSpm,92.41970988368568
664,speedMps,8.11992880106209
664,distanceM,5317.221178163287
664,activeEnergyKcal,37.57884840941682
664,heartRateBpm,163.66928787067965
665,powerWatts,204.06185486816145
665,cadenceSpm,92.02694108823967
665,speedMps,8.022921273432495
665,distanceM,5325.244099436719
665,activeEnergyKcal,37.63770506546101
665,heartRateBpm,163.14763528026324
666,powerWatts,205.1908351081443
666,cadenceSpm,92.19020309915724
666,speedMps,8.037689780234397
666,distanceM,5333.281789216953
666,activeEnergyKcal,37.69656161050032
666,heartRateBpm,165.15908603272587
667,powerWatts,209.6080418342289
667,cadenceSpm,92.18167874687673
667,speedMps,8.09495739928281
667,distanceM,5341.376746616236
667,activeEnergyKcal,37.755418044534736
667,heartRateBpm,162.63904090448017
668,powerWatts,210.34453817560728
668,cadenceSpm,92.9824647201177
668,speedMps,8.104427356166493
668,distanceM,5349.481173972403
668,activeEnergyKcal,37.814274367564266
668,heartRateBpm,162.36030257578946
669,powerWatts,215.120500456018
669,cadenceSpm,90.12451083834074
669,speedMps,8.165307046276874
669,distanceM,5357.64648101868
669,activeEnergyKcal,37.87313057958891
669,heartRateBpm,163.33695361114889
670,powerWatts,213.84647195480787
670,cadenceSpm,92.0920607042852
670,speedMps,8.149155729106042
670,distanceM,5365.7956367477855
670,activeEnergyKcal,37.93198668060867
670,heartRateBpm,164.30129966873758
671,powerWatts,197.58800459704446
671,cadenceSpm,90.16163149278128
671,speedMps,7.937165678619734
671,distanceM,5373.732802426405
671,activeEnergyKcal,37.990842670623536
671,heartRateBpm,164.64072937587935
672,powerWatts,201.42382481740574
672,cadenceSpm,90.54809414753734
672,speedMps,7.988198842326889
672,distanceM,5381.721001268732
672,activeEnergyKcal,38.04969854963352
672,heartRateBpm,164.6743398393063
673,powerWatts,216.2873369442151
673,cadenceSpm,92.9080918471587
673,speedMps,8.180043598893874
673,distanceM,5389.901044867625
673,activeEnergyKcal,38.108554317638614
673,heartRateBpm,166.6950763712861
674,powerWatts,204.70127996752487
674,cadenceSpm,91.81209369758169
674,speedMps,8.031292441449603
674,distanceM,5397.932337309075
674,activeEnergyKcal,38.16740997463883
674,heartRateBpm,165.91700016899563
675,powerWatts,214.27379697637505
675,cadenceSpm,89.63802513432148
675,speedMps,8.154580214448078
675,distanceM,5406.086917523523
675,activeEnergyKcal,38.22626552063416
675,heartRateBpm,166.05066805112585
676,powerWatts,198.69449555924317
676,cadenceSpm,93.90587050752485
676,speedMps,7.951954125469539
676,distanceM,5414.038871648992
676,activeEnergyKcal,38.2851209556246
676,heartRateBpm,166.0144102056306
677,powerWatts,208.04245112187604
677,cadenceSpm,92.55964734477499
677,speedMps,8.074752902861826
677,distanceM,5422.113624551855
677,activeEnergyKcal,38.34397627961015
677,heartRateBpm,165.63089750953748
678,powerWatts,212.3180611490418
678,cadenceSpm,91.60135137104349
678,speedMps,8.129694649549844
678,distanceM,5430.243319201404
678,activeEnergyKcal,38.40283149259082
678,heartRateBpm,163.45324358894803
679,powerWatts,218.6214987570718
679,cadenceSpm,90.14052830991089
679,speedMps,8.20936457689058
679,distanceM,5438.452683778295
679,activeEnergyKcal,38.4616865945666
679,heartRateBpm,161.91290796747248
680,powerWatts,216.06073961867625
680,cadenceSpm,93.27684350794667
680,speedMps,8.177185944016362
680,distanceM,5446.629869722311
680,activeEnergyKcal,38.520541585537494
680,heartRateBpm,161.48691741215694
681,powerWatts,208.13806127334834
681,cadenceSpm,93.17884896090456
681,speedMps,8.075989685879016
681,distanceM,5454.70585940819
681,activeEnergyKcal,38.5793964655035
681,heartRateBpm,161.86368443074346
682,powerWatts,216.9205724664235
682,cadenceSpm,93.44547542914854
682,speedMps,8.188018865056382
682,distanceM,5462.893878273247
682,activeEnergyKcal,38.63825123446462
682,heartRateBpm,161.89239470927458
683,powerWatts,219.6715972494877
683,cadenceSpm,92.18130630491208
683,speedMps,8.222487524848324
683,distanceM,5471.116365798095
683,activeEnergyKcal,38.69710589242085
683,heartRateBpm,160.7482387226541
684,powerWatts,214.23322371945716
684,cadenceSpm,91.38417042471877
684,speedMps,8.154065485523567
684,distanceM,5479.270431283619
684,activeEnergyKcal,38.7559604393722
684,heartRateBpm,160.84355793543878
685,powerWatts,207.86363658598367
685,cadenceSpm,92.46965905096374
685,speedMps,8.072438796518139
685,distanceM,5487.342870080137
685,activeEnergyKcal,38.81481487531867
685,heartRateBpm,161.52947644357735
686,powerWatts,198.97321432460672
686,cadenceSpm,91.50212513328083
686,speedMps,7.9556705902933
686,distanceM,5495.29854067043
686,activeEnergyKcal,38.873669200260245
686,heartRateBpm,161.28235824515338
687,powerWatts,222.96214003464874
687,cadenceSpm,91.75744633588982
687,speedMps,8.26334011917986
687,distanceM,5503.56188078961
687,activeEnergyKcal,38.932523414196936
687,heartRateBpm,162.87630992930752
688,powerWatts,213.67653804696002
688,cadenceSpm,89.68965413348981
688,speedMps,8.146996571268811
688,distanceM,5511.708877360878
688,activeEnergyKcal,38.99137751712874
688,heartRateBpm,161.74821822337503
689,powerWatts,218.04190058602723
689,cadenceSpm,90.98855622116555
689,speedMps,8.202103406686993
689,distanceM,5519.910980767565
689,activeEnergyKcal,39.050231509055656
689,heartRateBpm,161.85607627412264
690,powerWatts,200.55142349406566
690,cadenceSpm,91.16077450628288
690,speedMps,7.976649396412415
690,distanceM,5527.8876301639775
690,activeEnergyKcal,39.109085389977686
690,heartRateBpm,161.86213229687218
691,powerWatts,205.43508355545174
691,cadenceSpm,90.64570582702554
691,speedMps,8.040877730939837
691,distanceM,5535.928507894917
691,activeEnergyKcal,39.16793915989483
691,heartRateBpm,162.80944885853683
692,powerWatts,216.8586070871075
692,cadenceSpm,91.79456663362814
692,speedMps,8.187239129554236
692,distanceM,5544.115747024472
692,activeEnergyKcal,39.226792818807084
692,heartRateBpm,163.0309282438711
693,powerWatts,194.52540091220246
693,cadenceSpm,92.63784676917591
693,speedMps,7.8959434080057855
693,distanceM,5552.011690432478
693,activeEnergyKcal,39.28564636671446
693,heartRateBpm,163.382625337785
694,powerWatts,213.01580856753299
694,cadenceSpm,91.67371261162688
694,speedMps,8.13859053413176
694,distanceM,5560.15028096661
694,activeEnergyKcal,39.34449980361695
694,heartRateBpm,163.58266589007042
695,powerWatts,210.52888870041386
695,cadenceSpm,91.70022127947914
695,speedMps,8.106794296912847
695,distanceM,5568.257075263523
695,activeEnergyKcal,39.40335312951455
695,heartRateBpm,162.93932107583038
696,powerWatts,202.31022506152334
696,cadenceSpm,92.74108569187231
696,speedMps,7.999899510566138
696,distanceM,5576.256974774089
696,activeEnergyKcal,39.462206344407264
696,heartRateBpm,163.22560992161468
697,powerWatts,210.14370883164128
697,cadenceSpm,92.33186128441665
697,speedMps,8.10184726366436
697,distanceM,5584.358822037753
697,activeEnergyKcal,39.52105944829509
697,heartRateBpm,163.83011810643922
698,powerWatts,210.1909243764283
698,cadenceSpm,92.0894412770199
698,speedMps,8.102453998437404
698,distanceM,5592.461276036191
698,activeEnergyKcal,39.57991244117803
698,heartRateBpm,164.71388093488528
699,powerWatts,202.62735736842657
699,cadenceSpm,92.78818695704062
699,speedMps,8.004077421159902
699,distanceM,5600.465353457351
699,activeEnergyKcal,39.638765323056084
699,heartRateBpm,163.52255571210912
700,powerWatts,239.6272942968772
700,cadenceSpm,94.89746424151939
700,speedMps,8.464292873066803
700,distanceM,5608.929646330417
700,activeEnergyKcal,39.70650327557361
700,heartRateBpm,162.33296722504835
701,powerWatts,238.4369977952549
701,cadenceSpm,94.17819032681571
701,speedMps,8.45025475853796
701,distanceM,5617.379901088955
701,activeEnergyKcal,39.77423878306246
701,heartRateBpm,162.95775220668807
702,powerWatts,237.13581214993857
702,cadenceSpm,92.59247787505922
702,speedMps,8.434855285816498
702,distanceM,5625.814756374772
702,activeEnergyKcal,39.84197184552262
702,heartRateBpm,164.1481136452564
703,powerWatts,247.25691717391496
703,cadenceSpm,96.29627466930428
703,speedMps,8.553189037842808
703,distanceM,5634.367945412614
703,activeEnergyKcal,39.90970246295411
703,heartRateBpm,164.81375133950223
704,powerWatts,248.16026201087587
704,cadenceSpm,95.33958766588187
704,speedMps,8.563592641268533
704,distanceM,5642.931538053883
704,activeEnergyKcal,39.97743063535691
704,heartRateBpm,165.64009592289486
705,powerWatts,238.52562235034404
705,cadenceSpm,92.95627942010212
705,speedMps,8.45130158615325
705,distanceM,5651.382839640036
705,activeEnergyKcal,40.045156362731035
705,heartRateBpm,165.8207555524199
706,powerWatts,223.05534727451493
706,cadenceSpm,94.37042424438881
706,speedMps,8.264491429478516
706,distanceM,5659.647331069515
706,activeEnergyKcal,40.112879645076475
706,heartRateBpm,166.82789931502228
707,powerWatts,219.21944856058272
707,cadenceSpm,94.70439468876216
707,speedMps,8.216842218115852
707,distanceM,5667.86417328763
707,activeEnergyKcal,40.18060048239324
707,heartRateBpm,167.63359715542697
708,powerWatts,243.35981009520367
708,cadenceSpm,94.74792646715214
708,speedMps,8.508014209702699
708,distanceM,5676.3721874973335
708,activeEnergyKcal,40.24831887468132
708,heartRateBpm,169.2889646098305
709,powerWatts,231.673093663576
709,cadenceSpm,91.71519564230601
709,speedMps,8.369582346745732
709,distanceM,5684.7417698440795
709,activeEnergyKcal,40.31603482194072
709,heartRateBpm,171.30458150681537
710,powerWatts,233.22863744318406
710,cadenceSpm,94.4768493413063
710,speedMps,8.388272793959807
710,distanceM,5693.130042638039
710,activeEnergyKcal,40.383748324171435
710,heartRateBpm,172.70460928253323
711,powerWatts,245.99320549468868
711,cadenceSpm,94.21632901166808
711,speedMps,8.538592571767753
711,distanceM,5701.668635209807
711,activeEnergyKcal,40.451459381373475
711,heartRateBpm,172.54359557068614
712,powerWatts,224.84862506797668
712,cadenceSpm,95.73204612202771
712,speedMps,8.28658010014276
712,distanceM,5709.955215309949
712,activeEnergyKcal,40.51916799354684
712,heartRateBpm,173.56865629643036
713,powerWatts,234.2167175696066
713,cadenceSpm,96.2652801189158
713,speedMps,8.400101828164626
713,distanceM,5718.355317138114
713,activeEnergyKcal,40.586874160691515
713,heartRateBpm,172.8924634614287
714,powerWatts,229.7266550453561
714,cadenceSpm,96.02814813814514
714,speedMps,8.34607693276445
714,distanceM,5726.701394070878
714,activeEnergyKcal,40.654577882807516
714,heartRateBpm,173.33462800154325
715,powerWatts,222.67632156843467
715,cadenceSpm,95.13424209729818
715,speedMps,8.259807643318057
715,distanceM,5734.961201714196
715,activeEnergyKcal,40.72227915989483
715,heartRateBpm,174.0014229876777
716,powerWatts,223.56995720110868
716,cadenceSpm,93.27674739534477
716,speedMps,8.27084220427
716,distanceM,5743.232043918466
716,activeEnergyKcal,40.78997799195347
716,heartRateBpm,173.37924503747058
717,powerWatts,230.05780286890337
717,cadenceSpm,93.67785562884876
717,speedMps,8.350085259221242
717,distanceM,5751.582129177687
717,activeEnergyKcal,40.857674378983425
717,heartRateBpm,176.6984630089974
718,powerWatts,235.02940908872216
718,cadenceSpm,94.44896817735052
718,speedMps,8.409806246304349
718,distanceM,5759.991935423992
718,activeEnergyKcal,40.9253683209847
718,heartRateBpm,178.42585567288646
719,powerWatts,236.92821496689186
719,cadenceSpm,92.44764932410615
719,speedMps,8.432393175732182
719,distanceM,5768.4243285997245
719,activeEnergyKcal,40.993059817957295
719,heartRateBpm,176.6554527750336
720,powerWatts,228.58763779052234
720,cadenceSpm,94.95682984873399
720,speedMps,8.332260396047479
720,distanceM,5776.756588995772
720,activeEnergyKcal,41.06074886990121
720,heartRateBpm,175.7593200260433
721,powerWatts,225.28795855489895
721,cadenceSpm,94.40108295738978
721,speedMps,8.291973660047555
721,distanceM,5785.04856265582
721,activeEnergyKcal,41.12843547681644
721,heartRateBpm,177.84528469442856
722,powerWatts,229.05314412357876
722,cadenceSpm,93.96464622690752
722,speedMps,8.337912626501886
722,distanceM,5793.386475282322
722,activeEnergyKcal,41.196119638702996
722,heartRateBpm,178.88715160647214
723,powerWatts,239.23602147060737
723,cadenceSpm,95.85885223263993
723,speedMps,8.459683420412324
723,distanceM,5801.846158702734
723,activeEnergyKcal,41.263801355560865
723,heartRateBpm,182.28526809445685
724,powerWatts,244.33032118256784
724,cadenceSpm,96.80151313331802
724,speedMps,8.519309104004542
724,distanceM,5810.365467806739
724,activeEnergyKcal,41.33148062739006
724,heartRateBpm,181.97189572918597
725,powerWatts,233.77287711215456
725,cadenceSpm,96.31880485972702
725,speedMps,8.394792411307625
725,distanceM,5818.760260218046
725,activeEnergyKcal,41.399157454190565
725,heartRateBpm,183.61216327097134
726,powerWatts,239.7128130774483
726,cadenceSpm,94.40973998616457
726,speedMps,8.465299672554577
726,distanceM,5827.2255598906
726,activeEnergyKcal,41.466831835962395
726,heartRateBpm,184.3440358981296
727,powerWatts,227.52118273117162
727,cadenceSpm,95.41129983394696
727,speedMps,8.31928238874206
727,distanceM,5835.544842279342
727,activeEnergyKcal,41.53450377270554
727,heartRateBpm,183.85918176284991
728,powerWatts,228.65447846636698
728,cadenceSpm,93.26064350305205
728,speedMps,8.333072454603448
728,distanceM,5843.8779147339455
728,activeEnergyKcal,41.60217326442001
728,heartRateBpm,183.6465415670625
729,powerWatts,226.3578769602053
729,cadenceSpm,96.01957148980243
729,speedMps,8.305079446870808
729,distanceM,5852.182994180816
729,activeEnergyKcal,41.669840311105794
729,heartRateBpm,185.06059836239584
730,powerWatts,227.5632742061143
730,cadenceSpm,93.12745591323703
730,speedMps,8.319795380207038
730,distanceM,5860.502789561024
730,activeEnergyKcal,41.7375049127629
730,heartRateBpm,186.21415310225606
731,powerWatts,234.323760279527
731,cadenceSpm,94.2748495670604
731,speedMps,8.401381316561276
731,distanceM,5868.904170877585
731,activeEnergyKcal,41.805167069391324
731,heartRateBpm,188.14734592450102
732,powerWatts,211.1870759561064
732,cadenceSpm,94.88721070498343
732,speedMps,8.115233736973956
732,distanceM,5877.019404614559
732,activeEnergyKcal,41.87282678099107
732,heartRateBpm,188.27377839230002
733,powerWatts,224.38543598439117
733,cadenceSpm,93.94005574985967
733,speedMps,8.280886058847422
733,distanceM,5885.300290673406
733,activeEnergyKcal,41.94048404756213
733,heartRateBpm,188.83705423526754
734,powerWatts,224.69745901794153
734,cadenceSpm,95.20910592515482
734,speedMps,8.284722657302538
734,distanceM,5893.5850133307085
734,activeEnergyKcal,42.00813886910451
734,heartRateBpm,188.98774862482546
735,powerWatts,215.38524927700203
735,cadenceSpm,93.1694834160331
735,speedMps,8.168655354458473
735,distanceM,5901.753668685167
735,activeEnergyKcal,42.07579124561822
735,heartRateBpm,190.27424507801499
736,powerWatts,228.67833602692193
736,cadenceSpm,95.27267445515214
736,speedMps,8.333362265774724
736,distanceM,5910.087030950942
736,activeEnergyKcal,42.14344117710324
736,heartRateBpm,189.3673672723267
737,powerWatts,229.31488564992534
737,cadenceSpm,94.80755891644621
737,speedMps,8.341087358778347
737,distanceM,5918.42811830972
737,activeEnergyKcal,42.211088663559586
737,heartRateBpm,190.37088759531363
738,powerWatts,208.17486078925134
738,cadenceSpm,95.50729529754696
738,speedMps,8.076465611963682
738,distanceM,5926.504583921684
738,activeEnergyKcal,42.278733704987246
738,heartRateBpm,190.5103559561424
739,powerWatts,234.06723968855744
739,cadenceSpm,93.82004831032262
739,speedMps,8.398314456985114
739,distanceM,5934.902898378668
739,activeEnergyKcal,42.34637630138623
739,heartRateBpm,193.50487159958686
740,powerWatts,240.77260153397106
740,cadenceSpm,93.51693539560776
740,speedMps,8.477756576043939
740,distanceM,5943.380654954713
740,activeEnergyKcal,42.41401645275653
740,heartRateBpm,192.70565780280168
741,powerWatts,229.61118149127387
741,cadenceSpm,95.62533599216637
741,speedMps,8.344678295632676
741,distanceM,5951.725333250345
741,activeEnergyKcal,42.48165415909815
741,heartRateBpm,191.82941464953913
742,powerWatts,238.93354259287784
742,cadenceSpm,95.49285425001462
742,speedMps,8.456116573566025
742,distanceM,5960.181449823911
742,activeEnergyKcal,42.549289420411085
742,heartRateBpm,193.65978238408874
743,powerWatts,243.35401174473304
743,cadenceSpm,95.18921524363012
743,speedMps,8.507946637822219
743,distanceM,5968.689396461733
743,activeEnergyKcal,42.616922236695345
743,heartRateBpm,194.41258139196293
744,powerWatts,228.16402978857653
744,cadenceSpm,96.30943472658295
744,speedMps,8.327110227292133
744,distanceM,5977.016506689025
744,activeEnergyKcal,42.68455260795092
744,heartRateBpm,193.0891433174205
745,powerWatts,217.22214993192568
745,cadenceSpm,93.9630559006975
745,speedMps,8.191811618156452
745,distanceM,5985.208318307182
745,activeEnergyKcal,42.75218053417782
745,heartRateBpm,191.70332685636708
746,powerWatts,237.99138134743956
746,cadenceSpm,95.29079475626486
746,speedMps,8.444987230404848
746,distanceM,5993.653305537587
746,activeEnergyKcal,42.81980601537603
746,heartRateBpm,191.8029881525579
747,powerWatts,235.26862666631456
747,cadenceSpm,93.62061660652728
747,speedMps,8.412658501164438
747,distanceM,6002.065964038751
747,activeEnergyKcal,42.88742905154557
747,heartRateBpm,190.67195461185744
748,powerWatts,233.40533201916358
748,cadenceSpm,95.52557220666846
748,speedMps,8.390390584441654
748,distanceM,6010.456354623193
748,activeEnergyKcal,42.95504964268642
748,heartRateBpm,188.22982792853938
749,powerWatts,230.7953497267159
749,cadenceSpm,93.61399049754075
749,speedMps,8.35899897490761
749,distanceM,6018.815353598101
749,activeEnergyKcal,43.02266778879859
749,heartRateBpm,185.6919567100369
750,powerWatts,231.02894065192407
750,cadenceSpm,94.08135103702544
750,speedMps,8.361818107284655
750,distanceM,6027.177171705385
750,activeEnergyKcal,43.09028348988208
750,heartRateBpm,188.54559722856524
751,powerWatts,231.54955284205226
751,cadenceSpm,94.12038908912085
751,speedMps,8.368094375182595
751,distanceM,6035.545266080568
751,activeEnergyKcal,43.157896745936895
751,heartRateBpm,187.47967274576513
752,powerWatts,228.10236559803982
752,cadenceSpm,94.42008757558395
752,speedMps,8.326359991043761
752,distanceM,6043.871626071611
752,activeEnergyKcal,43.225507556963024
752,heartRateBpm,187.62732231920182
753,powerWatts,235.7735105558636
753,cadenceSpm,93.91310147109701
753,speedMps,8.41867202581819
753,distanceM,6052.2902980974295
753,activeEnergyKcal,43.293115922960475
753,heartRateBpm,188.49348313402797
754,powerWatts,225.7719111819963
754,cadenceSpm,94.44740648419005
754,speedMps,8.297906884991853
754,distanceM,6060.588204982421
754,activeEnergyKcal,43.36072184392924
754,heartRateBpm,189.61026281072688
755,powerWatts,235.18883331284783
755,cadenceSpm,94.27286328611102
755,speedMps,8.411707318755566
755,distanceM,6068.999912301177
755,activeEnergyKcal,43.42832531986933
755,heartRateBpm,190.05163418711103
756,powerWatts,222.70126951325136
756,cadenceSpm,93.27677547975023
756,speedMps,8.260116099299784
756,distanceM,6077.260028400477
756,activeEnergyKcal,43.49592635078074
756,heartRateBpm,190.077598872282
757,powerWatts,223.01068206821353
757,cadenceSpm,95.10379057920167
757,speedMps,8.263939757945263
757,distanceM,6085.523968158422
757,activeEnergyKcal,43.56352493666347
757,heartRateBpm,188.70585209841684
758,powerWatts,211.6421199138111
758,cadenceSpm,92.60869608969462
758,speedMps,8.121058176360071
758,distanceM,6093.6450263347815
758,activeEnergyKcal,43.63112107751752
758,heartRateBpm,190.62678957505622
759,powerWatts,238.071952059312
759,cadenceSpm,93.87018568129264
759,speedMps,8.445940124664382
759,distanceM,6102.090966459446
759,activeEnergyKcal,43.698714773342886
759,heartRateBpm,190.84710568844562
760,powerWatts,245.88742070294674
760,cadenceSpm,93.95751211922412
760,speedMps,8.537368442098757
760,distanceM,6110.628334901544
760,activeEnergyKcal,43.766306024139574
760,heartRateBpm,190.66120914108518
761,powerWatts,226.37037439780977
761,cadenceSpm,93.58603180891878
761,speedMps,8.305232287884461
761,distanceM,6118.933567189429
761,activeEnergyKcal,43.83389482990758
761,heartRateBpm,191.32170417490156
762,powerWatts,231.0551749547379
762,cadenceSpm,93.9275505584195
762,speedMps,8.362134601782241
762,distanceM,6127.295701791211
762,activeEnergyKcal,43.901481190646905
762,heartRateBpm,190.31467170585393
763,powerWatts,222.68255674972556
763,cadenceSpm,93.5268147168245
763,speedMps,8.25988473715697
763,distanceM,6135.555586528369
763,activeEnergyKcal,43.96906510635755
763,heartRateBpm,191.0837320860213
764,powerWatts,238.2068282238335
764,cadenceSpm,95.47007967557713
764,speedMps,8.44753479796041
764,distanceM,6144.003121326329
764,activeEnergyKcal,44.03664657703951
764,heartRateBpm,192.40658602919333
765,powerWatts,232.93823039534422
765,cadenceSpm,95.01433175828092
765,speedMps,8.38478976640211
765,distanceM,6152.387911092731
765,activeEnergyKcal,44.10422560269279
765,heartRateBpm,193.4733781931448
766,powerWatts,228.50773082076387
766,cadenceSpm,93.27721425866842
766,speedMps,8.331289385129462
766,distanceM,6160.719200477861
766,activeEnergyKcal,44.171802183317396
766,heartRateBpm,193.11948788249452
767,powerWatts,231.62521811017942
767,cadenceSpm,92.68800125752375
767,speedMps,8.36900577858094
767,distanceM,6169.0882062564415
767,activeEnergyKcal,44.239376318913315
767,heartRateBpm,191.21537822493502
768,powerWatts,224.89600176012306
768,cadenceSpm,93.86433270830102
768,speedMps,8.287162066764184
768,distanceM,6177.375368323205
768,activeEnergyKcal,44.30694800948056
768,heartRateBpm,193.4548633083793
769,powerWatts,239.48699904239768
769,cadenceSpm,95.04011412649511
769,speedMps,8.46264067960366
769,distanceM,6185.838009002809
769,activeEnergyKcal,44.374517255019114
769,heartRateBpm,192.75091169117164
770,powerWatts,239.36576830435317
770,cadenceSpm,97.20513286429274
770,speedMps,8.461212480521722
770,distanceM,6194.29922148333
770,activeEnergyKcal,44.442084055528994
770,heartRateBpm,193.42662847285675
771,powerWatts,239.9856806266844
771,cadenceSpm,93.47149665951753
771,speedMps,8.468510500317393
771,distanceM,6202.7677319836475
771,activeEnergyKcal,44.50964841101019
771,heartRateBpm,193.47696222202535
772,powerWatts,237.83217457789056
772,cadenceSpm,94.03760753907392
772,speedMps,8.443103690133801
772,distanceM,6211.210835673782
772,activeEnergyKcal,44.57721032146271
772,heartRateBpm,194.30336757453
773,powerWatts,227.28341240870208
773,cadenceSpm,95.29458645731809
773,speedMps,8.316383365019668
773,distanceM,6219.527219038801
773,activeEnergyKcal,44.64476978688654
773,heartRateBpm,194.51028259556873
774,powerWatts,241.16412681564
774,cadenceSpm,95.44511568919704
774,speedMps,8.48234937226695
774,distanceM,6228.009568411068
774,activeEnergyKcal,44.7123268072817
774,heartRateBpm,194.5334533195721
775,powerWatts,240.9927404749875
775,cadenceSpm,94.87096255824338
775,speedMps,8.480339533087234
775,distanceM,6236.489907944156
775,activeEnergyKcal,44.77988138264817
775,heartRateBpm,193.89808598780317
776,powerWatts,234.80807248174685
776,cadenceSpm,94.98100130134719
776,speedMps,8.407165466709047
776,distanceM,6244.897073410864
776,activeEnergyKcal,44.847433512985965
776,heartRateBpm,193.27970038695258
777,powerWatts,227.6272375248028
777,cadenceSpm,95.53305698261713
777,speedMps,8.320574814517622
777,distanceM,6253.217648225382
777,activeEnergyKcal,44.91498319829508
777,heartRateBpm,194.59599835132863
778,powerWatts,229.67928369557305
778,cadenceSpm,94.8631658103086
778,speedMps,8.345503218889199
778,distanceM,6261.563151444271
778,activeEnergyKcal,44.982530438575516
778,heartRateBpm,195.2222861899208
779,powerWatts,228.08806577357248
779,cadenceSpm,95.21276480664544
779,speedMps,8.32618599317781
779,distanceM,6269.889337437449
779,activeEnergyKcal,45.05007523382727
779,heartRateBpm,196.06046093863276
780,powerWatts,231.24546470470042
780,cadenceSpm,95.92493585543883
780,speedMps,8.364429568592756
780,distanceM,6278.253767006042
780,activeEnergyKcal,45.11761758405034
780,heartRateBpm,197.15027445553596
781,powerWatts,212.61385398884732
781,cadenceSpm,91.7054110177729
781,speedMps,8.133468217069574
781,distanceM,6286.387235223112
781,activeEnergyKcal,45.17630850979923
781,heartRateBpm,197.5726667758721
782,powerWatts,209.06354496852686
782,cadenceSpm,90.94524239858562
782,speedMps,8.087941922512654
782,distanceM,6294.475177145625
782,activeEnergyKcal,45.234999324543224
782,heartRateBpm,196.64342208082059
783,powerWatts,201.02493556896167
783,cadenceSpm,89.46199991763717
783,speedMps,7.9829222200097
783,distanceM,6302.458099365635
783,activeEnergyKcal,45.293690028282334
783,heartRateBpm,196.0080791333116
784,powerWatts,211.71349515092962
784,cadenceSpm,92.72665469908603
784,speedMps,8.121971002384392
784,distanceM,6310.580070368019
784,activeEnergyKcal,45.35238062101656
784,heartRateBpm,194.8555744790367
785,powerWatts,221.49172839388783
785,cadenceSpm,90.80849943710484
785,speedMps,8.245134755943116
785,distanceM,6318.8252051239615
785,activeEnergyKcal,45.41107110274589
785,heartRateBpm,193.23619552026156
786,powerWatts,202.98267294722544
786,cadenceSpm,91.72898455783105
786,speedMps,8.008753184449148
786,distanceM,6326.833958308411
786,activeEnergyKcal,45.46976147347035
786,heartRateBpm,191.32978067642955
787,powerWatts,195.82985982641853
787,cadenceSpm,90.81414133562171
787,speedMps,7.91355378317874
787,distanceM,6334.74751209159
787,activeEnergyKcal,45.52845173318992
787,heartRateBpm,192.528678698709
788,powerWatts,219.7390168764214
788,cadenceSpm,91.64150772082185
788,speedMps,8.223328629395969
788,distanceM,6342.9708407209855
788,activeEnergyKcal,45.5871418819046
788,heartRateBpm,191.71466488416345
789,powerWatts,210.37874519606834
789,cadenceSpm,93.40419950452984
789,speedMps,8.10486665651342
789,distanceM,6351.0757073774985
789,activeEnergyKcal,45.645831919614395
789,heartRateBpm,190.11042436724944
790,powerWatts,204.5392647324601
790,cadenceSpm,91.90272630411235
790,speedMps,8.029173035765037
790,distanceM,6359.104880413263
790,activeEnergyKcal,45.7045218463193
790,heartRateBpm,189.38787629245186
791,powerWatts,214.78096510374942
791,cadenceSpm,90.59684254292823
791,speedMps,8.161008881155867
791,distanceM,6367.265889294419
791,activeEnergyKcal,45.76321166201932
791,heartRateBpm,190.559586663243
792,powerWatts,211.05912380181232
792,cadenceSpm,93.36068929404378
792,speedMps,8.113594477232946
792,distanceM,6375.379483771652
792,activeEnergyKcal,45.82190136671446
792,heartRateBpm,191.1613974269147
793,powerWatts,203.56854298775588
793,cadenceSpm,91.47537542237134
793,speedMps,8.01645101967515
793,distanceM,6383.395934791328
793,activeEnergyKcal,45.8805909604047
793,heartRateBpm,190.96502541936204
794,powerWatts,205.3921263670629
794,cadenceSpm,92.12526671617333
794,speedMps,8.040317233398005
794,distanceM,6391.436252024726
794,activeEnergyKcal,45.93928044309006
794,heartRateBpm,192.291648095712
795,powerWatts,212.51305359241314
795,cadenceSpm,90.9488428651187
795,speedMps,8.13218265264634
795,distanceM,6399.568434677372
795,activeEnergyKcal,45.997969814770535
795,heartRateBpm,191.35682405857014
796,powerWatts,218.62059670609707
796,cadenceSpm,93.75379254505627
796,speedMps,8.209353286028604
796,distanceM,6407.777787963401
796,activeEnergyKcal,46.05665907544613
796,heartRateBpm,191.42430137420504
797,powerWatts,212.42086688748827
797,cadenceSpm,92.20981874042279
797,speedMps,8.131006587556158
797,distanceM,6415.908794550957
797,activeEnergyKcal,46.11534822511683
797,heartRateBpm,190.84635537289242
798,powerWatts,213.14889567757373
798,cadenceSpm,88.74896740637513
798,speedMps,8.140285112585863
798,distanceM,6424.049079663543
798,activeEnergyKcal,46.17403726378265
798,heartRateBpm,189.39356857774442
799,powerWatts,195.2723382246145
799,cadenceSpm,92.1807240195422
799,speedMps,7.9060367634877196
799,distanceM,6431.955116427031
799,activeEnergyKcal,46.23272619144358
799,heartRateBpm,191.17361561537192
800,powerWatts,216.74323152793337
800,cadenceSpm,91.78565044003246
800,speedMps,8.185786916250999
800,distanceM,6440.140903343282
800,activeEnergyKcal,46.29141500809963
800,heartRateBpm,191.7936772253136
801,powerWatts,212.00057568897287
801,cadenceSpm,90.06968090345173
801,speedMps,8.125640437340229
801,distanceM,6448.266543780622
801,activeEnergyKcal,46.350103713750784
801,heartRateBpm,191.375819927631
802,powerWatts,199.79851623250013
802,cadenceSpm,92.29148281081673
802,speedMps,7.966654938235629
802,distanceM,6456.233198718857
802,activeEnergyKcal,46.408792308397054
802,heartRateBpm,190.978320560606
803,powerWatts,225.09655240406386
803,cadenceSpm,88.79157085835192
803,speedMps,8.289624689329301
803,distanceM,6464.522823408187
803,activeEnergyKcal,46.46748079203844
803,heartRateBpm,188.97547488648033
804,powerWatts,206.96288121719837
804,cadenceSpm,92.13068275813241
804,speedMps,8.060761555943797
804,distanceM,6472.583584964131
804,activeEnergyKcal,46.52616916467493
804,heartRateBpm,187.21603333296892
805,powerWatts,210.16669012288335
805,cadenceSpm,92.20394948408295
805,speedMps,8.10214259191971
805,distanceM,6480.685727556051
805,activeEnergyKcal,46.58485742630655
805,heartRateBpm,187.13804940199134
806,powerWatts,215.15544857722347
806,cadenceSpm,94.85498578074703
806,speedMps,8.165749196432978
806,distanceM,6488.851476752484
806,activeEnergyKcal,46.64354557693328
806,heartRateBpm,185.31815598668743
807,powerWatts,217.08975743441817
807,cadenceSpm,93.57978955623936
807,speedMps,8.190147032219697
807,distanceM,6497.041623784704
807,activeEnergyKcal,46.70223361655512
807,heartRateBpm,183.60440955773186
808,powerWatts,230.44247567619954
808,cadenceSpm,90.9031618070446
808,speedMps,8.35473664407729
808,distanceM,6505.396360428781
808,activeEnergyKcal,46.760921545172074
808,heartRateBpm,181.91037851901817
809,powerWatts,201.68759439077277
809,cadenceSpm,92.59422328462092
809,speedMps,7.991684237246033
809,distanceM,6513.388044666027
809,activeEnergyKcal,46.81960936278414
809,heartRateBpm,182.50532928024498
810,powerWatts,205.26547080611644
810,cadenceSpm,92.80241839072414
810,speedMps,8.038664199756125
810,distanceM,6521.426708865783
810,activeEnergyKcal,46.87829706939132
810,heartRateBpm,181.57023508521877
811,powerWatts,195.24717579313858
811,cadenceSpm,91.21520273963117
811,speedMps,7.905697163153931
811,distanceM,6529.332406028937
811,activeEnergyKcal,46.936984664993616
811,heartRateBpm,179.97148024037938
812,powerWatts,223.31727970553743
812,cadenceSpm,92.7463643011435
812,speedMps,8.267725143388665
812,distanceM,6537.600131172326
812,activeEnergyKcal,46.99567214959102
812,heartRateBpm,178.7661663959597
813,powerWatts,210.60762157287292
813,cadenceSpm,91.30432611667997
813,speedMps,8.10780475467906
813,distanceM,6545.707935927005
813,activeEnergyKcal,47.05435952318354
813,heartRateBpm,180.36048445558427
814,powerWatts,205.19287570963965
814,cadenceSpm,91.17263338485165
814,speedMps,8.03771642480879
814,distanceM,6553.745652351813
814,activeEnergyKcal,47.113046785771175
814,heartRateBpm,178.72397367674577
815,powerWatts,200.5213702010851
815,cadenceSpm,93.53258453257284
815,speedMps,7.976250934091811
815,distanceM,6561.721903285905
815,activeEnergyKcal,47.17173393735393
815,heartRateBpm,178.06842284727458
816,powerWatts,213.38596678724028
816,cadenceSpm,92.20939030764089
816,speedMps,8.1433019573576
816,distanceM,6569.865205243263
816,activeEnergyKcal,47.23042097793179
816,heartRateBpm,179.8321855212121
817,powerWatts,211.1392312922208
817,cadenceSpm,90.29831438767107
817,speedMps,8.114620852317895
817,distanceM,6577.97982609558
817,activeEnergyKcal,47.28910790750477
817,heartRateBpm,179.8283049758235
818,powerWatts,209.4002603754772
818,cadenceSpm,91.8229585878685
818,speedMps,8.092281709737952
818,distanceM,6586.072107805318
818,activeEnergyKcal,47.34779472607286
818,heartRateBpm,179.1340594274847
819,powerWatts,207.87287769269687
819,cadenceSpm,89.03866849424573
819,speedMps,8.072558421679007
819,distanceM,6594.144666226997
819,activeEnergyKcal,47.40648143363607
819,heartRateBpm,177.650215991659
820,powerWatts,207.54630998766245
820,cadenceSpm,93.12250136463356
820,speedMps,8.068328883864295
820,distanceM,6602.212995110862
820,activeEnergyKcal,47.465168030194384
820,heartRateBpm,179.93227731687432
821,powerWatts,213.53103481883858
821,cadenceSpm,92.84439814667613
821,speedMps,8.14514691651662
821,distanceM,6610.358142027379
821,activeEnergyKcal,47.523854515747814
821,heartRateBpm,178.74927902180187
822,powerWatts,209.7364124570283
822,cadenceSpm,92.70455841633758
822,speedMps,8.096609598388687
822,distanceM,6618.454751625767
822,activeEnergyKcal,47.58254089029636
822,heartRateBpm,179.66138932302815
823,powerWatts,205.73881665470134
823,cadenceSpm,89.77505039852942
823,speedMps,8.044838557287125
823,distanceM,6626.499590183054
823,activeEnergyKcal,47.64122715384001
823,heartRateBpm,179.4242114997234
824,powerWatts,211.34942729253228
824,cadenceSpm,91.85208568908735
824,speedMps,8.117312749249148
824,distanceM,6634.616902932304
824,activeEnergyKcal,47.69991330637878
824,heartRateBpm,176.95839814510776
825,powerWatts,199.7590336816472
825,cadenceSpm,90.3928911553186
825,speedMps,7.966130135238874
825,distanceM,6642.583033067543
825,activeEnergyKcal,47.75859934791267
825,heartRateBpm,176.36022232758654
826,powerWatts,201.94827576159375
826,cadenceSpm,90.03471040244919
826,speedMps,7.995125840920235
826,distanceM,6650.578158908463
826,activeEnergyKcal,47.81728527844167
826,heartRateBpm,175.9582645382147
827,powerWatts,222.16754471386716
827,cadenceSpm,89.61275144515291
827,speedMps,8.253512102513827
827,distanceM,6658.831671010977
827,activeEnergyKcal,47.87597109796579
827,heartRateBpm,175.94772360040827
828,powerWatts,199.68385653063024
828,cadenceSpm,93.62339816576063
828,speedMps,7.965130687555878
828,distanceM,6666.796801698532
828,activeEnergyKcal,47.934656806485016
828,heartRateBpm,174.76431702664928
829,powerWatts,206.18812711697683
829,cadenceSpm,90.44220757897993
829,speedMps,8.050690640464426
829,distanceM,6674.847492338997
829,activeEnergyKcal,47.99334240399936
829,heartRateBpm,174.60571840190104
830,powerWatts,226.44645309726502
830,cadenceSpm,92.96666737726689
830,speedMps,8.306162592923574
830,distanceM,6683.153654931921
830,activeEnergyKcal,48.05202789050881
830,heartRateBpm,175.47925891481012
831,powerWatts,206.90853670350793
831,cadenceSpm,90.40447577545056
831,speedMps,8.060055959990773
831,distanceM,6691.213710891911
831,activeEnergyKcal,48.11071326601338
831,heartRateBpm,177.41835161750856
832,powerWatts,208.3639964404367
832,cadenceSpm,90.86380676400466
832,speedMps,8.078910808270512
832,distanceM,6699.292621700182
832,activeEnergyKcal,48.16939853051306
832,heartRateBpm,177.58466167547348
833,powerWatts,203.74531742802685
833,cadenceSpm,91.90835628956161
833,speedMps,8.01877078484299
833,distanceM,6707.311392485025
833,activeEnergyKcal,48.22808368400785
833,heartRateBpm,176.3962507029443
834,powerWatts,219.42571786678434
834,cadenceSpm,91.17981085581137
834,speedMps,8.219418557405046
834,distanceM,6715.53081104243
834,activeEnergyKcal,48.286768726497755
834,heartRateBpm,177.0315293338527
835,powerWatts,185.68238560847132
835,cadenceSpm,92.56277249277744
835,speedMps,7.774434752031437
835,distanceM,6723.305245794461
835,activeEnergyKcal,48.34545365798278
835,heartRateBpm,175.60656550173925
836,powerWatts,213.49043560989483
836,cadenceSpm,89.04814492252862
836,speedMps,8.144630664500248
836,distanceM,6731.449876458962
836,activeEnergyKcal,48.40413847846292
836,heartRateBpm,177.19870192086805
837,powerWatts,206.29913249498338
837,cadenceSpm,91.8016039893885
837,speedMps,8.05213512976545
837,distanceM,6739.502011588727
837,activeEnergyKcal,48.46282318793817
837,heartRateBpm,178.36402454370935
838,powerWatts,206.07833874508574
838,cadenceSpm,91.52607091590848
838,speedMps,8.049261477763363
838,distanceM,6747.5512730664905
838,activeEnergyKcal,48.521507786408534
838,heartRateBpm,179.6230639186055
839,powerWatts,200.39533975340484
839,cadenceSpm,89.47355267444851
839,speedMps,7.9745795226221485
839,distanceM,6755.525852589112
839,activeEnergyKcal,48.58019227387401
839,heartRateBpm,177.7221451654075
840,powerWatts,203.24326496741548
840,cadenceSpm,88.87984498472008
840,speedMps,8.012178968965083
840,distanceM,6763.538031558077
840,activeEnergyKcal,48.6388766503346
840,heartRateBpm,177.1966554964871
841,powerWatts,204.86518030772683
841,cadenceSpm,90.00107493095283
841,speedMps,8.033435369589315
841,distanceM,6771.571466927666
841,activeEnergyKcal,48.697560915790305
841,heartRateBpm,179.066227084838
842,powerWatts,211.8510280163928
842,cadenceSpm,88.99622000325914
842,speedMps,8.123729347467735
842,distanceM,6779.695196275134
842,activeEnergyKcal,48.75624507024112
842,heartRateBpm,179.43046270402783
843,powerWatts,201.15420048637694
843,cadenceSpm,91.8582267421652
843,speedMps,7.9846329375953955
843,distanceM,6787.679829212729
843,activeEnergyKcal,48.81492911368705
843,heartRateBpm,178.65276116963665
844,powerWatts,215.12997031150246
844,cadenceSpm,90.64641871015894
844,speedMps,8.165426859967253
844,distanceM,6795.8452560726955
844,activeEnergyKcal,48.87361304612809
844,heartRateBpm,180.16062943043056
845,powerWatts,229.18536916892486
845,cadenceSpm,91.03526324370102
845,speedMps,8.339516721197981
845,distanceM,6804.184772793894
845,activeEnergyKcal,48.932296867564254
845,heartRateBpm,180.82782948712543
846,powerWatts,190.33070013911663
846,cadenceSpm,91.77386042906322
846,speedMps,7.838775062977369
846,distanceM,6812.023547856871
846,activeEnergyKcal,48.99098057799553
846,heartRateBpm,181.09082901702135
847,powerWatts,205.8024018213177
847,cadenceSpm,91.20355142775817
847,speedMps,8.045667245037535
847,distanceM,6820.069215101908
847,activeEnergyKcal,49.04966417742192
847,heartRateBpm,179.1492419930376
848,powerWatts,205.30883593782596
848,cadenceSpm,90.45811561193132
848,speedMps,8.03923025239782
848,distanceM,6828.108445354306
848,activeEnergyKcal,49.10834766584342
848,heartRateBpm,180.50456294875485
849,powerWatts,216.54470833503427
849,cadenceSpm,91.08746218036178
849,speedMps,8.183286930515553
849,distanceM,6836.291732284822
849,activeEnergyKcal,49.16703104326003
849,heartRateBpm,180.3573629021308
850,powerWatts,201.97081312786526
850,cadenceSpm,90.28037625962844
850,speedMps,7.995423247729287
850,distanceM,6844.287155532551
850,activeEnergyKcal,49.22571430967176
850,heartRateBpm,181.74275530097012
851,powerWatts,209.30137952195932
851,cadenceSpm,90.9291986727105
851,speedMps,8.091007757636802
851,distanceM,6852.378163290187
851,activeEnergyKcal,49.2843974650786
851,heartRateBpm,179.8962394888376
852,powerWatts,209.04848118256263
852,cadenceSpm,90.37204105720762
852,speedMps,8.087747662672717
852,distanceM,6860.46591095286
852,activeEnergyKcal,49.34308050948055
852,heartRateBpm,178.28258131940262
853,powerWatts,200.85455798602496
853,cadenceSpm,91.12104590967252
853,speedMps,7.980666288556326
853,distanceM,6868.446577241417
853,activeEnergyKcal,49.401763442877616
853,heartRateBpm,179.93086819235438
854,powerWatts,194.6521267891475
854,cadenceSpm,92.24158355211733
854,speedMps,7.897657671092498
854,distanceM,6876.34423491251
854,activeEnergyKcal,49.460446265269795
854,heartRateBpm,181.22537054085356
855,powerWatts,201.53061049766865
855,cadenceSpm,91.64279559886482
855,speedMps,7.989610251905086
855,distanceM,6884.333845164415
855,activeEnergyKcal,49.51912897665709
855,heartRateBpm,181.28254921931503
856,powerWatts,201.43961154285952
856,cadenceSpm,89.96958426422384
856,speedMps,7.988407530330349
856,distanceM,6892.322252694746
856,activeEnergyKcal,49.577811577039505
856,heartRateBpm,180.85094341326942
857,powerWatts,206.18371770975997
857,cadenceSpm,93.72724645998343
857,speedMps,8.050633251084216
857,distanceM,6900.37288594583
857,activeEnergyKcal,49.63649406641703
857,heartRateBpm,180.73831138453906
858,powerWatts,187.6990756066667
858,cadenceSpm,90.30512398041208
858,speedMps,7.802479421102557
858,distanceM,6908.175365366932
858,activeEnergyKcal,49.69517644478967
858,heartRateBpm,181.24533641331095
859,powerWatts,200.10221764372372
859,cadenceSpm,92.56680158090957
859,speedMps,7.970689435128203
859,distanceM,6916.1460548020605
859,activeEnergyKcal,49.75385871215742
859,heartRateBpm,179.8872257774902
860,powerWatts,215.98033924525825
860,cadenceSpm,91.62659647417193
860,speedMps,8.176171521912607
860,distanceM,6924.322226323973
860,activeEnergyKcal,49.81254086852028
860,heartRateBpm,179.50215100907096
861,powerWatts,217.32001702819494
861,cadenceSpm,91.55221905797119
861,speedMps,8.193041677562169
861,distanceM,6932.515268001535
861,activeEnergyKcal,49.871222913878256
861,heartRateBpm,178.3032413654313
862,powerWatts,207.0402185209162
862,cadenceSpm,91.43446848021057
862,speedMps,8.0617654717624
862,distanceM,6940.577033473298
862,activeEnergyKcal,49.929904848231345
862,heartRateBpm,179.76316887338413
863,powerWatts,202.1071535919837
863,cadenceSpm,91.94749859180874
863,speedMps,7.997221947420537
863,distanceM,6948.574255420718
863,activeEnergyKcal,49.98858667157955
863,heartRateBpm,180.09058855751113
864,powerWatts,201.0678427157064
864,cadenceSpm,91.36974324277188
864,speedMps,7.983490143001237
864,distanceM,6956.557745563719
864,activeEnergyKcal,50.04726838392286
864,heartRateBpm,179.31244892753062
865,powerWatts,207.9291916112126
865,cadenceSpm,92.01154292889831
865,speedMps,8.073287322850735
865,distanceM,6964.63103288657
865,activeEnergyKcal,50.1059499852613
865,heartRateBpm,177.5553078225099
866,powerWatts,216.488237760036
866,cadenceSpm,93.3366399343347
866,speedMps,8.182575522237393
866,distanceM,6972.813608408807
866,activeEnergyKcal,50.164631475594845
866,heartRateBpm,176.63782737008634
867,powerWatts,201.07459575143642
867,cadenceSpm,91.28084723416634
867,speedMps,7.983579519452323
867,distanceM,6980.7971879282595
867,activeEnergyKcal,50.223312854923506
867,heartRateBpm,176.32306217559645
868,powerWatts,203.97945072400262
868,cadenceSpm,91.93156168378948
868,speedMps,8.021841190838767
868,distanceM,6988.819029119099
868,activeEnergyKcal,50.28199412324728
868,heartRateBpm,176.81497048807498
869,powerWatts,219.5250168560912
869,cadenceSpm,92.79486940364991
869,speedMps,8.220658243248314
869,distanceM,6997.039687362347
869,activeEnergyKcal,50.34067528056617
869,heartRateBpm,175.26855809879396
870,powerWatts,212.5249011726427
870,cadenceSpm,92.39228588485761
870,speedMps,8.132333772611922
870,distanceM,7005.172021134958
870,activeEnergyKcal,50.39935632688017
870,heartRateBpm,175.18604911437438
871,powerWatts,213.84410363825214
871,cadenceSpm,91.75710421756737
871,speedMps,8.14912564544914
871,distanceM,7013.321146780408
871,activeEnergyKcal,50.45803726218928
871,heartRateBpm,173.01471373556228
872,powerWatts,204.6501868048789
872,cadenceSpm,92.27630509123195
872,speedMps,8.030624185937286
872,distanceM,7021.351770966345
872,activeEnergyKcal,50.516718086493505
872,heartRateBpm,171.85058099306994
873,powerWatts,224.5012175294754
873,cadenceSpm,89.88916778665651
873,speedMps,8.282310109860996
873,distanceM,7029.634081076206
873,activeEnergyKcal,50.57539879979284
873,heartRateBpm,171.01435071891305
874,powerWatts,228.22968133286707
874,cadenceSpm,90.3621835464985
874,speedMps,8.327908827054548
874,distanceM,7037.9619899032605
874,activeEnergyKcal,50.6340794020873
874,heartRateBpm,170.27317378565283
875,powerWatts,211.54160409271822
875,cadenceSpm,89.78674408476343
875,speedMps,8.119772320007181
875,distanceM,7046.081762223268
875,activeEnergyKcal,50.69275989337687
875,heartRateBpm,168.38384171867128
876,powerWatts,205.91896152376182
876,cadenceSpm,92.52670430410632
876,speedMps,8.047185892019591
876,distanceM,7054.128948115288
876,activeEnergyKcal,50.75144027366156
876,heartRateBpm,166.18225636528828
877,powerWatts,206.43656568700194
877,cadenceSpm,90.98856057664983
877,speedMps,8.053922800854325
877,distanceM,7062.182870916143
877,activeEnergyKcal,50.810120542941355
877,heartRateBpm,165.46013782906942
878,powerWatts,191.09950255254367
878,cadenceSpm,92.7639420674956
878,speedMps,7.849315266786283
878,distanceM,7070.032186182929
878,activeEnergyKcal,50.868800701216266
878,heartRateBpm,166.96112226740362
879,powerWatts,202.85372125548693
879,cadenceSpm,93.00733549097787
879,speedMps,8.007056880311408
879,distanceM,7078.03924306324
879,activeEnergyKcal,50.92748074848629
879,heartRateBpm,166.0220397202576
880,powerWatts,204.12772192051622
880,cadenceSpm,90.62591967506073
880,speedMps,8.023784392981604
880,distanceM,7086.063027456222
880,activeEnergyKcal,50.986160684751425
880,heartRateBpm,166.45596064863858
881,powerWatts,215.92983111164432
881,cadenceSpm,91.23716706325673
881,speedMps,8.17553412537842
881,distanceM,7094.2385615816
881,activeEnergyKcal,51.044840510011674
881,heartRateBpm,165.74884953918013
882,powerWatts,205.35629951385263
882,cadenceSpm,91.99909922045849
882,speedMps,8.039849711393677
882,distanceM,7102.278411292994
882,activeEnergyKcal,51.10352022426704
882,heartRateBpm,165.01359620791445
883,powerWatts,207.23112196810948
883,cadenceSpm,92.00647936072326
883,speedMps,8.06424252034383
883,distanceM,7110.342653813338
883,activeEnergyKcal,51.16219982751751
883,heartRateBpm,164.15562128962105
884,powerWatts,202.35978780123062
884,cadenceSpm,90.64245779529747
884,speedMps,8.000552739310857
884,distanceM,7118.343206552649
884,activeEnergyKcal,51.22087931976311
884,heartRateBpm,164.9770803055306
885,powerWatts,213.83708994707663
885,cadenceSpm,92.68989334101447
885,speedMps,8.149036552390955
885,distanceM,7126.49224310504
885,activeEnergyKcal,51.279558701003815
885,heartRateBpm,167.06637230242762
886,powerWatts,216.19561030235658
886,cadenceSpm,89.42012175982856
886,speedMps,8.178887060196177
886,distanceM,7134.671130165236
886,activeEnergyKcal,51.338237971239636
886,heartRateBpm,165.52113274678956
887,powerWatts,215.77856380581989
887,cadenceSpm,93.10716788506753
887,speedMps,8.173624585428335
887,distanceM,7142.844754750664
887,activeEnergyKcal,51.39691713047057
887,heartRateBpm,165.96453422891477
888,powerWatts,216.94016259849548
888,cadenceSpm,91.66926991468613
888,speedMps,8.18826534474044
888,distanceM,7151.033020095404
888,activeEnergyKcal,51.45559617869662
888,heartRateBpm,164.9426180701965
889,powerWatts,200.70086786821267
889,cadenceSpm,91.56465700769199
889,speedMps,7.978630217395088
889,distanceM,7159.011650312799
889,activeEnergyKcal,51.514275115917776
889,heartRateBpm,162.44330178051675
890,powerWatts,212.67797197871346
890,cadenceSpm,91.89101787645068
890,speedMps,8.134285738613302
890,distanceM,7167.145936051413
890,activeEnergyKcal,51.57295394213405
890,heartRateBpm,163.85375375407392
891,powerWatts,215.5409933440126
891,cadenceSpm,91.75966773723007
891,speedMps,8.170623785582015
891,distanceM,7175.316559836995
891,activeEnergyKcal,51.631632657345435
891,heartRateBpm,161.84421650814488
892,powerWatts,207.48881530529636
892,cadenceSpm,90.19750345133062
892,speedMps,8.067583782930098
892,distanceM,7183.384143619925
892,activeEnergyKcal,51.69031126155193
892,heartRateBpm,161.6715784268901
893,powerWatts,196.15620690779025
893,cadenceSpm,91.31562927720998
893,speedMps,7.91794727711836
893,distanceM,7191.302090897044
893,activeEnergyKcal,51.748989754753545
893,heartRateBpm,162.8866540514076
894,powerWatts,208.16683211620472
894,cadenceSpm,92.34297806866314
894,speedMps,8.076361782367183
894,distanceM,7199.378452679411
894,activeEnergyKcal,51.80766813695028
894,heartRateBpm,160.36631681265376
895,powerWatts,215.5346246917741
895,cadenceSpm,91.79020737575242
895,speedMps,8.170543311525906
895,distanceM,7207.548995990936
895,activeEnergyKcal,51.86634640814212
895,heartRateBpm,161.90312524356386
896,powerWatts,209.96100033934601
896,cadenceSpm,91.93874764663911
896,speedMps,8.099498544748112
896,distanceM,7215.648494535684
896,activeEnergyKcal,51.92502456832908
896,heartRateBpm,160.8041801339433
897,powerWatts,208.45791100336598
897,cadenceSpm,90.94619184987005
897,speedMps,8.080124411111207
897,distanceM,7223.728618946795
897,activeEnergyKcal,51.98370261751115
897,heartRateBpm,159.63037991101618
898,powerWatts,190.38892678763148
898,cadenceSpm,91.55510171308086
898,speedMps,7.839574336845029
898,distanceM,7231.56819328364
898,activeEnergyKcal,52.04238055568833
898,heartRateBpm,159.43958657948957
899,powerWatts,211.64091958426437
899,cadenceSpm,90.8261672241536
899,speedMps,8.121042823454403
899,distanceM,7239.689236107094
899,activeEnergyKcal,52.10105838286063
899,heartRateBpm,161.3595219101926
900,powerWatts,214.56093375286926
900,cadenceSpm,92.4292923680215
900,speedMps,8.15822109322153
900,distanceM,7247.847457200316
900,activeEnergyKcal,52.15973609902804
900,heartRateBpm,161.60493135979553
901,powerWatts,212.4270766831217
901,cadenceSpm,90.1816263859143
901,speedMps,8.131085819253014
901,distanceM,7255.978543019569
901,activeEnergyKcal,52.21841370419056
901,heartRateBpm,162.47647501073067
902,powerWatts,208.30975599713727
902,cadenceSpm,91.1245989315929
902,speedMps,8.078209724685394
902,distanceM,7264.0567527442545
902,activeEnergyKcal,52.277091198348195
902,heartRateBpm,162.54414422801958
903,powerWatts,208.49278951716295
903,cadenceSpm,91.4583368521996
903,speedMps,8.080575032874556
903,distanceM,7272.137327777129
903,activeEnergyKcal,52.33576858150094
903,heartRateBpm,162.63348840692134
904,powerWatts,211.0863544237634
904,cadenceSpm,91.15806805909857
904,speedMps,8.11394339798216
904,distanceM,7280.2512711751115
904,activeEnergyKcal,52.39444585364881
904,heartRateBpm,161.9392909680083
905,powerWatts,206.1017569990496
905,cadenceSpm,90.75006987159453
905,speedMps,8.049566365880004
905,distanceM,7288.300837540992
905,activeEnergyKcal,52.45312301479179
905,heartRateBpm,160.96745883153372
906,powerWatts,193.2742659523305
906,cadenceSpm,91.82110795246882
906,speedMps,7.8789787918147605
906,distanceM,7296.179816332807
906,activeEnergyKcal,52.511800064929886
906,heartRateBpm,160.66593788336064
907,powerWatts,205.6101178601499
907,cadenceSpm,91.86239316315839
907,speedMps,8.043160739095551
907,distanceM,7304.222977071902
907,activeEnergyKcal,52.57047700406309
907,heartRateBpm,160.44070675703608
908,powerWatts,219.43205563382918
908,cadenceSpm,90.24957676840623
908,speedMps,8.21949769163938
908,distanceM,7312.442474763541
908,activeEnergyKcal,52.62915383219141
908,heartRateBpm,159.67760148128082
909,powerWatts,208.5365166200456
909,cadenceSpm,93.45099858273952
909,speedMps,8.08113990522586
909,distanceM,7320.523614668767
909,activeEnergyKcal,52.687830549314846
909,heartRateBpm,159.23454579667955
910,powerWatts,203.3201137214639
910,cadenceSpm,91.685974627876
910,speedMps,8.013188675867923
910,distanceM,7328.536803344635
910,activeEnergyKcal,52.74650715543339
910,heartRateBpm,157.92770630686243
911,powerWatts,210.06981963045155
911,cadenceSpm,92.01629360720356
911,speedMps,8.100897581495998
911,distanceM,7336.6377009261305
911,activeEnergyKcal,52.80518365054705
911,heartRateBpm,158.78944288901823
912,powerWatts,220.0222566929747
912,cadenceSpm,91.35654255035719
912,speedMps,8.226860355480914
912,distanceM,7344.864561281612
912,activeEnergyKcal,52.86386003465582
912,heartRateBpm,157.62921307104162
913,powerWatts,205.57260498541504
913,cadenceSpm,92.3609332825242
913,speedMps,8.042671560132844
913,distanceM,7352.907232841744
913,activeEnergyKcal,52.92253630775971
913,heartRateBpm,158.08482121729108
914,powerWatts,220.3541171970311
914,cadenceSpm,90.1459478822427
914,speedMps,8.230994480473669
914,distanceM,7361.138227322218
914,activeEnergyKcal,52.98121246985871
914,heartRateBpm,157.6015529153119
915,powerWatts,214.98781143240097
915,cadenceSpm,93.92466750535766
915,speedMps,8.16362787970941
915,distanceM,7369.3018552019275
915,activeEnergyKcal,53.03988852095283
915,heartRateBpm,156.82750212826193
916,powerWatts,204.25360660914774
916,cadenceSpm,90.1200854897266
916,speedMps,8.025433465150668
916,distanceM,7377.327288667078
916,activeEnergyKcal,53.09856446104206
916,heartRateBpm,158.3141489338245
917,powerWatts,219.38066880848393
917,cadenceSpm,90.42882845272874
917,speedMps,8.21885602472943
917,distanceM,7385.546144691808
917,activeEnergyKcal,53.1572402901264
917,heartRateBpm,158.43553630766462
918,powerWatts,222.5467215877972
918,cadenceSpm,91.59277637361184
918,speedMps,8.2582049004588
918,distanceM,7393.804349592267
918,activeEnergyKcal,53.21591600820586
918,heartRateBpm,158.95718200588516
919,powerWatts,210.39349781621024
919,cadenceSpm,91.57630500815087
919,speedMps,8.10505610091161
919,distanceM,7401.909405693178
919,activeEnergyKcal,53.27459161528043
919,heartRateBpm,160.88872216039195
920,powerWatts,202.26390257752325
920,cadenceSpm,91.36809213348725
920,speedMps,7.999288891398135
920,distanceM,7409.908694584577
920,activeEnergyKcal,53.33326711135011
920,heartRateBpm,162.06967603775772
921,powerWatts,210.38207731607844
921,cadenceSpm,91.41382760153998
921,speedMps,8.10490944639659
921,distanceM,7418.0136040309735
921,activeEnergyKcal,53.391942496414906
921,heartRateBpm,161.05059619513094
922,powerWatts,204.6816524203216
922,cadenceSpm,91.70349972988252
922,speedMps,8.031035742826786
922,distanceM,7426.044639773801
922,activeEnergyKcal,53.450617770474814
922,heartRateBpm,159.85651005246015
923,powerWatts,209.2549920118737
923,cadenceSpm,91.36752045044807
923,speedMps,8.090409976205109
923,distanceM,7434.135049750005
923,activeEnergyKcal,53.509292933529835
923,heartRateBpm,160.80830971279357
924,powerWatts,208.28631788203106
924,cadenceSpm,90.78056212164597
924,speedMps,8.077906738218466
924,distanceM,7442.212956488223
924,activeEnergyKcal,53.567967985579976
924,heartRateBpm,159.92049234389805
925,powerWatts,218.28352946657262
925,cadenceSpm,90.49800445972897
925,speedMps,8.2051320805703
925,distanceM,7450.418088568794
925,activeEnergyKcal,53.62664292662523
925,heartRateBpm,159.33636231758828
926,powerWatts,206.18983699887463
926,cadenceSpm,90.43312339213018
926,speedMps,8.05071289472373
926,distanceM,7458.468801463518
926,activeEnergyKcal,53.6853177566656
926,heartRateBpm,158.13135226222786
927,powerWatts,209.92252396295197
927,cadenceSpm,90.42820092167976
927,speedMps,8.099003756997812
927,distanceM,7466.567805220516
927,activeEnergyKcal,53.74399247570108
927,heartRateBpm,157.80203307093146
928,powerWatts,208.4960007314396
928,cadenceSpm,89.95317723187658
928,speedMps,8.080616518441436
928,distanceM,7474.648421738957
928,activeEnergyKcal,53.80266708373167
928,heartRateBpm,157.47955228636812
929,powerWatts,208.26903756409408
929,cadenceSpm,89.96971305019362
929,speedMps,8.077683339551681
929,distanceM,7482.726105078509
929,activeEnergyKcal,53.861341580757376
929,heartRateBpm,158.05664016774554
930,powerWatts,183.8911498035569
930,cadenceSpm,90.44592157110496
930,speedMps,7.749354528413726
930,distanceM,7490.475459606922
930,activeEnergyKcal,53.920015966778195
930,heartRateBpm,156.8606670823552
931,powerWatts,210.25699001288166
931,cadenceSpm,92.78516692067075
931,speedMps,8.103302810390066
931,distanceM,7498.578762417313
931,activeEnergyKcal,53.978690241794126
931,heartRateBpm,156.3635637967349
932,powerWatts,199.16431666134554
932,cadenceSpm,91.76420234213182
932,speedMps,7.95821676343768
932,distanceM,7506.536979180751
932,activeEnergyKcal,54.03736440580517
932,heartRateBpm,158.14381502113145
933,powerWatts,197.3548479347215
933,cadenceSpm,91.54805045114466
933,speedMps,7.934042460264552
933,distanceM,7514.471021641015
933,activeEnergyKcal,54.09603845881133
933,heartRateBpm,156.5913613145804
934,powerWatts,190.4184090290674
934,cadenceSpm,91.51866366370609
934,speedMps,7.839978975738691
934,distanceM,7522.3110006167535
934,activeEnergyKcal,54.154712400812606
934,heartRateBpm,156.4409273490511
935,powerWatts,187.18116520153382
935,cadenceSpm,91.837271351439
935,speedMps,7.795296456062183
935,distanceM,7530.106297072815
935,activeEnergyKcal,54.213386231809
935,heartRateBpm,158.85395798464577
936,powerWatts,205.787611692983
936,cadenceSpm,90.0793218085941
936,speedMps,8.045474504653653
936,distanceM,7538.151771577469
936,activeEnergyKcal,54.2720599518005
936,heartRateBpm,159.10992100424494
937,powerWatts,215.29236760790184
937,cadenceSpm,92.38910914465241
937,speedMps,8.167480982127513
937,distanceM,7546.319252559597
937,activeEnergyKcal,54.33073356078712
937,heartRateBpm,160.96422828781658
938,powerWatts,210.5108671794136
938,cadenceSpm,92.35435269144268
938,speedMps,8.106562973263394
938,distanceM,7554.42581553286
938,activeEnergyKcal,54.389407058768846
938,heartRateBpm,162.6779358384907
939,powerWatts,205.92186660826613
939,cadenceSpm,92.0442669598498
939,speedMps,8.047223734811288
939,distanceM,7562.473039267671
939,activeEnergyKcal,54.44808044574569
939,heartRateBpm,163.84255424204702
940,powerWatts,203.07736835174538
940,cadenceSpm,92.65344728573268
940,speedMps,8.009998404393471
940,distanceM,7570.483037672065
940,activeEnergyKcal,54.506753721717644
940,heartRateBpm,163.41456928372443
941,powerWatts,214.3757538896335
941,cadenceSpm,90.79407425338853
941,speedMps,8.155873394800466
941,distanceM,7578.638911066865
941,activeEnergyKcal,54.56542688668471
941,heartRateBpm,162.3903261544783
942,powerWatts,209.2672415305
942,cadenceSpm,93.94926025584623
942,speedMps,8.090567840529728
942,distanceM,7586.729478907395
942,activeEnergyKcal,54.62409994064689
942,heartRateBpm,160.27604677769648
943,powerWatts,217.1195738554569
943,cadenceSpm,92.6335251395087
943,speedMps,8.19052197650697
943,distanceM,7594.920000883902
943,activeEnergyKcal,54.68277288360419
943,heartRateBpm,158.50579028977657
944,powerWatts,223.78305874822343
944,cadenceSpm,89.95693022494284
944,speedMps,8.273469226236351
944,distanceM,7603.193470110138
944,activeEnergyKcal,54.7414457155566
944,heartRateBpm,159.31346438241968
945,powerWatts,200.89989039623734
945,cadenceSpm,90.17433812703575
945,speedMps,7.981266649379848
945,distanceM,7611.174736759518
945,activeEnergyKcal,54.80011843650413
945,heartRateBpm,158.5255821621943
946,powerWatts,190.71148711707568
946,cadenceSpm,92.24898705117609
946,speedMps,7.843999154663387
946,distanceM,7619.018735914182
946,activeEnergyKcal,54.85879104644677
946,heartRateBpm,159.59393509637016
947,powerWatts,212.32369099301414
947,cadenceSpm,92.25478295298657
947,speedMps,8.129766504808947
947,distanceM,7627.148502418991
947,activeEnergyKcal,54.91746354538452
947,heartRateBpm,159.09994655075397
948,powerWatts,217.75575554792846
948,cadenceSpm,91.69566671707553
948,speedMps,8.198513854070583
948,distanceM,7635.347016273061
948,activeEnergyKcal,54.97613593331739
948,heartRateBpm,161.69051135134941
949,powerWatts,207.17078352418164
949,cadenceSpm,92.40611854259971
949,speedMps,8.063459769385153
949,distanceM,7643.410476042446
949,activeEnergyKcal,55.034808210245366
949,heartRateBpm,160.40826032901893
950,powerWatts,198.23869328817113
950,cadenceSpm,92.08685687479287
950,speedMps,7.945868914421934
950,distanceM,7651.356344956868
950,activeEnergyKcal,55.09348037616846
950,heartRateBpm,160.4182440780277
951,powerWatts,207.9110765605224
951,cadenceSpm,91.25762657112674
951,speedMps,8.073052864419212
951,distanceM,7659.429397821287
951,activeEnergyKcal,55.15215243108666
951,heartRateBpm,159.42678837472062
952,powerWatts,228.37804663487242
952,cadenceSpm,93.45974257224016
952,speedMps,8.329713011128133
952,distanceM,7667.759110832415
952,activeEnergyKcal,55.21082437499998
952,heartRateBpm,159.42251991040072
953,powerWatts,201.1418044553239
953,cadenceSpm,92.8630433155766
953,speedMps,7.9844689178353905
953,distanceM,7675.74357975025
953,activeEnergyKcal,55.26949620790842
953,heartRateBpm,159.25841544201293
954,powerWatts,212.60176437770198
954,cadenceSpm,93.99445782302173
954,speedMps,8.133314052873198
954,distanceM,7683.8768938031235
954,activeEnergyKcal,55.32816792981197
954,heartRateBpm,159.30515686304494
955,powerWatts,199.18836924806408
955,cadenceSpm,90.06291966647134
955,speedMps,7.958537115324256
955,distanceM,7691.835430918448
955,activeEnergyKcal,55.38683954071063
955,heartRateBpm,159.46572961155508
956,powerWatts,217.5448827354228
956,cadenceSpm,91.11648089394534
956,speedMps,8.19586654242752
956,distanceM,7700.031297460875
956,activeEnergyKcal,55.44551104060441
956,heartRateBpm,157.69481197842182
957,powerWatts,217.2302998610021
957,cadenceSpm,89.35815532578417
957,speedMps,8.191914066040304
957,distanceM,7708.223211526915
957,activeEnergyKcal,55.5041824294933
957,heartRateBpm,157.32384353183753
958,powerWatts,201.6419865532873
958,cadenceSpm,92.16662445471435
958,speedMps,7.991081802386052
958,distanceM,7716.214293329302
958,activeEnergyKcal,55.5628537073773
958,heartRateBpm,159.90060145211976
959,powerWatts,207.09350281546833
959,cadenceSpm,90.6824005686697
959,speedMps,8.062457009929975
959,distanceM,7724.2767503392315
959,activeEnergyKcal,55.621524874256416
959,heartRateBpm,159.87536434413602
960,powerWatts,200.35958671881443
960,cadenceSpm,90.90184404781601
960,speedMps,7.974105239511573
960,distanceM,7732.250855578743
960,activeEnergyKcal,55.680195930130644
960,heartRateBpm,159.98427788712806
961,powerWatts,198.77888894634575
961,cadenceSpm,92.72009503687944
961,speedMps,7.9530798022698805
961,distanceM,7740.203935381012
961,activeEnergyKcal,55.738866874999985
961,heartRateBpm,159.3197494281928
962,powerWatts,217.70429379734935
962,cadenceSpm,89.0325509641921
962,speedMps,8.197867957456229
962,distanceM,7748.401803338468
962,activeEnergyKcal,55.79753770886444
962,heartRateBpm,159.78397464522084
963,powerWatts,207.8431585885272
963,cadenceSpm,92.26407803764985
963,speedMps,8.072173698346639
963,distanceM,7756.473977036815
963,activeEnergyKcal,55.85620843172401
963,heartRateBpm,160.10282035800572
964,powerWatts,216.83155048208368
964,cadenceSpm,90.92971020142913
964,speedMps,8.186898618730677
964,distanceM,7764.660875655546
964,activeEnergyKcal,55.9148790435787
964,heartRateBpm,161.17877283116636
965,powerWatts,231.44961303590472
965,cadenceSpm,92.73586089314595
965,speedMps,8.366890275716734
965,distanceM,7773.027765931262
965,activeEnergyKcal,55.9735495444285
965,heartRateBpm,160.97657722786823
966,powerWatts,207.68197634428378
966,cadenceSpm,92.78546150548343
966,speedMps,8.070086503434506
966,distanceM,7781.0978524346965
966,activeEnergyKcal,56.032219934273414
966,heartRateBpm,161.38381392075212
967,powerWatts,202.87929402299955
967,cadenceSpm,89.40839519814375
967,speedMps,8.007393336221485
967,distanceM,7789.105245770918
967,activeEnergyKcal,56.09089021311344
967,heartRateBpm,158.80817546618326
968,powerWatts,206.11642245654386
968,cadenceSpm,93.8037426774138
968,speedMps,8.049757287385958
968,distanceM,7797.155003058304
968,activeEnergyKcal,56.14956038094858
968,heartRateBpm,157.4424481482751
969,powerWatts,197.64012242575632
969,cadenceSpm,92.82808865867888
969,speedMps,7.9378634798794545
969,distanceM,7805.092866538183
969,activeEnergyKcal,56.20823043777883
969,heartRateBpm,156.3398607773875
970,powerWatts,203.60216886809602
970,cadenceSpm,93.10158891282809
970,speedMps,8.016892386790737
970,distanceM,7813.109758924974
970,activeEnergyKcal,56.266900383604195
970,heartRateBpm,157.3961067789503
971,powerWatts,205.1571004567863
971,cadenceSpm,90.11712916132873
971,speedMps,8.037249274004859
971,distanceM,7821.147008198979
971,activeEnergyKcal,56.32557021842467
971,heartRateBpm,158.69129121073166
972,powerWatts,206.11058499169357
972,cadenceSpm,93.42258025628571
972,speedMps,8.049681293734293
972,distanceM,7829.196689492714
972,activeEnergyKcal,56.384239942240264
972,heartRateBpm,158.55264233155427
973,powerWatts,205.46494729675655
973,cadenceSpm,90.73143194155496
973,speedMps,8.04126734153833
973,distanceM,7837.237956834252
973,activeEnergyKcal,56.442909555050974
973,heartRateBpm,159.35989546619933
974,powerWatts,204.56816160004874
974,cadenceSpm,92.61005327030779
974,speedMps,8.029551132728292
974,distanceM,7845.267507966981
974,activeEnergyKcal,56.5015790568568
974,heartRateBpm,156.59599823919714
975,powerWatts,211.7521984271402
975,cadenceSpm,93.3076114706709
975,speedMps,8.122465897200588
975,distanceM,7853.389973864181
975,activeEnergyKcal,56.560248447657735
975,heartRateBpm,156.5549486621728
976,powerWatts,205.03729991250646
976,cadenceSpm,89.7679613715493
976,speedMps,8.035684531153695
976,distanceM,7861.425658395335
976,activeEnergyKcal,56.618917727453784
976,heartRateBpm,155.8356417704725
977,powerWatts,192.61706103530486
977,cadenceSpm,91.31134213015817
977,speedMps,7.87003815702255
977,distanceM,7869.295696552357
977,activeEnergyKcal,56.67758689624495
977,heartRateBpm,154.0468716419443
978,powerWatts,203.33390256369293
978,cadenceSpm,91.23751979179625
978,speedMps,8.01336981895089
978,distanceM,7877.309066371308
978,activeEnergyKcal,56.73625595403122
978,heartRateBpm,154.031339577075
979,powerWatts,214.91060641980923
979,cadenceSpm,93.44101916454349
979,speedMps,8.162650539876973
979,distanceM,7885.4717169111855
979,activeEnergyKcal,56.79492490081261
979,heartRateBpm,152.35204054227307
980,powerWatts,203.66980987758038
980,cadenceSpm,92.24032932116359
980,speedMps,8.017780083054394
980,distanceM,7893.48949699424
980,activeEnergyKcal,56.85359373658911
980,heartRateBpm,152.0645709392548
981,powerWatts,221.05417143036686
981,cadenceSpm,90.69448756118885
981,speedMps,8.239701754831481
981,distanceM,7901.729198749072
981,activeEnergyKcal,56.912262461360726
981,heartRateBpm,150.692691785437
982,powerWatts,215.16901390407136
982,cadenceSpm,89.14991398224274
982,speedMps,8.165920806819209
982,distanceM,7909.895119555891
982,activeEnergyKcal,56.97093107512745
982,heartRateBpm,150.41696655940936
983,powerWatts,210.91732550185597
983,cadenceSpm,91.45355142692311
983,speedMps,8.111777053393315
983,distanceM,7918.006896609284
983,activeEnergyKcal,57.0295995778893
983,heartRateBpm,149.4509751550306
984,powerWatts,217.0739867026597
984,cadenceSpm,93.17874848139891
984,speedMps,8.189948699908781
984,distanceM,7926.196845309193
984,activeEnergyKcal,57.08826796964626
984,heartRateBpm,151.1645188253563
985,powerWatts,195.06615210146
985,cadenceSpm,91.70996043841572
985,speedMps,7.9032531482862085
985,distanceM,7934.100098457479
985,activeEnergyKcal,57.14693625039833
985,heartRateBpm,151.93217208152743
986,powerWatts,213.9247521205253
986,cadenceSpm,91.06958554089451
986,speedMps,8.150149961763914
986,distanceM,7942.250248419244
986,activeEnergyKcal,57.20560442014552
986,heartRateBpm,152.05388451138083
987,powerWatts,211.415038706936
987,cadenceSpm,91.10149831744015
987,speedMps,8.118152643123215
987,distanceM,7950.3684010623665
987,activeEnergyKcal,57.26427247888782
987,heartRateBpm,151.68081167227632
988,powerWatts,214.83681065831968
988,cadenceSpm,91.67283682466623
988,speedMps,8.161716139007568
988,distanceM,7958.530117201374
988,activeEnergyKcal,57.32294042662523
988,heartRateBpm,150.0023453338839
989,powerWatts,211.4264431921745
989,cadenceSpm,91.24685121150677
989,speedMps,8.118298614585855
989,distanceM,7966.64841581596
989,activeEnergyKcal,57.381608263357755
989,heartRateBpm,151.6993368144525
990,powerWatts,214.7679753560269
990,cadenceSpm,89.61592918783049
990,speedMps,8.160844354497023
990,distanceM,7974.8092601704575
990,activeEnergyKcal,57.44027598908539
990,heartRateBpm,153.04886200821142
991,powerWatts,202.9970379819964
991,cadenceSpm,91.25177796242272
991,speedMps,8.008942105835848
991,distanceM,7982.818202276293
991,activeEnergyKcal,57.498943603808144
991,heartRateBpm,153.99799898395477
992,powerWatts,205.27455681053578
992,cadenceSpm,90.82207270854555
992,speedMps,8.038782807561093
992,distanceM,7990.856985083854
992,activeEnergyKcal,57.55761110752601
992,heartRateBpm,154.79148463691507
993,powerWatts,200.7607282136675
993,cadenceSpm,91.6826571579617
993,speedMps,7.979423364747851
993,distanceM,7998.836408448602
993,activeEnergyKcal,57.61627850023899
993,heartRateBpm,156.30786560912546
994,powerWatts,212.05911270866432
994,cadenceSpm,91.15015470186466
994,speedMps,8.126388245061962
994,distanceM,8006.962796693664
994,activeEnergyKcal,57.67494578194709
994,heartRateBpm,158.17805094780024
995,powerWatts,221.5710476141592
995,cadenceSpm,88.82685986747728
995,speedMps,8.246118870356234
995,distanceM,8015.208915564021
995,activeEnergyKcal,57.7336129526503
995,heartRateBpm,158.19266500469044
996,powerWatts,205.10640995846222
996,cadenceSpm,91.12866211844863
996,speedMps,8.036587267946727
996,distanceM,8023.245502831967
996,activeEnergyKcal,57.79228001234862
996,heartRateBpm,158.91500932989516
997,powerWatts,216.72373219635284
997,cadenceSpm,94.02818428773838
997,speedMps,8.185541430445657
997,distanceM,8031.431044262413
997,activeEnergyKcal,57.850946961042055
997,heartRateBpm,156.17989208281898
998,powerWatts,197.84057952612295
998,cadenceSpm,90.2482572424102
998,speedMps,7.940546240544789
998,distanceM,8039.371590502958
998,activeEnergyKcal,57.909613798730604
998,heartRateBpm,155.74080783373827
999,powerWatts,209.3979886465491
999,cadenceSpm,92.12234813396852
999,speedMps,8.092252445946045
999,distanceM,8047.463842948903
999,activeEnergyKcal,57.968280525414265
999,heartRateBpm,157.80152852258658
1000,powerWatts,207.496442745713
1000,cadenceSpm,93.0796733149626
1000,speedMps,8.06768263847646
1000,distanceM,8055.531525587379
1000,activeEnergyKcal,58.02694714109304
1000,heartRateBpm,156.94474931815927
1001,powerWatts,195.620737854622
1001,cadenceSpm,92.31627512654056
1001,speedMps,7.910735882310736
1001,distanceM,8063.44226146969
1001,activeEnergyKcal,58.08561364576693
1001,heartRateBpm,156.47196897747565
1002,powerWatts,207.03174524856658
1002,cadenceSpm,91.25706066904533
1002,speedMps,8.06165549237958
1002,distanceM,8071.5039169620695
1002,activeEnergyKcal,58.14428003943593
1002,heartRateBpm,157.1417400255221
1003,powerWatts,214.6696124021482
1003,cadenceSpm,92.25030176645468
1003,speedMps,8.15959828520596
1003,distanceM,8079.663515247275
1003,activeEnergyKcal,58.20294632210005
1003,heartRateBpm,157.74472570367593
1004,powerWatts,219.83029036762943
1004,cadenceSpm,91.3468376867231
1004,speedMps,8.224467052642705
1004,distanceM,8087.887982299918
1004,activeEnergyKcal,58.26161249375928
1004,heartRateBpm,156.79148537514396
1005,powerWatts,220.51340528617283
1005,cadenceSpm,92.34311261822182
1005,speedMps,8.232977324583072
1005,distanceM,8096.120959624501
1005,activeEnergyKcal,58.320278554413626
1005,heartRateBpm,158.38115270516988
1006,powerWatts,196.8356649999527
1006,cadenceSpm,91.44752103218276
1006,speedMps,7.927078967964728
1006,distanceM,8104.048038592466
1006,activeEnergyKcal,58.378944504063085
1006,heartRateBpm,158.97366946109312
1007,powerWatts,197.53529574403225
1007,cadenceSpm,92.21304862309901
1007,speedMps,7.936459839372518
1007,distanceM,8111.984498431838
1007,activeEnergyKcal,58.43761034270766
1007,heartRateBpm,157.97411288980803
1008,powerWatts,199.13100665423121
1008,cadenceSpm,92.25617723192538
1008,speedMps,7.957773071111339
1008,distanceM,8119.94227150295
1008,activeEnergyKcal,58.49627607034734
1008,heartRateBpm,156.88831065197914
1009,powerWatts,207.80760108612472
1009,cadenceSpm,90.5853335566491
1009,speedMps,8.071713346885481
1009,distanceM,8128.013984849835
1009,activeEnergyKcal,58.55494168698214
1009,heartRateBpm,156.19741770383376
1010,powerWatts,193.86502155475026
1010,cadenceSpm,90.79454129728984
1010,speedMps,7.886998167047883
1010,distanceM,8135.9009830168825
1010,activeEnergyKcal,58.61360719261205
1010,heartRateBpm,155.93505164157864
1011,powerWatts,230.36639299743754
1011,cadenceSpm,90.97822181319798
1011,speedMps,8.353817078777979
1011,distanceM,8144.25480009566
1011,activeEnergyKcal,58.672272587237075
1011,heartRateBpm,155.84433065575206
1012,powerWatts,208.41789358694945
1012,cadenceSpm,90.92096062726019
1012,speedMps,8.079607334075256
1012,distanceM,8152.334407429736
1012,activeEnergyKcal,58.73093787085721
1012,heartRateBpm,155.16703418473793
1013,powerWatts,213.3422585625358
1013,cadenceSpm,92.34846023208458
1013,speedMps,8.142745917080306
1013,distanceM,8160.477153346816
1013,activeEnergyKcal,58.78960304347247
1013,heartRateBpm,155.96337008856847
1014,powerWatts,210.33484303492375
1014,cadenceSpm,93.82914357364697
1014,speedMps,8.10430283859913
1014,distanceM,8168.581456185415
1014,activeEnergyKcal,58.84826810508284
1014,heartRateBpm,157.5656048448659
1015,powerWatts,209.90219197552705
1015,cadenceSpm,89.01963068713576
1015,speedMps,8.098742272973393
1015,distanceM,8176.680198458388
1015,activeEnergyKcal,58.90693305568832
1015,heartRateBpm,158.33700097523055
1016,powerWatts,200.32154907893116
1016,cadenceSpm,90.21680875162544
1016,speedMps,7.97360058794149
1016,distanceM,8184.653799046329
1016,activeEnergyKcal,58.965597895288916
1016,heartRateBpm,157.68773286306197
1017,powerWatts,217.49439916502172
1017,cadenceSpm,89.78903834738938
1017,speedMps,8.195232514466584
1017,distanceM,8192.849031560796
1017,activeEnergyKcal,59.024262623884624
1017,heartRateBpm,156.08497128187136
1018,powerWatts,192.47498196868816
1018,cadenceSpm,90.53817839564641
1018,speedMps,7.8681026366839175
1018,distanceM,8200.717134197479
1018,activeEnergyKcal,59.082927241475446
1018,heartRateBpm,155.89429837725825
1019,powerWatts,218.0547409659549
1019,cadenceSpm,92.55422922405451
1019,speedMps,8.202264409467277
1019,distanceM,8208.919398606946
1019,activeEnergyKcal,59.14159174806138
1019,heartRateBpm,156.94282312881384
1020,powerWatts,214.78655626802922
1020,cadenceSpm,91.98879771983968
1020,speedMps,8.161079696160952
1020,distanceM,8217.080478303107
1020,activeEnergyKcal,59.20025614364243
1020,heartRateBpm,154.44442553603287
1021,powerWatts,199.38204108745563
1021,cadenceSpm,92.21975283829796
1021,speedMps,7.961115654832976
1021,distanceM,8225.04159395794
1021,activeEnergyKcal,59.25892042821859
1021,heartRateBpm,155.52410104534442
1022,powerWatts,213.73909165396356
1022,cadenceSpm,89.92247013483069
1022,speedMps,8.147791502248554
1022,distanceM,8233.189385460188
1022,activeEnergyKcal,59.31758460178987
1022,heartRateBpm,154.51254252248486
1023,powerWatts,209.8336927248302
1023,cadenceSpm,91.3021523453651
1023,speedMps,8.09786119890527
1023,distanceM,8241.287246659092
1023,activeEnergyKcal,59.37624866435626
1023,heartRateBpm,156.08539663683186
1024,powerWatts,212.07399884430296
1024,cadenceSpm,90.91194665909502
1024,speedMps,8.12657839280835
1024,distanceM,8249.4138250519
1024,activeEnergyKcal,59.43491261591777
1024,heartRateBpm,157.8445472514051
1025,powerWatts,206.13519858844626
1025,cadenceSpm,91.49548562363147
1025,speedMps,8.05000171027665
1025,distanceM,8257.463826762178
1025,activeEnergyKcal,59.493576456474386
1025,heartRateBpm,160.2657070149671
1026,powerWatts,202.72308151149107
1026,cadenceSpm,92.40746356477707
1026,speedMps,8.005337637354558
1026,distanceM,8265.469164399532
1026,activeEnergyKcal,59.55224018602612
1026,heartRateBpm,162.09512601028027
1027,powerWatts,187.86186997834204
1027,cadenceSpm,93.29752551995436
1027,speedMps,7.804734507133529
1027,distanceM,8273.273898906666
1027,activeEnergyKcal,59.61090380457296
1027,heartRateBpm,163.53147448059812
1028,powerWatts,208.1881813679266
1028,cadenceSpm,92.30359526304218
1028,speedMps,8.076637872438392
1028,distanceM,8281.350536779104
1028,activeEnergyKcal,59.66956731211492
1028,heartRateBpm,161.47388564706037
1029,powerWatts,206.66953898479719
1029,cadenceSpm,89.3870264779078
1029,speedMps,8.05695140440615
1029,distanceM,8289.40748818351
1029,activeEnergyKcal,59.72823070865199
1029,heartRateBpm,162.2866543927308
1030,powerWatts,209.48930742614928
1030,cadenceSpm,91.68606559941189
1030,speedMps,8.093428622829318
1030,distanceM,8297.500916806339
1030,activeEnergyKcal,59.786893994184176
1030,heartRateBpm,163.2637712107642
1031,powerWatts,211.06490152683156
1031,cadenceSpm,90.44075612491754
1031,speedMps,8.113668512869985
1031,distanceM,8305.614585319208
1031,activeEnergyKcal,59.84555716871147
1031,heartRateBpm,164.4277457693728
1032,powerWatts,216.14279890718052
1032,cadenceSpm,90.49505456077468
1032,speedMps,8.178221037403926
1032,distanceM,8313.792806356612
1032,activeEnergyKcal,59.90422023223389
1032,heartRateBpm,164.02728919735608
1033,powerWatts,220.2136151460033
1033,cadenceSpm,91.7596665986802
1033,speedMps,8.229244694712833
1033,distanceM,8322.022051051325
1033,activeEnergyKcal,59.96288318475142
1033,heartRateBpm,163.09273442431794
1034,powerWatts,191.8597514965974
1034,cadenceSpm,91.99275616813186
1034,speedMps,7.859710440707625
1034,distanceM,8329.881761492032
1034,activeEnergyKcal,60.02154602626406
1034,heartRateBpm,164.39914771947096
1035,powerWatts,215.52086005849148
1035,cadenceSpm,91.42632562469188
1035,speedMps,8.170369376708786
1035,distanceM,8338.05213086874
1035,activeEnergyKcal,60.08020875677182
1035,heartRateBpm,164.36395055307102
1036,powerWatts,212.59285907049014
1036,cadenceSpm,90.15524150549264
1036,speedMps,8.133200490517432
1036,distanceM,8346.185331359258
1036,activeEnergyKcal,60.138871376274686
1036,heartRateBpm,165.49910710421665
1037,powerWatts,217.785200011724
1037,cadenceSpm,90.3705799745597
1037,speedMps,8.19888336587215
1037,distanceM,8354.38421472513
1037,activeEnergyKcal,60.19753388477267
1037,heartRateBpm,166.8071443146941
1038,powerWatts,208.8333039183593
1038,cadenceSpm,90.73062590520317
1038,speedMps,8.084971756569736
1038,distanceM,8362.4691864817
1038,activeEnergyKcal,60.25619628226576
1038,heartRateBpm,166.7236175096279
1039,powerWatts,217.34711246817668
1039,cadenceSpm,90.17798885650612
1039,speedMps,8.193382165975908
1039,distanceM,8370.662568647676
1039,activeEnergyKcal,60.31485856875397
1039,heartRateBpm,166.97006237781522
1040,powerWatts,200.5406488599997
1040,cadenceSpm,90.73748516285934
1040,speedMps,7.9765065452406985
1040,distanceM,8378.639075192918
1040,activeEnergyKcal,60.37352074423729
1040,heartRateBpm,164.7224387686331
1041,powerWatts,208.19507024239405
1041,cadenceSpm,90.48580356920404
1041,speedMps,8.076726955834603
1041,distanceM,8386.715802148752
1041,activeEnergyKcal,60.43218280871572
1041,heartRateBpm,164.6126668967964
1042,powerWatts,199.89068304085075
1042,cadenceSpm,91.90729099538814
1042,speedMps,7.967879752608743
1042,distanceM,8394.68368190136
1042,activeEnergyKcal,60.490844762189276
1042,heartRateBpm,166.5725215418018
1043,powerWatts,215.35720860737317
1043,cadenceSpm,91.15331106089914
1043,speedMps,8.168300850907773
1043,distanceM,8402.851982752269
1043,activeEnergyKcal,60.54950660465794
1043,heartRateBpm,164.91115426564483
1044,powerWatts,208.6863294193082
1044,cadenceSpm,89.8204672701237
1044,speedMps,8.083074607779162
1044,distanceM,8410.935057360048
1044,activeEnergyKcal,60.60816833612172
1044,heartRateBpm,161.80556366160846
1045,powerWatts,200.0356430832631
1045,cadenceSpm,93.56683896903155
1045,speedMps,7.969805380282175
1045,distanceM,8418.90486274033
1045,activeEnergyKcal,60.666829956580614
1045,heartRateBpm,160.95395668056733
1046,powerWatts,201.6747798993191
1046,cadenceSpm,93.30352273584712
1046,speedMps,7.99151497954057
1046,distanceM,8426.89637771987
1046,activeEnergyKcal,60.72549146603462
1046,heartRateBpm,162.46757446121032
1047,powerWatts,203.3742166613481
1047,cadenceSpm,91.5299483521863
1047,speedMps,8.013899375543437
1047,distanceM,8434.910277095412
1047,activeEnergyKcal,60.78415286448374
1047,heartRateBpm,163.389102844607
1048,powerWatts,189.2196474123298
1048,cadenceSpm,91.6567597239632
1048,speedMps,7.823492374537694
1048,distanceM,8442.73376946995
1048,activeEnergyKcal,60.84281415192797
1048,heartRateBpm,163.0329968226602
1049,powerWatts,209.38926131457708
1049,cadenceSpm,91.65757172200593
1049,speedMps,8.092140020869547
1049,distanceM,8450.82590949082
1049,activeEnergyKcal,60.90147532836731
1049,heartRateBpm,163.88022680861852
1050,powerWatts,217.53338792060393
1050,cadenceSpm,92.1729907547588
1050,speedMps,8.195722186580328
1050,distanceM,8459.0216316774
1050,activeEnergyKcal,60.96013639380177
1050,heartRateBpm,165.39824065840506
1051,powerWatts,213.3133229639555
1051,cadenceSpm,94.01425458849707
1051,speedMps,8.142377767044854
1051,distanceM,8467.164009444445
1051,activeEnergyKcal,61.01879734823134
1051,heartRateBpm,166.1910326829954
1052,powerWatts,204.73831342577378
1052,cadenceSpm,89.72479394872931
1052,speedMps,8.031776738370615
1052,distanceM,8475.195786182816
1052,activeEnergyKcal,61.07745819165603
1052,heartRateBpm,164.29998897732375
1053,powerWatts,193.21882595861308
1053,cadenceSpm,91.752406910517
1053,speedMps,7.878225367994919
1053,distanceM,8483.07401155081
1053,activeEnergyKcal,61.13611892407583
1053,heartRateBpm,162.92839052802086
1054,powerWatts,211.74659152421498
1054,cadenceSpm,91.26602396575157
1054,speedMps,8.12239420604444
1054,distanceM,8491.196405756855
1054,activeEnergyKcal,61.194779545490746
1054,heartRateBpm,165.57930385778397
1055,powerWatts,209.3394967014318
1055,cadenceSpm,91.37390782719676
1055,speedMps,8.09149889578326
1055,distanceM,8499.287904652638
1055,activeEnergyKcal,61.253440055900775
1055,heartRateBpm,163.49021535059603
1056,powerWatts,215.0780136648162
1056,cadenceSpm,91.09419504634245
1056,speedMps,8.164769455273449
1056,distanceM,8507.452674107912
1056,activeEnergyKcal,61.31210045530592
1056,heartRateBpm,163.29489510047975
1057,powerWatts,210.4452255244214
1057,cadenceSpm,92.84133572830613
1057,speedMps,8.105720287505463
1057,distanceM,8515.558394395417
1057,activeEnergyKcal,61.37076074370617
1057,heartRateBpm,163.6082533208421
1058,powerWatts,213.37911388131712
1058,cadenceSpm,89.03363001424326
1058,speedMps,8.143214782178486
1058,distanceM,8523.701609177595
1058,activeEnergyKcal,61.42942092110154
1058,heartRateBpm,162.85001510488846
1059,powerWatts,221.18957522463128
1059,cadenceSpm,91.73037748692698
1059,speedMps,8.241383784703405
1059,distanceM,8531.942992962298
1059,activeEnergyKcal,61.48808098749202
1059,heartRateBpm,162.2681512599384
1060,powerWatts,200.5585624162418
1060,cadenceSpm,90.56047257441975
1060,speedMps,7.976744042135711
1060,distanceM,8539.919737004435
1060,activeEnergyKcal,61.54674094287761
1060,heartRateBpm,162.48096887930535
1061,powerWatts,205.3600830270574
1061,cadenceSpm,94.52863057075075
1061,speedMps,8.03989908686257
1061,distanceM,8547.959636091298
1061,activeEnergyKcal,61.60540078725832
1061,heartRateBpm,163.721676674763
1062,powerWatts,186.54623805238268
1062,cadenceSpm,93.18892844199542
1062,speedMps,7.786472469650981
1062,distanceM,8555.746108560948
1062,activeEnergyKcal,61.664060520634145
1062,heartRateBpm,163.13142734529822
1063,powerWatts,211.36485008057448
1063,cadenceSpm,91.52520772623943
1063,speedMps,8.117510192492047
1063,distanceM,8563.863618753441
1063,activeEnergyKcal,61.722720143005084
1063,heartRateBpm,163.48489926226222
1064,powerWatts,216.94231677830678
1064,cadenceSpm,91.04458802692142
1064,speedMps,8.18829244735605
1064,distanceM,8572.051911200797
1064,activeEnergyKcal,61.781379654371136
1064,heartRateBpm,162.685979457777
1065,powerWatts,211.77574231476254
1065,cadenceSpm,93.66270550357883
1065,speedMps,8.1227669209737
1065,distanceM,8580.17467812177
1065,activeEnergyKcal,61.8400390547323
1065,heartRateBpm,161.4757579201546
1066,powerWatts,230.39311733709593
1066,cadenceSpm,90.96766593308695
1066,speedMps,8.354140102765653
1066,distanceM,8588.528818224535
1066,activeEnergyKcal,61.89869834408858
1066,heartRateBpm,160.83856522420825
1067,powerWatts,211.92628716758045
1067,cadenceSpm,90.07201803537465
1067,speedMps,8.124691206685348
1067,distanceM,8596.65350943122
1067,activeEnergyKcal,61.95735752243997
1067,heartRateBpm,162.25103079261237
1068,powerWatts,201.87716055889047
1068,cadenceSpm,91.05724951581145
1068,speedMps,7.9941872478636204
1068,distanceM,8604.647696679083
1068,activeEnergyKcal,62.016016589786474
1068,heartRateBpm,162.8104930910207
1069,powerWatts,216.6226114344163
1069,cadenceSpm,91.60005161908084
1069,speedMps,8.184268139718329
1069,distanceM,8612.8319648188
1069,activeEnergyKcal,62.07467554612809
1069,heartRateBpm,162.62528681121356
1070,powerWatts,204.92975380174946
1070,cadenceSpm,91.89016550123436
1070,speedMps,8.034279327058602
1070,distanceM,8620.86624414586
1070,activeEnergyKcal,62.13333439146482
1070,heartRateBpm,162.4474773928283
1071,powerWatts,208.38278644541734
1071,cadenceSpm,92.83071572895447
1071,speedMps,8.07915364966669
1071,distanceM,8628.945397795527
1071,activeEnergyKcal,62.191993125796664
1071,heartRateBpm,159.87029336060027
1072,powerWatts,206.95722952836235
1072,cadenceSpm,93.33321492997962
1072,speedMps,8.06068818154526
1072,distanceM,8637.006085977073
1072,activeEnergyKcal,62.25065174912363
1072,heartRateBpm,162.31630276647272
1073,powerWatts,214.27517576083332
1073,cadenceSpm,90.42058147643473
1073,speedMps,8.154597705129792
1073,distanceM,8645.160683682203
1073,activeEnergyKcal,62.3093102614457
1073,heartRateBpm,162.4834986735601
1074,powerWatts,217.4614165957767
1074,cadenceSpm,91.77889241186452
1074,speedMps,8.194818230252762
1074,distanceM,8653.355501912456
1074,activeEnergyKcal,62.36796866276289
1074,heartRateBpm,161.80006408790646
1075,powerWatts,196.8318457013436
1075,cadenceSpm,91.21853023640566
1075,speedMps,7.927027696637285
1075,distanceM,8661.282529609094
1075,activeEnergyKcal,62.42662695307519
1075,heartRateBpm,161.8857790911652
1076,powerWatts,206.15490479904193
1076,cadenceSpm,91.70316100899919
1076,speedMps,8.050258224731344
1076,distanceM,8669.332787833826
1076,activeEnergyKcal,62.48528513238261
1076,heartRateBpm,160.7156821240126
1077,powerWatts,200.25333971253608
1077,cadenceSpm,93.96585479882283
1077,speedMps,7.97269548314408
1077,distanceM,8677.30548331697
1077,activeEnergyKcal,62.543943200685135
1077,heartRateBpm,161.0912892695522
1078,powerWatts,199.94508542309566
1078,cadenceSpm,92.75101531256051
1078,speedMps,7.968602534872679
1078,distanceM,8685.274085851843
1078,activeEnergyKcal,62.602601157982775
1078,heartRateBpm,161.9564209610643
1079,powerWatts,213.89922942708986
1079,cadenceSpm,93.55736187948462
1079,speedMps,8.149825825901646
1079,distanceM,8693.423911677744
1079,activeEnergyKcal,62.66125900427553
1079,heartRateBpm,161.5204186240404
1080,powerWatts,205.33917577047092
1080,cadenceSpm,90.7256322888261
1080,speedMps,8.039626236145349
1080,distanceM,8701.463537913889
1080,activeEnergyKcal,62.719916739563395
1080,heartRateBpm,162.4098774178323
1081,powerWatts,217.0001947533265
1081,cadenceSpm,89.42965797769395
1081,speedMps,8.189020566629393
1081,distanceM,8709.652558480519
1081,activeEnergyKcal,62.778574363846374
1081,heartRateBpm,163.24904506356546
1082,powerWatts,208.15278900846238
1082,cadenceSpm,91.95839978038123
1082,speedMps,8.076180165587306
1082,distanceM,8717.728738646107
1082,activeEnergyKcal,62.837231877124474
1082,heartRateBpm,163.99559967161088
1083,powerWatts,201.6023700794322
1083,cadenceSpm,90.78158568166661
1083,speedMps,7.990558433842904
1083,distanceM,8725.71929707995
1083,activeEnergyKcal,62.895889279397686
1083,heartRateBpm,165.67342235278613
1084,powerWatts,199.16825883572704
1084,cadenceSpm,91.77212075313574
1084,speedMps,7.958269270285264
1084,distanceM,8733.677566350236
1084,activeEnergyKcal,62.95454657066601
1084,heartRateBpm,167.40634160501568
1085,powerWatts,205.8465166834736
1085,cadenceSpm,92.30933741067523
1085,speedMps,8.04624208145134
1085,distanceM,8741.723808431687
1085,activeEnergyKcal,63.01320375092945
1085,heartRateBpm,167.98194465371807
1086,powerWatts,205.02018825667994
1086,cadenceSpm,90.48776773508017
1086,speedMps,8.03546098208327
1086,distanceM,8749.75926941377
1086,activeEnergyKcal,63.071860820188
1086,heartRateBpm,169.67650968446563
1087,powerWatts,213.24632744570224
1087,cadenceSpm,90.96170645058794
1087,speedMps,8.14152524967812
1087,distanceM,8757.900794663447
1087,activeEnergyKcal,63.130517778441664
1087,heartRateBpm,170.69482944435453
1088,powerWatts,209.00788392477023
1088,cadenceSpm,90.27521151232885
1088,speedMps,8.087224081361423
1088,distanceM,8765.988018744807
1088,activeEnergyKcal,63.18917462569044
1088,heartRateBpm,170.95688442395465
1089,powerWatts,222.48186983675205
1089,cadenceSpm,91.6375877302294
1089,speedMps,8.257402655316993
1089,distanceM,8774.245421400125
1089,activeEnergyKcal,63.24783136193433
1089,heartRateBpm,170.5067642677155
1090,powerWatts,207.7306496211885
1090,cadenceSpm,92.71428701199751
1090,speedMps,8.070716901379166
1090,distanceM,8782.316138301503
1090,activeEnergyKcal,63.306487987173334
1090,heartRateBpm,170.98558784625914
1091,powerWatts,200.2904016579348
1091,cadenceSpm,92.9393570720942
1091,speedMps,7.973187302453345
1091,distanceM,8790.289325603957
1091,activeEnergyKcal,63.36514450140746
1091,heartRateBpm,169.85757862702928
1092,powerWatts,202.7555261305018
1092,cadenceSpm,91.5056617710918
1092,speedMps,8.005764683406586
1092,distanceM,8798.295090287364
1092,activeEnergyKcal,63.42380090463669
1092,heartRateBpm,170.669798689221
1093,powerWatts,197.90377971090544
1093,cadenceSpm,91.56211445130252
1093,speedMps,7.941391686513338
1093,distanceM,8806.236481973878
1093,activeEnergyKcal,63.48245719686104
1093,heartRateBpm,168.47753268199193
1094,powerWatts,205.67609293137207
1094,cadenceSpm,91.63567199187311
1094,speedMps,8.044020929182626
1094,distanceM,8814.28050290306
1094,activeEnergyKcal,63.5411133780805
1094,heartRateBpm,167.14157274076757
1095,powerWatts,201.4793579329981
1095,cadenceSpm,92.9377501705975
1095,speedMps,7.98893289784092
1095,distanceM,8822.269435800901
1095,activeEnergyKcal,63.59976944829508
1095,heartRateBpm,166.67220899038736
1096,powerWatts,213.33073963714037
1096,cadenceSpm,89.21951500745709
1096,speedMps,8.14259936481962
1096,distanceM,8830.41203516572
1096,activeEnergyKcal,63.658425407504765
1096,heartRateBpm,168.6168449098396
1097,powerWatts,225.1676959289133
1097,cadenceSpm,91.05272378791804
1097,speedMps,8.290497930897065
1097,distanceM,8838.702533096617
1097,activeEnergyKcal,63.717081255709566
1097,heartRateBpm,169.78114545341225
1098,powerWatts,205.81454355431006
1098,cadenceSpm,91.92458557895101
1098,speedMps,8.045825465449486
1098,distanceM,8846.748358562067
1098,activeEnergyKcal,63.77573699290948
1098,heartRateBpm,167.1464402586458
1099,powerWatts,224.03565895192162
1099,cadenceSpm,91.99254393099906
1099,speedMps,8.276581011050183
1099,distanceM,8855.024939573117
1099,activeEnergyKcal,63.834392619104506
1099,heartRateBpm,167.77228350991686
1100,powerWatts,207.60173744994256
1100,cadenceSpm,90.81813910156716
1100,speedMps,8.069047064448242
1100,distanceM,8863.093986637565
1100,activeEnergyKcal,63.893048134294645
1100,heartRateBpm,166.8245764898584
1101,powerWatts,155.95970940259767
1101,cadenceSpm,84.25167295830681
1101,speedMps,7.335269249231368
1101,distanceM,8870.429255886796
1101,activeEnergyKcal,63.93193714813042
1101,heartRateBpm,166.3465216309
1102,powerWatts,108.39886702319461
1102,cadenceSpm,79.33414778073363
1102,speedMps,6.497607921886111
1102,distanceM,8876.926863808683
1102,activeEnergyKcal,63.95105760702144
1102,heartRateBpm,164.38696833235747
1103,powerWatts,100.06051548726649
1103,cadenceSpm,75.71082241272512
1103,speedMps,6.326538655464457
1103,distanceM,8883.253402464148
1103,activeEnergyKcal,63.97017806591246
1103,heartRateBpm,162.61251817823478
1104,powerWatts,120.13439031245882
1104,cadenceSpm,77.67791587309787
1104,speedMps,6.724103198702899
1104,distanceM,8889.977505662851
1104,activeEnergyKcal,63.98929852480347
1104,heartRateBpm,160.3047369415453
1105,powerWatts,106.41528241829388
1105,cadenceSpm,75.63845548540161
1105,speedMps,6.457730568504728
1105,distanceM,8896.435236231357
1105,activeEnergyKcal,64.00841898369448
1105,heartRateBpm,157.29453698156416
1106,powerWatts,96.35609373778018
1106,cadenceSpm,76.69439974764907
1106,speedMps,6.24748155292698
1106,distanceM,8902.682717784284
1106,activeEnergyKcal,64.02753944258549
1106,heartRateBpm,157.28139566776295
1107,powerWatts,97.98150223823106
1107,cadenceSpm,76.04259682409867
1107,speedMps,6.282414958968327
1107,distanceM,8908.965132743253
1107,activeEnergyKcal,64.0466599014765
1107,heartRateBpm,156.38042215835318
1108,powerWatts,110.64907143861647
1108,cadenceSpm,77.73520699261381
1108,speedMps,6.542260685471991
1108,distanceM,8915.507393428725
1108,activeEnergyKcal,64.06578036036751
1108,heartRateBpm,154.72778990380402
1109,powerWatts,109.6423914397961
1109,cadenceSpm,76.94771951839627
1109,speedMps,6.522359818140256
1109,distanceM,8922.029753246865
1109,activeEnergyKcal,64.08490081925852
1109,heartRateBpm,152.76225202979452
1110,powerWatts,97.27645963678344
1110,cadenceSpm,78.59587314329166
1110,speedMps,6.267309941332895
1110,distanceM,8928.297063188198
1110,activeEnergyKcal,64.10402127814953
1110,heartRateBpm,149.86678961693153
1111,powerWatts,115.55549105486352
1111,cadenceSpm,76.4849753882008
1111,speedMps,6.637564939921832
1111,distanceM,8934.93462812812
1111,activeEnergyKcal,64.12314173704054
1111,heartRateBpm,147.72211790950328
1112,powerWatts,97.06440182369582
1112,cadenceSpm,77.06695532021033
1112,speedMps,6.262752487393641
1112,distanceM,8941.197380615513
1112,activeEnergyKcal,64.14226219593155
1112,heartRateBpm,148.06556568789216
1113,powerWatts,97.16912633428129
1113,cadenceSpm,76.10847545968821
1113,speedMps,6.265004009557576
1113,distanceM,8947.46238462507
1113,activeEnergyKcal,64.16138265482256
1113,heartRateBpm,145.70750481501975
1114,powerWatts,117.18864536063022
1114,cadenceSpm,78.04280256523208
1114,speedMps,6.668688505461165
1114,distanceM,8954.131073130531
1114,activeEnergyKcal,64.18050311371357
1114,heartRateBpm,144.12642909799712
1115,powerWatts,105.2933006359812
1115,cadenceSpm,79.0594598734444
1115,speedMps,6.434954797713268
1115,distanceM,8960.566027928244
1115,activeEnergyKcal,64.19962357260458
1115,heartRateBpm,143.03634058288387
1116,powerWatts,105.33839770399715
1116,cadenceSpm,78.66636599119813
1116,speedMps,6.435873362559591
1116,distanceM,8967.001901290803
1116,activeEnergyKcal,64.21874403149559
1116,heartRateBpm,142.97851419488
1117,powerWatts,122.31167692859941
1117,cadenceSpm,75.23420513613453
1117,speedMps,6.764482238740495
1117,distanceM,8973.766383529544
1117,activeEnergyKcal,64.2378644903866
1117,heartRateBpm,142.87605236691633
1118,powerWatts,94.34624022794019
1118,cadenceSpm,78.36576144096468
1118,speedMps,6.203738073052507
1118,distanceM,8979.970121602597
1118,activeEnergyKcal,64.25698494927761
1118,heartRateBpm,139.79557217201287
1119,powerWatts,115.6372825998464
1119,cadenceSpm,76.52593308245969
1119,speedMps,6.6391306196
1119,distanceM,8986.609252222197
1119,activeEnergyKcal,64.27610540816862
1119,heartRateBpm,137.18205310837448
1120,powerWatts,103.83233502127071
1120,cadenceSpm,79.57162471524275
1120,speedMps,6.405053979907278
1120,distanceM,8993.014306202103
1120,activeEnergyKcal,64.29522586705963
1120,heartRateBpm,135.33031994063433
1121,powerWatts,102.46569684787532
1121,cadenceSpm,78.34808445593983
1121,speedMps,6.376828737304985
1121,distanceM,8999.391134939407
1121,activeEnergyKcal,64.31434632595064
1121,heartRateBpm,134.34590598921108
1122,powerWatts,108.47447958716815
1122,cadenceSpm,76.73053341736609
1122,speedMps,6.49911835158706
1122,distanceM,9005.890253290994
1122,activeEnergyKcal,64.33346678484165
1122,heartRateBpm,132.62723628712575
1123,powerWatts,100.51230488144637
1123,cadenceSpm,77.63293808523073
1123,speedMps,6.336046141912762
1123,distanceM,9012.226299432907
1123,activeEnergyKcal,64.35258724373266
1123,heartRateBpm,132.66524136131287
1124,powerWatts,105.56291219414521
1124,cadenceSpm,76.91707326712488
1124,speedMps,6.440442514621385
1124,distanceM,9018.666741947529
1124,activeEnergyKcal,64.37170770262367
1124,heartRateBpm,132.3781093345759
1125,powerWatts,109.73260287972175
1125,cadenceSpm,79.13467346813604
1125,speedMps,6.524148147650671
1125,distanceM,9025.19089009518
1125,activeEnergyKcal,64.39082816151468
1125,heartRateBpm,130.68344482445977
1126,powerWatts,95.63881660545152
1126,cadenceSpm,76.41207454466574
1126,speedMps,6.231940791501411
1126,distanceM,9031.422830886682
1126,activeEnergyKcal,64.40994862040569
1126,heartRateBpm,128.56626184304324
1127,powerWatts,203.16579374233254
1127,cadenceSpm,90.45864010986642
1127,speedMps,8.011160825831881
1127,distanceM,9039.433991712514
1127,activeEnergyKcal,64.46871014526228
1127,heartRateBpm,128.38324308019156
1128,powerWatts,209.09752727761432
1128,cadenceSpm,90.78232940739645
1128,speedMps,8.088380117913928
1128,distanceM,9047.522371830428
1128,activeEnergyKcal,64.52747155911399
1128,heartRateBpm,128.40984856892084
1129,powerWatts,212.86541097446982
1129,cadenceSpm,91.25271665798505
1129,speedMps,8.136674694147176
1129,distanceM,9055.659046524575
1129,activeEnergyKcal,64.58623286196081
1129,heartRateBpm,129.82440755608587
1130,powerWatts,205.58268278950496
1130,cadenceSpm,91.30068934874731
1130,speedMps,8.042802983519572
1130,distanceM,9063.701849508096
1130,activeEnergyKcal,64.64499405380275
1130,heartRateBpm,131.8039598370266
1131,powerWatts,219.07920982120035
1131,cadenceSpm,91.67901184520377
1131,speedMps,8.215089688995885
1131,distanceM,9071.916939197092
1131,activeEnergyKcal,64.70375513463979
1131,heartRateBpm,131.84910398116918
1132,powerWatts,207.22618474241204
1132,cadenceSpm,93.72480014164384
1132,speedMps,8.064178477032797
1132,distanceM,9079.981117674124
1132,activeEnergyKcal,64.76251610447196
1132,heartRateBpm,131.30415539526368
1133,powerWatts,208.61996685232722
1133,cadenceSpm,90.87925169259967
1133,speedMps,8.08221770697542
1133,distanceM,9088.063335381099
1133,activeEnergyKcal,64.82127696329924
1133,heartRateBpm,130.34330275313778
1134,powerWatts,210.98853683007619
1134,cadenceSpm,90.4817363854724
1134,speedMps,8.112689868274597
1134,distanceM,9096.176025249373
1134,activeEnergyKcal,64.88003771112163
1134,heartRateBpm,132.74821374958364
1135,powerWatts,208.83570733378167
1135,cadenceSpm,94.80680284367952
1135,speedMps,8.085002772489931
1135,distanceM,9104.261028021863
1135,activeEnergyKcal,64.93879834793914
1135,heartRateBpm,134.24911389505715
1136,powerWatts,212.43367922676666
1136,cadenceSpm,91.83794800914632
1136,speedMps,8.131170060385923
1136,distanceM,9112.392198082249
1136,activeEnergyKcal,64.99755887375176
1136,heartRateBpm,136.10296255908116
1137,powerWatts,219.3973191028025
1137,cadenceSpm,93.32815414964752
1137,speedMps,8.219063947804566
1137,distanceM,9120.611262030054
1137,activeEnergyKcal,65.0563192885595
1137,heartRateBpm,136.13395756640801
1138,powerWatts,198.77796921878127
1138,cadenceSpm,90.95274365014377
1138,speedMps,7.953067536249016
1138,distanceM,9128.564329566303
1138,activeEnergyKcal,65.11507959236233
1138,heartRateBpm,135.30105087149883
1139,powerWatts,195.2861516522229
1139,cadenceSpm,91.63229928891445
1139,speedMps,7.9062231815819946
1139,distanceM,9136.470552747885
1139,activeEnergyKcal,65.1738397851603
1139,heartRateBpm,136.66910929792863
1140,powerWatts,217.71992233681274
1140,cadenceSpm,92.31549882732794
1140,speedMps,8.198064122071598
1140,distanceM,9144.668616869956
1140,activeEnergyKcal,65.23259986695336
1140,heartRateBpm,136.81181739872727
1141,powerWatts,210.7168788617373
1141,cadenceSpm,92.98153903973574
1141,speedMps,8.109206545714743
1141,distanceM,9152.77782341567
1141,activeEnergyKcal,65.29135983774155
1141,heartRateBpm,137.37316021813587
1142,powerWatts,206.32052991518248
1142,cadenceSpm,91.69958923343833
1142,speedMps,8.052413510258056
1142,distanceM,9160.830236925929
1142,activeEnergyKcal,65.35011969752486
1142,heartRateBpm,137.64855412766207
1143,powerWatts,209.11895769553578
1143,cadenceSpm,90.95368942624565
1143,speedMps,8.088656434659585
1143,distanceM,9168.91889336059
1143,activeEnergyKcal,65.40887944630327
1143,heartRateBpm,139.99051023502682
1144,powerWatts,201.3428403712498
1144,cadenceSpm,91.7654500737525
1144,speedMps,7.987128120629876
1144,distanceM,9176.90602148122
1144,activeEnergyKcal,65.46763908407681
1144,heartRateBpm,141.7957306466469
1145,powerWatts,209.9788607077789
1145,cadenceSpm,92.65367470501032
1145,speedMps,8.099728199979715
1145,distanceM,9185.005749681199
1145,activeEnergyKcal,65.52639861084545
1145,heartRateBpm,142.5052962776263
1146,powerWatts,213.37504870182443
1146,cadenceSpm,93.04398312374046
1146,speedMps,8.143163068526103
1146,distanceM,9193.148912749724
1146,activeEnergyKcal,65.58515802660921
1146,heartRateBpm,142.58182667372236
1147,powerWatts,206.67956110416063
1147,cadenceSpm,91.45586886069054
1147,speedMps,8.057081638762998
1147,distanceM,9201.205994388487
1147,activeEnergyKcal,65.64391733136807
1147,heartRateBpm,142.4743027980223
1148,powerWatts,212.433738527382
1148,cadenceSpm,91.22298200210523
1148,speedMps,8.131170816988085
1148,distanceM,9209.337165205476
1148,activeEnergyKcal,65.70267652512206
1148,heartRateBpm,144.8356585330148
1149,powerWatts,211.94017702155202
1149,cadenceSpm,89.31731398725344
1149,speedMps,8.12486870284934
1149,distanceM,9217.462033908325
1149,activeEnergyKcal,65.76143560787115
1149,heartRateBpm,142.30036970622555
1150,powerWatts,212.37417719725758
1150,cadenceSpm,90.17655218716685
1150,speedMps,8.130410817466839
1150,distanceM,9225.592444725791
1150,activeEnergyKcal,65.82019457961536
1150,heartRateBpm,141.8229158713389
1151,powerWatts,202.91402221765696
1151,cadenceSpm,93.34396680003493
1151,speedMps,8.007850203033616
1151,distanceM,9233.600294928825
1151,activeEnergyKcal,65.87895344035469
1151,heartRateBpm,143.0510901313444
1152,powerWatts,214.09839343280808
1152,cadenceSpm,94.16960186822125
1152,speedMps,8.15235450641436
1152,distanceM,9241.752649435239
1152,activeEnergyKcal,65.93771219008913
1152,heartRateBpm,144.2447152487356
1153,powerWatts,215.89098931479967
1153,cadenceSpm,92.97718535566977
1153,speedMps,8.175043886679932
1153,distanceM,9249.927693321919
1153,activeEnergyKcal,65.99647082881869
1153,heartRateBpm,146.5342561605954
1154,powerWatts,199.4996086706012
1154,cadenceSpm,90.2567057581349
1154,speedMps,7.962680130774099
1154,distanceM,9257.890373452694
1154,activeEnergyKcal,66.05522935654335
1154,heartRateBpm,146.62678172129685
1155,powerWatts,207.67275414431876
1155,cadenceSpm,89.21584008180851
1155,speedMps,8.069967049876372
1155,distanceM,9265.96034050257
1155,activeEnergyKcal,66.11398777326313
1155,heartRateBpm,147.57921566488093
1156,powerWatts,212.17220869486238
1156,cadenceSpm,93.54936044923568
1156,speedMps,8.127832651362745
1156,distanceM,9274.088173153932
1156,activeEnergyKcal,66.17274607897802
1156,heartRateBpm,148.22785668306994
1157,powerWatts,191.83623858230996
1157,cadenceSpm,91.53293463153173
1157,speedMps,7.859389351567559
1157,distanceM,9281.9475625055
1157,activeEnergyKcal,66.23150427368803
1157,heartRateBpm,150.25193560566228
1158,powerWatts,215.64325466767937
1158,cadenceSpm,93.16982843463529
1158,speedMps,8.171915738893858
1158,distanceM,9290.119478244394
1158,activeEnergyKcal,66.29026235739315
1158,heartRateBpm,149.46449335103057
1159,powerWatts,215.52235684881896
1159,cadenceSpm,89.16916021622438
1159,speedMps,8.170388291044258
1159,distanceM,9298.289866535439
1159,activeEnergyKcal,66.34902033009338
1159,heartRateBpm,151.62226989360542
1160,powerWatts,187.01281606931744
1160,cadenceSpm,90.4413169415911
1160,speedMps,7.792958747525056
1160,distanceM,9306.082825282963
1160,activeEnergyKcal,66.40777819178872
1160,heartRateBpm,149.3259056243155
1161,powerWatts,196.4720691288097
1161,cadenceSpm,92.03727846719943
1161,speedMps,7.92219497889215
1161,distanceM,9314.005020261855
1161,activeEnergyKcal,66.46653594247918
1161,heartRateBpm,148.6502696441372
1162,powerWatts,195.6619453862569
1162,cadenceSpm,91.777250639159
1162,speedMps,7.911291309129664
1162,distanceM,9321.916311570985
1162,activeEnergyKcal,66.52529358216476
1162,heartRateBpm,150.55005462501262
1163,powerWatts,218.64505762230704
1163,cadenceSpm,92.39044772336968
1163,speedMps,8.209659449334719
1163,distanceM,9330.12597102032
1163,activeEnergyKcal,66.58405111084545
1163,heartRateBpm,152.58108699539832
1164,powerWatts,191.0598388568681
1164,cadenceSpm,91.12064740143121
1164,speedMps,7.848772173807821
1164,distanceM,9337.974743194127
1164,activeEnergyKcal,66.64280852852126
1164,heartRateBpm,150.89575863985917
1165,powerWatts,204.95472284237457
1165,cadenceSpm,91.67576082802935
1165,speedMps,8.034605617891177
1165,distanceM,9346.009348812018
1165,activeEnergyKcal,66.70156583519217
1165,heartRateBpm,150.66656245487354
1166,powerWatts,209.2345272869767
1166,cadenceSpm,89.8936556847764
1166,speedMps,8.090146225568343
1166,distanceM,9354.099495037586
1166,activeEnergyKcal,66.7603230308582
1166,heartRateBpm,150.36374634419687
1167,powerWatts,198.96750757086951
1167,cadenceSpm,92.20197851637589
1167,speedMps,7.955594530663727
1167,distanceM,9362.05508956825
1167,activeEnergyKcal,66.81908011551934
1167,heartRateBpm,151.05920053090787
1168,powerWatts,208.2505389993994
1168,cadenceSpm,92.97593133139378
1168,speedMps,8.07744417778633
1168,distanceM,9370.132533746037
1168,activeEnergyKcal,66.8778370891756
1168,heartRateBpm,152.03946915450433
1169,powerWatts,213.49099513342344
1169,cadenceSpm,92.21122729494542
1169,speedMps,8.144637779742506
1169,distanceM,9378.277171525779
1169,activeEnergyKcal,66.93659395182696
1169,heartRateBpm,152.32500893583597
1170,powerWatts,191.0788261206406
1170,cadenceSpm,93.58312657597824
1170,speedMps,7.849032165253482
1170,distanceM,9386.126203691032
1170,activeEnergyKcal,66.99535070347345
1170,heartRateBpm,153.57616854235022
1171,powerWatts,206.61998448246578
1171,cadenceSpm,93.90642837464581
1171,speedMps,8.056307397014315
1171,distanceM,9394.182511088047
1171,activeEnergyKcal,67.05410734411505
1171,heartRateBpm,153.0761853796547
1172,powerWatts,201.54754656897197
1172,cadenceSpm,92.43708482911765
1172,speedMps,7.989834053834932
1172,distanceM,9402.172345141882
1172,activeEnergyKcal,67.11286387375176
1172,heartRateBpm,153.18601719406035
1173,powerWatts,205.9055559995165
1173,cadenceSpm,91.49304044486502
1173,speedMps,8.047011261692806
1173,distanceM,9410.219356403575
1173,activeEnergyKcal,67.1716202923836
1173,heartRateBpm,154.28974731862937
1174,powerWatts,210.43253311758565
1174,cadenceSpm,91.52261956186213
1174,speedMps,8.105557326386997
1174,distanceM,9418.324913729963
1174,activeEnergyKcal,67.23037660001053
1174,heartRateBpm,154.21778488862245
1175,powerWatts,209.88930127630556
1175,cadenceSpm,91.23540720870615
1175,speedMps,8.098576480536227
1175,distanceM,9426.423490210498
1175,activeEnergyKcal,67.28913279663259
1175,heartRateBpm,153.8158950636869
1176,powerWatts,212.91126544144
1176,cadenceSpm,90.27718229774632
1176,speedMps,8.13725890694752
1176,distanceM,9434.560749117445
1176,activeEnergyKcal,67.34788888224975
1176,heartRateBpm,156.39940864565074
1177,powerWatts,211.45481604650408
1177,cadenceSpm,91.6720470446801
1177,speedMps,8.11866174954925
1177,distanceM,9442.679410866995
1177,activeEnergyKcal,67.40664485686203
1177,heartRateBpm,155.74671982935027
1178,powerWatts,196.21849213517064
1178,cadenceSpm,91.6719135794995
1178,speedMps,7.918785246960278
1178,distanceM,9450.598196113955
1178,activeEnergyKcal,67.46540072046942
1178,heartRateBpm,155.9278326137657
1179,powerWatts,201.42237291468288
1179,cadenceSpm,91.8304059171745
1179,speedMps,7.988179648775634
1179,distanceM,9458.58637576273
1179,activeEnergyKcal,67.52415647307193
1179,heartRateBpm,155.6202949592608
1180,powerWatts,210.93778635859846
1180,cadenceSpm,89.80381866942285
1180,speedMps,8.112039349755376
1180,distanceM,9466.698415112485
1180,activeEnergyKcal,67.58291211466954
1180,heartRateBpm,154.9450152198789
1181,powerWatts,198.36384254155712
1181,cadenceSpm,92.27983988029797
1181,speedMps,7.9475406539430145
1181,distanceM,9474.645955766428
1181,activeEnergyKcal,67.64166764526227
1181,heartRateBpm,155.83455174028444
1182,powerWatts,208.3458316020654
1182,cadenceSpm,91.47324555417639
1182,speedMps,8.078676032627406
1182,distanceM,9482.724631799056
1182,activeEnergyKcal,67.70042306485013
1182,heartRateBpm,156.17452752605408
1183,powerWatts,203.18644144523222
1183,cadenceSpm,92.02555012140111
1183,speedMps,8.011432207580885
1183,distanceM,9490.736064006636
1183,activeEnergyKcal,67.75917837343309
1183,heartRateBpm,154.9936993341465
1184,powerWatts,204.23895598934917
1184,cadenceSpm,94.51470482382693
1184,speedMps,8.025241578884591
1184,distanceM,9498.761305585522
1184,activeEnergyKcal,67.81793357101117
1184,heartRateBpm,154.1555998912457
1185,powerWatts,201.70871604209287
1185,cadenceSpm,90.03710692078883
1185,speedMps,7.991963202802232
1185,distanceM,9506.753268788323
1185,activeEnergyKcal,67.87668865758435
1185,heartRateBpm,153.36834162133619
1186,powerWatts,190.7996808848922
1186,cadenceSpm,91.33940382985718
1186,speedMps,7.845208110381875
1186,distanceM,9514.598476898705
1186,activeEnergyKcal,67.93544363315266
1186,heartRateBpm,154.29629025749048
1187,powerWatts,214.78112365630386
1187,cadenceSpm,91.31746465348071
1187,speedMps,8.161010889323407
1187,distanceM,9522.75948778803
1187,activeEnergyKcal,67.99419849771607
1187,heartRateBpm,154.0034019662179
1188,powerWatts,209.9505793866548
1188,cadenceSpm,90.35956770949447
1188,speedMps,8.099364542262778
1188,distanceM,9530.858852330291
1188,activeEnergyKcal,68.0529532512746
1188,heartRateBpm,155.1143090408918
1189,powerWatts,213.25418136284648
1189,cadenceSpm,92.52928492878044
1189,speedMps,8.141625199941446
1189,distanceM,9539.000477530233
1189,activeEnergyKcal,68.11170789382824
1189,heartRateBpm,156.25190602035116
1190,powerWatts,209.7515864958514
1190,cadenceSpm,90.33569620422051
1190,speedMps,8.096804851888393
1190,distanceM,9547.097282382121
1190,activeEnergyKcal,68.170462425377
1190,heartRateBpm,157.03069975517153
1191,powerWatts,202.93870744640617
1191,cadenceSpm,90.30219153622735
1191,speedMps,8.008174917899625
1191,distanceM,9555.10545730002
1191,activeEnergyKcal,68.22921684592087
1191,heartRateBpm,158.3378441957068
1192,powerWatts,201.32149215138656
1192,cadenceSpm,91.72277490841776
1192,speedMps,7.9868458210563125
1192,distanceM,9563.092303121077
1192,activeEnergyKcal,68.28797115545986
1192,heartRateBpm,158.85974249829476
1193,powerWatts,206.92836451996834
1193,cadenceSpm,91.68689374839494
1193,speedMps,8.060313413852823
1193,distanceM,9571.15261653493
1193,activeEnergyKcal,68.34672535399396
1193,heartRateBpm,161.60775586954338
1194,powerWatts,200.0118507680715
1194,cadenceSpm,88.59178999802046
1194,speedMps,7.969489390529837
1194,distanceM,9579.12210592546
1194,activeEnergyKcal,68.40547944152317
1194,heartRateBpm,161.56240922304107
1195,powerWatts,220.02283308432916
1195,cadenceSpm,92.86540496801
1195,speedMps,8.226867539431474
1195,distanceM,9587.348973464892
1195,activeEnergyKcal,68.4642334180475
1195,heartRateBpm,162.45031933984174
1196,powerWatts,211.39874893887847
1196,cadenceSpm,89.85622373183658
1196,speedMps,8.117944133484144
1196,distanceM,9595.466917598376
1196,activeEnergyKcal,68.52298728356693
1196,heartRateBpm,162.77472968672356
1197,powerWatts,200.37369683871736
1197,cadenceSpm,90.55581406497731
1197,speedMps,7.974292424531813
1197,distanceM,9603.441210022907
1197,activeEnergyKcal,68.58174103808149
1197,heartRateBpm,163.30376404047317
1198,powerWatts,192.255873763102
1198,cadenceSpm,91.48822320617997
1198,speedMps,7.86511589278229
1198,distanceM,9611.30632591569
1198,activeEnergyKcal,68.64049468159115
1198,heartRateBpm,164.2720974570647
1199,powerWatts,222.94481753270526
1199,cadenceSpm,91.53524862529407
1199,speedMps,8.263126113590648
1199,distanceM,9619.56945202928
1199,activeEnergyKcal,68.69924821409593
1199,heartRateBpm,163.20521087048633
1200,powerWatts,206.8888436710327
1200,cadenceSpm,92.61509217360576
1200,speedMps,8.059800239947656
1200,distanceM,9627.629252269227
1200,activeEnergyKcal,68.75800163559582
1200,heartRateBpm,163.48512398703002
1201,powerWatts,210.43465669449475
1201,cadenceSpm,90.66399771994355
1201,speedMps,8.105584592000694
1201,distanceM,9635.734836861227
1201,activeEnergyKcal,68.81675494609082
1201,heartRateBpm,161.3625050976079
1202,powerWatts,219.97340263095919
1202,cadenceSpm,90.99862518193467
1202,speedMps,8.22625140906035
1202,distanceM,9643.961088270287
1202,activeEnergyKcal,68.87550814558095
1202,heartRateBpm,160.81975407232588
1203,powerWatts,209.12634127935553
1203,cadenceSpm,91.2920054548198
1203,speedMps,8.088751631783337
1203,distanceM,9652.04983990207
1203,activeEnergyKcal,68.93426123406618
1203,heartRateBpm,161.51854442407324
1204,powerWatts,217.53702359430542
1204,cadenceSpm,92.32762201565428
1204,speedMps,8.195767845173863
1204,distanceM,9660.245607747245
1204,activeEnergyKcal,68.99301421154654
1204,heartRateBpm,162.9735911164124
1205,powerWatts,202.70785887700941
1205,cadenceSpm,92.53336456954311
1205,speedMps,8.005137256654246
1205,distanceM,9668.2507450039
1205,activeEnergyKcal,69.051767078022
1205,heartRateBpm,164.4093649701881
1206,powerWatts,195.05163560114318
1206,cadenceSpm,92.60551942366054
1206,speedMps,7.9030570944148115
1206,distanceM,9676.153802098313
1206,activeEnergyKcal,69.11051983349257
1206,heartRateBpm,165.5664229272563
1207,powerWatts,200.12738877386815
1207,cadenceSpm,91.98404181654237
1207,speedMps,7.971023635737443
1207,distanceM,9684.12482573405
1207,activeEnergyKcal,69.16927247795826
1207,heartRateBpm,166.1984336020202
1208,powerWatts,190.99716789164106
1208,cadenceSpm,91.39097187547223
1208,speedMps,7.84791390182424
1208,distanceM,9691.972739635874
1208,activeEnergyKcal,69.22802501141906
1208,heartRateBpm,166.2758513458592
1209,powerWatts,208.3910189364147
1209,cadenceSpm,92.11386384823193
1209,speedMps,8.079260041506052
1209,distanceM,9700.05199967738
1209,activeEnergyKcal,69.28677743387497
1209,heartRateBpm,167.0846773227621
1210,powerWatts,226.6929091809465
1210,cadenceSpm,91.22806729544149
1210,speedMps,8.30917487545834
1210,distanceM,9708.361174552838
1210,activeEnergyKcal,69.345529745326
1210,heartRateBpm,166.82314690390783
1211,powerWatts,206.1945958290243
1211,cadenceSpm,90.53348661609854
1211,speedMps,8.050774830657895
1211,distanceM,9716.411949383495
1211,activeEnergyKcal,69.40428194577215
1211,heartRateBpm,167.91797267480501
1212,powerWatts,206.99543943645747
1212,cadenceSpm,92.91572980535905
1212,speedMps,8.061184224781364
1212,distanceM,9724.473133608277
1212,activeEnergyKcal,69.46303403521341
1212,heartRateBpm,166.69619460794024
1213,powerWatts,206.35026559871847
1213,cadenceSpm,93.01315807553942
1213,speedMps,8.052800339621205
1213,distanceM,9732.525933947898
1213,activeEnergyKcal,69.52178601364979
1213,heartRateBpm,167.5700107012435
1214,powerWatts,202.69751250694895
1214,cadenceSpm,94.04137201310245
1214,speedMps,8.00500105814986
1214,distanceM,9740.530935006047
1214,activeEnergyKcal,69.58053788108127
1214,heartRateBpm,167.1699945953759
1215,powerWatts,207.68116528082172
1215,cadenceSpm,93.95663903582634
1215,speedMps,8.07007599801185
1215,distanceM,9748.601011004059
1215,activeEnergyKcal,69.63928963750787
1215,heartRateBpm,167.14243539007154
1216,powerWatts,211.8313974867704
1216,cadenceSpm,93.87997846029974
1216,speedMps,8.123478419512931
1216,distanceM,9756.724489423572
1216,activeEnergyKcal,69.69804128292958
1216,heartRateBpm,167.5387109933406
1217,powerWatts,211.17391231601133
1217,cadenceSpm,93.43775670288387
1217,speedMps,8.115065121485623
1217,distanceM,9764.839554545057
1217,activeEnergyKcal,69.75679281734641
1217,heartRateBpm,167.43885965197853
1218,powerWatts,209.34642956427584
1218,cadenceSpm,93.60147204296315
1218,speedMps,8.091588219001716
1218,distanceM,9772.931142764059
1218,activeEnergyKcal,69.81554424075834
1218,heartRateBpm,168.43119069018863
1219,powerWatts,219.09957877484464
1219,cadenceSpm,91.16277353450965
1219,speedMps,8.215344281228415
1219,distanceM,9781.146487045287
1219,activeEnergyKcal,69.8742955531654
1219,heartRateBpm,167.7715345455496
1220,powerWatts,207.0913375730166
1220,cadenceSpm,93.10875543508216
1220,speedMps,8.062428911132756
1220,distanceM,9789.20891595642
1220,activeEnergyKcal,69.93304675456757
1220,heartRateBpm,167.4116392896706
1221,powerWatts,201.86931259434047
1221,cadenceSpm,91.1315039981002
1221,speedMps,7.994083655311016
1221,distanceM,9797.20299961173
1221,activeEnergyKcal,69.99179784496485
1221,heartRateBpm,167.51568014793318
1222,powerWatts,204.16556862927766
1222,cadenceSpm,89.94978614926686
1222,speedMps,8.024280250938263
1222,distanceM,9805.22727986267
1222,activeEnergyKcal,70.05054882435725
1222,heartRateBpm,168.8543173268354
1223,powerWatts,202.80895032345217
1223,cadenceSpm,91.86874374418622
1223,speedMps,8.006467769804441
1223,distanceM,9813.233747632474
1223,activeEnergyKcal,70.10929969274476
1223,heartRateBpm,167.31875813159704
1224,powerWatts,210.6551443833151
1224,cadenceSpm,90.97466972314355
1224,speedMps,8.108414540605915
1224,distanceM,9821.34216217308
1224,activeEnergyKcal,70.16805045012738
1224,heartRateBpm,169.64340805608518
1225,powerWatts,215.31316611801807
1225,cadenceSpm,92.69590294404101
1225,speedMps,8.167743982573244
1225,distanceM,9829.509906155652
1225,activeEnergyKcal,70.22680109650511
1225,heartRateBpm,167.40592504233416
1226,powerWatts,203.8428727408149
1226,cadenceSpm,91.8940220836564
1226,speedMps,8.020050403407406
1226,distanceM,9837.52995655906
1226,activeEnergyKcal,70.28555163187796
1226,heartRateBpm,168.13585114465968
1227,powerWatts,202.2286259405445
1227,cadenceSpm,90.57061520946671
1227,speedMps,7.998823815139385
1227,distanceM,9845.5287803742
1227,activeEnergyKcal,70.34430205624592
1227,heartRateBpm,167.82294467319784
1228,powerWatts,208.62894507407182
1228,cadenceSpm,90.53217138649913
1228,speedMps,8.0823336481018
1228,distanceM,9853.611114022302
1228,activeEnergyKcal,70.403052369609
1228,heartRateBpm,169.12655327855109
1229,powerWatts,200.67563037598828
1229,cadenceSpm,92.7686385905514
1229,speedMps,7.978295774299163
1229,distanceM,9861.589409796601
1229,activeEnergyKcal,70.46180257196718
1229,heartRateBpm,169.02232094248566
1230,powerWatts,193.98155618521636
1230,cadenceSpm,91.12888911428938
1230,speedMps,7.8885781741211245
1230,distanceM,9869.477987970722
1230,activeEnergyKcal,70.52055266332049
1230,heartRateBpm,167.80634479420434
1231,powerWatts,215.31306859805292
1231,cadenceSpm,91.29728274592453
1231,speedMps,8.167742749457402
1231,distanceM,9877.64573072018
1231,activeEnergyKcal,70.57930264366891
1231,heartRateBpm,169.409672866138
1232,powerWatts,188.5044537344184
1232,cadenceSpm,91.2026739772146
1232,speedMps,7.813623109307189
1232,distanceM,9885.459353829487
1232,activeEnergyKcal,70.63805251301244
1232,heartRateBpm,169.67325790030412
1233,powerWatts,214.6643998069879
1233,cadenceSpm,92.05179089204451
1233,speedMps,8.159532241039576
1233,distanceM,9893.618886070526
1233,activeEnergyKcal,70.69680227135109
1233,heartRateBpm,169.58546533450644
1234,powerWatts,203.96491096189288
1234,cadenceSpm,91.15821441835908
1234,speedMps,8.02165058596235
1234,distanceM,9901.640536656489
1234,activeEnergyKcal,70.75555191868484
1234,heartRateBpm,170.74906245104359
1235,powerWatts,210.96177797886403
1235,cadenceSpm,91.79975439243367
1235,speedMps,8.112346886862076
1235,distanceM,9909.752883543351
1235,activeEnergyKcal,70.81430145501372
1235,heartRateBpm,169.0231887892999
1236,powerWatts,195.90063044925205
1236,cadenceSpm,91.14092865074463
1236,speedMps,7.914506956985279
1236,distanceM,9917.667390500337
1236,activeEnergyKcal,70.8730508803377
1236,heartRateBpm,169.40653391518376
1237,powerWatts,210.93033874263386
1237,cadenceSpm,91.73795385874772
1237,speedMps,8.111943877585034
1237,distanceM,9925.779334377923
1237,activeEnergyKcal,70.9318001946568
1237,heartRateBpm,170.1213000888901
1238,powerWatts,202.60595489654742
1238,cadenceSpm,89.28829374803283
1238,speedMps,8.003795601574224
1238,distanceM,9933.783129979498
1238,activeEnergyKcal,70.99054939797101
1238,heartRateBpm,168.6935160869501
1239,powerWatts,195.75416749255072
1239,cadenceSpm,89.78585598876961
1239,speedMps,7.912534067140736
1239,distanceM,9941.695664046638
1239,activeEnergyKcal,71.04929849028034
1239,heartRateBpm,166.4368759722607
1240,powerWatts,193.8652323489275
1240,cadenceSpm,89.61211245648312
1240,speedMps,7.887001025622153
1240,distanceM,9949.58266507226
1240,activeEnergyKcal,71.10804747158478
1240,heartRateBpm,165.86902869426507
1241,powerWatts,207.5743353736811
1241,cadenceSpm,90.91332740883266
1241,speedMps,8.068692028286621
1241,distanceM,9957.651357100545
1241,activeEnergyKcal,71.16679634188434
1241,heartRateBpm,163.9782481423215
1242,powerWatts,193.6696336385544
1242,cadenceSpm,89.65469079464698
1242,speedMps,7.884347625063466
1242,distanceM,9965.53570472561
1242,activeEnergyKcal,71.22554510117901
1242,heartRateBpm,163.85105391221984
1243,powerWatts,190.49923664463947
1243,cadenceSpm,91.53210195254964
1243,speedMps,7.841088107238415
1243,distanceM,9973.376792832847
1243,activeEnergyKcal,71.28429374946879
1243,heartRateBpm,163.6339500769332
1244,powerWatts,205.25377496016768
1244,cadenceSpm,94.01449468238297
1244,speedMps,8.038511518184778
1244,distanceM,9981.415304351032
1244,activeEnergyKcal,71.34304228675369
1244,heartRateBpm,161.48244078938632
1245,powerWatts,203.23384792786428
1245,cadenceSpm,91.7652066416213
1245,speedMps,8.012055222065696
1245,distanceM,9989.427359573097
1245,activeEnergyKcal,71.40179071303369
1245,heartRateBpm,161.1647175290747
1246,powerWatts,207.97000223857694
1246,cadenceSpm,90.89271037609159
1246,speedMps,8.073815474389134
1246,distanceM,9997.501175047486
1246,activeEnergyKcal,71.46053902830882
1246,heartRateBpm,162.4594384041521
1247,powerWatts,219.13043876313594
1247,cadenceSpm,88.89134130361215
1247,speedMps,8.215729971192966
1247,distanceM,10005.716905018679
1247,activeEnergyKcal,71.51928723257905
1247,heartRateBpm,161.61833642017106
1248,powerWatts,206.771686943475
1248,cadenceSpm,92.67445573956462
1248,speedMps,8.058278588516764
1248,distanceM,10013.775183607195
1248,activeEnergyKcal,71.5780353258444
1248,heartRateBpm,161.73012796782893
1249,powerWatts,209.40991222919934
1249,cadenceSpm,91.16781946447144
1249,speedMps,8.092406039922954
1249,distanceM,10021.867589647118
1249,activeEnergyKcal,71.63678330810485
1249,heartRateBpm,160.65419876490137
1250,powerWatts,214.48081318062265
1250,cadenceSpm,93.08679207750471
1250,speedMps,8.157205495603819
1250,distanceM,10030.02479514272
1250,activeEnergyKcal,71.69553117936043
1250,heartRateBpm,161.5428928817384
1251,powerWatts,214.58570831181004
1251,cadenceSpm,91.2271732222218
1251,speedMps,8.158535081027667
1251,distanceM,10038.183330223748
1251,activeEnergyKcal,71.75427893961113
1251,heartRateBpm,162.21300971754445
1252,powerWatts,220.1242332524727
1252,cadenceSpm,91.43213297373973
1252,speedMps,8.228131162274085
1252,distanceM,10046.411461386022
1252,activeEnergyKcal,71.81302658885693
1252,heartRateBpm,161.35795181417888
1253,powerWatts,223.21311049978667
1253,cadenceSpm,91.55148543844481
1253,speedMps,8.266439414686266
1253,distanceM,10054.677900800709
1253,activeEnergyKcal,71.87177412709785
1253,heartRateBpm,163.07934590948864
1254,powerWatts,218.26411491957037
1254,cadenceSpm,92.06499783021371
1254,speedMps,8.204888813406345
1254,distanceM,10062.882789614116
1254,activeEnergyKcal,71.93052155433388
1254,heartRateBpm,163.13259031491833
1255,powerWatts,194.75334947035364
1255,cadenceSpm,93.14352610308588
1255,speedMps,7.899026409546632
1255,distanceM,10070.781816023662
1255,activeEnergyKcal,71.98926887056503
1255,heartRateBpm,164.1106732425441
1256,powerWatts,208.15806031512264
1256,cadenceSpm,92.09735500300494
1256,speedMps,8.076248339328234
1256,distanceM,10078.85806436299
1256,activeEnergyKcal,72.04801607579128
1256,heartRateBpm,165.3004622991774
1257,powerWatts,203.35609630730423
1257,cadenceSpm,93.00948482935716
1257,speedMps,8.013661359454407
1257,distanceM,10086.871725722445
1257,activeEnergyKcal,72.10676317001266
1257,heartRateBpm,164.77914802910533
1258,powerWatts,209.43454377797295
1258,cadenceSpm,87.66394317956913
1258,speedMps,8.092723313473844
1258,distanceM,10094.964449035919
1258,activeEnergyKcal,72.16551015322914
1258,heartRateBpm,166.0051598194652
1259,powerWatts,210.48178339998188
1259,cadenceSpm,90.13595010978544
1259,speedMps,8.106189626982387
1259,distanceM,10103.0706386629
1259,activeEnergyKcal,72.22425702544074
1259,heartRateBpm,168.30941859517858
1260,powerWatts,209.50076824620066
1260,cadenceSpm,90.47027966085608
1260,speedMps,8.093576212919876
1260,distanceM,10111.16421487582
1260,activeEnergyKcal,72.28300378664746
1260,heartRateBpm,169.55777948737696
1261,powerWatts,199.09843983534893
1261,cadenceSpm,94.549318875218
1261,speedMps,7.9573392302812955
1261,distanceM,10119.121554106101
1261,activeEnergyKcal,72.34175043684928
1261,heartRateBpm,169.24077756364468
1262,powerWatts,212.55383734750717
1262,cadenceSpm,92.16055460119377
1262,speedMps,8.132702839878442
1262,distanceM,10127.25425694598
1262,activeEnergyKcal,72.40049697604623
1262,heartRateBpm,170.67153223963948
1263,powerWatts,198.44270607432958
1263,cadenceSpm,91.56711097155674
1263,speedMps,7.948593749240548
1263,distanceM,10135.202850695221
1263,activeEnergyKcal,72.45924340423828
1263,heartRateBpm,171.38534542496598
1264,powerWatts,193.30471226828183
1264,cadenceSpm,92.01205592831418
1264,speedMps,7.879392492833977
1264,distanceM,10143.082243188055
1264,activeEnergyKcal,72.51798972142545
1264,heartRateBpm,170.80711121553216
1265,powerWatts,211.69543035068784
1265,cadenceSpm,89.8227365267132
1265,speedMps,8.121739988993847
1265,distanceM,10151.203983177049
1265,activeEnergyKcal,72.57673592760773
1265,heartRateBpm,170.92557812849944
1266,powerWatts,191.39811344670522
1266,cadenceSpm,93.04801126060373
1266,speedMps,7.853401569520281
1266,distanceM,10159.05738474657
1266,activeEnergyKcal,72.63548202278513
1266,heartRateBpm,169.07967215520463
1267,powerWatts,203.9262573000438
1267,cadenceSpm,90.10940925394007
1267,speedMps,8.021143822720838
1267,distanceM,10167.078528569291
1267,activeEnergyKcal,72.69422800695763
1267,heartRateBpm,169.15357701711469
1268,powerWatts,202.166690421043
1268,cadenceSpm,90.845593852864
1268,speedMps,7.99800714557314
1268,distanceM,10175.076535714865
1268,activeEnergyKcal,72.75297388012525
1268,heartRateBpm,168.4179486339731
1269,powerWatts,195.5959442905434
1269,cadenceSpm,91.53289009515102
1269,speedMps,7.910401657991434
1269,distanceM,10182.986937372856
1269,activeEnergyKcal,72.81171964228798
1269,heartRateBpm,165.82634961034674
1270,powerWatts,207.46043334662707
1270,cadenceSpm,92.40087689406965
1270,speedMps,8.067215916883557
1270,distanceM,10191.05415328974
1270,activeEnergyKcal,72.87046529344583
1270,heartRateBpm,163.23651930196218
1271,powerWatts,218.85658325218657
1271,cadenceSpm,90.62915401472691
1271,speedMps,8.212306042711463
1271,distanceM,10199.266459332452
1271,activeEnergyKcal,72.9292108335988
1271,heartRateBpm,162.1259267486777
1272,powerWatts,204.61368292313904
1272,cadenceSpm,93.56959948809377
1272,speedMps,8.030146677802145
1272,distanceM,10207.296606010254
1272,activeEnergyKcal,72.98795626274688
1272,heartRateBpm,162.6803382902363
1273,powerWatts,223.0189764049001
1273,cadenceSpm,93.34313489579603
1273,speedMps,8.264042209015196
1273,distanceM,10215.560648219269
1273,activeEnergyKcal,73.04670158089007
1273,heartRateBpm,164.01915731771658
1274,powerWatts,214.08472903807177
1274,cadenceSpm,94.45087088136674
1274,speedMps,8.15218106690648
1274,distanceM,10223.712829286176
1274,activeEnergyKcal,73.10544678802837
1274,heartRateBpm,163.24433325398763
1275,powerWatts,202.22209109500662
1275,cadenceSpm,89.85078567244756
1275,speedMps,7.9987376558219045
1275,distanceM,10231.711566941998
1275,activeEnergyKcal,73.1641918841618
1275,heartRateBpm,165.7954878153581
1276,powerWatts,209.80614352720414
1276,cadenceSpm,90.84316611034376
1276,speedMps,8.097506792296361
1276,distanceM,10239.809073734294
1276,activeEnergyKcal,73.22293686929032
1276,heartRateBpm,151.1715733969189
1277,powerWatts,204.1166252314136
1277,cadenceSpm,91.61740678720102
1277,speedMps,8.02363899536249
1277,distanceM,10247.832712729656
1277,activeEnergyKcal,73.28168174341397
1277,heartRateBpm,137.10904945861802
1278,powerWatts,211.69022123177268
1278,cadenceSpm,91.6733488959348
1278,speedMps,8.121673372130887
1278,distanceM,10255.954386101786
1278,activeEnergyKcal,73.34042650653272
1278,heartRateBpm,122.37034017572685
1279,powerWatts,203.66777227011616
1279,cadenceSpm,91.06932395744187
1279,speedMps,8.017753345098754
1279,distanceM,10263.972139446885
1279,activeEnergyKcal,73.3991711586466
1279,heartRateBpm,124.41449994098608
1280,powerWatts,206.1854382142793
1280,cadenceSpm,90.79324729833999
1280,speedMps,8.050655643916716
1280,distanceM,10272.022795090801
1280,activeEnergyKcal,73.45791569975559
1280,heartRateBpm,125.21588804923138
1281,powerWatts,203.37469557634302
1281,cadenceSpm,92.94677033284293
1281,speedMps,8.01390566603858
1281,distanceM,10280.03670075684
1281,activeEnergyKcal,73.51666012985969
1281,heartRateBpm,126.36236602133687
1282,powerWatts,216.0808995414835
1282,cadenceSpm,92.03937572116777
1282,speedMps,8.177440264955184
1282,distanceM,10288.214141021796
1282,activeEnergyKcal,73.5754044489589
1282,heartRateBpm,124.81612215162946
1283,powerWatts,219.50673758248982
1283,cadenceSpm,92.97152496253165
1283,speedMps,8.220430066016164
1283,distanceM,10296.434571087811
1283,activeEnergyKcal,73.63414865705323
1283,heartRateBpm,127.43727258213043
1284,powerWatts,212.5579765412963
1284,cadenceSpm,93.59912953267207
1284,speedMps,8.132755630605084
1284,distanceM,10304.567326718417
1284,activeEnergyKcal,73.69289275414268
1284,heartRateBpm,128.31740618015994
1285,powerWatts,200.70062690202985
1285,cadenceSpm,90.83108777726451
1285,speedMps,7.97862702428344
1285,distanceM,10312.545953742701
1285,activeEnergyKcal,73.75163674022723
1285,heartRateBpm,130.22844805958465
1286,powerWatts,210.45838884954972
1286,cadenceSpm,94.49259656712677
1286,speedMps,8.105889287945207
1286,distanceM,10320.651843030646
1286,activeEnergyKcal,73.8103806153069
1286,heartRateBpm,130.41750199158471
1287,powerWatts,219.6252309610789
1287,cadenceSpm,89.69878234829798
1287,speedMps,8.22190897477742
1287,distanceM,10328.873752005424
1287,activeEnergyKcal,73.86912437938167
1287,heartRateBpm,131.2103791354472
1288,powerWatts,211.41897091149357
1288,cadenceSpm,91.50243784574431
1288,speedMps,8.118202973883518
1288,distanceM,10336.991954979307
1288,activeEnergyKcal,73.92786803245157
1288,heartRateBpm,130.9525016917484
1289,powerWatts,210.4379778247142
1289,cadenceSpm,91.79044321304926
1289,speedMps,8.105627233203021
1289,distanceM,10345.09758221251
1289,activeEnergyKcal,73.98661157451659
1289,heartRateBpm,135.61408476140323
1290,powerWatts,205.2678080163176
1290,cadenceSpm,92.38952725429907
1290,speedMps,8.03869470980179
1290,distanceM,10353.13627692231
1290,activeEnergyKcal,74.04535500557671
1290,heartRateBpm,136.02765248640267
1291,powerWatts,204.6304925617117
1291,cadenceSpm,91.52886473924579
1291,speedMps,8.030366572133639
1291,distanceM,10361.166643494444
1291,activeEnergyKcal,74.10409832563195
1291,heartRateBpm,136.63088793979352
1292,powerWatts,209.38384375381722
1292,cadenceSpm,92.77297613424662
1292,speedMps,8.092070230537319
1292,distanceM,10369.258713724981
1292,activeEnergyKcal,74.1628415346823
1292,heartRateBpm,137.18960111957162
1293,powerWatts,204.4199793169958
1293,cadenceSpm,90.90243934683076
1293,speedMps,8.02761188565328
1293,distanceM,10377.286325610634
1293,activeEnergyKcal,74.22158463272777
1293,heartRateBpm,136.95117218989284
1294,powerWatts,226.92825159155535
1294,cadenceSpm,92.55343327269838
1294,speedMps,8.312049285216581
1294,distanceM,10385.59837489585
1294,activeEnergyKcal,74.28032761976834
1294,heartRateBpm,138.2379516222712
1295,powerWatts,196.02590835728176
1295,cadenceSpm,91.40392231930839
1295,speedMps,7.916193699205673
1295,distanceM,10393.514568595056
1295,activeEnergyKcal,74.33907049580404
1295,heartRateBpm,138.47309117430254
1296,powerWatts,198.63072131524413
1296,cadenceSpm,92.20903520272424
1296,speedMps,7.951103264573568
1296,distanceM,10401.465671859629
1296,activeEnergyKcal,74.39781326083484
1296,heartRateBpm,140.71835198168912
1297,powerWatts,200.02347745422816
1297,cadenceSpm,92.3368554664871
1297,speedMps,7.969643809640933
1297,distanceM,10409.43531566927
1297,activeEnergyKcal,74.45655591486076
1297,heartRateBpm,140.7040994059983
1298,powerWatts,206.98359623156986
1298,cadenceSpm,92.4277412433525
1298,speedMps,8.061030482139337
1298,distanceM,10417.496346151409
1298,activeEnergyKcal,74.51529845788178
1298,heartRateBpm,139.50341852822407
1299,powerWatts,204.3013870132965
1299,cadenceSpm,93.25597812803359
1299,speedMps,8.026059204501982
1299,distanceM,10425.52240535591
1299,activeEnergyKcal,74.57404088989793
1299,heartRateBpm,138.917673364001
1300,powerWatts,201.4638639421602
1300,cadenceSpm,90.97142275237333
1300,speedMps,7.988728106595005
1300,distanceM,10433.511133462505
1300,activeEnergyKcal,74.6327832109092
1300,heartRateBpm,138.0927490499537
1301,powerWatts,204.9250139908688
1301,cadenceSpm,91.5824089577527
1301,speedMps,8.034217385088308
1301,distanceM,10441.545350847593
1301,activeEnergyKcal,74.69152542091557
1301,heartRateBpm,137.761204584949
1302,powerWatts,208.39999630343192
1302,cadenceSpm,90.85716026618175
1302,speedMps,8.079376056488353
1302,distanceM,10449.624726904081
1302,activeEnergyKcal,74.75026751991706
1302,heartRateBpm,138.40533298123958
1303,powerWatts,213.39842031337128
1303,cadenceSpm,90.20017602841428
1303,speedMps,8.143460372728022
1303,distanceM,10457.76818727681
1303,activeEnergyKcal,74.80900950791366
1303,heartRateBpm,138.82742660279575
1304,powerWatts,212.8850674525632
1304,cadenceSpm,90.96209160545213
1304,speedMps,8.136925139478453
1304,distanceM,10465.905112416289
1304,activeEnergyKcal,74.86775138490538
1304,heartRateBpm,137.21852633110586
1305,powerWatts,207.25971182498483
1305,cadenceSpm,92.2776035543445
1305,speedMps,8.064613354183063
1305,distanceM,10473.969725770472
1305,activeEnergyKcal,74.9264931508922
1305,heartRateBpm,138.85118422791652
1306,powerWatts,197.1280518086822
1306,cadenceSpm,90.29998323153788
1306,speedMps,7.9310020825984235
1306,distanceM,10481.90072785307
1306,activeEnergyKcal,74.98523480587414
1306,heartRateBpm,138.4456180564902
1307,powerWatts,211.02863561770812
1307,cadenceSpm,93.00429801317368
1307,speedMps,8.113203779956994
1307,distanceM,10490.013931633026
1307,activeEnergyKcal,75.04397634985119
1307,heartRateBpm,140.60770627691446
1308,powerWatts,210.0473286344255
1308,cadenceSpm,89.80325284982395
1308,speedMps,8.100608465305486
1308,distanceM,10498.114540098331
1308,activeEnergyKcal,75.10271778282336
1308,heartRateBpm,140.46163052187867
1309,powerWatts,222.72183767922112
1309,cadenceSpm,91.65977181575091
1309,speedMps,8.260370386442856
1309,distanceM,10506.374910484774
1309,activeEnergyKcal,75.16145910479065
1309,heartRateBpm,140.8729328151381
1310,powerWatts,194.76636142113497
1310,cadenceSpm,91.44251552414639
1310,speedMps,7.8992023234298285
1310,distanceM,10514.274112808203
1310,activeEnergyKcal,75.22020031575305
1310,heartRateBpm,140.85725764727033
1311,powerWatts,211.0453583519524
1311,cadenceSpm,91.38717727504512
1311,speedMps,8.113418081626904
1311,distanceM,10522.38753088983
1311,activeEnergyKcal,75.27894141571056
1311,heartRateBpm,141.46613629543953
1312,powerWatts,202.75367617962746
1312,cadenceSpm,92.2629548668551
1312,speedMps,8.005740335009113
1312,distanceM,10530.393271224839
1312,activeEnergyKcal,75.33768240466318
1312,heartRateBpm,140.46170453555806
1313,powerWatts,210.69180489369836
1313,cadenceSpm,90.66974728261162
1313,speedMps,8.10888488495937
1313,distanceM,10538.502156109798
1313,activeEnergyKcal,75.39642328261093
1313,heartRateBpm,140.86568686979933
1314,powerWatts,216.3617042352089
1314,cadenceSpm,92.0884422124561
1314,speedMps,8.180981021588138
1314,distanceM,10546.683137131386
1314,activeEnergyKcal,75.45516404955377
1314,heartRateBpm,142.112965582351
1315,powerWatts,209.33451419832699
1315,cadenceSpm,87.7328289295371
1315,speedMps,8.091434699841795
1315,distanceM,10554.774571831227
1315,activeEnergyKcal,75.51390470549174
1315,heartRateBpm,141.38168147704224
1316,powerWatts,218.4186662468969
1316,cadenceSpm,89.71913201937815
1316,speedMps,8.206824965041426
1316,distanceM,10562.98139679627
1316,activeEnergyKcal,75.57264525042481
1316,heartRateBpm,141.674775415166
1317,powerWatts,218.24640169667998
1317,cadenceSpm,90.48182881320463
1317,speedMps,8.204666851501571
1317,distanceM,10571.18606364777
1317,activeEnergyKcal,75.631385684353
1317,heartRateBpm,142.6869541124061
1318,powerWatts,213.39675899312786
1318,cadenceSpm,90.43636314268045
1318,speedMps,8.143439240221266
1318,distanceM,10579.329502887991
1318,activeEnergyKcal,75.6901260072763
1318,heartRateBpm,143.53666306865009
1319,powerWatts,198.32553525396094
1319,cadenceSpm,92.08290767166702
1319,speedMps,7.947029021174803
1319,distanceM,10587.276531909167
1319,activeEnergyKcal,75.74886621919472
1319,heartRateBpm,145.08077186826674
1320,powerWatts,219.6256817426475
1320,cadenceSpm,90.93098464308656
1320,speedMps,8.221914599939387
1320,distanceM,10595.498446509106
1320,activeEnergyKcal,75.80760632010826
1320,heartRateBpm,146.92947992411445
1321,powerWatts,155.1111299710128
1321,cadenceSpm,86.23004367482315
1321,speedMps,7.321941272424326
1321,distanceM,10602.82038778153
1321,activeEnergyKcal,75.8486228565168
1321,heartRateBpm,148.2463641615328
1322,powerWatts,155.42668987533432
1322,cadenceSpm,84.99771397976225
1322,speedMps,7.326903190185415
1322,distanceM,10610.147290971716
1322,activeEnergyKcal,75.88964040511463
1322,heartRateBpm,148.6216675560093
1323,powerWatts,155.38827532601178
1323,cadenceSpm,83.8895930451777
1323,speedMps,7.3262995124955514
1323,distanceM,10617.473590484211
1323,activeEnergyKcal,75.93065896590176
1323,heartRateBpm,150.82274170520196
1324,powerWatts,152.09434948791463
1324,cadenceSpm,86.27325722025915
1324,speedMps,7.274161637877607
1324,distanceM,10624.747752122088
1324,activeEnergyKcal,75.97167853887818
1324,heartRateBpm,151.6847207847828
1325,powerWatts,166.91775377240188
1325,cadenceSpm,86.03682524657061
1325,speedMps,7.503192657876433
1325,distanceM,10632.250944779964
1325,activeEnergyKcal,76.01269912404389
1325,heartRateBpm,150.4986005874103
1326,powerWatts,166.32649842124638
1326,cadenceSpm,85.621991438986
1326,speedMps,7.494322917887809
1326,distanceM,10639.745267697852
1326,activeEnergyKcal,76.05372072139889
1326,heartRateBpm,148.33927688251572
1327,powerWatts,161.8669007853234
1327,cadenceSpm,86.12560163686707
1327,speedMps,7.426735172012178
1327,distanceM,10647.172002869864
1327,activeEnergyKcal,76.09474333094319
1327,heartRateBpm,146.8040878128819
1328,powerWatts,159.93968505159447
1328,cadenceSpm,83.7654299127253
1328,speedMps,7.397142744334726
1328,distanceM,10654.569145614198
1328,activeEnergyKcal,76.13576695267678
1328,heartRateBpm,145.93283313056182
1329,powerWatts,175.9185326053898
1329,cadenceSpm,87.21253082837677
1329,speedMps,7.635704598598572
1329,distanceM,10662.204850212796
1329,activeEnergyKcal,76.17679158659966
1329,heartRateBpm,145.75480209679745
1330,powerWatts,147.62297554415645
1330,cadenceSpm,85.20683131424909
1330,speedMps,7.202167855509267
1330,distanceM,10669.407018068305
1330,activeEnergyKcal,76.21781723271184
1330,heartRateBpm,146.11972250281184
1331,powerWatts,159.02182581255997
1331,cadenceSpm,85.94342778471085
1331,speedMps,7.382965388940561
1331,distanceM,10676.789983457245
1331,activeEnergyKcal,76.2588438910133
1331,heartRateBpm,145.26662406749418
1332,powerWatts,173.02781511522642
1332,cadenceSpm,84.08141412098657
1332,speedMps,7.5936497512193135
1332,distanceM,10684.383633208465
1332,activeEnergyKcal,76.29987156150406
1332,heartRateBpm,143.87559276276357
1333,powerWatts,161.23176637111223
1333,cadenceSpm,84.80593131548366
1333,speedMps,7.4170087485257
1333,distanceM,10691.80064195699
1333,activeEnergyKcal,76.34090024418411
1333,heartRateBpm,145.0972916370908
1334,powerWatts,163.89585003046466
1334,cadenceSpm,84.17619083700667
1334,speedMps,7.457636989058186
1334,distanceM,10699.258278946048
1334,activeEnergyKcal,76.38192993905345
1334,heartRateBpm,144.22389422349858
1335,powerWatts,165.28074391024956
1335,cadenceSpm,84.08214747747839
1335,speedMps,7.478583383835922
1335,distanceM,10706.736862329884
1335,activeEnergyKcal,76.42296064611209
1335,heartRateBpm,144.71075642812798
1336,powerWatts,162.66166515632852
1336,cadenceSpm,86.73587386364288
1336,speedMps,7.438870389975689
1336,distanceM,10714.17573271986
1336,activeEnergyKcal,76.46399236536001
1336,heartRateBpm,145.22180508680216
1337,powerWatts,174.58003191783246
1337,cadenceSpm,83.96912865747719
1337,speedMps,7.616289499776408
1337,distanceM,10721.792022219635
1337,activeEnergyKcal,76.50502509679724
1337,heartRateBpm,145.18549864675842
1338,powerWatts,172.14596272830886
1338,cadenceSpm,85.77044226625037
1338,speedMps,7.580727191371723
1338,distanceM,10729.372749411006
1338,activeEnergyKcal,76.54605884042375
1338,heartRateBpm,145.78125519902403
1339,powerWatts,160.21053463157574
1339,cadenceSpm,83.09281376349634
1339,speedMps,7.401315949000364
1339,distanceM,10736.774065360007
1339,activeEnergyKcal,76.58709359623955
1339,heartRateBpm,145.53394790935153
1340,powerWatts,160.28138662736066
1340,cadenceSpm,85.50970344154072
1340,speedMps,7.402406848386439
1340,distanceM,10744.176472208394
1340,activeEnergyKcal,76.62812936424466
1340,heartRateBpm,145.7461537228709
1341,powerWatts,161.16246325397142
1341,cadenceSpm,83.68517443373175
1341,speedMps,7.415945898642887
1341,distanceM,10751.592418107037
1341,activeEnergyKcal,76.66916614443905
1341,heartRateBpm,146.31238884933674
1342,powerWatts,156.25973054591756
1342,cadenceSpm,85.56085906515399
1342,speedMps,7.339969878193743
1342,distanceM,10758.93238798523
1342,activeEnergyKcal,76.71020393682274
1342,heartRateBpm,144.5740098309739
1343,powerWatts,162.81936525993984
1343,cadenceSpm,86.77436923440013
1343,speedMps,7.441273602649977
1343,distanceM,10766.37366158788
1343,activeEnergyKcal,76.75124274139571
1343,heartRateBpm,145.91871324503109
1344,powerWatts,155.20715081387982
1344,cadenceSpm,85.74116591889339
1344,speedMps,7.323451832298928
1344,distanceM,10773.69711342018
1344,activeEnergyKcal,76.79228255815798
1344,heartRateBpm,145.09363592778328
1345,powerWatts,157.12310839062846
1345,cadenceSpm,85.56054314249266
1345,speedMps,7.353463505157164
1345,distanceM,10781.050576925336
1345,activeEnergyKcal,76.83332338710954
1345,heartRateBpm,145.18864506692256
1346,powerWatts,158.5313256231594
1346,cadenceSpm,84.95808259438104
1346,speedMps,7.375366692716057
1346,distanceM,10788.425943618053
1346,activeEnergyKcal,76.8743652282504
1346,heartRateBpm,144.2198405278665
1347,powerWatts,157.75313345013905
1347,cadenceSpm,87.44623425134161
1347,speedMps,7.363278924986476
1347,distanceM,10795.789222543039
1347,activeEnergyKcal,76.91540808158054
1347,heartRateBpm,143.9740963649804
1348,powerWatts,162.33362600551777
1348,cadenceSpm,86.78301736950627
1348,speedMps,7.433866377563898
1348,distanceM,10803.223088920602
1348,activeEnergyKcal,76.95645194709998
1348,heartRateBpm,143.84362531580948
1349,powerWatts,146.34045481578744
1349,cadenceSpm,86.68384162036486
1349,speedMps,7.181250133721911
1349,distanceM,10810.404339054325
1349,activeEnergyKcal,76.9974968248087
1349,heartRateBpm,141.71029414223094
1350,powerWatts,171.53376084031163
1350,cadenceSpm,86.4708504252142
1350,speedMps,7.571730082497664
1350,distanceM,10817.976069136823
1350,activeEnergyKcal,77.03854271470674
1350,heartRateBpm,138.77554033966817
1351,powerWatts,175.3861019291089
1351,cadenceSpm,84.70626104319079
1351,speedMps,7.6279934690765225
1351,distanceM,10825.6040626059
1351,activeEnergyKcal,77.07958961679405
1351,heartRateBpm,137.63501396309604
1352,powerWatts,161.49843635267888
1352,cadenceSpm,86.41357198806575
1352,speedMps,7.4210956274806446
1352,distanceM,10833.02515823338
1352,activeEnergyKcal,77.12063753107066
1352,heartRateBpm,137.238646102337
1353,powerWatts,167.5124675936333
1353,cadenceSpm,86.02060250089212
1353,speedMps,7.51209317564417
1353,distanceM,10840.537251409025
1353,activeEnergyKcal,77.16168645753656
1353,heartRateBpm,137.6735873145284
1354,powerWatts,150.03797013901595
1354,cadenceSpm,86.04166524371215
1354,speedMps,7.241229532285592
1354,distanceM,10847.77848094131
1354,activeEnergyKcal,77.20273639619175
1354,heartRateBpm,134.9312841596526
1355,powerWatts,167.5337189132503
1355,cadenceSpm,86.7359306452616
1355,speedMps,7.512410833875615
1355,distanceM,10855.290891775185
1355,activeEnergyKcal,77.24378734703625
1355,heartRateBpm,134.80993419493365
1356,powerWatts,175.7306826267207
1356,cadenceSpm,85.22271454750424
1356,speedMps,7.632985768508772
1356,distanceM,10862.923877543693
1356,activeEnergyKcal,77.28483931007003
1356,heartRateBpm,135.2003442397087
1357,powerWatts,165.59860282327995
1357,cadenceSpm,86.61517333499344
1357,speedMps,7.483374448414517
1357,distanceM,10870.407251992108
1357,activeEnergyKcal,77.3258922852931
1357,heartRateBpm,135.30657968708553
1358,powerWatts,158.3224620412967
1358,cadenceSpm,87.20404125583404
1358,speedMps,7.372126276345798
1358,distanceM,10877.779378268455
1358,activeEnergyKcal,77.36694627270546
1358,heartRateBpm,135.21494810894154
1359,powerWatts,159.08925498323342
1359,cadenceSpm,85.32574264809963
1359,speedMps,7.384008761202293
1359,distanceM,10885.163387029657
1359,activeEnergyKcal,77.40800127230712
1359,heartRateBpm,133.22439234885235
1360,powerWatts,168.97635992856627
1360,cadenceSpm,86.31636515854062
1360,speedMps,7.533912479455124
1360,distanceM,10892.697299509113
1360,activeEnergyKcal,77.44905728409806
1360,heartRateBpm,134.2210186485082
1361,powerWatts,160.52820682996662
1361,cadenceSpm,85.66732931798707
1361,speedMps,7.4062045996523045
1361,distanceM,10900.103504108765
1361,activeEnergyKcal,77.4901143080783
1361,heartRateBpm,134.4762690787862
1362,powerWatts,161.72896949538563
1362,cadenceSpm,85.57944853964639
1362,speedMps,7.4246250633107636
1362,distanceM,10907.528129172077
1362,activeEnergyKcal,77.53117234424784
1362,heartRateBpm,134.20322413871648
1363,powerWatts,163.8462420505201
1363,cadenceSpm,85.2933266696857
1363,speedMps,7.4568844875179074
1363,distanceM,10914.985013659594
1363,activeEnergyKcal,77.57223139260667
1363,heartRateBpm,134.49024577510315
1364,powerWatts,160.06122529335462
1364,cadenceSpm,85.48423056890469
1364,speedMps,7.399015998159338
1364,distanceM,10922.384029657753
1364,activeEnergyKcal,77.61329145315479
1364,heartRateBpm,133.78992403084547
1365,powerWatts,167.4760966360226
1365,cadenceSpm,83.7183438800468
1365,speedMps,7.5115494513409145
1365,distanceM,10929.895579109094
1365,activeEnergyKcal,77.6543525258922
1365,heartRateBpm,131.19808227120203
1366,powerWatts,160.56916554038227
1366,cadenceSpm,87.16432883983643
1366,speedMps,7.4068344428417845
1366,distanceM,10937.302413551935
1366,activeEnergyKcal,77.6954146108189
1366,heartRateBpm,131.0859364874496
1367,powerWatts,171.9465000156919
1367,cadenceSpm,84.25988702403242
1367,speedMps,7.577798171591116
1367,distanceM,10944.880211723526
1367,activeEnergyKcal,77.7364777079349
1367,heartRateBpm,130.19235917366154
1368,powerWatts,163.6651757200747
1368,cadenceSpm,84.99485935091323
1368,speedMps,7.45413660966157
1368,distanceM,10952.334348333188
1368,activeEnergyKcal,77.77754181724019
1368,heartRateBpm,131.77034339771757
1369,powerWatts,166.88200324251025
1369,cadenceSpm,83.87375826786429
1369,speedMps,7.502656940413931
1369,distanceM,10959.837005273603
1369,activeEnergyKcal,77.81860693873477
1369,heartRateBpm,131.41738981492955
1370,powerWatts,162.62967343034106
1370,cadenceSpm,84.51386616061674
1370,speedMps,7.438382674351378
1370,distanceM,10967.275387947953
1370,activeEnergyKcal,77.85967307241864
1370,heartRateBpm,132.12665597388664
1371,powerWatts,164.19785181641004
1371,cadenceSpm,84.26144867930904
1371,speedMps,7.462214769717579
1371,distanceM,10974.73760271767
1371,activeEnergyKcal,77.90074021829182
1371,heartRateBpm,131.7210812487157
1372,powerWatts,156.3732773301852
1372,cadenceSpm,84.6342359874811
1372,speedMps,7.341747320965992
1372,distanceM,10982.079350038637
1372,activeEnergyKcal,77.94180837635427
1372,heartRateBpm,132.40257855449028
1373,powerWatts,176.33272535619295
1373,cadenceSpm,87.41099237072994
1373,speedMps,7.641692549527663
1373,distanceM,10989.721042588164
1373,activeEnergyKcal,77.98287754660603
1373,heartRateBpm,131.42801017809376
1374,powerWatts,168.4812751210527
1374,cadenceSpm,86.58587836328492
1374,speedMps,7.526547397283941
1374,distanceM,10997.247589985447
1374,activeEnergyKcal,78.02394772904708
1374,heartRateBpm,130.49953476373003
1375,powerWatts,155.1053091897044
1375,cadenceSpm,86.45487444565532
1375,speedMps,7.321849682280669
1375,distanceM,11004.569439667728
1375,activeEnergyKcal,78.06501892367741
1375,heartRateBpm,128.73362453142644
1376,powerWatts,162.35874016512315
1376,cadenceSpm,87.53115871150712
1376,speedMps,7.434249715024364
1376,distanceM,11012.003689382753
1376,activeEnergyKcal,78.10609113049705
1376,heartRateBpm,129.4015004876204
1377,powerWatts,152.06917558091692
1377,cadenceSpm,86.21640792291345
1377,speedMps,7.2737602879412195
1377,distanceM,11019.277449670693
1377,activeEnergyKcal,78.14716434950597
1377,heartRateBpm,128.4396750992402
1378,powerWatts,167.56670627635305
1378,cadenceSpm,84.0173245167203
1378,speedMps,7.512903865691246
1378,distanceM,11026.790353536384
1378,activeEnergyKcal,78.18823858070418
1378,heartRateBpm,127.854704390074
1379,powerWatts,155.3543853062829
1379,cadenceSpm,84.20301301149709
1379,speedMps,7.3257668543586645
1379,distanceM,11034.116120390743
1379,activeEnergyKcal,78.22931382409169
1379,heartRateBpm,127.83269475051645
1380,powerWatts,156.71956444116867
1380,cadenceSpm,84.91937062387686
1380,speedMps,7.347162734960167
1380,distanceM,11041.463283125704
1380,activeEnergyKcal,78.27039007966849
1380,heartRateBpm,128.41277701034124
1381,powerWatts,176.5605044992595
1381,cadenceSpm,86.13287846768073
1381,speedMps,7.6449815386225515
1381,distanceM,11049.108264664326
1381,activeEnergyKcal,78.31146734743459
1381,heartRateBpm,128.4736629411785
1382,powerWatts,173.55992542418582
1382,cadenceSpm,86.37642681221597
1382,speedMps,7.601426004440983
1382,distanceM,11056.709690668768
1382,activeEnergyKcal,78.35254562738997
1382,heartRateBpm,128.62688696195232
1383,powerWatts,165.0245405898862
1383,cadenceSpm,85.6897176133862
1383,speedMps,7.474717176707016
1383,distanceM,11064.184407845474
1383,activeEnergyKcal,78.39362491953464
1383,heartRateBpm,126.03948350903623
1384,powerWatts,161.5546450477884
1384,cadenceSpm,84.2331229820073
1384,speedMps,7.421956485593688
1384,distanceM,11071.606364331068
1384,activeEnergyKcal,78.43470522386862
1384,heartRateBpm,124.77298227548106
1385,powerWatts,158.54685298460143
1385,cadenceSpm,84.64328498695025
1385,speedMps,7.375607478451976
1385,distanceM,11078.98197180952
1385,activeEnergyKcal,78.47578654039188
1385,heartRateBpm,124.76433548054003
1386,powerWatts,167.59348937646587
1386,cadenceSpm,84.38322459801658
1386,speedMps,7.513304120493568
1386,distanceM,11086.495275930014
1386,activeEnergyKcal,78.51686886910444
1386,heartRateBpm,126.07674830423458
1387,powerWatts,158.83651117689894
1387,cadenceSpm,87.09992422946466
1387,speedMps,7.380096383715276
1387,distanceM,11093.875372313729
1387,activeEnergyKcal,78.55795221000629
1387,heartRateBpm,126.07985492949742
1388,powerWatts,175.78248450078794
1388,cadenceSpm,83.90000873882417
1388,speedMps,7.633735711766083
1388,distanceM,11101.509108025495
1388,activeEnergyKcal,78.59903656309743
1388,heartRateBpm,126.63385812244196
1389,powerWatts,155.25163726871722
1389,cadenceSpm,84.59423999681864
1389,speedMps,7.32415146348077
1389,distanceM,11108.833259488976
1389,activeEnergyKcal,78.64012192837787
1389,heartRateBpm,124.38549603041834
1390,powerWatts,147.7911348873588
1390,cadenceSpm,86.09712656334379
1390,speedMps,7.204901513640496
1390,distanceM,11116.038161002616
1390,activeEnergyKcal,78.68120830584759
1390,heartRateBpm,123.30562309828622
1391,powerWatts,155.63384151661486
1391,cadenceSpm,85.22438853605841
1391,speedMps,7.330156827480594
1391,distanceM,11123.368317830096
1391,activeEnergyKcal,78.7222956955066
1391,heartRateBpm,123.95681091427414
1392,powerWatts,156.8424690196358
1392,cadenceSpm,84.65979727459722
1392,speedMps,7.349082861080367
1392,distanceM,11130.717400691177
1392,activeEnergyKcal,78.76338409735492
1392,heartRateBpm,122.92243035604544
1393,powerWatts,142.89271485527524
1393,cadenceSpm,83.06465565489404
1393,speedMps,7.1244052744033874
1393,distanceM,11137.841805965581
1393,activeEnergyKcal,78.80447351139252
1393,heartRateBpm,121.99264072289851
1394,powerWatts,152.45149771491182
1394,cadenceSpm,86.24809579353877
1394,speedMps,7.279850920182896
1394,distanceM,11145.121656885764
1394,activeEnergyKcal,78.84556393761942
1394,heartRateBpm,122.98324803582601
1395,powerWatts,174.40752976636352
1395,cadenceSpm,85.21480751796659
1395,speedMps,7.61378012670582
1395,distanceM,11152.735437012469
1395,activeEnergyKcal,78.8866553760356
1395,heartRateBpm,124.65195111128156
1396,powerWatts,181.1185785303947
1396,cadenceSpm,88.37994703083656
1396,speedMps,7.710210841457814
1396,distanceM,11160.445647853927
1396,activeEnergyKcal,78.92774782664108
1396,heartRateBpm,122.02285312848872
1397,powerWatts,165.03711048303768
1397,cadenceSpm,85.03718510181142
1397,speedMps,7.474906954563622
1397,distanceM,11167.92055480849
1397,activeEnergyKcal,78.96884128943586
1397,heartRateBpm,122.82928535501416
1398,powerWatts,167.47786169042146
1398,cadenceSpm,85.1757467003496
1398,speedMps,7.511575839677501
1398,distanceM,11175.432130648167
1398,activeEnergyKcal,79.00993576441992
1398,heartRateBpm,123.19412675454296
1399,powerWatts,168.5532506718802
1399,cadenceSpm,86.91853787630319
1399,speedMps,7.5276190302597845
1399,distanceM,11182.959749678426
1399,activeEnergyKcal,79.05103125159329
1399,heartRateBpm,125.63116658899247
1400,powerWatts,161.81823024112708
1400,cadenceSpm,84.26262498029655
1400,speedMps,7.425990734297652
1400,distanceM,11190.385740412725
1400,activeEnergyKcal,79.09212775095594
1400,heartRateBpm,127.74949449789281
1401,powerWatts,164.45722471452214
1401,cadenceSpm,85.09478912320971
1401,speedMps,7.466141897907566
1401,distanceM,11197.851882310631
1401,activeEnergyKcal,79.13322526250788
1401,heartRateBpm,128.45876423646794
1402,powerWatts,150.99950190446378
1402,cadenceSpm,87.54038338705959
1402,speedMps,7.25666529454293
1402,distanceM,11205.108547605174
1402,activeEnergyKcal,79.17432378624912
1402,heartRateBpm,127.53913173191745
1403,powerWatts,155.72301416990197
1403,cadenceSpm,86.18444056698333
1403,speedMps,7.331556533198758
1403,distanceM,11212.440104138373
1403,activeEnergyKcal,79.21542332217965
1403,heartRateBpm,124.8007160326544
1404,powerWatts,155.66303161171973
1404,cadenceSpm,85.07895338686797
1404,speedMps,7.330615071003185
1404,distanceM,11219.770719209377
1404,activeEnergyKcal,79.25652387029946
1404,heartRateBpm,123.10646859923597
1405,powerWatts,170.64057776879432
1405,cadenceSpm,82.48973106920268
1405,speedMps,7.558565106549574
1405,distanceM,11227.329284315927
1405,activeEnergyKcal,79.29762543060858
1405,heartRateBpm,121.78313549834178
1406,powerWatts,151.18473939211793
1406,cadenceSpm,85.92386136232481
1406,speedMps,7.259631434917041
1406,distanceM,11234.588915750845
1406,activeEnergyKcal,79.33872800310698
1406,heartRateBpm,121.01457156846399
1407,powerWatts,158.34096376072978
1407,cadenceSpm,87.34843989316207
1407,speedMps,7.372413436481749
1407,distanceM,11241.961329187327
1407,activeEnergyKcal,79.37983158779468
1407,heartRateBpm,124.51046159650993
1408,powerWatts,159.64340422191225
1408,cadenceSpm,83.9254579380997
1408,speedMps,7.392572299999502
1408,distanceM,11249.353901487326
1408,activeEnergyKcal,79.42093618467167
1408,heartRateBpm,124.79096548611251
1409,powerWatts,170.15911090510784
1409,cadenceSpm,85.68805714924235
1409,speedMps,7.551449513535669
1409,distanceM,11256.905351000862
1409,activeEnergyKcal,79.46204179373795
1409,heartRateBpm,125.54661419167985
1410,powerWatts,176.4406447788457
1410,cadenceSpm,84.56040252571216
1410,speedMps,7.643251191694012
1410,distanceM,11264.548602192555
1410,activeEnergyKcal,79.50314841499353
1410,heartRateBpm,124.17560968867491
1411,powerWatts,169.22510417552516
1411,cadenceSpm,84.1741394074279
1411,speedMps,7.537607470832899
1411,distanceM,11272.086209663388
1411,activeEnergyKcal,79.5442560484384
1411,heartRateBpm,122.44539267870397
1412,powerWatts,173.09286471059545
1412,cadenceSpm,85.92888806520153
1412,speedMps,7.59460123976965
1412,distanceM,11279.680810903157
1412,activeEnergyKcal,79.58536469407257
1412,heartRateBpm,134.48915457819635
1413,powerWatts,156.87490394597822
1413,cadenceSpm,85.0620192945815
1413,speedMps,7.349589421438414
1413,distanceM,11287.030400324596
1413,activeEnergyKcal,79.62647435189602
1413,heartRateBpm,144.67569294041903
1414,powerWatts,160.4704233146726
1414,cadenceSpm,85.09945640178408
1414,speedMps,7.405315850556714
1414,distanceM,11294.435716175154
1414,activeEnergyKcal,79.66758502190876
1414,heartRateBpm,156.20236950784192
1415,powerWatts,165.69687379298787
1415,cadenceSpm,86.82572405773128
1415,speedMps,7.48485443884575
1415,distanceM,11301.920570614
1415,activeEnergyKcal,79.7086967041108
1415,heartRateBpm,155.66625710412276
1416,powerWatts,165.57267430550255
1416,cadenceSpm,86.92260222168336
1416,speedMps,7.482983859500809
1416,distanceM,11309.403554473502
1416,activeEnergyKcal,79.74980939850214
1416,heartRateBpm,157.05984539408576
1417,powerWatts,164.08663461211833
1417,cadenceSpm,86.7332771238364
1417,speedMps,7.460529578943651
1417,distanceM,11316.864084052446
1417,activeEnergyKcal,79.79092310508277
1417,heartRateBpm,156.45670461744652
1418,powerWatts,167.7966082435773
1418,cadenceSpm,85.49953481723803
1418,speedMps,7.516338203566162
1418,distanceM,11324.380422256012
1418,activeEnergyKcal,79.83203782385269
1418,heartRateBpm,157.73358085025114
1419,powerWatts,165.1958350909266
1419,cadenceSpm,85.40624565313871
1419,speedMps,7.477302519855901
1419,distanceM,11331.857724775868
1419,activeEnergyKcal,79.87315355481189
1419,heartRateBpm,158.5907344047308
1420,powerWatts,157.39349502590835
1420,cadenceSpm,85.4620439117261
1420,speedMps,7.3576791779272055
1420,distanceM,11339.215403953795
1420,activeEnergyKcal,79.9142702979604
1420,heartRateBpm,158.30294367501574
1421,powerWatts,164.695962504796
1421,cadenceSpm,84.7753723396595
1421,speedMps,7.469752945108736
1421,distanceM,11346.685156898904
1421,activeEnergyKcal,79.9553880532982
1421,heartRateBpm,157.81400543567287
1422,powerWatts,171.87276702525998
1422,cadenceSpm,87.05576762701426
1422,speedMps,7.576714862532272
1422,distanceM,11354.261871761437
1422,activeEnergyKcal,79.99650682082527
1422,heartRateBpm,156.87471470608136
1423,powerWatts,155.89499928131602
1423,cadenceSpm,83.60054423438001
1423,speedMps,7.334254602930495
1423,distanceM,11361.596126364368
1423,activeEnergyKcal,80.03762660054166
1423,heartRateBpm,157.03339785618823
1424,powerWatts,154.72435762020564
1424,cadenceSpm,85.8468821308838
1424,speedMps,7.315850410294265
1424,distanceM,11368.911976774662
1424,activeEnergyKcal,80.07874739244733
1424,heartRateBpm,156.55403544940313
1425,powerWatts,179.7830345891709
1425,cadenceSpm,85.43541893035835
1425,speedMps,7.69121271691493
1425,distanceM,11376.603189491576
1425,activeEnergyKcal,80.1198691965423
1425,heartRateBpm,155.74287912006176
1426,powerWatts,157.34007200873353
1426,cadenceSpm,84.97607180431436
1426,speedMps,7.356846627844757
1426,distanceM,11383.96003611942
1426,activeEnergyKcal,80.16099201282655
1426,heartRateBpm,154.7144941442265
1427,powerWatts,151.56082327901413
1427,cadenceSpm,84.56495206077679
1427,speedMps,7.2656460843994495
1427,distanceM,11391.22568220382
1427,activeEnergyKcal,80.2021158413001
1427,heartRateBpm,154.3263592522047
1428,powerWatts,166.80094498144078
1428,cadenceSpm,86.32518707050043
1428,speedMps,7.501442008497819
1428,distanceM,11398.727124212317
1428,activeEnergyKcal,80.24324068196294
1428,heartRateBpm,154.81467360696442
1429,powerWatts,156.41459000944585
1429,cadenceSpm,86.006988758907
1429,speedMps,7.342393809400291
1429,distanceM,11406.069518021717
1429,activeEnergyKcal,80.28436653481508
1429,heartRateBpm,154.12206151639893
1430,powerWatts,149.31129575024576
1430,cadenceSpm,84.03779279348284
1430,speedMps,7.229520198324489
1430,distanceM,11413.299038220042
1430,activeEnergyKcal,80.32549339985651
1430,heartRateBpm,155.9047558355049
1431,powerWatts,158.07143714324567
1431,cadenceSpm,86.54210483934546
1431,speedMps,7.3682279746584
1431,distanceM,11420.667266194701
1431,activeEnergyKcal,80.36662127708723
1431,heartRateBpm,155.42439704535659
1432,powerWatts,167.1674540261784
1432,cadenceSpm,86.84390312341719
1432,speedMps,7.506932255373258
1432,distanceM,11428.174198450075
1432,activeEnergyKcal,80.40775016650724
1432,heartRateBpm,154.15368220074194
1433,powerWatts,152.6059637185529
1433,cadenceSpm,86.05159695937768
1433,speedMps,7.282308772737906
1433,distanceM,11435.456507222812
1433,activeEnergyKcal,80.44888006811655
1433,heartRateBpm,152.19368941042828
1434,powerWatts,164.89747113300618
1434,cadenceSpm,86.1114418076163
1434,speedMps,7.472798164867699
1434,distanceM,11442.92930538768
1434,activeEnergyKcal,80.49001098191515
1434,heartRateBpm,150.82720980023635
1435,powerWatts,173.71331417528017
1435,cadenceSpm,84.49073004929937
1435,speedMps,7.603664673917253
1435,distanceM,11450.532970061598
1435,activeEnergyKcal,80.53114290790303
1435,heartRateBpm,149.18452165227652
1436,powerWatts,164.35252182365173
1436,cadenceSpm,85.75101199610363
1436,speedMps,7.46455710364928
1436,distanceM,11457.997527165247
1436,activeEnergyKcal,80.57227584608022
1436,heartRateBpm,148.16968952768792
1437,powerWatts,154.88100017316378
1437,cadenceSpm,84.8785576000501
1437,speedMps,7.318318427167231
1437,distanceM,11465.315845592415
1437,activeEnergyKcal,80.61340979644669
1437,heartRateBpm,148.6946568552618
1438,powerWatts,142.45971506265016
1438,cadenceSpm,87.72852178767357
1438,speedMps,7.117201764573541
1438,distanceM,11472.433047356988
1438,activeEnergyKcal,80.65454475900246
1438,heartRateBpm,149.26583828115534
1439,powerWatts,156.84400856569263
1439,cadenceSpm,84.1288143380521
1439,speedMps,7.349106906894385
1439,distanceM,11479.782154263883
1439,activeEnergyKcal,80.69568073374752
1439,heartRateBpm,150.11842707016214
1440,powerWatts,166.26304498525988
1440,cadenceSpm,84.44287833950911
1440,speedMps,7.493369770454588
1440,distanceM,11487.275524034338
1440,activeEnergyKcal,80.73681772068187
1440,heartRateBpm,148.6967620540376
1441,powerWatts,155.31846951308734
1441,cadenceSpm,84.18733129394079
1441,speedMps,7.325202272064481
1441,distanceM,11494.600726306402
1441,activeEnergyKcal,80.77795571980552
1441,heartRateBpm,148.31610495607515
1442,powerWatts,171.377246594019
1442,cadenceSpm,85.07479481676151
1442,speedMps,7.56942646552415
1442,distanceM,11502.170152771927
1442,activeEnergyKcal,80.81909473111845
1442,heartRateBpm,147.38963405890945
1443,powerWatts,184.63178956674437
1443,cadenceSpm,86.47461064869461
1443,speedMps,7.759744355698598
1443,distanceM,11509.929897127626
1443,activeEnergyKcal,80.86023475462069
1443,heartRateBpm,146.1283599112868
1444,powerWatts,160.24345980594978
1444,cadenceSpm,85.81188651063087
1444,speedMps,7.401822933818762
1444,distanceM,11517.331720061444
1444,activeEnergyKcal,80.90137579031222
1444,heartRateBpm,145.8525388368262
1445,powerWatts,175.85045102707426
1445,cadenceSpm,86.6428393646695
1445,speedMps,7.634719449603388
1445,distanceM,11524.966439511047
1445,activeEnergyKcal,80.94251783819303
1445,heartRateBpm,147.27066317415316
1446,powerWatts,177.15815209772055
1446,cadenceSpm,84.51242935756073
1446,speedMps,7.653597771465519
1446,distanceM,11532.620037282511
1446,activeEnergyKcal,80.98366089826314
1446,heartRateBpm,145.507380947941
1447,powerWatts,151.19141839262457
1447,cadenceSpm,84.27931009741897
1447,speedMps,7.259738338052519
1447,distanceM,11539.879775620564
1447,activeEnergyKcal,81.02480497052254
1447,heartRateBpm,143.8609516585487
1448,powerWatts,163.6126052111076
1448,cadenceSpm,86.88073306305262
1448,speedMps,7.453338415587967
1448,distanceM,11547.333114036152
1448,activeEnergyKcal,81.06595005497122
1448,heartRateBpm,145.09645934168032
1449,powerWatts,171.1599279111119
1449,cadenceSpm,87.40179347070357
1449,speedMps,7.566225586314583
1449,distanceM,11554.899339622467
1449,activeEnergyKcal,81.10709615160921
1449,heartRateBpm,145.42666655740777
1450,powerWatts,151.7916942846521
1450,cadenceSpm,86.63229154187052
1450,speedMps,7.2693334401119944
1450,distanceM,11562.168673062579
1450,activeEnergyKcal,81.14824326043649
1450,heartRateBpm,144.2540182880281
1451,powerWatts,169.1959720872327
1451,cadenceSpm,86.89602426909981
1451,speedMps,7.537174913167151
1451,distanceM,11569.705847975745
1451,activeEnergyKcal,81.18939138145306
1451,heartRateBpm,143.4269122800052
1452,powerWatts,160.3606881066675
1452,cadenceSpm,87.59097210720275
1452,speedMps,7.4036274622082034
1452,distanceM,11577.109475437954
1452,activeEnergyKcal,81.23054051465893
1452,heartRateBpm,143.46758948986704
1453,powerWatts,162.1435666057362
1453,cadenceSpm,85.75727015184096
1453,speedMps,7.430964066704432
1453,distanceM,11584.540439504659
1453,activeEnergyKcal,81.27169066005408
1453,heartRateBpm,140.8983266842798
1454,powerWatts,166.99900380959681
1454,cadenceSpm,87.9724630084766
1454,speedMps,7.504409895665379
1454,distanceM,11592.044849400325
1454,activeEnergyKcal,81.31284181763853
1454,heartRateBpm,139.4817362322163
1455,powerWatts,159.00816819260226
1455,cadenceSpm,85.5926646889809
1455,speedMps,7.382754020423956
1455,distanceM,11599.427603420749
1455,activeEnergyKcal,81.35399398741227
1455,heartRateBpm,138.0096518085703
1456,powerWatts,159.33469988964433
1456,cadenceSpm,85.66198530543465
1456,speedMps,7.38780419056647
1456,distanceM,11606.815407611315
1456,activeEnergyKcal,81.3951471693753
1456,heartRateBpm,137.95396460196665
1457,powerWatts,164.9028567890105
1457,cadenceSpm,85.46393188859554
1457,speedMps,7.472879519424736
1457,distanceM,11614.28828713074
1457,activeEnergyKcal,81.43630136352763
1457,heartRateBpm,137.35589189285162
1458,powerWatts,160.99815002369962
1458,cadenceSpm,84.0303935840707
1458,speedMps,7.41342473178949
1458,distanceM,11621.701711862528
1458,activeEnergyKcal,81.47745656986925
1458,heartRateBpm,136.74638148739385
1459,powerWatts,155.16421897435984
1459,cadenceSpm,85.97308259070765
1459,speedMps,7.322776523523575
1459,distanceM,11629.024488386052
1459,activeEnergyKcal,81.51861278840016
1459,heartRateBpm,134.6797554571975
1460,powerWatts,177.36713804624645
1460,cadenceSpm,87.03702418129237
1460,speedMps,7.6566061302511095
1460,distanceM,11636.681094516303
1460,activeEnergyKcal,81.55977001912036
1460,heartRateBpm,134.8645545616804
1461,powerWatts,153.9289648914745
1461,cadenceSpm,84.59067089816374
1461,speedMps,7.303292650371326
1461,distanceM,11643.984387166674
1461,activeEnergyKcal,81.60092826202987
1461,heartRateBpm,134.8409080245201
1462,powerWatts,151.32495713776711
1462,cadenceSpm,86.40119872986565
1462,speedMps,7.261875079842483
1462,distanceM,11651.246262246517
1462,activeEnergyKcal,81.64208751712866
1462,heartRateBpm,134.55172255370036
1463,powerWatts,175.14212937541186
1463,cadenceSpm,85.18259558549889
1463,speedMps,7.624454829424216
1463,distanceM,11658.87071707594
1463,activeEnergyKcal,81.68324778441674
1463,heartRateBpm,136.00530536437094
1464,powerWatts,169.42543080797446
1464,cadenceSpm,85.40287014365528
1464,speedMps,7.540580607485889
1464,distanceM,11666.411297683426
1464,activeEnergyKcal,81.72440906389411
1464,heartRateBpm,137.41005776290584
1465,powerWatts,149.81353575565663
1465,cadenceSpm,86.63108535691194
1465,speedMps,7.237617131371321
1465,distanceM,11673.648914814798
1465,activeEnergyKcal,81.76557135556078
1465,heartRateBpm,138.14944857502232
1466,powerWatts,161.78543192550595
1466,cadenceSpm,85.46291633766393
1466,speedMps,7.425488985216176
1466,distanceM,11681.074403800014
1466,activeEnergyKcal,81.80673465941673
1466,heartRateBpm,138.6910502822895
1467,powerWatts,159.08286458466344
1467,cadenceSpm,85.30679063083907
1467,speedMps,7.383909891355391
1467,distanceM,11688.45831369137
1467,activeEnergyKcal,81.84789897546199
1467,heartRateBpm,138.5564933460856
1468,powerWatts,157.25317690877748
1468,cadenceSpm,85.26230402671835
1468,speedMps,7.355492042548081
1468,distanceM,11695.813805733918
1468,activeEnergyKcal,81.88906430369653
1468,heartRateBpm,138.29202947879196
1469,powerWatts,165.3233597296089
1469,cadenceSpm,86.99853499393018
1469,speedMps,7.479226085385874
1469,distanceM,11703.293031819305
1469,activeEnergyKcal,81.93023064412037
1469,heartRateBpm,135.66123746154628
1470,powerWatts,170.18344531884895
1470,cadenceSpm,87.98142142920959
1470,speedMps,7.551809473373057
1470,distanceM,11710.844841292677
1470,activeEnergyKcal,81.9713979967335
1470,heartRateBpm,135.52839314422755
1471,powerWatts,156.0233482009428
1471,cadenceSpm,84.49841235701943
1471,speedMps,7.336266823634112
1471,distanceM,11718.181108116312
1471,activeEnergyKcal,82.01256636153592
1471,heartRateBpm,134.36582361959566
1472,powerWatts,173.27413189115097
1472,cadenceSpm,85.13985370220855
1472,speedMps,7.597251400385399
1472,distanceM,11725.778359516698
1472,activeEnergyKcal,82.05373573852764
1472,heartRateBpm,134.22260915386414
1473,powerWatts,164.93375884726524
1473,cadenceSpm,84.91487941564665
1473,speedMps,7.473346285008869
1473,distanceM,11733.251705801707
1473,activeEnergyKcal,82.09490612770864
1473,heartRateBpm,135.23738278750005
1474,powerWatts,155.1813044413202
1474,cadenceSpm,85.34460339474255
1474,speedMps,7.323045289233656
1474,distanceM,11740.57475109094
1474,activeEnergyKcal,82.13607752907895
1474,heartRateBpm,133.83237480527472
1475,powerWatts,155.77698219162482
1475,cadenceSpm,84.4733000616971
1475,speedMps,7.332403387049802
1475,distanceM,11747.90715447799
1475,activeEnergyKcal,82.17724994263854
1475,heartRateBpm,135.0402537460253
1476,powerWatts,154.6008950112877
1476,cadenceSpm,87.88492375362634
1476,speedMps,7.313903993357835
1476,distanceM,11755.221058471348
1476,activeEnergyKcal,82.21842336838742
1476,heartRateBpm,132.92800890893884
1477,powerWatts,164.39529279149173
1477,cadenceSpm,86.60065822094171
1477,speedMps,7.4652045709289165
1477,distanceM,11762.686263042277
1477,activeEnergyKcal,82.2595978063256
1477,heartRateBpm,131.21824651045142
1478,powerWatts,174.17973176154098
1478,cadenceSpm,85.71077486765873
1478,speedMps,7.610463833369246
1478,distanceM,11770.296726875646
1478,activeEnergyKcal,82.30077325645307
1478,heartRateBpm,131.51249593489933
1479,powerWatts,166.37255977923408
1479,cadenceSpm,84.90014513578076
1479,speedMps,7.495014663407003
1479,distanceM,11777.791741539053
1479,activeEnergyKcal,82.34194971876983
1479,heartRateBpm,132.49661245218303
1480,powerWatts,159.1535289571996
1480,cadenceSpm,86.39585430521117
1480,speedMps,7.385003036788088
1480,distanceM,11785.176744575841
1480,activeEnergyKcal,82.38312719327588
1480,heartRateBpm,133.66020963257768
1481,powerWatts,163.80577982558944
1481,cadenceSpm,85.0910885314195
1481,speedMps,7.456270605107889
1481,distanceM,11792.633015180949
1481,activeEnergyKcal,82.42430567997123
1481,heartRateBpm,133.0765403680231
1482,powerWatts,147.62113657045316
1482,cadenceSpm,86.18524749380227
1482,speedMps,7.202137949025669
1482,distanceM,11799.835153129974
1482,activeEnergyKcal,82.46548517885587
1482,heartRateBpm,132.06702676979816
1483,powerWatts,150.80675666333198
1483,cadenceSpm,85.37196584317894
1483,speedMps,7.253576358859907
1483,distanceM,11807.088729488834
1483,activeEnergyKcal,82.5066656899298
1483,heartRateBpm,133.3320233166414
1484,powerWatts,166.7661694275862
1484,cadenceSpm,85.20965174633405
1484,speedMps,7.500920658670432
1484,distanceM,11814.589650147505
1484,activeEnergyKcal,82.54784721319302
1484,heartRateBpm,133.78817983561163
1485,powerWatts,160.84822089688427
1485,cadenceSpm,85.84540960684102
1485,speedMps,7.411122772628743
1485,distanceM,11822.000772920133
1485,activeEnergyKcal,82.58902974864554
1485,heartRateBpm,132.4408847128671
1486,powerWatts,168.79360104605982
1486,cadenceSpm,84.17390747998132
1486,speedMps,7.53119536146479
1486,distanceM,11829.531968281599
1486,activeEnergyKcal,82.63021329628735
1486,heartRateBpm,132.67601734420063
1487,powerWatts,159.1259565620156
1487,cadenceSpm,85.94183593589082
1487,speedMps,7.38457654298384
1487,distanceM,11836.916544824582
1487,activeEnergyKcal,82.67139785611846
1487,heartRateBpm,131.66212081297843
1488,powerWatts,161.1558685901294
1488,cadenceSpm,85.93604984023591
1488,speedMps,7.415844745358672
1488,distanceM,11844.332389569941
1488,activeEnergyKcal,82.71258342813886
1488,heartRateBpm,131.28354812228105
1489,powerWatts,164.43992886610175
1489,cadenceSpm,86.56971194559483
1489,speedMps,7.465880152467902
1489,distanceM,11851.798269722409
1489,activeEnergyKcal,82.75377001234854
1489,heartRateBpm,134.12086387634065
1490,powerWatts,181.56133898393
1490,cadenceSpm,84.95877368564935
1490,speedMps,7.716488493900662
1490,distanceM,11859.51475821631
1490,activeEnergyKcal,82.79495760874752
1490,heartRateBpm,135.34117231407643
1491,powerWatts,177.2894550306917
1491,cadenceSpm,86.37407275924308
1491,speedMps,7.655488157072898
1491,distanceM,11867.170246373384
1491,activeEnergyKcal,82.8361462173358
1491,heartRateBpm,136.5286193403436
1492,powerWatts,165.2342665317557
1492,cadenceSpm,84.95130569081783
1492,speedMps,7.477882319033504
1492,distanceM,11874.648128692417
1492,activeEnergyKcal,82.87733583811335
1492,heartRateBpm,133.35550832930497
1493,powerWatts,165.10191910064862
1493,cadenceSpm,84.53761456833887
1493,speedMps,7.475885269859594
1493,distanceM,11882.124013962277
1493,activeEnergyKcal,82.91852647108021
1493,heartRateBpm,132.25261149905427
1494,powerWatts,179.45323332464574
1494,cadenceSpm,84.40319006405319
1494,speedMps,7.686506814359575
1494,distanceM,11889.810520776637
1494,activeEnergyKcal,82.95971811623636
1494,heartRateBpm,128.7427651372694
1495,powerWatts,174.2413584756852
1495,cadenceSpm,84.75251721779708
1495,speedMps,7.611361282940255
1495,distanceM,11897.421882059576
1495,activeEnergyKcal,83.00091077358181
1495,heartRateBpm,130.36084962533462
1496,powerWatts,157.75647314980557
1496,cadenceSpm,85.55236564805638
1496,speedMps,7.363330885848995
1496,distanceM,11904.785212945426
1496,activeEnergyKcal,83.04210444311654
1496,heartRateBpm,129.91792799045027
1497,powerWatts,159.9334281362963
1497,cadenceSpm,85.97307392469854
1497,speedMps,7.397046283182012
1497,distanceM,11912.182259228608
1497,activeEnergyKcal,83.08329912484056
1497,heartRateBpm,130.19664875743115
1498,powerWatts,165.94327360143112
1498,cadenceSpm,84.9401744150177
1498,speedMps,7.488562723013444
1498,distanceM,11919.670821951622
1498,activeEnergyKcal,83.12449481875389
1498,heartRateBpm,128.5232457279881
1499,powerWatts,154.38016070924755
1499,cadenceSpm,86.33065883448712
1499,speedMps,7.310421481291337
1499,distanceM,11926.981243432914
1499,activeEnergyKcal,83.1656915248565
1499,heartRateBpm,127.54363322936986
