t,kind,value
# event: grind-0-180 kind=grind atSec=180
# event: gradual_fade-1-360 kind=gradual_fade atSec=360
0,powerWatts,167.08462644247868
0,strokeRateSpm,23.401177658423613
0,speedMps,3.341538470666675
0,distanceM,3.341538470666675
0,activeEnergyKcal,0.048040152963671125
0,heartRateBpm,58.944014353540176
1,powerWatts,172.01154403837864
1,strokeRateSpm,23.338889364023654
1,speedMps,3.374065424912839
1,distanceM,6.715603895579514
1,activeEnergyKcal,0.09608030592734225
1,heartRateBpm,61.78116975716065
2,powerWatts,170.59780019902595
2,strokeRateSpm,23.88417398692156
2,speedMps,3.3647962942784035
2,distanceM,10.080400189857919
2,activeEnergyKcal,0.14412045889101338
2,heartRateBpm,61.603922003665836
3,powerWatts,173.66580706315887
3,strokeRateSpm,23.730363103672072
3,speedMps,3.3848472470920017
3,distanceM,13.46524743694992
3,activeEnergyKcal,0.1921606118546845
3,heartRateBpm,61.14684197752483
4,powerWatts,161.13994019185358
4,strokeRateSpm,23.334876130240072
4,speedMps,3.3014295497057744
4,distanceM,16.766676986655693
4,activeEnergyKcal,0.24020076481835562
4,heartRateBpm,64.48156157577468
5,powerWatts,159.30807407244725
5,strokeRateSpm,22.886850553655258
5,speedMps,3.2888714378790085
5,distanceM,20.055548424534702
5,activeEnergyKcal,0.28824091778202676
5,heartRateBpm,67.86532924496446
6,powerWatts,161.33249474890954
6,strokeRateSpm,23.27189566687369
6,speedMps,3.3027440433053092
6,distanceM,23.358292467840013
6,activeEnergyKcal,0.3362810707456979
6,heartRateBpm,68.97739234412418
7,powerWatts,162.7982941807626
7,strokeRateSpm,23.69764069625821
7,speedMps,3.3127163519937084
7,distanceM,26.67100881983372
7,activeEnergyKcal,0.38432122370936905
7,heartRateBpm,72.43659229847896
8,powerWatts,173.8074821278507
8,strokeRateSpm,22.395095897383353
8,speedMps,3.385767439953706
8,distanceM,30.056776259787426
8,activeEnergyKcal,0.4323613766730402
8,heartRateBpm,73.75061140363574
9,powerWatts,162.06415747113758
9,strokeRateSpm,23.461115763549778
9,speedMps,3.3077292982262074
9,distanceM,33.36450555801363
9,activeEnergyKcal,0.48040152963671134
9,heartRateBpm,74.29210294795053
10,powerWatts,167.36986594106216
10,strokeRateSpm,23.448212258867425
10,speedMps,3.3434388986244636
10,distanceM,36.707944456638096
10,activeEnergyKcal,0.5284416826003825
10,heartRateBpm,76.3525881204764
11,powerWatts,157.35937940184422
11,strokeRateSpm,23.3836434772815
11,speedMps,3.275406296000783
11,distanceM,39.98335075263888
11,activeEnergyKcal,0.5764818355640536
11,heartRateBpm,77.46733955911719
12,powerWatts,169.7539916430464
12,strokeRateSpm,23.23671018398591
12,speedMps,3.3592394857144092
12,distanceM,43.34259023835329
12,activeEnergyKcal,0.6245219885277248
12,heartRateBpm,77.22850461868092
13,powerWatts,162.6641629694803
13,strokeRateSpm,23.84410409416711
13,speedMps,3.3118063081737317
13,distanceM,46.65439654652702
13,activeEnergyKcal,0.6725621414913959
13,heartRateBpm,78.40214715403658
14,powerWatts,176.5832644376935
14,strokeRateSpm,23.21908229118812
14,speedMps,3.40369639903125
14,distanceM,50.058092945558265
14,activeEnergyKcal,0.7206022944550671
14,heartRateBpm,77.33840350847346
15,powerWatts,158.20124835799055
15,strokeRateSpm,23.736783891771037
15,speedMps,3.2812370256335712
15,distanceM,53.33932997119184
15,activeEnergyKcal,0.7686424474187382
15,heartRateBpm,79.05518327102212
16,powerWatts,161.4386885873848
16,strokeRateSpm,24.291997439382673
16,speedMps,3.3034685390994687
16,distanceM,56.64279851029131
16,activeEnergyKcal,0.8166826003824094
16,heartRateBpm,81.42940573126016
17,powerWatts,168.70488085978096
17,strokeRateSpm,23.567113860159996
17,speedMps,3.352304941866543
17,distanceM,59.99510345215785
17,activeEnergyKcal,0.8647227533460805
17,heartRateBpm,84.5506825160807
18,powerWatts,160.5566450590041
18,strokeRateSpm,23.371572646463985
18,speedMps,3.297441223303265
18,distanceM,63.292544675461116
18,activeEnergyKcal,0.9127629063097517
18,heartRateBpm,84.69184672683032
19,powerWatts,175.05847500475386
19,strokeRateSpm,24.132210843677516
19,speedMps,3.3938711368106684
19,distanceM,66.68641581227179
19,activeEnergyKcal,0.9608030592734228
19,heartRateBpm,85.03392610131803
20,powerWatts,157.21879295896306
20,strokeRateSpm,22.824933027127663
20,speedMps,3.274430578460038
20,distanceM,69.96084639073183
20,activeEnergyKcal,1.0088432122370938
20,heartRateBpm,87.45289596525456
21,powerWatts,163.32470880644829
21,strokeRateSpm,22.954434775475914
21,speedMps,3.316283109456583
21,distanceM,73.27712950018841
21,activeEnergyKcal,1.056883365200765
21,heartRateBpm,87.87782157115132
22,powerWatts,161.9271778883226
22,strokeRateSpm,23.060481904218026
22,speedMps,3.3067971178270295
22,distanceM,76.58392661801544
22,activeEnergyKcal,1.1049235181644361
22,heartRateBpm,88.01052280936925
23,powerWatts,171.09920428673573
23,strokeRateSpm,24.381256532709536
23,speedMps,3.368089561509973
23,distanceM,79.95201617952542
23,activeEnergyKcal,1.1529636711281073
23,heartRateBpm,90.26926352349732
24,powerWatts,162.6683855450079
24,strokeRateSpm,23.596991128736615
24,speedMps,3.3118349648264114
24,distanceM,83.26385114435183
24,activeEnergyKcal,1.2010038240917784
24,heartRateBpm,91.78210551453456
25,powerWatts,168.29957113226547
25,strokeRateSpm,23.23049352315039
25,speedMps,3.349618176374281
25,distanceM,86.61346932072611
25,activeEnergyKcal,1.2490439770554496
25,heartRateBpm,93.79387643915726
26,powerWatts,156.4676379740604
26,strokeRateSpm,24.15727881664221
26,speedMps,3.269207427595511
26,distanceM,89.88267674832163
26,activeEnergyKcal,1.2970841300191207
26,heartRateBpm,93.15021583511088
27,powerWatts,168.99933701300984
27,strokeRateSpm,24.17312136737033
27,speedMps,3.35425417035104
27,distanceM,93.23693091867267
27,activeEnergyKcal,1.3451242829827919
27,heartRateBpm,95.15898691028136
28,powerWatts,164.95657459275927
28,strokeRateSpm,23.79891078593193
28,speedMps,3.3272914549982993
28,distanceM,96.56422237367097
28,activeEnergyKcal,1.393164435946463
28,heartRateBpm,95.58135463801462
29,powerWatts,170.13780049670532
29,strokeRateSpm,23.192860101491533
29,speedMps,3.361769294425679
29,distanceM,99.92599166809666
29,activeEnergyKcal,1.4412045889101341
29,heartRateBpm,96.06515643504595
30,powerWatts,166.66083353751617
30,strokeRateSpm,24.344297240326192
30,speedMps,3.3387109229410328
30,distanceM,103.26470259103769
30,activeEnergyKcal,1.4892447418738053
30,heartRateBpm,96.78141340193577
31,powerWatts,165.9488368065421
31,strokeRateSpm,23.30431479040185
31,speedMps,3.333949667329997
31,distanceM,106.5986522583677
31,activeEnergyKcal,1.5372848948374764
31,heartRateBpm,96.18465702605698
32,powerWatts,160.87009166546457
32,strokeRateSpm,22.802767350286352
32,speedMps,3.299585637596022
32,distanceM,109.89823789596372
32,activeEnergyKcal,1.5853250478011476
32,heartRateBpm,96.85951177958977
33,powerWatts,159.20507042708317
33,strokeRateSpm,22.85447303182074
33,speedMps,3.288162457732116
33,distanceM,113.18640035369583
33,activeEnergyKcal,1.6333652007648187
33,heartRateBpm,98.12134707584448
34,powerWatts,161.48520159090725
34,strokeRateSpm,22.326897740435104
34,speedMps,3.3037857689010184
34,distanceM,116.49018612259685
34,activeEnergyKcal,1.6814053537284899
34,heartRateBpm,97.6546104798221
35,powerWatts,159.4747733170872
35,strokeRateSpm,24.700795976115714
35,speedMps,3.2900181913608857
35,distanceM,119.78020431395774
35,activeEnergyKcal,1.729445506692161
35,heartRateBpm,96.71583878339771
36,powerWatts,161.77924031565007
36,strokeRateSpm,24.072620828857737
36,speedMps,3.305789774897838
36,distanceM,123.08599408885557
36,activeEnergyKcal,1.7774856596558322
36,heartRateBpm,99.91415971091668
37,powerWatts,161.63034882819173
37,strokeRateSpm,24.031927199935577
37,speedMps,3.304775316283317
37,distanceM,126.39076940513888
37,activeEnergyKcal,1.8255258126195033
37,heartRateBpm,101.5297982658091
38,powerWatts,160.78012724661994
38,strokeRateSpm,23.11033022756366
38,speedMps,3.2989704400495414
38,distanceM,129.68973984518843
38,activeEnergyKcal,1.8735659655831745
38,heartRateBpm,102.39531230383176
39,powerWatts,163.4973600788927
39,strokeRateSpm,23.237540489827243
39,speedMps,3.3174512504544325
39,distanceM,133.00719109564287
39,activeEnergyKcal,1.9216061185468456
39,heartRateBpm,105.20650389914343
40,powerWatts,160.36257379007318
40,strokeRateSpm,23.97471611421701
40,speedMps,3.296112104400886
40,distanceM,136.30330320004376
40,activeEnergyKcal,1.9696462715105167
40,heartRateBpm,107.24462079390874
41,powerWatts,164.44834451338562
41,strokeRateSpm,23.938487691978924
41,speedMps,3.323870818856662
41,distanceM,139.6271740189004
41,activeEnergyKcal,2.0176864244741877
41,heartRateBpm,108.32274102729126
42,powerWatts,163.16090478609738
42,strokeRateSpm,23.501121844852335
42,speedMps,3.315174066789211
42,distanceM,142.94234808568962
42,activeEnergyKcal,2.0657265774378586
42,heartRateBpm,108.8224090216013
43,powerWatts,171.09898038234127
43,strokeRateSpm,23.511082110217398
43,speedMps,3.368088092322578
43,distanceM,146.3104361780122
43,activeEnergyKcal,2.1137667304015295
43,heartRateBpm,108.97824812511197
44,powerWatts,162.18837444838124
44,strokeRateSpm,23.37495942475585
44,speedMps,3.3085741718688317
44,distanceM,149.61901034988102
44,activeEnergyKcal,2.1618068833652004
44,heartRateBpm,108.38745821019147
45,powerWatts,168.13081898540995
45,strokeRateSpm,23.89690518255042
45,speedMps,3.3484982600944133
45,distanceM,152.96750860997543
45,activeEnergyKcal,2.2098470363288714
45,heartRateBpm,108.54047667755859
46,powerWatts,162.9633632422189
46,strokeRateSpm,22.843250791251705
46,speedMps,3.313835614878249
46,distanceM,156.28134422485368
46,activeEnergyKcal,2.2578871892925423
46,heartRateBpm,109.80961729193005
47,powerWatts,170.92536150717362
47,strokeRateSpm,23.2389710694998
47,speedMps,3.3669484760055792
47,distanceM,159.64829270085926
47,activeEnergyKcal,2.305927342256213
47,heartRateBpm,110.37816513333252
48,powerWatts,163.3495170585261
48,strokeRateSpm,22.761348613509462
48,speedMps,3.3164510102042373
48,distanceM,162.9647437110635
48,activeEnergyKcal,2.353967495219884
48,heartRateBpm,112.31595514432496
49,powerWatts,172.08117225536697
49,strokeRateSpm,24.437186168381647
49,speedMps,3.374520623950022
49,distanceM,166.33926433501352
49,activeEnergyKcal,2.402007648183555
49,heartRateBpm,112.6361878197641
50,powerWatts,169.15088456426705
50,strokeRateSpm,23.30078764022781
50,speedMps,3.355256496050544
50,distanceM,169.69452083106407
50,activeEnergyKcal,2.450047801147226
50,heartRateBpm,113.98103435297371
51,powerWatts,169.52181036916198
51,strokeRateSpm,23.335610445022223
51,speedMps,3.357707252000387
51,distanceM,173.05222808306445
51,activeEnergyKcal,2.498087954110897
51,heartRateBpm,114.370665896782
52,powerWatts,163.33508100392362
52,strokeRateSpm,23.31825625227867
52,speedMps,3.3163533099290525
52,distanceM,176.3685813929935
52,activeEnergyKcal,2.546128107074568
52,heartRateBpm,113.07807723870864
53,powerWatts,167.15767020607495
53,strokeRateSpm,23.95156180720679
53,speedMps,3.3420253357008693
53,distanceM,179.71060672869436
53,activeEnergyKcal,2.5941682600382387
53,heartRateBpm,112.24767631076284
54,powerWatts,165.18450669574202
54,strokeRateSpm,24.52690425077509
54,speedMps,3.3288232672311002
54,distanceM,183.03942999592545
54,activeEnergyKcal,2.6422084130019097
54,heartRateBpm,115.13110235893116
55,powerWatts,170.10482584872065
55,strokeRateSpm,23.641685897871202
55,speedMps,3.3615520973045365
55,distanceM,186.40098209322997
55,activeEnergyKcal,2.6902485659655806
55,heartRateBpm,116.28318536101044
56,powerWatts,169.17404000647412
56,strokeRateSpm,23.689305201526032
56,speedMps,3.355409591915595
56,distanceM,189.75639168514556
56,activeEnergyKcal,2.7382887189292515
56,heartRateBpm,117.20696595976385
57,powerWatts,171.44312472216924
57,strokeRateSpm,24.183361346728134
57,speedMps,3.370344743576814
57,distanceM,193.12673642872238
57,activeEnergyKcal,2.7863288718929224
57,heartRateBpm,118.69817388455236
58,powerWatts,164.87698038924285
58,strokeRateSpm,22.855888258257746
58,speedMps,3.3267562116658898
58,distanceM,196.45349264038828
58,activeEnergyKcal,2.8343690248565934
58,heartRateBpm,118.48330893301546
59,powerWatts,162.24501987566245
59,strokeRateSpm,23.93786489832206
59,speedMps,3.3089593079465347
59,distanceM,199.7624519483348
59,activeEnergyKcal,2.8824091778202643
59,heartRateBpm,117.73616353343077
60,powerWatts,157.80012145747932
60,strokeRateSpm,23.534160970622963
60,speedMps,3.2784614334803
60,distanceM,203.0409133818151
60,activeEnergyKcal,2.930449330783935
60,heartRateBpm,117.83552571572538
61,powerWatts,198.91082780448943
61,strokeRateSpm,27.063520093375573
61,speedMps,3.54149888753917
61,distanceM,206.58241226935428
61,activeEnergyKcal,2.9958396292755434
61,heartRateBpm,120.80466120750573
62,powerWatts,205.95955042413183
62,strokeRateSpm,26.064807206372436
62,speedMps,3.582847141534009
62,distanceM,210.1652594108883
62,activeEnergyKcal,3.061228256851494
62,heartRateBpm,122.96995731579698
63,powerWatts,217.23140132262526
63,strokeRateSpm,26.590184156777106
63,speedMps,3.647050996232747
63,distanceM,213.81231040712103
63,activeEnergyKcal,3.1266152135117875
63,heartRateBpm,123.32764180663956
64,powerWatts,198.21614556203681
64,strokeRateSpm,25.802813302582088
64,speedMps,3.537371265745274
64,distanceM,217.3496816728663
64,activeEnergyKcal,3.192000499256423
64,heartRateBpm,122.72086741054011
65,powerWatts,205.72826472433448
65,strokeRateSpm,27.477661541673303
65,speedMps,3.581505499956525
65,distanceM,220.93118717282283
65,activeEnergyKcal,3.257384114085401
65,heartRateBpm,126.2617500461214
66,powerWatts,203.38812079531883
66,strokeRateSpm,27.165514439596393
66,speedMps,3.5678738948893924
66,distanceM,224.49906106771223
66,activeEnergyKcal,3.322766057998722
66,heartRateBpm,128.68925192805114
67,powerWatts,198.94102533409747
67,strokeRateSpm,26.127479438521952
67,speedMps,3.5416780953232876
67,distanceM,228.0407391630355
67,activeEnergyKcal,3.388146330996385
67,heartRateBpm,128.8733509389555
68,powerWatts,210.1532684872818
68,strokeRateSpm,26.090839940155448
68,speedMps,3.6070017339335028
68,distanceM,231.64774089696903
68,activeEnergyKcal,3.4535249330783904
68,heartRateBpm,129.34128044396758
69,powerWatts,192.19633317217793
69,strokeRateSpm,26.132214714671004
69,speedMps,3.5011925902964687
69,distanceM,235.14893348726548
69,activeEnergyKcal,3.5189018642447385
69,heartRateBpm,139.4430351003975
70,powerWatts,203.08467330020986
70,strokeRateSpm,27.37277026552822
70,speedMps,3.566098633434574
70,distanceM,238.71503212070004
70,activeEnergyKcal,3.584277124495429
70,heartRateBpm,149.82353110396306
71,powerWatts,221.50204875282375
71,strokeRateSpm,25.3897501761152
71,speedMps,3.670795725308154
71,distanceM,242.3858278460082
71,activeEnergyKcal,3.6496507138304617
71,heartRateBpm,159.15732806994478
72,powerWatts,209.3404859273217
72,strokeRateSpm,27.33620536012584
72,speedMps,3.60234561509976
72,distanceM,245.98817346110795
72,activeEnergyKcal,3.715022632249837
72,heartRateBpm,159.0670782691527
73,powerWatts,206.436949782097
73,strokeRateSpm,27.769770547101587
73,speedMps,3.585613265683246
73,distanceM,249.57378672679118
73,activeEnergyKcal,3.780392879753555
73,heartRateBpm,159.81619771040695
74,powerWatts,204.42989491541874
74,strokeRateSpm,26.595337969792837
74,speedMps,3.5739551916209282
74,distanceM,253.14774191841212
74,activeEnergyKcal,3.845761456341615
74,heartRateBpm,160.44434727142624
75,powerWatts,205.74599097116493
75,strokeRateSpm,25.980375318058428
75,speedMps,3.58160836189965
75,distanceM,256.7293502803118
75,activeEnergyKcal,3.911128362014018
75,heartRateBpm,160.2379783597864
76,powerWatts,198.4032212629651
76,strokeRateSpm,26.240323958970176
76,speedMps,3.5384837686789954
76,distanceM,260.2678340489908
76,activeEnergyKcal,3.976493596770763
76,heartRateBpm,161.6303030204742
77,powerWatts,210.39452692198492
77,strokeRateSpm,27.164922137860348
77,speedMps,3.6083814996053687
77,distanceM,263.8762155485961
77,activeEnergyKcal,4.041857160611851
77,heartRateBpm,161.8381061485374
78,powerWatts,200.31210767844752
78,strokeRateSpm,26.55526032786939
78,speedMps,3.5497957762227346
78,distanceM,267.42601132481883
78,activeEnergyKcal,4.107219053537281
78,heartRateBpm,160.61009245351607
79,powerWatts,206.00421327574958
79,strokeRateSpm,27.339881052504634
79,speedMps,3.5831061059834015
79,distanceM,271.00911743080223
79,activeEnergyKcal,4.172579275547053
79,heartRateBpm,159.29795697208752
80,powerWatts,208.8438386391923
80,strokeRateSpm,26.097060329381545
80,speedMps,3.5994945789365387
80,distanceM,274.60861200973875
80,activeEnergyKcal,4.2379378266411685
80,heartRateBpm,160.11880471348474
81,powerWatts,204.372402395106
81,strokeRateSpm,26.181134679182797
81,speedMps,3.573620121650271
81,distanceM,278.182232131389
81,activeEnergyKcal,4.303294706819626
81,heartRateBpm,162.83755225924858
82,powerWatts,229.17151755920383
82,strokeRateSpm,27.889003400770587
82,speedMps,3.7126828194500248
82,distanceM,281.89491495083905
82,activeEnergyKcal,4.368649916082426
82,heartRateBpm,164.15749896028072
83,powerWatts,205.29139757519698
83,strokeRateSpm,27.365435892311538
83,speedMps,3.578968575951786
83,distanceM,285.4738835267908
83,activeEnergyKcal,4.434003454429569
83,heartRateBpm,169.6659446910485
84,powerWatts,205.22733221473467
84,strokeRateSpm,27.319612970733527
84,speedMps,3.578596240546168
84,distanceM,289.052479767337
84,activeEnergyKcal,4.499355321861055
84,heartRateBpm,170.61850030954176
85,powerWatts,200.3323629837044
85,strokeRateSpm,26.267589754867167
85,speedMps,3.5499154224662286
85,distanceM,292.60239518980325
85,activeEnergyKcal,4.564705518376882
85,heartRateBpm,169.82167087875334
86,powerWatts,205.17673331649613
86,strokeRateSpm,27.637761492626232
86,speedMps,3.5783021148266374
86,distanceM,296.18069730462986
86,activeEnergyKcal,4.630054043977052
86,heartRateBpm,170.44934555821692
87,powerWatts,201.27623293914735
87,strokeRateSpm,26.887620021654577
87,speedMps,3.5554818554362417
87,distanceM,299.7361791600661
87,activeEnergyKcal,4.695400898661564
87,heartRateBpm,170.26715474172505
88,powerWatts,211.77410194511364
88,strokeRateSpm,27.388888117598107
88,speedMps,3.6162511466331644
88,distanceM,303.35243030669926
88,activeEnergyKcal,4.760746082430419
88,heartRateBpm,169.89355386188083
89,powerWatts,207.02099896426998
89,strokeRateSpm,26.348928816575107
89,speedMps,3.588991541160463
89,distanceM,306.9414218478597
89,activeEnergyKcal,4.826089595283617
89,heartRateBpm,171.90024083744674
90,powerWatts,215.48785049802785
90,strokeRateSpm,25.870273367007687
90,speedMps,3.6372674083727845
90,distanceM,310.5786892562325
90,activeEnergyKcal,4.891431437221157
90,heartRateBpm,172.0486772802257
91,powerWatts,204.28289322207777
91,strokeRateSpm,25.881271661094516
91,speedMps,3.5730983315461864
91,distanceM,314.1517875877787
91,activeEnergyKcal,4.956771608243039
91,heartRateBpm,172.53386035849087
92,powerWatts,210.83696151371075
92,strokeRateSpm,26.259655969217157
92,speedMps,3.610909060660143
92,distanceM,317.76269664843886
92,activeEnergyKcal,5.022110108349263
92,heartRateBpm,171.05774130043233
93,powerWatts,200.4891132867819
93,strokeRateSpm,26.1487730120179
93,speedMps,3.550841059644692
93,distanceM,321.3135377080836
93,activeEnergyKcal,5.087446937539831
93,heartRateBpm,170.73296989259492
94,powerWatts,216.92060348068162
94,strokeRateSpm,26.422729562373537
94,speedMps,3.645310860176929
94,distanceM,324.9588485682605
94,activeEnergyKcal,5.15278209581474
94,heartRateBpm,170.14522149344944
95,powerWatts,204.6011588291301
95,strokeRateSpm,25.332175258041588
95,speedMps,3.574952956167608
95,distanceM,328.53380152442816
95,activeEnergyKcal,5.218115583173993
95,heartRateBpm,172.1265517119834
96,powerWatts,203.78974137289396
96,strokeRateSpm,26.473924053381797
96,speedMps,3.5702207861797066
96,distanceM,332.1040223106079
96,activeEnergyKcal,5.283447399617588
96,heartRateBpm,172.93253161452287
97,powerWatts,208.98001347158606
97,strokeRateSpm,26.1784854169997
97,speedMps,3.600276748806874
97,distanceM,335.7042990594148
97,activeEnergyKcal,5.348777545145524
97,heartRateBpm,171.75526415114314
98,powerWatts,209.07249507798204
98,strokeRateSpm,26.372067397119345
98,speedMps,3.6008077569608927
98,distanceM,339.30510681637566
98,activeEnergyKcal,5.414106019757804
98,heartRateBpm,172.28310404633228
99,powerWatts,210.05906751795433
99,strokeRateSpm,26.543217867813013
99,speedMps,3.606462708545157
99,distanceM,342.9115695249208
99,activeEnergyKcal,5.479432823454426
99,heartRateBpm,173.26478474057345
100,powerWatts,192.95165294668553
100,strokeRateSpm,26.22964193910722
100,speedMps,3.505773085721787
100,distanceM,346.4173426106426
100,activeEnergyKcal,5.54475795623539
100,heartRateBpm,175.567271853669
101,powerWatts,211.1967420927571
101,strokeRateSpm,27.04021896956157
101,speedMps,3.612961826421225
101,distanceM,350.0303044370638
101,activeEnergyKcal,5.610081418100697
101,heartRateBpm,175.35321282252255
102,powerWatts,200.7526476141161
102,strokeRateSpm,26.44014090987162
102,speedMps,3.5523961878089576
102,distanceM,353.58270062487276
102,activeEnergyKcal,5.675403209050347
102,heartRateBpm,177.22203601528653
103,powerWatts,207.96390661708222
103,strokeRateSpm,25.927517143232855
103,speedMps,3.5944321531318444
103,distanceM,357.1771327780046
103,activeEnergyKcal,5.740723329084339
103,heartRateBpm,176.3531999322171
104,powerWatts,200.3206717631203
104,strokeRateSpm,26.79412436085847
104,speedMps,3.5498463644750924
104,distanceM,360.7269791424797
104,activeEnergyKcal,5.806041778202673
104,heartRateBpm,174.95710287133954
105,powerWatts,216.3333651340022
105,strokeRateSpm,26.87272880966086
105,speedMps,3.6420184098424158
105,distanceM,364.3689975523221
105,activeEnergyKcal,5.87135855640535
105,heartRateBpm,176.52705913158266
106,powerWatts,205.57201147326765
106,strokeRateSpm,26.33837188913402
106,speedMps,3.5805985372070004
106,distanceM,367.9495960895291
106,activeEnergyKcal,5.936673663692369
106,heartRateBpm,175.25107126847806
107,powerWatts,213.07288721637377
107,strokeRateSpm,26.533953393877216
107,speedMps,3.623628763886209
107,distanceM,371.5732248534153
107,activeEnergyKcal,6.001987100063731
107,heartRateBpm,175.07138803952012
108,powerWatts,201.6017892574882
108,strokeRateSpm,25.761163111134373
108,speedMps,3.5573977730962705
108,distanceM,375.1306226265116
108,activeEnergyKcal,6.067298865519436
108,heartRateBpm,177.483257244484
109,powerWatts,215.91706313908517
109,strokeRateSpm,26.126814368099684
109,speedMps,3.6396807320257327
109,distanceM,378.7703033585373
109,activeEnergyKcal,6.132608960059483
109,heartRateBpm,177.707106746467
110,powerWatts,197.36466134286707
110,strokeRateSpm,27.591422018141518
110,speedMps,3.5322987911736705
110,distanceM,382.302602149711
110,activeEnergyKcal,6.197917383683872
110,heartRateBpm,175.06472676593197
111,powerWatts,210.13068123890542
111,strokeRateSpm,26.921507281465914
111,speedMps,3.606872502597258
111,distanceM,385.90947465230823
111,activeEnergyKcal,6.263224136392603
111,heartRateBpm,175.15820517586624
112,powerWatts,202.90077082878793
112,strokeRateSpm,27.091319375042413
112,speedMps,3.5650218864835725
112,distanceM,389.4744965387918
112,activeEnergyKcal,6.328529218185677
112,heartRateBpm,175.3751385905875
113,powerWatts,208.0113689597457
113,strokeRateSpm,27.464758286461834
113,speedMps,3.5947055774912364
113,distanceM,393.06920211628307
113,activeEnergyKcal,6.393832629063094
113,heartRateBpm,177.54327330684083
114,powerWatts,210.43935235863515
114,strokeRateSpm,26.56576301743185
114,speedMps,3.6086377416807798
114,distanceM,396.6778398579638
114,activeEnergyKcal,6.459134369024853
114,heartRateBpm,181.0008504585047
115,powerWatts,195.3963116325448
115,strokeRateSpm,27.53022824243521
115,speedMps,3.5205168068751624
115,distanceM,400.19835666483897
115,activeEnergyKcal,6.524434438070955
115,heartRateBpm,181.7508983100826
116,powerWatts,207.39174035422567
116,strokeRateSpm,27.36165015416616
116,speedMps,3.591132699495082
116,distanceM,403.78948936433403
116,activeEnergyKcal,6.589732836201399
116,heartRateBpm,183.23883665365975
117,powerWatts,207.37755180871122
117,strokeRateSpm,27.043624725206776
117,speedMps,3.591050802772031
117,distanceM,407.38054016710606
117,activeEnergyKcal,6.655029563416186
117,heartRateBpm,185.86698692303506
118,powerWatts,200.11937022728577
118,strokeRateSpm,26.45049355436925
118,speedMps,3.5486568899267694
118,distanceM,410.9291970570328
118,activeEnergyKcal,6.720324619715314
118,heartRateBpm,185.3784381957207
119,powerWatts,201.87268610358112
119,strokeRateSpm,27.064659957481947
119,speedMps,3.5589904449991816
119,distanceM,414.48818750203196
119,activeEnergyKcal,6.785618005098786
119,heartRateBpm,186.3772276723838
120,powerWatts,206.25687198883617
120,strokeRateSpm,25.975205486484228
120,speedMps,3.584570369108791
120,distanceM,418.07275787114077
120,activeEnergyKcal,6.8509097195666
120,heartRateBpm,184.37552168521378
121,powerWatts,200.75741965166335
121,strokeRateSpm,26.6552460646612
121,speedMps,3.5524243352728018
121,distanceM,421.62518220641357
121,activeEnergyKcal,6.916199763118756
121,heartRateBpm,183.14207336419722
122,powerWatts,209.60135710437757
122,strokeRateSpm,26.445381426879123
122,speedMps,3.6038413570702805
122,distanceM,425.22902356348385
122,activeEnergyKcal,6.981488135755256
122,heartRateBpm,181.11001446556608
123,powerWatts,201.08752361076077
123,strokeRateSpm,27.855934208587442
123,speedMps,3.5543703441904078
123,distanceM,428.7833939076743
123,activeEnergyKcal,7.046774837476097
123,heartRateBpm,181.55912555035786
124,powerWatts,207.76109533775914
124,strokeRateSpm,27.250967681882862
124,speedMps,3.5932633149101023
124,distanceM,432.37665722258436
124,activeEnergyKcal,7.11205986828128
124,heartRateBpm,181.04716175608047
125,powerWatts,204.1273596880377
125,strokeRateSpm,27.611537537690992
125,speedMps,3.5721912924543275
125,distanceM,435.94884851503866
125,activeEnergyKcal,7.177343228170806
125,heartRateBpm,179.04669536358008
126,powerWatts,203.3969901609292
126,strokeRateSpm,26.120660103426765
126,speedMps,3.567925756846593
126,distanceM,439.51677427188525
126,activeEnergyKcal,7.242624917144675
126,heartRateBpm,181.70255903459932
127,powerWatts,208.34308441334628
127,strokeRateSpm,27.738891684318975
127,speedMps,3.596615386729459
127,distanceM,443.1133896586147
127,activeEnergyKcal,7.307904935202886
127,heartRateBpm,182.145653708078
128,powerWatts,199.27309986838668
128,strokeRateSpm,26.224994030486492
128,speedMps,3.5436476024864567
128,distanceM,446.65703726110115
128,activeEnergyKcal,7.37318328234544
128,heartRateBpm,182.74756494331774
129,powerWatts,205.34798744536712
129,strokeRateSpm,26.240826425114285
129,speedMps,3.579297400835878
129,distanceM,450.236334661937
129,activeEnergyKcal,7.438459958572336
129,heartRateBpm,182.2708196932477
130,powerWatts,197.63934178512645
130,strokeRateSpm,26.568907761567523
130,speedMps,3.5339367129467045
130,distanceM,453.7702713748837
130,activeEnergyKcal,7.503734963883574
130,heartRateBpm,180.8040695112658
131,powerWatts,206.96735226468115
131,strokeRateSpm,27.421357460439197
131,speedMps,3.5886815014614903
131,distanceM,457.3589528763452
131,activeEnergyKcal,7.569008298279155
131,heartRateBpm,180.102287922888
132,powerWatts,200.20066284215227
132,strokeRateSpm,26.772834595569
132,speedMps,3.5491373374120396
132,distanceM,460.90809021375725
132,activeEnergyKcal,7.634279961759079
132,heartRateBpm,180.58016748560595
133,powerWatts,203.78364531030178
133,strokeRateSpm,26.861291891875997
133,speedMps,3.5701851865689633
133,distanceM,464.4782754003262
133,activeEnergyKcal,7.699549954323345
133,heartRateBpm,178.2904066426193
134,powerWatts,204.02824334598247
134,strokeRateSpm,26.899795612911056
134,speedMps,3.5716130262575323
134,distanceM,468.0498884265837
134,activeEnergyKcal,7.764818275971954
134,heartRateBpm,176.60444216362808
135,powerWatts,214.77142503224778
135,strokeRateSpm,26.783475438737565
135,speedMps,3.63323203131622
135,distanceM,471.6831204578999
135,activeEnergyKcal,7.830084926704905
135,heartRateBpm,177.50560482090836
136,powerWatts,201.63615878323336
136,strokeRateSpm,27.528695775318127
136,speedMps,3.5575999193295154
136,distanceM,475.2407203772294
136,activeEnergyKcal,7.895349906522198
136,heartRateBpm,176.9261390982486
137,powerWatts,211.442685814738
137,strokeRateSpm,27.55208105990159
137,speedMps,3.614363742894593
137,distanceM,478.855084120124
137,activeEnergyKcal,7.960613215423834
137,heartRateBpm,176.37152123213448
138,powerWatts,208.00030564550974
138,strokeRateSpm,27.51687005143837
138,speedMps,3.5946418469001813
138,distanceM,482.44972596702416
138,activeEnergyKcal,8.025874853409812
138,heartRateBpm,177.04641578561123
139,powerWatts,202.79720620401343
139,strokeRateSpm,25.94530611282409
139,speedMps,3.5644152303535486
139,distanceM,486.01414119737774
139,activeEnergyKcal,8.091134820480132
139,heartRateBpm,176.4987262838568
140,powerWatts,203.95551066089536
140,strokeRateSpm,26.99766016680085
140,speedMps,3.5711885688791454
140,distanceM,489.5853297662569
140,activeEnergyKcal,8.156393116634796
140,heartRateBpm,175.8158433957402
141,powerWatts,214.97153405566277
141,strokeRateSpm,26.784548206391616
141,speedMps,3.6343600783827497
141,distanceM,493.2196898446397
141,activeEnergyKcal,8.2216497418738
141,heartRateBpm,177.76743266925266
142,powerWatts,208.31072858138387
142,strokeRateSpm,26.34704180453684
142,speedMps,3.5964291914318873
142,distanceM,496.81611903607154
142,activeEnergyKcal,8.28690469619715
142,heartRateBpm,178.24753847164422
143,powerWatts,199.2629270489689
143,strokeRateSpm,25.910447107078227
143,speedMps,3.5435873008190315
143,distanceM,500.35970633689055
143,activeEnergyKcal,8.35215797960484
143,heartRateBpm,178.64012570575807
144,powerWatts,201.25388367308193
144,strokeRateSpm,26.486503432462033
144,speedMps,3.555350252961194
144,distanceM,503.91505658985176
144,activeEnergyKcal,8.417409592096874
144,heartRateBpm,177.15777725678464
145,powerWatts,208.01394041423742
145,strokeRateSpm,26.798330318052315
145,speedMps,3.5947203901170397
145,distanceM,507.5097769799688
145,activeEnergyKcal,8.48265953367325
145,heartRateBpm,175.99992867161802
146,powerWatts,209.08629270556867
146,strokeRateSpm,26.83852104882689
146,speedMps,3.600886966346354
146,distanceM,511.1106639463152
146,activeEnergyKcal,8.547907804333967
146,heartRateBpm,177.9223605994546
147,powerWatts,209.00064934208393
147,strokeRateSpm,27.900562242095546
147,speedMps,3.600395248814305
147,distanceM,514.7110591951295
147,activeEnergyKcal,8.613154404079028
147,heartRateBpm,176.82102110682814
148,powerWatts,203.60709952411227
148,strokeRateSpm,27.126186439777523
148,speedMps,3.569153891416816
148,distanceM,518.2802130865463
148,activeEnergyKcal,8.67839933290843
148,heartRateBpm,177.0098504747512
149,powerWatts,204.74681495818564
149,strokeRateSpm,27.23228908369881
149,speedMps,3.575801094557296
149,distanceM,521.8560141811035
149,activeEnergyKcal,8.743642590822176
149,heartRateBpm,178.02908128396965
150,powerWatts,208.53618036044006
150,strokeRateSpm,27.059717954057852
150,speedMps,3.5977261785933314
150,distanceM,525.4537403596969
150,activeEnergyKcal,8.808884177820264
150,heartRateBpm,178.9138438790476
151,powerWatts,214.88350053300488
151,strokeRateSpm,26.74563463735686
151,speedMps,3.6338639053963364
151,distanceM,529.0876042650932
151,activeEnergyKcal,8.874124093902696
151,heartRateBpm,176.04005377133754
152,powerWatts,201.1813267448956
152,strokeRateSpm,26.31423822780061
152,speedMps,3.5549229381430356
152,distanceM,532.6425272032362
152,activeEnergyKcal,8.939362339069469
152,heartRateBpm,176.086801945945
153,powerWatts,209.3251816097073
153,strokeRateSpm,27.02176530137149
153,speedMps,3.6022578270404106
153,distanceM,536.2447850302766
153,activeEnergyKcal,9.004598913320583
153,heartRateBpm,176.12226655429888
154,powerWatts,211.72206363791486
154,strokeRateSpm,27.031538468490872
154,speedMps,3.6159549206038073
154,distanceM,539.8607399508804
154,activeEnergyKcal,9.069833816656041
154,heartRateBpm,177.1563997940477
155,powerWatts,207.3353136332955
155,strokeRateSpm,27.696118841625772
155,speedMps,3.5908069806040723
155,distanceM,543.4515469314845
155,activeEnergyKcal,9.135067049075841
155,heartRateBpm,177.3928572674648
156,powerWatts,204.61785395595678
156,strokeRateSpm,27.486009695068987
156,speedMps,3.5750501903345384
156,distanceM,547.026597121819
156,activeEnergyKcal,9.200298610579985
156,heartRateBpm,178.26153624446385
157,powerWatts,195.57473722868653
157,strokeRateSpm,26.6866568191704
157,speedMps,3.5215880642320414
157,distanceM,550.548185186051
157,activeEnergyKcal,9.26552850116847
157,heartRateBpm,178.3865854534182
158,powerWatts,205.58297299329513
158,strokeRateSpm,25.930775141279636
158,speedMps,3.5806621776878655
158,distanceM,554.1288473637388
158,activeEnergyKcal,9.330756720841297
158,heartRateBpm,178.78549848917146
159,powerWatts,208.2476476633532
159,strokeRateSpm,27.5085776478086
159,speedMps,3.596066129704532
159,distanceM,557.7249134934434
159,activeEnergyKcal,9.395983269598467
159,heartRateBpm,180.7617270347031
160,powerWatts,194.6463668960734
160,strokeRateSpm,26.530460668887045
160,speedMps,3.516007035603543
160,distanceM,561.240920529047
160,activeEnergyKcal,9.46120814743998
160,heartRateBpm,180.61833985152333
161,powerWatts,200.9621464492819
161,strokeRateSpm,25.936718844647604
161,speedMps,3.553631479331608
161,distanceM,564.7945520083786
161,activeEnergyKcal,9.526431354365835
161,heartRateBpm,181.2351861744967
162,powerWatts,210.78154198209006
162,strokeRateSpm,27.702512919860546
162,speedMps,3.610592651203727
162,distanceM,568.4051446595823
162,activeEnergyKcal,9.591652890376032
162,heartRateBpm,181.36198689212796
163,powerWatts,196.5223570768862
163,strokeRateSpm,26.685172704910173
163,speedMps,3.5272666289476313
163,distanceM,571.9324112885299
163,activeEnergyKcal,9.656872755470573
163,heartRateBpm,180.85532376276777
164,powerWatts,204.07150933379359
164,strokeRateSpm,27.88081915075316
164,speedMps,3.5718654724243115
164,distanceM,575.5042767609542
164,activeEnergyKcal,9.722090949649456
164,heartRateBpm,179.7747877760157
165,powerWatts,194.20234474097842
165,strokeRateSpm,26.70612761367828
165,speedMps,3.513331459267702
165,distanceM,579.0176082202219
165,activeEnergyKcal,9.78730747291268
165,heartRateBpm,178.92841129554142
166,powerWatts,201.08178545268035
166,strokeRateSpm,26.11972483654062
166,speedMps,3.5543365351429044
166,distanceM,582.5719447553647
166,activeEnergyKcal,9.852522325260248
166,heartRateBpm,179.29599570137887
167,powerWatts,217.30948154755004
167,strokeRateSpm,26.912316499030286
167,speedMps,3.6474879012250714
167,distanceM,586.2194326565898
167,activeEnergyKcal,9.917735506692157
167,heartRateBpm,176.4988313040797
168,powerWatts,200.4026843544572
168,strokeRateSpm,26.87647795235241
168,speedMps,3.5503307418073797
168,distanceM,589.7697633983971
168,activeEnergyKcal,9.98294701720841
168,heartRateBpm,177.88272940012664
169,powerWatts,201.68409253472137
169,strokeRateSpm,26.43894451899278
169,speedMps,3.557881805938688
169,distanceM,593.3276452043358
169,activeEnergyKcal,10.048156856809005
169,heartRateBpm,178.03131142556774
170,powerWatts,206.420855870836
170,strokeRateSpm,25.946310168177508
170,speedMps,3.5855200846232833
170,distanceM,596.9131652889591
170,activeEnergyKcal,10.113365025493943
170,heartRateBpm,177.02616816663922
171,powerWatts,198.67556176223474
171,strokeRateSpm,26.805339740266128
171,speedMps,3.5401020754684978
171,distanceM,600.4532673644277
171,activeEnergyKcal,10.178571523263223
171,heartRateBpm,174.6355401130215
172,powerWatts,203.41988049652429
172,strokeRateSpm,27.402404695619623
172,speedMps,3.5680595968382307
172,distanceM,604.0213269612659
172,activeEnergyKcal,10.243776350116844
172,heartRateBpm,175.52329278235277
173,powerWatts,205.9916267760531
173,strokeRateSpm,26.227195402634063
173,speedMps,3.583033130643537
173,distanceM,607.6043600919095
173,activeEnergyKcal,10.30897950605481
173,heartRateBpm,176.47522611110912
174,powerWatts,202.68701790182382
174,strokeRateSpm,26.824388409868497
174,speedMps,3.5637695475305105
174,distanceM,611.1681296394399
174,activeEnergyKcal,10.374180991077116
174,heartRateBpm,175.71598764487268
175,powerWatts,206.73963869452055
175,strokeRateSpm,26.981167678598755
175,speedMps,3.5873648825950393
175,distanceM,614.755494522035
175,activeEnergyKcal,10.439380805183767
175,heartRateBpm,176.69651327085938
176,powerWatts,200.46735995048138
176,strokeRateSpm,26.599162286388392
176,speedMps,3.5507126313354354
176,distanceM,618.3062071533703
176,activeEnergyKcal,10.504578948374759
176,heartRateBpm,178.3030887016351
177,powerWatts,213.30088721863137
177,strokeRateSpm,26.731117994358655
177,speedMps,3.624920798837529
177,distanceM,621.9311279522078
177,activeEnergyKcal,10.569775420650092
177,heartRateBpm,179.13026384840768
178,powerWatts,213.3709725708731
178,strokeRateSpm,25.467662336686583
178,speedMps,3.625317774887297
178,distanceM,625.5564457270951
178,activeEnergyKcal,10.63497022200977
178,heartRateBpm,175.59893076737757
179,powerWatts,211.00100838876543
179,strokeRateSpm,26.647058840178946
179,speedMps,3.6118453366917036
179,distanceM,629.1682910637868
179,activeEnergyKcal,10.700163352453789
179,heartRateBpm,176.62654285070607
180,powerWatts,211.09255576771386
180,strokeRateSpm,27.121003787530064
180,speedMps,3.6123676203957342
180,distanceM,632.7806586841825
180,activeEnergyKcal,10.767971803298275
180,heartRateBpm,176.25463931940934
181,powerWatts,213.2543321742416
181,strokeRateSpm,26.736226674067154
181,speedMps,3.624657054618241
181,distanceM,636.4053157388008
181,activeEnergyKcal,10.83577780911408
181,heartRateBpm,178.25651224790326
182,powerWatts,216.69220411902916
182,strokeRateSpm,28.69605611690044
182,speedMps,3.6440310077854288
182,distanceM,640.0493467465863
182,activeEnergyKcal,10.903581369901206
182,heartRateBpm,178.11525733551505
183,powerWatts,208.3597079245173
183,strokeRateSpm,26.575100788120388
183,speedMps,3.5967110411098995
183,distanceM,643.6460577876961
183,activeEnergyKcal,10.971382485659651
183,heartRateBpm,179.08242549695012
184,powerWatts,204.3773335188221
184,strokeRateSpm,27.979121769942612
184,speedMps,3.5736488630083687
184,distanceM,647.2197066507044
184,activeEnergyKcal,11.039181156389416
184,heartRateBpm,179.05133560136775
185,powerWatts,221.59514651519152
185,strokeRateSpm,27.82666146531834
185,speedMps,3.6713099342478723
185,distanceM,650.8910165849524
185,activeEnergyKcal,11.1069773820905
185,heartRateBpm,179.03783564309035
186,powerWatts,202.75027530565842
186,strokeRateSpm,27.591428139704757
186,speedMps,3.56414025267574
186,distanceM,654.4551568376281
186,activeEnergyKcal,11.174771162762903
186,heartRateBpm,178.98525955066216
187,powerWatts,218.8855850961439
187,strokeRateSpm,28.51200262780621
187,speedMps,3.6562848421282985
187,distanceM,658.1114416797565
187,activeEnergyKcal,11.242562498406626
187,heartRateBpm,176.9959166881291
188,powerWatts,204.75190702098382
188,strokeRateSpm,27.627683894075282
188,speedMps,3.5758307377579923
188,distanceM,661.6872724175145
188,activeEnergyKcal,11.310351389021667
188,heartRateBpm,178.44663500037018
189,powerWatts,209.84283158661106
189,strokeRateSpm,27.121002310976312
189,speedMps,3.6052247796492054
189,distanceM,665.2924971971637
189,activeEnergyKcal,11.378137834608028
189,heartRateBpm,179.06866815106707
190,powerWatts,216.37151864741813
190,strokeRateSpm,28.030077015081584
190,speedMps,3.642232504772589
190,distanceM,668.9347297019362
190,activeEnergyKcal,11.445921835165707
190,heartRateBpm,179.4486653920873
191,powerWatts,204.96411690588678
191,strokeRateSpm,26.401840623462743
191,speedMps,3.5770656706998114
191,distanceM,672.511795372636
191,activeEnergyKcal,11.513703390694706
191,heartRateBpm,181.43138466740595
192,powerWatts,220.21992317881976
192,strokeRateSpm,27.658952602160863
192,speedMps,3.6636994310445026
192,distanceM,676.1754948036805
192,activeEnergyKcal,11.581482501195024
192,heartRateBpm,181.53443360737936
193,powerWatts,211.1672956511779
193,strokeRateSpm,26.830418945730436
193,speedMps,3.6127939043009034
193,distanceM,679.7882887079815
193,activeEnergyKcal,11.649259166666662
193,heartRateBpm,182.97186662339212
194,powerWatts,207.8254738759431
194,strokeRateSpm,27.934051830865695
194,speedMps,3.5936344224866987
194,distanceM,683.3819231304682
194,activeEnergyKcal,11.71703338710962
194,heartRateBpm,183.7043066274034
195,powerWatts,215.62269502800422
195,strokeRateSpm,27.539764325239844
195,speedMps,3.6380259404559374
195,distanceM,687.0199490709241
195,activeEnergyKcal,11.784805162523897
195,heartRateBpm,182.9462871414488
196,powerWatts,209.5423714828117
196,strokeRateSpm,27.77674104844742
196,speedMps,3.6035032632568154
196,distanceM,690.6234523341809
196,activeEnergyKcal,11.852574492909493
196,heartRateBpm,184.20666865598812
197,powerWatts,212.03003957832286
197,strokeRateSpm,27.033840875380857
197,speedMps,3.6177073557924673
197,distanceM,694.2411596899734
197,activeEnergyKcal,11.920341378266409
197,heartRateBpm,181.96712149047588
198,powerWatts,208.76413024962864
198,strokeRateSpm,28.51729886512338
198,speedMps,3.59903658693176
198,distanceM,697.8401962769052
198,activeEnergyKcal,11.988105818594644
198,heartRateBpm,180.61440902541014
199,powerWatts,221.60022945017613
199,strokeRateSpm,26.49040427785521
199,speedMps,3.6713380047890034
199,distanceM,701.5115342816943
199,activeEnergyKcal,12.055867813894197
199,heartRateBpm,178.3576694815117
200,powerWatts,207.0446344469195
200,strokeRateSpm,27.979199651818202
200,speedMps,3.589128120411989
200,distanceM,705.1006624021062
200,activeEnergyKcal,12.12362736416507
200,heartRateBpm,179.5323340739413
201,powerWatts,211.76878317331443
201,strokeRateSpm,27.177977566548982
201,speedMps,3.6162208719592455
201,distanceM,708.7168832740655
201,activeEnergyKcal,12.191384469407263
201,heartRateBpm,181.04512567801677
202,powerWatts,221.7650827381149
202,strokeRateSpm,27.461603089752636
202,speedMps,3.6722481755093215
202,distanceM,712.3891314495748
202,activeEnergyKcal,12.259139129620774
202,heartRateBpm,179.47309947351644
203,powerWatts,221.5484048359945
203,strokeRateSpm,27.62198626397784
203,speedMps,3.671051782898634
203,distanceM,716.0601832324735
203,activeEnergyKcal,12.326891344805604
203,heartRateBpm,180.84536244774557
204,powerWatts,213.70045773792825
204,strokeRateSpm,28.22263178286213
204,speedMps,3.6271828741343612
204,distanceM,719.6873661066079
204,activeEnergyKcal,12.394641114961754
204,heartRateBpm,181.29350306354584
205,powerWatts,214.9795182797958
205,strokeRateSpm,28.24258892740334
205,speedMps,3.6344050722255163
205,distanceM,723.3217711788334
205,activeEnergyKcal,12.462388440089224
205,heartRateBpm,179.63726262159847
206,powerWatts,219.70045544839047
206,strokeRateSpm,27.025024130246408
206,speedMps,3.6608164463075035
206,distanceM,726.9825876251409
206,activeEnergyKcal,12.530133320188014
206,heartRateBpm,178.91918734810608
207,powerWatts,214.4792450156038
207,strokeRateSpm,27.74171307314507
207,speedMps,3.631583705972745
207,distanceM,730.6141713311137
207,activeEnergyKcal,12.597875755258123
207,heartRateBpm,180.94550559617193
208,powerWatts,207.8473653876562
208,strokeRateSpm,27.467427358379044
208,speedMps,3.5937605977921643
208,distanceM,734.2079319289059
208,activeEnergyKcal,12.66561574529955
208,heartRateBpm,183.3008888872996
209,powerWatts,208.37060473058943
209,strokeRateSpm,26.75245401311844
209,speedMps,3.596773740339498
209,distanceM,737.8047056692453
209,activeEnergyKcal,12.733353290312298
209,heartRateBpm,184.67568129591507
210,powerWatts,209.9253935791182
210,strokeRateSpm,27.73564535774759
210,speedMps,3.605697539047987
210,distanceM,741.4104032082934
210,activeEnergyKcal,12.801088390296364
210,heartRateBpm,185.84864291214237
211,powerWatts,220.65813007221996
211,strokeRateSpm,27.328444189200333
211,speedMps,3.666127904392433
211,distanceM,745.0765311126858
211,activeEnergyKcal,12.86882104525175
211,heartRateBpm,184.02903324970484
212,powerWatts,222.3261038679747
212,strokeRateSpm,27.605715601519627
212,speedMps,3.6753422513482374
212,distanceM,748.7518733640339
212,activeEnergyKcal,12.936551255178454
212,heartRateBpm,182.84958862513426
213,powerWatts,227.6074193631951
213,strokeRateSpm,27.340863540837933
213,speedMps,3.7042171633468226
213,distanceM,752.4560905273808
213,activeEnergyKcal,13.004279020076478
213,heartRateBpm,183.00875148820543
214,powerWatts,205.44495414466863
214,strokeRateSpm,26.815164226025686
214,speedMps,3.579860701607101
214,distanceM,756.0359512289879
214,activeEnergyKcal,13.07200433994582
214,heartRateBpm,185.59457207516493
215,powerWatts,222.75984813019895
215,strokeRateSpm,26.9752293383464
215,speedMps,3.6777308193220173
215,distanceM,759.7136820483099
215,activeEnergyKcal,13.139727214786483
215,heartRateBpm,187.49679826145297
216,powerWatts,212.44096545231235
216,strokeRateSpm,27.598007650679172
216,speedMps,3.6200429528548064
216,distanceM,763.3337250011647
216,activeEnergyKcal,13.207447644598465
216,heartRateBpm,188.2655944867218
217,powerWatts,208.45111082244165
217,strokeRateSpm,27.070547952674666
217,speedMps,3.5972368973408204
217,distanceM,766.9309618985055
217,activeEnergyKcal,13.275165629381767
217,heartRateBpm,188.28716757105778
218,powerWatts,209.83535738166438
218,strokeRateSpm,26.652755619523166
218,speedMps,3.605181975377379
218,distanceM,770.5361438738829
218,activeEnergyKcal,13.342881169136389
218,heartRateBpm,189.55970616181628
219,powerWatts,205.78032793415116
219,strokeRateSpm,28.13399558655793
219,speedMps,3.5818075957742943
219,distanceM,774.1179514696572
219,activeEnergyKcal,13.410594263862329
219,heartRateBpm,190.14820885079837
220,powerWatts,214.52664431612615
220,strokeRateSpm,26.440134835932298
220,speedMps,3.631851209476534
220,distanceM,777.7498026791337
220,activeEnergyKcal,13.478304913559588
220,heartRateBpm,187.49589074768778
221,powerWatts,214.63114204540005
221,strokeRateSpm,27.23542567436381
221,speedMps,3.632440815490026
221,distanceM,781.3822434946237
221,activeEnergyKcal,13.546013118228167
221,heartRateBpm,189.9018918106025
222,powerWatts,210.8588449498591
222,strokeRateSpm,26.85297307288734
222,speedMps,3.611033985568274
222,distanceM,784.993277480192
222,activeEnergyKcal,13.613718877868065
222,heartRateBpm,187.93001483901625
223,powerWatts,216.77718524669686
223,strokeRateSpm,28.312351009650886
223,speedMps,3.6445073107090824
223,distanceM,788.637784790901
223,activeEnergyKcal,13.681422192479282
223,heartRateBpm,186.71807964853244
224,powerWatts,197.6473826957581
224,strokeRateSpm,26.702472535805153
224,speedMps,3.5339846380943865
224,distanceM,792.1717694289954
224,activeEnergyKcal,13.749123062061818
224,heartRateBpm,186.84663381323836
225,powerWatts,216.35523888311047
225,strokeRateSpm,27.44302030133317
225,speedMps,3.6421411554516423
225,distanceM,795.8139105844471
225,activeEnergyKcal,13.816821486615673
225,heartRateBpm,187.56022307975744
226,powerWatts,219.09669656533518
226,strokeRateSpm,27.598133383345502
226,speedMps,3.657459939521566
226,distanceM,799.4713705239686
226,activeEnergyKcal,13.88451746614085
226,heartRateBpm,187.2933157940473
227,powerWatts,214.04994259657303
227,strokeRateSpm,26.95262594749563
227,speedMps,3.629159090595665
227,distanceM,803.1005296145643
227,activeEnergyKcal,13.952211000637345
227,heartRateBpm,186.37994587335
228,powerWatts,208.5129360347928
228,strokeRateSpm,27.778314607955682
228,speedMps,3.597592501028664
228,distanceM,806.6981221155929
228,activeEnergyKcal,14.019902090105159
228,heartRateBpm,186.38985468286518
229,powerWatts,208.4991512185966
229,strokeRateSpm,27.761170093934243
229,speedMps,3.5975132201853004
229,distanceM,810.2956353357782
229,activeEnergyKcal,14.087590734544293
229,heartRateBpm,187.27305446966213
230,powerWatts,215.7571511692539
230,strokeRateSpm,27.43461996902418
230,speedMps,3.6387819729482906
230,distanceM,813.9344173087266
230,activeEnergyKcal,14.155276933954745
230,heartRateBpm,185.34674325652276
231,powerWatts,219.7649480058565
231,strokeRateSpm,26.923292810587924
231,speedMps,3.661174619312604
231,distanceM,817.5955919280392
231,activeEnergyKcal,14.222960688336517
231,heartRateBpm,185.29294591881435
232,powerWatts,213.87696710056474
232,strokeRateSpm,27.627545238803915
232,speedMps,3.6281812428400455
232,distanceM,821.2237731708792
232,activeEnergyKcal,14.290641997689608
232,heartRateBpm,185.89525690859006
233,powerWatts,219.58608314072933
233,strokeRateSpm,26.62317802303324
233,speedMps,3.660181083186403
233,distanceM,824.8839542540657
233,activeEnergyKcal,14.358320862014018
233,heartRateBpm,184.81794911216838
234,powerWatts,212.87817135435836
234,strokeRateSpm,27.831465969299988
234,speedMps,3.622524614273795
234,distanceM,828.5064788683394
234,activeEnergyKcal,14.425997281309748
234,heartRateBpm,183.8583463898098
235,powerWatts,213.8685087151092
235,strokeRateSpm,27.99996067282674
235,speedMps,3.628133413223427
235,distanceM,832.1346122815628
235,activeEnergyKcal,14.493671255576796
235,heartRateBpm,184.5459001385558
236,powerWatts,201.63141590559928
236,strokeRateSpm,27.94351059283912
236,speedMps,3.5575720252033007
236,distanceM,835.6921843067661
236,activeEnergyKcal,14.561342784815164
236,heartRateBpm,183.06498413149293
237,powerWatts,213.77781939615875
237,strokeRateSpm,27.008821268764205
237,speedMps,3.6276205132345223
237,distanceM,839.3198048200006
237,activeEnergyKcal,14.629011869024852
237,heartRateBpm,182.9292843410857
238,powerWatts,213.23420481795398
238,strokeRateSpm,26.87641973474097
238,speedMps,3.62454301698293
238,distanceM,842.9443478369835
238,activeEnergyKcal,14.69667850820586
238,heartRateBpm,182.17911128499506
239,powerWatts,211.12281121868025
239,strokeRateSpm,25.88800380402145
239,speedMps,3.612540196496002
239,distanceM,846.5568880334795
239,activeEnergyKcal,14.764342702358187
239,heartRateBpm,182.49995081554744
240,powerWatts,209.0408887186217
240,strokeRateSpm,26.733254336050553
240,speedMps,3.6006262981175414
240,distanceM,850.157514331597
240,activeEnergyKcal,14.832004451481833
240,heartRateBpm,182.0104405887036
241,powerWatts,201.48465707117128
241,strokeRateSpm,27.68793083149513
241,speedMps,3.5567086811565507
241,distanceM,853.7142230127536
241,activeEnergyKcal,14.899663755576798
241,heartRateBpm,181.8813748465793
242,powerWatts,216.52431534665186
242,strokeRateSpm,26.863067851768108
242,speedMps,3.6430896572581597
242,distanceM,857.3573126700118
242,activeEnergyKcal,14.967320614643082
242,heartRateBpm,181.512532410169
243,powerWatts,214.88074997825692
243,strokeRateSpm,27.187616383552665
243,speedMps,3.633848400585217
243,distanceM,860.991161070597
243,activeEnergyKcal,15.034975028680686
243,heartRateBpm,182.02888041064892
244,powerWatts,221.57463695297324
244,strokeRateSpm,27.55607955958292
244,speedMps,3.671196665698088
244,distanceM,864.662357736295
244,activeEnergyKcal,15.102626997689608
244,heartRateBpm,183.2080399788891
245,powerWatts,225.885109821547
245,strokeRateSpm,27.224337305869128
245,speedMps,3.6948502036079844
245,distanceM,868.357207939903
245,activeEnergyKcal,15.17027652166985
245,heartRateBpm,183.4291954122624
246,powerWatts,214.24781548621536
246,strokeRateSpm,27.445753347125105
246,speedMps,3.6302770400191484
246,distanceM,871.9874849799221
246,activeEnergyKcal,15.23792360062141
246,heartRateBpm,184.02517987325726
247,powerWatts,208.92383965076237
247,strokeRateSpm,27.177451175168382
247,speedMps,3.5999541351413082
247,distanceM,875.5874391150634
247,activeEnergyKcal,15.30556823454429
247,heartRateBpm,184.79302308456215
248,powerWatts,209.36025093585135
248,strokeRateSpm,26.70900106677637
248,speedMps,3.602458984078216
248,distanceM,879.1898980991416
248,activeEnergyKcal,15.373210423438492
248,heartRateBpm,185.5563229369245
249,powerWatts,214.6220667903438
249,strokeRateSpm,26.727034503128568
249,speedMps,3.6323896179002153
249,distanceM,882.8222877170418
249,activeEnergyKcal,15.440850167304012
249,heartRateBpm,184.44118948962583
250,powerWatts,208.9469880849948
250,strokeRateSpm,27.04027623866542
250,speedMps,3.6000870866578873
250,distanceM,886.4223748036998
250,activeEnergyKcal,15.508487466140851
250,heartRateBpm,184.65862036734083
251,powerWatts,222.79815478296513
251,strokeRateSpm,27.340276894885598
251,speedMps,3.6779416195536014
251,distanceM,890.1003164232534
251,activeEnergyKcal,15.57612231994901
251,heartRateBpm,185.51294815199336
252,powerWatts,207.5674031955412
252,strokeRateSpm,27.106778367560075
252,speedMps,3.5921463215905103
252,distanceM,893.6924627448439
252,activeEnergyKcal,15.643754728728487
252,heartRateBpm,183.32826042870764
253,powerWatts,222.33985675079077
253,strokeRateSpm,26.210444795463992
253,speedMps,3.675418034185842
253,distanceM,897.3678807790297
253,activeEnergyKcal,15.711384692479283
253,heartRateBpm,182.53662543172493
254,powerWatts,202.24836901778346
254,strokeRateSpm,26.495122925614712
254,speedMps,3.561196824625757
254,distanceM,900.9290776036555
254,activeEnergyKcal,15.7790122112014
254,heartRateBpm,185.03282019437285
255,powerWatts,208.3756879853066
255,strokeRateSpm,27.14399128912699
255,speedMps,3.596802988176435
255,distanceM,904.525880591832
255,activeEnergyKcal,15.846637284894834
255,heartRateBpm,186.6232267087871
256,powerWatts,211.59798427555
256,strokeRateSpm,28.115060982336153
256,speedMps,3.615248407784976
256,distanceM,908.141128999617
256,activeEnergyKcal,15.914259913559588
256,heartRateBpm,184.86796297668317
257,powerWatts,211.91518474828933
257,strokeRateSpm,26.701283497169694
257,speedMps,3.617054010928164
257,distanceM,911.7581830105452
257,activeEnergyKcal,15.981880097195662
257,heartRateBpm,184.3334355500486
258,powerWatts,215.7404335020774
258,strokeRateSpm,27.249671295707742
258,speedMps,3.6386879883969074
258,distanceM,915.3968709989421
258,activeEnergyKcal,16.049497835803056
258,heartRateBpm,185.97457206184734
259,powerWatts,214.95844972032032
259,strokeRateSpm,26.868321443200283
259,speedMps,3.634286341254337
259,distanceM,919.0311573401964
259,activeEnergyKcal,16.117113129381767
259,heartRateBpm,187.80013745812747
260,powerWatts,206.7745395119816
260,strokeRateSpm,27.736675668221995
260,speedMps,3.587566738615569
260,distanceM,922.618724078812
260,activeEnergyKcal,16.184725977931798
260,heartRateBpm,189.00791073637143
261,powerWatts,210.43819173997295
261,strokeRateSpm,27.34511670943377
261,speedMps,3.6086311075286903
261,distanceM,926.2273551863407
261,activeEnergyKcal,16.252336381453148
261,heartRateBpm,189.37243041924134
262,powerWatts,206.56758806711707
262,strokeRateSpm,27.441351362826175
262,speedMps,3.586369460402223
262,distanceM,929.8137246467429
262,activeEnergyKcal,16.319944339945817
262,heartRateBpm,191.95198405006093
263,powerWatts,213.77321959982353
263,strokeRateSpm,26.545311041401995
263,speedMps,3.6275944948894496
263,distanceM,933.4413191416323
263,activeEnergyKcal,16.387549853409805
263,heartRateBpm,191.26363715964322
264,powerWatts,217.53602508265686
264,strokeRateSpm,26.656315408323156
264,speedMps,3.648754954126368
264,distanceM,937.0900740957587
264,activeEnergyKcal,16.455152921845116
264,heartRateBpm,192.01275448701537
265,powerWatts,222.14717236017412
265,strokeRateSpm,27.32221515527975
265,speedMps,3.6743559958388277
265,distanceM,940.7644300915975
265,activeEnergyKcal,16.522753545251746
265,heartRateBpm,190.53174956618028
266,powerWatts,201.48242999164793
266,strokeRateSpm,27.43346532481579
266,speedMps,3.556695576598327
266,distanceM,944.3211256681959
266,activeEnergyKcal,16.590351723629695
266,heartRateBpm,190.16093664774462
267,powerWatts,201.38769342171756
267,strokeRateSpm,27.265691247087343
267,speedMps,3.556138039209207
267,distanceM,947.8772637074052
267,activeEnergyKcal,16.657947456978963
267,heartRateBpm,190.33897304724547
268,powerWatts,200.7285896098994
268,strokeRateSpm,28.17880272276224
268,speedMps,3.552254276892438
268,distanceM,951.4295179842976
268,activeEnergyKcal,16.72554074529955
268,heartRateBpm,190.2204798390929
269,powerWatts,205.54670731996703
269,strokeRateSpm,26.47623148168733
269,speedMps,3.58045161751136
269,distanceM,955.009969601809
269,activeEnergyKcal,16.793131588591457
269,heartRateBpm,191.0141832057393
270,powerWatts,213.44140901175697
270,strokeRateSpm,27.314779207994658
270,speedMps,3.6257166519926445
270,distanceM,958.6356862538016
270,activeEnergyKcal,16.860719986854683
270,heartRateBpm,191.23231107982494
271,powerWatts,210.07232280632022
271,strokeRateSpm,27.938385257397865
271,speedMps,3.6065385660936196
271,distanceM,962.2422248198952
271,activeEnergyKcal,16.928305940089228
271,heartRateBpm,190.43608040686914
272,powerWatts,215.75096390656816
272,strokeRateSpm,28.509666646289453
272,speedMps,3.638747189527802
272,distanceM,965.880972009423
272,activeEnergyKcal,16.99588944829509
272,heartRateBpm,190.10683150371355
273,powerWatts,208.8983444859042
273,strokeRateSpm,27.371344966089303
273,speedMps,3.599807693966135
273,distanceM,969.4807797033891
273,activeEnergyKcal,17.063470511472275
273,heartRateBpm,191.6908137502019
274,powerWatts,207.15631388039395
274,strokeRateSpm,26.0866369175029
274,speedMps,3.5897733270982073
274,distanceM,973.0705530304873
274,activeEnergyKcal,17.131049129620777
274,heartRateBpm,188.30674914907945
275,powerWatts,207.197618182749
275,strokeRateSpm,27.727979840972086
275,speedMps,3.5900118961069936
275,distanceM,976.6605649265942
275,activeEnergyKcal,17.1986253027406
275,heartRateBpm,188.12157064967207
276,powerWatts,215.2125951285032
276,strokeRateSpm,27.141443416501616
276,speedMps,3.635718049599668
276,distanceM,980.2962829761939
276,activeEnergyKcal,17.26619903083174
276,heartRateBpm,188.87670589920452
277,powerWatts,217.72578807756767
277,strokeRateSpm,27.025897897742727
277,speedMps,3.649815617422458
277,distanceM,983.9460985936163
277,activeEnergyKcal,17.3337703138942
277,heartRateBpm,188.99086344374618
278,powerWatts,213.86509088964922
278,strokeRateSpm,26.921301995383228
278,speedMps,3.628114086094368
278,distanceM,987.5742126797106
278,activeEnergyKcal,17.401339151927978
278,heartRateBpm,188.0700246287396
279,powerWatts,213.910119840752
279,strokeRateSpm,27.494996160767663
279,speedMps,3.628368699421963
279,distanceM,991.2025813791325
279,activeEnergyKcal,17.468905544933076
279,heartRateBpm,186.85084909431694
280,powerWatts,220.92195255913106
280,strokeRateSpm,28.04628373226312
280,speedMps,3.667588416735019
280,distanceM,994.8701697958676
280,activeEnergyKcal,17.536469492909493
280,heartRateBpm,187.01317427061292
281,powerWatts,216.73778822632022
281,strokeRateSpm,26.93284435323798
281,speedMps,3.6442865134455626
281,distanceM,998.5144563093131
281,activeEnergyKcal,17.60403099585723
281,heartRateBpm,185.44631932816898
282,powerWatts,215.68169251244834
282,strokeRateSpm,26.871750799805724
282,speedMps,3.6383577156834748
282,distanceM,1002.1528140249966
282,activeEnergyKcal,17.671590053776285
282,heartRateBpm,184.69719946544268
283,powerWatts,209.39550822579108
283,strokeRateSpm,27.86045188912403
283,speedMps,3.6026611966299145
283,distanceM,1005.7554752216265
283,activeEnergyKcal,17.73914666666666
283,heartRateBpm,183.50914726115104
284,powerWatts,213.6541887543762
284,strokeRateSpm,27.164498416497604
284,speedMps,3.6269210775053056
284,distanceM,1009.3823962991319
284,activeEnergyKcal,17.806700834528353
284,heartRateBpm,182.8576332966471
285,powerWatts,215.5040728464939
285,strokeRateSpm,27.49446512223241
285,speedMps,3.637358679626387
285,distanceM,1013.0197549787582
285,activeEnergyKcal,17.874252557361366
285,heartRateBpm,181.82044700595148
286,powerWatts,200.95917090215517
286,strokeRateSpm,27.005192975603215
286,speedMps,3.553613940290363
286,distanceM,1016.5733689190486
286,activeEnergyKcal,17.941801835165702
286,heartRateBpm,182.44373663833332
287,powerWatts,220.85030840486382
287,strokeRateSpm,27.262074183158983
287,speedMps,3.6671919121828394
287,distanceM,1020.2405608312314
287,activeEnergyKcal,18.009348667941357
287,heartRateBpm,181.96167079974586
288,powerWatts,202.5630623029052
288,strokeRateSpm,28.12851178167748
288,speedMps,3.5630429111691293
288,distanceM,1023.8036037424005
288,activeEnergyKcal,18.07689305568833
288,heartRateBpm,183.91159610388692
289,powerWatts,222.9910132644426
289,strokeRateSpm,27.800566444764275
289,speedMps,3.6790025464524967
289,distanceM,1027.482606288853
289,activeEnergyKcal,18.144434998406624
289,heartRateBpm,184.76635964568567
290,powerWatts,216.5811773663079
290,strokeRateSpm,28.50848300504883
290,speedMps,3.6434085364631894
290,distanceM,1031.1260148253161
290,activeEnergyKcal,18.211974496096236
290,heartRateBpm,185.694196949826
291,powerWatts,217.96544246400137
291,strokeRateSpm,27.24497084974255
291,speedMps,3.651154263916035
291,distanceM,1034.777169089232
291,activeEnergyKcal,18.279511548757167
291,heartRateBpm,184.5315461325503
292,powerWatts,211.9554054510226
292,strokeRateSpm,26.423264190806414
292,speedMps,3.6172828308550393
292,distanceM,1038.394451920087
292,activeEnergyKcal,18.347046156389418
292,heartRateBpm,181.54148461923498
293,powerWatts,202.07362277363413
293,strokeRateSpm,28.55242631585801
293,speedMps,3.5601708829635452
293,distanceM,1041.9546228030506
293,activeEnergyKcal,18.414578318992987
293,heartRateBpm,182.05022481708417
294,powerWatts,216.56205761287643
294,strokeRateSpm,27.499502125106325
294,speedMps,3.643301320124102
294,distanceM,1045.5979241231746
294,activeEnergyKcal,18.482108036567876
294,heartRateBpm,180.84874951254693
295,powerWatts,203.49659430388726
295,strokeRateSpm,26.41021258438959
295,speedMps,3.568508069941756
295,distanceM,1049.1664321931164
295,activeEnergyKcal,18.549635309114084
295,heartRateBpm,180.26335415362306
296,powerWatts,216.3753677517572
296,strokeRateSpm,27.803957889600554
296,speedMps,3.642254102269793
296,distanceM,1052.8086862953862
296,activeEnergyKcal,18.61716013663161
296,heartRateBpm,179.49713556267344
297,powerWatts,208.04801446131853
297,strokeRateSpm,27.383902987227664
297,speedMps,3.5949166589891175
297,distanceM,1056.4036029543754
297,activeEnergyKcal,18.684682519120457
297,heartRateBpm,179.62055231246083
298,powerWatts,208.62268979803073
298,strokeRateSpm,26.72317621247537
298,speedMps,3.5982236050505545
298,distanceM,1060.001826559426
298,activeEnergyKcal,18.752202456580623
298,heartRateBpm,179.99940623098104
299,powerWatts,212.37852009222252
299,strokeRateSpm,27.469755427220075
299,speedMps,3.6196882236591916
299,distanceM,1063.6215147830853
299,activeEnergyKcal,18.819719949012107
299,heartRateBpm,179.9950941092129
300,powerWatts,220.0509884478566
300,strokeRateSpm,28.00114985970613
300,speedMps,3.6627623611078817
300,distanceM,1067.2842771441933
300,activeEnergyKcal,18.88723499641491
300,heartRateBpm,178.7025837894952
301,powerWatts,190.88132573007994
301,strokeRateSpm,27.061787922461672
301,speedMps,3.493189255480879
301,distanceM,1070.7774663996743
301,activeEnergyKcal,18.95214651330465
301,heartRateBpm,178.82500239930377
302,powerWatts,197.54277725049573
302,strokeRateSpm,26.503146783053467
302,speedMps,3.533361070898145
302,distanceM,1074.3108274705723
302,activeEnergyKcal,19.017056359278733
302,heartRateBpm,178.59769102971453
303,powerWatts,202.08668334010062
303,strokeRateSpm,26.072197405213174
303,speedMps,3.5602475824787776
303,distanceM,1077.871075053051
303,activeEnergyKcal,19.081964534337157
303,heartRateBpm,178.85741784316272
304,powerWatts,201.45804595802983
304,strokeRateSpm,26.282324851677245
304,speedMps,3.5565520900035095
304,distanceM,1081.4276271430547
304,activeEnergyKcal,19.146871038479922
304,heartRateBpm,179.719959236526
305,powerWatts,213.22422779866326
305,strokeRateSpm,27.401995032587454
305,speedMps,3.6244864864970525
305,distanceM,1085.0521136295517
305,activeEnergyKcal,19.21177587170703
305,heartRateBpm,179.86536825798325
306,powerWatts,200.6830864848606
306,strokeRateSpm,27.32250816414329
306,speedMps,3.5519858366628894
306,distanceM,1088.6040994662146
306,activeEnergyKcal,19.276679034018482
306,heartRateBpm,178.98695128367206
307,powerWatts,205.805006407938
307,strokeRateSpm,27.077243579192707
307,speedMps,3.5819507743641594
307,distanceM,1092.1860502405789
307,activeEnergyKcal,19.341580525414276
307,heartRateBpm,178.61399246139885
308,powerWatts,210.35242027720184
308,strokeRateSpm,25.864060794816268
308,speedMps,3.6081407661965743
308,distanceM,1095.7941910067755
308,activeEnergyKcal,19.406480345894412
308,heartRateBpm,179.0449123954363
309,powerWatts,199.63669490177176
309,strokeRateSpm,26.21880271240338
309,speedMps,3.545801547370434
309,distanceM,1099.339992554146
309,activeEnergyKcal,19.47137849545889
309,heartRateBpm,178.41229814242814
310,powerWatts,202.8332630507053
310,strokeRateSpm,26.687112183727944
310,speedMps,3.564626465935019
310,distanceM,1102.9046190200809
310,activeEnergyKcal,19.53627497410771
310,heartRateBpm,179.50675117647205
311,powerWatts,209.46595209547752
311,strokeRateSpm,26.603102283780597
311,speedMps,3.603065148214524
311,distanceM,1106.5076841682953
311,activeEnergyKcal,19.601169781840873
311,heartRateBpm,180.23186131912513
312,powerWatts,209.31025284963079
312,strokeRateSpm,25.479814327387547
312,speedMps,3.6021721891174616
312,distanceM,1110.1098563574128
312,activeEnergyKcal,19.66606291865838
312,heartRateBpm,178.33626794380007
313,powerWatts,201.99506212843616
313,strokeRateSpm,28.01740498479231
313,speedMps,3.5597094577814206
313,distanceM,1113.6695658151941
313,activeEnergyKcal,19.730954384560228
313,heartRateBpm,179.0264237707047
314,powerWatts,201.95292961029608
314,strokeRateSpm,26.574219779381902
314,speedMps,3.5594619435590364
314,distanceM,1117.229027758753
314,activeEnergyKcal,19.795844179546418
314,heartRateBpm,180.09842802849764
315,powerWatts,202.65298593386495
315,strokeRateSpm,26.66196998212707
315,speedMps,3.5635700792717464
315,distanceM,1120.792597838025
315,activeEnergyKcal,19.860732303616953
315,heartRateBpm,180.713893710056
316,powerWatts,217.48106272066687
316,strokeRateSpm,27.282495871471824
316,speedMps,3.648447631722123
316,distanceM,1124.441045469747
316,activeEnergyKcal,19.92561875677183
316,heartRateBpm,180.2656755931475
317,powerWatts,204.03406499707899
317,strokeRateSpm,26.473269873949025
317,speedMps,3.5716469962066433
317,distanceM,1128.0126924659537
317,activeEnergyKcal,19.990503539011048
317,heartRateBpm,177.9128005971459
318,powerWatts,206.07652332997014
318,strokeRateSpm,26.638684470200786
318,speedMps,3.5835252952861265
318,distanceM,1131.5962177612398
318,activeEnergyKcal,20.055386650334608
318,heartRateBpm,178.6113349874039
319,powerWatts,208.92829367199982
319,strokeRateSpm,26.955160518246757
319,speedMps,3.599979717283675
319,distanceM,1135.1961974785236
319,activeEnergyKcal,20.12026809074251
319,heartRateBpm,177.77466819762506
320,powerWatts,198.6549921705756
320,strokeRateSpm,26.963406620304795
320,speedMps,3.5399798981077897
320,distanceM,1138.7361773766313
320,activeEnergyKcal,20.185147860234757
320,heartRateBpm,178.71377747442497
321,powerWatts,203.26445579621037
321,strokeRateSpm,27.655350630009345
321,speedMps,3.567150629808867
321,distanceM,1142.30332800644
321,activeEnergyKcal,20.250025958811346
321,heartRateBpm,179.96826266192878
322,powerWatts,218.51616175100338
322,strokeRateSpm,26.53189811480927
322,speedMps,3.654226723379354
322,distanceM,1145.9575547298195
322,activeEnergyKcal,20.314902386472276
322,heartRateBpm,179.29498020596517
323,powerWatts,197.70810186910407
323,strokeRateSpm,25.608660786135303
323,speedMps,3.5343464923773737
323,distanceM,1149.491901222197
323,activeEnergyKcal,20.37977714321755
323,heartRateBpm,177.8523517223187
324,powerWatts,208.306788744864
324,strokeRateSpm,26.780938967490215
324,speedMps,3.5964065178799034
324,distanceM,1153.0883077400767
324,activeEnergyKcal,20.444650229047163
324,heartRateBpm,179.51654450859183
325,powerWatts,213.78420783463966
325,strokeRateSpm,27.255678276177928
325,speedMps,3.6276566482581054
325,distanceM,1156.715964388335
325,activeEnergyKcal,20.509521643961122
325,heartRateBpm,177.86424494765123
326,powerWatts,196.27204928996264
326,strokeRateSpm,27.048594186294018
326,speedMps,3.5257684492508043
326,distanceM,1160.2417328375857
326,activeEnergyKcal,20.574391387959423
326,heartRateBpm,175.68847261801122
327,powerWatts,208.38254484606395
327,strokeRateSpm,26.599588620835153
327,speedMps,3.5968424401665486
327,distanceM,1163.8385752777522
327,activeEnergyKcal,20.639259461042066
327,heartRateBpm,176.6543322016688
328,powerWatts,209.92883634720533
328,strokeRateSpm,27.08796819855241
328,speedMps,3.6057172500388734
328,distanceM,1167.444292527791
328,activeEnergyKcal,20.70412586320905
328,heartRateBpm,175.97545765251746
329,powerWatts,210.519876863946
329,strokeRateSpm,26.781041528174917
329,speedMps,3.609097964083273
329,distanceM,1171.0533904918743
329,activeEnergyKcal,20.768990594460377
329,heartRateBpm,175.0265472978813
330,powerWatts,197.1487551023786
330,strokeRateSpm,27.039946432654265
330,speedMps,3.5310102734052795
330,distanceM,1174.5844007652795
330,activeEnergyKcal,20.833853654796048
330,heartRateBpm,176.25255616649102
331,powerWatts,203.49961287667765
331,strokeRateSpm,27.15183171602253
331,speedMps,3.5685257143780813
331,distanceM,1178.1529264796575
331,activeEnergyKcal,20.89871504421606
331,heartRateBpm,176.56494780923003
332,powerWatts,202.0756982175718
332,strokeRateSpm,27.075030154970715
332,speedMps,3.560183071441649
332,distanceM,1181.713109551099
332,activeEnergyKcal,20.963574762720416
332,heartRateBpm,177.22517526716058
333,powerWatts,201.636731726349
333,strokeRateSpm,26.259915556320504
333,speedMps,3.5576032889309195
333,distanceM,1185.27071284003
333,activeEnergyKcal,21.028432810309113
333,heartRateBpm,175.59295578706906
334,powerWatts,209.98123145092885
334,strokeRateSpm,26.732664261816204
334,speedMps,3.6060172028187685
334,distanceM,1188.8767300428487
334,activeEnergyKcal,21.093289186982155
334,heartRateBpm,174.47085553625874
335,powerWatts,202.58415547914387
335,strokeRateSpm,27.009892375080923
335,speedMps,3.563166581764468
335,distanceM,1192.4398966246133
335,activeEnergyKcal,21.158143892739538
335,heartRateBpm,174.07427260533098
336,powerWatts,216.55434029520407
336,strokeRateSpm,26.34185144701407
336,speedMps,3.6432580425405114
336,distanceM,1196.0831546671538
336,activeEnergyKcal,21.222996927581264
336,heartRateBpm,172.2751811114099
337,powerWatts,200.99539568032753
337,strokeRateSpm,26.013456139716748
337,speedMps,3.553827451559063
337,distanceM,1199.636982118713
337,activeEnergyKcal,21.28784829150733
337,heartRateBpm,174.42870210742805
338,powerWatts,207.62985848356098
338,strokeRateSpm,26.617306641653524
338,speedMps,3.5925065676790924
338,distanceM,1203.229488686392
338,activeEnergyKcal,21.35269798451774
338,heartRateBpm,173.9440119813845
339,powerWatts,202.05169002263497
339,strokeRateSpm,26.025447826413235
339,speedMps,3.5600420731999893
339,distanceM,1206.789530759592
339,activeEnergyKcal,21.417546006612493
339,heartRateBpm,174.6948125078403
340,powerWatts,201.25727974698745
340,strokeRateSpm,26.743337398738113
340,speedMps,3.5553702511910967
340,distanceM,1210.3449010107831
340,activeEnergyKcal,21.48239235779159
340,heartRateBpm,176.69115630593413
341,powerWatts,201.3065416059173
341,strokeRateSpm,25.833630608676867
341,speedMps,3.55566031085979
341,distanceM,1213.900561321643
341,activeEnergyKcal,21.547237038055027
341,heartRateBpm,176.1192792903392
342,powerWatts,201.84634644759302
342,strokeRateSpm,26.06629584839145
342,speedMps,3.5588356499760385
342,distanceM,1217.459396971619
342,activeEnergyKcal,21.612080047402806
342,heartRateBpm,176.7146139019617
343,powerWatts,208.8707027604812
343,strokeRateSpm,26.651369083560517
343,speedMps,3.599648909741371
343,distanceM,1221.0590458813604
343,activeEnergyKcal,21.676921385834927
343,heartRateBpm,176.45810314223942
344,powerWatts,201.4551889062505
344,strokeRateSpm,26.62257654079066
344,speedMps,3.556535277071129
344,distanceM,1224.6155811584315
344,activeEnergyKcal,21.741761053351393
344,heartRateBpm,177.93652885645312
345,powerWatts,206.7765276838452
345,strokeRateSpm,27.218755626426745
345,speedMps,3.5875782369306006
345,distanceM,1228.203159395362
345,activeEnergyKcal,21.8065990499522
345,heartRateBpm,178.95693848305297
346,powerWatts,211.27018605827928
346,strokeRateSpm,26.136016388409047
346,speedMps,3.6133805820776557
346,distanceM,1231.8165399774398
346,activeEnergyKcal,21.87143537563735
346,heartRateBpm,179.06648313532494
347,powerWatts,207.2370121993289
347,strokeRateSpm,26.4874830428389
347,speedMps,3.590239401981829
347,distanceM,1235.4067793794216
347,activeEnergyKcal,21.936270030406842
347,heartRateBpm,181.95608987578018
348,powerWatts,200.13856029290696
348,strokeRateSpm,26.555551921544154
348,speedMps,3.5487703168643736
348,distanceM,1238.955549696286
348,activeEnergyKcal,22.001103014260675
348,heartRateBpm,181.28520203779786
349,powerWatts,204.09333151815173
349,strokeRateSpm,26.695880444463903
349,speedMps,3.57199278584973
349,distanceM,1242.5275424821357
349,activeEnergyKcal,22.065934327198853
349,heartRateBpm,182.12676226374234
350,powerWatts,201.41520144366004
350,strokeRateSpm,27.28655152120615
350,speedMps,3.5562999456096778
350,distanceM,1246.0838424277454
350,activeEnergyKcal,22.130763969221373
350,heartRateBpm,183.2437815660142
351,powerWatts,198.09334536979975
351,strokeRateSpm,26.550602390228114
351,speedMps,3.5366406162036244
351,distanceM,1249.620483043949
351,activeEnergyKcal,22.195591940328235
351,heartRateBpm,181.6658565757216
352,powerWatts,207.87353812798878
352,strokeRateSpm,26.264832066501356
352,speedMps,3.5939114370310166
352,distanceM,1253.21439448098
352,activeEnergyKcal,22.26041824051944
352,heartRateBpm,182.2773336842438
353,powerWatts,205.55869558359655
353,strokeRateSpm,26.999738743214554
353,speedMps,3.5805212246645706
353,distanceM,1256.7949157056446
353,activeEnergyKcal,22.325242869794987
353,heartRateBpm,182.880211894517
354,powerWatts,200.9860929185418
354,strokeRateSpm,27.093974934956652
354,speedMps,3.5537726229062954
354,distanceM,1260.348688328551
354,activeEnergyKcal,22.390065828154878
354,heartRateBpm,181.9046262695484
355,powerWatts,203.8881096648354
355,strokeRateSpm,24.806395823479193
355,speedMps,3.570795136367694
355,distanceM,1263.9194834649186
355,activeEnergyKcal,22.45488711559911
355,heartRateBpm,179.94460982046763
356,powerWatts,205.69134164814713
356,strokeRateSpm,26.0738222325466
356,speedMps,3.581291223594329
356,distanceM,1267.5007746885128
356,activeEnergyKcal,22.519706732127684
356,heartRateBpm,179.9570030633115
357,powerWatts,207.5095187775681
357,strokeRateSpm,26.964649624491685
357,speedMps,3.591812376042639
357,distanceM,1271.0925870645553
357,activeEnergyKcal,22.5845246777406
357,heartRateBpm,180.09894648322532
358,powerWatts,207.32469671403757
358,strokeRateSpm,26.860846982075852
358,speedMps,3.5907456886516704
358,distanceM,1274.683332753207
358,activeEnergyKcal,22.64934095243786
358,heartRateBpm,180.8153857804732
359,powerWatts,211.16298702902202
359,strokeRateSpm,26.792476765876152
359,speedMps,3.6127693325197416
359,distanceM,1278.2961020857267
359,activeEnergyKcal,22.714155556219463
359,heartRateBpm,180.78106150865253
360,powerWatts,198.05701178842682
360,strokeRateSpm,26.526445908509313
360,speedMps,3.5364243769411976
360,distanceM,1281.8325264626678
360,activeEnergyKcal,22.778968489085408
360,heartRateBpm,181.16888610521485
361,powerWatts,205.77826389969496
361,strokeRateSpm,25.83640646315391
361,speedMps,3.5817956202223624
361,distanceM,1285.4143220828903
361,activeEnergyKcal,22.843286618835315
361,heartRateBpm,181.91487320263877
362,powerWatts,197.3090482083181
362,strokeRateSpm,26.584005514122723
362,speedMps,3.531966984624038
362,distanceM,1288.9462890675143
362,activeEnergyKcal,22.907110098378414
362,heartRateBpm,182.244204798222
363,powerWatts,200.99700811489822
363,strokeRateSpm,26.12901485656544
363,speedMps,3.553836954760033
363,distanceM,1292.5001260222743
363,activeEnergyKcal,22.97043907666939
363,heartRateBpm,182.3246578356185
364,powerWatts,212.3791893553651
364,strokeRateSpm,25.61442289009436
364,speedMps,3.619692025866324
364,distanceM,1296.1198180481406
364,activeEnergyKcal,23.033273698708374
364,heartRateBpm,183.9586766921714
365,powerWatts,203.64457834156596
365,strokeRateSpm,25.87833980676987
365,speedMps,3.5693728743838253
365,distanceM,1299.6891909225244
365,activeEnergyKcal,23.09561410554095
365,heartRateBpm,183.8794356596207
366,powerWatts,202.42937300696502
366,strokeRateSpm,26.5627659032528
366,speedMps,3.562258882853283
366,distanceM,1303.2514498053777
366,activeEnergyKcal,23.15746043425815
366,heartRateBpm,183.10746065147472
367,powerWatts,203.4073426405735
367,strokeRateSpm,27.015169182517788
367,speedMps,3.567986289128952
367,distanceM,1306.8194360945065
367,activeEnergyKcal,23.21881281799647
367,heartRateBpm,182.32733752476966
368,powerWatts,210.33781405996612
368,strokeRateSpm,25.811296590649448
368,speedMps,3.6080572515759988
368,distanceM,1310.4274933460824
368,activeEnergyKcal,23.27967138593783
368,heartRateBpm,179.9133311521662
369,powerWatts,190.8218382291443
369,strokeRateSpm,25.979351413894992
369,speedMps,3.4928263376856172
369,distanceM,1313.920319683768
369,activeEnergyKcal,23.34003626330963
369,heartRateBpm,183.32529817137652
370,powerWatts,196.25005230141545
370,strokeRateSpm,25.67484092309005
370,speedMps,3.5256367287027075
370,distanceM,1317.4459564124707
370,activeEnergyKcal,23.399907571384706
370,heartRateBpm,183.3315029854972
371,powerWatts,186.6905465399035
371,strokeRateSpm,26.070760190515518
371,speedMps,3.467435653747755
371,distanceM,1320.9133920662184
371,activeEnergyKcal,23.459285427481344
371,heartRateBpm,181.99526964322135
372,powerWatts,189.98328054550646
372,strokeRateSpm,25.65460833111163
372,speedMps,3.4877024705685784
372,distanceM,1324.401094536787
372,activeEnergyKcal,23.518169944963287
372,heartRateBpm,183.1219141073824
373,powerWatts,180.49284872092133
373,strokeRateSpm,24.97573644648933
373,speedMps,3.4286327403125685
373,distanceM,1327.8297272770997
373,activeEnergyKcal,23.576561233239723
373,heartRateBpm,185.08783077013618
374,powerWatts,183.58823343176894
374,strokeRateSpm,25.900986320658728
374,speedMps,3.4481216741644145
374,distanceM,1331.277848951264
374,activeEnergyKcal,23.634459381399378
374,heartRateBpm,184.37398490126643
375,powerWatts,184.4126245137927
375,strokeRateSpm,25.732877237112913
375,speedMps,3.4532751571326497
375,distanceM,1334.7311241083967
375,activeEnergyKcal,23.691864440192298
375,heartRateBpm,184.04972426164673
376,powerWatts,183.53286438417175
376,strokeRateSpm,25.342476529107714
376,speedMps,3.4477749954292785
376,distanceM,1338.1788991038259
376,activeEnergyKcal,23.748776458391255
376,heartRateBpm,183.4037432899109
377,powerWatts,179.22081608219938
377,strokeRateSpm,25.52787639606551
377,speedMps,3.420559255851951
377,distanceM,1341.5994583596778
377,activeEnergyKcal,23.80519548279175
377,heartRateBpm,182.79958238752
378,powerWatts,183.05433400066738
378,strokeRateSpm,24.42215997889579
378,speedMps,3.4447758938965656
378,distanceM,1345.0442342535744
378,activeEnergyKcal,23.861121558212
378,heartRateBpm,182.0214892023447
379,powerWatts,175.6873260941362
379,strokeRateSpm,25.74807959606922
379,speedMps,3.3979301406882576
379,distanceM,1348.4421643942626
379,activeEnergyKcal,23.916554727492958
379,heartRateBpm,179.0166208176674
380,powerWatts,183.54286272310858
380,strokeRateSpm,24.83375418599847
380,speedMps,3.447837602558049
380,distanceM,1351.8900019968207
380,activeEnergyKcal,23.971495031498296
380,heartRateBpm,178.78665829206463
381,powerWatts,189.88014571175074
381,strokeRateSpm,24.642535461185073
381,speedMps,3.4870712418222274
381,distanceM,1355.3770732386429
381,activeEnergyKcal,24.02594250911441
381,heartRateBpm,177.8412125634791
382,powerWatts,172.65278726867427
382,strokeRateSpm,24.992530045868993
382,speedMps,3.3782529609212215
382,distanceM,1358.755326199564
382,activeEnergyKcal,24.079897197250432
382,heartRateBpm,178.04539430774068
383,powerWatts,174.72971028295575
383,strokeRateSpm,24.55156622711884
383,speedMps,3.391745210370638
383,distanceM,1362.1470714099346
383,activeEnergyKcal,24.13335913083821
383,heartRateBpm,175.49721026906386
384,powerWatts,181.34170157956277
384,strokeRateSpm,24.39642960310127
384,speedMps,3.4339992577663976
384,distanceM,1365.581070667701
384,activeEnergyKcal,24.18632834283231
384,heartRateBpm,175.75876636235412
385,powerWatts,169.69279813710077
385,strokeRateSpm,24.729347256168207
385,speedMps,3.3588357871127563
385,distanceM,1368.9399064548138
385,activeEnergyKcal,24.238804864210046
385,heartRateBpm,175.22430125155574
386,powerWatts,175.3181489104291
386,strokeRateSpm,24.662240770412488
386,speedMps,3.3955484132597102
386,distanceM,1372.3354548680736
386,activeEnergyKcal,24.29078872397144
386,heartRateBpm,174.37323943392178
387,powerWatts,177.707920905742
387,strokeRateSpm,23.42068318947392
387,speedMps,3.4109071446480277
387,distanceM,1375.7463620127216
387,activeEnergyKcal,24.34227994913924
387,heartRateBpm,171.9769880414694
388,powerWatts,179.80264235862387
388,strokeRateSpm,22.709681649147285
388,speedMps,3.424256782976397
388,distanceM,1379.1706187956981
388,activeEnergyKcal,24.39327856475893
388,heartRateBpm,170.8408488798832
389,powerWatts,173.5722385909684
389,strokeRateSpm,24.483396683739986
389,speedMps,3.3842392366296683
389,distanceM,1382.5548580323277
389,activeEnergyKcal,24.44378459389871
389,heartRateBpm,169.6780060511017
390,powerWatts,162.51910539056433
390,strokeRateSpm,23.60461360370019
390,speedMps,3.3108215686786138
390,distanceM,1385.8656796010064
390,activeEnergyKcal,24.493798057649506
390,heartRateBpm,167.88471548256382
391,powerWatts,169.2197305283032
391,strokeRateSpm,23.749928206260297
391,speedMps,3.355711641046468
391,distanceM,1389.2213912420527
391,activeEnergyKcal,24.543318975124976
391,heartRateBpm,166.32106831039198
392,powerWatts,166.7700968742818
392,strokeRateSpm,23.726496487679725
392,speedMps,3.3394403864792115
392,distanceM,1392.560831628532
392,activeEnergyKcal,24.592347363461496
392,heartRateBpm,164.72999605582027
393,powerWatts,160.22833747296136
393,strokeRateSpm,23.525714920654966
393,speedMps,3.2951921443914163
393,distanceM,1395.8560237729234
393,activeEnergyKcal,24.640883237818173
393,heartRateBpm,163.41426918855706
394,powerWatts,163.4692552718252
394,strokeRateSpm,22.833845030691688
394,speedMps,3.317261152236776
394,distanceM,1399.1732849251603
394,activeEnergyKcal,24.688926611376836
394,heartRateBpm,162.26516036033144
395,powerWatts,169.34106880312754
395,strokeRateSpm,24.53088391708254
395,speedMps,3.356513515582585
395,distanceM,1402.5297984407428
395,activeEnergyKcal,24.73647749534204
395,heartRateBpm,162.36718058668302
396,powerWatts,165.00983091883373
396,strokeRateSpm,23.83280117175855
396,speedMps,3.327649489131211
396,distanceM,1405.857447929874
396,activeEnergyKcal,24.783535898941068
396,heartRateBpm,160.48120651662964
397,powerWatts,159.46545881526674
397,strokeRateSpm,22.372896873581325
397,speedMps,3.2899541363456977
397,distanceM,1409.1474020662197
397,activeEnergyKcal,24.830101829423924
397,heartRateBpm,160.93492745857276
398,powerWatts,164.2588689004325
398,strokeRateSpm,23.302265071191464
398,speedMps,3.322593752193523
398,distanceM,1412.4699958184133
398,activeEnergyKcal,24.876175292063344
398,heartRateBpm,159.9197505925204
399,powerWatts,162.72320994968268
399,strokeRateSpm,22.46074773591715
399,speedMps,3.312206987505813
399,distanceM,1415.782202805919
399,activeEnergyKcal,24.921756290154782
399,heartRateBpm,157.93862301019672
400,powerWatts,167.38785111170282
400,strokeRateSpm,22.34068312099106
400,speedMps,3.3435586536851423
400,distanceM,1419.1257614596043
400,activeEnergyKcal,24.966844825016423
400,heartRateBpm,156.3779379266964
401,powerWatts,155.12190419341442
401,strokeRateSpm,23.101052063391776
401,speedMps,3.2598079197179395
401,distanceM,1422.3855693793223
401,activeEnergyKcal,25.011934272747197
401,heartRateBpm,154.37016423635308
402,powerWatts,149.8680578957905
402,strokeRateSpm,21.879980320537804
402,speedMps,3.2225821306971936
402,distanceM,1425.6081515100195
402,activeEnergyKcal,25.0570246333471
402,heartRateBpm,154.3902287278928
403,powerWatts,156.42975371042226
403,strokeRateSpm,23.347642935333933
403,speedMps,3.2689435572413377
403,distanceM,1428.8770950672608
403,activeEnergyKcal,25.102115906816138
403,heartRateBpm,154.50847119201885
404,powerWatts,155.80340013803314
404,strokeRateSpm,23.072980174666206
404,speedMps,3.264574709436783
404,distanceM,1432.1416697766977
404,activeEnergyKcal,25.147208093154305
404,heartRateBpm,151.96183947166122
405,powerWatts,148.20882970713876
405,strokeRateSpm,22.85585297192104
405,speedMps,3.210645288536043
405,distanceM,1435.3523150652336
405,activeEnergyKcal,25.1923011923616
405,heartRateBpm,150.79406168875857
406,powerWatts,150.88096006284485
406,strokeRateSpm,23.092041438851542
406,speedMps,3.229825911684298
406,distanceM,1438.5821409769178
406,activeEnergyKcal,25.23739520443803
406,heartRateBpm,150.34613457113466
407,powerWatts,156.99239475124259
407,strokeRateSpm,22.820576687905376
407,speedMps,3.2728580748886196
407,distanceM,1441.8549990518063
407,activeEnergyKcal,25.28249012938359
407,heartRateBpm,147.30416258754258
408,powerWatts,162.51415735212757
408,strokeRateSpm,22.54638342962482
408,speedMps,3.310787968037019
408,distanceM,1445.1657870198433
408,activeEnergyKcal,25.32758596719828
408,heartRateBpm,147.16353273896286
409,powerWatts,152.60513348240067
409,strokeRateSpm,22.519348085802584
409,speedMps,3.242082155399043
409,distanceM,1448.4078691752422
409,activeEnergyKcal,25.372682717882103
409,heartRateBpm,145.6592594561457
410,powerWatts,163.96454500767845
410,strokeRateSpm,22.856327511497987
410,speedMps,3.3206080585061652
410,distanceM,1451.7284772337484
410,activeEnergyKcal,25.417780381435055
410,heartRateBpm,145.74500220726136
411,powerWatts,148.46407059645773
411,strokeRateSpm,22.524305921721776
411,speedMps,3.212487324482299
411,distanceM,1454.9409645582307
411,activeEnergyKcal,25.46287895785714
411,heartRateBpm,146.08907973187377
412,powerWatts,154.01592820308267
412,strokeRateSpm,23.32494310128521
412,speedMps,3.252042260401473
412,distanceM,1458.193006818632
412,activeEnergyKcal,25.507978447148353
412,heartRateBpm,145.22448350358405
413,powerWatts,152.345070674635
413,strokeRateSpm,23.25332863439126
413,speedMps,3.2402394380256063
413,distanceM,1461.4332462566576
413,activeEnergyKcal,25.5530788493087
413,heartRateBpm,145.12380692156106
414,powerWatts,158.9688540404367
414,strokeRateSpm,22.188295481596292
414,speedMps,3.2865354109001554
414,distanceM,1464.7197816675578
414,activeEnergyKcal,25.598180164338178
414,heartRateBpm,145.65399789440062
415,powerWatts,153.24737589059725
415,strokeRateSpm,22.231317108479143
415,speedMps,3.246623917120666
415,distanceM,1467.9664055846783
415,activeEnergyKcal,25.643282392236788
415,heartRateBpm,146.20848267077852
416,powerWatts,202.7253419221273
416,strokeRateSpm,27.018301359192204
416,speedMps,3.5639941456502604
416,distanceM,1471.5303997303286
416,activeEnergyKcal,25.708129093665512
416,heartRateBpm,145.83999365811388
417,powerWatts,216.12198616767063
417,strokeRateSpm,27.67766383878182
417,speedMps,3.6408318199375382
417,distanceM,1475.1712315502662
417,activeEnergyKcal,25.772974124178578
417,heartRateBpm,147.33343600289146
418,powerWatts,200.6043723785308
418,strokeRateSpm,27.400150893813407
418,speedMps,3.5515213764061926
418,distanceM,1478.7227529266725
418,activeEnergyKcal,25.837817483775986
418,heartRateBpm,148.15506756026286
419,powerWatts,212.65373785512327
419,strokeRateSpm,26.4147366765365
419,speedMps,3.6212511131700422
419,distanceM,1482.3440040398425
419,activeEnergyKcal,25.902659172457735
419,heartRateBpm,148.32187905444582
420,powerWatts,199.7295727152138
420,strokeRateSpm,27.568113472127624
420,speedMps,3.54635133814027
420,distanceM,1485.8903553779828
420,activeEnergyKcal,25.96749919022383
420,heartRateBpm,150.15108282888747
421,powerWatts,217.26460197154725
421,strokeRateSpm,26.39308212467728
421,speedMps,3.6472367862717703
421,distanceM,1489.5375921642546
421,activeEnergyKcal,26.032337537074266
421,heartRateBpm,148.7027814432434
422,powerWatts,207.42496091618122
422,strokeRateSpm,27.250899616808365
422,speedMps,3.591324434994924
422,distanceM,1493.1289165992496
422,activeEnergyKcal,26.097174213009044
422,heartRateBpm,149.59564246295477
423,powerWatts,208.70394753364232
423,strokeRateSpm,26.24980075903514
423,speedMps,3.598690709164231
423,distanceM,1496.7276073084138
423,activeEnergyKcal,26.162009218028164
423,heartRateBpm,148.87103339017403
424,powerWatts,208.4745126251076
424,strokeRateSpm,26.527943087264553
424,speedMps,3.5973715071263777
424,distanceM,1500.3249788155401
424,activeEnergyKcal,26.226842552131625
424,heartRateBpm,148.7360135340821
425,powerWatts,205.6512820941028
425,strokeRateSpm,25.819595775256776
425,speedMps,3.5810587162482665
425,distanceM,1503.9060375317883
425,activeEnergyKcal,26.291674215319432
425,heartRateBpm,148.65144701328512
426,powerWatts,210.15979427277085
426,strokeRateSpm,27.73011132305124
426,speedMps,3.607039069027241
426,distanceM,1507.5130766008156
426,activeEnergyKcal,26.35650420759158
426,heartRateBpm,148.0830952579255
427,powerWatts,201.63571062504343
427,strokeRateSpm,27.10022008212589
427,speedMps,3.557597283610586
427,distanceM,1511.0706738844262
427,activeEnergyKcal,26.42133252894807
427,heartRateBpm,150.92052556850717
428,powerWatts,211.6309652712308
428,strokeRateSpm,26.120802176597397
428,speedMps,3.6154362298290392
428,distanceM,1514.6861101142554
428,activeEnergyKcal,26.486159179388903
428,heartRateBpm,152.11596351192537
429,powerWatts,204.54390701370966
429,strokeRateSpm,27.883504103854932
429,speedMps,3.5746194754230545
429,distanceM,1518.2607295896785
429,activeEnergyKcal,26.550984158914076
429,heartRateBpm,152.4629565723821
430,powerWatts,211.12587176852426
430,strokeRateSpm,26.729596390266344
430,speedMps,3.612557652853663
430,distanceM,1521.8732872425321
430,activeEnergyKcal,26.615807467523595
430,heartRateBpm,153.23148410956023
431,powerWatts,195.86592559852494
431,strokeRateSpm,26.61026134640403
431,speedMps,3.5233349445621718
431,distanceM,1525.3966221870942
431,activeEnergyKcal,26.680629105217456
431,heartRateBpm,153.2644162633659
432,powerWatts,200.2715919393906
432,strokeRateSpm,26.233554758723116
432,speedMps,3.5495564292376764
432,distanceM,1528.946178616332
432,activeEnergyKcal,26.745449071995658
432,heartRateBpm,152.48836875387724
433,powerWatts,202.5196484239478
433,strokeRateSpm,27.34599280236614
433,speedMps,3.5627883458926846
433,distanceM,1532.5089669622246
433,activeEnergyKcal,26.810267367858202
433,heartRateBpm,151.95655446423012
434,powerWatts,206.31694730785432
434,strokeRateSpm,27.743244385595936
434,speedMps,3.584918354774099
434,distanceM,1536.0938853169987
434,activeEnergyKcal,26.87508399280509
434,heartRateBpm,152.1129735213984
435,powerWatts,206.52652444402617
435,strokeRateSpm,27.34255942054295
435,speedMps,3.58613179955586
435,distanceM,1539.6800171165546
435,activeEnergyKcal,26.939898946836323
435,heartRateBpm,153.7190116384567
436,powerWatts,195.7708220588727
436,strokeRateSpm,27.148606365741866
436,speedMps,3.5227645954459623
436,distanceM,1543.2027817120006
436,activeEnergyKcal,27.004712229951895
436,heartRateBpm,156.15925926535044
437,powerWatts,202.60611781168785
437,strokeRateSpm,28.27052765726617
437,speedMps,3.5632953391549447
437,distanceM,1546.7660770511557
437,activeEnergyKcal,27.06952384215181
437,heartRateBpm,156.26117122891537
438,powerWatts,201.8174449352163
438,strokeRateSpm,26.785402509327696
438,speedMps,3.5586657837321654
438,distanceM,1550.3247428348877
438,activeEnergyKcal,27.134333783436066
438,heartRateBpm,158.71611636154643
439,powerWatts,213.96372283520435
439,strokeRateSpm,26.57764303252311
439,speedMps,3.6286717475495722
439,distanceM,1553.9534145824373
439,activeEnergyKcal,27.199142053804668
439,heartRateBpm,158.4868140863287
440,powerWatts,194.64529319501463
440,strokeRateSpm,25.68309603191849
440,speedMps,3.516000570635854
440,distanceM,1557.4694151530732
440,activeEnergyKcal,27.26394865325761
440,heartRateBpm,157.18170694530497
441,powerWatts,204.3744685018632
441,strokeRateSpm,26.452065527678478
441,speedMps,3.5736321641369497
441,distanceM,1561.0430473172103
441,activeEnergyKcal,27.328753581794896
441,heartRateBpm,157.13199269622896
442,powerWatts,208.26538305721164
442,strokeRateSpm,25.325583837223004
442,speedMps,3.5961682130324237
442,distanceM,1564.6392155302426
442,activeEnergyKcal,27.393556839416522
442,heartRateBpm,158.9884454073677
443,powerWatts,208.60070196192237
443,strokeRateSpm,27.089868330998954
443,speedMps,3.5980971887426065
443,distanceM,1568.2373127189853
443,activeEnergyKcal,27.45835842612249
443,heartRateBpm,159.13651359102442
444,powerWatts,204.99860753852656
444,strokeRateSpm,27.295840226925062
444,speedMps,3.577266304742658
444,distanceM,1571.814579023728
444,activeEnergyKcal,27.523158341912804
444,heartRateBpm,158.34282124679117
445,powerWatts,208.71336582624085
445,strokeRateSpm,27.592164242412025
445,speedMps,3.5987448416848657
445,distanceM,1575.4133238654128
445,activeEnergyKcal,27.58795658678746
445,heartRateBpm,157.36727760103165
446,powerWatts,211.1107863746244
446,strokeRateSpm,26.28977963038783
446,speedMps,3.6124716091541607
446,distanceM,1579.025795474567
446,activeEnergyKcal,27.652753160746457
446,heartRateBpm,159.11032039402886
447,powerWatts,211.14787461583043
447,strokeRateSpm,26.08077243646337
447,speedMps,3.612683144805673
447,distanceM,1582.6384786193728
447,activeEnergyKcal,27.717548063789796
447,heartRateBpm,159.05409985441162
448,powerWatts,210.86783536570618
448,strokeRateSpm,26.154800760729596
448,speedMps,3.6110853062132713
448,distanceM,1586.249563925586
448,activeEnergyKcal,27.782341295917476
448,heartRateBpm,158.25179918737172
449,powerWatts,215.31785216287247
449,strokeRateSpm,27.13844873509298
449,speedMps,3.6363106768234124
449,distanceM,1589.8858746024093
449,activeEnergyKcal,27.847132857129502
449,heartRateBpm,157.58217736372515
450,powerWatts,198.27085884827397
450,strokeRateSpm,26.030230730649844
450,speedMps,3.5376967074512597
450,distanceM,1593.4235713098606
450,activeEnergyKcal,27.91192274742587
450,heartRateBpm,159.82338109874536
451,powerWatts,204.85839928627607
451,strokeRateSpm,25.82349287165597
451,speedMps,3.5764505648159255
451,distanceM,1597.0000218746766
451,activeEnergyKcal,27.97671096680658
451,heartRateBpm,158.7031964971406
452,powerWatts,196.21725650636478
452,strokeRateSpm,25.034280831494627
452,speedMps,3.525440325356288
452,distanceM,1600.525462200033
452,activeEnergyKcal,28.04149751527163
452,heartRateBpm,158.29385950228124
453,powerWatts,196.34494505825867
453,strokeRateSpm,25.259392053046437
453,speedMps,3.526204887329155
453,distanceM,1604.0516670873621
453,activeEnergyKcal,28.106282392821026
453,heartRateBpm,160.0438325382803
454,powerWatts,195.03215427346444
454,strokeRateSpm,27.99957236301597
454,speedMps,3.5183284009174427
454,distanceM,1607.5699954882796
454,activeEnergyKcal,28.171065599454764
454,heartRateBpm,159.48595720611502
455,powerWatts,205.4192329352007
455,strokeRateSpm,26.475112249881796
455,speedMps,3.579711298749153
455,distanceM,1611.1497067870287
455,activeEnergyKcal,28.235847135172843
455,heartRateBpm,161.36352699714834
456,powerWatts,204.4978547415912
456,strokeRateSpm,26.508433822225072
456,speedMps,3.5743511846890965
456,distanceM,1614.7240579717177
456,activeEnergyKcal,28.300626999975265
456,heartRateBpm,163.79384829113417
457,powerWatts,190.10106077639432
457,strokeRateSpm,27.192693085708214
457,speedMps,3.4884230559836817
457,distanceM,1618.2124810277014
457,activeEnergyKcal,28.365405193862028
457,heartRateBpm,162.72532720336673
458,powerWatts,207.53907761374688
458,strokeRateSpm,26.68914129955636
458,speedMps,3.591982914007177
458,distanceM,1621.8044639417085
458,activeEnergyKcal,28.430181716833136
458,heartRateBpm,161.04599318751585
459,powerWatts,203.59984559943865
459,strokeRateSpm,25.83096891383223
459,speedMps,3.569111504746591
459,distanceM,1625.373575446455
459,activeEnergyKcal,28.494956568888586
459,heartRateBpm,160.91886625090996
460,powerWatts,195.44563631584384
460,strokeRateSpm,27.048645215153424
460,speedMps,3.520813014730125
460,distanceM,1628.8943884611851
460,activeEnergyKcal,28.559729750028378
460,heartRateBpm,163.24124415286715
461,powerWatts,197.04376614572277
461,strokeRateSpm,27.35282764082227
461,speedMps,3.5303833645335954
461,distanceM,1632.4247718257188
461,activeEnergyKcal,28.62450126025251
461,heartRateBpm,164.17617825793684
462,powerWatts,208.9016170125608
462,strokeRateSpm,27.072393392283484
462,speedMps,3.5998264916340483
462,distanceM,1636.024598317353
462,activeEnergyKcal,28.689271099560987
462,heartRateBpm,163.73956679664465
463,powerWatts,210.01662575091066
463,strokeRateSpm,26.429373563579137
463,speedMps,3.6062198007417536
463,distanceM,1639.6308181180946
463,activeEnergyKcal,28.754039267953807
463,heartRateBpm,165.6853987489465
464,powerWatts,203.37078736656014
464,strokeRateSpm,26.518306394482085
464,speedMps,3.5677725365526722
464,distanceM,1643.1985906546472
464,activeEnergyKcal,28.81880576543097
464,heartRateBpm,166.8232770620858
465,powerWatts,197.33860235159855
465,strokeRateSpm,26.721562053557562
465,speedMps,3.532143322283053
465,distanceM,1646.7307339769302
465,activeEnergyKcal,28.883570591992473
465,heartRateBpm,165.74919325229394
466,powerWatts,214.03551852636085
466,strokeRateSpm,26.263636066369802
466,speedMps,3.6290775700234494
466,distanceM,1650.3598115469536
466,activeEnergyKcal,28.94833374763832
466,heartRateBpm,167.15055266974383
467,powerWatts,202.2262304203595
467,strokeRateSpm,26.37801290317292
467,speedMps,3.5610668808012824
467,distanceM,1653.9208784277548
467,activeEnergyKcal,29.013095232368507
467,heartRateBpm,166.23357394790406
468,powerWatts,209.03646567736098
468,strokeRateSpm,25.67937695982135
468,speedMps,3.6006009030363804
468,distanceM,1657.5214793307912
468,activeEnergyKcal,29.07785504618304
468,heartRateBpm,166.66124059301976
469,powerWatts,193.06186533777773
469,strokeRateSpm,26.85268917231118
469,speedMps,3.506440448221185
469,distanceM,1661.0279197790123
469,activeEnergyKcal,29.142613189081914
469,heartRateBpm,166.1370386024155
470,powerWatts,202.59729492630703
470,strokeRateSpm,26.670813399223007
470,speedMps,3.5632436148156903
470,distanceM,1664.591163393828
470,activeEnergyKcal,29.20736966106513
470,heartRateBpm,166.1995298512698
471,powerWatts,208.22827590448813
471,strokeRateSpm,26.325930103636274
471,speedMps,3.5959546209842275
471,distanceM,1668.1871180148123
471,activeEnergyKcal,29.272124462132687
471,heartRateBpm,167.68290398043496
472,powerWatts,203.21553572205536
472,strokeRateSpm,27.694276124558755
472,speedMps,3.566864435691233
472,distanceM,1671.7539824505036
472,activeEnergyKcal,29.33687759228459
472,heartRateBpm,166.9567679982073
473,powerWatts,206.983322451707
473,strokeRateSpm,26.933910763096474
473,speedMps,3.5887738033633347
473,distanceM,1675.342756253867
473,activeEnergyKcal,29.401629051520835
473,heartRateBpm,166.70581816597849
474,powerWatts,209.16153053416573
474,strokeRateSpm,26.959092997306897
474,speedMps,3.601318830184272
474,distanceM,1678.9440750840513
474,activeEnergyKcal,29.466378839841422
474,heartRateBpm,168.36502284498496
475,powerWatts,196.41891750263505
475,strokeRateSpm,26.442021550901813
475,speedMps,3.5266476612178765
475,distanceM,1682.470722745269
475,activeEnergyKcal,29.53112695724635
475,heartRateBpm,169.3992786724185
476,powerWatts,202.1097896409114
476,strokeRateSpm,27.993885324955667
476,speedMps,3.5603832685040677
476,distanceM,1686.031106013773
476,activeEnergyKcal,29.59587340373562
476,heartRateBpm,159.0909629432455
477,powerWatts,209.9443210271455
477,strokeRateSpm,27.16915551484479
477,speedMps,3.6058059023107782
477,distanceM,1689.6369119160838
477,activeEnergyKcal,29.660618179309235
477,heartRateBpm,149.7321960607522
478,powerWatts,202.37588416566913
478,strokeRateSpm,27.563817857751282
478,speedMps,3.5619450978819462
478,distanceM,1693.1988570139658
478,activeEnergyKcal,29.725361283967192
478,heartRateBpm,139.79225465020056
479,powerWatts,209.04640483561542
479,strokeRateSpm,27.349363224282463
479,speedMps,3.600657968637977
479,distanceM,1696.7995149826038
479,activeEnergyKcal,29.79010271770949
479,heartRateBpm,139.81421327307754
480,powerWatts,218.4019066556285
480,strokeRateSpm,26.613182545268298
480,speedMps,3.653589719677001
480,distanceM,1700.4531047022808
480,activeEnergyKcal,29.85484248053613
480,heartRateBpm,141.0448261037514
481,powerWatts,156.09574845822394
481,strokeRateSpm,21.481502534365173
481,speedMps,3.2666153080684235
481,distanceM,1703.7197200103492
481,activeEnergyKcal,29.89470000908404
481,heartRateBpm,139.47535647992026
482,powerWatts,141.93024172710517
482,strokeRateSpm,22.261332479249013
482,speedMps,3.1646519199114707
482,distanceM,1706.8843719302606
482,activeEnergyKcal,29.934558560045375
482,heartRateBpm,139.3260068109251
483,powerWatts,143.64415914383278
483,strokeRateSpm,23.020808951679495
483,speedMps,3.1773395249277696
483,distanceM,1710.0617114551883
483,activeEnergyKcal,29.974418133420137
483,heartRateBpm,138.7668714700454
484,powerWatts,135.84671495877353
484,strokeRateSpm,22.77186390212842
484,speedMps,3.1187747901063205
484,distanceM,1713.1804862452946
484,activeEnergyKcal,30.014278729208325
484,heartRateBpm,140.03132705305077
485,powerWatts,137.95989994617864
485,strokeRateSpm,22.070821764108466
485,speedMps,3.1348631853511324
485,distanceM,1716.3153494306457
485,activeEnergyKcal,30.05414034740994
485,heartRateBpm,140.3887162469601
486,powerWatts,141.46790089726014
486,strokeRateSpm,21.22275640579806
486,speedMps,3.1612118745209745
486,distanceM,1719.4765613051668
486,activeEnergyKcal,30.094002988024982
486,heartRateBpm,138.47286806590458
487,powerWatts,148.69118136035758
487,strokeRateSpm,22.672970241439916
487,speedMps,3.2141245752469376
487,distanceM,1722.6906858804136
487,activeEnergyKcal,30.133866651053452
487,heartRateBpm,138.54953583342495
488,powerWatts,139.49069403949312
488,strokeRateSpm,21.446122637858856
488,speedMps,3.146415309049774
488,distanceM,1725.8371011894635
488,activeEnergyKcal,30.173731336495347
488,heartRateBpm,135.6790129848721
489,powerWatts,147.84889504188536
489,strokeRateSpm,21.46040537259099
489,speedMps,3.2080440955552048
489,distanceM,1729.0451452850186
489,activeEnergyKcal,30.21359704435067
489,heartRateBpm,134.9011006527599
490,powerWatts,143.41195968838431
490,strokeRateSpm,21.522144578489076
490,speedMps,3.1756265549386953
490,distanceM,1732.2207718399573
490,activeEnergyKcal,30.25346377461942
490,heartRateBpm,132.54373623894705
491,powerWatts,134.35392480821386
491,strokeRateSpm,22.312443133478183
491,speedMps,3.1073088409685563
491,distanceM,1735.3280806809257
491,activeEnergyKcal,30.293331527301596
491,heartRateBpm,132.08035638546457
492,powerWatts,146.41053293806362
492,strokeRateSpm,22.44969712614667
492,speedMps,3.197606921160294
492,distanceM,1738.525687602086
492,activeEnergyKcal,30.3332003023972
492,heartRateBpm,133.52380420939292
493,powerWatts,150.0579503519968
493,strokeRateSpm,21.766573923111988
493,speedMps,3.223942629100537
493,distanceM,1741.7496302311865
493,activeEnergyKcal,30.37307009990623
493,heartRateBpm,132.01498040323142
494,powerWatts,148.14740227962088
494,strokeRateSpm,22.738389713285805
494,speedMps,3.210201660144495
494,distanceM,1744.959831891331
494,activeEnergyKcal,30.412940919828685
494,heartRateBpm,130.85521995079185
495,powerWatts,135.63067135581306
495,strokeRateSpm,21.760755506629266
495,speedMps,3.1171206000724574
495,distanceM,1748.0769524914035
495,activeEnergyKcal,30.45281276216457
495,heartRateBpm,131.18479658249373
496,powerWatts,153.81078769069393
496,strokeRateSpm,21.700934369700512
496,speedMps,3.2505977733842997
496,distanceM,1751.3275502647878
496,activeEnergyKcal,30.49268562691388
496,heartRateBpm,130.88672237250444
497,powerWatts,142.47064682320575
497,strokeRateSpm,21.699757170935822
497,speedMps,3.168663346087465
497,distanceM,1754.4962136108752
497,activeEnergyKcal,30.532559514076617
497,heartRateBpm,132.4405316440976
498,powerWatts,143.5760750573696
498,strokeRateSpm,22.13290005268298
498,speedMps,3.1768374498761274
498,distanceM,1757.6730510607513
498,activeEnergyKcal,30.57243442365278
498,heartRateBpm,133.62304721407605
499,powerWatts,149.45097377612086
499,strokeRateSpm,21.594602362538044
499,speedMps,3.2195898616957566
499,distanceM,1760.892640922447
499,activeEnergyKcal,30.61231035564237
499,heartRateBpm,133.66250842723127
500,powerWatts,140.40847657064182
500,strokeRateSpm,22.127229757812763
500,speedMps,3.15330086938227
500,distanceM,1764.0459417918294
500,activeEnergyKcal,30.652187310045388
500,heartRateBpm,132.7662787588279
501,powerWatts,144.4173731081719
501,strokeRateSpm,20.76815682556491
501,speedMps,3.1830303661385204
501,distanceM,1767.228972157968
501,activeEnergyKcal,30.692065286861833
501,heartRateBpm,133.0567837507451
502,powerWatts,148.17385228728114
502,strokeRateSpm,21.231163215220768
502,speedMps,3.210392696919292
502,distanceM,1770.4393648548873
502,activeEnergyKcal,30.731944286091704
502,heartRateBpm,133.59325762826438
503,powerWatts,157.35179310378138
503,strokeRateSpm,22.128210490733426
503,speedMps,3.2753536593591996
503,distanceM,1773.7147185142464
503,activeEnergyKcal,30.771824307735002
503,heartRateBpm,134.35620233528988
504,powerWatts,141.8972604757859
504,strokeRateSpm,21.80417664861191
504,speedMps,3.164406770687025
504,distanceM,1776.8791252849335
504,activeEnergyKcal,30.811705351791726
504,heartRateBpm,135.15182733598184
505,powerWatts,153.44791517857996
505,strokeRateSpm,21.35934548383649
505,speedMps,3.248039475576
505,distanceM,1780.1271647605095
505,activeEnergyKcal,30.85158741826188
505,heartRateBpm,134.73205493425928
506,powerWatts,144.48061321941606
506,strokeRateSpm,22.026884253167477
506,speedMps,3.1834949127854903
506,distanceM,1783.310659673295
506,activeEnergyKcal,30.891470507145456
506,heartRateBpm,134.53395603213363
507,powerWatts,138.95633121894923
507,strokeRateSpm,21.12811925066464
507,speedMps,3.1423923910047007
507,distanceM,1786.4530520642998
507,activeEnergyKcal,30.931354618442462
507,heartRateBpm,132.56720561385865
508,powerWatts,136.1671348410929
508,strokeRateSpm,21.421425452377417
508,speedMps,3.121224935936998
508,distanceM,1789.5742770002369
508,activeEnergyKcal,30.971239752152893
508,heartRateBpm,130.9600366792388
509,powerWatts,143.47100260612663
509,strokeRateSpm,22.668155381990672
509,speedMps,3.176062298542066
509,distanceM,1792.750339298779
509,activeEnergyKcal,31.011125908276753
509,heartRateBpm,130.94884786316194
510,powerWatts,146.64575682486725
510,strokeRateSpm,22.6622541696621
510,speedMps,3.199318435279747
510,distanceM,1795.9496577340587
510,activeEnergyKcal,31.051013086814038
510,heartRateBpm,129.39457411050202
511,powerWatts,146.37379922336478
511,strokeRateSpm,22.32423929990617
511,speedMps,3.197339477275489
511,distanceM,1799.1469972113343
511,activeEnergyKcal,31.09090128776475
511,heartRateBpm,128.3231848978908
512,powerWatts,144.2886280613982
512,strokeRateSpm,21.85917725916085
512,speedMps,3.182084216745876
512,distanceM,1802.3290814280801
512,activeEnergyKcal,31.13079051112889
512,heartRateBpm,126.67815008588794
513,powerWatts,138.9013355728865
513,strokeRateSpm,22.19059075299419
513,speedMps,3.1419777746469095
513,distanceM,1805.471059202727
513,activeEnergyKcal,31.170680756906457
513,heartRateBpm,125.74695080490804
514,powerWatts,143.24728522044566
514,strokeRateSpm,20.73663609838723
514,speedMps,3.174410605907838
514,distanceM,1808.645469808635
514,activeEnergyKcal,31.21057202509745
514,heartRateBpm,126.45544427314661
515,powerWatts,139.84699227136755
515,strokeRateSpm,22.651737130370414
515,speedMps,3.1490919728208886
515,distanceM,1811.794561781456
515,activeEnergyKcal,31.25046431570187
515,heartRateBpm,126.12630524799344
516,powerWatts,141.11053361589896
516,strokeRateSpm,21.889346406187133
516,speedMps,3.158547745311024
516,distanceM,1814.953109526767
516,activeEnergyKcal,31.290357628719715
516,heartRateBpm,125.7529507191745
517,powerWatts,144.38279541222815
517,strokeRateSpm,21.09755609651488
517,speedMps,3.1827763093516372
517,distanceM,1818.1358858361186
517,activeEnergyKcal,31.33025196415099
517,heartRateBpm,124.26238971836867
518,powerWatts,146.29949462936418
518,strokeRateSpm,22.1995078986094
518,speedMps,3.1967983576096834
518,distanceM,1821.3326841937283
518,activeEnergyKcal,31.370147321995688
518,heartRateBpm,122.0016009070005
519,powerWatts,147.35621454485934
519,strokeRateSpm,21.404528637025837
519,speedMps,3.2044767154014164
519,distanceM,1824.5371609091296
519,activeEnergyKcal,31.410043702253816
519,heartRateBpm,119.31280419124086
520,powerWatts,151.9938484035998
520,strokeRateSpm,22.08203172528053
520,speedMps,3.2377474638627817
520,distanceM,1827.7749083729925
520,activeEnergyKcal,31.44994110492537
520,heartRateBpm,120.90770476665895
521,powerWatts,145.21434082998726
521,strokeRateSpm,21.554901936662045
521,speedMps,3.1888748160669644
521,distanceM,1830.9637831890595
521,activeEnergyKcal,31.48983953001035
521,heartRateBpm,121.05822142441302
522,powerWatts,150.47485269722503
522,strokeRateSpm,22.204640074522217
522,speedMps,3.226925535428559
522,distanceM,1834.190708724488
522,activeEnergyKcal,31.529738977508757
522,heartRateBpm,121.96491224795845
523,powerWatts,145.2900503479696
523,strokeRateSpm,21.641461345217134
523,speedMps,3.1894289078751754
523,distanceM,1837.3801376323634
523,activeEnergyKcal,31.56963944742059
523,heartRateBpm,121.87469904362574
524,powerWatts,152.88162865302985
524,strokeRateSpm,21.346374028323936
524,speedMps,3.2440390122764
524,distanceM,1840.6241766446396
524,activeEnergyKcal,31.60954093974585
524,heartRateBpm,123.3804202384996
525,powerWatts,154.445343581974
525,strokeRateSpm,21.094461572151296
525,speedMps,3.255061820634319
525,distanceM,1843.879238465274
525,activeEnergyKcal,31.64944345448454
525,heartRateBpm,125.20052507687097
526,powerWatts,141.90598952424943
526,strokeRateSpm,22.559840928687397
526,speedMps,3.164471657290136
526,distanceM,1847.043710122564
526,activeEnergyKcal,31.689346991636654
526,heartRateBpm,122.81929763026129
527,powerWatts,144.62451786359037
527,strokeRateSpm,21.947556848189222
527,speedMps,3.1845514967306774
527,distanceM,1850.2282616192947
527,activeEnergyKcal,31.729251551202196
527,heartRateBpm,122.04495854966957
528,powerWatts,142.74339583246328
528,strokeRateSpm,21.629480183695076
528,speedMps,3.170684110552108
528,distanceM,1853.398945729847
528,activeEnergyKcal,31.769157133181164
528,heartRateBpm,122.34354553839633
529,powerWatts,146.84376618724082
529,strokeRateSpm,22.115104107682654
529,speedMps,3.2007577543206844
529,distanceM,1856.5997034841675
529,activeEnergyKcal,31.80906373757356
529,heartRateBpm,121.05696623916643
530,powerWatts,150.94764878401904
530,strokeRateSpm,22.05734946810419
530,speedMps,3.2303016978783026
530,distanceM,1859.8300051820459
530,activeEnergyKcal,31.84897136437938
530,heartRateBpm,120.24914993149036
531,powerWatts,151.26999832791415
531,strokeRateSpm,21.540194763921438
531,speedMps,3.2325995054101533
531,distanceM,1863.062604687456
531,activeEnergyKcal,31.88888001359863
531,heartRateBpm,118.29363198105966
532,powerWatts,139.61723575138893
532,strokeRateSpm,22.057593341778293
532,speedMps,3.1473664655541884
532,distanceM,1866.2099711530102
532,activeEnergyKcal,31.928789685231305
532,heartRateBpm,115.99597579289127
533,powerWatts,138.4405566626953
533,strokeRateSpm,21.26351595579736
533,speedMps,3.1384996200931825
533,distanceM,1869.3484707731034
533,activeEnergyKcal,31.968700379277408
533,heartRateBpm,115.29816685600646
534,powerWatts,151.1771469331697
534,strokeRateSpm,22.19800640445212
534,speedMps,3.2319379668605306
534,distanceM,1872.580408739964
534,activeEnergyKcal,32.008612095736936
534,heartRateBpm,114.23396063352413
535,powerWatts,142.87968864471878
535,strokeRateSpm,22.318812986628195
535,speedMps,3.1716929231068347
535,distanceM,1875.7521016630708
535,activeEnergyKcal,32.04852483460989
535,heartRateBpm,113.6391139066906
536,powerWatts,137.15193160311358
536,strokeRateSpm,23.1296102842776
536,speedMps,3.128731377030119
536,distanceM,1878.880833040101
536,activeEnergyKcal,32.08843859589628
536,heartRateBpm,114.64185769953276
537,powerWatts,139.35682206655412
537,strokeRateSpm,20.749136310812098
537,speedMps,3.1454084279099357
537,distanceM,1882.0262414680108
537,activeEnergyKcal,32.128353379596085
537,heartRateBpm,114.675548007682
538,powerWatts,140.36278982951984
538,strokeRateSpm,21.11228151041363
538,speedMps,3.152958820544372
538,distanceM,1885.1792002885552
538,activeEnergyKcal,32.16826918570932
538,heartRateBpm,116.05542917370673
539,powerWatts,132.63473044508072
539,strokeRateSpm,21.507724339426584
539,speedMps,3.0939981841883553
539,distanceM,1888.2731984727436
539,activeEnergyKcal,32.208186014235984
539,heartRateBpm,114.10487956197107
