t,kind,value
# event: interval_rest-0-360 kind=interval_rest atSec=360
# event: interval_rest-1-570 kind=interval_rest atSec=570
# event: interval_rest-2-780 kind=interval_rest atSec=780
# event: gradual_fade-3-1080 kind=gradual_fade atSec=1080
0,speedMps,2.6833064124493085
0,paceSecPerKm,372.6745463583509
0,cadenceSpm,165.75294414605904
0,distanceM,2.6833064124493085
0,motionIntensityG,0.65
0,activeEnergyKcal,0.04541108986615679
0,heartRateBpm,58.73980269752929
1,speedMps,2.7378360993830975
1,paceSecPerKm,365.25195946730514
1,cadenceSpm,165.59722341005914
1,distanceM,5.4211425118324055
1,motionIntensityG,0.65
1,activeEnergyKcal,0.09082217973231357
1,heartRateBpm,61.37849850037345
2,speedMps,2.722189194911095
2,paceSecPerKm,367.351395659573
2,cadenceSpm,166.9604349673039
2,distanceM,8.143331706743501
2,motionIntensityG,0.65
2,activeEnergyKcal,0.13623326959847037
2,heartRateBpm,61.00838118247831
3,speedMps,2.7561450000479826
3,paceSecPerKm,362.82561330502955
3,cadenceSpm,166.57590775918018
3,distanceM,10.899476706791484
3,motionIntensityG,0.65
3,activeEnergyKcal,0.18164435946462715
3,heartRateBpm,60.36386417305977
4,speedMps,2.617512358894213
4,paceSecPerKm,382.0421311869019
4,cadenceSpm,165.58719032560018
4,distanceM,13.516989065685697
4,motionIntensityG,0.65
4,activeEnergyKcal,0.22705544933078392
4,heartRateBpm,63.516426348963506
5,speedMps,2.5972377989789086
5,paceSecPerKm,385.0244287962947
5,cadenceSpm,164.46712638413814
5,distanceM,16.114226864664605
5,motionIntensityG,0.65
5,activeEnergyKcal,0.2724665391969407
5,heartRateBpm,66.72316744668606
6,speedMps,2.619643496569963
6,paceSecPerKm,381.73133149963064
6,cadenceSpm,165.42973916718424
6,distanceM,18.73387036123457
6,motionIntensityG,0.65
6,activeEnergyKcal,0.31787762906309747
6,heartRateBpm,67.66319030393957
7,speedMps,2.635866537156878
7,paceSecPerKm,379.3818791290658
7,cadenceSpm,166.4941017406455
7,distanceM,21.369736898391448
7,motionIntensityG,0.65
7,activeEnergyKcal,0.36328871892925424
7,heartRateBpm,70.95519589538124
8,speedMps,2.757713018342098
8,paceSecPerKm,362.61931294112225
8,cadenceSpm,163.23773974345838
8,distanceM,24.127449916733546
8,motionIntensityG,0.65
8,activeEnergyKcal,0.408699808795411
8,heartRateBpm,72.10673002213888
9,speedMps,2.627741326177955
9,paceSecPerKm,380.55496179850326
9,cadenceSpm,165.90278940887444
9,distanceM,26.7551912429115
9,motionIntensityG,0.65
9,activeEnergyKcal,0.4541108986615678
9,heartRateBpm,72.49031332274635
10,speedMps,2.686463360024777
10,paceSecPerKm,372.23660477944395
10,cadenceSpm,165.87053064716855
10,distanceM,29.44165460293628
10,motionIntensityG,0.65
10,activeEnergyKcal,0.49952198852772456
10,heartRateBpm,74.39733807279873
11,speedMps,2.5756702147339534
11,paceSecPerKm,388.24846219813594
11,cadenceSpm,165.70910869320375
11,distanceM,32.01732481767023
11,motionIntensityG,0.65
11,activeEnergyKcal,0.5449330783938814
11,heartRateBpm,75.36295162786334
12,speedMps,2.712850167924342
12,paceSecPerKm,368.61600829400794
12,cadenceSpm,165.34177545996477
12,distanceM,34.73017498559457
12,motionIntensityG,0.65
12,activeEnergyKcal,0.5903441682600382
12,heartRateBpm,74.97917958925488
13,speedMps,2.6343820120320087
13,paceSecPerKm,379.5956681425479
13,cadenceSpm,166.86026023541777
13,distanceM,37.36455699762658
13,motionIntensityG,0.65
13,activeEnergyKcal,0.635755258126195
13,heartRateBpm,76.01196748779496
14,speedMps,2.788434567344264
14,paceSecPerKm,358.62415841172526
14,cadenceSpm,165.29770572797028
14,distanceM,40.15299156497084
14,motionIntensityG,0.65
14,activeEnergyKcal,0.6811663479923519
14,heartRateBpm,74.8113366755736
15,speedMps,2.5849877747954686
15,paceSecPerKm,386.84902487754425
15,cadenceSpm,166.5919597294276
15,distanceM,42.73797933976631
15,motionIntensityG,0.65
15,activeEnergyKcal,0.7265774378585087
15,heartRateBpm,76.39508498939367
16,speedMps,2.6208188190010038
16,paceSecPerKm,381.5601417198222
16,cadenceSpm,167.97999359845667
16,distanceM,45.358798158767314
16,motionIntensityG,0.65
16,activeEnergyKcal,0.7719885277246655
16,heartRateBpm,78.640023114344
17,speedMps,2.701238915765805
17,paceSecPerKm,370.2005010232494
17,cadenceSpm,166.1677846504
17,distanceM,48.06003707453312
17,motionIntensityG,0.65
17,activeEnergyKcal,0.8173996175908224
17,heartRateBpm,81.63565713190516
18,speedMps,2.611056618491582
18,paceSecPerKm,382.9867161508371
18,cadenceSpm,165.67893161615996
18,distanceM,50.6710936930247
18,motionIntensityG,0.65
18,activeEnergyKcal,0.8628107074569792
18,heartRateBpm,81.654717570922
19,speedMps,2.77155864263074
19,paceSecPerKm,360.8078085083592
19,cadenceSpm,167.58052710919378
19,distanceM,53.44265233565544
19,motionIntensityG,0.65
19,activeEnergyKcal,0.908221797323136
19,heartRateBpm,81.87813248587427
20,speedMps,2.5741142449885235
20,paceSecPerKm,388.4831459780288
20,cadenceSpm,164.31233256781914
20,distanceM,56.01676658064396
20,motionIntensityG,0.65
20,activeEnergyKcal,0.9536328871892928
20,heartRateBpm,84.18178032693623
21,speedMps,2.641692740696368
21,paceSecPerKm,378.54515954659934
21,cadenceSpm,164.63608693868977
21,distanceM,58.65845932134033
21,motionIntensityG,0.65
21,activeEnergyKcal,0.9990439770554497
21,heartRateBpm,84.4946321997882
22,speedMps,2.626225276107738
22,paceSecPerKm,380.7746460661877
22,cadenceSpm,164.90120476054506
22,distanceM,61.28468459744807
22,motionIntensityG,0.65
22,activeEnergyKcal,1.0444550669216064
22,heartRateBpm,84.51841649980553
23,speedMps,2.7277385891110075
23,paceSecPerKm,366.6040448274438
23,cadenceSpm,168.20314133177385
23,distanceM,64.01242318655908
23,motionIntensityG,0.65
23,activeEnergyKcal,1.0898661567877632
23,heartRateBpm,86.67130815274231
24,speedMps,2.634428746266364
24,paceSecPerKm,379.5889341919939
24,cadenceSpm,166.24247782184153
24,distanceM,66.64685193282544
24,motionIntensityG,0.65
24,activeEnergyKcal,1.13527724665392
24,heartRateBpm,88.0812825463225
25,speedMps,2.696753065917001
25,paceSecPerKm,370.8163022556762
25,cadenceSpm,165.32623380787598
25,distanceM,69.34360499874245
25,motionIntensityG,0.65
25,activeEnergyKcal,1.1806883365200769
25,heartRateBpm,89.99308335796074
26,speedMps,2.5658006807024916
26,paceSecPerKm,389.74188740421164
26,cadenceSpm,167.64319704160553
26,distanceM,71.90940567944494
26,motionIntensityG,0.65
26,activeEnergyKcal,1.2260994263862337
26,heartRateBpm,89.25226851159533
27,speedMps,2.7044978705866978
27,paceSecPerKm,369.75440464409235
27,cadenceSpm,167.68280341842583
27,distanceM,74.61390355003164
27,motionIntensityG,0.65
27,activeEnergyKcal,1.2715105162523905
27,heartRateBpm,91.16662190013125
28,speedMps,2.659753755258403
28,paceSecPerKm,375.9746548051577
28,cadenceSpm,166.74727696482984
28,distanceM,77.27365730529004
28,motionIntensityG,0.65
28,activeEnergyKcal,1.3169216061185474
28,heartRateBpm,91.49723141600847
29,speedMps,2.71709805237239
29,paceSecPerKm,368.03971764171934
29,cadenceSpm,165.23215025372883
29,distanceM,79.99075535766244
29,motionIntensityG,0.65
29,activeEnergyKcal,1.3623326959847042
29,heartRateBpm,91.89185956620388
30,speedMps,2.6786159961834475
30,paceSecPerKm,373.32712170196197
30,cadenceSpm,168.11074310081548
30,distanceM,82.66937135384589
30,motionIntensityG,0.65
30,activeEnergyKcal,1.407743785850861
30,heartRateBpm,92.52145465151196
31,speedMps,2.6707358240307397
31,paceSecPerKm,374.42864659327313
31,cadenceSpm,165.51078697600462
31,distanceM,85.34010717787663
31,motionIntensityG,0.65
31,activeEnergyKcal,1.4531548757170178
31,heartRateBpm,91.84047741009982
32,speedMps,2.61452575410996
32,paceSecPerKm,382.47854259153064
32,cadenceSpm,164.25691837571588
32,distanceM,87.9546329319866
32,motionIntensityG,0.65
32,activeEnergyKcal,1.4985659655831747
32,heartRateBpm,92.43348355774356
33,speedMps,2.5960977846747486
33,paceSecPerKm,385.1935030734155
33,cadenceSpm,164.38618257955184
33,distanceM,90.55073071666135
33,motionIntensityG,0.65
33,activeEnergyKcal,1.5439770554493315
33,heartRateBpm,93.61577568801968
34,speedMps,2.6213336113576977
34,paceSecPerKm,381.4852087758713
34,cadenceSpm,163.06724435108777
34,distanceM,93.17206432801905
34,motionIntensityG,0.65
34,activeEnergyKcal,1.5893881453154883
34,heartRateBpm,93.07173642831509
35,speedMps,2.5990827775979706
35,paceSecPerKm,384.7511162857935
35,cadenceSpm,169.0019899402893
35,distanceM,95.77114710561702
35,motionIntensityG,0.65
35,activeEnergyKcal,1.6347992351816452
35,heartRateBpm,92.05783946199672
36,speedMps,2.6245879462018564
36,paceSecPerKm,381.0121895313659
36,cadenceSpm,167.43155207214434
36,distanceM,98.39573505181887
36,motionIntensityG,0.65
36,activeEnergyKcal,1.680210325047802
36,heartRateBpm,95.18315118248698
37,speedMps,2.6229400586453515
37,paceSecPerKm,381.2515641384736
37,cadenceSpm,167.32981799983895
37,distanceM,101.01867511046423
37,motionIntensityG,0.65
37,activeEnergyKcal,1.7256214149139588
37,heartRateBpm,96.72783698980884
38,speedMps,2.6135300541618096
38,paceSecPerKm,382.624258866888
38,cadenceSpm,165.02582556890917
38,distanceM,103.63220516462604
38,motionIntensityG,0.65
38,activeEnergyKcal,1.7710325047801156
38,heartRateBpm,97.52439681516849
39,speedMps,2.643603594623162
39,paceSecPerKm,378.2715389076883
39,cadenceSpm,165.3438512245681
39,distanceM,106.2758087592492
39,motionIntensityG,0.65
39,activeEnergyKcal,1.8164435946462725
39,heartRateBpm,100.26857643974223
40,speedMps,2.608908694291175
40,paceSecPerKm,383.302030534148
40,cadenceSpm,167.18679028554251
40,distanceM,108.88471745354038
40,motionIntensityG,0.65
40,activeEnergyKcal,1.8618546845124293
40,heartRateBpm,102.24156889832368
41,speedMps,2.6541288129736693
41,paceSecPerKm,376.77146456189
41,cadenceSpm,167.0962192299473
41,distanceM,111.53884626651404
41,motionIntensityG,0.65
41,activeEnergyKcal,1.9072657743785861
41,heartRateBpm,103.25639906365473
42,speedMps,2.639879805575297
42,paceSecPerKm,378.80512510003257
42,cadenceSpm,166.00280461213083
42,distanceM,114.17872607208933
42,motionIntensityG,0.65
42,activeEnergyKcal,1.952676864244743
42,heartRateBpm,103.69455968916928
43,speedMps,2.7277361110024754
43,paceSecPerKm,366.60437788187954
43,cadenceSpm,166.0277052755435
43,distanceM,116.9064621830918
43,motionIntensityG,0.65
43,activeEnergyKcal,1.9980879541108998
43,heartRateBpm,103.79062390962773
44,speedMps,2.6291161234521363
44,paceSecPerKm,380.35596491149255
44,cadenceSpm,165.68739856188964
44,distanceM,119.53557830654394
44,motionIntensityG,0.65
44,activeEnergyKcal,2.0434990439770564
44,heartRateBpm,103.1417427982558
45,speedMps,2.6948853663749803
45,paceSecPerKm,371.07329776522107
45,cadenceSpm,166.99226295637604
45,distanceM,122.23046367291892
45,motionIntensityG,0.65
45,activeEnergyKcal,2.0889101338432132
45,heartRateBpm,103.23830633116145
46,speedMps,2.6376934733839335
46,paceSecPerKm,379.11910921062645
46,cadenceSpm,164.35812697812926
46,distanceM,124.86815714630285
46,motionIntensityG,0.65
46,activeEnergyKcal,2.13432122370937
46,heartRateBpm,104.45258218426542
47,speedMps,2.725814547930958
47,paceSecPerKm,366.8628156523174
47,cadenceSpm,165.3474276737495
47,distanceM,127.5939716942338
47,motionIntensityG,0.65
47,activeEnergyKcal,2.179732313575527
47,heartRateBpm,104.9678106469873
48,speedMps,2.641967311194625
48,paceSecPerKm,378.50581866125646
48,cadenceSpm,164.15337153377365
48,distanceM,130.23593900542843
48,motionIntensityG,0.65
48,activeEnergyKcal,2.2251434034416837
48,heartRateBpm,106.85378313290163
49,speedMps,2.738606724180494
49,paceSecPerKm,365.14918011794555
49,cadenceSpm,168.3429654209541
49,distanceM,132.97454572960893
49,motionIntensityG,0.65
49,activeEnergyKcal,2.2705544933078405
49,heartRateBpm,107.123657833967
50,speedMps,2.7061751546826436
50,paceSecPerKm,369.52523131019257
50,cadenceSpm,165.5019691005695
50,distanceM,135.6807208842916
50,motionIntensityG,0.65
50,activeEnergyKcal,2.3159655831739974
50,heartRateBpm,108.4195648321601
51,speedMps,2.7102804533045277
51,paceSecPerKm,368.9655064223126
51,cadenceSpm,165.58902611255556
51,distanceM,138.39100133759612
51,motionIntensityG,0.65
51,activeEnergyKcal,2.361376673040154
51,heartRateBpm,108.76163532695054
52,speedMps,2.6418075371528005
52,paceSecPerKm,378.5287103381296
52,cadenceSpm,165.54564063069668
52,distanceM,141.03280887474892
52,motionIntensityG,0.65
52,activeEnergyKcal,2.406787762906311
52,heartRateBpm,107.42282527787057
53,speedMps,2.6841148395203613
53,paceSecPerKm,372.5623007168707
53,cadenceSpm,167.12890451801698
53,distanceM,143.71692371426929
53,motionIntensityG,0.65
53,activeEnergyKcal,2.452198852772468
53,heartRateBpm,106.54750488261477
54,speedMps,2.66227644129402
54,paceSecPerKm,375.6183935256334
54,cadenceSpm,168.56726062693772
54,distanceM,146.3792001555633
54,motionIntensityG,0.65
54,activeEnergyKcal,2.4976099426386247
54,heartRateBpm,109.38727671572228
55,speedMps,2.7167330985861016
55,paceSecPerKm,368.08915845301135
55,cadenceSpm,166.354214744678
55,distanceM,149.0959332541494
55,motionIntensityG,0.65
55,activeEnergyKcal,2.5430210325047815
55,heartRateBpm,110.4969351164717
56,speedMps,2.7064314323633205
56,paceSecPerKm,369.4902401893759
56,cadenceSpm,166.47326300381508
56,distanceM,151.80236468651273
56,motionIntensityG,0.65
56,activeEnergyKcal,2.5884321223709383
56,heartRateBpm,111.37948609294259
57,speedMps,2.7315450001802586
57,paceSecPerKm,366.09318167337847
57,cadenceSpm,167.70840336682033
57,distanceM,154.533909686693
57,motionIntensityG,0.65
57,activeEnergyKcal,2.633843212237095
57,heartRateBpm,112.83062571537175
58,speedMps,2.65887282982886
58,paceSecPerKm,376.0992209861972
58,cadenceSpm,164.38972064564436
58,distanceM,157.19278251652185
58,motionIntensityG,0.65
58,activeEnergyKcal,2.679254302103252
58,heartRateBpm,112.57682107035528
59,speedMps,2.629743058519702
59,paceSecPerKm,380.26528742428013
59,cadenceSpm,167.09466224580515
59,distanceM,159.82252557504154
59,motionIntensityG,0.65
59,activeEnergyKcal,2.724665391969409
59,heartRateBpm,111.79183279650343
60,speedMps,2.5805482192559563
60,paceSecPerKm,387.51455699918205
60,cadenceSpm,166.0854024265574
60,distanceM,162.40307379429748
60,motionIntensityG,0.65
60,activeEnergyKcal,2.7700764818355657
60,heartRateBpm,111.85441802949948
61,speedMps,2.579780919537535
61,paceSecPerKm,387.6298147748396
61,cadenceSpm,166.65959467788338
61,distanceM,164.98285471383502
61,motionIntensityG,0.65
61,activeEnergyKcal,2.8154875717017225
61,heartRateBpm,113.52306622813454
62,speedMps,2.657838018669862
62,paceSecPerKm,376.2456526603749
62,cadenceSpm,164.16360690482
62,distanceM,167.64069273250487
62,motionIntensityG,0.65
62,activeEnergyKcal,2.8608986615678793
62,heartRateBpm,114.4244637349255
63,speedMps,2.7826354698467646
63,paceSecPerKm,359.3715421355814
63,cadenceSpm,165.4778437252761
63,distanceM,170.42332820235163
63,motionIntensityG,0.65
63,activeEnergyKcal,2.906309751434036
63,heartRateBpm,113.55380775495823
64,speedMps,2.57222405826039
64,paceSecPerKm,388.76862098720346
64,cadenceSpm,163.510211034233
64,distanceM,172.99555226061202
64,motionIntensityG,0.65
64,activeEnergyKcal,2.951720841300193
64,heartRateBpm,111.75324948572396
65,speedMps,2.655409895169501
65,paceSecPerKm,376.5896940502919
65,cadenceSpm,167.6981260764055
65,distanceM,175.6509621557815
65,motionIntensityG,0.65
65,activeEnergyKcal,2.99713193116635
65,heartRateBpm,114.13393152313569
66,speedMps,2.6295537577606902
66,paceSecPerKm,380.29266260431694
66,cadenceSpm,166.91855276565764
66,distanceM,178.28051591354222
66,motionIntensityG,0.65
66,activeEnergyKcal,3.0425430210325066
66,heartRateBpm,115.43387017485372
67,speedMps,2.5803784953209576
67,paceSecPerKm,387.5400457000073
67,cadenceSpm,164.324259707416
67,distanceM,180.86089440886317
67,motionIntensityG,0.65
67,activeEnergyKcal,3.0879541108986635
67,heartRateBpm,114.52212405997774
68,speedMps,2.7045162253583714
68,paceSecPerKm,369.75189522758046
68,cadenceSpm,164.23345540594417
68,distanceM,183.56541063422154
68,motionIntensityG,0.65
68,activeEnergyKcal,3.1333652007648203
68,heartRateBpm,113.92503317312497
69,speedMps,2.5058179957858235
69,paceSecPerKm,399.07128198526664
69,cadenceSpm,164.33768678667752
69,distanceM,186.07122863000737
69,motionIntensityG,0.65
69,activeEnergyKcal,3.178776290630977
69,heartRateBpm,122.99172396476862
70,speedMps,2.6263708616125663
70,paceSecPerKm,380.7535388913086
70,cadenceSpm,167.439870108265
70,distanceM,188.69759949161994
70,motionIntensityG,0.65
70,activeEnergyKcal,3.224187380497134
70,heartRateBpm,132.36626887868005
71,speedMps,2.830252894443145
71,paceSecPerKm,353.3253166045259
71,cadenceSpm,162.48311432917689
71,distanceM,191.52785238606307
71,motionIntensityG,0.65
71,activeEnergyKcal,3.2695984703632908
71,heartRateBpm,140.8081404449826
72,speedMps,2.695696157268535
72,paceSecPerKm,370.9616891739271
72,cadenceSpm,167.35004673364793
72,distanceM,194.22354854333162
72,motionIntensityG,0.65
72,activeEnergyKcal,3.3150095602294476
72,heartRateBpm,139.94929768254792
73,speedMps,2.6636045591334527
73,paceSecPerKm,375.4311039043006
73,cadenceSpm,168.43475414553174
73,distanceM,196.88715310246508
73,motionIntensityG,0.65
73,activeEnergyKcal,3.3604206500956044
73,heartRateBpm,139.94143562079122
74,speedMps,2.6414349543156157
74,paceSecPerKm,378.5821030217629
74,cadenceSpm,165.49946714670432
74,distanceM,199.5285880567807
74,motionIntensityG,0.65
74,activeEnergyKcal,3.4058317399617613
74,heartRateBpm,139.83379231925267
75,speedMps,2.6560450146548202
75,paceSecPerKm,376.4996430717346
75,cadenceSpm,163.96285496181272
75,distanceM,202.1846330714355
75,motionIntensityG,0.65
75,activeEnergyKcal,3.451242829827918
75,heartRateBpm,138.91106108789913
76,speedMps,2.574821274221185
76,paceSecPerKm,388.3764710241776
76,cadenceSpm,164.61352100853657
76,distanceM,204.7594543456567
76,motionIntensityG,0.65
76,activeEnergyKcal,3.496653919694075
76,heartRateBpm,139.59642024139342
77,speedMps,2.707581440846622
77,paceSecPerKm,369.33330422272144
77,cadenceSpm,166.92581090020641
77,distanceM,207.46703578650332
77,motionIntensityG,0.65
77,activeEnergyKcal,3.5420650095602317
77,heartRateBpm,139.12510591752945
78,speedMps,2.5960360584203177
78,paceSecPerKm,385.2026618646036
78,cadenceSpm,165.40245081967348
78,distanceM,210.06307184492363
78,motionIntensityG,0.65
78,activeEnergyKcal,3.5874760994263886
78,heartRateBpm,137.2315764280909
79,speedMps,2.6590785160293473
79,paceSecPerKm,376.0701287953106
79,cadenceSpm,167.36479707570604
79,distanceM,212.72215036095298
79,motionIntensityG,0.65
79,activeEnergyKcal,3.6328871892925454
79,heartRateBpm,135.25059116420462
80,speedMps,2.6905505543834223
80,paceSecPerKm,371.67114305687676
80,cadenceSpm,164.25853971234275
80,distanceM,215.41270091533642
80,motionIntensityG,0.65
80,activeEnergyKcal,3.678298279158702
80,heartRateBpm,135.39833122033536
81,speedMps,2.641105895258335
81,paceSecPerKm,378.6292710925878
81,cadenceSpm,164.46952003129033
81,distanceM,218.05380681059475
81,motionIntensityG,0.65
81,activeEnergyKcal,3.723709369024859
81,heartRateBpm,137.46460848555623
82,speedMps,2.9156191618748695
82,paceSecPerKm,342.9803223535397
82,cadenceSpm,168.73998627970425
82,distanceM,220.96942597246962
82,motionIntensityG,0.65
82,activeEnergyKcal,3.769120458891016
82,heartRateBpm,138.17447009817332
83,speedMps,2.651364851982432
83,paceSecPerKm,377.16423646949136
83,cadenceSpm,167.43186195300106
83,distanceM,223.62079082445206
83,motionIntensityG,0.65
83,activeEnergyKcal,3.8145315487571727
83,heartRateBpm,143.09823535050293
84,speedMps,2.6506996883141216
84,paceSecPerKm,377.25888164872146
84,cadenceSpm,167.31809909350048
84,distanceM,226.27149051276618
84,motionIntensityG,0.65
84,activeEnergyKcal,3.8599426386233295
84,heartRateBpm,143.53984341252485
85,speedMps,2.5965674896199924
85,paceSecPerKm,385.12382366242673
85,cadenceSpm,164.68883549827902
85,distanceM,228.86805800238616
85,motionIntensityG,0.65
85,activeEnergyKcal,3.9053537284894864
85,heartRateBpm,142.2515566004976
86,speedMps,2.65022746057754
86,paceSecPerKm,377.3261030893095
86,cadenceSpm,168.11505928712114
86,distanceM,231.51828546296372
86,motionIntensityG,0.65
86,activeEnergyKcal,3.950764818355643
86,heartRateBpm,142.38658161126114
87,speedMps,2.607101753102542
87,paceSecPerKm,383.56769113824004
87,cadenceSpm,166.24050005413645
87,distanceM,234.12538721606626
87,motionIntensityG,0.65
87,activeEnergyKcal,3.9961759082218
87,heartRateBpm,141.72714778600363
88,speedMps,2.723332998437673
88,paceSecPerKm,367.19710757872133
88,cadenceSpm,167.49446473843972
88,distanceM,236.84872021450394
88,motionIntensityG,0.65
88,activeEnergyKcal,4.041586998087957
88,heartRateBpm,140.8820302615505
89,speedMps,2.6707709340229533
89,paceSecPerKm,374.42372434902563
89,cadenceSpm,164.89536093032666
89,distanceM,239.5194911485269
89,motionIntensityG,0.65
89,activeEnergyKcal,4.086998087954114
89,heartRateBpm,142.42060460438194
90,speedMps,2.7645234703557775
90,paceSecPerKm,361.72599390928883
90,cadenceSpm,163.69951675085255
90,distanceM,242.28401461888268
90,motionIntensityG,0.65
90,activeEnergyKcal,4.1324091778202705
90,heartRateBpm,142.13197936797354
91,speedMps,2.6405541643936563
91,paceSecPerKm,378.7083838250398
91,cadenceSpm,163.72780693051408
91,distanceM,244.92456878327633
91,motionIntensityG,0.65
91,activeEnergyKcal,4.177820267686427
91,heartRateBpm,142.18901113553943
92,speedMps,2.7131365736977537
92,paceSecPerKm,368.5770962267088
92,cadenceSpm,164.6745621452651
92,distanceM,247.6377053569741
92,motionIntensityG,0.65
92,activeEnergyKcal,4.223231357552584
92,heartRateBpm,140.29742314937687
93,speedMps,2.5986535007000606
93,paceSecPerKm,384.8146741112682
93,cadenceSpm,164.39814919671142
93,distanceM,250.23635885767416
93,motionIntensityG,0.65
93,activeEnergyKcal,4.268642447418741
93,heartRateBpm,139.5468288425378
94,speedMps,2.7805563347037245
94,paceSecPerKm,359.64025886443784
94,cadenceSpm,165.08383501704495
94,distanceM,253.0169151923779
94,motionIntensityG,0.65
94,activeEnergyKcal,4.314053537284898
94,heartRateBpm,138.53647479721468
95,speedMps,2.644252207527265
95,paceSecPerKm,378.17875206962043
95,cadenceSpm,162.35824370065953
95,distanceM,255.66116739990517
95,motionIntensityG,0.65
95,activeEnergyKcal,4.359464627151055
95,heartRateBpm,140.09530280474564
96,speedMps,2.6353155688406233
96,paceSecPerKm,379.46119691462167
96,cadenceSpm,165.2134101334545
96,distanceM,258.2964829687458
96,motionIntensityG,0.65
96,activeEnergyKcal,4.4048757170172115
96,heartRateBpm,140.50878268302503
97,speedMps,2.6928038796551412
97,paceSecPerKm,371.36013044071626
97,cadenceSpm,164.4756079869437
97,distanceM,260.9892868484009
97,motionIntensityG,0.65
97,activeEnergyKcal,4.450286806883368
97,heartRateBpm,138.95484211963756
98,speedMps,2.6938713321564856
98,paceSecPerKm,371.21297816384
98,cadenceSpm,164.96035738168726
98,distanceM,263.6831581805574
98,motionIntensityG,0.65
98,activeEnergyKcal,4.495697896749525
98,heartRateBpm,139.09849209959268
99,speedMps,2.7048343212273593
99,paceSecPerKm,369.7084113995695
99,cadenceSpm,165.38902800286584
99,distanceM,266.38799250178477
99,motionIntensityG,0.65
99,activeEnergyKcal,4.541108986615682
99,heartRateBpm,139.70843536903226
100,speedMps,2.515538339470696
100,paceSecPerKm,397.52922239714854
100,cadenceSpm,164.60588262554583
100,distanceM,268.9035308412555
100,motionIntensityG,0.65
100,activeEnergyKcal,4.586520076481839
100,heartRateBpm,141.65671382538818
101,speedMps,2.7175135577106375
101,paceSecPerKm,367.9834447054047
101,cadenceSpm,166.63311964612615
101,distanceM,271.6210443989661
101,motionIntensityG,0.65
101,activeEnergyKcal,4.631931166347996
101,heartRateBpm,141.12105752737736
102,speedMps,2.6019652592708167
102,paceSecPerKm,384.32488536770217
102,cadenceSpm,165.1337189413457
102,distanceM,274.2230096582369
102,motionIntensityG,0.65
102,activeEnergyKcal,4.6773422562141524
102,heartRateBpm,142.67106684100912
103,speedMps,2.681821263687325
103,paceSecPerKm,372.88092742805196
103,cadenceSpm,163.85295396919324
103,distanceM,276.9048309219242
103,motionIntensityG,0.65
103,activeEnergyKcal,4.722753346080309
103,heartRateBpm,141.51029593919804
104,speedMps,2.597272062656063
104,paceSecPerKm,385.01934948523046
104,cadenceSpm,166.02026645770172
104,distanceM,279.5021029845803
104,motionIntensityG,0.65
104,activeEnergyKcal,4.768164435946466
104,heartRateBpm,139.8170367186051
105,speedMps,2.7745397755716397
105,paceSecPerKm,360.42013482901666
105,cadenceSpm,166.21757202415216
105,distanceM,282.27664276015196
105,motionIntensityG,0.65
105,activeEnergyKcal,4.813575525812623
105,heartRateBpm,141.078453199214
106,speedMps,2.655480145038336
106,paceSecPerKm,376.579731491671
106,cadenceSpm,164.8824741672795
106,distanceM,284.9321229051903
106,motionIntensityG,0.65
106,activeEnergyKcal,4.85898661567878
106,heartRateBpm,139.5172566746371
107,speedMps,2.7385415430631643
107,paceSecPerKm,365.1578711789274
107,cadenceSpm,165.37222237358193
107,distanceM,287.67066444825343
107,motionIntensityG,0.65
107,activeEnergyKcal,4.904397705544937
107,heartRateBpm,139.04218756529255
108,speedMps,2.6116266696466797
108,paceSecPerKm,382.9031199682486
108,cadenceSpm,163.44104111116926
108,distanceM,290.2822911179001
108,motionIntensityG,0.65
108,activeEnergyKcal,4.949808795411093
108,heartRateBpm,141.16142135074455
109,speedMps,2.770107838735535
109,paceSecPerKm,360.9967763769326
109,cadenceSpm,164.35596369802698
109,distanceM,293.05239895663567
109,motionIntensityG,0.65
109,activeEnergyKcal,4.99521988527725
109,heartRateBpm,141.12246281156555
110,speedMps,2.5648191598277386
110,paceSecPerKm,389.8910362425564
110,cadenceSpm,168.01827726757602
110,distanceM,295.6172181164634
110,motionIntensityG,0.65
110,activeEnergyKcal,5.040630975143407
110,heartRateBpm,138.22159485551572
111,speedMps,2.7061536376701776
111,paceSecPerKm,369.52816945786384
111,cadenceSpm,166.34428487033145
111,distanceM,298.3233717541336
111,motionIntensityG,0.65
111,activeEnergyKcal,5.086042065009564
111,heartRateBpm,138.03569190266444
112,speedMps,2.626178991030422
112,paceSecPerKm,380.7813570268622
112,cadenceSpm,166.76960954871714
112,distanceM,300.949550745164
112,motionIntensityG,0.65
112,activeEnergyKcal,5.131453154875721
112,heartRateBpm,137.97890924650437
113,speedMps,2.682785493608297
113,paceSecPerKm,372.74690890586953
113,cadenceSpm,167.70400127171015
113,distanceM,303.6323362387723
113,motionIntensityG,0.65
113,activeEnergyKcal,5.176864244741878
113,heartRateBpm,139.8803364228371
114,speedMps,2.7097015987609363
114,paceSecPerKm,369.04432593510273
114,cadenceSpm,165.45730754357962
114,distanceM,306.34203783753327
114,motionIntensityG,0.65
114,activeEnergyKcal,5.222275334608034
114,heartRateBpm,143.09715335585054
115,speedMps,2.543253504613669
115,paceSecPerKm,393.1971383056854
115,cadenceSpm,167.86926505053248
115,distanceM,308.88529134214696
115,motionIntensityG,0.65
115,activeEnergyKcal,5.267686424474191
115,heartRateBpm,143.61039674539776
116,speedMps,2.6760593040940783
116,paceSecPerKm,373.6837963456599
116,cadenceSpm,167.44861427430428
116,distanceM,311.561350646241
116,motionIntensityG,0.65
116,activeEnergyKcal,5.313097514340348
116,heartRateBpm,144.86542102254305
117,speedMps,2.675946162466205
117,paceSecPerKm,373.6995960630165
117,cadenceSpm,166.65434514635027
117,distanceM,314.23729680870724
117,motionIntensityG,0.65
117,activeEnergyKcal,5.358508604206505
117,heartRateBpm,147.26448334038702
118,speedMps,2.595658618748172
118,paceSecPerKm,385.25867491861374
118,cadenceSpm,165.1723116637009
118,distanceM,316.83295542745543
118,motionIntensityG,0.65
118,activeEnergyKcal,5.403919694072662
118,heartRateBpm,146.55060955821006
119,speedMps,2.6151077005387675
119,paceSecPerKm,382.39342868899007
119,cadenceSpm,166.70852211592708
119,distanceM,319.4480631279942
119,motionIntensityG,0.65
119,activeEnergyKcal,5.4493307839388185
119,heartRateBpm,147.32777470335296
120,speedMps,2.6636744842514424
120,paceSecPerKm,375.4212483215735
120,cadenceSpm,163.98568038287723
120,distanceM,322.11173761224563
120,motionIntensityG,0.65
120,activeEnergyKcal,5.494741873804975
120,heartRateBpm,145.1080839623135
121,speedMps,2.602852042846101
121,paceSecPerKm,384.19394707758545
121,cadenceSpm,165.6865762727641
121,distanceM,324.71458965509174
121,motionIntensityG,0.65
121,activeEnergyKcal,5.540152963671132
121,heartRateBpm,143.66023033003597
122,speedMps,2.7007780561465404
122,paceSecPerKm,370.2636718793532
122,cadenceSpm,165.16270912275337
122,distanceM,327.4153677112383
122,motionIntensityG,0.65
122,activeEnergyKcal,5.585564053537289
122,heartRateBpm,141.41728642165498
123,speedMps,2.606593323296181
123,paceSecPerKm,383.64250804396477
123,cadenceSpm,168.6898855214686
123,distanceM,330.02196103453446
123,motionIntensityG,0.65
123,activeEnergyKcal,5.630975143403446
123,heartRateBpm,141.6589746346269
124,speedMps,2.680498361767734
124,paceSecPerKm,373.0649547349547
124,cadenceSpm,167.1782636491516
124,distanceM,332.7024593963022
124,motionIntensityG,0.65
124,activeEnergyKcal,5.676386233269603
124,heartRateBpm,140.94299290423805
125,speedMps,2.640325128491737
125,paceSecPerKm,378.74123501269
125,cadenceSpm,168.08048273311638
125,distanceM,335.3427845247939
125,motionIntensityG,0.65
125,activeEnergyKcal,5.7217973231357595
125,heartRateBpm,138.7418572545825
126,speedMps,2.6322855046457008
126,paceSecPerKm,379.89800051518256
126,cadenceSpm,164.35408359190023
126,distanceM,337.9750700294396
126,motionIntensityG,0.65
126,activeEnergyKcal,5.767208413001916
126,heartRateBpm,141.20034502049313
127,speedMps,2.687071326276185
127,paceSecPerKm,372.15238398075076
127,cadenceSpm,168.40045698857523
127,distanceM,340.6621413557158
127,motionIntensityG,0.65
127,activeEnergyKcal,5.812619502868073
127,heartRateBpm,141.44930272847338
128,speedMps,2.5867312758002874
128,paceSecPerKm,386.58828203583624
128,cadenceSpm,164.61650729843845
128,distanceM,343.24887263151606
128,motionIntensityG,0.65
128,activeEnergyKcal,5.85803059273423
128,heartRateBpm,141.86026242474705
129,speedMps,2.654010252715652
129,paceSecPerKm,376.7882957410485
129,cadenceSpm,164.65688272945238
129,distanceM,345.9028828842317
129,motionIntensityG,0.65
129,activeEnergyKcal,5.903441682600387
129,heartRateBpm,141.1956984336587
130,speedMps,2.5687371039586484
130,paceSecPerKm,389.2963582995366
130,cadenceSpm,165.4778805150299
130,distanceM,348.47161998819035
130,motionIntensityG,0.65
130,activeEnergyKcal,5.948852772466544
130,heartRateBpm,139.54421054989572
131,speedMps,2.6720206963321917
131,paceSecPerKm,374.24859821358126
131,cadenceSpm,167.60979920665355
131,distanceM,351.14364068452255
131,motionIntensityG,0.65
131,activeEnergyKcal,5.9942638623327005
131,heartRateBpm,138.66072139575985
132,speedMps,2.597172844476946
132,paceSecPerKm,385.0340581400132
132,cadenceSpm,165.98928648892252
132,distanceM,353.7408135289995
132,motionIntensityG,0.65
132,activeEnergyKcal,6.039674952198857
132,heartRateBpm,138.95987346688452
133,speedMps,2.6368721424534267
133,paceSecPerKm,379.23719694257505
133,cadenceSpm,166.21122417413443
133,distanceM,356.3776856714529
133,motionIntensityG,0.65
133,activeEnergyKcal,6.085086042065014
133,heartRateBpm,136.49431597206095
134,speedMps,2.639623175226803
134,paceSecPerKm,378.8419534216574
134,cadenceSpm,166.30827792116654
134,distanceM,359.0173088466797
134,motionIntensityG,0.65
134,activeEnergyKcal,6.130497131931171
134,heartRateBpm,134.63543726035394
135,speedMps,2.7585694697579513
135,paceSecPerKm,362.5067307395903
135,cadenceSpm,166.01827193017724
135,distanceM,361.7758783164377
135,motionIntensityG,0.65
135,activeEnergyKcal,6.175908221797328
135,heartRateBpm,135.35890181521833
136,speedMps,2.613236067088738
136,paceSecPerKm,382.66730380544794
136,cadenceSpm,167.8821172160731
136,distanceM,364.3891143835264
136,motionIntensityG,0.65
136,activeEnergyKcal,6.221319311663485
136,heartRateBpm,134.61227054975626
137,speedMps,2.7218157410919357
137,paceSecPerKm,367.40179906477465
137,cadenceSpm,167.9413748719762
137,distanceM,367.11093012461833
137,motionIntensityG,0.65
137,activeEnergyKcal,6.2667304015296414
137,heartRateBpm,133.88931973512172
138,speedMps,2.6837603744620218
138,paceSecPerKm,372.6115079109687
138,cadenceSpm,167.8541417952626
138,distanceM,369.79469049908033
138,motionIntensityG,0.65
138,activeEnergyKcal,6.312141491395798
138,heartRateBpm,134.39216921324697
139,speedMps,2.6262178804697673
139,paceSecPerKm,380.7757183578097
139,cadenceSpm,163.92602639317133
139,distanceM,372.4209083795501
139,motionIntensityG,0.65
139,activeEnergyKcal,6.357552581261955
139,heartRateBpm,133.6830936798321
140,speedMps,2.639081549415292
140,paceSecPerKm,378.91970417570366
140,cadenceSpm,166.55770597255767
140,distanceM,375.05998992896536
140,motionIntensityG,0.65
140,activeEnergyKcal,6.402963671128112
140,heartRateBpm,132.83507852169305
141,speedMps,2.76104757639731
141,paceSecPerKm,362.1813722256924
141,cadenceSpm,166.02572051597903
141,distanceM,377.82103750536265
141,motionIntensityG,0.65
141,activeEnergyKcal,6.448374760994269
141,heartRateBpm,134.61627778511135
142,speedMps,2.687371617198476
142,paceSecPerKm,372.11079911697414
142,cadenceSpm,164.93274895578654
142,distanceM,380.50840912256115
142,motionIntensityG,0.65
142,activeEnergyKcal,6.493785850860426
142,heartRateBpm,134.9456814324227
143,speedMps,2.5872770818353765
143,paceSecPerKm,386.506728259122
143,cadenceSpm,163.84205665658445
143,distanceM,383.09568620439654
143,motionIntensityG,0.65
143,activeEnergyKcal,6.539196940726582
143,heartRateBpm,135.1900343519942
144,speedMps,2.609356302110933
144,paceSecPerKm,383.2362790742735
144,cadenceSpm,165.2829919144884
144,distanceM,385.7050425065075
144,motionIntensityG,0.65
144,activeEnergyKcal,6.584608030592739
144,heartRateBpm,133.561878661085
145,speedMps,2.6842185314943814
145,paceSecPerKm,372.54790855022947
145,cadenceSpm,166.06335357290857
145,distanceM,388.38926103800185
145,motionIntensityG,0.65
145,activeEnergyKcal,6.630019120458896
145,heartRateBpm,132.25926850737054
146,speedMps,2.696130906940973
146,paceSecPerKm,370.9018717991697
146,cadenceSpm,166.16462484428945
146,distanceM,391.08539194494284
146,motionIntensityG,0.65
146,activeEnergyKcal,6.675430210325053
146,heartRateBpm,134.0258166892973
147,speedMps,2.6952269242287943
147,paceSecPerKm,371.02627278262946
147,cadenceSpm,168.82052227190553
147,distanceM,393.78061886917163
147,motionIntensityG,0.65
147,activeEnergyKcal,6.72084130019121
147,heartRateBpm,132.7859802224203
148,speedMps,2.635576581017736
148,paceSecPerKm,379.42361728447554
148,cadenceSpm,166.88537721055494
148,distanceM,396.4161954501894
148,motionIntensityG,0.65
148,activeEnergyKcal,6.766252390057367
148,heartRateBpm,132.8332696633492
149,speedMps,2.648234512080614
149,paceSecPerKm,377.6100626429565
149,cadenceSpm,167.15142826480258
149,distanceM,399.06442996226997
149,motionIntensityG,0.65
149,activeEnergyKcal,6.811663479923523
149,heartRateBpm,133.71545864850634
150,speedMps,2.690217996176746
150,paceSecPerKm,371.71708813976
150,cadenceSpm,166.72079488514464
150,distanceM,401.7546479584467
150,motionIntensityG,0.65
150,activeEnergyKcal,6.85707456978968
150,heartRateBpm,134.4685492272606
151,speedMps,2.760512177600532
151,paceSecPerKm,362.25161696957673
151,cadenceSpm,165.9363810378366
151,distanceM,404.51516013604726
151,motionIntensityG,0.65
151,activeEnergyKcal,6.902485659655837
151,heartRateBpm,131.46524057831766
152,speedMps,2.6089044076366488
152,paceSecPerKm,383.30266033238024
152,cadenceSpm,164.85868445839043
152,distanceM,407.1240645436839
152,motionIntensityG,0.65
152,activeEnergyKcal,6.947896749521994
152,heartRateBpm,131.3701251443155
153,speedMps,2.6990821110449383
153,paceSecPerKm,370.4963238828085
153,cadenceSpm,166.62829658676208
153,distanceM,409.8231466547289
153,motionIntensityG,0.65
153,activeEnergyKcal,6.993307839388151
153,heartRateBpm,131.26657612299778
154,speedMps,2.725653995298103
154,paceSecPerKm,366.88442543516265
154,cadenceSpm,166.65352394900495
154,distanceM,412.548800650027
154,motionIntensityG,0.65
154,activeEnergyKcal,7.0387189292543075
154,heartRateBpm,132.16436731862507
155,speedMps,2.677146618771283
155,paceSecPerKm,373.5320258473423
155,cadenceSpm,168.31576932628664
155,distanceM,415.2259472687983
155,motionIntensityG,0.65
155,activeEnergyKcal,7.084130019120464
155,heartRateBpm,132.27873329689118
156,speedMps,2.647114460710459
156,paceSecPerKm,377.76983762598996
156,cadenceSpm,167.79129090433912
156,distanceM,417.8730617295087
156,motionIntensityG,0.65
156,activeEnergyKcal,7.129541108986621
156,heartRateBpm,133.02883447765655
157,speedMps,2.5470717754043
157,paceSecPerKm,392.6077033464315
157,cadenceSpm,165.7937031590371
157,distanceM,420.420133504913
157,motionIntensityG,0.65
157,activeEnergyKcal,7.174952198852778
157,heartRateBpm,133.03724306835667
158,speedMps,2.657883902833779
158,paceSecPerKm,376.2391573739626
158,cadenceSpm,163.90479340875464
158,distanceM,423.07801740774676
158,motionIntensityG,0.65
158,activeEnergyKcal,7.220363288718935
158,heartRateBpm,133.3214206669845
159,speedMps,2.6874196379407587
159,paceSecPerKm,372.1041499742304
159,cadenceSpm,167.8500941195215
159,distanceM,425.7654370456875
159,motionIntensityG,0.65
159,activeEnergyKcal,7.265774378585092
159,heartRateBpm,135.1847874885303
160,speedMps,2.5369285225042852
160,paceSecPerKm,394.1774437589859
160,cadenceSpm,165.40559611666205
160,distanceM,428.3023655681918
160,motionIntensityG,0.65
160,activeEnergyKcal,7.3111854684512485
160,heartRateBpm,134.9303813466351
161,speedMps,2.6068736215523822
161,paceSecPerKm,383.6012577412572
161,cadenceSpm,163.9220360005079
161,distanceM,430.9092391897442
161,motionIntensityG,0.65
161,activeEnergyKcal,7.356596558317405
161,heartRateBpm,135.4380210398176
162,speedMps,2.715595720374695
162,paceSecPerKm,368.24332594765656
162,cadenceSpm,168.3373156329847
162,distanceM,433.6248349101189
162,motionIntensityG,0.65
162,activeEnergyKcal,7.402007648183562
162,heartRateBpm,135.45739752330527
163,speedMps,2.557823113828385
163,paceSecPerKm,390.9574491659294
163,cadenceSpm,165.7947595400532
163,distanceM,436.1826580239473
163,motionIntensityG,0.65
163,activeEnergyKcal,7.447418738049719
163,heartRateBpm,134.84506311692505
164,speedMps,2.6414188222273163
164,paceSecPerKm,378.58441515790093
164,cadenceSpm,168.78467009910514
164,distanceM,438.8240768461746
164,motionIntensityG,0.65
164,activeEnergyKcal,7.492829827915876
164,heartRateBpm,133.66057985832873
165,speedMps,2.532233680075934
165,paceSecPerKm,394.90826137736747
165,cadenceSpm,165.84873570086236
165,distanceM,441.3563105262505
165,motionIntensityG,0.65
165,activeEnergyKcal,7.538240917782033
165,heartRateBpm,132.71195163777185
166,speedMps,2.6084172164250647
166,paceSecPerKm,383.3742522871928
166,cadenceSpm,164.38352320246267
166,distanceM,443.96472774267556
166,motionIntensityG,0.65
166,activeEnergyKcal,7.5836520076481895
166,heartRateBpm,132.97895183249832
167,speedMps,2.7880645167806106
167,paceSecPerKm,358.67175740778913
167,cadenceSpm,166.36579680313127
167,distanceM,446.75279225945616
167,motionIntensityG,0.65
167,activeEnergyKcal,7.629063097514346
167,heartRateBpm,130.0828432131152
168,speedMps,2.600988909652196
168,paceSecPerKm,384.46915182491875
168,cadenceSpm,166.27699488088103
168,distanceM,449.35378116910834
168,motionIntensityG,0.65
168,activeEnergyKcal,7.674474187380503
168,heartRateBpm,131.3600311974797
169,speedMps,2.615215054702863
169,paceSecPerKm,382.3777314992623
169,cadenceSpm,165.18395574192638
169,distanceM,451.9689962238112
169,motionIntensityG,0.65
169,activeEnergyKcal,7.71988527724666
169,heartRateBpm,131.41302319014216
170,speedMps,2.6676840628065617
170,paceSecPerKm,374.8569832320926
170,cadenceSpm,163.95316430933266
170,distanceM,454.6366802866178
170,motionIntensityG,0.65
170,activeEnergyKcal,7.765296367112817
170,heartRateBpm,130.31384740660994
171,speedMps,2.582005299712234
171,paceSecPerKm,387.29587430027766
171,cadenceSpm,166.10153268399864
171,distanceM,457.21868558633
171,motionIntensityG,0.65
171,activeEnergyKcal,7.810707456978974
171,heartRateBpm,127.82742983545718
172,speedMps,2.634557928759275
172,paceSecPerKm,379.5703214887905
172,cadenceSpm,167.59498951682684
172,distanceM,459.8532435150893
172,motionIntensityG,0.65
172,activeEnergyKcal,7.8561185468451304
172,heartRateBpm,128.59311454179155
173,speedMps,2.663065159543991
173,paceSecPerKm,375.5071468740309
173,cadenceSpm,164.65776072880738
173,distanceM,462.51630867463325
173,motionIntensityG,0.65
173,activeEnergyKcal,7.901529636711287
173,heartRateBpm,129.43529153622708
174,speedMps,2.626534605423832
174,paceSecPerKm,380.7298018975214
174,cadenceSpm,166.15153769133792
174,distanceM,465.1428432800571
174,motionIntensityG,0.65
174,activeEnergyKcal,7.946940726577444
174,heartRateBpm,128.57915187997952
175,speedMps,2.6714317233985567
175,paceSecPerKm,374.33110913567145
175,cadenceSpm,166.544280307608
175,distanceM,467.81427500345563
175,motionIntensityG,0.65
175,activeEnergyKcal,7.992351816443601
175,heartRateBpm,129.45550341295694
176,speedMps,2.602055864729721
176,paceSecPerKm,384.31150289844805
176,cadenceSpm,165.59006127152654
176,distanceM,470.41633086818536
176,motionIntensityG,0.65
176,activeEnergyKcal,8.037762906309757
176,heartRateBpm,130.9710004769946
177,speedMps,2.7441374944770405
177,paceSecPerKm,364.4132271114838
177,cadenceSpm,165.92074498589665
177,distanceM,473.1604683626624
177,motionIntensityG,0.65
177,activeEnergyKcal,8.083173996175914
177,heartRateBpm,131.71578459535553
178,speedMps,2.7449570717696465
178,paceSecPerKm,364.30442220187797
178,cadenceSpm,162.7629002861609
178,distanceM,475.90542543443206
178,motionIntensityG,0.65
178,activeEnergyKcal,8.12858508604207
178,heartRateBpm,128.10340000881567
179,speedMps,2.718770892497187
179,paceSecPerKm,367.8132654574294
179,cadenceSpm,165.71218598933626
179,distanceM,478.6241963269292
179,motionIntensityG,0.65
179,activeEnergyKcal,8.173996175908227
179,heartRateBpm,129.03125237483042
180,speedMps,2.6510826172207915
180,paceSecPerKm,377.20438944612357
180,cadenceSpm,165.65358238549183
180,distanceM,481.27527894415
180,motionIntensityG,0.65
180,activeEnergyKcal,8.219407265774384
180,heartRateBpm,128.37864788340858
181,speedMps,2.6750727560951217
181,paceSecPerKm,373.82160829888153
181,cadenceSpm,164.69280210183453
181,distanceM,483.9503517002451
181,motionIntensityG,0.65
181,activeEnergyKcal,8.264818355640541
181,heartRateBpm,130.10012148352507
182,speedMps,2.7131863481923806
182,paceSecPerKm,368.5703345316605
182,cadenceSpm,169.59353820891775
182,distanceM,486.6635380484375
182,motionIntensityG,0.65
182,activeEnergyKcal,8.310229445506698
182,heartRateBpm,129.70639132790058
183,speedMps,2.6210289387479127
183,paceSecPerKm,381.5295532287058
183,cadenceSpm,164.29231238696764
183,distanceM,489.2845669871854
183,motionIntensityG,0.65
183,activeEnergyKcal,8.355640535372855
183,heartRateBpm,130.42360387905327
184,speedMps,2.5770174084765465
184,paceSecPerKm,388.04549659257805
184,cadenceSpm,167.8035273415232
184,distanceM,491.86158439566196
184,motionIntensityG,0.65
184,activeEnergyKcal,8.401051625239011
184,heartRateBpm,130.15793688412248
185,speedMps,2.76764336898324
185,paceSecPerKm,361.31822878876693
185,cadenceSpm,167.42353907996252
185,distanceM,494.6292277646452
185,motionIntensityG,0.65
185,activeEnergyKcal,8.446462715105168
185,heartRateBpm,129.91336590252828
186,speedMps,2.559138058981897
186,paceSecPerKm,390.7565660595233
186,cadenceSpm,166.83661826592856
186,distanceM,497.18836582362707
186,motionIntensityG,0.65
186,activeEnergyKcal,8.491873804971325
186,heartRateBpm,129.63337168892036
187,speedMps,2.7377831897359677
187,paceSecPerKm,365.2590182265091
187,cadenceSpm,169.1392169861822
187,distanceM,499.92614901336304
187,motionIntensityG,0.65
187,activeEnergyKcal,8.537284894837482
187,heartRateBpm,127.41974849409073
188,speedMps,2.581419991247868
188,paceSecPerKm,387.3836893610622
188,cadenceSpm,166.92958265185487
188,distanceM,502.5075690046109
188,motionIntensityG,0.65
188,activeEnergyKcal,8.582695984703639
188,heartRateBpm,128.6267312417546
189,speedMps,2.637829087612232
189,paceSecPerKm,379.09961820354397
189,cadenceSpm,165.66404119410743
189,distanceM,505.1453980922231
189,motionIntensityG,0.65
189,activeEnergyKcal,8.628107074569796
189,heartRateBpm,129.02593263989303
190,speedMps,2.7101509199258516
190,paceSecPerKm,368.9831413622381
190,cadenceSpm,167.93789045437063
190,distanceM,507.85554901214897
190,motionIntensityG,0.65
190,activeEnergyKcal,8.673518164435952
190,heartRateBpm,129.19401176778146
191,speedMps,2.5839613527344247
191,paceSecPerKm,387.0026921810461
191,cadenceSpm,163.86846197532353
191,distanceM,510.4395103648834
191,motionIntensityG,0.65
191,activeEnergyKcal,8.71892925430211
191,heartRateBpm,130.97272928337108
192,speedMps,2.752872395078083
192,paceSecPerKm,363.256939111279
192,cadenceSpm,167.01240442206884
192,distanceM,513.1923827599614
192,motionIntensityG,0.65
192,activeEnergyKcal,8.764340344168266
192,heartRateBpm,130.89821543245174
193,speedMps,2.652744782076839
193,paceSecPerKm,376.9680395778964
193,cadenceSpm,164.94223278099275
193,distanceM,515.8451275420383
193,motionIntensityG,0.65
193,activeEnergyKcal,8.809751434034423
193,heartRateBpm,132.16221099196989
194,speedMps,2.615822701491558
194,paceSecPerKm,382.2889064422424
194,cadenceSpm,167.70247749383088
194,distanceM,518.4609502435299
194,motionIntensityG,0.65
194,activeEnergyKcal,8.85516252390058
194,heartRateBpm,132.74080107688172
195,speedMps,2.7021842991380676
195,paceSecPerKm,370.07098306321154
195,cadenceSpm,166.71792122976626
195,distanceM,521.1631345426679
195,motionIntensityG,0.65
195,activeEnergyKcal,8.900573613766737
195,heartRateBpm,131.83999039356465
196,speedMps,2.634953279692578
196,paceSecPerKm,379.51337039139867
196,cadenceSpm,167.31152553778523
196,distanceM,523.7980878223605
196,motionIntensityG,0.65
196,activeEnergyKcal,8.945984703632893
196,heartRateBpm,132.95110987225416
197,speedMps,2.662550292728834
197,paceSecPerKm,375.5797600259055
197,cadenceSpm,165.45543760511882
197,distanceM,526.4606381150893
197,motionIntensityG,0.65
197,activeEnergyKcal,8.99139579349905
197,heartRateBpm,130.5794281596026
198,speedMps,2.626468388960734
198,paceSecPerKm,380.7394005589725
198,cadenceSpm,169.1652450794751
198,distanceM,529.08710650405
198,motionIntensityG,0.65
198,activeEnergyKcal,9.036806883365207
198,heartRateBpm,129.07069140249644
199,speedMps,2.768598819175127
199,paceSecPerKm,361.1935369884824
199,cadenceSpm,164.09917111130468
199,distanceM,531.8557053232252
199,motionIntensityG,0.65
199,activeEnergyKcal,9.082217973231364
199,heartRateBpm,126.64475423451566
200,speedMps,2.6075659671859586
200,paceSecPerKm,383.49940618345437
200,cadenceSpm,167.82232204621218
200,distanceM,534.4632712904111
200,motionIntensityG,0.65
200,activeEnergyKcal,9.12762906309752
200,heartRateBpm,127.62674407103776
201,speedMps,2.6599156955379852
201,paceSecPerKm,375.9517648162693
201,cadenceSpm,165.82042933303913
201,distanceM,537.123186985949
201,motionIntensityG,0.65
201,activeEnergyKcal,9.173040152963678
201,heartRateBpm,128.96370855220815
202,speedMps,2.7706160516588234
202,paceSecPerKm,360.9305588918681
202,cadenceSpm,166.53065564104824
202,distanceM,539.8938030376079
202,motionIntensityG,0.65
202,activeEnergyKcal,9.218451242829834
202,heartRateBpm,127.23635976336452
203,speedMps,2.7682821519608765
203,paceSecPerKm,361.2348543632603
203,cadenceSpm,166.93277607661125
203,distanceM,542.6620851895688
203,motionIntensityG,0.65
203,activeEnergyKcal,9.263862332695991
203,heartRateBpm,128.43756294105975
204,speedMps,2.68148759058905
204,paceSecPerKm,372.92732717078405
204,cadenceSpm,168.435552373822
204,distanceM,545.3435727801578
204,motionIntensityG,0.65
204,activeEnergyKcal,9.309273422562148
204,heartRateBpm,128.73343405753093
205,speedMps,2.6957080877321156
205,paceSecPerKm,370.96004739938087
205,cadenceSpm,168.48660773517503
205,distanceM,548.0392808678899
205,motionIntensityG,0.65
205,activeEnergyKcal,9.354684512428305
205,heartRateBpm,126.93264842085907
206,speedMps,2.7480222714991136
206,paceSecPerKm,363.8980696668355
206,cadenceSpm,165.4438582422827
206,distanceM,550.7873031393891
206,motionIntensityG,0.65
206,activeEnergyKcal,9.400095602294462
206,heartRateBpm,126.05313263555335
207,speedMps,2.6902996654070734
207,paceSecPerKm,371.70580395128155
207,cadenceSpm,167.23674309952935
207,distanceM,553.4776028047962
207,motionIntensityG,0.65
207,activeEnergyKcal,9.445506692160619
207,heartRateBpm,127.91231327354937
208,speedMps,2.6169641841081743
208,paceSecPerKm,382.1221574496964
208,cadenceSpm,166.55219131261427
208,distanceM,556.0945669889044
208,motionIntensityG,0.65
208,activeEnergyKcal,9.490917782026775
208,heartRateBpm,130.1268969159038
209,speedMps,2.6228194726692844
209,paceSecPerKm,381.2690924481678
209,cadenceSpm,164.76592044946278
209,distanceM,558.7173864615737
209,motionIntensityG,0.65
209,activeEnergyKcal,9.536328871892932
209,heartRateBpm,131.39062221283714
210,speedMps,2.6400916502897203
210,paceSecPerKm,378.77472923724497
210,cadenceSpm,167.22506131103563
210,distanceM,561.3574781118634
210,motionIntensityG,0.65
210,activeEnergyKcal,9.581739961759089
210,heartRateBpm,132.46522606585563
211,speedMps,2.758942675538893
211,paceSecPerKm,362.45769398042097
211,cadenceSpm,166.2082208896675
211,distanceM,564.1164207874024
211,motionIntensityG,0.65
211,activeEnergyKcal,9.627151051625246
211,heartRateBpm,130.54887972629012
212,speedMps,2.777467551142949
212,paceSecPerKm,360.0402098625751
212,cadenceSpm,166.90256192046573
212,distanceM,566.8938883385454
212,motionIntensityG,0.65
212,activeEnergyKcal,9.672562141491403
212,heartRateBpm,129.27187931711194
213,speedMps,2.835983838785363
213,paceSecPerKm,352.6113182747525
213,cadenceSpm,166.2415942687615
213,distanceM,569.7298721773308
213,motionIntensityG,0.65
213,activeEnergyKcal,9.71797323135756
213,heartRateBpm,129.32136401955492
214,speedMps,2.590760365924067
214,paceSecPerKm,385.98706895198393
214,cadenceSpm,164.9285084817309
214,distanceM,572.3206325432549
214,motionIntensityG,0.65
214,activeEnergyKcal,9.763384321223716
214,heartRateBpm,131.80116397840328
215,speedMps,2.782460790503505
215,paceSecPerKm,359.39410302311694
215,cadenceSpm,165.32983376253267
215,distanceM,575.1030933337584
215,motionIntensityG,0.65
215,activeEnergyKcal,9.808795411089873
215,heartRateBpm,133.61341186811876
216,speedMps,2.66831863482377
216,paceSecPerKm,374.7678358008564
216,cadenceSpm,166.8879420433646
216,distanceM,577.7714119685821
216,motionIntensityG,0.65
216,activeEnergyKcal,9.85420650095603
216,heartRateBpm,134.2937125426149
217,speedMps,2.6242243156129614
217,paceSecPerKm,381.0649852036074
217,cadenceSpm,165.57045529835332
217,distanceM,580.3956362841951
217,motionIntensityG,0.65
217,activeEnergyKcal,9.899617590822187
217,heartRateBpm,134.22824834636972
218,speedMps,2.639608980916859
218,paceSecPerKm,378.84399061737304
218,cadenceSpm,164.52713696547457
218,distanceM,583.0352452651119
218,motionIntensityG,0.65
218,activeEnergyKcal,9.945028680688344
218,heartRateBpm,135.41518385567645
219,speedMps,2.594793325833705
219,paceSecPerKm,385.38714819558925
219,cadenceSpm,168.2313993830615
219,distanceM,585.6300385909457
219,motionIntensityG,0.65
219,activeEnergyKcal,9.9904397705545
219,heartRateBpm,135.91949398913366
220,speedMps,2.691659232665459
220,paceSecPerKm,371.5180539438991
220,cadenceSpm,163.9979100064974
220,distanceM,588.3216978236111
220,motionIntensityG,0.65
220,activeEnergyKcal,10.035850860420657
220,heartRateBpm,133.18437057450623
221,speedMps,2.6928800111795583
221,paceSecPerKm,371.3496315648953
221,cadenceSpm,165.9872996025762
221,distanceM,591.0145778347907
221,motionIntensityG,0.65
221,activeEnergyKcal,10.081261950286814
221,heartRateBpm,135.50893067280956
222,speedMps,2.6511935553044306
222,paceSecPerKm,377.188605486472
222,cadenceSpm,165.032330598885
222,distanceM,593.6657713900951
222,motionIntensityG,0.65
222,activeEnergyKcal,10.126673040152971
222,heartRateBpm,133.45695456487059
223,speedMps,2.7167602476522443
223,paceSecPerKm,368.08548007288266
223,cadenceSpm,168.6819379407939
223,distanceM,596.3825316377473
223,motionIntensityG,0.65
223,activeEnergyKcal,10.172084130019128
223,heartRateBpm,132.16623991984648
224,speedMps,2.5051014006691976
224,paceSecPerKm,399.18543805566753
224,cadenceSpm,164.65840425617955
224,distanceM,598.8876330384165
224,motionIntensityG,0.65
224,activeEnergyKcal,10.217495219885285
224,heartRateBpm,132.21731253142678
225,speedMps,2.712218724617759
225,paceSecPerKm,368.70182737232335
225,cadenceSpm,166.51093616999958
225,distanceM,601.5998517630343
225,motionIntensityG,0.65
225,activeEnergyKcal,10.262906309751441
225,heartRateBpm,132.85469672583554
226,speedMps,2.7426246067777984
226,paceSecPerKm,364.61424488379424
226,cadenceSpm,166.89988137503042
226,distanceM,604.3424763698121
226,motionIntensityG,0.65
226,activeEnergyKcal,10.308317399617598
226,heartRateBpm,132.51283978267895
227,speedMps,2.6868328339464473
227,paceSecPerKm,372.18541747950496
227,cadenceSpm,165.28727528540574
227,distanceM,607.0293092037585
227,motionIntensityG,0.65
227,activeEnergyKcal,10.353728489483755
227,heartRateBpm,131.525754901044
228,speedMps,2.62561508840591
228,paceSecPerKm,380.86313733332867
228,cadenceSpm,167.35265943655588
228,distanceM,609.6549242921644
228,motionIntensityG,0.65
228,activeEnergyKcal,10.399139579349912
228,heartRateBpm,131.46316307041602
229,speedMps,2.625526750205822
229,paceSecPerKm,380.8759518148529
229,cadenceSpm,167.31096065150226
229,distanceM,612.2804510423703
229,motionIntensityG,0.65
229,activeEnergyKcal,10.444550669216069
229,heartRateBpm,132.2750564989311
230,speedMps,2.7059204048680443
230,paceSecPerKm,369.5600203912005
230,cadenceSpm,166.4957478392271
230,distanceM,614.9863714472383
230,motionIntensityG,0.65
230,activeEnergyKcal,10.489961759082226
230,heartRateBpm,130.27861350165227
231,speedMps,2.7503417594398183
231,paceSecPerKm,363.5911779209858
231,cadenceSpm,165.2185924431365
231,distanceM,617.7367132066781
231,motionIntensityG,0.65
231,activeEnergyKcal,10.535372848948382
231,heartRateBpm,130.15583957196796
232,speedMps,2.6852395322328135
232,paceSecPerKm,372.40625575346206
232,cadenceSpm,166.98038601367645
232,distanceM,620.4219527389109
232,motionIntensityG,0.65
232,activeEnergyKcal,10.58078393881454
232,heartRateBpm,130.69031010030832
233,speedMps,2.74849059153151
233,paceSecPerKm,363.8360644497537
233,cadenceSpm,164.47063047424976
233,distanceM,623.1704433304425
233,motionIntensityG,0.65
233,activeEnergyKcal,10.626195028680696
233,heartRateBpm,129.54627922642985
234,speedMps,2.6743136084792267
234,paceSecPerKm,373.9277236706204
234,cadenceSpm,167.49251283991663
234,distanceM,625.8447569389217
234,motionIntensityG,0.65
234,activeEnergyKcal,10.671606118546853
234,heartRateBpm,128.52105237388434
235,speedMps,2.685338601664621
235,paceSecPerKm,372.3925166755908
235,cadenceSpm,167.91491209873354
235,distanceM,628.5300955405863
235,motionIntensityG,0.65
235,activeEnergyKcal,10.71701720841301
235,heartRateBpm,129.139594666323
236,speedMps,2.549966255726034
236,paceSecPerKm,392.1620522446
236,cadenceSpm,167.77494939876448
236,distanceM,631.0800617963124
236,motionIntensityG,0.65
236,activeEnergyKcal,10.762428298279167
236,heartRateBpm,127.59527217926
237,speedMps,2.684463334983528
237,paceSecPerKm,372.5139348964645
237,cadenceSpm,165.43938858857717
237,distanceM,633.764525131296
237,motionIntensityG,0.65
237,activeEnergyKcal,10.807839388145323
237,heartRateBpm,127.38350302009492
238,speedMps,2.67851099551121
238,paceSecPerKm,373.34175654901276
238,cadenceSpm,165.10954725351908
238,distanceM,636.4430361268072
238,motionIntensityG,0.65
238,activeEnergyKcal,10.85325047801148
238,heartRateBpm,126.55693215084203
239,speedMps,2.6552069351025813
239,paceSecPerKm,376.61848000610394
239,cadenceSpm,162.6396699267203
239,distanceM,639.0982430619098
239,motionIntensityG,0.65
239,activeEnergyKcal,10.898661567877637
239,heartRateBpm,126.79389931159389
240,speedMps,2.632229052224329
240,paceSecPerKm,379.90614804397956
240,cadenceSpm,164.75395875679305
240,distanceM,641.7304721141342
240,motionIntensityG,0.65
240,activeEnergyKcal,10.944072657743794
240,heartRateBpm,126.22563082081292
241,speedMps,3.052387186603387
241,paceSecPerKm,327.61243540429507
241,cadenceSpm,176.1012545758205
241,distanceM,644.7828593007375
241,motionIntensityG,0.9019941499999999
241,activeEnergyKcal,11.004206159177828
241,heartRateBpm,127.08140164122187
242,speedMps,3.2518046910112965
242,paceSecPerKm,307.52154419489585
242,cadenceSpm,174.03970170775094
242,distanceM,648.0346639917489
242,motionIntensityG,0.9019883
242,activeEnergyKcal,11.06433931883366
242,heartRateBpm,127.66972972961301
243,speedMps,3.230083603878215
243,paceSecPerKm,309.5895099431313
243,cadenceSpm,174.85167761929233
243,distanceM,651.2647475956271
243,motionIntensityG,0.90198245
243,activeEnergyKcal,11.12447213671129
243,heartRateBpm,129.11636153684987
244,speedMps,3.3188756573125238
244,paceSecPerKm,301.30685908545155
244,cadenceSpm,175.77344014227998
244,distanceM,654.5836232529397
244,motionIntensityG,0.9019766
244,activeEnergyKcal,11.184604612810716
244,heartRateBpm,131.1996755622948
245,speedMps,3.3760749849517624
245,paceSecPerKm,296.2019518101101
245,cadenceSpm,174.9446890917395
245,distanceM,657.9596982378914
245,motionIntensityG,0.90197075
245,activeEnergyKcal,11.24473674713194
245,heartRateBpm,132.29959213892002
246,speedMps,3.2218877565652644
246,paceSecPerKm,310.37704462618
246,cadenceSpm,175.49883377945542
246,distanceM,661.1815859944567
246,motionIntensityG,0.9019649000000001
246,activeEnergyKcal,11.304868539674962
246,heartRateBpm,133.74965973280663
247,speedMps,3.15138381730523
247,paceSecPerKm,317.3209161349019
247,cadenceSpm,174.8286829349716
247,distanceM,664.3329698117619
247,motionIntensityG,0.9019590500000001
247,activeEnergyKcal,11.36499999043978
247,heartRateBpm,135.34760322219003
248,speedMps,3.15723320937827
248,paceSecPerKm,316.73301707000684
248,cadenceSpm,173.65816225023158
248,distanceM,667.4902030211402
248,motionIntensityG,0.9019532000000001
248,activeEnergyKcal,11.425131099426395
248,heartRateBpm,136.91131915308793
249,speedMps,3.2270420940382807
249,paceSecPerKm,309.8813002307672
249,cadenceSpm,173.70385042818407
249,distanceM,670.7172451151786
249,motionIntensityG,0.9019473499999999
249,activeEnergyKcal,11.485261866634808
249,heartRateBpm,136.56524934418601
250,speedMps,3.1518851816871014
250,paceSecPerKm,317.2704405002255
250,cadenceSpm,174.48755935493023
250,distanceM,673.8691302968657
250,motionIntensityG,0.9019415000000002
250,activeEnergyKcal,11.545392292065019
250,heartRateBpm,137.54313684661116
251,speedMps,3.3355423886718625
251,paceSecPerKm,299.8013166902602
251,cadenceSpm,175.23816558421666
251,distanceM,677.2046726855376
251,motionIntensityG,0.90193565
251,activeEnergyKcal,11.605522375717026
251,heartRateBpm,139.1340475466252
252,speedMps,3.1337290244961964
252,paceSecPerKm,319.1086377229978
252,cadenceSpm,174.65502385547086
252,distanceM,680.3384017100338
252,motionIntensityG,0.9019298
252,activeEnergyKcal,11.665652117590831
252,heartRateBpm,137.65532893267084
253,speedMps,3.3295961346348304
253,paceSecPerKm,300.33672540578976
253,cadenceSpm,172.41479451563063
253,distanceM,683.6679978446687
253,motionIntensityG,0.90192395
253,activeEnergyKcal,11.725781517686434
253,heartRateBpm,137.564598779236
254,speedMps,3.063357724843077
254,paceSecPerKm,326.43918530645186
254,cadenceSpm,173.12709443223943
254,distanceM,686.7313555695117
254,motionIntensityG,0.9019181000000001
254,activeEnergyKcal,11.785910576003833
254,heartRateBpm,140.7420304512532
255,speedMps,3.144637128713919
255,paceSecPerKm,318.0017150051828
255,cadenceSpm,174.74986993308417
255,distanceM,689.8759926982257
255,motionIntensityG,0.9019122500000001
255,activeEnergyKcal,11.84603929254303
255,heartRateBpm,142.9854084835182
256,speedMps,3.187411589220065
256,paceSecPerKm,313.7341921520378
256,cadenceSpm,177.17814875900305
256,distanceM,693.0634042874458
256,motionIntensityG,0.9019064000000001
256,activeEnergyKcal,11.906167667304024
256,heartRateBpm,141.84629074320813
257,speedMps,3.191680579497794
257,paceSecPerKm,313.31456111981873
257,cadenceSpm,173.64430963981494
257,distanceM,696.2550848669435
257,motionIntensityG,0.9019005500000001
257,activeEnergyKcal,11.966295700286816
257,heartRateBpm,141.93105992266524
258,speedMps,3.2424462412037736
258,paceSecPerKm,308.40912249905034
258,cadenceSpm,175.01588373072
258,distanceM,699.4975311081473
258,motionIntensityG,0.9018946999999999
258,activeEnergyKcal,12.026423391491404
258,heartRateBpm,144.18034729983097
259,speedMps,3.2321461319792935
259,paceSecPerKm,309.39195171464064
259,cadenceSpm,174.06311369484337
259,distanceM,702.7296772401266
259,motionIntensityG,0.90188885
259,activeEnergyKcal,12.08655074091779
259,heartRateBpm,146.57791015245564
260,speedMps,3.123739542314835
260,paceSecPerKm,320.1291229482449
260,cadenceSpm,176.23460385362165
260,distanceM,705.8534167824415
260,motionIntensityG,0.901883
260,activeEnergyKcal,12.146677748565974
260,heartRateBpm,148.32039934990416
261,speedMps,3.17236305726047
261,paceSecPerKm,315.2224325999942
261,cadenceSpm,175.2563110537071
261,distanceM,709.025779839702
261,motionIntensityG,0.90187715
261,activeEnergyKcal,12.206804414435956
261,heartRateBpm,149.19059377519045
262,speedMps,3.1211264851011764
262,paceSecPerKm,320.39714019074216
262,cadenceSpm,175.4975022850761
262,distanceM,712.1469063248031
262,motionIntensityG,0.9018713
262,activeEnergyKcal,12.266930738527734
262,heartRateBpm,152.25741327589802
263,speedMps,3.2166951739628225
263,paceSecPerKm,310.87807389844943
263,cadenceSpm,173.25800608023565
263,distanceM,715.363601498766
263,motionIntensityG,0.9018654500000001
263,activeEnergyKcal,12.327056720841309
263,heartRateBpm,152.01266208512567
264,speedMps,3.266631949810882
264,paceSecPerKm,306.125702363835
264,cadenceSpm,173.53612159709053
264,distanceM,718.6302334485769
264,motionIntensityG,0.9018596000000001
264,activeEnergyKcal,12.387182361376682
264,heartRateBpm,153.2009687471284
265,speedMps,3.3278122131396115
265,paceSecPerKm,300.49772521766
265,cadenceSpm,175.20147556486606
265,distanceM,721.9580456617165
265,motionIntensityG,0.9018537499999999
265,activeEnergyKcal,12.447307660133852
265,heartRateBpm,152.13814089438404
266,speedMps,3.0539881965637075
266,paceSecPerKm,327.4406892355321
266,cadenceSpm,175.48020558992212
266,distanceM,725.0120338582802
266,motionIntensityG,0.9018479000000001
266,activeEnergyKcal,12.50743261711282
266,heartRateBpm,152.19104011052622
267,speedMps,3.052797787033188
267,paceSecPerKm,327.5683716253718
267,cadenceSpm,175.06137499764904
267,distanceM,728.0648316453135
267,motionIntensityG,0.90184205
267,activeEnergyKcal,12.567557232313584
267,heartRateBpm,152.78524677148758
268,speedMps,3.0441273836269036
268,paceSecPerKm,328.50136475187753
268,cadenceSpm,177.34475828971625
268,distanceM,731.1089590289404
268,motionIntensityG,0.9018362
268,activeEnergyKcal,12.627681505736147
268,heartRateBpm,153.06920658292634
269,speedMps,3.108050692867371
269,paceSecPerKm,321.74507394454287
269,cadenceSpm,173.08893479074098
269,distanceM,734.2170097218077
269,motionIntensityG,0.90183035
269,activeEnergyKcal,12.687805437380506
269,heartRateBpm,154.25548331015818
270,speedMps,3.212749586827685
270,paceSecPerKm,311.2598641674449
270,cadenceSpm,175.18590871105332
270,distanceM,737.4297593086354
270,motionIntensityG,0.9018245
270,activeEnergyKcal,12.747929027246663
270,heartRateBpm,154.84596652010208
271,speedMps,3.1681615548588566
271,paceSecPerKm,315.64046930193575
271,cadenceSpm,176.74552843993732
271,distanceM,740.5979208634943
271,motionIntensityG,0.90181865
271,activeEnergyKcal,12.808052275334617
271,heartRateBpm,154.40914154702094
272,speedMps,3.243488672296626
272,paceSecPerKm,308.3100022951297
272,cadenceSpm,178.1743365183743
272,distanceM,743.841409535791
272,motionIntensityG,0.9018128000000001
272,activeEnergyKcal,12.868175181644368
272,heartRateBpm,154.43851917803653
273,speedMps,3.1527317431754796
273,paceSecPerKm,317.1852480518323
273,cadenceSpm,175.3291369249139
273,distanceM,746.9941412789665
273,motionIntensityG,0.9018069500000001
273,activeEnergyKcal,12.928297746175916
273,heartRateBpm,156.3749357601251
274,speedMps,3.129708605133969
274,paceSecPerKm,319.5185642393677
274,cadenceSpm,172.1179714113199
274,distanceM,750.1238498841004
274,motionIntensityG,0.9018011000000001
274,activeEnergyKcal,12.988419968929263
274,heartRateBpm,153.31502044538237
275,speedMps,3.130320949560762
275,paceSecPerKm,319.45606093212814
275,cadenceSpm,176.2219333286969
275,distanceM,753.2541708336612
275,motionIntensityG,0.9017952499999999
275,activeEnergyKcal,13.048541849904407
275,heartRateBpm,153.4843239207073
276,speedMps,3.236611404402955
276,paceSecPerKm,308.9651104360692
276,cadenceSpm,174.7561968770567
276,distanceM,756.4907822380642
276,motionIntensityG,0.9017894000000002
276,activeEnergyKcal,13.108663389101347
276,heartRateBpm,154.58618898516605
277,speedMps,3.26998408888988
277,paceSecPerKm,305.8118855677637
277,cadenceSpm,174.4679376905275
277,distanceM,759.760766326954
277,motionIntensityG,0.90178355
277,activeEnergyKcal,13.168784586520085
277,heartRateBpm,155.02859864962434
278,speedMps,3.2188815754978948
278,paceSecPerKm,310.66691226294046
278,cadenceSpm,174.20705254582876
278,distanceM,762.9796479024519
278,motionIntensityG,0.9017777
278,activeEnergyKcal,13.22890544216062
278,heartRateBpm,154.42551481698595
279,speedMps,3.219542932115689
279,paceSecPerKm,310.6030952483247
279,cadenceSpm,175.64189257132182
279,distanceM,766.1991908345676
279,motionIntensityG,0.90177185
279,activeEnergyKcal,13.289025956022954
279,heartRateBpm,153.5259387126402
280,speedMps,3.312536567603388
280,paceSecPerKm,301.8834598778475
280,cadenceSpm,177.02071611292448
280,distanceM,769.511727402171
280,motionIntensityG,0.9017660000000001
280,activeEnergyKcal,13.349146128107083
280,heartRateBpm,154.01312805374258
281,speedMps,3.2571475273652664
281,paceSecPerKm,307.01710364617975
281,cadenceSpm,174.23772227905758
281,distanceM,772.7688749295363
281,motionIntensityG,0.9017601500000001
281,activeEnergyKcal,13.40926595841301
281,heartRateBpm,152.76017503792076
282,speedMps,3.243215441133096
282,paceSecPerKm,308.3359764871574
282,cadenceSpm,174.08559301000497
282,distanceM,776.0120903706694
282,motionIntensityG,0.9017543000000001
282,activeEnergyKcal,13.469385446940736
282,heartRateBpm,152.33442886181226
283,speedMps,3.1599689683259204
283,paceSecPerKm,316.4588038754625
283,cadenceSpm,176.55795034866074
283,distanceM,779.1720593389953
283,motionIntensityG,0.9017484500000001
283,activeEnergyKcal,13.529504593690257
283,heartRateBpm,151.46943806212857
284,speedMps,3.216473952160503
284,paceSecPerKm,310.89945538912286
284,cadenceSpm,174.8186712832867
284,distanceM,782.3885332911558
284,motionIntensityG,0.9017426
284,activeEnergyKcal,13.589623398661576
284,heartRateBpm,151.13715283887936
285,speedMps,3.2410549087617224
285,paceSecPerKm,308.54151754623007
285,cadenceSpm,175.64419266464768
285,distanceM,785.6295881999175
285,motionIntensityG,0.90173675
285,activeEnergyKcal,13.649741861854693
285,heartRateBpm,150.41027952903158
286,speedMps,3.048357669596552
286,paceSecPerKm,328.04549478354005
286,cadenceSpm,174.4216169159307
286,distanceM,788.677945869514
286,motionIntensityG,0.9017309
286,activeEnergyKcal,13.709859983269608
286,heartRateBpm,151.33521756013712
287,speedMps,3.3120365949630735
287,paceSecPerKm,301.92903107435296
287,cadenceSpm,175.0644245535081
287,distanceM,791.9899824644771
287,motionIntensityG,0.90172505
287,activeEnergyKcal,13.769977762906318
287,heartRateBpm,151.14637964146186
288,speedMps,3.069744130846808
288,paceSecPerKm,325.76004949446514
288,cadenceSpm,177.23112316932438
288,distanceM,795.0597265953239
288,motionIntensityG,0.9017192
288,activeEnergyKcal,13.830095200764827
288,heartRateBpm,153.38134961432786
289,speedMps,3.3405351918833386
289,paceSecPerKm,299.3532301140694
289,cadenceSpm,176.41186444739336
289,distanceM,798.4002617872072
289,motionIntensityG,0.9017133500000001
289,activeEnergyKcal,13.890212296845133
289,heartRateBpm,154.51320511926826
290,speedMps,3.2556518644043626
290,paceSecPerKm,307.15814885906263
290,cadenceSpm,178.18226046928874
290,distanceM,801.6559136516116
290,motionIntensityG,0.9017075000000001
290,activeEnergyKcal,13.950329051147236
290,heartRateBpm,155.7044205066174
291,speedMps,3.2740614343019487
291,paceSecPerKm,305.431043389449
291,cadenceSpm,175.02408470303902
291,distanceM,804.9299750859136
291,motionIntensityG,0.9017016499999999
291,activeEnergyKcal,14.010445463671136
291,heartRateBpm,154.78700819125135
292,speedMps,3.194477373643167
292,paceSecPerKm,313.04025135715455
292,cadenceSpm,172.97042267854673
292,distanceM,808.1244524595568
292,motionIntensityG,0.9016958000000002
292,activeEnergyKcal,14.070561534416834
292,heartRateBpm,152.04888687350308
293,speedMps,3.063583547834431
293,paceSecPerKm,326.4151228083446
293,cadenceSpm,178.2939326148557
293,distanceM,811.1880360073912
293,motionIntensityG,0.9016899500000002
293,activeEnergyKcal,14.13067726338433
293,heartRateBpm,152.80579665499442
294,speedMps,3.2556562076606044
294,paceSecPerKm,307.15773909019816
294,cadenceSpm,175.66222676248847
294,distanceM,814.4436922150519
294,motionIntensityG,0.9016841
294,activeEnergyKcal,14.190792650573622
294,heartRateBpm,151.84557712837181
295,speedMps,3.082571692241941
295,paceSecPerKm,324.40445830238076
295,cadenceSpm,172.93960753604063
295,distanceM,817.5262639072938
295,motionIntensityG,0.90167825
295,activeEnergyKcal,14.250907695984711
295,heartRateBpm,151.49471853061019
296,speedMps,3.2533109875332213
296,paceSecPerKm,307.3791604405567
296,cadenceSpm,176.42457542524403
296,distanceM,820.7795748948271
296,motionIntensityG,0.9016724
296,activeEnergyKcal,14.311022399617599
296,heartRateBpm,150.95650698640017
297,speedMps,3.143018728171869
297,paceSecPerKm,318.16546017899424
297,cadenceSpm,175.37504279631986
297,distanceM,823.922593622999
297,motionIntensityG,0.9016665500000001
297,activeEnergyKcal,14.371136761472284
297,heartRateBpm,151.30158503873187
298,speedMps,3.150699338753941
298,paceSecPerKm,317.3898530081536
298,cadenceSpm,173.7238304872791
298,distanceM,827.0732929617529
298,motionIntensityG,0.9016607000000001
298,activeEnergyKcal,14.431250781548766
298,heartRateBpm,151.89593330391602
299,speedMps,3.2005372310446822
299,paceSecPerKm,312.4475448372121
299,cadenceSpm,175.5908831528129
299,distanceM,830.2738301927976
299,motionIntensityG,0.9016548500000001
299,activeEnergyKcal,14.491364459847045
299,heartRateBpm,152.1011223252937
300,speedMps,3.30227866125861
300,paceSecPerKm,302.82120395583644
300,cadenceSpm,176.91997386353196
300,distanceM,833.5761088540562
300,motionIntensityG,0.9016490000000001
300,activeEnergyKcal,14.551477796367122
300,heartRateBpm,151.01228880346125
301,speedMps,2.9975964905512305
301,paceSecPerKm,333.60060406799755
301,cadenceSpm,175.80887156742355
301,distanceM,836.5737053446074
301,motionIntensityG,0.90164315
301,activeEnergyKcal,14.611590791108995
301,heartRateBpm,151.51283487174956
302,speedMps,3.085915514395404
302,paceSecPerKm,324.0529416100755
302,cadenceSpm,174.41250529451543
302,distanceM,839.6596208590029
302,motionIntensityG,0.9016373
302,activeEnergyKcal,14.671703444072666
302,heartRateBpm,151.6516360691648
303,speedMps,3.1461721299334733
303,paceSecPerKm,317.84656360208277
303,cadenceSpm,173.33536842635917
303,distanceM,842.8057929889363
303,motionIntensityG,0.90163145
303,activeEnergyKcal,14.731815755258134
303,heartRateBpm,152.26986935726825
304,speedMps,3.137881953014296
304,paceSecPerKm,318.6863033644032
304,cadenceSpm,173.86092361979576
304,distanceM,845.9436749419506
304,motionIntensityG,0.9016256
304,activeEnergyKcal,14.7919277246654
304,heartRateBpm,153.4778569566813
305,speedMps,3.293846838002381
305,paceSecPerKm,303.59638719767247
305,cadenceSpm,176.66033565017977
305,distanceM,849.237521779953
305,motionIntensityG,0.90161975
305,activeEnergyKcal,14.852039352294463
305,heartRateBpm,153.94900389507393
306,speedMps,3.1276933626598926
306,paceSecPerKm,319.7244371646354
306,cadenceSpm,176.46185505800975
306,distanceM,852.3652151426129
306,motionIntensityG,0.9016139000000001
306,activeEnergyKcal,14.912150638145324
306,heartRateBpm,153.3855180902948
307,speedMps,3.1956086213175494
307,paceSecPerKm,312.9294348904654
307,cadenceSpm,175.84893017540577
307,distanceM,855.5608237639304
307,motionIntensityG,0.9016080500000001
307,activeEnergyKcal,14.972261582217982
307,heartRateBpm,153.328903978929
308,speedMps,3.255910145786587
308,paceSecPerKm,307.13378294363605
308,cadenceSpm,172.81620979506908
308,distanceM,858.8167339097171
308,motionIntensityG,0.9016021999999999
308,activeEnergyKcal,15.032372184512436
308,heartRateBpm,154.0716595495822
309,speedMps,3.1139485981060213
309,paceSecPerKm,321.13567982728557
309,cadenceSpm,173.70330117047337
309,distanceM,861.9306825078231
309,motionIntensityG,0.9015963500000002
309,activeEnergyKcal,15.092482445028688
309,heartRateBpm,153.73714287457173
310,speedMps,3.1563490335425666
310,paceSecPerKm,316.82174226392124
310,cadenceSpm,174.87431143105317
310,distanceM,865.0870315413657
310,motionIntensityG,0.9015905
310,activeEnergyKcal,15.152592363766738
310,heartRateBpm,155.12872043029597
311,speedMps,3.244283253431228
311,paceSecPerKm,308.2344918380284
311,cadenceSpm,174.6645232642853
311,distanceM,868.331314794797
311,motionIntensityG,0.90158465
311,activeEnergyKcal,15.212701940726586
311,heartRateBpm,156.12990885207373
312,speedMps,3.2422601182895967
312,paceSecPerKm,308.4268268171939
312,cadenceSpm,171.85653995723507
312,distanceM,871.5735749130865
312,motionIntensityG,0.9015788
312,activeEnergyKcal,15.27281117590823
312,heartRateBpm,154.4942389660597
313,speedMps,3.1453629879505587
313,paceSecPerKm,317.9283293632114
313,cadenceSpm,178.20075318551145
313,distanceM,874.7189379010371
313,motionIntensityG,0.90157295
313,activeEnergyKcal,15.33292006931167
313,heartRateBpm,155.4591198050773
314,speedMps,3.144845171070714
314,paceSecPerKm,317.9806780947291
314,cadenceSpm,174.59302675758184
314,distanceM,877.8637830721078
314,motionIntensityG,0.9015671000000001
314,activeEnergyKcal,15.39302862093691
314,heartRateBpm,156.79013924988132
315,speedMps,3.1541623990909136
315,paceSecPerKm,317.04138007865987
315,cadenceSpm,174.8126388508732
315,distanceM,881.0179454711987
315,motionIntensityG,0.9015612500000001
315,activeEnergyKcal,15.453136830783947
315,heartRateBpm,157.6449086351639
316,speedMps,3.3506948848576354
316,paceSecPerKm,298.4455566274242
316,cadenceSpm,176.36419016149554
316,distanceM,884.3686403560563
316,motionIntensityG,0.9015554000000001
316,activeEnergyKcal,15.51324469885278
316,heartRateBpm,157.4221514289518
317,speedMps,3.172544420928601
317,paceSecPerKm,315.20441239631276
317,cadenceSpm,174.341361755781
317,distanceM,887.5411847769849
317,motionIntensityG,0.9015495500000001
317,activeEnergyKcal,15.573352225143411
317,heartRateBpm,155.29366424425092
318,speedMps,3.199649936538781
318,paceSecPerKm,312.53418962505293
318,cadenceSpm,174.75513483533487
318,distanceM,890.7408347135237
318,motionIntensityG,0.9015437
318,activeEnergyKcal,15.63345940965584
318,heartRateBpm,156.23771108594786
319,speedMps,3.2374795968646426
319,paceSecPerKm,308.88225549543426
319,cadenceSpm,175.54656154520623
319,distanceM,893.9783143103883
319,motionIntensityG,0.9015378500000002
319,activeEnergyKcal,15.693566252390065
319,heartRateBpm,155.63157231306556
320,speedMps,3.101386726084211
320,paceSecPerKm,322.43640936149643
320,cadenceSpm,175.56741339093975
320,distanceM,897.0797010364726
320,motionIntensityG,0.901532
320,activeEnergyKcal,15.753672753346088
320,heartRateBpm,156.8045148148066
321,speedMps,3.162507833619669
321,paceSecPerKm,316.20475034695596
321,cadenceSpm,177.2975100066216
321,distanceM,900.2422088700922
321,motionIntensityG,0.90152615
321,activeEnergyKcal,15.813778912523908
321,heartRateBpm,158.27537784168268
322,speedMps,3.364649296848307
322,paceSecPerKm,297.20779545633707
322,cadenceSpm,174.48911531087384
322,distanceM,903.6068581669405
322,motionIntensityG,0.9015203
322,activeEnergyKcal,15.873884729923526
322,heartRateBpm,157.7978389944208
323,speedMps,3.088961488334865
323,paceSecPerKm,323.7333983529396
323,cadenceSpm,172.18125858227336
323,distanceM,906.6958196552754
323,motionIntensityG,0.9015144500000001
323,activeEnergyKcal,15.93399020554494
323,heartRateBpm,156.5533375856205
324,speedMps,3.2294447946780984
324,paceSecPerKm,309.650749146705
324,cadenceSpm,175.11219062957713
324,distanceM,909.9252644499535
324,motionIntensityG,0.9015086000000001
324,activeEnergyKcal,15.994095339388153
324,heartRateBpm,158.4269278861109
325,speedMps,3.302065658227683
325,paceSecPerKm,302.84073773891276
325,cadenceSpm,176.2992754960448
325,distanceM,913.2273301081811
325,motionIntensityG,0.9015027500000001
325,activeEnergyKcal,16.05420013145316
325,heartRateBpm,156.95881985300863
326,speedMps,3.0700547238301703
326,paceSecPerKm,325.72709282276566
326,cadenceSpm,175.78180186691552
326,distanceM,916.2973848320113
326,motionIntensityG,0.9014969000000002
326,activeEnergyKcal,16.11430458173997
326,heartRateBpm,154.98134231673768
327,speedMps,3.2305691471404563
327,paceSecPerKm,309.54297972081844
327,cadenceSpm,174.65952454968075
327,distanceM,919.5279539791518
327,motionIntensityG,0.90149105
327,activeEnergyKcal,16.174408690248573
327,heartRateBpm,156.14660282425726
328,speedMps,3.251098823238286
328,paceSecPerKm,307.5883122506689
328,cadenceSpm,175.88071009121836
328,distanceM,922.7790528023901
328,motionIntensityG,0.9014852
328,activeEnergyKcal,16.234512456978972
328,heartRateBpm,155.66156065038703
329,speedMps,3.258970608365924
329,paceSecPerKm,306.84535706856485
329,cadenceSpm,175.11363001335104
329,distanceM,926.038023410756
329,motionIntensityG,0.90147935
329,activeEnergyKcal,16.294615881931172
329,heartRateBpm,154.90107100212163
330,speedMps,3.081834774725232
330,paceSecPerKm,324.4820287580658
330,cadenceSpm,175.7611288734579
330,distanceM,929.1198581854812
330,motionIntensityG,0.9014735
330,activeEnergyKcal,16.354718965105167
330,heartRateBpm,156.31024136901297
331,speedMps,3.166028109063587
331,paceSecPerKm,315.8531654021761
331,cadenceSpm,176.04107868161898
331,distanceM,932.2858862945449
331,motionIntensityG,0.9014676500000001
331,activeEnergyKcal,16.414821706500963
331,heartRateBpm,156.80068346838277
332,speedMps,3.1472008924060875
332,paceSecPerKm,317.742665367473
332,cadenceSpm,175.8493113795619
332,distanceM,935.433087186951
332,motionIntensityG,0.9014618000000001
332,activeEnergyKcal,16.474924106118554
332,heartRateBpm,157.63399433430888
333,speedMps,3.141424861553343
333,paceSecPerKm,318.32688797959315
333,cadenceSpm,173.81176148434082
333,distanceM,938.5745120485043
333,motionIntensityG,0.9014559500000001
333,activeEnergyKcal,16.53502616395794
333,heartRateBpm,156.17003115072407
334,speedMps,3.2520336221325934
334,paceSecPerKm,307.49989581726027
334,cadenceSpm,174.9938698503165
334,distanceM,941.8265456706368
334,motionIntensityG,0.9014500999999999
334,activeEnergyKcal,16.595127880019128
334,heartRateBpm,155.21149608045093
335,speedMps,3.1540596102751826
335,paceSecPerKm,317.05171225750956
335,cadenceSpm,175.68717673654677
335,distanceM,944.9806052809121
335,motionIntensityG,0.9014442500000002
335,activeEnergyKcal,16.65522925430211
335,heartRateBpm,154.97391937900736
336,speedMps,3.3392096771397304
336,paceSecPerKm,299.4720597649234
336,cadenceSpm,174.01731102028006
336,distanceM,948.3198149580518
336,motionIntensityG,0.9014384
336,activeEnergyKcal,16.71533028680689
336,heartRateBpm,153.32940360572823
337,speedMps,3.1330890162776464
337,paceSecPerKm,319.1738232793902
337,cadenceSpm,173.19655935676917
337,distanceM,951.4529039743294
337,motionIntensityG,0.90143255
337,activeEnergyKcal,16.775430977533468
337,heartRateBpm,155.63319463790913
338,speedMps,3.2210377272925808
338,paceSecPerKm,310.4589528793078
338,cadenceSpm,174.7064222171756
338,distanceM,954.673941701622
338,motionIntensityG,0.9014267
338,activeEnergyKcal,16.835531326481842
338,heartRateBpm,155.29459017196862
339,speedMps,3.1471661894829466
339,paceSecPerKm,317.7461690271564
339,cadenceSpm,173.22701178547132
339,distanceM,957.8211078911049
339,motionIntensityG,0.90142085
339,activeEnergyKcal,16.895631333652013
339,heartRateBpm,156.18740987397794
340,speedMps,3.1366806366433835
340,paceSecPerKm,318.80835693560357
340,cadenceSpm,175.02197232351196
340,distanceM,960.9577885277483
340,motionIntensityG,0.9014150000000001
340,activeEnergyKcal,16.955730999043983
340,heartRateBpm,158.32182093392097
341,speedMps,3.1373738868768997
341,paceSecPerKm,318.73791140508615
341,cadenceSpm,172.74794195641928
341,distanceM,964.0951624146252
341,motionIntensityG,0.9014091500000001
341,activeEnergyKcal,17.01583032265775
341,heartRateBpm,157.88417061018492
342,speedMps,3.1445668402778675
342,paceSecPerKm,318.0088230885357
342,cadenceSpm,173.32984166459818
342,distanceM,967.2397292549031
342,motionIntensityG,0.9014033000000001
342,activeEnergyKcal,17.075929304493314
342,heartRateBpm,158.6099995511576
343,speedMps,3.237679901907441
343,paceSecPerKm,308.86314592460536
343,cadenceSpm,174.7927613622453
343,distanceM,970.4774091568105
343,motionIntensityG,0.9013974500000002
343,activeEnergyKcal,17.136027944550676
343,heartRateBpm,158.48035591786473
344,speedMps,3.1394650229159167
344,paceSecPerKm,318.52560633760646
344,cadenceSpm,174.72101661587706
344,distanceM,973.6168741797264
344,motionIntensityG,0.9013916
344,activeEnergyKcal,17.196126242829834
344,heartRateBpm,160.08212375313178
345,speedMps,3.2100126185092863
345,paceSecPerKm,311.5252551450701
345,cadenceSpm,176.21170094135576
345,distanceM,976.8268867982357
345,motionIntensityG,0.9013857500000002
345,activeEnergyKcal,17.25622419933079
345,heartRateBpm,161.2152099996059
346,speedMps,3.269593052322512
346,paceSecPerKm,305.8484600368426
346,cadenceSpm,173.50508945853193
346,distanceM,980.0964798505582
346,motionIntensityG,0.9013799
346,activeEnergyKcal,17.316321814053545
346,heartRateBpm,161.42244265530266
347,speedMps,3.216194423011213
347,paceSecPerKm,310.9264765976847
347,cadenceSpm,174.38399270765902
347,distanceM,983.3126742735694
347,motionIntensityG,0.90137405
347,activeEnergyKcal,17.376419086998094
347,heartRateBpm,164.40577215699176
348,speedMps,3.1221821149318143
348,paceSecPerKm,320.2888118593425
348,cadenceSpm,174.5544015183066
348,distanceM,986.4348563885012
348,motionIntensityG,0.9013682000000001
348,activeEnergyKcal,17.436516018164443
348,heartRateBpm,163.80031098501414
349,speedMps,3.1746221214341146
349,paceSecPerKm,314.9981200119202
349,cadenceSpm,174.90545944032243
349,distanceM,989.6094785099353
349,motionIntensityG,0.9013623500000001
349,activeEnergyKcal,17.49661260755259
349,heartRateBpm,164.70624500267144
350,speedMps,3.139178288266839
350,paceSecPerKm,318.55470068000074
350,cadenceSpm,176.3823737477265
350,distanceM,992.7486567982022
350,motionIntensityG,0.9013565000000001
350,activeEnergyKcal,17.55670885516253
350,heartRateBpm,165.88660264225413
351,speedMps,3.095205632965562
351,paceSecPerKm,323.08031148220846
351,cadenceSpm,174.54273753666183
351,distanceM,995.8438624311677
351,motionIntensityG,0.9013506500000001
351,activeEnergyKcal,17.61680476099427
351,heartRateBpm,164.3709976668348
352,speedMps,3.224829183597099
352,paceSecPerKm,310.09394391691825
352,cadenceSpm,173.82854834455736
352,distanceM,999.0686916147648
352,motionIntensityG,0.9013448
352,activeEnergyKcal,17.676900325047807
352,heartRateBpm,165.04379331659075
353,speedMps,3.1941989325045816
353,paceSecPerKm,313.06753935200175
353,cadenceSpm,175.66605165438486
353,distanceM,1002.2628905472694
353,motionIntensityG,0.90133895
353,activeEnergyKcal,17.736995547323144
353,heartRateBpm,165.70700516476992
354,speedMps,3.133654905658854
354,paceSecPerKm,319.1161854466387
354,cadenceSpm,175.90187875261648
354,distanceM,1005.3965454529283
354,motionIntensityG,0.9013331
354,activeEnergyKcal,17.797090427820276
354,heartRateBpm,164.79078457080823
355,speedMps,3.172145329715648
355,paceSecPerKm,315.2440686220515
355,cadenceSpm,170.18316759363134
355,distanceM,1008.568690782644
355,motionIntensityG,0.90132725
355,activeEnergyKcal,17.857184966539204
355,heartRateBpm,162.88918057290772
356,speedMps,3.196077310215759
356,paceSecPerKm,312.8835453396753
356,cadenceSpm,173.35197023684026
356,distanceM,1011.7647680928598
356,motionIntensityG,0.9013214
356,activeEnergyKcal,17.917279163479932
356,heartRateBpm,162.96904921445235
357,speedMps,3.220207119402406
357,paceSecPerKm,310.5390314724775
357,cadenceSpm,175.57927533807546
357,distanceM,1014.9849752122622
357,motionIntensityG,0.9013155500000001
357,activeEnergyKcal,17.977373018642457
357,heartRateBpm,163.17648463998614
358,speedMps,3.2177985742803097
358,paceSecPerKm,310.7714721464998
358,cadenceSpm,175.3200053542403
358,distanceM,1018.2027737865425
358,motionIntensityG,0.9013097000000001
358,activeEnergyKcal,18.037466532026777
358,heartRateBpm,163.9549806505675
359,speedMps,3.2686929287096667
359,paceSecPerKm,305.93268373935484
359,cadenceSpm,175.1493164367775
359,distanceM,1021.4714667152522
359,motionIntensityG,0.9013038499999999
359,activeEnergyKcal,18.097559703632896
359,heartRateBpm,163.97499461730007
360,speedMps,2.001179763320896
360,paceSecPerKm,499.7052330473955
360,cadenceSpm,155.3120540378928
360,distanceM,1023.4726464785731
360,motionIntensityG,0.361852175
360,activeEnergyKcal,18.126136153202687
360,heartRateBpm,163.06653986572468
361,speedMps,2.0774106976800315
361,paceSecPerKm,481.3684656176844
361,cadenceSpm,153.82562706406532
361,distanceM,1025.5500571762532
361,motionIntensityG,0.361865
361,activeEnergyKcal,18.15471335205546
361,heartRateBpm,162.55977954805084
362,speedMps,2.0149424684949295
362,paceSecPerKm,496.2920855735174
362,cadenceSpm,155.93322364698744
362,distanceM,1027.564999644748
362,motionIntensityG,0.361877825
362,activeEnergyKcal,18.183291300191215
362,heartRateBpm,161.67917577135646
363,speedMps,2.056617181167773
363,paceSecPerKm,486.23536220396034
363,cadenceSpm,155.03427515474183
363,distanceM,1029.6216168259157
363,motionIntensityG,0.36189065
363,activeEnergyKcal,18.211869997609952
363,heartRateBpm,160.5917976620275
364,speedMps,2.1642054253238037
364,paceSecPerKm,462.0633458814947
364,cadenceSpm,153.98625446656746
364,distanceM,1031.7858222512396
364,motionIntensityG,0.361903475
364,activeEnergyKcal,18.240449444311672
364,heartRateBpm,161.09939365364625
365,speedMps,2.0994534045693705
365,paceSecPerKm,476.3144530016922
365,cadenceSpm,154.8844389428237
365,distanceM,1033.885275655809
365,motionIntensityG,0.36191629999999997
365,activeEnergyKcal,18.269029640296374
365,heartRateBpm,159.93445377155072
366,speedMps,2.099116361106342
366,paceSecPerKm,476.39093216964335
366,cadenceSpm,156.83383120537087
366,distanceM,1035.9843920169153
366,motionIntensityG,0.361929125
366,activeEnergyKcal,18.297610585564062
366,heartRateBpm,158.1168311472999
367,speedMps,2.1175659792749837
367,paceSecPerKm,472.2403031533317
367,cadenceSpm,158.20310314185403
367,distanceM,1038.1019579961903
367,motionIntensityG,0.36194195
367,activeEnergyKcal,18.326192280114732
367,heartRateBpm,156.33045015071568
368,speedMps,2.187010411741938
368,paceSecPerKm,457.24519400138894
368,cadenceSpm,155.43162399769292
368,distanceM,1040.2889684079323
368,motionIntensityG,0.361954775
368,activeEnergyKcal,18.354774723948385
368,heartRateBpm,152.9489252753974
369,speedMps,2.029876093418713
369,paceSecPerKm,492.6409071185237
369,cadenceSpm,156.08990386871403
369,distanceM,1042.3188445013511
369,motionIntensityG,0.3619676
369,activeEnergyKcal,18.38335791706502
369,heartRateBpm,155.43147370465093
370,speedMps,2.086445529721078
370,paceSecPerKm,479.284019522754
370,cadenceSpm,155.5667128122147
370,distanceM,1044.4052900310721
370,motionIntensityG,0.361980425
370,activeEnergyKcal,18.411941859464637
370,heartRateBpm,154.54573113135646
371,speedMps,2.0146045158803236
371,paceSecPerKm,496.3753392377506
371,cadenceSpm,156.79454038910546
371,distanceM,1046.4198945469525
371,motionIntensityG,0.36199325
371,activeEnergyKcal,18.440526551147236
371,heartRateBpm,152.3544034606984
372,speedMps,2.0528616131569346
372,paceSecPerKm,487.1248960918406
372,cadenceSpm,155.99051842500128
372,distanceM,1048.4727561601094
372,motionIntensityG,0.362
372,activeEnergyKcal,18.4691116371893
372,heartRateBpm,152.6621839540903
373,speedMps,1.98158027138239
373,paceSecPerKm,504.64773718320276
373,cadenceSpm,154.52784678115387
373,distanceM,1050.4543364314918
373,motionIntensityG,0.362
373,activeEnergyKcal,18.497696723231364
373,heartRateBpm,153.84485310874751
374,speedMps,2.0181287231840623
374,paceSecPerKm,495.50853149856067
374,cadenceSpm,157.0754371766468
374,distanceM,1052.4724651546758
374,motionIntensityG,0.362
374,activeEnergyKcal,18.526281809273428
374,heartRateBpm,152.38278996743878
375,speedMps,2.035218931935229
375,paceSecPerKm,491.3476306203234
375,cadenceSpm,156.88960604851144
375,distanceM,1054.507684086611
375,motionIntensityG,0.362
375,activeEnergyKcal,18.55486689531549
375,heartRateBpm,151.34476747285626
376,speedMps,2.0377074783454994
376,paceSecPerKm,490.74757325420535
376,cadenceSpm,156.1480226699915
376,distanceM,1056.5453915649566
376,motionIntensityG,0.362
376,activeEnergyKcal,18.583451981357555
376,heartRateBpm,150.01891483414113
377,speedMps,2.0107882291837393
377,paceSecPerKm,497.3174128863588
377,cadenceSpm,156.8459184797471
377,distanceM,1058.5561797941405
377,motionIntensityG,0.362
377,activeEnergyKcal,18.61203706739962
377,heartRateBpm,148.76821665351522
378,speedMps,2.053656904221447
378,paceSecPerKm,486.93625402783897
378,cadenceSpm,154.31600227015613
378,distanceM,1060.609836698362
378,motionIntensityG,0.362
378,activeEnergyKcal,18.640622153441683
378,heartRateBpm,147.37637405404686
379,speedMps,2.0005618696317313
379,paceSecPerKm,499.85957204316935
379,cadenceSpm,157.86515577749944
379,distanceM,1062.6103985679938
379,motionIntensityG,0.362
379,activeEnergyKcal,18.669207239483747
379,heartRateBpm,143.79000671541178
380,speedMps,2.0778883257427796
380,paceSecPerKm,481.25781718443966
380,cadenceSpm,155.81367728791284
380,distanceM,1064.6882868937366
380,motionIntensityG,0.362
380,activeEnergyKcal,18.69779232552581
380,heartRateBpm,143.01026726306728
381,speedMps,2.142206036725104
381,paceSecPerKm,466.8085062110782
381,cadenceSpm,155.56994702275435
381,distanceM,1066.8304929304618
381,motionIntensityG,0.362
381,activeEnergyKcal,18.726377411567874
381,heartRateBpm,141.54624702410692
382,speedMps,2.0046280223867834
382,paceSecPerKm,498.8456655461513
382,cadenceSpm,156.67923248272803
382,distanceM,1068.8351209528487
382,motionIntensityG,0.362
382,activeEnergyKcal,18.754962497609938
382,heartRateBpm,141.26254574001393
383,speedMps,2.0324427508138396
383,paceSecPerKm,492.01877868371724
383,cadenceSpm,155.8111053256096
383,distanceM,1070.8675637036624
383,motionIntensityG,0.362
383,activeEnergyKcal,18.783547583652002
383,heartRateBpm,138.25666775380066
384,speedMps,2.0991119514180245
384,paceSecPerKm,476.39193294310223
384,cadenceSpm,155.65753048691982
384,distanceM,1072.9666756550805
384,motionIntensityG,0.362
384,activeEnergyKcal,18.812132669694066
384,heartRateBpm,138.0902249713261
385,speedMps,2.0093265020628337
385,paceSecPerKm,497.6791969714084
385,cadenceSpm,156.72407661264273
385,distanceM,1074.9760021571433
385,motionIntensityG,0.362
385,activeEnergyKcal,18.84071775573613
385,heartRateBpm,137.15697030098542
386,speedMps,2.0675412347833118
386,paceSecPerKm,483.6662907498456
386,cadenceSpm,156.79054860311456
386,distanceM,1077.0435433919265
386,motionIntensityG,0.362
386,activeEnergyKcal,18.869302841778193
386,heartRateBpm,135.93585060161342
387,speedMps,2.098033922731409
387,paceSecPerKm,476.6367164826916
387,cadenceSpm,153.92088000753895
387,distanceM,1079.141577314658
387,motionIntensityG,0.362
387,activeEnergyKcal,18.897887927820257
387,heartRateBpm,133.19780334982738
388,speedMps,2.1259981943837998
388,paceSecPerKm,470.36728565512277
388,cadenceSpm,152.3775896055071
388,distanceM,1081.2675755090418
388,motionIntensityG,0.362
388,activeEnergyKcal,18.92647301386232
388,heartRateBpm,131.74766854703427
389,speedMps,2.0826347522118387
389,paceSecPerKm,480.1610070791152
389,cadenceSpm,157.04607967289164
389,distanceM,1083.3502102612536
389,motionIntensityG,0.362
389,activeEnergyKcal,18.955058099904385
389,heartRateBpm,130.29776049570447
390,speedMps,1.997951142001449
390,paceSecPerKm,500.5127397651222
390,cadenceSpm,155.08331442591714
390,distanceM,1085.348161403255
390,motionIntensityG,0.362
390,activeEnergyKcal,18.98364318594645
390,heartRateBpm,128.24305212359633
391,speedMps,2.0653761663729537
391,paceSecPerKm,484.173302801358
391,cadenceSpm,155.68078429776878
391,distanceM,1087.413537569628
391,motionIntensityG,0.362
391,activeEnergyKcal,19.012228271988512
391,heartRateBpm,126.44320984117077
392,speedMps,2.054404093770591
392,paceSecPerKm,486.7591546532748
392,cadenceSpm,155.8563802191993
392,distanceM,1089.4679416633987
392,motionIntensityG,0.362
392,activeEnergyKcal,19.040813358030576
392,heartRateBpm,124.64074754800629
393,speedMps,2.0083715730387577
393,paceSecPerKm,497.91583062837043
393,cadenceSpm,155.58859431205406
393,distanceM,1091.4763132364376
393,motionIntensityG,0.362
393,activeEnergyKcal,19.06939844407264
393,heartRateBpm,123.13802507874266
394,speedMps,2.0461539092222174
394,paceSecPerKm,488.7217894474611
394,cadenceSpm,154.09308133020141
394,distanceM,1093.52246714566
394,motionIntensityG,0.362
394,activeEnergyKcal,19.097983530114703
394,heartRateBpm,121.8259113211493
395,speedMps,2.106476764849843
395,paceSecPerKm,474.72633768703525
395,cadenceSpm,158.5698349619772
395,distanceM,1095.6289439105096
395,motionIntensityG,0.362
395,activeEnergyKcal,19.126568616156767
395,heartRateBpm,121.78852028434555
396,speedMps,2.079382664200111
396,paceSecPerKm,480.911963544082
396,cadenceSpm,157.058780127313
396,distanceM,1097.7083265747096
396,motionIntensityG,0.362
396,activeEnergyKcal,19.15515370219883
396,heartRateBpm,119.78633825677616
397,speedMps,2.0418946359601935
397,paceSecPerKm,489.7412346302353
397,cadenceSpm,153.6431679634672
397,distanceM,1099.75022121067
397,motionIntensityG,0.362
397,activeEnergyKcal,19.183738788240895
397,heartRateBpm,120.14667072227046
398,speedMps,2.0929776031048513
398,paceSecPerKm,477.7881992222653
398,cadenceSpm,156.20073453214533
398,distanceM,1101.8431988137747
398,motionIntensityG,0.362
398,activeEnergyKcal,19.21232387428296
398,heartRateBpm,119.06054746423462
399,speedMps,2.089834885714495
399,paceSecPerKm,478.5067025322
399,cadenceSpm,154.33108570177203
399,distanceM,1103.9330336994892
399,motionIntensityG,0.362
399,activeEnergyKcal,19.240908960325022
399,heartRateBpm,117.03054449951647
400,speedMps,2.139814504463981
400,paceSecPerKm,467.3302278837005
400,cadenceSpm,154.26506804553318
400,distanceM,1106.0728482039533
400,motionIntensityG,0.362
400,activeEnergyKcal,19.269494046367086
400,heartRateBpm,115.44269018557065
401,speedMps,2.034704885467882
401,paceSecPerKm,491.47176435370335
401,cadenceSpm,156.1655563737572
401,distanceM,1108.1075530894211
401,motionIntensityG,0.362
401,activeEnergyKcal,19.29807913240915
401,heartRateBpm,113.40815759388178
402,speedMps,1.989672899393622
402,paceSecPerKm,502.595175470683
402,cadenceSpm,153.1124429888445
402,distanceM,1110.0972259888147
402,motionIntensityG,0.362
402,activeEnergyKcal,19.326664218451214
402,heartRateBpm,113.40186673103244
403,speedMps,2.045873031937385
403,paceSecPerKm,488.78888591293844
403,cadenceSpm,156.78116549805705
403,distanceM,1112.143099020752
403,motionIntensityG,0.362
403,activeEnergyKcal,19.355249304493277
403,heartRateBpm,113.49415071768136
404,speedMps,2.0404880538475583
404,paceSecPerKm,490.07883095144473
404,cadenceSpm,156.09407456860995
404,distanceM,1114.1835870745997
404,motionIntensityG,0.362
404,activeEnergyKcal,19.38383439053534
404,heartRateBpm,110.92195083696024
405,speedMps,1.975401426110642
405,paceSecPerKm,506.22622155786075
405,cadenceSpm,155.55082253396927
405,distanceM,1116.1589885007104
405,motionIntensityG,0.362
405,activeEnergyKcal,19.412419476577405
405,heartRateBpm,109.72898875943322
406,speedMps,1.9982768962589221
406,paceSecPerKm,500.43114739111076
406,cadenceSpm,156.14085967351772
406,distanceM,1118.1572653969693
406,motionIntensityG,0.362
406,activeEnergyKcal,19.44100456261947
406,heartRateBpm,109.2562548681815
407,speedMps,2.050619322799274
407,paceSecPerKm,487.6575524680577
407,cadenceSpm,155.46176376837454
407,distanceM,1120.2078847197686
407,motionIntensityG,0.362
407,activeEnergyKcal,19.469589648661533
407,heartRateBpm,106.18984739208496
408,speedMps,2.09790961088151
408,paceSecPerKm,476.6649596403799
408,cadenceSpm,154.77584659489537
408,distanceM,1122.30579433065
408,motionIntensityG,0.362
408,activeEnergyKcal,19.498174734703596
408,heartRateBpm,106.0251471953869
409,speedMps,2.0129934211295955
409,paceSecPerKm,496.7726121225215
409,cadenceSpm,154.707824207562
409,distanceM,1124.3187877517796
409,motionIntensityG,0.362
409,activeEnergyKcal,19.52675982074566
409,heartRateBpm,104.4971626735317
410,speedMps,2.1102989825484255
410,paceSecPerKm,473.8665034053073
410,cadenceSpm,155.54983874402274
410,distanceM,1126.429086734328
410,motionIntensityG,0.362
410,activeEnergyKcal,19.555344906787724
410,heartRateBpm,104.55954735913866
411,speedMps,1.977476875396734
411,paceSecPerKm,505.6949147885098
411,cadenceSpm,154.71935074180442
411,distanceM,1128.4065636097246
411,motionIntensityG,0.362
411,activeEnergyKcal,19.583929992829788
411,heartRateBpm,104.88061415432661
412,speedMps,2.025025008710439
412,paceSecPerKm,493.8210618133612
412,cadenceSpm,156.72050966293523
412,distanceM,1130.431588618435
412,motionIntensityG,0.362
412,activeEnergyKcal,19.61251507887185
412,heartRateBpm,103.99334879173624
413,speedMps,2.0106910253720898
413,paceSecPerKm,497.34145494330454
413,cadenceSpm,156.5410394679226
413,distanceM,1132.442279643807
413,motionIntensityG,0.362
413,activeEnergyKcal,19.641100164913915
413,heartRateBpm,103.8703390244656
414,speedMps,2.0674231059454082
414,paceSecPerKm,483.6939265717995
414,cadenceSpm,153.8780225581574
414,distanceM,1134.5097027497525
414,motionIntensityG,0.362
414,activeEnergyKcal,19.66968525095598
414,heartRateBpm,104.37852720836109
415,speedMps,2.0183845865539887
415,paceSecPerKm,495.44571766043435
415,cadenceSpm,153.98514259758673
415,distanceM,1136.5280873363065
415,motionIntensityG,0.362
415,activeEnergyKcal,19.698270336998043
415,heartRateBpm,104.91133413112792
416,speedMps,2.040789729804337
416,paceSecPerKm,490.00638595720295
416,cadenceSpm,156.5650035368694
416,distanceM,1138.5688770661109
416,motionIntensityG,0.362
416,activeEnergyKcal,19.726855423040107
416,heartRateBpm,103.2780742475041
417,speedMps,2.155602248734469
417,paceSecPerKm,463.9074767096246
417,cadenceSpm,158.21420418028788
417,distanceM,1140.7244793148454
417,motionIntensityG,0.362
417,activeEnergyKcal,19.75544050908217
417,heartRateBpm,103.52333224675712
418,speedMps,2.0226858381486967
418,paceSecPerKm,494.3921498532218
418,cadenceSpm,157.52121626231127
418,distanceM,1142.747165152994
418,motionIntensityG,0.362
418,activeEnergyKcal,19.784025595124234
418,heartRateBpm,103.13476210498503
419,speedMps,2.125955265542766
419,paceSecPerKm,470.37678365480355
419,cadenceSpm,155.05847516356346
419,distanceM,1144.873120418537
419,motionIntensityG,0.362
419,activeEnergyKcal,19.812610681166298
419,heartRateBpm,102.12090786299589
420,speedMps,2.0152587665610766
420,paceSecPerKm,496.2141917419581
420,cadenceSpm,157.94271159698573
420,distanceM,1146.888379185098
420,motionIntensityG,0.362
420,activeEnergyKcal,19.84119576720836
420,heartRateBpm,102.79087254010656
421,speedMps,2.1655277612346975
421,paceSecPerKm,461.78119620588006
421,cadenceSpm,155.00592767280432
421,distanceM,1149.0539069463327
421,motionIntensityG,0.362
421,activeEnergyKcal,19.869780853250425
421,heartRateBpm,100.22375246560985
422,speedMps,2.0812585649565176
422,paceSecPerKm,480.4785031699761
422,cadenceSpm,157.15126584757647
422,distanceM,1151.1351655112892
422,motionIntensityG,0.362
422,activeEnergyKcal,19.89836593929249
422,heartRateBpm,99.99940164961835
423,speedMps,2.0922505276460504
423,paceSecPerKm,477.9542348234368
423,cadenceSpm,154.64931314758783
423,distanceM,1153.2274160389352
423,motionIntensityG,0.362
423,activeEnergyKcal,19.926951025334553
423,heartRateBpm,98.18640887574513
424,speedMps,2.090318774657128
424,paceSecPerKm,478.3959327753866
424,cadenceSpm,155.34546341260582
424,distanceM,1155.3177348135923
424,motionIntensityG,0.362
424,activeEnergyKcal,19.955536111376617
424,heartRateBpm,96.97253195020257
425,speedMps,2.0661641372986064
425,paceSecPerKm,483.9886541189529
425,cadenceSpm,153.57538957703082
425,distanceM,1157.3838989508909
425,motionIntensityG,0.362
425,activeEnergyKcal,19.98412119741868
425,heartRateBpm,95.82533954807253
426,speedMps,2.1048257330516043
426,paceSecPerKm,475.0987144908129
426,cadenceSpm,158.35247289096142
426,distanceM,1159.4887246839426
426,motionIntensityG,0.362
426,activeEnergyKcal,20.012706283460744
426,heartRateBpm,94.21091206396844
427,speedMps,2.0318278489378283
427,paceSecPerKm,492.16768070324787
427,cadenceSpm,156.7785392330925
427,distanceM,1161.5205525328804
427,motionIntensityG,0.362
427,activeEnergyKcal,20.041291369502808
427,heartRateBpm,96.01291271315903
428,speedMps,2.1174982538526463
428,paceSecPerKm,472.2554071440517
428,cadenceSpm,154.3307889137157
428,distanceM,1163.638050786733
428,motionIntensityG,0.362
428,activeEnergyKcal,20.069876455544872
428,heartRateBpm,96.22302959873036
429,speedMps,2.056812384149752
429,paceSecPerKm,486.1892157525984
429,cadenceSpm,158.73833817630398
429,distanceM,1165.6948631708826
429,motionIntensityG,0.362
429,activeEnergyKcal,20.098461541586936
429,heartRateBpm,95.61487156227666
430,speedMps,2.1132387168181723
430,paceSecPerKm,473.2073059430144
430,cadenceSpm,155.85436333677697
430,distanceM,1167.8081018877008
430,motionIntensityG,0.362
430,activeEnergyKcal,20.127046627629
430,heartRateBpm,95.44804464256546
431,speedMps,1.9825299272401393
431,paceSecPerKm,504.4060048022026
431,cadenceSpm,155.55682017156562
431,distanceM,1169.790631814941
431,motionIntensityG,0.362
431,activeEnergyKcal,20.155631713671063
431,heartRateBpm,94.56999786933892
432,speedMps,2.0203103698515497
432,paceSecPerKm,494.9734530509186
432,cadenceSpm,154.6158481468078
432,distanceM,1171.8109421847926
432,motionIntensityG,0.362
432,activeEnergyKcal,20.184216799713127
432,heartRateBpm,92.89838282307379
433,speedMps,2.039605040516983
433,paceSecPerKm,490.2910024906233
433,cadenceSpm,157.39773770035978
433,distanceM,1173.8505472253096
433,motionIntensityG,0.362
433,activeEnergyKcal,20.21280188575519
433,heartRateBpm,91.47674232277608
434,speedMps,2.0721731681976756
434,paceSecPerKm,482.5851503857542
434,cadenceSpm,158.39166110287871
434,distanceM,1175.9227203935072
434,motionIntensityG,0.362
434,activeEnergyKcal,20.241386971797255
434,heartRateBpm,90.75182416451293
435,speedMps,2.07400274236262
435,paceSecPerKm,482.1594396065458
435,cadenceSpm,157.3907431346907
435,distanceM,1177.9967231358698
435,motionIntensityG,0.362
435,activeEnergyKcal,20.26997205783932
435,heartRateBpm,91.49288384593669
436,speedMps,1.981884999795376
436,paceSecPerKm,504.5701441321001
436,cadenceSpm,156.90665494213243
436,distanceM,1179.9786081356651
436,motionIntensityG,0.362
436,activeEnergyKcal,20.298557143881382
436,heartRateBpm,93.10111297308295
437,speedMps,2.0404817985664576
437,paceSecPerKm,490.08033333232913
437,cadenceSpm,159.71225261538765
437,distanceM,1182.0190899342315
437,motionIntensityG,0.362
437,activeEnergyKcal,20.327142229923446
437,heartRateBpm,92.41313064336684
438,speedMps,2.0337586577793267
438,paceSecPerKm,491.7004267811727
438,cadenceSpm,156.0002341899859
438,distanceM,1184.0528485920108
438,motionIntensityG,0.362
438,activeEnergyKcal,20.35572731596551
438,heartRateBpm,94.092394570735
439,speedMps,2.1378584025509264
439,paceSecPerKm,467.7578266206893
439,cadenceSpm,155.4816299424189
439,distanceM,1186.1907069945617
439,motionIntensityG,0.362
439,activeEnergyKcal,20.384312402007573
439,heartRateBpm,93.12877525581665
440,speedMps,1.972377710324648
440,paceSecPerKm,507.0022819490303
440,cadenceSpm,153.24605688535178
440,distanceM,1188.1630847048864
440,motionIntensityG,0.362
440,activeEnergyKcal,20.412897488049637
440,heartRateBpm,91.09879076348486
441,speedMps,2.055768425066484
441,paceSecPerKm,486.4361120672723
441,cadenceSpm,155.16927506919617
441,distanceM,1190.2188531299528
441,motionIntensityG,0.362
441,activeEnergyKcal,20.4414825740917
441,heartRateBpm,90.32096202477133
442,speedMps,2.0891386245155195
442,paceSecPerKm,478.66617766061574
442,cadenceSpm,152.35386528750195
442,distanceM,1192.3079917544683
442,motionIntensityG,0.362
442,activeEnergyKcal,20.470067660133765
442,heartRateBpm,91.46072763951241
443,speedMps,2.0920455174786228
443,paceSecPerKm,478.00107198681843
443,cadenceSpm,156.76537096638626
443,distanceM,1194.400037271947
443,motionIntensityG,0.362
443,activeEnergyKcal,20.49865274617583
443,heartRateBpm,90.92553235346065
444,speedMps,2.06121780145873
444,paceSecPerKm,485.1500890843738
444,cadenceSpm,157.281095150646
444,distanceM,1196.4612550734057
444,motionIntensityG,0.362
444,activeEnergyKcal,20.527237832217892
444,heartRateBpm,89.46156459162184
445,speedMps,2.0930787453855877
445,paceSecPerKm,477.76511142001
445,cadenceSpm,158.02269963380783
445,distanceM,1198.5543338187913
445,motionIntensityG,0.362
445,activeEnergyKcal,20.555822918259956
445,heartRateBpm,87.81755818993223
446,speedMps,2.113653123785367
446,paceSecPerKm,473.11452799269534
446,cadenceSpm,154.76753254819178
446,distanceM,1200.6679869425766
446,motionIntensityG,0.362
446,activeEnergyKcal,20.58440800430202
446,heartRateBpm,88.89180447460733
447,speedMps,2.114004863407505
447,paceSecPerKm,473.0358086254012
447,cadenceSpm,154.24580900782507
447,distanceM,1202.781991805984
447,motionIntensityG,0.362
447,activeEnergyKcal,20.612993090344084
447,heartRateBpm,88.19809971047435
448,speedMps,2.1116395471794447
448,paceSecPerKm,473.5656714403356
448,cadenceSpm,154.4316742629351
448,distanceM,1204.8936313531635
448,motionIntensityG,0.362
448,activeEnergyKcal,20.641578176386147
448,heartRateBpm,86.76816872543343
449,speedMps,2.1497999715648883
449,paceSecPerKm,465.1595558781579
449,cadenceSpm,156.891588643288
449,distanceM,1207.0434313247283
449,motionIntensityG,0.362
449,activeEnergyKcal,20.67016326242821
449,heartRateBpm,85.47192434450145
450,speedMps,3.1000615708660204
450,paceSecPerKm,322.57423833057743
450,cadenceSpm,173.3212801570406
450,distanceM,1210.1434928955944
450,motionIntensityG,0.9019941499999999
450,activeEnergyKcal,20.730296763862246
450,heartRateBpm,89.36217184175321
451,speedMps,3.1874208142057485
451,paceSecPerKm,313.7332841472277
451,cadenceSpm,172.8046720352484
451,distanceM,1213.3309137098001
451,motionIntensityG,0.9019883
451,activeEnergyKcal,20.790429923518076
451,heartRateBpm,89.84463320788092
452,speedMps,3.0729223393945473
452,paceSecPerKm,325.42312806936354
452,cadenceSpm,170.83187846136946
452,distanceM,1216.4038360491948
452,motionIntensityG,0.90198245
452,activeEnergyKcal,20.850562741395706
452,heartRateBpm,90.9928513083976
453,speedMps,3.0746556467707
453,paceSecPerKm,325.2396739291102
453,cadenceSpm,171.39489304260545
453,distanceM,1219.4784916959654
453,motionIntensityG,0.9019766
453,activeEnergyKcal,20.91069521749513
453,heartRateBpm,94.25655867731957
454,speedMps,3.0572954528147456
454,paceSecPerKm,327.08647738946354
454,cadenceSpm,178.2455803457177
454,distanceM,1222.5357871487802
454,motionIntensityG,0.90197075
454,activeEnergyKcal,20.970827351816354
454,heartRateBpm,95.16983125018298
455,speedMps,3.195016033968912
455,paceSecPerKm,312.9874746693463
455,cadenceSpm,174.43466659190273
455,distanceM,1225.730803182749
455,motionIntensityG,0.9019649000000001
455,activeEnergyKcal,21.030959144359375
455,heartRateBpm,98.47716208525394
456,speedMps,3.182843628039522
456,paceSecPerKm,314.1844579452217
456,cadenceSpm,174.51820705261335
456,distanceM,1228.9136468107886
456,motionIntensityG,0.9019590500000001
456,activeEnergyKcal,21.091090595124193
456,heartRateBpm,102.29702334083863
457,speedMps,2.992057346241802
457,paceSecPerKm,334.2181931292387
457,cadenceSpm,176.22909174200564
457,distanceM,1231.9057041570304
457,motionIntensityG,0.9019532000000001
457,activeEnergyKcal,21.15122170411081
457,heartRateBpm,102.57895407415344
458,speedMps,3.223235026152355
458,paceSecPerKm,310.24731112882006
458,cadenceSpm,174.97044880814246
458,distanceM,1235.1289391831829
458,motionIntensityG,0.9019473499999999
458,activeEnergyKcal,21.211352471319223
458,heartRateBpm,102.21208476907356
459,speedMps,3.171061903123447
459,paceSecPerKm,315.3517750678457
459,cadenceSpm,172.8252543761806
459,distanceM,1238.3000010863063
459,motionIntensityG,0.9019415000000002
459,activeEnergyKcal,21.271482896749433
459,heartRateBpm,103.36050545027749
460,speedMps,3.063021132405309
460,paceSecPerKm,326.47505739365454
460,cadenceSpm,175.86968166266402
460,distanceM,1241.3630222187116
460,motionIntensityG,0.90193565
460,activeEnergyKcal,21.33161298040144
460,heartRateBpm,106.92255375512096
461,speedMps,3.084244533301029
461,paceSecPerKm,324.22850691728786
461,cadenceSpm,176.63037426084858
461,distanceM,1244.4472667520126
461,motionIntensityG,0.9019298
461,activeEnergyKcal,21.391742722275247
461,heartRateBpm,109.06229163581634
462,speedMps,3.241455738251716
462,paceSecPerKm,308.50336415185836
462,cadenceSpm,175.92952517434603
462,distanceM,1247.6887224902644
462,motionIntensityG,0.90192395
462,activeEnergyKcal,21.451872122370848
462,heartRateBpm,109.79659944520326
463,speedMps,3.256274765470745
463,paceSecPerKm,307.0993917970047
463,cadenceSpm,174.32221213826162
463,distanceM,1250.9449972557352
463,motionIntensityG,0.9019181000000001
463,activeEnergyKcal,21.512001180688248
463,heartRateBpm,112.8804206219897
464,speedMps,3.1682279451721413
464,paceSecPerKm,315.63385504626825
464,cadenceSpm,174.54478075202746
464,distanceM,1254.1132252009074
464,motionIntensityG,0.9019122500000001
464,activeEnergyKcal,21.572129897227445
464,heartRateBpm,115.12428568781208
465,speedMps,3.088315404101055
465,paceSecPerKm,323.8011242867467
465,cadenceSpm,175.05315643705657
465,distanceM,1257.2015406050084
465,motionIntensityG,0.9019064000000001
465,activeEnergyKcal,21.632258271988437
465,heartRateBpm,115.12508760619112
466,speedMps,3.309662825163293
466,paceSecPerKm,302.14558183903875
466,cadenceSpm,173.90857800725965
466,distanceM,1260.5112034301717
466,motionIntensityG,0.9019005500000001
466,activeEnergyKcal,21.69238630497123
466,heartRateBpm,117.57110778341053
467,speedMps,3.153178929960471
467,paceSecPerKm,317.1402645432926
467,cadenceSpm,174.19475663827183
467,distanceM,1263.664382360132
467,motionIntensityG,0.9018946999999999
467,activeEnergyKcal,21.752513996175818
467,heartRateBpm,117.66941623306771
468,speedMps,3.2434839300489107
468,paceSecPerKm,308.31045307041813
468,cadenceSpm,172.44840331972938
468,distanceM,1266.9078662901811
468,motionIntensityG,0.90188885
468,activeEnergyKcal,21.812641345602206
468,heartRateBpm,119.08382386060619
469,speedMps,3.031793636245224
469,paceSecPerKm,329.8377528222755
469,cadenceSpm,175.3819203916224
469,distanceM,1269.9396599264264
469,motionIntensityG,0.901883
469,activeEnergyKcal,21.87276835325039
469,heartRateBpm,119.51862075709225
470,speedMps,3.158218521690447
470,paceSecPerKm,316.63420157030384
470,cadenceSpm,174.9274675004024
470,distanceM,1273.097878448117
470,motionIntensityG,0.90187715
470,activeEnergyKcal,21.93289501912037
470,heartRateBpm,120.51315024243732
471,speedMps,3.2328925205350423
471,paceSecPerKm,309.32052137461733
471,cadenceSpm,174.06549580376802
471,distanceM,1276.330770968652
471,motionIntensityG,0.9018713
471,activeEnergyKcal,21.99302134321215
471,heartRateBpm,122.902361391175
472,speedMps,3.166493637188202
472,paceSecPerKm,315.8067296443345
472,cadenceSpm,177.48659739923866
472,distanceM,1279.4972646058402
472,motionIntensityG,0.9018654500000001
472,activeEnergyKcal,22.053147325525725
472,heartRateBpm,123.05659925421968
473,speedMps,3.2164722747739494
473,paceSecPerKm,310.89961752282755
473,cadenceSpm,175.58592053957938
473,distanceM,1282.713736880614
473,motionIntensityG,0.9018596000000001
473,activeEnergyKcal,22.113272966061096
473,heartRateBpm,123.66127734704229
474,speedMps,3.2453823511800786
474,paceSecPerKm,308.1301035720436
474,cadenceSpm,175.6491126699339
474,distanceM,1285.9591192317941
474,motionIntensityG,0.9018537499999999
474,activeEnergyKcal,22.173398264818267
474,heartRateBpm,126.15206108197339
475,speedMps,3.076533313735465
475,paceSecPerKm,325.04117395232106
475,cadenceSpm,174.35667059958163
475,distanceM,1289.0356525455295
475,motionIntensityG,0.9018479000000001
475,activeEnergyKcal,22.233523221797235
475,heartRateBpm,127.99452451337346
476,speedMps,3.1519999822586016
476,paceSecPerKm,317.25888503445947
476,cadenceSpm,178.23656658120873
476,distanceM,1292.187652527788
476,motionIntensityG,0.90184205
476,activeEnergyKcal,22.293647836997998
476,heartRateBpm,118.4717032724837
477,speedMps,3.255877674311614
477,paceSecPerKm,307.13684604610603
477,cadenceSpm,176.17497860325597
477,distanceM,1295.4435302020997
477,motionIntensityG,0.9018362
477,activeEnergyKcal,22.35377211042056
477,heartRateBpm,109.87635755542489
478,speedMps,3.1556077004695897
478,paceSecPerKm,316.8961718058898
478,cadenceSpm,177.16187100867865
478,distanceM,1298.5991379025693
478,motionIntensityG,0.90183035
478,activeEnergyKcal,22.41389604206492
478,heartRateBpm,100.67838575916895
479,speedMps,3.244057151260778
479,paceSecPerKm,308.2559749637449
479,cadenceSpm,176.62597097399507
479,distanceM,1301.84319505383
479,motionIntensityG,0.9018245
479,activeEnergyKcal,22.47401963193108
479,heartRateBpm,101.42146670339116
480,speedMps,3.368091681941966
480,paceSecPerKm,296.90403184732264
480,cadenceSpm,174.78575582628008
480,distanceM,1305.2112867357719
480,motionIntensityG,0.90181865
480,activeEnergyKcal,22.534142880019033
480,heartRateBpm,103.35294180043239
481,speedMps,3.325018624092087
481,paceSecPerKm,300.7501951280213
481,cadenceSpm,173.78636929411917
481,distanceM,1308.536305359864
481,motionIntensityG,0.9018128000000001
481,activeEnergyKcal,22.594265786328783
481,heartRateBpm,103.99260668707817
482,speedMps,3.1372307177634386
482,paceSecPerKm,318.75245717117974
482,cadenceSpm,175.73490015225764
482,distanceM,1311.6735360776274
482,motionIntensityG,0.9018069500000001
482,activeEnergyKcal,22.654388350860334
482,heartRateBpm,106.0084687017775
483,speedMps,3.1599019088403386
483,paceSecPerKm,316.4655197689326
483,cadenceSpm,177.63254733009472
483,distanceM,1314.8334379864677
483,motionIntensityG,0.9018011000000001
483,activeEnergyKcal,22.71451057361368
483,heartRateBpm,107.55533121194848
484,speedMps,3.0565147514877045
484,paceSecPerKm,327.17002249482607
484,cadenceSpm,177.00914070380995
484,distanceM,1317.8899527379554
484,motionIntensityG,0.9017952499999999
484,activeEnergyKcal,22.774632454588822
484,heartRateBpm,110.87300801198468
485,speedMps,3.084477722835924
485,paceSecPerKm,324.2039949248141
485,cadenceSpm,175.25549135718495
485,distanceM,1320.9744304607914
485,motionIntensityG,0.9017894000000002
485,activeEnergyKcal,22.834753993785764
485,heartRateBpm,113.21110434067626
486,speedMps,3.1309264352670096
486,paceSecPerKm,319.3942817486603
486,cadenceSpm,173.1342839606658
486,distanceM,1324.1053568960583
486,motionIntensityG,0.90178355
486,activeEnergyKcal,22.894875191204502
486,heartRateBpm,113.21604868137842
487,speedMps,3.22661442628311
487,paceSecPerKm,309.9223730775751
487,cadenceSpm,176.75877454985937
487,distanceM,1327.3319713223414
487,motionIntensityG,0.9017777
487,activeEnergyKcal,22.954996046845036
487,heartRateBpm,115.18173922468951
488,speedMps,3.1046337470953955
488,paceSecPerKm,322.0991851085722
488,cadenceSpm,173.69061154182756
488,distanceM,1330.4366050694368
488,motionIntensityG,0.90177185
488,activeEnergyKcal,23.01511656070737
488,heartRateBpm,114.14617420688153
489,speedMps,3.2153624082778127
489,paceSecPerKm,311.0069326634979
489,cadenceSpm,173.7252743804108
489,distanceM,1333.6519674777146
489,motionIntensityG,0.9017660000000001
489,activeEnergyKcal,23.0752367327915
489,heartRateBpm,115.18497871709347
490,speedMps,3.156514662649865
490,paceSecPerKm,316.805117946295
490,cadenceSpm,173.8785783977409
490,distanceM,1336.8084821403645
490,motionIntensityG,0.9017601500000001
490,activeEnergyKcal,23.135356563097424
490,heartRateBpm,114.6022489333863
491,speedMps,3.0364235868783878
491,paceSecPerKm,329.3348149189078
491,cadenceSpm,175.85328078863057
491,distanceM,1339.8449057272428
491,motionIntensityG,0.9017543000000001
491,activeEnergyKcal,23.19547605162515
491,heartRateBpm,115.89098940258866
492,speedMps,3.196166317489303
492,paceSecPerKm,312.8748321162254
492,cadenceSpm,176.19537177455067
492,distanceM,1343.0410720447321
492,motionIntensityG,0.9017484500000001
492,activeEnergyKcal,23.25559519837467
492,heartRateBpm,119.04263410893317
493,speedMps,3.244461038278714
493,paceSecPerKm,308.21760169156806
493,cadenceSpm,174.4865197720449
493,distanceM,1346.285533083011
493,motionIntensityG,0.9017426
493,activeEnergyKcal,23.31571400334599
493,heartRateBpm,119.17712817016172
494,speedMps,3.2190960992628157
494,paceSecPerKm,310.6462091109997
494,cadenceSpm,176.91501525339228
494,distanceM,1349.5046291822737
494,motionIntensityG,0.90173675
494,activeEnergyKcal,23.37583246653911
494,heartRateBpm,119.63199426375373
495,speedMps,3.0531689665965125
495,paceSecPerKm,327.52854851486956
495,cadenceSpm,174.46988574349587
495,distanceM,1352.5577981488702
495,motionIntensityG,0.9017309
495,activeEnergyKcal,23.43595058795402
495,heartRateBpm,121.54425166318973
496,speedMps,3.294062946256664
496,paceSecPerKm,303.57646964105186
496,cadenceSpm,174.31928890875082
496,distanceM,1355.8518610951269
496,motionIntensityG,0.90172505
496,activeEnergyKcal,23.496068367590734
496,heartRateBpm,122.78047848874141
497,speedMps,3.143729876101155
497,paceSecPerKm,318.09348748506255
497,cadenceSpm,174.31530192024803
497,distanceM,1358.995590971228
497,motionIntensityG,0.9017192
497,activeEnergyKcal,23.556185805449243
497,heartRateBpm,125.82887673778909
498,speedMps,3.158335601118212
498,paceSecPerKm,316.62246394776696
498,cadenceSpm,175.39711513385677
498,distanceM,1362.1539265723463
498,motionIntensityG,0.9017133500000001
498,activeEnergyKcal,23.616302901529547
498,heartRateBpm,128.44583450220208
499,speedMps,3.236149429040912
499,paceSecPerKm,309.0092166406441
499,cadenceSpm,174.05032691856735
499,distanceM,1365.3900760013873
499,motionIntensityG,0.9017075000000001
499,activeEnergyKcal,23.67641965583165
499,heartRateBpm,129.8656066120969
500,speedMps,3.116268103498779
500,paceSecPerKm,320.89665163188414
500,cadenceSpm,175.38085141765902
500,distanceM,1368.506344104886
500,motionIntensityG,0.9017016499999999
500,activeEnergyKcal,23.73653606835555
500,heartRateBpm,130.310384786328
501,speedMps,3.1693521758490726
501,paceSecPerKm,315.52189359710366
501,cadenceSpm,171.9821250987763
501,distanceM,1371.675696280735
501,motionIntensityG,0.9016958000000002
501,activeEnergyKcal,23.796652139101248
501,heartRateBpm,131.91459172522934
502,speedMps,3.2190906759771094
502,paceSecPerKm,310.64673246473996
502,cadenceSpm,173.1385970854848
502,distanceM,1374.8947869567123
502,motionIntensityG,0.9016899500000002
502,activeEnergyKcal,23.856767868068744
502,heartRateBpm,133.7244188701836
503,speedMps,3.340676531644646
503,paceSecPerKm,299.3405648608819
503,cadenceSpm,175.38017128766734
503,distanceM,1378.235463488357
503,motionIntensityG,0.9016841
503,activeEnergyKcal,23.916883255258035
503,heartRateBpm,135.7186419355108
504,speedMps,3.1358216858804995
504,paceSecPerKm,318.8956835468827
504,cadenceSpm,174.56904269659643
504,distanceM,1381.3712851742375
504,motionIntensityG,0.90167825
504,activeEnergyKcal,23.976998300669127
504,heartRateBpm,137.70201970837357
505,speedMps,3.28885099811262
505,paceSecPerKm,304.05755705377715
505,cadenceSpm,173.45592079972278
505,distanceM,1384.6601361723501
505,motionIntensityG,0.9016724
505,activeEnergyKcal,24.037113004302014
505,heartRateBpm,138.4273201235135
506,speedMps,3.169968737216016
506,paceSecPerKm,315.46052434518236
506,cadenceSpm,175.12372373894715
506,distanceM,1387.8301049095662
506,motionIntensityG,0.9016665500000001
506,activeEnergyKcal,24.097227366156698
506,heartRateBpm,139.34696174537567
507,speedMps,3.0967151933861095
507,paceSecPerKm,322.92281903604703
507,cadenceSpm,172.8757672494189
507,distanceM,1390.9268201029524
507,motionIntensityG,0.9016607000000001
507,activeEnergyKcal,24.15734138623318
507,heartRateBpm,138.46880945820385
508,speedMps,3.0597081460268187
508,paceSecPerKm,326.82855758597407
508,cadenceSpm,173.6079887712618
508,distanceM,1393.9865282489793
508,motionIntensityG,0.9016548500000001
508,activeEnergyKcal,24.21745506453146
508,heartRateBpm,137.94250170161652
509,speedMps,3.156456297822637
509,paceSecPerKm,316.8109758686703
509,cadenceSpm,176.72376961368778
509,distanceM,1397.142984546802
509,motionIntensityG,0.9016490000000001
509,activeEnergyKcal,24.277568401051536
509,heartRateBpm,139.00047001316844
510,speedMps,3.198484238352124
510,paceSecPerKm,312.6480937468072
510,cadenceSpm,176.70797260209127
510,distanceM,1400.3414687851541
510,motionIntensityG,0.90164315
510,activeEnergyKcal,24.33768139579341
510,heartRateBpm,138.4854040592006
511,speedMps,3.194835825206556
511,paceSecPerKm,313.0051291243884
511,cadenceSpm,175.8618914477583
511,distanceM,1403.5363046103607
511,motionIntensityG,0.9016373
511,activeEnergyKcal,24.39779404875708
511,heartRateBpm,138.4420762108189
512,speedMps,3.167158717298182
512,paceSecPerKm,315.74041254650894
512,cadenceSpm,174.6981923667839
512,distanceM,1406.703463327659
512,motionIntensityG,0.90163145
512,activeEnergyKcal,24.457906359942548
512,heartRateBpm,137.80865019420173
513,speedMps,3.0957222471804764
513,paceSecPerKm,323.02639583082123
513,cadenceSpm,175.52568212308813
513,distanceM,1409.7991855748394
513,motionIntensityG,0.9016256
513,activeEnergyKcal,24.518018329349815
513,heartRateBpm,137.87974697320303
514,speedMps,3.1532703494253758
514,paceSecPerKm,317.13107002773523
514,cadenceSpm,171.88975150912367
514,distanceM,1412.9524559242648
514,motionIntensityG,0.90161975
514,activeEnergyKcal,24.578129956978877
514,heartRateBpm,139.57317804030166
515,speedMps,3.1081659131284565
515,paceSecPerKm,321.73314679764695
515,cadenceSpm,176.67646011246646
515,distanceM,1416.0606218373932
515,motionIntensityG,0.9016139000000001
515,activeEnergyKcal,24.63824124282974
515,heartRateBpm,140.19302338995158
516,speedMps,3.1248660496467275
516,paceSecPerKm,320.0137171041466
516,cadenceSpm,174.76943932622515
516,distanceM,1419.18548788704
516,motionIntensityG,0.9016080500000001
516,activeEnergyKcal,24.698352186902397
516,heartRateBpm,140.74578927073307
517,speedMps,3.1681851297922354
517,paceSecPerKm,315.63812057459484
517,cadenceSpm,172.7889195770934
517,distanceM,1422.353673016832
517,motionIntensityG,0.9016021999999999
517,activeEnergyKcal,24.75846278919685
517,heartRateBpm,140.15964332448462
518,speedMps,3.1935403632132315
518,paceSecPerKm,313.1320998848545
518,cadenceSpm,175.54275510821063
518,distanceM,1425.5472133800454
518,motionIntensityG,0.9015963500000002
518,activeEnergyKcal,24.818573049713105
518,heartRateBpm,138.79517827799754
519,speedMps,3.20749925436799
519,paceSecPerKm,311.7693632003794
519,cadenceSpm,173.55426298096458
519,distanceM,1428.7547126344134
519,motionIntensityG,0.9015905
519,activeEnergyKcal,24.878682968451155
519,heartRateBpm,137.00380629524
520,speedMps,3.268910887914227
520,paceSecPerKm,305.91228524986303
520,cadenceSpm,175.24697672914624
520,distanceM,1432.0236235223276
520,motionIntensityG,0.90158465
520,activeEnergyKcal,24.938792545411
520,heartRateBpm,139.50218295676333
521,speedMps,3.1790272063636253
521,paceSecPerKm,314.5616363390183
521,cadenceSpm,173.92810828597686
521,distanceM,1435.2026507286912
521,motionIntensityG,0.9015788
521,activeEnergyKcal,24.998901780592647
521,heartRateBpm,140.51220044844814
522,speedMps,3.248692546900755
522,paceSecPerKm,307.81614005117154
522,cadenceSpm,175.5514096598362
522,distanceM,1438.4513432755919
522,motionIntensityG,0.90157295
522,activeEnergyKcal,25.059010673996088
522,heartRateBpm,142.2524660785714
523,speedMps,3.179941788899191
523,paceSecPerKm,314.4711653184609
523,cadenceSpm,174.14241886661435
523,distanceM,1441.631285064491
523,motionIntensityG,0.9015671000000001
523,activeEnergyKcal,25.119119225621326
523,heartRateBpm,142.96183111488082
524,speedMps,3.28049648500099
524,paceSecPerKm,304.8319071738613
524,cadenceSpm,173.40365660525427
524,distanceM,1444.9117815494922
524,motionIntensityG,0.9015612500000001
524,activeEnergyKcal,25.179227435468363
524,heartRateBpm,145.24569410842693
525,speedMps,3.3011730892595037
525,paceSecPerKm,302.9226196146877
525,cadenceSpm,172.77283149652754
525,distanceM,1448.2129546387516
525,motionIntensityG,0.9015554000000001
525,activeEnergyKcal,25.239335303537196
525,heartRateBpm,147.80453369056522
526,speedMps,3.134965562595356
526,paceSecPerKm,318.98277031538623
526,cadenceSpm,176.43523592040472
526,distanceM,1451.347920201347
526,motionIntensityG,0.9015495500000001
526,activeEnergyKcal,25.299442829827825
526,heartRateBpm,146.12008492982386
527,speedMps,3.1709452840858567
527,paceSecPerKm,315.363372877715
527,cadenceSpm,174.90348175252817
527,distanceM,1454.5188654854328
527,motionIntensityG,0.9015437
527,activeEnergyKcal,25.359550014340254
527,heartRateBpm,146.05064778791524
528,speedMps,3.145973858304869
528,paceSecPerKm,317.8665955408878
528,cadenceSpm,174.1072461254937
528,distanceM,1457.6648393437376
528,motionIntensityG,0.9015378500000002
528,activeEnergyKcal,25.41965685707448
528,heartRateBpm,147.04332925498164
529,speedMps,3.2002642517283912
529,paceSecPerKm,312.4741962979846
529,cadenceSpm,175.3202619704955
529,distanceM,1460.865103595466
529,motionIntensityG,0.901532
529,activeEnergyKcal,25.479763358030503
529,heartRateBpm,146.42785404661333
530,speedMps,3.254600770007105
530,paceSecPerKm,307.2573475725617
530,cadenceSpm,175.17483140741427
530,distanceM,1464.1197043654731
530,motionIntensityG,0.90152615
530,activeEnergyKcal,25.539869517208324
530,heartRateBpm,146.28724809054475
531,speedMps,3.258827609836327
531,paceSecPerKm,306.85882155338203
531,cadenceSpm,173.88090068365426
531,distanceM,1467.3785319753094
531,motionIntensityG,0.9015203
531,activeEnergyKcal,25.59997533460794
531,heartRateBpm,144.98958429948073
532,speedMps,3.1043722844286616
532,paceSecPerKm,322.1263135919419
532,cadenceSpm,175.17335316582526
532,distanceM,1470.482904259738
532,motionIntensityG,0.9015144500000001
532,activeEnergyKcal,25.660080810229356
532,heartRateBpm,143.35404722384075
533,speedMps,3.088736124856126
533,paceSecPerKm,323.75701891548937
533,cadenceSpm,173.18711573923386
533,distanceM,1473.571640384594
533,motionIntensityG,0.9015086000000001
533,activeEnergyKcal,25.72018594407257
533,heartRateBpm,143.3264842163853
534,speedMps,3.257463313667255
534,paceSecPerKm,306.98734067221136
534,cadenceSpm,175.52229790006362
534,distanceM,1476.8291036982614
534,motionIntensityG,0.9015027500000001
534,activeEnergyKcal,25.780290736137577
534,heartRateBpm,142.92180187525358
535,speedMps,3.14747037305683
535,paceSecPerKm,317.71546082220874
535,cadenceSpm,175.82327039552874
535,distanceM,1479.9765740713183
535,motionIntensityG,0.9014969000000002
535,activeEnergyKcal,25.840395186424384
535,heartRateBpm,142.98032332700782
536,speedMps,3.0715288479250296
536,paceSecPerKm,325.5707660618424
536,cadenceSpm,177.8492196805091
536,distanceM,1483.0481029192433
536,motionIntensityG,0.90149105
536,activeEnergyKcal,25.900499294932988
536,heartRateBpm,144.62499029902503
537,speedMps,3.100701351060754
537,paceSecPerKm,322.507680289138
537,cadenceSpm,171.89699078853425
537,distanceM,1486.148804270304
537,motionIntensityG,0.9014852
537,activeEnergyKcal,25.960603061663388
537,heartRateBpm,145.27088746890144
538,speedMps,3.1139870789070034
538,paceSecPerKm,321.13171142347704
538,cadenceSpm,172.80380983005895
538,distanceM,1489.262791349211
538,motionIntensityG,0.90147935
538,activeEnergyKcal,26.020706486615587
538,heartRateBpm,147.24537460013602
539,speedMps,3.011541272636716
539,paceSecPerKm,332.05588417005583
539,cadenceSpm,173.79137294594423
539,distanceM,1492.2743326218479
539,motionIntensityG,0.9014735
539,activeEnergyKcal,26.080809569789583
539,heartRateBpm,145.85665806775208
540,speedMps,3.235936230241724
540,paceSecPerKm,309.0295756308214
540,cadenceSpm,177.3872541079224
540,distanceM,1495.5102688520897
540,motionIntensityG,0.9014676500000001
540,activeEnergyKcal,26.140912311185378
540,heartRateBpm,146.1161703127975
541,speedMps,3.362942858825095
541,paceSecPerKm,297.35860583410806
541,cadenceSpm,174.69306523374948
541,distanceM,1498.8732117109148
541,motionIntensityG,0.9014618000000001
541,activeEnergyKcal,26.20101471080297
541,heartRateBpm,148.5755969702739
542,speedMps,3.1441246757862134
542,paceSecPerKm,318.05354530031224
542,cadenceSpm,175.25853281008364
542,distanceM,1502.0173363867011
542,motionIntensityG,0.9014559500000001
542,activeEnergyKcal,26.261116768642356
542,heartRateBpm,148.8041862373116
543,speedMps,3.1932819693463035
543,paceSecPerKm,313.1574378960058
543,cadenceSpm,174.01581585124273
543,distanceM,1505.2106183560475
543,motionIntensityG,0.9014500999999999
543,activeEnergyKcal,26.321218484703543
543,heartRateBpm,148.35522335383592
544,speedMps,3.099028501157139
544,paceSecPerKm,322.6817693437193
544,cadenceSpm,175.16247636760363
544,distanceM,1508.3096468572046
544,motionIntensityG,0.9014442500000002
544,activeEnergyKcal,26.381319858986526
544,heartRateBpm,149.0232576909937
545,speedMps,3.1601566839336623
545,paceSecPerKm,316.440005992118
545,cadenceSpm,171.4324524834632
545,distanceM,1511.4698035411382
545,motionIntensityG,0.9014384
545,activeEnergyKcal,26.441420891491305
545,heartRateBpm,148.38715084923507
546,speedMps,3.230878240318829
546,paceSecPerKm,309.5133662175143
546,cadenceSpm,175.47321908657597
546,distanceM,1514.700681781457
546,motionIntensityG,0.90143255
546,activeEnergyKcal,26.501521582217883
546,heartRateBpm,147.86254049885727
547,speedMps,3.083190088176116
547,paceSecPerKm,324.339392447761
547,cadenceSpm,174.81877383129307
547,distanceM,1517.783871869633
547,motionIntensityG,0.9014267
547,activeEnergyKcal,26.561621931166258
547,heartRateBpm,148.5338170298598
548,speedMps,3.3254203668817524
548,paceSecPerKm,300.7138616095325
548,cadenceSpm,175.63824399974902
548,distanceM,1521.1092922365146
548,motionIntensityG,0.90142085
548,activeEnergyKcal,26.621721938336428
548,heartRateBpm,151.78273922526915
549,speedMps,3.238301752758932
549,paceSecPerKm,308.8038349570207
549,cadenceSpm,174.47266955080076
549,distanceM,1524.3475939892735
549,motionIntensityG,0.9014150000000001
549,activeEnergyKcal,26.681821603728398
549,heartRateBpm,151.97934630698725
550,speedMps,3.186615704548503
550,paceSecPerKm,313.812549964096
550,cadenceSpm,173.42756647730047
550,distanceM,1527.534209693822
550,motionIntensityG,0.9014091500000001
550,activeEnergyKcal,26.741920927342164
550,heartRateBpm,152.90124910857736
551,speedMps,3.227182403200275
551,paceSecPerKm,309.8678274300014
551,cadenceSpm,174.20224333481366
551,distanceM,1530.7613920970223
551,motionIntensityG,0.9014033000000001
551,activeEnergyKcal,26.80201990917773
551,heartRateBpm,151.78926832605413
552,speedMps,3.3736778369781444
552,paceSecPerKm,296.41241645518693
552,cadenceSpm,174.90677129161315
552,distanceM,1534.1350699340005
552,motionIntensityG,0.9013974500000002
552,activeEnergyKcal,26.862118549235092
552,heartRateBpm,151.6964934968174
553,speedMps,3.0458128488103307
553,paceSecPerKm,328.31958154966475
553,cadenceSpm,174.25256775410546
553,distanceM,1537.1808827828108
553,motionIntensityG,0.9013916
553,activeEnergyKcal,26.92221684751425
553,heartRateBpm,152.4654480490454
554,speedMps,3.258726596228561
554,paceSecPerKm,306.8683335255358
554,cadenceSpm,174.2103898903216
554,distanceM,1540.4396093790394
554,motionIntensityG,0.9013857500000002
554,activeEnergyKcal,26.982314804015207
554,heartRateBpm,152.92354172303294
555,speedMps,3.235604004154822
555,paceSecPerKm,309.0613062401657
555,cadenceSpm,172.93013504152262
555,distanceM,1543.6752133831942
555,motionIntensityG,0.9013799
555,activeEnergyKcal,27.04241241873796
555,heartRateBpm,153.69718623580792
556,speedMps,3.167959735283128
556,paceSecPerKm,315.6605776463973
556,cadenceSpm,178.33668642950107
556,distanceM,1546.8431731184774
556,motionIntensityG,0.90137405
556,activeEnergyKcal,27.10250969168251
556,heartRateBpm,153.07049115463963
557,speedMps,3.1450546220332782
557,paceSecPerKm,317.9595015597853
557,cadenceSpm,173.43319860089008
557,distanceM,1549.9882277405106
557,motionIntensityG,0.9013682000000001
557,activeEnergyKcal,27.16260662284886
557,heartRateBpm,153.3691430375833
558,speedMps,3.3273330359565927
558,paceSecPerKm,300.54100061327483
558,cadenceSpm,173.88423261203653
558,distanceM,1553.3155607764672
558,motionIntensityG,0.9013623500000001
558,activeEnergyKcal,27.222703212237004
558,heartRateBpm,153.9967664814405
559,speedMps,3.289738784789161
559,paceSecPerKm,303.97550243919744
559,cadenceSpm,175.74181904986025
559,distanceM,1556.6052995612563
559,motionIntensityG,0.9013565000000001
559,activeEnergyKcal,27.282799459846945
559,heartRateBpm,155.60300816467708
560,speedMps,3.2092685842667885
560,paceSecPerKm,311.597478909191
560,cadenceSpm,176.4044835494542
560,distanceM,1559.814568145523
560,motionIntensityG,0.9013506500000001
560,activeEnergyKcal,27.342895365678686
560,heartRateBpm,156.85829567905856
561,speedMps,3.0817286357799225
561,paceSecPerKm,324.49320436253157
561,cadenceSpm,175.6718521246068
561,distanceM,1562.896296781303
561,motionIntensityG,0.9013448
561,activeEnergyKcal,27.402990929732223
561,heartRateBpm,154.6111298869797
562,speedMps,3.161960505445954
562,paceSecPerKm,316.25948467024347
562,cadenceSpm,175.77984258133185
562,distanceM,1566.0582572867488
562,motionIntensityG,0.90133895
562,activeEnergyKcal,27.46308615200756
562,heartRateBpm,155.94569953891227
563,speedMps,3.1052194967043536
563,paceSecPerKm,322.0384262888098
563,cadenceSpm,173.6163795306585
563,distanceM,1569.1634767834532
563,motionIntensityG,0.9013331
563,activeEnergyKcal,27.52318103250469
563,heartRateBpm,156.70921855656607
564,speedMps,3.1514143937960974
564,paceSecPerKm,317.3178373395162
564,cadenceSpm,175.73925952385983
564,distanceM,1572.3148911772494
564,motionIntensityG,0.90132725
564,activeEnergyKcal,27.58327557122362
564,heartRateBpm,160.08204932328155
565,speedMps,3.110035523398862
565,paceSecPerKm,321.5397356320647
565,cadenceSpm,174.73857299498812
565,distanceM,1575.4249267006483
565,motionIntensityG,0.9013214
565,activeEnergyKcal,27.643369768164348
565,heartRateBpm,159.9470440349053
566,speedMps,3.135001693433518
566,paceSecPerKm,318.9790940446924
566,cadenceSpm,174.47922533310944
566,distanceM,1578.5599283940817
566,motionIntensityG,0.9013155500000001
566,activeEnergyKcal,27.703463623326872
566,heartRateBpm,159.95429815035519
567,speedMps,3.18175501966868
567,paceSecPerKm,314.29195328310703
567,cadenceSpm,176.90246229220335
567,distanceM,1581.7416834137503
567,motionIntensityG,0.9013097000000001
567,activeEnergyKcal,27.763557136711192
567,heartRateBpm,160.97822854653086
568,speedMps,3.2427171046131225
568,paceSecPerKm,308.3833611564172
568,cadenceSpm,174.1439568517984
568,distanceM,1584.9844005183634
568,motionIntensityG,0.9013038499999999
568,activeEnergyKcal,27.823650308317312
568,heartRateBpm,161.82228503789074
569,speedMps,3.1601280022665685
569,paceSecPerKm,316.44287803619363
569,cadenceSpm,174.1047443576599
569,distanceM,1588.14452852063
569,motionIntensityG,0.9012980000000002
569,activeEnergyKcal,27.883743138145228
569,heartRateBpm,159.66179423240894
570,speedMps,2.121058517861803
570,paceSecPerKm,471.46271146167163
570,cadenceSpm,154.75528365111174
570,distanceM,1590.265587038492
570,motionIntensityG,0.361850825
570,activeEnergyKcal,27.912319508843126
570,heartRateBpm,159.09180747263989
571,speedMps,2.0265491511703893
571,paceSecPerKm,493.4496651228379
571,cadenceSpm,155.6365105012674
571,distanceM,1592.2921361896624
571,motionIntensityG,0.36186365
571,activeEnergyKcal,27.940896628824007
571,heartRateBpm,158.5998054643648
572,speedMps,2.155335726388238
572,paceSecPerKm,463.96484211567844
572,cadenceSpm,156.48529312775653
572,distanceM,1594.4474719160507
572,motionIntensityG,0.361876475
572,activeEnergyKcal,27.96947449808787
572,heartRateBpm,156.69710534384237
573,speedMps,2.0453668422753335
573,paceSecPerKm,488.9098519303105
573,cadenceSpm,155.88051629667007
573,distanceM,1596.4928387583261
573,motionIntensityG,0.36188929999999997
573,activeEnergyKcal,27.998053116634715
573,heartRateBpm,157.13735949601173
574,speedMps,2.0767693548333326
574,paceSecPerKm,481.51712065312773
574,cadenceSpm,157.56350089552188
574,distanceM,1598.5696081131593
574,motionIntensityG,0.361902125
574,activeEnergyKcal,28.026632484464542
574,heartRateBpm,156.39473022776087
575,speedMps,2.0072405137833216
575,paceSecPerKm,498.1964010457136
575,cadenceSpm,152.9782581730063
575,distanceM,1600.5768486269426
575,motionIntensityG,0.36191495
575,activeEnergyKcal,28.055212601577352
575,heartRateBpm,154.073928345792
576,speedMps,2.1017941345179776
576,paceSecPerKm,475.783990247617
576,cadenceSpm,154.8675933097154
576,distanceM,1602.6786427614607
576,motionIntensityG,0.361927775
576,activeEnergyKcal,28.083793467973145
576,heartRateBpm,152.42540999550422
577,speedMps,2.1167759815074483
577,paceSecPerKm,472.4165470206519
577,cadenceSpm,156.28561601646732
577,distanceM,1604.7954187429682
577,motionIntensityG,0.36194060000000006
577,activeEnergyKcal,28.11237508365192
577,heartRateBpm,151.42595215083796
578,speedMps,2.1730655113298982
578,paceSecPerKm,460.17940774735695
578,cadenceSpm,155.7345138477249
578,distanceM,1606.9684842542981
578,motionIntensityG,0.36195342500000005
578,activeEnergyKcal,28.14095744861368
578,heartRateBpm,149.2795091211237
579,speedMps,2.0662082984885313
579,paceSecPerKm,483.9783098013487
579,cadenceSpm,156.83131323179452
579,distanceM,1609.0346925527867
579,motionIntensityG,0.36196625000000004
579,activeEnergyKcal,28.169540562858423
579,heartRateBpm,146.62180871361207
580,speedMps,2.043188910194662
580,paceSecPerKm,489.43100415747966
580,cadenceSpm,157.55876772253163
580,distanceM,1611.0778814629814
580,motionIntensityG,0.36197907500000004
580,activeEnergyKcal,28.198124426386148
580,heartRateBpm,146.87396054095998
581,speedMps,2.1321094529719997
581,paceSecPerKm,469.01907339047506
581,cadenceSpm,158.4760367903928
581,distanceM,1613.2099909159533
581,motionIntensityG,0.36199190000000003
581,activeEnergyKcal,28.226709039196855
581,heartRateBpm,147.2537851762842
582,speedMps,2.028112068495251
582,paceSecPerKm,493.06939963231207
582,cadenceSpm,157.62505517379583
582,distanceM,1615.2381029844485
582,motionIntensityG,0.362
582,activeEnergyKcal,28.25529412523892
582,heartRateBpm,144.8300901690483
583,speedMps,2.0026376793635317
583,paceSecPerKm,499.34144868272676
583,cadenceSpm,156.07596733918245
583,distanceM,1617.240740663812
583,motionIntensityG,0.362
583,activeEnergyKcal,28.283879211280983
583,heartRateBpm,144.37294607753978
584,speedMps,2.1187783074283266
584,paceSecPerKm,471.97009545267287
584,cadenceSpm,155.51228785262788
584,distanceM,1619.3595189712403
584,motionIntensityG,0.362
584,activeEnergyKcal,28.312464297323046
584,heartRateBpm,143.68732931359344
585,speedMps,2.0211896812993757
585,paceSecPerKm,494.75811659454115
585,cadenceSpm,154.63468465276503
585,distanceM,1621.3807086525396
585,motionIntensityG,0.362
585,activeEnergyKcal,28.34104938336511
585,heartRateBpm,143.41137261563767
586,speedMps,2.022868652361277
586,paceSecPerKm,494.3474697839174
586,cadenceSpm,153.1709059586856
586,distanceM,1623.4035773049009
586,motionIntensityG,0.362
586,activeEnergyKcal,28.369634469407174
586,heartRateBpm,142.70966848384452
587,speedMps,2.0246576691539926
587,paceSecPerKm,493.91065721142485
587,cadenceSpm,155.53660689918655
587,distanceM,1625.428234974055
587,motionIntensityG,0.362
587,activeEnergyKcal,28.398219555449238
587,heartRateBpm,142.37572178342168
588,speedMps,2.128923662137487
588,paceSecPerKm,469.7209288359253
588,cadenceSpm,156.80893757011904
588,distanceM,1627.5571586361925
588,motionIntensityG,0.362
588,activeEnergyKcal,28.4268046414913
588,heartRateBpm,141.3135126869413
589,speedMps,2.1204804742186427
589,paceSecPerKm,471.5912323448681
589,cadenceSpm,156.60348321891496
589,distanceM,1629.677639110411
589,motionIntensityG,0.362
589,activeEnergyKcal,28.455389727533365
589,heartRateBpm,140.54172288648112
590,speedMps,2.0146712643670774
590,paceSecPerKm,496.3588937246081
590,cadenceSpm,155.09388948421181
590,distanceM,1631.6923103747781
590,motionIntensityG,0.362
590,activeEnergyKcal,28.48397481357543
590,heartRateBpm,141.4399095150168
591,speedMps,2.0218430630312523
591,paceSecPerKm,494.598229845173
591,cadenceSpm,157.24651767772056
591,distanceM,1633.7141534378093
591,motionIntensityG,0.362
591,activeEnergyKcal,28.512559899617493
591,heartRateBpm,138.77159191018157
592,speedMps,1.9892512848922048
592,paceSecPerKm,502.7016986716129
592,cadenceSpm,156.24336990229986
592,distanceM,1635.7034047227014
592,motionIntensityG,0.362
592,activeEnergyKcal,28.541144985659557
592,heartRateBpm,140.43482859936623
593,speedMps,2.1060719445211364
593,paceSecPerKm,474.8175875954574
593,cadenceSpm,156.09625254164672
593,distanceM,1637.8094766672225
593,motionIntensityG,0.362
593,activeEnergyKcal,28.56973007170162
593,heartRateBpm,138.37861884330476
594,speedMps,2.073077831879174
594,paceSecPerKm,482.3745566241159
594,cadenceSpm,156.38404471210166
594,distanceM,1639.8825544991016
594,motionIntensityG,0.362
594,activeEnergyKcal,28.598315157743684
594,heartRateBpm,140.14505763338417
595,speedMps,2.0447666250507592
595,paceSecPerKm,489.0533656745185
595,cadenceSpm,155.35650296374467
595,distanceM,1641.9273211241523
595,motionIntensityG,0.362
595,activeEnergyKcal,28.626900243785748
595,heartRateBpm,139.4497293715666
596,speedMps,1.971668705456795
596,paceSecPerKm,507.18459811853666
596,cadenceSpm,156.6237110181401
596,distanceM,1643.898989829609
596,motionIntensityG,0.362
596,activeEnergyKcal,28.655485329827812
596,heartRateBpm,140.10410065176984
597,speedMps,2.0855940429884945
597,paceSecPerKm,479.47969709727283
597,cadenceSpm,154.55881648323708
597,distanceM,1645.9845838725976
597,motionIntensityG,0.362
597,activeEnergyKcal,28.684070415869876
597,heartRateBpm,138.49226824668847
598,speedMps,2.0111289469546114
598,paceSecPerKm,497.2331592731874
598,cadenceSpm,156.35914990797326
598,distanceM,1647.9957128195522
598,motionIntensityG,0.362
598,activeEnergyKcal,28.71265550191194
598,heartRateBpm,136.43485765383008
599,speedMps,2.0421411663535176
599,paceSecPerKm,489.6821123221453
599,cadenceSpm,155.09417111459004
599,distanceM,1650.0378539859057
599,motionIntensityG,0.362
599,activeEnergyKcal,28.741240587954003
599,heartRateBpm,135.66374884646166
600,speedMps,2.051047518065967
600,paceSecPerKm,487.55574465819734
600,cadenceSpm,156.6485797464655
600,distanceM,1652.0889015039718
600,motionIntensityG,0.362
600,activeEnergyKcal,28.769825673996067
600,heartRateBpm,135.53379108076027
601,speedMps,2.0805464507899556
601,paceSecPerKm,480.64295782500477
601,cadenceSpm,155.9603685454365
601,distanceM,1654.1694479547618
601,motionIntensityG,0.362
601,activeEnergyKcal,28.79841076003813
601,heartRateBpm,136.30434878381843
602,speedMps,2.097074988175154
602,paceSecPerKm,476.8546693078374
602,cadenceSpm,155.3440405495144
602,distanceM,1656.266522942937
602,motionIntensityG,0.362
602,activeEnergyKcal,28.826995846080194
602,heartRateBpm,134.59875924012994
603,speedMps,2.0646329001773682
603,paceSecPerKm,484.3476048037848
603,cadenceSpm,153.367569636132
603,distanceM,1658.3311558431144
603,motionIntensityG,0.362
603,activeEnergyKcal,28.85558093212226
603,heartRateBpm,134.66791696753666
604,speedMps,2.0462146214622012
604,paceSecPerKm,488.7072888206671
604,cadenceSpm,154.86447307638258
604,distanceM,1660.3773704645766
604,motionIntensityG,0.362
604,activeEnergyKcal,28.884166018164322
604,heartRateBpm,133.89224467372406
605,speedMps,2.0764436026461977
605,paceSecPerKm,481.5926609928681
605,cadenceSpm,155.7173533497233
605,distanceM,1662.4538140672228
605,motionIntensityG,0.362
605,activeEnergyKcal,28.912751104206386
605,heartRateBpm,132.76101898240478
606,speedMps,2.146628867938896
606,paceSecPerKm,465.8467119936566
606,cadenceSpm,154.75479611683497
606,distanceM,1664.6004429351617
606,motionIntensityG,0.362
606,activeEnergyKcal,28.94133619024845
606,heartRateBpm,130.00431606437766
607,speedMps,2.043046626519548
607,paceSecPerKm,489.4650895479364
607,cadenceSpm,155.46071759323397
607,distanceM,1666.6434895616812
607,motionIntensityG,0.362
607,activeEnergyKcal,28.969921276290513
607,heartRateBpm,129.54770754129365
608,speedMps,1.9924480915408525
608,paceSecPerKm,501.8951330504443
608,cadenceSpm,152.9232588313358
608,distanceM,1668.635937653222
608,motionIntensityG,0.362
608,activeEnergyKcal,28.998506362332577
608,heartRateBpm,128.43830509222988
609,speedMps,2.019221943665695
609,paceSecPerKm,495.2402598124505
609,cadenceSpm,154.7008880866393
609,distanceM,1670.6551595968879
609,motionIntensityG,0.362
609,activeEnergyKcal,29.02709144837464
609,heartRateBpm,126.2947028549744
610,speedMps,2.1274156837997618
610,paceSecPerKm,470.0538816250086
610,cadenceSpm,154.15705117882504
610,distanceM,1672.7825752806875
610,motionIntensityG,0.362
610,activeEnergyKcal,29.055676534416705
610,heartRateBpm,126.26063062929727
611,speedMps,2.0956523469948203
611,paceSecPerKm,477.1783838259274
611,cadenceSpm,154.2093802181737
611,distanceM,1674.8782276276822
611,motionIntensityG,0.362
611,activeEnergyKcal,29.08426162045877
611,heartRateBpm,126.88424219046354
612,speedMps,2.076013242518254
612,paceSecPerKm,481.6924957506417
612,cadenceSpm,155.97495731203546
612,distanceM,1676.9542408702005
612,motionIntensityG,0.362
612,activeEnergyKcal,29.112846706500832
612,heartRateBpm,125.5550729970119
613,speedMps,2.0344326669783745
613,paceSecPerKm,491.5375260294273
613,cadenceSpm,157.64112784997735
613,distanceM,1678.9886735371788
613,motionIntensityG,0.362
613,activeEnergyKcal,29.141431792542896
613,heartRateBpm,124.23831898810236
614,speedMps,2.0561013546580464
614,paceSecPerKm,486.3573469929023
614,cadenceSpm,154.7398137490611
614,distanceM,1681.0447748918368
614,motionIntensityG,0.362
614,activeEnergyKcal,29.17001687858496
614,heartRateBpm,122.72228068874901
615,speedMps,2.0172390554430617
615,paceSecPerKm,495.72706680535805
615,cadenceSpm,153.35975317101915
615,distanceM,1683.0620139472799
615,motionIntensityG,0.362
615,activeEnergyKcal,29.198601964627024
615,heartRateBpm,121.22735091499543
616,speedMps,2.1245517560307445
616,paceSecPerKm,470.6875213378087
616,cadenceSpm,154.79822586630138
616,distanceM,1685.1865657033106
616,motionIntensityG,0.362
616,activeEnergyKcal,29.227187050669087
616,heartRateBpm,118.96069303255597
617,speedMps,2.080121380508475
617,paceSecPerKm,480.741176630546
617,cadenceSpm,155.6492653821121
617,distanceM,1687.266687083819
617,motionIntensityG,0.362
617,activeEnergyKcal,29.25577213671115
617,heartRateBpm,118.91580688733019
618,speedMps,1.9773574429046412
618,paceSecPerKm,505.72545878758723
618,cadenceSpm,156.1420848959193
618,distanceM,1689.2440445267237
618,motionIntensityG,0.362
618,activeEnergyKcal,29.284357222753215
618,heartRateBpm,117.28174515357027
619,speedMps,2.0022815385448163
619,paceSecPerKm,499.43026529963555
619,cadenceSpm,159.48242089508685
619,distanceM,1691.2463260652685
619,motionIntensityG,0.362
619,activeEnergyKcal,29.31294230879528
619,heartRateBpm,114.16258465375789
620,speedMps,2.078777159818175
620,paceSecPerKm,481.05204315765496
620,cadenceSpm,157.84109847866736
620,distanceM,1693.3251032250867
620,motionIntensityG,0.362
620,activeEnergyKcal,29.341527394837343
620,heartRateBpm,113.47464576952976
621,speedMps,2.1076115401315465
621,paceSecPerKm,474.4707366413381
621,cadenceSpm,154.60612367790108
621,distanceM,1695.4327147652182
621,motionIntensityG,0.362
621,activeEnergyKcal,29.370112480879406
621,heartRateBpm,114.87799543112642
622,speedMps,2.064417759539383
622,paceSecPerKm,484.39808046561365
622,cadenceSpm,157.3639460806162
622,distanceM,1697.4971325247575
622,motionIntensityG,0.362
622,activeEnergyKcal,29.39869756692147
622,heartRateBpm,114.9937044275533
623,speedMps,2.0235266950492274
623,paceSecPerKm,494.18670998836143
623,cadenceSpm,154.81313192248103
623,distanceM,1699.5206592198067
623,motionIntensityG,0.362
623,activeEnergyKcal,29.427282652963534
623,heartRateBpm,116.90745660364146
624,speedMps,2.0955608055150097
624,paceSecPerKm,477.1992286590977
624,cadenceSpm,154.1289057795444
624,distanceM,1701.6162200253218
624,motionIntensityG,0.362
624,activeEnergyKcal,29.455867739005598
624,heartRateBpm,117.09192349487368
625,speedMps,2.1249374289770797
625,paceSecPerKm,470.6020922608476
625,cadenceSpm,155.71630764815842
625,distanceM,1703.741157454299
625,motionIntensityG,0.362
625,activeEnergyKcal,29.48445282504766
625,heartRateBpm,116.96692412555953
626,speedMps,1.9934143279297298
626,paceSecPerKm,501.6518573128522
626,cadenceSpm,158.87870510323503
626,distanceM,1705.7345717822286
626,motionIntensityG,0.362
626,activeEnergyKcal,29.513037911089725
626,heartRateBpm,117.21641708701688
627,speedMps,2.0302617494078183
627,paceSecPerKm,492.54732809288134
627,cadenceSpm,159.09236159201498
627,distanceM,1707.7648335316364
627,motionIntensityG,0.362
627,activeEnergyKcal,29.54162299713179
627,heartRateBpm,117.85004222078088
628,speedMps,2.0952749122937075
628,paceSecPerKm,477.2643408903776
628,cadenceSpm,156.45405805079707
628,distanceM,1709.8601084439301
628,motionIntensityG,0.362
628,activeEnergyKcal,29.570208083173853
628,heartRateBpm,116.10595412203226
629,speedMps,2.0930978205326016
629,paceSecPerKm,477.7607573761382
629,cadenceSpm,155.20872374853982
629,distanceM,1711.9532062644628
629,motionIntensityG,0.362
629,activeEnergyKcal,29.598793169215917
629,heartRateBpm,114.95960921115439
630,speedMps,2.036925645087877
630,paceSecPerKm,490.9359369162727
630,cadenceSpm,155.6024434143633
630,distanceM,1713.9901319095507
630,motionIntensityG,0.362
630,activeEnergyKcal,29.62737825525798
630,heartRateBpm,114.03477426489685
631,speedMps,2.041554649451614
631,paceSecPerKm,489.82279277638344
631,cadenceSpm,156.91621136816295
631,distanceM,1716.0316865590023
631,motionIntensityG,0.362
631,activeEnergyKcal,29.655963341300044
631,heartRateBpm,116.10078864890103
632,speedMps,2.1065725356912752
632,paceSecPerKm,474.7047552634348
632,cadenceSpm,156.25399486858493
632,distanceM,1718.1382590946937
632,motionIntensityG,0.362
632,activeEnergyKcal,29.684548427342108
632,heartRateBpm,115.04257874221864
633,speedMps,2.0645807450611726
633,paceSecPerKm,484.35984031729913
633,cadenceSpm,152.8815248025068
633,distanceM,1720.202839839755
633,motionIntensityG,0.362
633,activeEnergyKcal,29.71313351338417
633,heartRateBpm,114.44750982507917
634,speedMps,2.0056980487806015
634,paceSecPerKm,498.57953474500664
634,cadenceSpm,156.9423914118514
634,distanceM,1722.2085378885356
634,motionIntensityG,0.362
634,activeEnergyKcal,29.741718599426235
634,heartRateBpm,112.06462399739257
635,speedMps,2.058929807454691
635,paceSecPerKm,485.6892140661313
635,cadenceSpm,154.1630562892212
635,distanceM,1724.2674676959903
635,motionIntensityG,0.362
635,activeEnergyKcal,29.7703036854683
635,heartRateBpm,111.78907949461298
636,speedMps,2.0645865050150722
636,paceSecPerKm,484.35848901022416
636,cadenceSpm,157.68935492148205
636,distanceM,1726.3320542010053
636,motionIntensityG,0.362
636,activeEnergyKcal,29.798888771510363
636,heartRateBpm,112.67823431232515
637,speedMps,2.099988731814789
637,paceSecPerKm,476.1930313482255
637,cadenceSpm,153.1639325437607
637,distanceM,1728.4320429328202
637,motionIntensityG,0.362
637,activeEnergyKcal,29.827473857552427
637,heartRateBpm,111.64760617852997
638,speedMps,2.0933449063395138
638,paceSecPerKm,477.704365377911
638,cadenceSpm,154.0752505345978
638,distanceM,1730.5253878391597
638,motionIntensityG,0.362
638,activeEnergyKcal,29.85605894359449
638,heartRateBpm,109.30272042544053
639,speedMps,2.082660783199514
639,paceSecPerKm,480.15500559036667
639,cadenceSpm,157.36869523729922
639,distanceM,1732.6080486223593
639,motionIntensityG,0.362
639,activeEnergyKcal,29.884644029636554
639,heartRateBpm,109.98405144131594
640,speedMps,1.9463787845486566
640,paceSecPerKm,513.77460951512
640,cadenceSpm,154.84933035873576
640,distanceM,1734.554427406908
640,motionIntensityG,0.362
640,activeEnergyKcal,29.913229115678618
640,heartRateBpm,110.97402027381423
641,speedMps,2.0625494125980284
641,paceSecPerKm,484.8368693094145
641,cadenceSpm,155.91943320873898
641,distanceM,1736.616976819506
641,motionIntensityG,0.362
641,activeEnergyKcal,29.941814201720682
641,heartRateBpm,110.7855239542765
642,speedMps,2.1307116000192323
642,paceSecPerKm,469.326773267191
642,cadenceSpm,154.52394581420924
642,distanceM,1738.747688419525
642,motionIntensityG,0.362
642,activeEnergyKcal,29.970399287762746
642,heartRateBpm,112.17151939562767
643,speedMps,2.0874281409236453
643,paceSecPerKm,479.0584070393532
643,cadenceSpm,158.88853556279997
643,distanceM,1740.8351165604488
643,motionIntensityG,0.362
643,activeEnergyKcal,29.99898437380481
643,heartRateBpm,109.52344208101077
644,speedMps,2.0259652578321625
644,paceSecPerKm,493.59187978871216
644,cadenceSpm,157.01741255039877
644,distanceM,1742.861081818281
644,motionIntensityG,0.362
644,activeEnergyKcal,30.027569459846873
644,heartRateBpm,110.17825797228026
645,speedMps,2.0703033023551
645,paceSecPerKm,483.0210138110861
645,cadenceSpm,154.27083032194813
645,distanceM,1744.9313851206362
645,motionIntensityG,0.362
645,activeEnergyKcal,30.056154545888937
645,heartRateBpm,111.05625303861687
646,speedMps,2.0185923325380006
646,paceSecPerKm,495.3947282375178
646,cadenceSpm,158.64975008245983
646,distanceM,1746.9499774531741
646,motionIntensityG,0.362
646,activeEnergyKcal,30.084739631931
646,heartRateBpm,110.09374609620085
647,speedMps,2.032532066861991
647,paceSecPerKm,491.9971577835382
647,cadenceSpm,155.02553406757232
647,distanceM,1748.982509520036
647,motionIntensityG,0.362
647,activeEnergyKcal,30.113324717973065
647,heartRateBpm,108.72983730546954
648,speedMps,2.0128759713648825
648,paceSecPerKm,496.80159842234303
648,cadenceSpm,157.74791013207604
648,distanceM,1750.9953854914008
648,motionIntensityG,0.362
648,activeEnergyKcal,30.14190980401513
648,heartRateBpm,107.85817326902112
649,speedMps,2.0894905890258397
649,paceSecPerKm,478.58554867491364
649,cadenceSpm,153.78113952047985
649,distanceM,1753.0848760804267
649,motionIntensityG,0.362
649,activeEnergyKcal,30.170494890057192
649,heartRateBpm,107.66105580345695
650,speedMps,2.013917426657699
650,paceSecPerKm,496.54468786220383
650,cadenceSpm,151.86555885295508
650,distanceM,1755.0987935070843
650,motionIntensityG,0.362
650,activeEnergyKcal,30.199079976099256
650,heartRateBpm,106.99464058440417
651,speedMps,2.1519686588583196
651,paceSecPerKm,464.69078249983824
651,cadenceSpm,157.19330197709746
651,distanceM,1757.2507621659427
651,motionIntensityG,0.362
651,activeEnergyKcal,30.22766506214132
651,heartRateBpm,109.49105561115267
652,speedMps,2.168930605549499
652,paceSecPerKm,461.0567057523031
652,cadenceSpm,155.68068546447287
652,distanceM,1759.4196927714922
652,motionIntensityG,0.362
652,activeEnergyKcal,30.256250148183383
652,heartRateBpm,108.03951673449319
653,speedMps,2.062956739030594
653,paceSecPerKm,484.74113929791423
653,cadenceSpm,157.99717573485
653,distanceM,1761.4826495105228
653,motionIntensityG,0.362
653,activeEnergyKcal,30.284835234225447
653,heartRateBpm,106.80137719269318
654,speedMps,2.084684774215944
654,paceSecPerKm,479.6888298741007
654,cadenceSpm,154.8761614038031
654,distanceM,1763.5673342847388
654,motionIntensityG,0.362
654,activeEnergyKcal,30.31342032026751
654,heartRateBpm,107.68253416033124
655,speedMps,2.0246793046053284
655,paceSecPerKm,493.90537934842496
655,cadenceSpm,156.2704403637807
655,distanceM,1765.592013589344
655,motionIntensityG,0.362
655,activeEnergyKcal,30.342005406309575
655,heartRateBpm,103.57356792031024
656,speedMps,1.9812006508629483
656,paceSecPerKm,504.74443341437006
656,cadenceSpm,157.3567841890435
656,distanceM,1767.573214240207
656,motionIntensityG,0.362
656,activeEnergyKcal,30.37059049235164
656,heartRateBpm,101.76969876933491
657,speedMps,2.0244460388697174
657,paceSecPerKm,493.9622893373424
657,cadenceSpm,156.69249418043697
657,distanceM,1769.5976602790768
657,motionIntensityG,0.362
657,activeEnergyKcal,30.399175578393702
657,heartRateBpm,100.7868625206352
658,speedMps,2.1456069765832693
658,paceSecPerKm,466.0685814847745
658,cadenceSpm,157.5255443655215
658,distanceM,1771.74326725566
658,motionIntensityG,0.362
658,activeEnergyKcal,30.427760664435766
658,heartRateBpm,98.85078369274794
659,speedMps,2.148627924036194
659,paceSecPerKm,465.4132941368004
659,cadenceSpm,155.08805240289297
659,distanceM,1773.8918951796961
659,motionIntensityG,0.362
659,activeEnergyKcal,30.45634575047783
659,heartRateBpm,98.75083066920295
660,speedMps,3.1599789630088195
660,paceSecPerKm,316.45780294937015
660,cadenceSpm,174.70466723580012
660,distanceM,1777.051874142705
660,motionIntensityG,0.9019941499999999
660,activeEnergyKcal,30.516479251911864
660,heartRateBpm,101.50077941187301
661,speedMps,3.134413209826057
661,paceSecPerKm,319.03898211796223
661,cadenceSpm,173.95493102004363
661,distanceM,1780.186287352531
661,motionIntensityG,0.9019883
661,activeEnergyKcal,30.576612411567694
661,heartRateBpm,103.75045932801653
662,speedMps,3.187908707647049
662,paceSecPerKm,313.6852688413672
662,cadenceSpm,172.51587103493176
662,distanceM,1783.374196060178
662,motionIntensityG,0.90198245
662,activeEnergyKcal,30.636745229445324
662,heartRateBpm,105.70845290948576
663,speedMps,3.2063722454340313
663,paceSecPerKm,311.87894712600183
663,cadenceSpm,174.8115539218647
663,distanceM,1786.5805683056121
663,motionIntensityG,0.9019766
663,activeEnergyKcal,30.69687770554475
663,heartRateBpm,108.47457265961394
664,speedMps,3.214980259811132
664,paceSecPerKm,311.0439004868871
664,cadenceSpm,175.97832026500708
664,distanceM,1789.7955485654234
664,motionIntensityG,0.90197075
664,activeEnergyKcal,30.757009839865972
664,heartRateBpm,110.83896208897394
665,speedMps,3.1404917057917174
665,paceSecPerKm,318.42147462315944
665,cadenceSpm,175.48684885527558
665,distanceM,1792.936040271215
665,motionIntensityG,0.9019649000000001
665,activeEnergyKcal,30.817141632408994
665,heartRateBpm,111.89272359540661
666,speedMps,3.1517058890929346
666,paceSecPerKm,317.28848921489987
666,cadenceSpm,175.69041595433055
666,distanceM,1796.087746160308
666,motionIntensityG,0.9019590500000001
666,activeEnergyKcal,30.87727308317381
666,heartRateBpm,115.44131489070134
667,speedMps,3.1956085798344986
667,paceSecPerKm,312.9294389526862
667,cadenceSpm,175.6792501002199
667,distanceM,1799.2833547401424
667,motionIntensityG,0.9019532000000001
667,activeEnergyKcal,30.93740419216043
667,heartRateBpm,114.39173307823913
668,speedMps,3.2029207585139856
668,paceSecPerKm,312.21502977924314
668,cadenceSpm,176.6797221538431
668,distanceM,1802.4862754986564
668,motionIntensityG,0.9019473499999999
668,activeEnergyKcal,30.997534959368842
668,heartRateBpm,115.57139910973332
669,speedMps,3.250389314535702
669,paceSecPerKm,307.65545392609187
669,cadenceSpm,173.10676938952594
669,distanceM,1805.736664813192
669,motionIntensityG,0.9019415000000002
669,activeEnergyKcal,31.05766538479905
669,heartRateBpm,117.96864958383756
670,speedMps,3.2377146251878965
670,paceSecPerKm,308.8598334826888
670,cadenceSpm,175.56569631069252
670,distanceM,1808.9743794383799
670,motionIntensityG,0.90193565
670,activeEnergyKcal,31.11779546845106
670,heartRateBpm,120.30224406047896
671,speedMps,3.0760804871188205
671,paceSecPerKm,325.0890229262628
671,cadenceSpm,173.15214938588062
671,distanceM,1812.0504599254987
671,motionIntensityG,0.9019298
671,activeEnergyKcal,31.177925210324865
671,heartRateBpm,121.96116078384874
672,speedMps,3.114203114557052
672,paceSecPerKm,321.10943416811614
672,cadenceSpm,173.63471729472568
672,distanceM,1815.1646630400558
672,motionIntensityG,0.90192395
672,activeEnergyKcal,31.238054610420466
672,heartRateBpm,123.27317162833721
673,speedMps,3.261950335033768
673,paceSecPerKm,306.56505994584614
673,cadenceSpm,176.58420401048437
673,distanceM,1818.4266133750896
673,motionIntensityG,0.9019181000000001
673,activeEnergyKcal,31.298183668737867
673,heartRateBpm,126.53593849378761
674,speedMps,3.1467656220611437
674,paceSecPerKm,317.78661651483156
674,cadenceSpm,175.21369591557715
674,distanceM,1821.5733789971507
674,motionIntensityG,0.9019122500000001
674,activeEnergyKcal,31.358312385277063
674,heartRateBpm,126.94141968756585
675,speedMps,3.2419148777531706
675,paceSecPerKm,308.45967204822364
675,cadenceSpm,172.49559980439784
675,distanceM,1824.8152938749038
675,motionIntensityG,0.9019064000000001
675,activeEnergyKcal,31.418440760038056
675,heartRateBpm,128.23439323924563
676,speedMps,3.0870352441876916
676,paceSecPerKm,323.9354010884108
676,cadenceSpm,177.8298961146301
676,distanceM,1827.9023291190915
676,motionIntensityG,0.9019005500000001
676,activeEnergyKcal,31.478568793020848
676,heartRateBpm,129.32326102665604
677,speedMps,3.179951696835728
677,paceSecPerKm,314.4701855047261
677,cadenceSpm,176.1466067557527
677,distanceM,1831.0822808159273
677,motionIntensityG,0.9018946999999999
677,activeEnergyKcal,31.538696484225436
677,heartRateBpm,130.03363436798264
678,speedMps,3.222444860317725
678,paceSecPerKm,310.3233859217695
678,cadenceSpm,174.9482263839804
678,distanceM,1834.304725676245
678,motionIntensityG,0.90188885
678,activeEnergyKcal,31.598823833651824
678,heartRateBpm,128.92354836568072
679,speedMps,3.2850956112485745
679,paceSecPerKm,304.40514320979764
679,cadenceSpm,173.12168715378863
679,distanceM,1837.5898212874936
679,motionIntensityG,0.901883
679,activeEnergyKcal,31.65895084130001
679,heartRateBpm,128.44608509693555
680,speedMps,3.2596303907027773
680,paceSecPerKm,306.7832484481161
680,cadenceSpm,177.04157074838932
680,distanceM,1840.8494516781964
680,motionIntensityG,0.90187715
680,activeEnergyKcal,31.719077507169988
680,heartRateBpm,129.07098610396267
681,speedMps,3.1808648407788978
681,paceSecPerKm,314.37990925610353
681,cadenceSpm,176.9185671624747
681,distanceM,1844.0303165189753
681,motionIntensityG,0.9018713
681,activeEnergyKcal,31.779203831261768
681,heartRateBpm,130.47403195989926
682,speedMps,3.2681583366483395
682,paceSecPerKm,305.98272696467643
682,cadenceSpm,177.2513398464997
682,distanceM,1847.2984748556237
682,motionIntensityG,0.9018654500000001
682,activeEnergyKcal,31.839329813575343
682,heartRateBpm,131.4957586570418
683,speedMps,3.2954952199777607
683,paceSecPerKm,303.4445305633757
683,cadenceSpm,175.67061804075607
683,distanceM,1850.5939700756014
683,motionIntensityG,0.9018596000000001
683,activeEnergyKcal,31.899455454110715
683,heartRateBpm,131.31634445661672
684,speedMps,3.2414255556837817
684,paceSecPerKm,308.50623678415747
684,cadenceSpm,174.67368779089847
684,distanceM,1853.835395631285
684,motionIntensityG,0.9018537499999999
684,activeEnergyKcal,31.959580752867886
684,heartRateBpm,132.36257772854628
685,speedMps,3.178099655001332
685,paceSecPerKm,314.6534434268962
685,cadenceSpm,176.03003817492066
685,distanceM,1857.0134952862863
685,motionIntensityG,0.9018479000000001
685,activeEnergyKcal,32.01970570984685
685,heartRateBpm,133.9715463201555
686,speedMps,3.089716185610533
686,paceSecPerKm,323.65432289775134
686,cadenceSpm,174.82011037986504
686,distanceM,1860.1032114718969
686,motionIntensityG,0.90184205
686,activeEnergyKcal,32.07983032504762
686,heartRateBpm,134.61352533500667
687,speedMps,3.3281652860747344
687,paceSecPerKm,300.46584650830494
687,cadenceSpm,175.13875148600627
687,distanceM,1863.4313767579715
687,motionIntensityG,0.9018362
687,activeEnergyKcal,32.139954598470176
687,heartRateBpm,137.07443693202555
688,speedMps,3.2358537130714016
688,paceSecPerKm,309.037456162016
688,cadenceSpm,172.55350083671826
688,distanceM,1866.667230471043
688,motionIntensityG,0.90183035
688,activeEnergyKcal,32.20007853011454
688,heartRateBpm,136.77036393959602
689,speedMps,3.279237034119198
689,paceSecPerKm,304.9489834358984
689,cadenceSpm,174.17661805085694
689,distanceM,1869.9464675051622
689,motionIntensityG,0.9018245
689,activeEnergyKcal,32.2602021199807
689,heartRateBpm,137.69218974490036
690,speedMps,3.1053680463246955
690,paceSecPerKm,322.0230211306298
690,cadenceSpm,174.39138051262958
690,distanceM,1873.0518355514869
690,motionIntensityG,0.90181865
690,activeEnergyKcal,32.32032536806865
690,heartRateBpm,138.48806096508048
691,speedMps,3.1539035092456693
691,paceSecPerKm,317.0674045887896
691,cadenceSpm,173.74703426976592
691,distanceM,1876.2057390607326
691,motionIntensityG,0.9018128000000001
691,activeEnergyKcal,32.3804482743784
691,heartRateBpm,140.20290529989344
692,speedMps,3.267445820189199
692,paceSecPerKm,306.049451171036
692,cadenceSpm,175.18259988505918
692,distanceM,1879.4731848809217
692,motionIntensityG,0.9018069500000001
692,activeEnergyKcal,32.44057083890995
692,heartRateBpm,141.15929786564118
693,speedMps,3.0454416096029346
693,paceSecPerKm,328.35960369319974
693,cadenceSpm,176.2361896623659
693,distanceM,1882.5186264905246
693,motionIntensityG,0.9018011000000001
693,activeEnergyKcal,32.50069306166329
693,heartRateBpm,142.22265991353274
694,speedMps,3.229228811640228
694,paceSecPerKm,309.67145976009925
694,cadenceSpm,175.0305115741336
694,distanceM,1885.747855302165
694,motionIntensityG,0.9017952499999999
694,activeEnergyKcal,32.56081494263844
694,heartRateBpm,143.11025647382365
695,speedMps,3.2044992321492307
695,paceSecPerKm,312.0612387631338
695,cadenceSpm,175.06313701848495
695,distanceM,1888.952354534314
695,motionIntensityG,0.9017894000000002
695,activeEnergyKcal,32.62093648183538
695,heartRateBpm,143.1328028617448
696,speedMps,3.122796325770443
696,paceSecPerKm,320.2258154807084
696,cadenceSpm,176.3637071443444
696,distanceM,1892.0751508600845
696,motionIntensityG,0.90178355
696,activeEnergyKcal,32.68105767925412
696,heartRateBpm,144.0737441400024
697,speedMps,3.20065173225741
697,paceSecPerKm,312.43636723158977
697,cadenceSpm,175.85166624622482
697,distanceM,1895.275802592342
697,motionIntensityG,0.9017777
697,activeEnergyKcal,32.74117853489465
697,heartRateBpm,145.31116293067112
698,speedMps,3.2011116517774734
698,paceSecPerKm,312.3914779557072
698,cadenceSpm,175.54813084901087
698,distanceM,1898.4769142441194
698,motionIntensityG,0.90177185
698,activeEnergyKcal,32.80129904875698
698,heartRateBpm,146.80300331605577
699,speedMps,3.1259212809929506
699,paceSecPerKm,319.905688630249
699,cadenceSpm,176.42105256190078
699,distanceM,1901.6028355251124
699,motionIntensityG,0.9017660000000001
699,activeEnergyKcal,32.861419220841114
699,heartRateBpm,146.19237194355784
700,speedMps,3.264415623618847
700,paceSecPerKm,306.3335418335689
700,cadenceSpm,175.2550887811952
700,distanceM,1904.8672511487312
700,motionIntensityG,0.9017601500000001
700,activeEnergyKcal,32.92153905114704
700,heartRateBpm,144.9106100829722
701,speedMps,3.2526348889097965
701,paceSecPerKm,307.4430528337521
701,cadenceSpm,174.35648475234365
701,distanceM,1908.119886037641
701,motionIntensityG,0.9017543000000001
701,activeEnergyKcal,32.98165853967477
701,heartRateBpm,145.44589905089694
702,speedMps,3.2397520319608337
702,paceSecPerKm,308.66559851951325
702,cadenceSpm,172.374832553008
702,distanceM,1911.3596380696017
702,motionIntensityG,0.9017484500000001
702,activeEnergyKcal,33.04177768642429
702,heartRateBpm,146.54936646897704
703,speedMps,3.340403764230627
703,paceSecPerKm,299.3650081191078
703,cadenceSpm,177.00506691200636
703,distanceM,1914.7000418338323
703,motionIntensityG,0.9017426
703,activeEnergyKcal,33.10189649139561
703,heartRateBpm,147.1306388922382
704,speedMps,3.349433024355923
704,paceSecPerKm,298.5579925701886
704,cadenceSpm,175.8096965247523
704,distanceM,1918.0494748581882
704,motionIntensityG,0.90173675
704,activeEnergyKcal,33.16201495458872
704,heartRateBpm,147.8750757734917
705,speedMps,3.2537182922973593
705,paceSecPerKm,307.34068231024634
705,cadenceSpm,172.83104958538365
705,distanceM,1921.3031931504856
705,motionIntensityG,0.9017309
705,activeEnergyKcal,33.22213307600364
705,heartRateBpm,147.97621609401952
706,speedMps,3.100000317268873
706,paceSecPerKm,322.58061214684284
706,cadenceSpm,174.59921898443
706,distanceM,1924.4031934677546
706,motionIntensityG,0.90172505
706,activeEnergyKcal,33.28225085564035
706,heartRateBpm,148.9061617135437
707,speedMps,3.0619243129414913
707,paceSecPerKm,326.59200482958136
707,cadenceSpm,175.0171704094167
707,distanceM,1927.4651177806961
707,motionIntensityG,0.9017192
707,activeEnergyKcal,33.34236829349886
707,heartRateBpm,149.63691724316394
708,speedMps,3.301919759201951
708,paceSecPerKm,302.8541190963685
708,cadenceSpm,175.07207350275615
708,distanceM,1930.767037539898
708,motionIntensityG,0.9017133500000001
708,activeEnergyKcal,33.40248538957916
708,heartRateBpm,151.2195347257118
709,speedMps,3.1858100547420385
709,paceSecPerKm,313.8919090645447
709,cadenceSpm,171.28164834288253
709,distanceM,1933.95284759464
709,motionIntensityG,0.9017075000000001
709,activeEnergyKcal,33.46260214388126
709,heartRateBpm,153.1645322848305
710,speedMps,3.2013222068872187
710,paceSecPerKm,312.37093156341246
710,cadenceSpm,174.73420383864888
710,distanceM,1937.1541698015271
710,motionIntensityG,0.9017016499999999
710,activeEnergyKcal,33.52271855640517
710,heartRateBpm,154.496011389783
711,speedMps,3.3282455048909774
711,paceSecPerKm,300.4586045501943
711,cadenceSpm,174.4090417994491
711,distanceM,1940.482415306418
711,motionIntensityG,0.9016958000000002
711,activeEnergyKcal,33.582834627150866
711,heartRateBpm,154.2684613964776
712,speedMps,3.1181316569672606
712,paceSecPerKm,320.7048675335968
712,cadenceSpm,176.30417656107863
712,distanceM,1943.6005469633853
712,motionIntensityG,0.9016899500000002
712,activeEnergyKcal,33.64295035611836
712,heartRateBpm,155.22894159379464
713,speedMps,3.2112955429337013
713,paceSecPerKm,311.40079965559414
713,cadenceSpm,176.97120743170072
713,distanceM,1946.811842506319
713,motionIntensityG,0.9016841
713,activeEnergyKcal,33.703065743307654
713,heartRateBpm,154.49006894240213
714,speedMps,3.1667181948891727
714,paceSecPerKm,315.78433521931925
714,cadenceSpm,176.6752808310814
714,distanceM,1949.9785607012082
714,motionIntensityG,0.90167825
714,activeEnergyKcal,33.76318078871874
714,heartRateBpm,154.87140088751391
715,speedMps,3.096693955304959
715,paceSecPerKm,322.9250337402235
715,cadenceSpm,175.55838665619873
715,distanceM,1953.0752546565132
715,motionIntensityG,0.9016724
715,activeEnergyKcal,33.823295492351626
715,heartRateBpm,155.4791585160632
716,speedMps,3.1056272308801938
716,paceSecPerKm,321.99614623954113
716,cadenceSpm,173.23700665576496
716,distanceM,1956.1808818873933
716,motionIntensityG,0.9016665500000001
716,activeEnergyKcal,33.88340985420631
716,heartRateBpm,154.79968792595702
717,speedMps,3.1701623949864493
717,paceSecPerKm,315.44125360312165
717,cadenceSpm,173.73888032548496
717,distanceM,1959.3510442823797
717,motionIntensityG,0.9016607000000001
717,activeEnergyKcal,33.943523874282796
717,heartRateBpm,158.06330887853503
718,speedMps,3.219626919189899
718,paceSecPerKm,310.59499286694165
718,cadenceSpm,174.7032593897842
718,distanceM,1962.5706712015697
718,motionIntensityG,0.9016548500000001
718,activeEnergyKcal,34.003637552581075
718,heartRateBpm,159.73675243060353
719,speedMps,3.238550129520734
719,paceSecPerKm,308.7801516130886
719,cadenceSpm,172.20209920273268
719,distanceM,1965.8092213310904
719,motionIntensityG,0.9016490000000001
719,activeEnergyKcal,34.06375088910115
719,heartRateBpm,157.91400195819753
720,speedMps,3.155703116604628
720,paceSecPerKm,316.8865901035544
720,cadenceSpm,175.33906323885353
720,distanceM,1968.964924447695
720,motionIntensityG,0.90164315
720,activeEnergyKcal,34.12386388384302
720,heartRateBpm,156.96707810816636
721,speedMps,3.122958449602106
721,paceSecPerKm,320.209191424692
721,cadenceSpm,174.6448680058412
721,distanceM,1972.087882897297
721,motionIntensityG,0.9016373
721,activeEnergyKcal,34.183976536806696
721,heartRateBpm,159.00376435458438
722,speedMps,3.1604317730437983
722,paceSecPerKm,316.4124625404915
722,cadenceSpm,174.0998104747384
722,distanceM,1975.248314670341
722,motionIntensityG,0.90163145
722,activeEnergyKcal,34.24408884799217
722,heartRateBpm,159.99782296285898
723,speedMps,3.2616900472329053
723,paceSecPerKm,306.58952430147747
723,cadenceSpm,176.4680563647359
723,distanceM,1978.5100047175738
723,motionIntensityG,0.9016256
723,activeEnergyKcal,34.30420081739943
723,heartRateBpm,163.3495599032152
724,speedMps,3.3123725249960305
724,paceSecPerKm,301.89841041541615
724,cadenceSpm,177.64687087424755
724,distanceM,1981.82237724257
724,motionIntensityG,0.90161975
724,activeEnergyKcal,34.364312445028496
724,heartRateBpm,162.99119654944877
725,speedMps,3.207493614119963
725,paceSecPerKm,311.7699114342178
725,cadenceSpm,177.04397391675477
725,distanceM,1985.02987085669
725,motionIntensityG,0.9016139000000001
725,activeEnergyKcal,34.424423730879354
725,heartRateBpm,164.5878225970981
726,speedMps,3.2665805666179346
726,paceSecPerKm,306.1305177099469
726,cadenceSpm,174.6581312101297
726,distanceM,1988.2964514233079
726,motionIntensityG,0.9016080500000001
726,activeEnergyKcal,34.48453467495201
726,heartRateBpm,165.27736526004878
727,speedMps,3.1454607574479185
727,paceSecPerKm,317.9184472838103
727,cadenceSpm,175.9105694060177
727,distanceM,1991.4419121807557
727,motionIntensityG,0.9016021999999999
727,activeEnergyKcal,34.54464527724647
727,heartRateBpm,164.75258517653867
728,speedMps,3.156775362912065
728,paceSecPerKm,316.7789547994695
728,cadenceSpm,173.22273737939108
728,distanceM,1994.5986875436677
728,motionIntensityG,0.9015963500000002
728,activeEnergyKcal,34.60475553776272
728,heartRateBpm,164.500096618963
729,speedMps,3.13400102385502
729,paceSecPerKm,319.0809423444082
729,cadenceSpm,176.67188575065302
729,distanceM,1997.7326885675227
729,motionIntensityG,0.9015905
729,activeEnergyKcal,34.66486545650077
729,heartRateBpm,165.8755098816393
730,speedMps,3.1460321817719676
730,paceSecPerKm,317.8607026952792
730,cadenceSpm,173.0572296686023
730,distanceM,2000.8787207492946
730,motionIntensityG,0.90158465
730,activeEnergyKcal,34.724975033460616
730,heartRateBpm,166.99958621345925
731,speedMps,3.213273409081971
731,paceSecPerKm,311.2091231246018
731,cadenceSpm,174.49196012536947
731,distanceM,2004.0919941583766
731,motionIntensityG,0.9015788
731,activeEnergyKcal,34.78508426864226
731,heartRateBpm,168.91132566714828
732,speedMps,2.983377326617908
732,paceSecPerKm,335.1905878877364
732,cadenceSpm,175.2578999380933
732,distanceM,2007.0753714849945
732,motionIntensityG,0.90157295
732,activeEnergyKcal,34.8451931620457
732,heartRateBpm,169.0167078035774
733,speedMps,3.1146020378341728
733,paceSecPerKm,321.06830595133704
733,cadenceSpm,174.07444463534054
733,distanceM,2010.1899735228287
733,motionIntensityG,0.9015671000000001
733,activeEnergyKcal,34.905301713670944
733,heartRateBpm,169.55932971828992
734,speedMps,3.1177542412009682
734,paceSecPerKm,320.74369005261843
734,cadenceSpm,175.6612457464435
734,distanceM,2013.3077277640298
734,motionIntensityG,0.9015612500000001
734,activeEnergyKcal,34.96540992351798
734,heartRateBpm,169.68976005828816
735,speedMps,3.0252558701036585
735,paceSecPerKm,330.5505527258875
735,cadenceSpm,173.11220600285733
735,distanceM,2016.3329836341334
735,motionIntensityG,0.9015554000000001
735,activeEnergyKcal,35.025517791586815
735,heartRateBpm,170.95637592403284
736,speedMps,3.157420350987658
736,paceSecPerKm,316.71424417315694
736,cadenceSpm,175.74168319540416
736,distanceM,2019.490403985121
736,motionIntensityG,0.9015495500000001
736,activeEnergyKcal,35.085625317877444
736,heartRateBpm,170.02999468249087
737,speedMps,3.163797640346343
737,paceSecPerKm,316.0758410232993
737,cadenceSpm,175.1607771665018
737,distanceM,2022.6542016254673
737,motionIntensityG,0.9015437
737,activeEnergyKcal,35.14573250238987
737,heartRateBpm,171.01438251499533
738,speedMps,2.953750628177872
738,paceSecPerKm,338.5526152615281
738,cadenceSpm,176.0359360381897
738,distanceM,2025.6079522536452
738,motionIntensityG,0.9015378500000002
738,activeEnergyKcal,35.2058393451241
738,heartRateBpm,171.13508322707276
739,speedMps,3.2111301566380335
739,paceSecPerKm,311.4168380664373
739,cadenceSpm,173.92736570030326
739,distanceM,2028.8190824102833
739,motionIntensityG,0.901532
739,activeEnergyKcal,35.26594584608012
739,heartRateBpm,174.11119006074114
740,speedMps,3.2778209722833593
740,paceSecPerKm,305.0807254135637
740,cadenceSpm,173.54896295388573
740,distanceM,2032.0969033825666
740,motionIntensityG,0.90152615
740,activeEnergyKcal,35.32605200525794
740,heartRateBpm,173.29392038961618
741,speedMps,3.1669461383527095
741,paceSecPerKm,315.76160639099186
741,cadenceSpm,176.18495209739197
741,distanceM,2035.2638495209192
741,motionIntensityG,0.9015203
741,activeEnergyKcal,35.38615782265756
741,heartRateBpm,172.39996849148807
742,speedMps,3.2596449920637576
742,paceSecPerKm,306.7818742331436
742,cadenceSpm,176.01983831834227
742,distanceM,2038.523494512983
742,motionIntensityG,0.9015144500000001
742,activeEnergyKcal,35.44626329827897
742,heartRateBpm,174.21296890064838
743,speedMps,3.3036271181481784
743,paceSecPerKm,302.6976000126013
743,cadenceSpm,175.64077795983368
743,distanceM,2041.8271216311311
743,motionIntensityG,0.9015086000000001
743,activeEnergyKcal,35.50636843212219
743,heartRateBpm,174.9487363869895
744,speedMps,3.152716930828484
744,paceSecPerKm,317.1867382769489
744,cadenceSpm,177.04154071382868
744,distanceM,2044.9798385619597
744,motionIntensityG,0.9015027500000001
744,activeEnergyKcal,35.5664732241872
744,heartRateBpm,173.6085970719683
745,speedMps,3.044026094643586
745,paceSecPerKm,328.5122955284936
745,cadenceSpm,174.1090555826079
745,distanceM,2048.023864656603
745,motionIntensityG,0.9014969000000002
745,activeEnergyKcal,35.62657767447401
745,heartRateBpm,172.20640421997228
746,speedMps,3.250484057210284
746,paceSecPerKm,307.64648661536467
746,cadenceSpm,175.7692175540351
746,distanceM,2051.274348713813
746,motionIntensityG,0.90149105
746,activeEnergyKcal,35.68668178298261
746,heartRateBpm,172.29000863301374
747,speedMps,3.223475794715815
747,paceSecPerKm,310.22413806838
747,cadenceSpm,173.6819832696631
747,distanceM,2054.497824508529
747,motionIntensityG,0.9014852
747,activeEnergyKcal,35.74678554971301
747,heartRateBpm,171.1432324635054
748,speedMps,3.2050090672212046
748,paceSecPerKm,312.0115977915209
748,cadenceSpm,176.06366617347155
748,distanceM,2057.70283357575
748,motionIntensityG,0.90147935
748,activeEnergyKcal,35.806888974665206
748,heartRateBpm,168.68567223910108
749,speedMps,3.179121915396918
749,paceSecPerKm,314.5522652518812
749,cadenceSpm,173.67467744152594
749,distanceM,2060.881955491147
749,motionIntensityG,0.9014735
749,activeEnergyKcal,35.866992057839205
749,heartRateBpm,166.1326714860109
750,speedMps,3.1814942231409145
750,paceSecPerKm,314.3177167276937
750,cadenceSpm,174.25936652117778
750,distanceM,2064.063449714288
750,motionIntensityG,0.9014676500000001
750,activeEnergyKcal,35.927094799235
750,heartRateBpm,168.9713814723191
751,speedMps,3.1867189019097237
751,paceSecPerKm,313.80238759079884
751,cadenceSpm,174.30865249242507
751,distanceM,2067.2501686161977
751,motionIntensityG,0.9014618000000001
751,activeEnergyKcal,35.98719719885259
751,heartRateBpm,167.89092221178043
752,speedMps,3.1525120883603317
752,paceSecPerKm,317.20734828969836
752,cadenceSpm,174.68376400746394
752,distanceM,2070.402680704558
752,motionIntensityG,0.9014559500000001
752,activeEnergyKcal,36.04729925669198
752,heartRateBpm,168.02432624136836
753,speedMps,3.2287975896491794
753,paceSecPerKm,309.7128179250944
753,cadenceSpm,174.05051978464726
753,distanceM,2073.631478294207
753,motionIntensityG,0.9014500999999999
753,activeEnergyKcal,36.10740097275316
753,heartRateBpm,168.87652599316738
754,speedMps,3.1294545180637523
754,paceSecPerKm,319.5445066313721
754,cadenceSpm,174.71888945963758
754,distanceM,2076.7609328122708
754,motionIntensityG,0.9014442500000002
754,activeEnergyKcal,36.16750234703615
754,heartRateBpm,169.979624413154
755,speedMps,3.2230886199189417
755,paceSecPerKm,310.2614038658202
755,cadenceSpm,174.50119887149478
755,distanceM,2079.98402143219
755,motionIntensityG,0.9014384
755,activeEnergyKcal,36.22760337954093
755,heartRateBpm,170.40758974189671
756,speedMps,3.099041533183604
756,paceSecPerKm,322.6804124089016
756,cadenceSpm,173.25657752383177
756,distanceM,2083.0830629653733
756,motionIntensityG,0.90143255
756,activeEnergyKcal,36.28770407026751
756,heartRateBpm,170.4204190672388
757,speedMps,3.102167574163766
757,paceSecPerKm,322.35524873912215
757,cadenceSpm,175.5408348092661
757,distanceM,2086.185230539537
757,motionIntensityG,0.9014267
757,activeEnergyKcal,36.34780441921588
757,heartRateBpm,169.03580317482889
758,speedMps,2.989242132223768
758,paceSecPerKm,334.53295376111816
758,cadenceSpm,172.4224551093343
758,distanceM,2089.1744726717607
758,motionIntensityG,0.90142085
758,activeEnergyKcal,36.407904426386054
758,heartRateBpm,170.94413340117384
759,speedMps,3.251942790369716
759,paceSecPerKm,307.5084847622148
759,cadenceSpm,173.99980551161582
759,distanceM,2092.4264154621305
759,motionIntensityG,0.9014150000000001
759,activeEnergyKcal,36.46800409177802
759,heartRateBpm,171.15209983176527
760,speedMps,3.3296600886590677
760,paceSecPerKm,300.33095672619345
760,cadenceSpm,174.10945197264616
760,distanceM,2095.75607555079
760,motionIntensityG,0.9014091500000001
760,activeEnergyKcal,36.52810341539179
760,heartRateBpm,170.95410693943464
761,speedMps,3.1357593366206147
761,paceSecPerKm,318.90202424708167
761,cadenceSpm,173.64558999921246
761,distanceM,2098.8918348874104
761,motionIntensityG,0.9014033000000001
761,activeEnergyKcal,36.588202397227356
761,heartRateBpm,171.6027548063502
762,speedMps,3.18236552215199
762,paceSecPerKm,314.23165976351345
762,cadenceSpm,174.0729768513684
762,distanceM,2102.0742004095623
762,motionIntensityG,0.9013974500000002
762,activeEnergyKcal,36.64830103728472
762,heartRateBpm,170.58412025746748
763,speedMps,3.099213965480648
763,paceSecPerKm,322.66245930035774
763,cadenceSpm,173.57254546548663
763,distanceM,2105.1734143750427
763,motionIntensityG,0.9013916
763,activeEnergyKcal,36.708399335563875
763,heartRateBpm,171.34181962148017
764,speedMps,3.253536170273507
764,paceSecPerKm,307.3578862090645
764,cadenceSpm,176.00211508087142
764,distanceM,2108.4269505453162
764,motionIntensityG,0.9013857500000002
764,activeEnergyKcal,36.76849729206483
764,heartRateBpm,172.65354965529332
765,speedMps,3.2012307743173394
765,paceSecPerKm,312.37985340599175
765,cadenceSpm,175.43291860202712
765,distanceM,2111.6281813196338
765,motionIntensityG,0.9013799
765,activeEnergyKcal,36.82859490678758
765,heartRateBpm,173.70945112519868
766,speedMps,3.157254239002113
766,paceSecPerKm,316.7309073963146
766,cadenceSpm,173.2620101461195
766,distanceM,2114.785435558636
766,motionIntensityG,0.90137405
766,activeEnergyKcal,36.88869217973213
766,heartRateBpm,173.3448995086526
767,speedMps,3.188284597474669
767,paceSecPerKm,313.6482862264133
767,cadenceSpm,172.52598231412867
767,distanceM,2117.9737201561106
767,motionIntensityG,0.9013682000000001
767,activeEnergyKcal,36.94878911089848
767,heartRateBpm,171.43035416944247
768,speedMps,3.1214655141779413
768,paceSecPerKm,320.36234116889057
768,cadenceSpm,173.99688504787227
768,distanceM,2121.0951856702886
768,motionIntensityG,0.9013623500000001
768,activeEnergyKcal,37.008885700286626
768,heartRateBpm,173.65962549378818
769,speedMps,3.266510527994921
769,paceSecPerKm,306.137081582844
769,cadenceSpm,175.4671002417189
769,distanceM,2124.3616961982834
769,motionIntensityG,0.9013565000000001
769,activeEnergyKcal,37.06898194789657
769,heartRateBpm,172.94567839952444
770,speedMps,3.265356390830824
770,paceSecPerKm,306.2452854481725
770,cadenceSpm,178.1738620859019
770,distanceM,2127.627052589114
770,motionIntensityG,0.9013506500000001
770,activeEnergyKcal,37.129077853728305
770,heartRateBpm,173.61161440585866
771,speedMps,3.271567105231815
771,paceSecPerKm,305.6639120746822
771,cadenceSpm,173.5073052527009
771,distanceM,2130.898619694346
771,motionIntensityG,0.9013448
771,activeEnergyKcal,37.189173417781845
771,heartRateBpm,173.65237856022213
772,speedMps,3.250218029191849
772,paceSecPerKm,307.67166726001
772,cadenceSpm,174.21543227574642
772,distanceM,2134.148837723538
772,motionIntensityG,0.90133895
772,activeEnergyKcal,37.24926864005718
772,heartRateBpm,174.4694220355076
773,speedMps,3.1454449155361415
773,paceSecPerKm,317.92004846778565
773,cadenceSpm,175.7871443479836
773,distanceM,2137.294282639074
773,motionIntensityG,0.9013331
773,activeEnergyKcal,37.309363520554314
773,heartRateBpm,174.66717949119092
774,speedMps,3.2834289577895044
774,paceSecPerKm,304.5596578624402
774,cadenceSpm,175.97579431309632
774,distanceM,2140.5777115968635
774,motionIntensityG,0.90132725
774,activeEnergyKcal,37.36945805927324
774,heartRateBpm,174.6813936122722
775,speedMps,3.2817763817835903
775,paceSecPerKm,304.7130223591032
775,cadenceSpm,175.2585913255002
775,distanceM,2143.859487978647
775,motionIntensityG,0.9013214
775,activeEnergyKcal,37.42955225621397
775,heartRateBpm,174.0372673459452
776,speedMps,3.2203701380568592
776,paceSecPerKm,310.5233116474588
776,cadenceSpm,175.396628181308
776,distanceM,2147.0798581167037
776,motionIntensityG,0.9013155500000001
776,activeEnergyKcal,37.48964611137649
776,heartRateBpm,173.41031723927742
777,speedMps,3.1490655413798203
777,paceSecPerKm,317.5545211300467
777,cadenceSpm,176.08718621065543
777,distanceM,2150.2289236580837
777,motionIntensityG,0.9013097000000001
777,activeEnergyKcal,37.54973962476081
777,heartRateBpm,174.71824194050038
778,speedMps,3.1695074678364312
778,paceSecPerKm,315.5064344059173
778,cadenceSpm,175.25031067386175
778,distanceM,2153.39843112592
778,motionIntensityG,0.9013038499999999
778,activeEnergyKcal,37.60983279636693
778,heartRateBpm,175.33634462518788
779,speedMps,3.1537467199345097
779,paceSecPerKm,317.08316767453215
779,cadenceSpm,175.68779784870682
779,distanceM,2156.5521778458547
779,motionIntensityG,0.9012980000000002
779,activeEnergyKcal,37.669925626194846
779,heartRateBpm,176.1665192476188
780,speedMps,2.0594286307801344
780,paceSecPerKm,485.57157313151896
780,cadenceSpm,157.40627653148255
780,distanceM,2158.6116064766347
780,motionIntensityG,0.361850825
780,activeEnergyKcal,37.698501996892745
780,heartRateBpm,175.8728596227467
781,speedMps,2.087381363586428
781,paceSecPerKm,479.06914253649035
781,cadenceSpm,155.92289073151213
781,distanceM,2160.698987840221
781,motionIntensityG,0.36186365
781,activeEnergyKcal,37.727079116873625
781,heartRateBpm,175.349895203803
782,speedMps,2.0645996880878714
782,paceSecPerKm,484.35539623962154
782,cadenceSpm,154.976142721968
782,distanceM,2162.763587528309
782,motionIntensityG,0.361876475
782,activeEnergyKcal,37.75565698613749
782,heartRateBpm,173.4909033799188
783,speedMps,2.012979818074357
783,paceSecPerKm,496.77596914837085
783,cadenceSpm,153.12555240255045
783,distanceM,2164.776567346383
783,motionIntensityG,0.36188929999999997
783,activeEnergyKcal,37.78423560468433
783,heartRateBpm,171.94116491131103
784,speedMps,2.081683363947364
784,paceSecPerKm,480.3804542607111
784,cadenceSpm,157.20983367845756
784,distanceM,2166.8582507103306
784,motionIntensityG,0.361902125
784,activeEnergyKcal,37.81281497251416
784,heartRateBpm,169.88936260536784
785,speedMps,2.144539640911499
785,paceSecPerKm,466.30054344668935
785,cadenceSpm,154.81560241740505
785,distanceM,2169.0027903512423
785,motionIntensityG,0.36191495
785,activeEnergyKcal,37.84139508962697
785,heartRateBpm,167.38553431997667
786,speedMps,2.0256429226402446
786,paceSecPerKm,493.6704237569124
786,cadenceSpm,155.96967165206482
786,distanceM,2171.0284332738825
786,motionIntensityG,0.361927775
786,activeEnergyKcal,37.86997595602276
786,heartRateBpm,164.60927305480857
787,speedMps,1.9797114508855556
787,paceSecPerKm,505.12411773578646
787,cadenceSpm,154.82958047538315
787,distanceM,2173.008144724768
787,motionIntensityG,0.36194060000000006
787,activeEnergyKcal,37.89855757170154
787,heartRateBpm,164.95268619769146
788,speedMps,2.1333667915336236
788,paceSecPerKm,468.7426484599609
788,cadenceSpm,155.8672513252913
788,distanceM,2175.1415115163018
788,motionIntensityG,0.36195342500000005
788,activeEnergyKcal,37.927139936663295
788,heartRateBpm,163.29731167173364
789,speedMps,2.0732513637157286
789,paceSecPerKm,482.33418171146263
789,cadenceSpm,158.07407894066233
789,distanceM,2177.2147628800176
789,motionIntensityG,0.36196625000000004
789,activeEnergyKcal,37.955723050908034
789,heartRateBpm,160.86560116088282
790,speedMps,2.035757727400398
790,paceSecPerKm,491.2175877023295
790,cadenceSpm,156.2007003432044
790,distanceM,2179.250520607418
790,motionIntensityG,0.36197907500000004
790,activeEnergyKcal,37.984306914435756
790,heartRateBpm,159.32924421771253
791,speedMps,2.101596418241296
791,paceSecPerKm,475.8287515720273
791,cadenceSpm,154.57180856211627
791,distanceM,2181.352117025659
791,motionIntensityG,0.36199190000000003
791,activeEnergyKcal,38.01289152724647
791,heartRateBpm,159.70058104860425
792,speedMps,2.0776997791691976
792,paceSecPerKm,481.30149024700114
792,cadenceSpm,158.0288216175547
792,distanceM,2183.429816804828
792,motionIntensityG,0.362
792,activeEnergyKcal,38.04147661328853
792,heartRateBpm,159.51521990802433
793,speedMps,2.0295687971185874
793,paceSecPerKm,492.71549770557993
793,cadenceSpm,155.67222677796417
793,distanceM,2185.4593856019465
793,motionIntensityG,0.362
793,activeEnergyKcal,38.070061699330594
793,heartRateBpm,158.54463949605068
794,speedMps,2.0412885967011136
794,paceSecPerKm,489.8866341663204
794,cadenceSpm,156.48463839521665
794,distanceM,2187.5006741986476
794,motionIntensityG,0.362
794,activeEnergyKcal,38.09864678537266
794,heartRateBpm,159.10980300145854
795,speedMps,2.087047969044347
795,paceSecPerKm,479.14567122187276
795,cadenceSpm,155.01415608139837
795,distanceM,2189.587722167692
795,motionIntensityG,0.362
795,activeEnergyKcal,38.12723187141472
795,heartRateBpm,157.42605830201316
796,speedMps,2.126295556763788
796,paceSecPerKm,470.30150480208664
796,cadenceSpm,158.52039068132032
796,distanceM,2191.7140177244555
796,motionIntensityG,0.362
796,activeEnergyKcal,38.155816957456786
796,heartRateBpm,156.7569462221179
797,speedMps,2.086459300836269
797,paceSecPerKm,479.2808561370895
797,cadenceSpm,156.59047092552845
797,distanceM,2193.800477025292
797,motionIntensityG,0.362
797,activeEnergyKcal,38.18440204349885
797,heartRateBpm,155.45453827559012
798,speedMps,2.0911393062810237
798,paceSecPerKm,478.2082174039591
798,cadenceSpm,152.2644542579689
798,distanceM,2195.891616331573
798,motionIntensityG,0.362
798,activeEnergyKcal,38.21298712954091
798,heartRateBpm,153.28921653787327
799,speedMps,1.976270310281214
799,paceSecPerKm,506.0036548632382
799,cadenceSpm,156.55419752442774
799,distanceM,2197.867886641854
799,motionIntensityG,0.362
799,activeEnergyKcal,38.24157221558298
799,heartRateBpm,154.36845850101815
800,speedMps,2.114239425586395
800,paceSecPerKm,472.98332814063616
800,cadenceSpm,156.06040305004058
800,distanceM,2199.9821260674403
800,motionIntensityG,0.362
800,activeEnergyKcal,38.27015730162504
800,heartRateBpm,154.299251028351
801,speedMps,2.0837660083171627
801,paceSecPerKm,479.9003323830943
801,cadenceSpm,153.91548862931467
801,distanceM,2202.0658920757573
801,motionIntensityG,0.362
801,activeEnergyKcal,38.298742387667104
801,heartRateBpm,153.20346996821286
802,speedMps,2.005360095146339
802,paceSecPerKm,498.6635579417103
802,cadenceSpm,156.6927885135209
802,distanceM,2204.071252170904
802,motionIntensityG,0.362
802,activeEnergyKcal,38.32732747370917
802,heartRateBpm,152.13920463869147
803,speedMps,2.1679215933353584
803,paceSecPerKm,461.2712946234808
803,cadenceSpm,152.3179460729399
803,distanceM,2206.2391737642392
803,motionIntensityG,0.362
803,activeEnergyKcal,38.35591255975123
803,heartRateBpm,149.48056638127056
804,speedMps,2.051400440725096
804,paceSecPerKm,487.47186563269725
804,cadenceSpm,156.49188344766551
804,distanceM,2208.2905742049643
804,motionIntensityG,0.362
804,activeEnergyKcal,38.384497645793296
804,heartRateBpm,147.0761242511141
805,speedMps,2.0719892676157934
805,paceSecPerKm,482.62798250431325
805,cadenceSpm,156.5835143551037
805,distanceM,2210.36256347258
805,motionIntensityG,0.362
805,activeEnergyKcal,38.41308273183536
805,heartRateBpm,146.36375337541529
806,speedMps,2.1040477898484347
806,paceSecPerKm,475.2743758125547
806,cadenceSpm,159.89735722593377
806,distanceM,2212.466611262428
806,motionIntensityG,0.362
806,activeEnergyKcal,38.44166781787742
806,heartRateBpm,143.9199112208625
807,speedMps,2.1164790871306685
807,paceSecPerKm,472.48281642872735
807,cadenceSpm,158.3034094452992
807,distanceM,2214.583090349559
807,motionIntensityG,0.362
807,activeEnergyKcal,38.47025290391949
807,heartRateBpm,141.5924817312231
808,speedMps,2.2022825853412042
808,paceSecPerKm,454.0743348088855
808,cadenceSpm,154.95767225880573
808,distanceM,2216.7853729349
808,motionIntensityG,0.362
808,activeEnergyKcal,38.49883798996155
808,heartRateBpm,139.29486363510236
809,speedMps,2.0175118600272963
809,paceSecPerKm,495.6600354193062
809,cadenceSpm,157.07154660577615
809,distanceM,2218.802884794927
809,motionIntensityG,0.362
809,activeEnergyKcal,38.527423076003615
809,heartRateBpm,139.29615647139642
810,speedMps,2.040504362907792
810,paceSecPerKm,490.07491391734345
810,cadenceSpm,157.33183798840517
810,distanceM,2220.843389157835
810,motionIntensityG,0.362
810,activeEnergyKcal,38.55600816204568
810,heartRateBpm,137.77716937124103
811,speedMps,1.9761308423523944
811,paceSecPerKm,506.0393667099471
811,cadenceSpm,155.34786592453895
811,distanceM,2222.8195200001874
811,motionIntensityG,0.362
811,activeEnergyKcal,38.58459324808774
811,heartRateBpm,135.60412524094917
812,speedMps,2.156505041454202
812,paceSecPerKm,463.7132678927879
812,cadenceSpm,157.26186537642937
812,distanceM,2224.9760250416416
812,motionIntensityG,0.362
812,activeEnergyKcal,38.613178334129806
812,heartRateBpm,133.83396699833634
813,speedMps,2.07483741022738
813,paceSecPerKm,481.96547597934943
813,cadenceSpm,155.45936514584997
813,distanceM,2227.050862451869
813,motionIntensityG,0.362
813,activeEnergyKcal,38.64176342017187
813,heartRateBpm,134.87272943822575
814,speedMps,2.040045289481864
814,paceSecPerKm,490.1851959639497
814,cadenceSpm,155.29479673106454
814,distanceM,2229.0909077413507
814,motionIntensityG,0.362
814,activeEnergyKcal,38.670348506213934
814,heartRateBpm,132.68979828956031
815,speedMps,2.010029068671686
815,paceSecPerKm,497.50524287732975
815,cadenceSpm,158.24478316571606
815,distanceM,2231.1009368100226
815,motionIntensityG,0.362
815,activeEnergyKcal,38.698933592256
815,heartRateBpm,131.49681134922434
816,speedMps,2.0926960038997797
816,paceSecPerKm,477.85249177925533
816,cadenceSpm,156.5908378845511
816,distanceM,2233.1936328139222
816,motionIntensityG,0.362
816,activeEnergyKcal,38.72751867829806
816,heartRateBpm,132.731973675974
817,speedMps,2.0782608247781376
817,paceSecPerKm,481.1715584865311
817,cadenceSpm,154.20204048458882
817,distanceM,2235.2718936387005
817,motionIntensityG,0.362
817,activeEnergyKcal,38.756103764340125
817,heartRateBpm,132.2081825062004
818,speedMps,2.0670884297629946
818,paceSecPerKm,483.7722400268365
818,cadenceSpm,156.10789323483561
818,distanceM,2237.3389820684633
818,motionIntensityG,0.362
818,activeEnergyKcal,38.78468885038219
818,heartRateBpm,131.0025724292487
819,speedMps,2.057275654454374
819,paceSecPerKm,486.0797325991872
819,cadenceSpm,152.62757811780716
819,distanceM,2239.3962577229177
819,motionIntensityG,0.362
819,activeEnergyKcal,38.81327393642425
819,heartRateBpm,129.01576930749755
820,speedMps,2.0551790535144714
820,paceSecPerKm,486.5756092102749
820,cadenceSpm,157.73241670579193
820,distanceM,2241.4514367764323
820,motionIntensityG,0.362
820,activeEnergyKcal,38.841859022466316
820,heartRateBpm,130.80313687109827
821,speedMps,2.093637437817016
821,paceSecPerKm,477.63761859487727
821,cadenceSpm,157.38483518334516
821,distanceM,2243.5450742142493
821,motionIntensityG,0.362
821,activeEnergyKcal,38.87044410850838
821,heartRateBpm,129.13357411646427
822,speedMps,2.0692558762896285
822,paceSecPerKm,483.2655117515455
822,cadenceSpm,157.21008302042196
822,distanceM,2245.614330090539
822,motionIntensityG,0.362
822,activeEnergyKcal,38.899029194550444
822,heartRateBpm,129.56711489609157
823,speedMps,2.0435700518339206
823,paceSecPerKm,489.3397214852458
823,cadenceSpm,153.54824549816175
823,distanceM,2247.657900142373
823,motionIntensityG,0.362
823,activeEnergyKcal,38.92761428059251
823,heartRateBpm,128.85923034590303
824,speedMps,2.079624460167509
824,paceSecPerKm,480.85604836531513
824,cadenceSpm,156.1445871113592
824,distanceM,2249.7375246025404
824,motionIntensityG,0.362
824,activeEnergyKcal,38.95619936663457
824,heartRateBpm,125.93044310000714
825,speedMps,2.005148977918527
825,paceSecPerKm,498.7160610071297
825,cadenceSpm,154.32064144414824
825,distanceM,2251.742673580459
825,motionIntensityG,0.362
825,activeEnergyKcal,38.984784452676635
825,heartRateBpm,124.87689841573271
826,speedMps,2.019218420323522
826,paceSecPerKm,495.24112395912994
826,cadenceSpm,153.87296300306147
826,distanceM,2253.761892000782
826,motionIntensityG,0.362
826,activeEnergyKcal,39.0133695387187
826,heartRateBpm,124.02705108558956
827,speedMps,2.149144871341712
827,paceSecPerKm,465.30134535588553
827,cadenceSpm,153.3455618064411
827,distanceM,2255.911036872124
827,motionIntensityG,0.362
827,activeEnergyKcal,39.04195462476076
827,heartRateBpm,123.57597631206272
828,speedMps,2.0046714610789844
828,paceSecPerKm,498.8348561922286
828,cadenceSpm,158.3589177072008
828,distanceM,2257.915708333203
828,motionIntensityG,0.362
828,activeEnergyKcal,39.07053971080283
828,heartRateBpm,121.95927002997757
829,speedMps,2.0464683327536206
829,paceSecPerKm,488.64670124382155
829,cadenceSpm,154.38247697372492
829,distanceM,2259.9621766659566
829,motionIntensityG,0.362
829,activeEnergyKcal,39.09912479684489
829,heartRateBpm,121.37448625614253
830,speedMps,2.176645755690108
830,paceSecPerKm,459.4224840610083
830,cadenceSpm,157.5380992215836
830,distanceM,2262.1388224216466
830,motionIntensityG,0.362
830,activeEnergyKcal,39.127709882886954
830,heartRateBpm,121.8288385873372
831,speedMps,2.0511012305589995
831,paceSecPerKm,487.5429769633865
831,cadenceSpm,154.3354072193132
831,distanceM,2264.189923652206
831,motionIntensityG,0.362
831,activeEnergyKcal,39.15629496892902
831,heartRateBpm,123.35562442744921
832,speedMps,2.0604555481426496
832,paceSecPerKm,485.32956748396106
832,cadenceSpm,154.9096184550058
832,distanceM,2266.2503792003486
832,motionIntensityG,0.362
832,activeEnergyKcal,39.18488005497108
832,heartRateBpm,123.11639520520858
833,speedMps,2.0307787788409017
833,paceSecPerKm,492.42192720310254
833,cadenceSpm,156.215352861952
833,distanceM,2268.2811579791896
833,motionIntensityG,0.362
833,activeEnergyKcal,39.213465141013145
833,heartRateBpm,121.5291006780107
834,speedMps,2.131539453668725
834,paceSecPerKm,469.14449473540725
834,cadenceSpm,155.3047185697642
834,distanceM,2270.4126974328583
834,motionIntensityG,0.362
834,activeEnergyKcal,39.24205022705521
834,heartRateBpm,121.77204147177433
835,speedMps,1.9147140336267003
835,paceSecPerKm,522.2712020895773
835,cadenceSpm,157.0334681159718
835,distanceM,2272.327411466485
835,motionIntensityG,0.362
835,activeEnergyKcal,39.27063531309727
835,heartRateBpm,119.96117733029955
836,speedMps,2.0934043316208735
836,paceSecPerKm,477.69080482685524
836,cadenceSpm,152.64023115316076
836,distanceM,2274.420815798106
836,motionIntensityG,0.362
836,activeEnergyKcal,39.29922039913934
836,heartRateBpm,121.17374456632908
837,speedMps,2.0471964425979725
837,paceSecPerKm,488.4729082134203
837,cadenceSpm,156.08210248673564
837,distanceM,2276.468012240704
837,motionIntensityG,0.362
837,activeEnergyKcal,39.3278054851814
837,heartRateBpm,121.96572448947431
838,speedMps,2.0457795219557267
838,paceSecPerKm,488.8112278316379
838,cadenceSpm,155.73773364488557
838,distanceM,2278.51379176266
838,motionIntensityG,0.362
838,activeEnergyKcal,39.356390571223464
838,heartRateBpm,122.85754473481305
839,speedMps,2.009263665287178
839,paceSecPerKm,497.6947611587218
839,cadenceSpm,153.17213334306064
839,distanceM,2280.523055427947
839,motionIntensityG,0.362
839,activeEnergyKcal,39.38497565726553
839,heartRateBpm,120.59542920993835
840,speedMps,2.0275656614247337
840,paceSecPerKm,493.2022765158284
840,cadenceSpm,152.4300462309001
840,distanceM,2282.550621089372
840,motionIntensityG,0.362
840,activeEnergyKcal,39.41356074330759
840,heartRateBpm,119.71466558785555
841,speedMps,2.037989586303557
841,paceSecPerKm,490.67964170208023
841,cadenceSpm,153.83163116369101
841,distanceM,2284.588610675675
841,motionIntensityG,0.362
841,activeEnergyKcal,39.442145829349656
841,heartRateBpm,121.23478814743297
842,speedMps,2.082880967221222
842,paceSecPerKm,480.1042477881504
842,cadenceSpm,152.57561000407392
842,distanceM,2286.6714916428964
842,motionIntensityG,0.362
842,activeEnergyKcal,39.47073091539172
842,heartRateBpm,121.2553033861603
843,speedMps,2.014147345140326
843,paceSecPerKm,496.4880064076592
843,cadenceSpm,156.15316592770648
843,distanceM,2288.6856389880368
843,motionIntensityG,0.362
843,activeEnergyKcal,39.49931600143378
843,heartRateBpm,120.13951543484343
844,speedMps,2.1039544365328964
844,paceSecPerKm,475.2954639302449
844,cadenceSpm,154.63845338769866
844,distanceM,2290.78959342457
844,motionIntensityG,0.362
844,activeEnergyKcal,39.52790108747585
844,heartRateBpm,121.31483812247585
845,speedMps,2.1942732066681563
845,paceSecPerKm,455.7317643769743
845,cadenceSpm,155.12455655462628
845,distanceM,2292.983866631238
845,motionIntensityG,0.362
845,activeEnergyKcal,39.55648617351791
845,heartRateBpm,121.65494186913526
846,speedMps,1.9446034546374227
846,paceSecPerKm,514.2436611511898
846,cadenceSpm,156.047850536329
846,distanceM,2294.9284700858752
846,motionIntensityG,0.362
846,activeEnergyKcal,39.585071259559975
846,heartRateBpm,121.59620428517853
847,speedMps,2.0440230769084673
847,paceSecPerKm,489.2312671501119
847,cadenceSpm,155.3350117846977
847,distanceM,2296.972493162784
847,motionIntensityG,0.362
847,activeEnergyKcal,39.61365634560204
847,heartRateBpm,119.33815076525717
848,speedMps,2.0408533822046495
848,paceSecPerKm,489.9911030942073
848,cadenceSpm,154.40326451491416
848,distanceM,2299.0133465449885
848,motionIntensityG,0.362
848,activeEnergyKcal,39.6422414316441
848,heartRateBpm,120.38218872875416
849,speedMps,2.113054492077987
849,paceSecPerKm,473.2485620929708
849,cadenceSpm,155.18999522545224
849,distanceM,2301.1264010370664
849,motionIntensityG,0.362
849,activeEnergyKcal,39.670826517686166
849,heartRateBpm,119.92880351930059
850,speedMps,2.019407681212259
850,paceSecPerKm,495.1947094703015
850,cadenceSpm,154.18118532453553
850,distanceM,2303.1458087182787
850,motionIntensityG,0.362
850,activeEnergyKcal,39.69941160372823
850,heartRateBpm,121.0130243264465
851,speedMps,2.0665141489952727
851,paceSecPerKm,483.90667950964394
851,cadenceSpm,154.9922608408881
851,distanceM,2305.212322867274
851,motionIntensityG,0.362
851,activeEnergyKcal,39.72799668977029
851,heartRateBpm,118.87026762816856
852,speedMps,2.064890931283785
852,paceSecPerKm,484.2870801792323
852,cadenceSpm,154.29586132150953
852,distanceM,2307.2772137985576
852,motionIntensityG,0.362
852,activeEnergyKcal,39.75658177581236
852,heartRateBpm,116.96521778219567
853,speedMps,2.0122404249394963
853,paceSecPerKm,496.9585083403082
853,cadenceSpm,155.23216488709065
853,distanceM,2309.289454223497
853,motionIntensityG,0.362
853,activeEnergyKcal,39.78516686185442
853,heartRateBpm,118.32688203928603
854,speedMps,1.9723868105461497
854,paceSecPerKm,506.9999427359292
854,cadenceSpm,156.63288444014668
854,distanceM,2311.2618410340433
854,motionIntensityG,0.362
854,activeEnergyKcal,39.813751947896485
854,heartRateBpm,119.33945200841461
855,speedMps,2.016588293884759
855,paceSecPerKm,495.8870400232258
855,cadenceSpm,155.884446998581
855,distanceM,2313.2784293279283
855,motionIntensityG,0.362
855,activeEnergyKcal,39.84233703393855
855,heartRateBpm,119.11931102265976
856,speedMps,2.01600540620314
856,paceSecPerKm,496.03041585258353
856,cadenceSpm,153.7929803302798
856,distanceM,2315.2944347341313
856,motionIntensityG,0.362
856,activeEnergyKcal,39.87092211998061
856,heartRateBpm,118.41492202753052
857,speedMps,2.046491846354382
857,paceSecPerKm,488.6410868342323
857,cadenceSpm,158.49010557497928
857,distanceM,2317.3409265804858
857,motionIntensityG,0.362
857,activeEnergyKcal,39.899507206022676
857,heartRateBpm,118.03396830496447
858,speedMps,1.927715431411328
858,paceSecPerKm,518.7487653547886
858,cadenceSpm,154.21249997551507
858,distanceM,2319.268642011897
858,motionIntensityG,0.362
858,activeEnergyKcal,39.92809229206474
858,heartRateBpm,118.27705939457225
859,speedMps,2.0074171606500992
859,paceSecPerKm,498.1525612126138
859,cadenceSpm,157.03964447613694
859,distanceM,2321.2760591725473
859,motionIntensityG,0.362
859,activeEnergyKcal,39.956677378106804
859,heartRateBpm,116.65933005250716
860,speedMps,2.1094483484184234
860,paceSecPerKm,474.0575898669234
860,cadenceSpm,155.8644355927149
860,distanceM,2323.385507520966
860,motionIntensityG,0.362
860,activeEnergyKcal,39.98526246414887
860,heartRateBpm,116.01888048769067
861,speedMps,2.1180586764930234
861,paceSecPerKm,472.1304518606399
861,cadenceSpm,155.771511322464
861,distanceM,2325.503566197459
861,motionIntensityG,0.362
861,activeEnergyKcal,40.01384755019093
861,heartRateBpm,114.56876981329482
862,speedMps,2.0520047916871373
862,paceSecPerKm,487.3282967228406
862,cadenceSpm,155.6243706002632
862,distanceM,2327.555570989146
862,motionIntensityG,0.362
862,activeEnergyKcal,40.042432636232995
862,heartRateBpm,115.78160107130834
863,speedMps,2.0203078472577336
863,paceSecPerKm,494.97407108394435
863,cadenceSpm,156.2657057397609
863,distanceM,2329.5758788364037
863,motionIntensityG,0.362
863,activeEnergyKcal,40.07101772227506
863,heartRateBpm,115.86596144170754
864,speedMps,2.0136313146119935
864,paceSecPerKm,496.61524070641
864,cadenceSpm,155.54355905346483
864,distanceM,2331.589510151016
864,motionIntensityG,0.362
864,activeEnergyKcal,40.09960280831712
864,heartRateBpm,114.84873271097801
865,speedMps,2.057722693390409
865,paceSecPerKm,485.9741320888817
865,cadenceSpm,156.3458561611229
865,distanceM,2333.6472328444065
865,motionIntensityG,0.362
865,activeEnergyKcal,40.128187894359186
865,heartRateBpm,112.85640709779236
866,speedMps,2.1127231033473666
866,paceSecPerKm,473.32279294698634
866,cadenceSpm,158.00227491791836
866,distanceM,2335.759955947754
866,motionIntensityG,0.362
866,activeEnergyKcal,40.15677298040125
866,heartRateBpm,111.7075821940031
867,speedMps,2.0136802632302584
867,paceSecPerKm,496.6031689637974
867,cadenceSpm,155.43258154270794
867,distanceM,2337.773636210984
867,motionIntensityG,0.362
867,activeEnergyKcal,40.185358066443314
867,heartRateBpm,111.16524913584446
868,speedMps,2.032348077542907
868,paceSecPerKm,492.0416984914278
868,cadenceSpm,156.24602210473685
868,distanceM,2339.805984288527
868,motionIntensityG,0.362
868,activeEnergyKcal,40.21394315248538
868,heartRateBpm,111.43330375230097
869,speedMps,2.132242336611081
869,paceSecPerKm,468.9898436166353
869,cadenceSpm,157.32520425456238
869,distanceM,2341.9382266251378
869,motionIntensityG,0.362
869,activeEnergyKcal,40.24252823852744
869,heartRateBpm,109.66669044630711
870,speedMps,3.229218190648195
870,paceSecPerKm,309.6724782784876
870,cadenceSpm,176.02146443648803
870,distanceM,2345.167444815786
870,motionIntensityG,0.9019941499999999
870,activeEnergyKcal,40.30266173996148
870,heartRateBpm,111.40347286422869
871,speedMps,3.2423233112431333
871,paceSecPerKm,308.4208155714711
871,cadenceSpm,175.2269769336232
871,distanceM,2348.409768127029
871,motionIntensityG,0.9019883
871,activeEnergyKcal,40.36279489961731
871,heartRateBpm,111.00117553994232
872,speedMps,3.1509143426301076
872,paceSecPerKm,317.3681957870322
872,cadenceSpm,175.87546760778395
872,distanceM,2351.5606824696592
872,motionIntensityG,0.90198245
872,activeEnergyKcal,40.42292771749494
872,heartRateBpm,111.5815539608805
873,speedMps,3.3482492726805084
873,paceSecPerKm,298.66354579969186
873,cadenceSpm,172.89103555997664
873,distanceM,2354.90893174234
873,motionIntensityG,0.9019766
873,activeEnergyKcal,40.48306019359437
873,heartRateBpm,112.45427639765175
874,speedMps,3.3853047732776003
874,paceSecPerKm,295.3943786372343
874,cadenceSpm,173.48179484352312
874,distanceM,2358.2942365156177
874,motionIntensityG,0.90197075
874,activeEnergyKcal,40.54319232791559
874,heartRateBpm,113.3836789773052
875,speedMps,3.2193955266136633
875,paceSecPerKm,310.6173167395355
875,cadenceSpm,172.76198510093027
875,distanceM,2361.5136320422316
875,motionIntensityG,0.9019649000000001
875,activeEnergyKcal,40.60332412045861
875,heartRateBpm,113.12652779591482
876,speedMps,3.1634905824268973
876,paceSecPerKm,316.106520295958
876,cadenceSpm,176.1864249605169
876,distanceM,2364.6771226246583
876,motionIntensityG,0.9019590500000001
876,activeEnergyKcal,40.66345557122343
876,heartRateBpm,112.53316916754562
877,speedMps,3.1686268828889816
877,paceSecPerKm,315.59411598763387
877,cadenceSpm,174.2632348874363
877,distanceM,2367.845749507547
877,motionIntensityG,0.9019532000000001
877,activeEnergyKcal,40.72358668021005
877,heartRateBpm,113.39963209389869
878,speedMps,3.016150889896037
878,paceSecPerKm,331.54839943517175
878,cadenceSpm,176.4819513380655
878,distanceM,2370.861900397443
878,motionIntensityG,0.9019473499999999
878,activeEnergyKcal,40.78371744741846
878,heartRateBpm,116.45288718563373
879,speedMps,3.1329911857441854
879,paceSecPerKm,319.18378977579795
879,cadenceSpm,176.78568270532233
879,distanceM,2373.9948915831874
879,motionIntensityG,0.9019415000000002
879,activeEnergyKcal,40.84384787284867
879,heartRateBpm,117.00491348851774
880,speedMps,3.1456468717642454
880,paceSecPerKm,317.89963742470144
880,cadenceSpm,173.80840252416192
880,distanceM,2377.1405384549516
880,motionIntensityG,0.90193565
880,activeEnergyKcal,40.903977956500675
880,heartRateBpm,118.89890312140211
881,speedMps,3.2629618529467734
881,paceSecPerKm,306.470024801823
881,cadenceSpm,174.57195134897492
881,distanceM,2380.4035003078984
881,motionIntensityG,0.9019298
881,activeEnergyKcal,40.964107698374484
881,heartRateBpm,119.60571506727669
882,speedMps,3.1578416784961783
882,paceSecPerKm,316.67198732908554
882,cadenceSpm,175.52385613587708
882,distanceM,2383.5613419863944
882,motionIntensityG,0.90192395
882,activeEnergyKcal,41.02423709847009
882,heartRateBpm,120.25281891753866
883,speedMps,3.176469816703327
883,paceSecPerKm,314.8148912801072
883,cadenceSpm,175.53257090244006
883,distanceM,2386.737811803098
883,motionIntensityG,0.9019181000000001
883,activeEnergyKcal,41.08436615678749
883,heartRateBpm,120.74685195617079
884,speedMps,3.128035382488438
884,paceSecPerKm,319.6894784497203
884,cadenceSpm,173.82703353772186
884,distanceM,2389.8658471855865
884,motionIntensityG,0.9019122500000001
884,activeEnergyKcal,41.144494873326686
884,heartRateBpm,122.89225285349073
885,speedMps,3.242119792078304
885,paceSecPerKm,308.4401762215478
885,cadenceSpm,176.3858175627641
885,distanceM,2393.107966977665
885,motionIntensityG,0.9019064000000001
885,activeEnergyKcal,41.20462324808768
885,heartRateBpm,126.25866496660119
886,speedMps,3.2655557171684806
886,paceSecPerKm,306.2265925344819
886,cadenceSpm,172.29809268000974
886,distanceM,2396.3735226948334
886,motionIntensityG,0.9019005500000001
886,activeEnergyKcal,41.26475128107047
886,heartRateBpm,125.9302868162763
887,speedMps,3.26140032771703
887,paceSecPerKm,306.61675952550013
887,cadenceSpm,176.90638993111838
887,distanceM,2399.6349230225505
887,motionIntensityG,0.9018946999999999
887,activeEnergyKcal,41.32487897227506
887,heartRateBpm,127.57428908311398
888,speedMps,3.2729377817960192
888,paceSecPerKm,305.53590280938727
888,cadenceSpm,175.10850706353366
888,distanceM,2402.9078608043465
888,motionIntensityG,0.90188885
888,activeEnergyKcal,41.38500632170145
888,heartRateBpm,127.71402614186493
889,speedMps,3.1114990503340407
889,paceSecPerKm,321.38849597034044
889,cadenceSpm,174.977230526015
889,distanceM,2406.0193598546807
889,motionIntensityG,0.901883
889,activeEnergyKcal,41.44513332934963
889,heartRateBpm,126.35556675204354
890,speedMps,3.230549672007842
890,paceSecPerKm,309.5448457780508
890,cadenceSpm,175.38467120901933
890,distanceM,2409.2499095266885
890,motionIntensityG,0.90187715
890,activeEnergyKcal,41.50525999521961
890,heartRateBpm,128.90385991197707
891,speedMps,3.2590002187795393
891,paceSecPerKm,306.84256915284567
891,cadenceSpm,175.2199731328816
891,distanceM,2412.508909745468
891,motionIntensityG,0.9018713
891,activeEnergyKcal,41.565386319311386
891,heartRateBpm,127.98372893076913
892,speedMps,3.1789476773313576
892,paceSecPerKm,314.5695058559358
892,cadenceSpm,173.26675737422727
892,distanceM,2415.6878574227994
892,motionIntensityG,0.9018654500000001
892,activeEnergyKcal,41.62551230162496
892,heartRateBpm,128.89323027288387
893,speedMps,3.0662866568575375
893,paceSecPerKm,326.1273689997539
893,cadenceSpm,174.66390425612846
893,distanceM,2418.754144079657
893,motionIntensityG,0.9018596000000001
893,activeEnergyKcal,41.685637942160334
893,heartRateBpm,131.16200426361814
894,speedMps,3.185668841829501
894,paceSecPerKm,313.90582312557916
894,cadenceSpm,175.94757984582893
894,distanceM,2421.9398129214865
894,motionIntensityG,0.9018537499999999
894,activeEnergyKcal,41.745763240917505
894,heartRateBpm,129.65157441526407
895,speedMps,3.2588984240462735
895,paceSecPerKm,306.8521536668186
895,cadenceSpm,175.2561060809065
895,distanceM,2425.198711345533
895,motionIntensityG,0.9018479000000001
895,activeEnergyKcal,41.80588819789647
895,heartRateBpm,132.1930156295045
896,speedMps,3.203484869812571
896,paceSecPerKm,312.1600508943586
896,cadenceSpm,175.44127102156293
896,distanceM,2428.4021962153456
896,motionIntensityG,0.90184205
896,activeEnergyKcal,41.866012813097235
896,heartRateBpm,132.05874182671965
897,speedMps,3.188534241519712
897,paceSecPerKm,313.62372935452066
897,cadenceSpm,174.20006587848155
897,distanceM,2431.5907304568655
897,motionIntensityG,0.9018362
897,activeEnergyKcal,41.926137086519795
897,heartRateBpm,131.83409917308347
898,speedMps,3.0089137337050773
898,paceSecPerKm,332.34585252420413
898,cadenceSpm,174.96069281120708
898,distanceM,2434.5996441905704
898,motionIntensityG,0.90183035
898,activeEnergyKcal,41.98626101816416
898,heartRateBpm,132.56572557343702
899,speedMps,3.2201554815555657
899,paceSecPerKm,310.54401122175886
899,cadenceSpm,174.049014304592
899,distanceM,2437.819799672126
899,motionIntensityG,0.9018245
899,activeEnergyKcal,42.046384608030316
899,heartRateBpm,135.38209592146612
900,speedMps,3.2491716075807826
900,paceSecPerKm,307.7707553724946
900,cadenceSpm,176.0524103398029
900,distanceM,2441.0689712797066
900,motionIntensityG,0.90181865
900,activeEnergyKcal,42.10650785611827
900,heartRateBpm,136.49348609537557
901,speedMps,3.2279510834510137
901,paceSecPerKm,309.7940378114084
901,cadenceSpm,173.24231746837688
901,distanceM,2444.2969223631576
901,motionIntensityG,0.9018128000000001
901,activeEnergyKcal,42.16663076242802
901,heartRateBpm,138.20379245403092
902,speedMps,3.187014797136438
902,paceSecPerKm,313.7732529194747
902,cadenceSpm,174.42052275751513
902,distanceM,2447.483937160294
902,motionIntensityG,0.9018069500000001
902,activeEnergyKcal,42.22675332695957
902,heartRateBpm,139.0764856973191
903,speedMps,3.1888248239820602
903,paceSecPerKm,313.59515031347667
903,cadenceSpm,174.83718476614547
903,distanceM,2450.672761984276
903,motionIntensityG,0.9018011000000001
903,activeEnergyKcal,42.28687554971291
903,heartRateBpm,139.94742149192092
904,speedMps,3.2145956953988697
904,paceSecPerKm,311.08111089407754
904,cadenceSpm,174.46133838347322
904,distanceM,2453.8873576796746
904,motionIntensityG,0.9017952499999999
904,activeEnergyKcal,42.346997430688056
904,heartRateBpm,140.01179101011473
905,speedMps,3.165039169243995
905,paceSecPerKm,315.95185605202516
905,cadenceSpm,173.9508302586292
905,distanceM,2457.0523968489188
905,motionIntensityG,0.9017894000000002
905,activeEnergyKcal,42.407118969885
905,heartRateBpm,139.78526901526814
906,speedMps,3.0375246831277964
906,paceSecPerKm,329.21543174762985
906,cadenceSpm,175.28911747009002
906,distanceM,2460.0899215320464
906,motionIntensityG,0.90178355
906,activeEnergyKcal,42.467240167303736
906,heartRateBpm,140.21940606674977
907,speedMps,3.1601337709615667
907,paceSecPerKm,316.44230038265744
907,cadenceSpm,175.340213594652
907,distanceM,2463.250055303008
907,motionIntensityG,0.9017777
907,activeEnergyKcal,42.52736102294427
907,heartRateBpm,140.70954796628146
908,speedMps,3.2975134950833502
908,paceSecPerKm,303.2588043964088
908,cadenceSpm,173.32368271324378
908,distanceM,2466.5475687980916
908,motionIntensityG,0.90177185
908,activeEnergyKcal,42.5874815368066
908,heartRateBpm,140.6416628659126
909,speedMps,3.1892033436521987
909,paceSecPerKm,313.55793038107885
909,cadenceSpm,177.32494959402442
909,distanceM,2469.7367721417436
909,motionIntensityG,0.9017660000000001
909,activeEnergyKcal,42.64760170889073
909,heartRateBpm,140.87424214893457
910,speedMps,3.1373437532988504
910,paceSecPerKm,318.7409728208843
910,cadenceSpm,175.118159264141
910,distanceM,2472.8741158950425
910,motionIntensityG,0.9017601500000001
910,activeEnergyKcal,42.70772153919666
910,heartRateBpm,140.22400407282117
911,speedMps,3.2044253680546624
911,paceSecPerKm,312.0684319782047
911,cadenceSpm,175.53054760282845
911,distanceM,2476.078541263097
911,motionIntensityG,0.9017543000000001
911,activeEnergyKcal,42.76784102772439
911,heartRateBpm,141.72384463010206
912,speedMps,3.3033408750597992
912,paceSecPerKm,302.72382954783535
912,cadenceSpm,174.70534839713048
912,distanceM,2479.381882138157
912,motionIntensityG,0.9017484500000001
912,activeEnergyKcal,42.82796017447391
912,heartRateBpm,141.18374236318496
913,speedMps,3.159705438698058
913,paceSecPerKm,316.4851975607085
913,cadenceSpm,175.9603264285313
913,distanceM,2482.541587576855
913,motionIntensityG,0.9017426
913,activeEnergyKcal,42.888078979445226
913,heartRateBpm,142.24200797546058
914,speedMps,3.3066198803196074
914,paceSecPerKm,302.4236338600079
914,cadenceSpm,173.19108429520332
914,distanceM,2485.8482074571743
914,motionIntensityG,0.90173675
914,activeEnergyKcal,42.94819744263834
914,heartRateBpm,142.34441913139156
915,speedMps,3.2532708504634535
915,paceSecPerKm,307.38295271589277
915,cadenceSpm,177.9139734419531
915,distanceM,2489.101478307638
915,motionIntensityG,0.9017309
915,activeEnergyKcal,43.008315564053255
915,heartRateBpm,142.1395480106611
916,speedMps,3.146567372845156
916,paceSecPerKm,317.80663863421125
916,cadenceSpm,173.15773554110223
916,distanceM,2492.2480456804833
916,motionIntensityG,0.90172505
916,activeEnergyKcal,43.06843334368997
916,heartRateBpm,144.17933943749327
917,speedMps,3.29691479683193
917,paceSecPerKm,303.31387421989785
917,cadenceSpm,173.54315386437494
917,distanceM,2495.5449604773153
917,motionIntensityG,0.9017192
917,activeEnergyKcal,43.128550781548476
917,heartRateBpm,144.83828804351995
918,speedMps,3.32837413650214
918,paceSecPerKm,300.44699273228986
918,cadenceSpm,174.9975783858308
918,distanceM,2498.8733346138174
918,motionIntensityG,0.9017133500000001
918,activeEnergyKcal,43.18866787762878
918,heartRateBpm,145.88235051896078
919,speedMps,3.2075672557880894
919,paceSecPerKm,311.7627535932378
919,cadenceSpm,174.97647880018857
919,distanceM,2502.0809018696054
919,motionIntensityG,0.9017075000000001
919,activeEnergyKcal,43.24878463193088
919,heartRateBpm,148.32158956632622
920,speedMps,3.1267540112036745
920,paceSecPerKm,319.8204900087552
920,cadenceSpm,174.71570232887504
920,distanceM,2505.207655880809
920,motionIntensityG,0.9017016499999999
920,activeEnergyKcal,43.308901044454785
920,heartRateBpm,149.99593900752618
921,speedMps,3.207434889643442
921,paceSecPerKm,311.77561958589473
921,cadenceSpm,174.772361286789
921,distanceM,2508.4150907704525
921,motionIntensityG,0.9016958000000002
921,activeEnergyKcal,43.369017115200485
921,heartRateBpm,149.44358460944505
922,speedMps,3.1507667305129377
922,paceSecPerKm,317.3830643556409
922,cadenceSpm,175.13394107089715
922,distanceM,2511.565857500965
922,motionIntensityG,0.9016899500000002
922,activeEnergyKcal,43.42913284416798
922,heartRateBpm,148.71496849667875
923,speedMps,3.19621354261628
923,paceSecPerKm,312.8702092856549
923,cadenceSpm,174.71345659611606
923,distanceM,2514.7620710435813
923,motionIntensityG,0.9016841
923,activeEnergyKcal,43.48924823135727
923,heartRateBpm,150.12000015642238
924,speedMps,3.1865762054937132
924,paceSecPerKm,313.81643981273146
924,cadenceSpm,173.97924831045745
924,distanceM,2517.948647249075
924,motionIntensityG,0.90167825
924,activeEnergyKcal,43.54936327676836
924,heartRateBpm,149.67264561310316
925,speedMps,3.285931878734561
925,paceSecPerKm,304.32767230253967
925,cadenceSpm,173.62554085923722
925,distanceM,2521.2345791278094
925,motionIntensityG,0.9016724
925,activeEnergyKcal,43.609477980401245
925,heartRateBpm,149.5165689043
926,speedMps,3.165720095943112
926,paceSecPerKm,315.8838967732825
926,cadenceSpm,173.54392915174677
926,distanceM,2524.4002992237524
926,motionIntensityG,0.9016665500000001
926,activeEnergyKcal,43.66959234225593
926,heartRateBpm,148.7275521933901
927,speedMps,3.20281074150199
927,paceSecPerKm,312.2257544106524
927,cadenceSpm,173.5372656915237
927,distanceM,2527.6031099652546
927,motionIntensityG,0.9016607000000001
927,activeEnergyKcal,43.729706362332415
927,heartRateBpm,148.80250606310537
928,speedMps,3.1886228913377193
928,paceSecPerKm,313.6150100147061
928,cadenceSpm,172.94297570794174
928,distanceM,2530.7917328565923
928,motionIntensityG,0.9016548500000001
928,activeEnergyKcal,43.789820040630694
928,heartRateBpm,148.87290817765222
929,speedMps,3.186357722549428
929,paceSecPerKm,313.8379576540115
929,cadenceSpm,172.96313511034202
929,distanceM,2533.9780905791417
929,motionIntensityG,0.9016490000000001
929,activeEnergyKcal,43.84993337715077
929,heartRateBpm,149.83180961920107
930,speedMps,2.9440545267802456
930,paceSecPerKm,339.6676219491241
930,cadenceSpm,173.55788539181722
930,distanceM,2536.922145105922
930,motionIntensityG,0.90164315
930,activeEnergyKcal,43.91004637189264
930,heartRateBpm,149.00689254134568
931,speedMps,3.2060973796943943
931,paceSecPerKm,311.90568519017353
931,cadenceSpm,176.48143170994243
931,distanceM,2540.1282424856163
931,motionIntensityG,0.9016373
931,activeEnergyKcal,43.970159024856315
931,heartRateBpm,148.8703907148023
932,speedMps,3.0958378019056534
932,paceSecPerKm,323.0143386014754
932,cadenceSpm,175.2047156187688
932,distanceM,2543.224080287522
932,motionIntensityG,0.90163145
932,activeEnergyKcal,44.030271336041785
932,heartRateBpm,151.0010833192398
933,speedMps,3.0778445497115476
933,paceSecPerKm,324.9026985764174
933,cadenceSpm,174.93401538786682
933,distanceM,2546.301924837234
933,motionIntensityG,0.9016256
933,activeEnergyKcal,44.09038330544905
933,heartRateBpm,149.78919708875864
934,speedMps,3.008894834200022
934,paceSecPerKm,332.3479400588193
934,cadenceSpm,174.89677153723267
934,distanceM,2549.310819671434
934,motionIntensityG,0.90161975
934,activeEnergyKcal,44.150494933078114
934,heartRateBpm,149.96973480966426
935,speedMps,2.9767115495350716
935,paceSecPerKm,335.94118320137153
935,cadenceSpm,175.2945207813947
935,distanceM,2552.287531220969
935,motionIntensityG,0.9016139000000001
935,activeEnergyKcal,44.21060621892897
935,heartRateBpm,152.7044116227138
936,speedMps,3.1616297710878776
936,paceSecPerKm,316.2925682015932
936,cadenceSpm,173.09657348816663
936,distanceM,2555.449160992057
936,motionIntensityG,0.9016080500000001
936,activeEnergyKcal,44.27071716300163
936,heartRateBpm,153.27295797841367
937,speedMps,3.256086543704186
937,paceSecPerKm,307.1171440247964
937,cadenceSpm,175.9832972943995
937,distanceM,2558.705247535761
937,motionIntensityG,0.9016021999999999
937,activeEnergyKcal,44.330827765296085
937,heartRateBpm,155.4310410257659
938,speedMps,3.2085546574791843
938,paceSecPerKm,311.6668116184296
938,cadenceSpm,175.93934136487937
938,distanceM,2561.91380219324
938,motionIntensityG,0.9015963500000002
938,activeEnergyKcal,44.39093802581234
938,heartRateBpm,157.4399648467397
939,speedMps,3.1629363415253486
939,paceSecPerKm,316.1619115981774
939,cadenceSpm,175.55122383821222
939,distanceM,2565.0767385347654
939,motionIntensityG,0.9015905
939,activeEnergyKcal,44.45104794455039
939,heartRateBpm,158.87222924257267
940,speedMps,3.134656464004676
940,paceSecPerKm,319.0142242006486
940,cadenceSpm,176.31218888422185
940,distanceM,2568.21139499877
940,motionIntensityG,0.90158465
940,activeEnergyKcal,44.511157521510235
940,heartRateBpm,158.69082710246266
941,speedMps,3.2469381740404244
941,paceSecPerKm,307.9824580569762
941,cadenceSpm,173.98746223327964
941,distanceM,2571.4583331728104
941,motionIntensityG,0.9015788
941,activeEnergyKcal,44.57126675669188
941,heartRateBpm,157.91123253995264
942,speedMps,3.1961570018008616
942,paceSecPerKm,312.87574403777853
942,cadenceSpm,177.9309343766718
942,distanceM,2574.654490174611
942,motionIntensityG,0.90157295
942,activeEnergyKcal,44.63137565009532
942,heartRateBpm,156.0466615522595
943,speedMps,3.2741887126938884
943,paceSecPerKm,305.419170288824
943,cadenceSpm,176.28575512240184
943,distanceM,2577.928678887305
943,motionIntensityG,0.9015671000000001
943,activeEnergyKcal,44.69148420172056
943,heartRateBpm,154.5348818845752
944,speedMps,3.340404406023088
944,paceSecPerKm,299.3649506020584
944,cadenceSpm,172.93950112117855
944,distanceM,2581.269083293328
944,motionIntensityG,0.9015612500000001
944,activeEnergyKcal,44.7515924115676
944,heartRateBpm,155.59374921407118
945,speedMps,3.1129698322373835
945,paceSecPerKm,321.23664985255266
945,cadenceSpm,173.21075064161067
945,distanceM,2584.3820531255656
945,motionIntensityG,0.9015554000000001
945,activeEnergyKcal,44.81170027963643
945,heartRateBpm,155.04998179976832
946,speedMps,3.0117035894345836
946,paceSecPerKm,332.0379879042943
946,cadenceSpm,175.80355144043412
946,distanceM,2587.393756715
946,motionIntensityG,0.9015495500000001
946,activeEnergyKcal,44.87180780592706
946,heartRateBpm,156.35557048283405
947,speedMps,3.2264864072420676
947,paceSecPerKm,309.9346700346954
947,cadenceSpm,175.81028596217723
947,distanceM,2590.6202431222423
947,motionIntensityG,0.9015437
947,activeEnergyKcal,44.93191499043949
947,heartRateBpm,156.09213238718317
948,speedMps,3.280462923239828
948,paceSecPerKm,304.83502584823816
948,cadenceSpm,175.11088031260041
948,distanceM,2593.900706045482
948,motionIntensityG,0.9015378500000002
948,activeEnergyKcal,44.992021833173716
948,heartRateBpm,158.90675063931874
949,speedMps,3.1752559598038412
949,paceSecPerKm,314.93524070474535
949,cadenceSpm,175.99843474064963
949,distanceM,2597.075962005286
949,motionIntensityG,0.901532
949,activeEnergyKcal,45.05212833412974
949,heartRateBpm,157.8348109724085
950,speedMps,3.086476672882434
950,paceSecPerKm,323.99402489768653
950,cadenceSpm,175.5988473028671
950,distanceM,2600.162438678168
950,motionIntensityG,0.90152615
950,activeEnergyKcal,45.11223449330756
950,heartRateBpm,158.056607239526
951,speedMps,3.1825945928842736
951,paceSecPerKm,314.2090425955683
951,cadenceSpm,174.56179907109242
951,distanceM,2603.3450332710527
951,motionIntensityG,0.9015203
951,activeEnergyKcal,45.17234031070718
951,heartRateBpm,157.27099483411786
952,speedMps,3.3859910256776136
952,paceSecPerKm,295.33450987215105
952,cadenceSpm,177.3139337211242
952,distanceM,2606.73102429673
952,motionIntensityG,0.9015144500000001
952,activeEnergyKcal,45.23244578632859
952,heartRateBpm,157.4667685781078
953,speedMps,3.115301500006611
953,paceSecPerKm,320.9962181823743
953,cadenceSpm,176.56754929976677
953,distanceM,2609.846325796737
953,motionIntensityG,0.9015086000000001
953,activeEnergyKcal,45.292550920171806
953,heartRateBpm,157.4970686233052
954,speedMps,3.2291834429801978
954,paceSecPerKm,309.6758105129837
954,cadenceSpm,177.98130708437716
954,distanceM,2613.075509239717
954,motionIntensityG,0.9015027500000001
954,activeEnergyKcal,45.35265571223682
954,heartRateBpm,157.73273565569872
955,speedMps,3.0958698555865682
955,paceSecPerKm,323.01099421071495
955,cadenceSpm,173.0663740398252
955,distanceM,2616.1713790953036
955,motionIntensityG,0.9014969000000002
955,activeEnergyKcal,45.412760162523625
955,heartRateBpm,158.07690943311928
956,speedMps,3.2782895891337884
956,paceSecPerKm,305.03711548686783
956,cadenceSpm,174.38281522613565
956,distanceM,2619.4496686844373
956,motionIntensityG,0.90149105
956,activeEnergyKcal,45.47286427103223
956,heartRateBpm,156.48441821947378
957,speedMps,3.275153547690063
957,paceSecPerKm,305.32919615487685
957,cadenceSpm,172.18439791873422
957,distanceM,2622.7248222321273
957,motionIntensityG,0.9014852
957,activeEnergyKcal,45.53296803776263
957,heartRateBpm,156.28684733167387
958,speedMps,3.120226943572886
958,paceSecPerKm,320.48950864289617
958,cadenceSpm,175.69447398352892
958,distanceM,2625.8450491757003
958,motionIntensityG,0.90147935
958,activeEnergyKcal,45.593071462714825
958,heartRateBpm,159.03211559343407
959,speedMps,3.1743949010628487
959,paceSecPerKm,315.020667297941
959,cadenceSpm,173.83868378043712
959,distanceM,2629.019444076763
959,motionIntensityG,0.9014735
959,activeEnergyKcal,45.653174545888824
959,heartRateBpm,159.17063926333157
960,speedMps,3.1074643423865584
960,paceSecPerKm,321.80578433668904
960,cadenceSpm,174.112477784666
960,distanceM,2632.12690841915
960,motionIntensityG,0.9014676500000001
960,activeEnergyKcal,45.71327728728462
960,heartRateBpm,159.43869779700856
961,speedMps,3.091746477085107
961,paceSecPerKm,323.4417852212767
961,cadenceSpm,176.38478117712333
961,distanceM,2635.218654896235
961,motionIntensityG,0.9014618000000001
961,activeEnergyKcal,45.77337968690221
961,heartRateBpm,158.92882854986578
962,speedMps,3.279815596495261
962,paceSecPerKm,304.89519016513555
962,cadenceSpm,171.77484074322413
962,distanceM,2638.49847049273
962,motionIntensityG,0.9014559500000001
962,activeEnergyKcal,45.8334817447416
962,heartRateBpm,159.54335354613755
963,speedMps,3.1818076430956266
963,paceSecPerKm,314.28675525685946
963,cadenceSpm,175.8137392428383
963,distanceM,2641.6802781358256
963,motionIntensityG,0.9014500999999999
963,activeEnergyKcal,45.89358346080278
963,heartRateBpm,160.00826239314787
964,speedMps,3.271123046678775
964,paceSecPerKm,305.70540628709045
964,cadenceSpm,174.14526910618645
964,distanceM,2644.9514011825045
964,motionIntensityG,0.9014442500000002
964,activeEnergyKcal,45.95368483508577
964,heartRateBpm,161.22616068447442
965,speedMps,3.4163840251813538
965,paceSecPerKm,292.7071408334771
965,cadenceSpm,176.40244713028846
965,distanceM,2648.3677852076858
965,motionIntensityG,0.9014384
965,activeEnergyKcal,46.01378586759055
965,heartRateBpm,161.1609676548601
966,speedMps,3.1801778694557004
966,paceSecPerKm,314.4478205463249
966,cadenceSpm,176.46393755599826
966,distanceM,2651.5479630771415
966,motionIntensityG,0.90143255
966,activeEnergyKcal,46.07388655831713
966,heartRateBpm,161.70228670123498
967,speedMps,3.132441054831227
967,paceSecPerKm,319.2398460164733
967,cadenceSpm,172.2420943329437
967,distanceM,2654.680404131973
967,motionIntensityG,0.9014267
967,activeEnergyKcal,46.1339869072655
967,heartRateBpm,159.25368871738613
968,speedMps,3.1646013167317286
968,paceSecPerKm,315.9955709785141
968,cadenceSpm,177.73576834398327
968,distanceM,2657.845005448705
968,motionIntensityG,0.90142085
968,activeEnergyKcal,46.19408691443567
968,heartRateBpm,158.01468236268164
969,speedMps,3.0803579927783415
969,paceSecPerKm,324.63759158656944
969,cadenceSpm,176.51569048334864
969,distanceM,2660.925363441483
969,motionIntensityG,0.9014150000000001
969,activeEnergyKcal,46.25418657982764
969,heartRateBpm,157.03524342653182
970,speedMps,3.139597242632185
970,paceSecPerKm,318.51219208028635
970,cadenceSpm,176.85705546465113
970,distanceM,2664.0649606841152
970,motionIntensityG,0.9014091500000001
970,activeEnergyKcal,46.31428590344141
970,heartRateBpm,158.21116595707127
971,speedMps,3.155040239781571
971,paceSecPerKm,316.95316826426017
971,cadenceSpm,173.1259704397249
971,distanceM,2667.220000923897
971,motionIntensityG,0.9014033000000001
971,activeEnergyKcal,46.374384885276974
971,heartRateBpm,159.6226528005207
972,speedMps,3.1645062483549453
972,paceSecPerKm,316.00506414542417
972,cadenceSpm,177.25727397370113
972,distanceM,2670.3845071722517
972,motionIntensityG,0.9013974500000002
972,activeEnergyKcal,46.434483525334336
972,heartRateBpm,159.59702724973573
973,speedMps,3.1580809945705846
973,paceSecPerKm,316.6479902571256
973,cadenceSpm,173.8928282463997
973,distanceM,2673.5425881668225
973,motionIntensityG,0.9013916
973,activeEnergyKcal,46.494581823613494
973,heartRateBpm,160.5141169866951
974,speedMps,3.149160029975972
974,paceSecPerKm,317.5449931033292
974,cadenceSpm,176.24059457428476
974,distanceM,2676.6917481967985
974,motionIntensityG,0.9013857500000002
974,activeEnergyKcal,46.55467978011445
974,heartRateBpm,157.85695939168977
975,speedMps,3.2205412500481287
975,paceSecPerKm,310.5068130970394
975,cadenceSpm,177.11203199251463
975,distanceM,2679.9122894468464
975,motionIntensityG,0.9013799
975,activeEnergyKcal,46.6147773948372
975,heartRateBpm,157.9196397039439
976,speedMps,3.1538036010783603
976,paceSecPerKm,317.07744884877303
976,cadenceSpm,172.68695903722062
976,distanceM,2683.066093047925
976,motionIntensityG,0.90137405
976,activeEnergyKcal,46.67487466778175
976,heartRateBpm,157.301137729452
977,speedMps,3.030370824903781
977,paceSecPerKm,329.9926173331449
977,cadenceSpm,174.61567465492172
977,distanceM,2686.0964638728287
977,motionIntensityG,0.9013682000000001
977,activeEnergyKcal,46.7349715989481
977,heartRateBpm,155.610329928965
978,speedMps,3.136858060014606
978,paceSecPerKm,318.790324862625
978,cadenceSpm,174.5228864022413
978,distanceM,2689.2333219328434
978,motionIntensityG,0.9013623500000001
978,activeEnergyKcal,46.795068188336245
978,heartRateBpm,155.6899976653831
979,speedMps,3.251889117147668
979,paceSecPerKm,307.5135602646657
979,cadenceSpm,177.2767502892794
979,distanceM,2692.485211049991
979,motionIntensityG,0.9013565000000001
979,activeEnergyKcal,46.855164435946186
979,heartRateBpm,154.10321371240013
980,speedMps,3.1401777132442974
980,paceSecPerKm,318.45331421285795
980,cadenceSpm,175.77537765699046
980,distanceM,2695.625388763235
980,motionIntensityG,0.9013506500000001
980,activeEnergyKcal,46.91526034177792
980,heartRateBpm,153.90565008741024
981,speedMps,3.312919386954552
981,paceSecPerKm,301.84857619468494
981,cadenceSpm,173.84256512979005
981,distanceM,2698.9383081501896
981,motionIntensityG,0.9013448
981,activeEnergyKcal,46.975355905831464
981,heartRateBpm,152.6211412936318
982,speedMps,3.2544281393199306
982,paceSecPerKm,307.2736459957501
982,cadenceSpm,171.91133782970746
982,distanceM,2702.1927362895094
982,motionIntensityG,0.90133895
982,activeEnergyKcal,47.0354511281068
982,heartRateBpm,152.43032222557233
983,speedMps,3.2121692279150156
983,paceSecPerKm,311.31610106640903
983,cadenceSpm,174.79037430998986
983,distanceM,2705.4049055174246
983,motionIntensityG,0.9013331
983,activeEnergyKcal,47.09554600860393
983,heartRateBpm,151.54684218142728
984,speedMps,3.2733386847913364
984,paceSecPerKm,305.498482221294
984,cadenceSpm,176.94636030334865
984,distanceM,2708.678244202216
984,motionIntensityG,0.90132725
984,activeEnergyKcal,47.15564054732286
984,heartRateBpm,153.34056986366843
985,speedMps,3.054637407949455
985,paceSecPerKm,327.37109726921375
985,cadenceSpm,175.10986492571564
985,distanceM,2711.7328816101654
985,motionIntensityG,0.9013214
985,activeEnergyKcal,47.215734744263585
985,heartRateBpm,154.18614533299666
986,speedMps,3.242025532945218
986,paceSecPerKm,308.44914385715833
986,cadenceSpm,174.30888598074216
986,distanceM,2714.9749071431106
986,motionIntensityG,0.9013155500000001
986,activeEnergyKcal,47.275828599426106
986,heartRateBpm,154.3835818804662
987,speedMps,3.217077168918242
987,paceSecPerKm,310.8411603120652
987,cadenceSpm,174.3482666291842
987,distanceM,2718.191984312029
987,motionIntensityG,0.9013097000000001
987,activeEnergyKcal,47.33592211281043
987,heartRateBpm,154.08409697231772
988,speedMps,3.2510694188824907
988,paceSecPerKm,307.59109423868773
988,cadenceSpm,175.0619294418088
988,distanceM,2721.4430537309117
988,motionIntensityG,0.9013038499999999
988,activeEnergyKcal,47.39601528441655
988,heartRateBpm,152.4771425433069
989,speedMps,3.2171715596878943
989,paceSecPerKm,310.8320403332835
989,cadenceSpm,174.52893710478347
989,distanceM,2724.6602252905996
989,motionIntensityG,0.9012980000000002
989,activeEnergyKcal,47.456108114244465
989,heartRateBpm,154.24362838209083
990,speedMps,3.2503662219827576
990,paceSecPerKm,307.6576396951324
990,cadenceSpm,172.48977425544413
990,distanceM,2727.9105915125824
990,motionIntensityG,0.90129215
990,activeEnergyKcal,47.51620060229418
990,heartRateBpm,155.66068720636375
991,speedMps,3.1333916504616313
991,paceSecPerKm,319.1429963288099
991,cadenceSpm,174.53407490477238
991,distanceM,2731.0439831630442
991,motionIntensityG,0.9012863
991,activeEnergyKcal,47.576292748565685
991,heartRateBpm,156.675452307831
992,speedMps,3.156013574847141
992,paceSecPerKm,316.85541785048696
992,cadenceSpm,173.99643301934591
992,distanceM,2734.1999967378915
992,motionIntensityG,0.90128045
992,activeEnergyKcal,47.636384553058996
992,heartRateBpm,157.5327142491657
993,speedMps,3.111151855186318
993,paceSecPerKm,321.4243619555217
993,cadenceSpm,175.07165326386814
993,distanceM,2737.3111485930776
993,motionIntensityG,0.9012746
993,activeEnergyKcal,47.6964760157741
993,heartRateBpm,159.11107182818415
994,speedMps,3.2234108355181865
994,paceSecPerKm,310.23038980361395
994,cadenceSpm,174.40551487733083
994,distanceM,2740.534559428596
994,motionIntensityG,0.9012687500000001
994,activeEnergyKcal,47.756567136711006
994,heartRateBpm,161.04148477880523
995,speedMps,3.317917706959123
995,paceSecPerKm,301.3938525065173
995,cadenceSpm,171.5008860187626
995,distanceM,2743.852477135555
995,motionIntensityG,0.9012629000000001
995,activeEnergyKcal,47.816657915869705
995,heartRateBpm,161.11462671178592
996,speedMps,3.1543058394718986
996,paceSecPerKm,317.0269627904637
996,cadenceSpm,174.3776285177248
996,distanceM,2747.006782975027
996,motionIntensityG,0.9012570500000001
996,activeEnergyKcal,47.8767483532502
996,heartRateBpm,161.89384704874664
997,speedMps,3.2697324981489264
997,paceSecPerKm,305.8354163730898
997,cadenceSpm,178.001520915417
997,distanceM,2750.276515473176
997,motionIntensityG,0.9012512000000001
997,activeEnergyKcal,47.93683844885249
997,heartRateBpm,159.21400047221016
998,speedMps,3.0820905114655854
998,paceSecPerKm,324.4551048322339
998,cadenceSpm,173.27610179566875
998,distanceM,2753.3586059846416
998,motionIntensityG,0.90124535
998,activeEnergyKcal,47.996928202676585
998,heartRateBpm,158.8286267651486
999,speedMps,3.196921237911182
999,paceSecPerKm,312.800949908101
999,cadenceSpm,175.61820509786062
999,distanceM,2756.555527222553
999,motionIntensityG,0.9012395
999,activeEnergyKcal,48.057017614722476
999,heartRateBpm,160.94154180667957
1000,speedMps,3.1780172946149485
1000,paceSecPerKm,314.6615978756531
1000,cadenceSpm,176.81435126267928
1000,distanceM,2759.733544517168
1000,motionIntensityG,0.90123365
1000,activeEnergyKcal,48.11710668499016
1000,heartRateBpm,160.135483467142
1001,speedMps,3.0600064731427286
1001,paceSecPerKm,326.79669431318774
1001,cadenceSpm,175.85959321655972
1001,distanceM,2762.793550990311
1001,motionIntensityG,0.9012278
1001,activeEnergyKcal,48.177195413479645
1001,heartRateBpm,159.71199200231908
1002,speedMps,3.1733812660919374
1002,paceSecPerKm,315.1212905569061
1002,cadenceSpm,174.53506483493067
1002,distanceM,2765.9669322564027
1002,motionIntensityG,0.90122195
1002,activeEnergyKcal,48.23728380019092
1002,heartRateBpm,160.42966026706017
1003,speedMps,3.24926412613387
1003,paceSecPerKm,307.7619920021238
1003,cadenceSpm,175.77610589776438
1003,distanceM,2769.2161963825365
1003,motionIntensityG,0.9012161000000001
1003,activeEnergyKcal,48.297371845124005
1003,heartRateBpm,161.07919069662933
1004,speedMps,3.3005323970059752
1004,paceSecPerKm,302.981422302394
1004,cadenceSpm,174.64626549000388
1004,distanceM,2772.5167287795425
1004,motionIntensityG,0.9012102499999999
1004,activeEnergyKcal,48.35745954827888
1004,heartRateBpm,160.17118074414097
1005,speedMps,3.307310193875362
1005,paceSecPerKm,302.3605109226974
1005,cadenceSpm,175.89109884711328
1005,distanceM,2775.824038973418
1005,motionIntensityG,0.9012044000000001
1005,activeEnergyKcal,48.417546909655556
1005,heartRateBpm,161.80480109186317
1006,speedMps,3.072033889923876
1006,paceSecPerKm,325.51724226739555
1006,cadenceSpm,174.77109905813245
1006,distanceM,2778.8960728633415
1006,motionIntensityG,0.9011985499999999
1006,activeEnergyKcal,48.477633929254026
1006,heartRateBpm,162.44002948149665
1007,speedMps,3.078976614213435
1007,paceSecPerKm,324.78323978938795
1007,cadenceSpm,175.72749824117776
1007,distanceM,2781.975049477555
1007,motionIntensityG,0.9011927
1007,activeEnergyKcal,48.53772060707429
1007,heartRateBpm,161.48197812100267
1008,speedMps,3.094822838353425
1008,paceSecPerKm,323.1202728657779
1008,cadenceSpm,175.7808986974427
1008,distanceM,2785.0698723159085
1008,motionIntensityG,0.90118685
1008,activeEnergyKcal,48.59780694311635
1008,heartRateBpm,160.43650864735997
1009,speedMps,3.1810251251290524
1009,paceSecPerKm,314.36406839428236
1009,cadenceSpm,173.69183379941137
1009,distanceM,2788.2508974410375
1009,motionIntensityG,0.901181
1009,activeEnergyKcal,48.65789293738022
1009,heartRateBpm,159.78480903609497
1010,speedMps,3.0424818211768616
1010,paceSecPerKm,328.67903861893586
1010,cadenceSpm,173.9528331721083
1010,distanceM,2791.2933792622143
1010,motionIntensityG,0.90117515
1010,activeEnergyKcal,48.71797858986588
1010,heartRateBpm,159.56052897265477
1011,speedMps,3.4051505775900806
1011,paceSecPerKm,293.67276929871565
1011,cadenceSpm,174.1819235147215
1011,distanceM,2794.6985298398045
1011,motionIntensityG,0.9011693000000001
1011,activeEnergyKcal,48.778063900573336
1011,heartRateBpm,159.50681783295641
1012,speedMps,3.1870609770843292
1012,paceSecPerKm,313.76870640073105
1012,cadenceSpm,174.1098367308592
1012,distanceM,2797.885590816889
1012,motionIntensityG,0.9011634500000001
1012,activeEnergyKcal,48.83814886950259
1012,heartRateBpm,158.86548536236012
1013,speedMps,3.2359797295124864
1013,paceSecPerKm,309.025421537685
1013,cadenceSpm,175.89370093628173
1013,distanceM,2801.1215705464015
1013,motionIntensityG,0.9011576000000001
1013,activeEnergyKcal,48.89823349665364
1013,heartRateBpm,159.69676887421394
1014,speedMps,3.2060888575004487
1014,paceSecPerKm,311.9065142753487
1014,cadenceSpm,177.74404481345874
1014,distanceM,2804.327659403902
1014,motionIntensityG,0.9011517499999999
1014,activeEnergyKcal,48.95831778202649
1014,heartRateBpm,161.3329634698408
1015,speedMps,3.2017806770250172
1015,paceSecPerKm,312.3262024709216
1015,cadenceSpm,171.7316434063757
1015,distanceM,2807.529440080927
1015,motionIntensityG,0.9011459000000002
1015,activeEnergyKcal,49.01840172562114
1015,heartRateBpm,162.1373594882943
1016,speedMps,3.106579842505466
1016,paceSecPerKm,321.8974083065887
1016,cadenceSpm,173.2276056888758
1016,distanceM,2810.6360199234327
1016,motionIntensityG,0.90114005
1016,activeEnergyKcal,49.07848532743758
1016,heartRateBpm,161.52015834688962
1017,speedMps,3.277196278171383
1017,paceSecPerKm,305.13887943201934
1017,cadenceSpm,172.69238238630075
1017,distanceM,2813.913216201604
1017,motionIntensityG,0.9011342
1017,activeEnergyKcal,49.138568587475824
1017,heartRateBpm,159.94855709158594
1018,speedMps,3.028600368940149
1018,paceSecPerKm,330.18552406435435
1018,cadenceSpm,173.62829715017403
1018,distanceM,2816.9418165705442
1018,motionIntensityG,0.90112835
1018,activeEnergyKcal,49.19865150573586
1018,heartRateBpm,159.78816340041135
1019,speedMps,3.2827442643594846
1019,paceSecPerKm,304.6231809333816
1019,cadenceSpm,176.14785039006813
1019,distanceM,2820.2245608349035
1019,motionIntensityG,0.9011225
1019,activeEnergyKcal,49.25873408221769
1019,heartRateBpm,160.86611106621058
1020,speedMps,3.2502629873956983
1020,paceSecPerKm,307.6674114919109
1020,cadenceSpm,175.4405507150156
1020,distanceM,2823.474823822299
1020,motionIntensityG,0.9011166500000001
1020,activeEnergyKcal,49.31881631692133
1020,heartRateBpm,158.39630420281387
1021,speedMps,3.0972000256171413
1021,paceSecPerKm,322.8722690588065
1021,cadenceSpm,175.72873431913646
1021,distanceM,2826.572023847916
1021,motionIntensityG,0.9011108000000001
1021,activeEnergyKcal,49.37889820984676
1021,heartRateBpm,159.50376169175433
1022,speedMps,3.2398366278739195
1022,paceSecPerKm,308.6575389007287
1022,cadenceSpm,172.85662064668236
1022,distanceM,2829.81186047579
1022,motionIntensityG,0.9011049500000001
1022,activeEnergyKcal,49.43897976099399
1022,heartRateBpm,158.5191991737728
1023,speedMps,3.201024820495563
1023,paceSecPerKm,312.39995191452033
1023,cadenceSpm,174.58071311756237
1023,distanceM,2833.0128852962857
1023,motionIntensityG,0.9010990999999999
1023,activeEnergyKcal,49.49906097036301
1023,heartRateBpm,160.11828545174504
1024,speedMps,3.223273981092237
1024,paceSecPerKm,310.24356162895606
1024,cadenceSpm,174.09244571826878
1024,distanceM,2836.236159277378
1024,motionIntensityG,0.90109325
1024,activeEnergyKcal,49.55914183795383
1024,heartRateBpm,161.90292589875182
1025,speedMps,3.164259747173266
1025,paceSecPerKm,316.0296814739472
1025,cadenceSpm,174.82135913331533
1025,distanceM,2839.4004190245514
1025,motionIntensityG,0.9010874
1025,activeEnergyKcal,49.619222363766454
1025,heartRateBpm,164.3488540677402
1026,speedMps,3.130349641266067
1026,paceSecPerKm,319.45313290803864
1026,cadenceSpm,175.96082126995535
1026,distanceM,2842.5307686658175
1026,motionIntensityG,0.90108155
1026,activeEnergyKcal,49.67930254780087
1026,heartRateBpm,166.2023403568463
1027,speedMps,2.98268859188098
1027,paceSecPerKm,335.26798698397397
1027,cadenceSpm,177.07288842496695
1027,distanceM,2845.5134572576985
1027,motionIntensityG,0.9010757
1027,activeEnergyKcal,49.73938239005709
1027,heartRateBpm,167.6525202019708
1028,speedMps,3.184629050968359
1028,paceSecPerKm,314.00831431087
1028,cadenceSpm,175.8299653156987
1028,distanceM,2848.698086308667
1028,motionIntensityG,0.9010698500000001
1028,activeEnergyKcal,49.7994618905351
1028,heartRateBpm,165.60842364648008
1029,speedMps,3.1695315194605698
1029,paceSecPerKm,315.5040402217525
1029,cadenceSpm,172.1837440469847
1029,distanceM,2851.8676178281275
1029,motionIntensityG,0.9010640000000001
1029,activeEnergyKcal,49.859541049234906
1029,heartRateBpm,166.44154369439696
1030,speedMps,3.197537405670832
1030,paceSecPerKm,312.7406729399006
1030,cadenceSpm,175.05703266240087
1030,distanceM,2855.0651552337986
1030,motionIntensityG,0.9010581499999999
1030,activeEnergyKcal,49.91961986615651
1030,heartRateBpm,167.4315893271467
1031,speedMps,3.213181910964151
1031,paceSecPerKm,311.2179850719809
1031,cadenceSpm,173.49988553365094
1031,distanceM,2858.2783371447626
1031,motionIntensityG,0.9010523000000001
1031,activeEnergyKcal,49.979698341299915
1031,heartRateBpm,168.60827696235125
1032,speedMps,3.2636223736073156
1032,paceSecPerKm,306.40799869707035
1032,cadenceSpm,173.56724829367232
1032,distanceM,2861.54195951837
1032,motionIntensityG,0.9010464500000002
1032,activeEnergyKcal,50.03977647466512
1032,heartRateBpm,168.220321291625
1033,speedMps,3.304056937004162
1033,paceSecPerKm,302.65822262334103
1033,cadenceSpm,175.14750305708625
1033,distanceM,2864.846016455374
1033,motionIntensityG,0.9010406
1033,activeEnergyKcal,50.099854266252116
1033,heartRateBpm,167.29805874849856
1034,speedMps,3.0223480375169944
1034,paceSecPerKm,330.86857886213147
1034,cadenceSpm,175.43835473576485
1034,distanceM,2867.868364492891
1034,motionIntensityG,0.90103475
1034,activeEnergyKcal,50.15993171606091
1034,heartRateBpm,168.61655904819645
1035,speedMps,3.2574144151390327
1035,paceSecPerKm,306.9919489987024
1035,cadenceSpm,174.7298062741609
1035,distanceM,2871.12577890803
1035,motionIntensityG,0.9010289
1035,activeEnergyKcal,50.2200088240915
1035,heartRateBpm,168.59324705002894
1036,speedMps,3.2283149666513227
1036,paceSecPerKm,309.7591190234091
1036,cadenceSpm,173.14044084368982
1036,distanceM,2874.3540938746814
1036,motionIntensityG,0.90102305
1036,activeEnergyKcal,50.280085590343894
1036,heartRateBpm,169.74009026613277
1037,speedMps,3.27989140168011
1037,paceSecPerKm,304.88814339638026
1037,cadenceSpm,173.40910364938364
1037,distanceM,2877.6339852763617
1037,motionIntensityG,0.9010172000000001
1037,activeEnergyKcal,50.340162014818084
1037,heartRateBpm,171.0596189162422
1038,speedMps,3.1909448744325406
1038,paceSecPerKm,313.3867990050547
1038,cadenceSpm,173.85865078287998
1038,distanceM,2880.8249301507944
1038,motionIntensityG,0.9010113500000001
1038,activeEnergyKcal,50.40023809751407
1038,heartRateBpm,170.98739154924988
1039,speedMps,3.275519610731094
1039,paceSecPerKm,305.2950734057124
1039,cadenceSpm,173.16734419303268
1039,distanceM,2884.1004497615254
1039,motionIntensityG,0.9010055000000001
1039,activeEnergyKcal,50.46031383843185
1039,heartRateBpm,171.24494702443712
1040,speedMps,3.108539489829544
1040,paceSecPerKm,321.6944816920549
1040,cadenceSpm,173.8662042978302
1040,distanceM,2887.208989251355
1040,motionIntensityG,0.9009996499999999
1040,activeEnergyKcal,50.52038923757143
1040,heartRateBpm,169.0082483092615
1041,speedMps,3.1845760061049306
1041,paceSecPerKm,314.01354468631587
1041,cadenceSpm,173.55109202844906
1041,distanceM,2890.39356525746
1041,motionIntensityG,0.9009938000000002
1041,activeEnergyKcal,50.5804642949328
1041,heartRateBpm,168.90921868498103
1042,speedMps,3.1020640903780574
1042,paceSecPerKm,322.3660023987857
1042,cadenceSpm,175.32744103469918
1042,distanceM,2893.495629347838
1042,motionIntensityG,0.90098795
1042,activeEnergyKcal,50.64053901051598
1042,heartRateBpm,170.87963594695012
1043,speedMps,3.2557115792259803
1043,paceSecPerKm,307.1525151001681
1043,cadenceSpm,174.38445584093995
1043,distanceM,2896.751340927064
1043,motionIntensityG,0.9009821
1043,activeEnergyKcal,50.70061338432095
1043,heartRateBpm,169.22865462317426
1044,speedMps,3.189428502619096
1044,paceSecPerKm,313.5357946349384
1044,cadenceSpm,172.71789082765463
1044,distanceM,2899.9407694296833
1044,motionIntensityG,0.90097625
1044,activeEnergyKcal,50.76068741634772
1044,heartRateBpm,166.13327622392262
1045,speedMps,3.1034771378637025
1045,paceSecPerKm,322.2192255904151
1045,cadenceSpm,177.40034517730544
1045,distanceM,2903.044246567547
1045,motionIntensityG,0.9009704000000001
1045,activeEnergyKcal,50.82076110659629
1045,heartRateBpm,165.29319183337554
1046,speedMps,3.119752378352671
1046,paceSecPerKm,320.5382603243761
1046,cadenceSpm,177.0706896126729
1046,distanceM,2906.1639989458995
1046,motionIntensityG,0.9009645500000001
1046,activeEnergyKcal,50.88083445506665
1046,heartRateBpm,166.8235934233479
1047,speedMps,3.1366265514321006
1047,paceSecPerKm,318.8138541846579
1047,cadenceSpm,174.8532113607769
1047,distanceM,2909.3006254973316
1047,motionIntensityG,0.9009587000000001
1047,activeEnergyKcal,50.940907461758805
1047,heartRateBpm,167.75469108815008
1048,speedMps,2.9959975634226215
1048,paceSecPerKm,333.77864261598467
1048,cadenceSpm,175.01121530401
1048,distanceM,2912.296623060754
1048,motionIntensityG,0.9009528500000001
1048,activeEnergyKcal,51.000980126672765
1048,heartRateBpm,167.40799408630596
1049,speedMps,3.196364994112445
1049,paceSecPerKm,312.85538473921264
1049,cadenceSpm,175.01172003090738
1049,distanceM,2915.4929880548666
1049,motionIntensityG,0.9009469999999999
1049,activeEnergyKcal,51.06105244980852
1049,heartRateBpm,168.26447547692786
1050,speedMps,3.277263532211388
1050,paceSecPerKm,305.1326175546321
1050,cadenceSpm,175.65548355202452
1050,distanceM,2918.770251587078
1050,motionIntensityG,0.90094115
1050,activeEnergyKcal,51.12112443116607
1050,heartRateBpm,169.79158571807042
1051,speedMps,3.2353297027901413
1051,paceSecPerKm,309.0875094237234
1051,cadenceSpm,177.95655307520536
1051,distanceM,2922.005581289868
1051,motionIntensityG,0.9009353
1051,activeEnergyKcal,51.18119607074542
1051,heartRateBpm,170.59332167983123
1052,speedMps,3.150132274288874
1052,paceSecPerKm,317.44698727793735
1052,cadenceSpm,172.5942170073357
1052,distanceM,2925.155713564157
1052,motionIntensityG,0.90092945
1052,activeEnergyKcal,51.241267368546566
1052,heartRateBpm,168.71107197396793
1053,speedMps,3.0356838820033083
1053,paceSecPerKm,329.4150639097771
1053,cadenceSpm,175.12822294224225
1053,distanceM,2928.1913974461604
1053,motionIntensityG,0.9009236
1053,activeEnergyKcal,51.301338324569514
1053,heartRateBpm,167.34812006233534
1054,speedMps,3.2197366063587953
1054,paceSecPerKm,310.58441178854736
1054,cadenceSpm,174.51973399478945
1054,distanceM,2931.411134052519
1054,motionIntensityG,0.9009177500000001
1054,activeEnergyKcal,51.36140893881426
1054,heartRateBpm,170.00753490194288
1055,speedMps,3.1958142697136047
1055,paceSecPerKm,312.9092981018624
1055,cadenceSpm,174.65407855593193
1055,distanceM,2934.6069483222327
1055,motionIntensityG,0.9009119000000001
1055,activeEnergyKcal,51.4214792112808
1055,heartRateBpm,167.92680527084997
1056,speedMps,3.252812938700591
1056,paceSecPerKm,307.42622426959247
1056,cadenceSpm,174.30392731503207
1056,distanceM,2937.8597612609333
1056,motionIntensityG,0.9009060500000001
1056,activeEnergyKcal,51.48154914196913
1056,heartRateBpm,167.73970361758535
1057,speedMps,3.206780073337721
1057,paceSecPerKm,311.8392833716119
1057,cadenceSpm,176.48734290348668
1057,distanceM,2941.066541334271
1057,motionIntensityG,0.9009001999999999
1057,activeEnergyKcal,51.541618730879264
1057,heartRateBpm,168.0611424711453
1058,speedMps,3.235916499092972
1058,paceSecPerKm,309.03145995278317
1058,cadenceSpm,171.72720049774009
1058,distanceM,2944.302457833364
1058,motionIntensityG,0.9008943500000002
1058,activeEnergyKcal,51.60168797801119
1058,heartRateBpm,167.31084920205126
1059,speedMps,3.313497406030001
1059,paceSecPerKm,301.795920582334
1059,cadenceSpm,175.0976245762587
1059,distanceM,2947.6159552393938
1059,motionIntensityG,0.9008885
1059,activeEnergyKcal,51.66175688336492
1059,heartRateBpm,166.73679685729815
1060,speedMps,3.1085363641761616
1060,paceSecPerKm,321.69480515793305
1060,cadenceSpm,173.6347331741207
1060,distanceM,2950.7244916035697
1060,motionIntensityG,0.90088265
1060,activeEnergyKcal,51.72182544694045
1060,heartRateBpm,166.9572947328561
1061,speedMps,3.1562260650896925
1061,paceSecPerKm,316.834085828254
1061,cadenceSpm,178.59442040886242
1061,distanceM,2953.8807176686596
1061,motionIntensityG,0.9008768
1061,activeEnergyKcal,51.78189366873777
1061,heartRateBpm,168.20555370674884
1062,speedMps,2.969319043986997
1062,paceSecPerKm,336.77755242402947
1062,cadenceSpm,176.9192824880783
1062,distanceM,2956.8500367126467
1062,motionIntensityG,0.9008709500000001
1062,activeEnergyKcal,51.84196154875689
1062,heartRateBpm,167.62272860840835
1063,speedMps,3.21585905079146
1063,paceSecPerKm,310.9589021800842
1063,cadenceSpm,174.83912133437528
1063,distanceM,2960.065895763438
1063,motionIntensityG,0.9008651000000001
1063,activeEnergyKcal,51.90202908699781
1063,heartRateBpm,167.9834999044177
1064,speedMps,3.2712560239747766
1064,paceSecPerKm,305.6929792932987
1064,cadenceSpm,174.2378364520518
1064,distanceM,2963.337151787413
1064,motionIntensityG,0.9008592500000001
1064,activeEnergyKcal,51.962096283460525
1064,heartRateBpm,167.19175668749966
1065,speedMps,3.2199218969275862
1065,paceSecPerKm,310.56653919282604
1065,cadenceSpm,177.50997304052953
1065,distanceM,2966.5570736843406
1065,motionIntensityG,0.9008534000000001
1065,activeEnergyKcal,52.02216313814504
1065,heartRateBpm,165.98859097250832
1066,speedMps,3.404855618174014
1066,paceSecPerKm,293.698209892462
1066,cadenceSpm,174.1406633209027
1066,distanceM,2969.961929302515
1066,motionIntensityG,0.9008475499999999
1066,activeEnergyKcal,52.08222965105135
1066,heartRateBpm,165.36216307263666
1067,speedMps,3.2213984245783944
1067,paceSecPerKm,310.42419105015756
1067,cadenceSpm,173.02059319308233
1067,distanceM,2973.183327727093
1067,motionIntensityG,0.9008417
1067,activeEnergyKcal,52.142295822179456
1067,heartRateBpm,166.7861435359122
1068,speedMps,3.121562649773929
1068,paceSecPerKm,320.35237225574264
1068,cadenceSpm,174.2516222887803
1068,distanceM,2976.3048903768668
1068,motionIntensityG,0.90083585
1068,activeEnergyKcal,52.20236165152936
1068,heartRateBpm,167.35217032629396
1069,speedMps,3.2680317430303423
1069,paceSecPerKm,305.9945798056208
1069,cadenceSpm,174.92961466385105
1069,distanceM,2979.572922119897
1069,motionIntensityG,0.90083
1069,activeEnergyKcal,52.26242713910106
1069,heartRateBpm,167.1734178784841
1070,speedMps,3.151868140114244
1070,paceSecPerKm,317.2721559232975
1070,cadenceSpm,175.291746763359
1070,distanceM,2982.7247902600116
1070,motionIntensityG,0.90082415
1070,activeEnergyKcal,52.32249228489456
1070,heartRateBpm,167.0019534581459
1071,speedMps,3.1861603533211036
1071,paceSecPerKm,313.85739859503525
1071,cadenceSpm,176.4669242956571
1071,distanceM,2985.9109506133327
1071,motionIntensityG,0.9008183000000001
1071,activeEnergyKcal,52.382557088909856
1071,heartRateBpm,164.43100738585912
1072,speedMps,3.1719899812802783
1072,paceSecPerKm,315.2595077227766
1072,cadenceSpm,177.09453804541852
1072,distanceM,2989.082940594613
1072,motionIntensityG,0.9008124500000001
1072,activeEnergyKcal,52.44262155114695
1072,heartRateBpm,166.88746781309388
1073,speedMps,3.2446745017414833
1073,paceSecPerKm,308.1973244044293
1073,cadenceSpm,173.4532359777994
1073,distanceM,2992.3276150963543
1073,motionIntensityG,0.9008065999999999
1073,activeEnergyKcal,52.50268567160584
1073,heartRateBpm,167.0606214974314
1074,speedMps,3.276315761670989
1074,paceSecPerKm,305.22088612422976
1074,cadenceSpm,175.15061439723064
1074,distanceM,2995.6039308580253
1074,motionIntensityG,0.9008007500000001
1074,activeEnergyKcal,52.562749450286525
1074,heartRateBpm,166.38304404205118
1075,speedMps,3.071380971089868
1075,paceSecPerKm,325.5864412174025
1075,cadenceSpm,174.44965142888307
1075,distanceM,2998.6753118291153
1075,motionIntensityG,0.9007949000000002
1075,activeEnergyKcal,52.62281288718901
1075,heartRateBpm,166.4745171891322
1076,speedMps,3.16398287467088
1076,paceSecPerKm,316.0573364683653
1076,cadenceSpm,175.05492964643298
1076,distanceM,3001.8392947037864
1076,motionIntensityG,0.90078905
1076,activeEnergyKcal,52.6828759823133
1076,heartRateBpm,165.31008101243032
1077,speedMps,3.10535050162601
1077,paceSecPerKm,322.0248405055675
1077,cadenceSpm,177.88278663635256
1077,distanceM,3004.9446452054126
1077,motionIntensityG,0.9007832
1077,activeEnergyKcal,52.74293873565938
1077,heartRateBpm,165.69517182729078
1078,speedMps,3.102279430473152
1078,paceSecPerKm,322.34362584400805
1078,cadenceSpm,176.36372703199663
1078,distanceM,3008.0469246358857
1078,motionIntensityG,0.90077735
1078,activeEnergyKcal,52.803001147227256
1078,heartRateBpm,166.5695163357138
1079,speedMps,3.2408826069828898
1079,paceSecPerKm,308.55792118029024
1079,cadenceSpm,177.37114999495577
1079,distanceM,3011.2878072428684
1079,motionIntensityG,0.9007715000000001
1079,activeEnergyKcal,52.86306321701693
1079,heartRateBpm,166.13876564175612
1080,speedMps,3.155842862302977
1080,paceSecPerKm,316.87255786565044
1080,cadenceSpm,171.8083384838339
1080,distanceM,3014.4436501051714
1080,motionIntensityG,0.9007656500000001
1080,activeEnergyKcal,52.9231249450284
1080,heartRateBpm,167.03590793828678
1081,speedMps,3.2577989511639953
1081,paceSecPerKm,306.9557130413788
1081,cadenceSpm,166.71825741756172
1081,distanceM,3017.7014490563356
1081,motionIntensityG,0.8942926390400001
1081,activeEnergyKcal,52.98280849627888
1081,heartRateBpm,167.8615191023506
1082,speedMps,3.156785984013118
1082,paceSecPerKm,316.77788898718217
1082,cadenceSpm,175.97099811131943
1082,distanceM,3020.8582350403485
1082,motionIntensityG,0.8878210882400002
1082,activeEnergyKcal,53.0421139560762
1082,heartRateBpm,168.57614840984084
1083,speedMps,3.079047889268851
1083,paceSecPerKm,324.77572157458695
1083,cadenceSpm,171.32803879470953
1083,distanceM,3023.9372829296176
1083,motionIntensityG,0.8813509587200001
1083,activeEnergyKcal,53.1010414074567
1083,heartRateBpm,170.20397971737734
1084,speedMps,3.042059547350572
1084,paceSecPerKm,328.7246631549117
1084,cadenceSpm,174.81277177301024
1084,distanceM,3026.979342476968
1084,motionIntensityG,0.8748822116000001
1084,activeEnergyKcal,53.159590931185186
1084,heartRateBpm,171.86913915456455
1085,speedMps,3.0938750610753396
1085,paceSecPerKm,323.21925748754364
1085,cadenceSpm,176.59763730803206
1085,distanceM,3030.0732175380435
1085,motionIntensityG,0.86841425
1085,activeEnergyKcal,53.217762573154594
1085,heartRateBpm,172.35950494401584
1086,speedMps,3.0724802699212557
1086,paceSecPerKm,325.46995005622244
1086,cadenceSpm,169.53711883417193
1086,distanceM,3033.145697807965
1086,motionIntensityG,0.86194694072
1086,activeEnergyKcal,53.275556371475815
1086,heartRateBpm,173.95164107649953
1087,speedMps,3.13840894561228
1087,paceSecPerKm,318.6327904775034
1087,cadenceSpm,171.08482071088028
1087,distanceM,3036.2841067535774
1087,motionIntensityG,0.8554802643200001
1087,activeEnergyKcal,53.332972363124
1087,heartRateBpm,174.85062132518692
1088,speedMps,3.084030574252684
1088,paceSecPerKm,324.251000735399
1088,cadenceSpm,168.2809594134872
1088,distanceM,3039.36813732783
1088,motionIntensityG,0.8490142013600002
1088,activeEnergyKcal,53.39001058393853
1088,heartRateBpm,174.97670250656444
1089,speedMps,3.1992410707205154
1089,paceSecPerKm,312.5741317689403
1089,cadenceSpm,173.16042712283752
1089,distanceM,3042.5673783985503
1089,motionIntensityG,0.8425487324000001
1089,activeEnergyKcal,53.44667106862305
1089,heartRateBpm,174.3742459684965
1090,speedMps,3.0448328994300824
1090,paceSecPerKm,328.42524796259767
1090,cadenceSpm,176.96866763648424
1090,distanceM,3045.6122112979806
1090,motionIntensityG,0.836083838
1090,activeEnergyKcal,53.50295385074542
1090,heartRateBpm,174.68463773889195
1091,speedMps,2.9609037563406404
1091,paceSecPerKm,337.7347196302972
1091,cadenceSpm,177.58335902732986
1091,distanceM,3048.573115054321
1091,motionIntensityG,0.8296194987200001
1091,activeEnergyKcal,53.55885896273777
1091,heartRateBpm,173.37236397146444
1092,speedMps,2.970990719057184
1092,paceSecPerKm,336.58805919035
1092,cadenceSpm,171.9777399162189
1092,distanceM,3051.5441057733783
1092,motionIntensityG,0.8231556951200001
1092,activeEnergyKcal,53.61438643589647
1092,heartRateBpm,173.98474503453147
1093,speedMps,2.9121949659586064
1093,paceSecPerKm,343.38360298306134
1093,cadenceSpm,171.96023448054297
1093,distanceM,3054.4563007393367
1093,motionIntensityG,0.8166924077600002
1093,activeEnergyKcal,53.66953630038213
1093,heartRateBpm,171.5773195418746
1094,speedMps,2.9717669781855225
1094,paceSecPerKm,336.50013858440946
1094,cadenceSpm,172.0069301608439
1094,distanceM,3057.428067717522
1094,motionIntensityG,0.8102296172000001
1094,activeEnergyKcal,53.7243085852196
1094,heartRateBpm,170.01112934049257
1095,speedMps,2.9193513952696852
1095,paceSecPerKm,342.54184049934196
1095,cadenceSpm,176.66063526760982
1095,distanceM,3060.3474191127916
1095,motionIntensityG,0.803767304
1095,activeEnergyKcal,53.778703318298
1095,heartRateBpm,169.29671008401434
1096,speedMps,3.0158922129381196
1096,paceSecPerKm,331.57683676824365
1096,cadenceSpm,162.48822151954946
1096,distanceM,3063.3633113257297
1096,motionIntensityG,0.79730544872
1096,activeEnergyKcal,53.83272052637066
1096,heartRateBpm,170.9817066665396
1097,speedMps,3.111303840003679
1097,paceSecPerKm,321.40866062082114
1097,cadenceSpm,169.13377788095534
1097,distanceM,3066.474615165733
1097,motionIntensityG,0.7908440319200001
1097,activeEnergyKcal,53.88636023505517
1097,heartRateBpm,171.87202141175288
1098,speedMps,2.9195303477485206
1098,paceSecPerKm,342.52084441293056
1098,cadenceSpm,172.17433749677608
1098,distanceM,3069.394145513482
1098,motionIntensityG,0.78438303416
1098,activeEnergyKcal,53.93962246883338
1098,heartRateBpm,168.9492173477167
1099,speedMps,3.072574435639851
1099,paceSecPerKm,325.4599753225357
1099,cadenceSpm,172.2003128249944
1099,distanceM,3072.466719949122
1099,motionIntensityG,0.7779224360000001
1099,activeEnergyKcal,53.99250725105135
1099,heartRateBpm,169.2730781361901
1100,speedMps,2.9090185416802115
1100,paceSecPerKm,343.7585514399688
1100,cadenceSpm,167.56747897508598
1100,distanceM,3075.375738490802
1100,motionIntensityG,0.7714622180000001
1100,activeEnergyKcal,54.04501460391942
1100,heartRateBpm,168.0097306886978
1101,speedMps,2.8925885797701385
1101,paceSecPerKm,345.7111069972715
1101,cadenceSpm,168.0891214695858
1101,distanceM,3078.2683270705725
1101,motionIntensityG,0.76500236072
1101,activeEnergyKcal,54.097144548512155
1101,heartRateBpm,168.08656706060648
1102,speedMps,2.9129960186230184
1102,paceSecPerKm,343.28917499609315
1102,cadenceSpm,174.7969798755262
1102,distanceM,3081.1813230891953
1102,motionIntensityG,0.75854284472
1102,activeEnergyKcal,54.148897104768366
1102,heartRateBpm,167.48059909065802
1103,speedMps,2.8246398750945336
1103,paceSecPerKm,354.02743153816465
1103,cadenceSpm,160.98070462630318
1103,distanceM,3084.0059629642897
1103,motionIntensityG,0.7520836505600001
1103,activeEnergyKcal,54.20027229149112
1103,heartRateBpm,167.01874715458038
1104,speedMps,2.9905175318203057
1104,paceSecPerKm,334.3902817353849
1104,cadenceSpm,168.1285493113382
1104,distanceM,3086.99648049611
1104,motionIntensityG,0.7456247588
1104,activeEnergyKcal,54.25127012634771
1104,heartRateBpm,165.9832504120072
1105,speedMps,2.854582346144054
1105,paceSecPerKm,350.31394394727886
1105,cadenceSpm,160.25186553780486
1105,distanceM,3089.851062842254
1105,motionIntensityG,0.73916615
1105,activeEnergyKcal,54.3018906258697
1105,heartRateBpm,164.20603595711034
1106,speedMps,2.7521523340814844
1106,paceSecPerKm,363.35198005445596
1106,cadenceSpm,163.98299681711399
1106,distanceM,3092.6032151763357
1106,motionIntensityG,0.73270780472
1106,activeEnergyKcal,54.35213380545288
1106,heartRateBpm,165.3896072396483
1107,speedMps,2.7533604303818615
1107,paceSecPerKm,363.19255153285934
1107,cadenceSpm,161.310122909097
1107,distanceM,3095.3565756067173
1107,motionIntensityG,0.72624970352
1107,activeEnergyKcal,54.401999679357274
1107,heartRateBpm,165.64967355694046
1108,speedMps,2.851108136248467
1108,paceSecPerKm,350.7408180300786
1108,cadenceSpm,167.4288439996018
1108,distanceM,3098.207683742966
1108,motionIntensityG,0.7197918269600001
1108,activeEnergyKcal,54.45148826070718
1108,heartRateBpm,165.12299853129656
1109,speedMps,2.828645838668908
1109,paceSecPerKm,353.52605346683333
1109,cadenceSpm,164.24724397699117
1109,distanceM,3101.0363295816346
1109,motionIntensityG,0.7133341556000001
1109,activeEnergyKcal,54.50059956149112
1109,heartRateBpm,164.24891565771355
1110,speedMps,2.707771687372582
1110,paceSecPerKm,369.3073550711082
1110,cadenceSpm,170.1993422670365
1110,distanceM,3103.7441012690074
1110,motionIntensityG,0.7068766700000002
1110,activeEnergyKcal,54.549333592561865
1110,heartRateBpm,162.41097674561487
1111,speedMps,2.8523739865290882
1111,paceSecPerKm,350.5851633490916
1111,cadenceSpm,162.0550412169591
1111,distanceM,3106.5964752555365
1111,motionIntensityG,0.7004193507199998
1111,activeEnergyKcal,54.59769036363644
1111,heartRateBpm,161.29045828694754
1112,speedMps,2.6796949427442036
1112,paceSecPerKm,373.1768060792498
1112,cadenceSpm,164.0090739721681
1112,distanceM,3109.276170198281
1112,motionIntensityG,0.6939621783200001
1112,activeEnergyKcal,54.645669883296094
1112,heartRateBpm,162.6252409853046
1113,speedMps,2.667471229103194
1113,paceSecPerKm,374.8868925331205
1113,cadenceSpm,160.1864241278668
1113,distanceM,3111.943641427384
1113,motionIntensityG,0.6875051333600001
1113,activeEnergyKcal,54.69327215898634
1113,heartRateBpm,161.22623945648982
1114,speedMps,2.824572793865953
1114,paceSecPerKm,354.03583939195073
1114,cadenceSpm,167.2118411726078
1114,distanceM,3114.76821422125
1114,motionIntensityG,0.6810481964
1114,activeEnergyKcal,54.74049719701693
1114,heartRateBpm,160.5724812417402
1115,speedMps,2.7099635568286717
1115,paceSecPerKm,369.0086523415273
1115,cadenceSpm,170.7960363874476
1115,distanceM,3117.478177778079
1115,motionIntensityG,0.6745913480000001
1115,activeEnergyKcal,54.787345002561864
1115,heartRateBpm,160.37849325155184
1116,speedMps,2.6968792692670194
1116,paceSecPerKm,370.79894951018275
1116,cadenceSpm,169.09370369194164
1116,distanceM,3120.175057047346
1116,motionIntensityG,0.66813456872
1116,activeEnergyKcal,54.83381557965938
1116,heartRateBpm,161.186066552475
1117,speedMps,2.825595439976783
1117,paceSecPerKm,353.9077059128524
1117,cadenceSpm,155.9949080460091
1117,distanceM,3123.000652487323
1117,motionIntensityG,0.66167783912
1117,activeEnergyKcal,54.87990893121196
1117,heartRateBpm,161.91881113988433
1118,speedMps,2.578330704720601
1118,paceSecPerKm,387.8478420821367
1118,cadenceSpm,167.51008909106224
1118,distanceM,3125.5789831920433
1118,motionIntensityG,0.6552211397600001
1118,activeEnergyKcal,54.925625058986334
1118,heartRateBpm,159.64384321213416
1119,speedMps,2.741888130319354
1119,paceSecPerKm,364.71218097564315
1119,cadenceSpm,160.38261413371765
1119,distanceM,3128.3208713223626
1119,motionIntensityG,0.6487644512
1119,activeEnergyKcal,54.970963963613485
1119,heartRateBpm,157.80663309510734
1120,speedMps,2.6305904322811338
1120,paceSecPerKm,380.14279521759056
1120,cadenceSpm,171.57587477251525
1120,distanceM,3130.951461754644
1120,motionIntensityG,0.642307754
1120,activeEnergyKcal,55.01592564458863
1120,heartRateBpm,156.70248822060685
1121,speedMps,2.605969729517938
1121,paceSecPerKm,383.7343115205654
1121,cadenceSpm,166.75955058848123
1121,distanceM,3133.557431484162
1121,motionIntensityG,0.6358510287200001
1121,activeEnergyKcal,55.06051010027123
1121,heartRateBpm,156.43741655059435
1122,speedMps,2.641696153195671
1122,paceSecPerKm,378.5446705482369
1122,cadenceSpm,160.46571989832591
1122,distanceM,3136.199127637358
1122,motionIntensityG,0.6293942559200001
1122,activeEnergyKcal,55.104717327885
1122,heartRateBpm,155.41030986665896
1123,speedMps,2.563408922659104
1123,paceSecPerKm,390.105531411925
1123,cadenceSpm,163.62175616708492
1123,distanceM,3138.762536560017
1123,motionIntensityG,0.6229374161600001
1123,activeEnergyKcal,55.14854732351789
1123,heartRateBpm,156.11255768178782
1124,speedMps,2.5909674564232703
1124,paceSecPerKm,385.9562178293281
1124,cadenceSpm,160.7093140668223
1124,distanceM,3141.35350401644
1124,motionIntensityG,0.61648049
1124,activeEnergyKcal,55.19200008212209
1124,heartRateBpm,156.46279947062462
1125,speedMps,2.6110181128506165
1125,paceSecPerKm,382.9923641962926
1125,cadenceSpm,168.79739713518296
1125,distanceM,3143.964522129291
1125,motionIntensityG,0.6100234579999999
1125,activeEnergyKcal,55.23507559751406
1125,heartRateBpm,155.37908369452455
1126,speedMps,2.4846379021939984
1126,paceSecPerKm,402.4731326512304
1126,cadenceSpm,158.35976397720728
1126,distanceM,3146.449160031485
1126,motionIntensityG,0.6035663007200001
1126,activeEnergyKcal,55.27777386237448
1126,heartRateBpm,153.84686082544349
1127,speedMps,2.5083334257948517
1127,paceSecPerKm,398.6710816498072
1127,cadenceSpm,159.91820978571766
1127,distanceM,3148.9574934572797
1127,motionIntensityG,0.59710899872
1127,activeEnergyKcal,55.32009486824828
1127,heartRateBpm,152.11846801709987
1128,speedMps,2.5420280965141
1128,paceSecPerKm,393.38668261429
1128,cadenceSpm,160.90435836789825
1128,distanceM,3151.499521553794
1128,motionIntensityG,0.59065153256
1128,activeEnergyKcal,55.36203860554465
1128,heartRateBpm,150.60713987554786
1129,speedMps,2.558189006124053
1129,paceSecPerKm,390.90153135913664
1129,cadenceSpm,162.44065219491173
1129,distanceM,3154.0577105599177
1129,motionIntensityG,0.5841938828
1129,activeEnergyKcal,55.403605063537
1129,heartRateBpm,150.49352194741718
1130,speedMps,2.487502891796926
1130,paceSecPerKm,402.00958290248195
1130,cadenceSpm,162.39291848682896
1130,distanceM,3156.5452134517145
1130,motionIntensityG,0.5777360300000001
1130,activeEnergyKcal,55.444794230363
1130,heartRateBpm,150.97064607269323
1131,speedMps,2.5932245291628
1131,paceSecPerKm,385.62029193933364
1131,cadenceSpm,163.81418398883352
1131,distanceM,3159.1384379808774
1131,motionIntensityG,0.577753355
1131,activeEnergyKcal,55.4859844093783
1131,heartRateBpm,149.56119582700143
1132,speedMps,2.5004485730066985
1132,paceSecPerKm,399.9282411945535
1132,cadenceSpm,171.4884462543286
1132,distanceM,3161.6388865538843
1132,motionIntensityG,0.57777068
1132,activeEnergyKcal,55.527175600582886
1132,heartRateBpm,147.58618223545258
1133,speedMps,2.5114010679820185
1133,paceSecPerKm,398.18411035539145
1133,cadenceSpm,160.82019573780974
1133,distanceM,3164.1502876218665
1133,motionIntensityG,0.5777880049999999
1133,activeEnergyKcal,55.56836780397677
1133,heartRateBpm,145.21252069856146
1134,speedMps,2.529987211053595
1134,paceSecPerKm,395.2589149980554
1134,cadenceSpm,159.33206951703127
1134,distanceM,3166.68027483292
1134,motionIntensityG,0.57780533
1134,activeEnergyKcal,55.60956101955994
1134,heartRateBpm,146.21675316304552
1135,speedMps,2.513167366893726
1135,paceSecPerKm,397.90425945089345
1135,cadenceSpm,175.55362492980876
1135,distanceM,3169.193442199814
1135,motionIntensityG,0.5778226550000001
1135,activeEnergyKcal,55.650755247332405
1135,heartRateBpm,146.36807734986803
1136,speedMps,2.541381502177268
1136,paceSecPerKm,393.486770539281
1136,cadenceSpm,164.42297550836207
1136,distanceM,3171.734823701991
1136,motionIntensityG,0.57783998
1136,activeEnergyKcal,55.691950487294164
1136,heartRateBpm,146.91208657827187
1137,speedMps,2.5959533392793537
1137,paceSecPerKm,385.2149362120676
1137,cadenceSpm,170.0138047568463
1137,distanceM,3174.3307770412703
1137,motionIntensityG,0.577857305
1137,activeEnergyKcal,55.73314673944522
1137,heartRateBpm,145.6764297076726
1138,speedMps,2.4345184231144104
1138,paceSecPerKm,410.75885501853315
1138,cadenceSpm,161.10857161886412
1138,distanceM,3176.7652954643845
1138,motionIntensityG,0.5778746300000001
1138,activeEnergyKcal,55.774344003785565
1138,heartRateBpm,143.5981294415638
1139,speedMps,2.4072101761108606
1139,paceSecPerKm,415.41864932443127
1139,cadenceSpm,163.659461512963
1139,distanceM,3179.1725056404953
1139,motionIntensityG,0.577891955
1139,activeEnergyKcal,55.8155422803152
1139,heartRateBpm,143.73164664906656
1140,speedMps,2.582935846524442
1140,paceSecPerKm,387.15634433800756
1140,cadenceSpm,166.22401604427435
1140,distanceM,3181.7554414870197
1140,motionIntensityG,0.57790928
1140,activeEnergyKcal,55.85674156903413
1140,heartRateBpm,142.67610261805848
1141,speedMps,2.5281305951999853
1141,paceSecPerKm,395.5491863824764
1141,cadenceSpm,168.7242231166164
1141,distanceM,3184.2835720822195
1141,motionIntensityG,0.577926605
1141,activeEnergyKcal,55.89794186994235
1141,heartRateBpm,142.0606212530976
1142,speedMps,2.4937385256136566
1142,paceSecPerKm,401.0043513900163
1142,cadenceSpm,163.91946763236592
1142,distanceM,3186.777310607833
1142,motionIntensityG,0.57794393
1142,activeEnergyKcal,55.93914318303987
1142,heartRateBpm,141.18513706850663
1143,speedMps,2.515693365645429
1143,paceSecPerKm,397.50472520065614
1143,cadenceSpm,161.1248996583101
1143,distanceM,3189.2930039734783
1143,motionIntensityG,0.577961255
1143,activeEnergyKcal,55.98034550832667
1143,heartRateBpm,142.3984042844162
1144,speedMps,2.454830143967452
1144,paceSecPerKm,407.36015991062345
1144,cadenceSpm,164.17155840292966
1144,distanceM,3191.7478341174456
1144,motionIntensityG,0.5779785799999999
1144,activeEnergyKcal,56.02154884580277
1144,heartRateBpm,143.12081010142094
1145,speedMps,2.5225051056604157
1145,paceSecPerKm,396.43130860509814
1145,cadenceSpm,167.50495710016722
1145,distanceM,3194.270339223106
1145,motionIntensityG,0.5779959050000001
1145,activeEnergyKcal,56.06275319546816
1145,heartRateBpm,142.7864303609853
1146,speedMps,3.2356311772263555
1146,paceSecPerKm,309.058710720305
1146,cadenceSpm,176.80182569087623
1146,distanceM,3197.5059704003324
1146,motionIntensityG,0.9019865450000002
1146,activeEnergyKcal,56.12288625259053
1146,heartRateBpm,142.99244724846082
1147,speedMps,3.16905992528901
1147,paceSecPerKm,315.55099101157026
1147,cadenceSpm,174.8161724443934
1147,distanceM,3200.6750303256213
1147,motionIntensityG,0.901980695
1147,activeEnergyKcal,56.1830189679347
1147,heartRateBpm,143.0107583530854
1148,speedMps,3.2262543221107887
1148,paceSecPerKm,309.95696562004025
1148,cadenceSpm,174.52455345432338
1148,distanceM,3203.901284647732
1148,motionIntensityG,0.901974845
1148,activeEnergyKcal,56.24315134150066
1148,heartRateBpm,145.49440040476495
1149,speedMps,3.221338230906764
1149,paceSecPerKm,310.42999161206154
1149,cadenceSpm,172.14195801975225
1149,distanceM,3207.122622878639
1149,motionIntensityG,0.901968995
1149,activeEnergyKcal,56.30328337328842
1149,heartRateBpm,143.07794918152638
1150,speedMps,3.2256432222139186
1150,paceSecPerKm,310.0156871390291
1150,cadenceSpm,173.2154953544696
1150,distanceM,3210.348266100853
1150,motionIntensityG,0.9019631450000001
1150,activeEnergyKcal,56.363415063297985
1150,heartRateBpm,142.715981372237
1151,speedMps,3.1315891153867623
1151,paceSecPerKm,319.3266942609412
1151,cadenceSpm,177.1742532062123
1151,distanceM,3213.4798552162397
1151,motionIntensityG,0.9019572950000001
1151,activeEnergyKcal,56.423546411529344
1151,heartRateBpm,144.0563844790505
1152,speedMps,3.2427648248672756
1152,paceSecPerKm,308.3788230128373
1152,cadenceSpm,178.20578662793483
1152,distanceM,3216.722620041107
1152,motionIntensityG,0.9019514450000001
1152,activeEnergyKcal,56.4836774179825
1152,heartRateBpm,145.35907300467144
1153,speedMps,3.26057555495513
1153,paceSecPerKm,306.6943191916807
1153,cadenceSpm,176.71475557456705
1153,distanceM,3219.983195596062
1153,motionIntensityG,0.9019455950000002
1153,activeEnergyKcal,56.54380808265745
1153,heartRateBpm,147.75460104233585
1154,speedMps,3.0976189838924
1154,paceSecPerKm,322.82860003118327
1154,cadenceSpm,173.31364566580208
1154,distanceM,3223.0808145799547
1154,motionIntensityG,0.901939745
1154,activeEnergyKcal,56.603938405554196
1154,heartRateBpm,147.95012409129734
1155,speedMps,3.178859022984883
1155,paceSecPerKm,314.57827880049257
1155,cadenceSpm,172.0120531593797
1155,distanceM,3226.2596736029395
1155,motionIntensityG,0.9019338950000002
1155,activeEnergyKcal,56.664068386672746
1155,heartRateBpm,149.00265008994026
1156,speedMps,3.223578506553733
1156,paceSecPerKm,310.2142534971426
1156,cadenceSpm,177.42844320848127
1156,distanceM,3229.483252109493
1156,motionIntensityG,0.901928045
1156,activeEnergyKcal,56.72419802601309
1156,heartRateBpm,149.74855956253606
1157,speedMps,3.0214111816113767
1157,paceSecPerKm,330.9711720424232
1157,cadenceSpm,174.9074005270009
1157,distanceM,3232.5046632911044
1157,motionIntensityG,0.901922195
1157,activeEnergyKcal,56.78432732357523
1157,heartRateBpm,151.8671628664446
1158,speedMps,3.2580647230114343
1158,paceSecPerKm,306.93067357965145
1158,cadenceSpm,176.95300737236195
1158,distanceM,3235.762728014116
1158,motionIntensityG,0.9019163450000001
1158,activeEnergyKcal,56.84445627935917
1158,heartRateBpm,151.17157820753727
1159,speedMps,3.256853281278129
1159,paceSecPerKm,307.0448416416097
1159,cadenceSpm,171.9516616916619
1159,distanceM,3239.019581295394
1159,motionIntensityG,0.9019104950000001
1159,activeEnergyKcal,56.904584893364905
1159,heartRateBpm,153.41862067077673
1160,speedMps,2.9734364398656794
1160,paceSecPerKm,336.3112076628662
1160,cadenceSpm,173.54134719151594
1160,distanceM,3241.9930177352594
1160,motionIntensityG,0.9019046450000001
1160,activeEnergyKcal,56.964713165592435
1160,heartRateBpm,151.20900364197604
1161,speedMps,3.0674599572984023
1161,paceSecPerKm,326.0026255993014
1161,cadenceSpm,175.53578869250393
1161,distanceM,3245.060477692558
1161,motionIntensityG,0.9018987950000001
1161,activeEnergyKcal,57.02484109604177
1161,heartRateBpm,150.6176671609399
1162,speedMps,3.0593978649315066
1162,paceSecPerKm,326.86170421393945
1162,cadenceSpm,175.21024350226298
1162,distanceM,3248.1198755574896
1162,motionIntensityG,0.9018929450000002
1162,activeEnergyKcal,57.0849686847129
1162,heartRateBpm,152.59937284029587
1163,speedMps,3.2878565696941338
1163,paceSecPerKm,304.14952075997314
1163,cadenceSpm,175.97622945316792
1163,distanceM,3251.407732127184
1163,motionIntensityG,0.901887095
1163,activeEnergyKcal,57.14509593160582
1163,heartRateBpm,154.7100141073251
1164,speedMps,3.0136322985263533
1164,paceSecPerKm,331.82548530854064
1164,cadenceSpm,174.3884686472185
1164,distanceM,3254.42136442571
1164,motionIntensityG,0.901881245
1164,activeEnergyKcal,57.205222836720544
1164,heartRateBpm,153.10204795825274
1165,speedMps,3.151747031370151
1165,paceSecPerKm,317.2843473942363
1165,cadenceSpm,175.08185002777174
1165,distanceM,3257.5731114570804
1165,motionIntensityG,0.901875395
1165,activeEnergyKcal,57.26534940005706
1165,heartRateBpm,152.94803056720923
1166,speedMps,3.1942814601952407
1166,paceSecPerKm,313.05945091603735
1166,cadenceSpm,172.85370819684317
1166,distanceM,3260.7673929172756
1166,motionIntensityG,0.901869545
1166,activeEnergyKcal,57.32547562161538
1166,heartRateBpm,152.71827133325252
1167,speedMps,3.0922125832545797
1167,paceSecPerKm,323.3930310662832
1167,cadenceSpm,175.7386013353121
1167,distanceM,3263.85960550053
1167,motionIntensityG,0.9018636950000001
1167,activeEnergyKcal,57.3856015013955
1167,heartRateBpm,153.48472024261793
1168,speedMps,3.184481395643992
1168,paceSecPerKm,314.0228739812662
1168,cadenceSpm,176.70553195388607
1168,distanceM,3267.044086896174
1168,motionIntensityG,0.9018578450000001
1168,activeEnergyKcal,57.44572703939741
1168,heartRateBpm,154.5339795146036
1169,speedMps,3.2365645129279805
1169,paceSecPerKm,308.9695867348379
1169,cadenceSpm,175.7491415089592
1169,distanceM,3270.280651409102
1169,motionIntensityG,0.9018519949999999
1169,activeEnergyKcal,57.50585223562112
1169,heartRateBpm,154.88656231391857
1170,speedMps,3.0137689490841018
1170,paceSecPerKm,331.8104396502939
1170,cadenceSpm,177.46350521171584
1170,distanceM,3273.294420358186
1170,motionIntensityG,0.9018461450000002
1170,activeEnergyKcal,57.565977090066625
1170,heartRateBpm,156.2028721620084
1171,speedMps,3.1682450765415497
1171,paceSecPerKm,315.63214834743724
1171,cadenceSpm,177.8671220623479
1171,distanceM,3276.4626654347276
1171,motionIntensityG,0.901840295
1171,activeEnergyKcal,57.626101602733925
1171,heartRateBpm,155.76619977339936
1172,speedMps,3.1178141033257876
1172,paceSecPerKm,320.7375317640956
1172,cadenceSpm,176.0299322335673
1172,distanceM,3279.580479538053
1172,motionIntensityG,0.901834445
1172,activeEnergyKcal,57.68622577362303
1172,heartRateBpm,155.9375547017621
1173,speedMps,3.161124901025857
1173,paceSecPerKm,316.343083968456
1173,cadenceSpm,174.8493663572131
1173,distanceM,3282.741604439079
1173,motionIntensityG,0.901828595
1173,activeEnergyKcal,57.74634960273393
1173,heartRateBpm,157.10107062825415
1174,speedMps,3.2061149481816598
1174,paceSecPerKm,311.90397604650684
1174,cadenceSpm,174.8858298582531
1174,distanceM,3285.9477193872603
1174,motionIntensityG,0.901822745
1174,activeEnergyKcal,57.806473090066625
1174,heartRateBpm,157.08720561807044
1175,speedMps,3.2007056875945037
1175,paceSecPerKm,312.43110039009923
1175,cadenceSpm,174.52630402243375
1175,distanceM,3289.148425074855
1175,motionIntensityG,0.9018168950000001
1175,activeEnergyKcal,57.86659623562112
1175,heartRateBpm,156.74177238257698
1176,speedMps,3.230735144407246
1176,paceSecPerKm,309.5270752017877
1176,cadenceSpm,173.32801249019155
1176,distanceM,3292.3791602192623
1176,motionIntensityG,0.9018110450000001
1176,activeEnergyKcal,57.926719039397405
1176,heartRateBpm,159.3801479359252
1177,speedMps,3.216248322253672
1177,paceSecPerKm,310.9212659609832
1177,cadenceSpm,175.0710830311484
1177,distanceM,3295.595408541516
1177,motionIntensityG,0.9018051950000001
1177,activeEnergyKcal,57.986841501395496
1177,heartRateBpm,158.7807713836066
1178,speedMps,3.0647882816838785
1178,paceSecPerKm,326.28681268990385
1178,cadenceSpm,175.07040580779423
1178,distanceM,3298.6601968232
1178,motionIntensityG,0.9017993450000001
1178,activeEnergyKcal,58.04696362161538
1178,heartRateBpm,159.01369037025253
1179,speedMps,3.1165062998384974
1179,paceSecPerKm,320.87212531924666
1179,cadenceSpm,175.26801083884158
1179,distanceM,3301.7767031230383
1179,motionIntensityG,0.901793495
1179,activeEnergyKcal,58.107085400057066
1179,heartRateBpm,158.75649527250536
1180,speedMps,3.21108065858067
1180,paceSecPerKm,311.4216384841638
1180,cadenceSpm,172.7342663889376
1180,distanceM,3304.987783781619
1180,motionIntensityG,0.901787645
1180,activeEnergyKcal,58.167206836720545
1180,heartRateBpm,158.13013566594245
1181,speedMps,3.0860863984231757
1181,paceSecPerKm,324.03499801915666
1181,cadenceSpm,175.82878251314912
1181,distanceM,3308.073870180042
1181,motionIntensityG,0.901781795
1181,activeEnergyKcal,58.22732793160582
1181,heartRateBpm,159.06720995567014
1182,speedMps,3.185297885962611
1182,paceSecPerKm,313.9423802109471
1182,cadenceSpm,174.8200292169467
1182,distanceM,3311.2591680660043
1182,motionIntensityG,0.901775945
1182,activeEnergyKcal,58.28744868471289
1182,heartRateBpm,159.45338007931952
1183,speedMps,3.1340046744217402
1183,paceSecPerKm,319.0805706709775
1183,cadenceSpm,175.50989953825925
1183,distanceM,3314.393172740426
1183,motionIntensityG,0.901770095
1183,activeEnergyKcal,58.34756909604177
1183,heartRateBpm,158.31744062929965
1184,speedMps,3.1444573896533403
1184,paceSecPerKm,318.01989217295284
1184,cadenceSpm,178.6208325294051
1184,distanceM,3317.5376301300794
1184,motionIntensityG,0.9017642450000001
1184,activeEnergyKcal,58.40768916559244
1184,heartRateBpm,157.52296110202911
1185,speedMps,3.1192980422891075
1185,paceSecPerKm,320.58494778079836
1185,cadenceSpm,173.02332476455308
1185,distanceM,3320.6569281723687
1185,motionIntensityG,0.9017583950000001
1185,activeEnergyKcal,58.467808893364904
1185,heartRateBpm,156.77808965552916
1186,speedMps,3.010855379102085
1186,paceSecPerKm,332.13152878110867
1186,cadenceSpm,174.6506855156661
1186,distanceM,3323.6677835514706
1186,motionIntensityG,0.9017525450000001
1186,activeEnergyKcal,58.527928279359166
1186,heartRateBpm,157.7472267503841
1187,speedMps,3.249216423576645
1187,paceSecPerKm,307.7665103327369
1187,cadenceSpm,174.62275116080514
1187,distanceM,3326.9169999750475
1187,motionIntensityG,0.9017466949999999
1187,activeEnergyKcal,58.588047323575225
1187,heartRateBpm,157.4943623024408
1188,speedMps,3.201192585059994
1188,paceSecPerKm,312.38358000296904
1188,cadenceSpm,173.42486959726392
1188,distanceM,3330.1181925601077
1188,motionIntensityG,0.901740845
1188,activeEnergyKcal,58.64816602601309
1188,heartRateBpm,158.64416140378847
1189,speedMps,3.2340199330144976
1189,paceSecPerKm,309.2126890720426
1189,cadenceSpm,176.13650573864498
1189,distanceM,3333.3522124931224
1189,motionIntensityG,0.901734995
1189,activeEnergyKcal,58.708284386672744
1189,heartRateBpm,159.81955046813624
1190,speedMps,3.1991958633738524
1190,paceSecPerKm,312.57854870611334
1190,cadenceSpm,173.3940094510507
1190,distanceM,3336.5514083564963
1190,motionIntensityG,0.901729145
1190,activeEnergyKcal,58.7684024055542
1190,heartRateBpm,160.63506732310648
1191,speedMps,3.131469144010366
1191,paceSecPerKm,319.33892815540696
1191,cadenceSpm,173.35161823499686
1191,distanceM,3339.6828775005065
1191,motionIntensityG,0.901723295
1191,activeEnergyKcal,58.82852008265745
1191,heartRateBpm,161.97789602356556
1192,speedMps,3.1153855900085277
1192,paceSecPerKm,320.9875539025212
1192,cadenceSpm,175.12683707000446
1192,distanceM,3342.798263090515
1192,motionIntensityG,0.9017174450000001
1192,activeEnergyKcal,58.888637417982494
1192,heartRateBpm,162.5344689824061
1193,speedMps,3.171106185208279
1193,paceSecPerKm,315.34737142027296
1193,cadenceSpm,175.08147524057753
1193,distanceM,3345.9693692757232
1193,motionIntensityG,0.9017115950000001
1193,activeEnergyKcal,58.948754411529336
1193,heartRateBpm,165.31617583871795
1194,speedMps,3.102350275585333
1194,paceSecPerKm,322.33626482145894
1194,cadenceSpm,171.21208517404304
1194,distanceM,3349.0717195513084
1194,motionIntensityG,0.9017057450000001
1194,activeEnergyKcal,59.00887106329798
1194,heartRateBpm,165.30356913771004
1195,speedMps,3.301239459319834
1195,paceSecPerKm,302.91652948012245
1195,cadenceSpm,176.55359350879553
1195,distanceM,3352.372959010628
1195,motionIntensityG,0.9016998949999999
1195,activeEnergyKcal,59.06898737328842
1195,heartRateBpm,166.2232925137536
1196,speedMps,3.2155113280990344
1196,paceSecPerKm,310.99252901440906
1196,cadenceSpm,172.7916065866764
1196,distanceM,3355.5884703387273
1196,motionIntensityG,0.9016940450000002
1196,activeEnergyKcal,59.12910334150066
1196,heartRateBpm,166.57431170496338
1197,speedMps,3.105919729855992
1197,paceSecPerKm,321.965822357671
1197,cadenceSpm,173.6655841270319
1197,distanceM,3358.6943900685833
1197,motionIntensityG,0.901688195
1197,activeEnergyKcal,59.18921896793469
1197,heartRateBpm,167.12545862713716
1198,speedMps,3.0252249038420076
1198,paceSecPerKm,330.5539362478503
1198,cadenceSpm,174.8305851782968
1198,distanceM,3361.7196149724255
1198,motionIntensityG,0.901682345
1198,activeEnergyKcal,59.24933425259052
1198,heartRateBpm,168.11112109732056
1199,speedMps,3.3302427976502833
1199,paceSecPerKm,300.2784063388919
1199,cadenceSpm,174.88885657778303
1199,distanceM,3365.049857770076
1199,motionIntensityG,0.901676495
1199,activeEnergyKcal,59.309449195468154
1199,heartRateBpm,167.0612744898484
1200,speedMps,3.170648369748759
1200,paceSecPerKm,315.39290497837186
1200,cadenceSpm,176.23815063959825
1200,distanceM,3368.220506139825
1200,motionIntensityG,0.901670645
1200,activeEnergyKcal,59.36956379656758
1200,heartRateBpm,167.35794328597098
1201,speedMps,3.2058817140357116
1201,paceSecPerKm,311.9266676689559
1201,cadenceSpm,173.79877219977809
1201,distanceM,3371.4263878538604
1201,motionIntensityG,0.9016647950000001
1201,activeEnergyKcal,59.42967805588881
1201,heartRateBpm,165.25180047263578
1202,speedMps,3.300679662157536
1202,paceSecPerKm,302.9679042971216
1202,cadenceSpm,174.21654615535658
1202,distanceM,3374.727067516018
1202,motionIntensityG,0.9016589450000001
1202,activeEnergyKcal,59.48979197343183
1202,heartRateBpm,164.73665853953887
1203,speedMps,3.192859332954479
1203,paceSecPerKm,313.1988903108551
1203,cadenceSpm,174.5827611253846
1203,distanceM,3377.9199268489724
1203,motionIntensityG,0.9016530950000001
1203,activeEnergyKcal,59.549905549196644
1203,heartRateBpm,165.4622757773987
1204,speedMps,3.2764446562299794
1204,paceSecPerKm,305.2088788066525
1204,cadenceSpm,175.8767714561813
1204,distanceM,3381.1963715052025
1204,motionIntensityG,0.9016472450000002
1204,activeEnergyKcal,59.61001878318326
1204,heartRateBpm,166.94338917712292
1205,speedMps,3.1290468356171397
1205,paceSecPerKm,319.5861399763199
1205,cadenceSpm,176.13343927912794
1205,distanceM,3384.3254183408194
1205,motionIntensityG,0.901641395
1205,activeEnergyKcal,59.67013167539167
1205,heartRateBpm,168.39439756904977
1206,speedMps,3.05294224979952
1206,paceSecPerKm,327.55287135407417
1206,cadenceSpm,176.22312247819232
1206,distanceM,3387.3783605906187
1206,motionIntensityG,0.901635545
1206,activeEnergyKcal,59.730244225821885
1206,heartRateBpm,169.56606355181498
1207,speedMps,3.103381302633597
1207,paceSecPerKm,322.2291760124282
1207,cadenceSpm,175.4457651015442
1207,distanceM,3390.4817418932525
1207,motionIntensityG,0.901629695
1207,activeEnergyKcal,59.79035643447389
1207,heartRateBpm,170.21243812824477
1208,speedMps,3.0126273989349626
1208,paceSecPerKm,331.9361698541029
1208,cadenceSpm,174.7039173082881
1208,distanceM,3393.4943692921875
1208,motionIntensityG,0.901623845
1208,activeEnergyKcal,59.850468301347696
1208,heartRateBpm,170.30397968171127
1209,speedMps,3.1854947994332425
1209,paceSecPerKm,313.92297365480493
1209,cadenceSpm,175.60702190815138
1209,distanceM,3396.679864091621
1209,motionIntensityG,0.9016179950000001
1209,activeEnergyKcal,59.910579826443296
1209,heartRateBpm,171.12669334155308
1210,speedMps,3.367385768675392
1210,paceSecPerKm,296.96627256144876
1210,cadenceSpm,174.49926585190892
1210,distanceM,3400.0472498602962
1210,motionIntensityG,0.9016121450000001
1210,activeEnergyKcal,59.9706910097607
1210,heartRateBpm,170.87881837875736
1211,speedMps,3.1636462093165267
1211,paceSecPerKm,316.09097030354724
1211,cadenceSpm,173.6305296383078
1211,distanceM,3403.2108960696128
1211,motionIntensityG,0.9016062949999999
1211,activeEnergyKcal,60.0308018512999
1211,heartRateBpm,171.98707121418292
1212,speedMps,3.1715963785981005
1212,paceSecPerKm,315.2986321803082
1212,cadenceSpm,176.60782326129305
1212,distanceM,3406.382492448211
1212,motionIntensityG,0.9016004450000001
1212,activeEnergyKcal,60.090912351060894
1212,heartRateBpm,170.7784955922737
1213,speedMps,3.165174856542974
1213,paceSecPerKm,315.9383115699987
1213,cadenceSpm,176.72909823626014
1213,distanceM,3409.5476673047538
1213,motionIntensityG,0.9015945950000002
1213,activeEnergyKcal,60.151022509043685
1213,heartRateBpm,171.66529322057212
1214,speedMps,3.128861869033836
1214,paceSecPerKm,319.60503271075714
1214,cadenceSpm,178.0138552962875
1214,distanceM,3412.6765291737875
1214,motionIntensityG,0.901588745
1214,activeEnergyKcal,60.21113232524827
1214,heartRateBpm,171.27804138803714
1215,speedMps,3.178383726593752
1215,paceSecPerKm,314.6253209242585
1215,cadenceSpm,177.90742871359797
1215,distanceM,3415.8549129003814
1215,motionIntensityG,0.901582895
1215,activeEnergyKcal,60.271241799674655
1215,heartRateBpm,171.26303278239973
1216,speedMps,3.219622126992648
1216,paceSecPerKm,310.5954551673025
1216,cadenceSpm,177.8110926339273
1216,distanceM,3419.074535027374
1216,motionIntensityG,0.901577045
1216,activeEnergyKcal,60.33135093232284
1216,heartRateBpm,171.67164884036254
1217,speedMps,3.213078161362432
1217,paceSecPerKm,311.22803423368106
1217,cadenceSpm,177.2578050777271
1217,distanceM,3422.2876131887365
1217,motionIntensityG,0.901571195
1217,activeEnergyKcal,60.391459723192824
1217,heartRateBpm,171.5839312790893
1218,speedMps,3.194906135369929
1218,paceSecPerKm,312.9982408338306
1218,cadenceSpm,177.46193889422779
1218,distanceM,3425.4825193241063
1218,motionIntensityG,0.9015653450000001
1218,activeEnergyKcal,60.4515681722846
1218,heartRateBpm,172.58819283579155
1219,speedMps,3.291828803767613
1219,paceSecPerKm,303.78250498794625
1219,cadenceSpm,174.4130554008945
1219,distanceM,3428.774348127874
1219,motionIntensityG,0.9015594950000001
1219,activeEnergyKcal,60.51167627959818
1219,heartRateBpm,171.940267304644
1220,speedMps,3.172475144238672
1220,paceSecPerKm,315.21129545050513
1220,cadenceSpm,176.84502241967573
1220,distanceM,3431.946823272113
1220,motionIntensityG,0.9015536450000001
1220,activeEnergyKcal,60.57178404513355
1220,heartRateBpm,171.59190605837236
1221,speedMps,3.1205669528405644
1221,paceSecPerKm,320.454588897613
1221,cadenceSpm,174.37294776734592
1221,distanceM,3435.067390224953
1221,motionIntensityG,0.9015477949999999
1221,activeEnergyKcal,60.63189146889072
1221,heartRateBpm,171.7072875689119
1222,speedMps,3.1433790245667965
1222,paceSecPerKm,318.1289918220456
1222,cadenceSpm,172.89529010103382
1222,distanceM,3438.21076924952
1222,motionIntensityG,0.9015419450000002
1222,activeEnergyKcal,60.69199855086969
1222,heartRateBpm,173.05707523565374
1223,speedMps,3.1298872460245346
1223,paceSecPerKm,319.5003274543396
1223,cadenceSpm,175.2934767402446
1223,distanceM,3441.340656495545
1223,motionIntensityG,0.901536095
1223,activeEnergyKcal,60.75210529107046
1223,heartRateBpm,171.53247950393668
1224,speedMps,3.2078563221980683
1224,paceSecPerKm,311.7346600220505
1224,cadenceSpm,174.17537386033487
1224,distanceM,3444.548512817743
1224,motionIntensityG,0.901530245
1224,activeEnergyKcal,60.81221168949302
1224,heartRateBpm,173.86790895584534
1225,speedMps,3.2541397562253596
1225,paceSecPerKm,307.30087670234246
1225,cadenceSpm,176.32640503368233
1225,distanceM,3447.8026525739683
1225,motionIntensityG,0.901524395
1225,activeEnergyKcal,60.87231774613738
1225,heartRateBpm,171.64102457058783
1226,speedMps,3.140135256527688
1226,paceSecPerKm,318.4576199134124
1226,cadenceSpm,175.32354360625914
1226,distanceM,3450.942787830496
1226,motionIntensityG,0.9015185450000001
1226,activeEnergyKcal,60.93242346100353
1226,heartRateBpm,172.3813713894535
1227,speedMps,3.124083324676763
1227,paceSecPerKm,320.093895095921
1227,cadenceSpm,173.6687746624116
1227,distanceM,3454.0668711551725
1227,motionIntensityG,0.9015126950000001
1227,activeEnergyKcal,60.99252883409149
1227,heartRateBpm,172.07871066018183
1228,speedMps,3.1876818397071003
1228,paceSecPerKm,313.7075938832982
1228,cadenceSpm,173.62020953342375
1228,distanceM,3457.2545529948798
1228,motionIntensityG,0.9015068449999999
1228,activeEnergyKcal,61.05263386540124
1228,heartRateBpm,173.3923929224243
1229,speedMps,3.108631193194957
1229,paceSecPerKm,321.68499183469567
1229,cadenceSpm,176.41528318904273
1229,distanceM,3460.3631841880747
1229,motionIntensityG,0.9015009950000001
1229,activeEnergyKcal,61.11273855493279
1229,heartRateBpm,173.29806499924445
1230,speedMps,3.0420956350370387
1230,paceSecPerKm,328.720763569231
1230,cadenceSpm,174.36508599510074
1230,distanceM,3463.405279823112
1230,motionIntensityG,0.9014951449999999
1230,activeEnergyKcal,61.172842902686135
1230,heartRateBpm,172.09182681417974
1231,speedMps,3.2540811462397987
1231,paceSecPerKm,307.3064115673741
1231,cadenceSpm,174.5750676868623
1231,distanceM,3466.659360969352
1231,motionIntensityG,0.901489295
1231,activeEnergyKcal,61.232946908661276
1231,heartRateBpm,173.70472914780956
1232,speedMps,2.987646365061096
1232,paceSecPerKm,334.7116351166784
1232,cadenceSpm,174.4562963790245
1232,distanceM,3469.647007334413
1232,motionIntensityG,0.901483445
1232,activeEnergyKcal,61.29305057285821
1232,heartRateBpm,173.97772744487688
1233,speedMps,3.2476154586605825
1233,paceSecPerKm,307.9182288448741
1233,cadenceSpm,175.51718217644347
1233,distanceM,3472.8946227930737
1233,motionIntensityG,0.901477595
1233,activeEnergyKcal,61.353153895276954
1233,heartRateBpm,173.89918980123892
1234,speedMps,3.1412747084239894
1234,paceSecPerKm,318.3421040249328
1234,cadenceSpm,174.3997012390503
1234,distanceM,3476.035897501498
1234,motionIntensityG,0.901471745
1234,activeEnergyKcal,61.41325687591749
1234,heartRateBpm,175.071886113314
1235,speedMps,3.2107999013506467
1235,paceSecPerKm,311.44886966619833
1235,cadenceSpm,175.20111586218914
1235,distanceM,3479.2466974028484
1235,motionIntensityG,0.9014658950000001
1235,activeEnergyKcal,61.47335951477982
1235,heartRateBpm,173.35495849139852
1236,speedMps,3.061114418859962
1236,paceSecPerKm,326.6784128808964
1236,cadenceSpm,174.37707334145543
1236,distanceM,3482.3078118217086
1236,motionIntensityG,0.9014600450000001
1236,activeEnergyKcal,61.53346181186395
1236,heartRateBpm,173.7470990298195
1237,speedMps,3.210468580341959
1237,paceSecPerKm,311.4810112527207
1237,cadenceSpm,175.1228445086689
1237,distanceM,3485.5182804020506
1237,motionIntensityG,0.9014541950000001
1237,activeEnergyKcal,61.593563767169876
1237,heartRateBpm,174.47051247539946
1238,speedMps,3.1277329557157025
1238,paceSecPerKm,319.720389866588
1238,cadenceSpm,172.0602590283169
1238,distanceM,3488.646013357766
1238,motionIntensityG,0.9014483449999999
1238,activeEnergyKcal,61.6536653806976
1238,heartRateBpm,173.05123005019672
1239,speedMps,3.059632299703452
1239,paceSecPerKm,326.83665945640684
1239,cadenceSpm,172.68170148811143
1239,distanceM,3491.7056456574696
1239,motionIntensityG,0.9014424950000002
1239,activeEnergyKcal,61.71376665244713
1239,heartRateBpm,170.80294822221452
1240,speedMps,3.040851693928807
1240,paceSecPerKm,328.8552355238316
1240,cadenceSpm,172.46401173245897
1240,distanceM,3494.7464973513984
1240,motionIntensityG,0.901436645
1240,activeEnergyKcal,61.77386758241845
1240,heartRateBpm,170.24331830624925
1241,speedMps,3.17707986353805
1241,paceSecPerKm,314.7544421141441
1241,cadenceSpm,174.09002008343347
1241,distanceM,3497.9235772149364
1241,motionIntensityG,0.901430795
1241,activeEnergyKcal,61.83396817061156
1241,heartRateBpm,168.36061651791667
1242,speedMps,3.038890319529338
1242,paceSecPerKm,329.06748676433955
1242,cadenceSpm,172.516213977071
1242,distanceM,3500.9624675344658
1242,motionIntensityG,0.901424945
1242,activeEnergyKcal,61.894068417026475
1242,heartRateBpm,168.24136474081445
1243,speedMps,3.0073753224618605
1243,paceSecPerKm,332.5158627628135
1243,cadenceSpm,174.86246758665087
1243,distanceM,3503.9698428569277
1243,motionIntensityG,0.9014190950000001
1243,activeEnergyKcal,61.95416832166318
1243,heartRateBpm,168.03206929790932
1244,speedMps,3.1539911571806796
1244,paceSecPerKm,317.0585934343233
1244,cadenceSpm,177.96494816197617
1244,distanceM,3507.1238340141085
1244,motionIntensityG,0.9014132450000001
1244,activeEnergyKcal,62.01426788452169
1244,heartRateBpm,165.8882365549306
1245,speedMps,3.133908811003854
1245,paceSecPerKm,319.09033105519103
1245,cadenceSpm,175.15282777488966
1245,distanceM,3510.2577428251125
1245,motionIntensityG,0.9014073950000001
1245,activeEnergyKcal,62.074367105602
1245,heartRateBpm,165.5833742995846
1246,speedMps,3.1809652449696064
1246,paceSecPerKm,314.3699861485141
1246,cadenceSpm,174.06169710767514
1246,distanceM,3513.438708070082
1246,motionIntensityG,0.9014015450000001
1246,activeEnergyKcal,62.134465984904104
1246,heartRateBpm,166.89058916328062
1247,speedMps,3.291862442596187
1247,paceSecPerKm,303.77940070039256
1247,cadenceSpm,171.5594754326054
1247,distanceM,3516.7305705126782
1247,motionIntensityG,0.9013956949999999
1247,activeEnergyKcal,62.194564522428
1247,heartRateBpm,166.05891664785165
1248,speedMps,3.16903841084947
1248,paceSecPerKm,315.5531332710944
1248,cadenceSpm,176.2878581439076
1248,distanceM,3519.899608923528
1248,motionIntensityG,0.901389845
1248,activeEnergyKcal,62.2546627181737
1248,heartRateBpm,166.1825751302916
1249,speedMps,3.1952462177815697
1249,paceSecPerKm,312.9649272206293
1249,cadenceSpm,174.40405246723472
1249,distanceM,3523.0948551413094
1249,motionIntensityG,0.901383995
1249,activeEnergyKcal,62.314760572141196
1249,heartRateBpm,165.1181738304454
1250,speedMps,3.245628192027398
1250,paceSecPerKm,308.10676418710335
1250,cadenceSpm,176.8022579015519
1250,distanceM,3526.3404833333366
1250,motionIntensityG,0.901378145
1250,activeEnergyKcal,62.37485808433049
1250,heartRateBpm,166.0180663630604
1251,speedMps,3.2466609928765506
1251,paceSecPerKm,308.00875182043484
1251,cadenceSpm,174.4772240013059
1251,distanceM,3529.587144326213
1251,motionIntensityG,0.901372295
1251,activeEnergyKcal,62.43495525474158
1251,heartRateBpm,166.69906140290018
1252,speedMps,3.3016892949307155
1252,paceSecPerKm,302.875258897123
1252,cadenceSpm,174.73291336039293
1252,distanceM,3532.888833621144
1252,motionIntensityG,0.9013664450000001
1252,activeEnergyKcal,62.49505208337447
1252,heartRateBpm,165.85457050611737
1253,speedMps,3.332374429570342
1253,paceSecPerKm,300.0863261722166
1253,cadenceSpm,174.88159361179586
1253,distanceM,3536.2212080507143
1253,motionIntensityG,0.9013605950000001
1253,activeEnergyKcal,62.55514857022915
1253,heartRateBpm,167.5862291709455
1254,speedMps,3.2831853358685446
1254,paceSecPerKm,304.5822570767108
1254,cadenceSpm,175.5229737728606
1254,distanceM,3539.5043933865827
1254,motionIntensityG,0.9013547449999999
1254,activeEnergyKcal,62.61524471530563
1254,heartRateBpm,167.6453243788425
1255,speedMps,3.0495452068222377
1255,paceSecPerKm,327.91774910005176
1255,cadenceSpm,176.8706237861364
1255,distanceM,3542.553938593405
1255,motionIntensityG,0.9013488950000001
1255,activeEnergyKcal,62.67534051860391
1255,heartRateBpm,168.6291585839891
1256,speedMps,3.1827407259971023
1256,paceSecPerKm,314.1946159270375
1256,cadenceSpm,175.56239958405283
1256,distanceM,3545.736679319402
1256,motionIntensityG,0.9013430450000002
1256,activeEnergyKcal,62.73543598012399
1256,heartRateBpm,169.82460103517684
1257,speedMps,3.13501383720801
1257,paceSecPerKm,318.9778584488109
1257,cadenceSpm,176.70205154084272
1257,distanceM,3548.87169315661
1257,motionIntensityG,0.901337195
1257,activeEnergyKcal,62.79553109986586
1257,heartRateBpm,169.30884389153337
1258,speedMps,3.1954065399926157
1258,paceSecPerKm,312.9492249215685
1258,cadenceSpm,170.01961415328927
1258,distanceM,3552.067099696603
1258,motionIntensityG,0.901331345
1258,activeEnergyKcal,62.85562587782953
1258,heartRateBpm,170.5403181283456
1259,speedMps,3.2058035921830776
1259,paceSecPerKm,311.93426897342243
1259,cadenceSpm,173.10911249157328
1259,distanceM,3555.272903288786
1259,motionIntensityG,0.901325495
1259,activeEnergyKcal,62.915720314015
1259,heartRateBpm,172.84994623243486
1260,speedMps,3.196045843817362
1260,paceSecPerKm,312.88662580809495
1260,cadenceSpm,173.52651410675713
1260,distanceM,3558.4689491326035
1260,motionIntensityG,0.9013196450000001
1260,activeEnergyKcal,62.975814408422266
1260,heartRateBpm,174.10358487101647
1261,speedMps,3.092669157191379
1261,paceSecPerKm,323.3452882196279
1261,cadenceSpm,178.62480280188717
1261,distanceM,3561.5616182897948
1261,motionIntensityG,0.9013137950000001
1261,activeEnergyKcal,63.03590816105133
1261,heartRateBpm,173.7917706223694
1262,speedMps,3.2263651159416544
1262,paceSecPerKm,309.9463216543419
1262,cadenceSpm,175.63833713736645
1262,distanceM,3564.787983405736
1262,motionIntensityG,0.9013079450000001
1262,activeEnergyKcal,63.09600157190219
1262,heartRateBpm,175.22762438787643
1263,speedMps,3.086135240912904
1263,paceSecPerKm,324.02986970337435
1263,cadenceSpm,174.89602227916177
1263,distanceM,3567.874118646649
1263,motionIntensityG,0.9013020950000001
1263,activeEnergyKcal,63.15609464097485
1263,heartRateBpm,175.9464495383103
1264,speedMps,3.0350709330639294
1264,paceSecPerKm,329.4815910580685
1264,cadenceSpm,175.45169315478216
1264,distanceM,3570.909189579713
1264,motionIntensityG,0.9012962449999999
1264,activeEnergyKcal,63.2161873682693
1264,heartRateBpm,175.3731416065962
1265,speedMps,3.2178068014729306
1265,paceSecPerKm,310.77067757525293
1265,cadenceSpm,172.71453358328657
1265,distanceM,3574.1269963811856
1265,motionIntensityG,0.9012903950000002
1265,activeEnergyKcal,63.27627975378555
1265,heartRateBpm,175.4964505231609
1266,speedMps,3.01610800158169
1266,paceSecPerKm,331.5531139719088
1266,cadenceSpm,176.74561668198731
1266,distanceM,3577.1431043827674
1266,motionIntensityG,0.901284545
1266,activeEnergyKcal,63.336371797523604
1266,heartRateBpm,173.6553036692473
1267,speedMps,3.140587840249655
1267,paceSecPerKm,318.4117276339282
1267,cadenceSpm,173.07185385582733
1267,distanceM,3580.283692223017
1267,motionIntensityG,0.901278695
1267,activeEnergyKcal,63.39646349948345
1267,heartRateBpm,173.73388613325542
1268,speedMps,3.1230944270254373
1268,paceSecPerKm,320.1952497326316
1268,cadenceSpm,173.99157428748381
1268,distanceM,3583.4067866500427
1268,motionIntensityG,0.901272845
1268,activeEnergyKcal,63.4565548596651
1268,heartRateBpm,173.00285517926838
1269,speedMps,3.057794220083573
1269,paceSecPerKm,327.0331251959358
1269,cadenceSpm,174.85018427417623
1269,distanceM,3586.464580870126
1269,motionIntensityG,0.9012669950000001
1269,activeEnergyKcal,63.51664587806854
1269,heartRateBpm,170.4157747339726
1270,speedMps,3.1756779977678615
1270,paceSecPerKm,314.89338676745115
1270,cadenceSpm,175.9346574574901
1270,distanceM,3589.640258867894
1270,motionIntensityG,0.9012611450000001
1270,activeEnergyKcal,63.576736554693774
1270,heartRateBpm,167.83038545336157
1271,speedMps,3.288907192599045
1271,paceSecPerKm,304.05236190619115
1271,cadenceSpm,173.71949354380928
1271,distanceM,3592.929166060493
1271,motionIntensityG,0.9012552950000001
1271,activeEnergyKcal,63.636826889540814
1271,heartRateBpm,166.724157656069
1272,speedMps,3.147372588411861
1272,paceSecPerKm,317.72533181544674
1272,cadenceSpm,177.39454007184747
1272,distanceM,3596.076538648905
1272,motionIntensityG,0.9012494450000001
1272,activeEnergyKcal,63.69691688260965
1272,heartRateBpm,167.28587956197796
1273,speedMps,3.3302472507001153
1273,paceSecPerKm,300.2780048207444
1273,cadenceSpm,177.1109490186369
1273,distanceM,3599.4067858996054
1273,motionIntensityG,0.901243595
1273,activeEnergyKcal,63.75700653390028
1273,heartRateBpm,168.62886462751862
1274,speedMps,3.241462703877746
1274,paceSecPerKm,308.5027012045225
1274,cadenceSpm,178.49510868859386
1274,distanceM,3602.6482486034834
1274,motionIntensityG,0.901237745
1274,activeEnergyKcal,63.81709584341271
1274,heartRateBpm,167.85813486618085
1275,speedMps,3.123581161149471
1275,paceSecPerKm,320.14535509363947
1275,cadenceSpm,172.7444918662705
1275,distanceM,3605.771829764633
1275,motionIntensityG,0.9012318950000002
1275,activeEnergyKcal,63.87718481114693
1275,heartRateBpm,170.41331317693698
1276,speedMps,3.198929983846122
1276,paceSecPerKm,312.6045287173447
1276,cadenceSpm,173.98445710329835
1276,distanceM,3608.970759748479
1276,motionIntensityG,0.901226045
1276,activeEnergyKcal,63.93727343710295
1276,heartRateBpm,155.793353117994
1277,speedMps,3.142387657834434
1277,paceSecPerKm,318.22935579155967
1277,cadenceSpm,174.95174763985952
1277,distanceM,3612.1131474063136
1277,motionIntensityG,0.9012201950000001
1277,activeEnergyKcal,63.997361721280775
1277,heartRateBpm,141.73745170071572
1278,speedMps,3.2176319324877882
1278,paceSecPerKm,310.7875670623477
1278,cadenceSpm,175.02116496709834
1278,distanceM,3615.330779338801
1278,motionIntensityG,0.9012143450000001
1278,activeEnergyKcal,64.05744966368039
1278,heartRateBpm,127.00517347782713
1279,speedMps,3.1379093782096654
1279,paceSecPerKm,318.6835180595783
1279,cadenceSpm,174.26562348613578
1279,distanceM,3618.468688717011
1279,motionIntensityG,0.9012084950000001
1279,activeEnergyKcal,64.1175372643018
1279,heartRateBpm,129.05557822982442
1280,speedMps,3.1629162842645324
1280,paceSecPerKm,316.1639165016751
1280,cadenceSpm,173.92001735524408
1280,distanceM,3621.6316050012756
1280,motionIntensityG,0.9012026450000001
1280,activeEnergyKcal,64.17762452314501
1280,heartRateBpm,129.86303048754127
1281,speedMps,3.134978987451471
1281,paceSecPerKm,318.98140434202185
1281,cadenceSpm,176.6114108421903
1281,distanceM,3624.7665839887272
1281,motionIntensityG,0.9011967950000002
1281,activeEnergyKcal,64.23771144021002
1281,heartRateBpm,131.01539686036674
1282,speedMps,3.2612204424742264
1282,paceSecPerKm,306.63367216026614
1282,cadenceSpm,175.476657272246
1282,distanceM,3628.0278044312013
1282,motionIntensityG,0.9011909450000002
1282,activeEnergyKcal,64.29779801549682
1282,heartRateBpm,129.47487058781388
1283,speedMps,3.2952502776042913
1283,paceSecPerKm,303.46708618655174
1283,cadenceSpm,176.6413335194324
1283,distanceM,3631.3230547088056
1283,motionIntensityG,0.901185095
1283,activeEnergyKcal,64.35788424900542
1283,heartRateBpm,132.1015726177984
1284,speedMps,3.2261971838272867
1284,paceSecPerKm,309.9624551818884
1284,cadenceSpm,177.42532892842155
1284,distanceM,3634.549251892633
1284,motionIntensityG,0.901179245
1284,activeEnergyKcal,64.41797014073582
1284,heartRateBpm,132.98709648816663
1285,speedMps,3.1083727617413834
1285,paceSecPerKm,321.71173686381695
1285,cadenceSpm,173.96476643130768
1285,distanceM,3637.6576246543746
1285,motionIntensityG,0.901173395
1285,activeEnergyKcal,64.47805569068802
1285,heartRateBpm,134.9033718517562
1286,speedMps,3.205316702369841
1286,paceSecPerKm,311.9816520035768
1286,cadenceSpm,178.5411421166131
1286,distanceM,3640.8629413567446
1286,motionIntensityG,0.9011675450000001
1286,activeEnergyKcal,64.53814089886203
1286,heartRateBpm,135.09750689086837
1287,speedMps,3.29638855063052
1287,paceSecPerKm,303.3622962343817
1287,cadenceSpm,172.5483640418867
1287,distanceM,3644.159329907375
1287,motionIntensityG,0.9011616950000001
1287,activeEnergyKcal,64.59822576525782
1287,heartRateBpm,135.8953170516628
1288,speedMps,3.214842113315734
1288,paceSecPerKm,311.0572665009097
1288,cadenceSpm,174.80242311333623
1288,distanceM,3647.374172020691
1288,motionIntensityG,0.9011558450000001
1288,activeEnergyKcal,64.65831028987542
1288,heartRateBpm,135.64222870083947
1289,speedMps,3.2050856313982865
1289,paceSecPerKm,312.00414435221467
1289,cadenceSpm,175.16191952294102
1289,distanceM,3650.579257652089
1289,motionIntensityG,0.9011499950000001
1289,activeEnergyKcal,64.7183944727148
1289,heartRateBpm,140.3084609880892
1290,speedMps,3.153706258518475
1290,paceSecPerKm,317.08723578770224
1290,cadenceSpm,175.9102642758089
1290,distanceM,3653.7329639106074
1290,motionIntensityG,0.901144145
1290,activeEnergyKcal,64.77847831377599
1290,heartRateBpm,140.72654199013655
1291,speedMps,3.147364796462836
1291,paceSecPerKm,317.72611840986764
1291,cadenceSpm,174.83392583412987
1291,distanceM,3656.88032870707
1291,motionIntensityG,0.901138295
1291,activeEnergyKcal,64.83856181305897
1291,heartRateBpm,141.3341586039318
1292,speedMps,3.194583742759702
1292,paceSecPerKm,313.0298281478547
1292,cadenceSpm,176.38855478085054
1292,distanceM,3660.0749124498298
1292,motionIntensityG,0.901132445
1292,activeEnergyKcal,64.89864497056375
1292,heartRateBpm,141.89712454366585
1293,speedMps,3.145254793104514
1293,paceSecPerKm,317.9392659037817
1293,cadenceSpm,174.04987350038226
1293,distanceM,3663.220167242934
1293,motionIntensityG,0.901126595
1293,activeEnergyKcal,64.95872778629032
1293,heartRateBpm,141.6628235850151
1294,speedMps,3.3688806339347233
1294,paceSecPerKm,296.8345004352494
1294,cadenceSpm,176.11310561235044
1294,distanceM,3666.589047876869
1294,motionIntensityG,0.9011207450000001
1294,activeEnergyKcal,65.0188102602387
1294,heartRateBpm,142.953609709288
1295,speedMps,3.0618359068658068
1295,paceSecPerKm,326.6014347005395
1295,cadenceSpm,174.67570662607852
1295,distanceM,3669.6508837837346
1295,motionIntensityG,0.9011148950000001
1295,activeEnergyKcal,65.07889239240886
1295,heartRateBpm,143.19263808501395
1296,speedMps,3.087707427786758
1296,paceSecPerKm,323.8648814330156
1296,cadenceSpm,175.68158743664594
1296,distanceM,3672.7385912115215
1296,motionIntensityG,0.9011090450000001
1296,activeEnergyKcal,65.13897418280084
1296,heartRateBpm,145.44167316275258
1297,speedMps,3.10153627772042
1297,paceSecPerKm,322.420861939743
1297,cadenceSpm,175.84085247347912
1297,distanceM,3675.8401274892417
1297,motionIntensityG,0.9011031949999999
1297,activeEnergyKcal,65.19905563141461
1297,heartRateBpm,145.43108352555865
1298,speedMps,3.170679717774078
1298,paceSecPerKm,315.38978673696914
1298,cadenceSpm,175.95394940252245
1298,distanceM,3679.0108072070157
1298,motionIntensityG,0.9010973450000002
1298,activeEnergyKcal,65.25913673825018
1298,heartRateBpm,144.23395738517345
1299,speedMps,3.1440213597621782
1299,paceSecPerKm,318.0639968920703
1299,cadenceSpm,176.9887352171674
1299,distanceM,3682.1548285667777
1299,motionIntensityG,0.901091495
1299,activeEnergyKcal,65.31921750330754
1299,heartRateBpm,143.6516617997948
1300,speedMps,3.1158200924869477
1300,paceSecPerKm,320.94279204735216
1300,cadenceSpm,174.1325307072177
1300,distanceM,3685.2706486592647
1300,motionIntensityG,0.901085645
1300,activeEnergyKcal,65.3792979265867
1300,heartRateBpm,142.8300848629102
1301,speedMps,3.1501989748155794
1301,paceSecPerKm,317.44026583544377
1301,cadenceSpm,174.89575317439952
1301,distanceM,3688.4208476340805
1301,motionIntensityG,0.901079795
1301,activeEnergyKcal,65.43937800808766
1301,heartRateBpm,142.50178844696316
1302,speedMps,3.1847150222395353
1302,paceSecPerKm,313.9998376673547
1302,cadenceSpm,173.98868202122543
1302,distanceM,3691.60556265632
1302,motionIntensityG,0.901073945
1302,activeEnergyKcal,65.49945774781041
1302,heartRateBpm,143.1490683568425
1303,speedMps,3.2343667148997794
1303,paceSecPerKm,309.17953594850366
1303,cadenceSpm,173.16694143613768
1303,distanceM,3694.83992937122
1303,motionIntensityG,0.9010680950000001
1303,activeEnergyKcal,65.55953714575496
1303,heartRateBpm,143.57421967049422
1304,speedMps,3.2292568641339536
1304,paceSecPerKm,309.6687696499447
1304,cadenceSpm,174.1188256203886
1304,distanceM,3698.0691862353538
1304,motionIntensityG,0.9010622450000001
1304,activeEnergyKcal,65.6196162019213
1304,heartRateBpm,141.9682859069375
1305,speedMps,3.173357960564543
1305,paceSecPerKm,315.12360484604744
1305,cadenceSpm,175.76270527028967
1305,distanceM,3701.242544195918
1305,motionIntensityG,0.9010563950000001
1305,activeEnergyKcal,65.67969491630944
1305,heartRateBpm,143.60382169115806
1306,speedMps,3.072688337886673
1306,paceSecPerKm,325.44791076591184
1306,cadenceSpm,173.290169581399
1306,distanceM,3704.3152325338046
1306,motionIntensityG,0.9010505450000001
1306,activeEnergyKcal,65.73977328891938
1306,heartRateBpm,143.20104727745843
1307,speedMps,3.210784318956459
1307,paceSecPerKm,311.45038117197834
1307,cadenceSpm,176.6700527738934
1307,distanceM,3707.526016852761
1307,motionIntensityG,0.901044695
1307,activeEnergyKcal,65.79985131975113
1307,heartRateBpm,145.3658435468008
1308,speedMps,3.201025442758583
1308,paceSecPerKm,312.399891185563
1308,cadenceSpm,172.66823603598777
1308,distanceM,3710.72704229552
1308,motionIntensityG,0.9010388450000002
1308,activeEnergyKcal,65.85992900880467
1308,heartRateBpm,145.22239448456006
1309,speedMps,3.326938684467071
1309,paceSecPerKm,300.57662459150066
1309,cadenceSpm,174.9883744605101
1309,distanceM,3714.053980979987
1309,motionIntensityG,0.901032995
1309,activeEnergyKcal,65.92000635608001
1309,heartRateBpm,145.63624440090862
1310,speedMps,3.049189108673762
1310,paceSecPerKm,327.95604482365076
1310,cadenceSpm,174.71629381395002
1310,distanceM,3717.1031700886606
1310,motionIntensityG,0.901027145
1310,activeEnergyKcal,65.98008336157714
1310,heartRateBpm,145.62304000843943
1311,speedMps,3.210912678291091
1311,paceSecPerKm,311.4379306422681
1311,cadenceSpm,174.64661072135107
1311,distanceM,3720.3140827669517
1311,motionIntensityG,0.901021295
1311,activeEnergyKcal,66.04016002529607
1311,heartRateBpm,146.23431474374422
1312,speedMps,3.1285253997758047
1312,paceSecPerKm,319.6394058592785
1312,cadenceSpm,175.7408224307231
1312,distanceM,3723.4426081667275
1312,motionIntensityG,0.9010154450000001
1312,activeEnergyKcal,66.1002363472368
1312,heartRateBpm,145.23220648133807
1313,speedMps,3.2073812472174557
1313,paceSecPerKm,311.7808339334602
1313,cadenceSpm,173.7488026708604
1313,distanceM,3726.649989413945
1313,motionIntensityG,0.9010095950000001
1313,activeEnergyKcal,66.16031232739932
1313,heartRateBpm,145.63844176288552
1314,speedMps,3.2637018121296544
1314,paceSecPerKm,306.40054072448265
1314,cadenceSpm,175.52166105443956
1314,distanceM,3729.9136912260747
1314,motionIntensityG,0.9010037450000001
1314,activeEnergyKcal,66.22038796578364
1314,heartRateBpm,146.88790485461868
1315,speedMps,3.193877858778525
1315,paceSecPerKm,313.0990113637103
1315,cadenceSpm,170.07663417289643
1315,distanceM,3733.1075690848534
1315,motionIntensityG,0.9009978949999999
1315,activeEnergyKcal,66.28046326238976
1315,heartRateBpm,146.15873848658273
1316,speedMps,3.2841181116215674
1316,paceSecPerKm,304.4957477203034
1316,cadenceSpm,172.5590027581353
1316,distanceM,3736.391687196475
1316,motionIntensityG,0.900992045
1316,activeEnergyKcal,66.34053821721767
1316,heartRateBpm,146.45388539203068
1317,speedMps,3.2823969697193744
1317,paceSecPerKm,304.65541164738954
1317,cadenceSpm,173.51186347418803
1317,distanceM,3739.674084166194
1317,motionIntensityG,0.900986195
1317,activeEnergyKcal,66.40061283026738
1317,heartRateBpm,147.46805410587865
1318,speedMps,3.2342071747182364
1318,paceSecPerKm,309.19478746352104
1318,cadenceSpm,173.4545211106344
1318,distanceM,3742.9082913409125
1318,motionIntensityG,0.900980345
1318,activeEnergyKcal,66.4606871015389
1318,heartRateBpm,148.31969189600392
1319,speedMps,3.0844691035356133
1319,paceSecPerKm,324.204900886748
1319,cadenceSpm,175.51219149730122
1319,distanceM,3745.992760444448
1319,motionIntensityG,0.900974495
1319,activeEnergyKcal,66.52076103103221
1319,heartRateBpm,149.86567006496585
1320,speedMps,3.2960705302262814
1320,paceSecPerKm,303.39156605709775
1320,cadenceSpm,174.07177743784123
1320,distanceM,3749.288830974674
1320,motionIntensityG,0.9009686450000001
1320,activeEnergyKcal,66.58083461874732
1320,heartRateBpm,151.71618969541697
1321,speedMps,2.562407375846784
1321,paceSecPerKm,390.2580087093044
1321,cadenceSpm,166.1992234284304
1321,distanceM,3751.851238350521
1321,motionIntensityG,0.63138152
1321,activeEnergyKcal,66.62515794953126
1321,heartRateBpm,153.10012807688557
1322,speedMps,2.565000099577837
1322,paceSecPerKm,389.8635326230927
1322,cadenceSpm,164.66044203396106
1322,distanceM,3754.4162384500987
1322,motionIntensityG,0.63139772
1322,activeEnergyKcal,66.66948222677792
1322,heartRateBpm,153.54137485753895
1323,speedMps,2.5646974568253156
1323,paceSecPerKm,389.9095378048371
1323,cadenceSpm,163.27692160045518
1323,distanceM,3756.980935906924
1323,motionIntensityG,0.63141392
1323,activeEnergyKcal,66.71380745048728
1323,heartRateBpm,155.80729999424796
1324,speedMps,2.5377651020351455
1324,paceSecPerKm,394.0475023468705
1324,cadenceSpm,166.2581325643998
1324,distanceM,3759.5187010089594
1324,motionIntensityG,0.63143012
1324,activeEnergyKcal,66.75813362065936
1324,heartRateBpm,156.73305571844628
1325,speedMps,2.659031614122671
1325,paceSecPerKm,376.076762189961
1325,cadenceSpm,165.9642233527499
1325,distanceM,3762.177732623082
1325,motionIntensityG,0.63144632
1325,activeEnergyKcal,66.80246073729417
1325,heartRateBpm,155.6096555801186
1326,speedMps,2.654207879481172
1326,paceSecPerKm,376.7602408728716
1326,cadenceSpm,165.44731185909794
1326,distanceM,3764.831940502563
1326,motionIntensityG,0.6314625199999999
1326,activeEnergyKcal,66.84678880039168
1326,heartRateBpm,153.51201281251969
1327,speedMps,2.6177402060096275
1327,paceSecPerKm,382.00887838459636
1327,cadenceSpm,166.07845538264607
1327,distanceM,3767.449680708573
1327,motionIntensityG,0.63147872
1327,activeEnergyKcal,66.89111780995191
1327,heartRateBpm,152.03748273360412
1328,speedMps,2.601987248810924
1328,paceSecPerKm,384.3216374165506
1328,cadenceSpm,163.12987151403365
1328,distanceM,3770.051667957384
1328,motionIntensityG,0.63149492
1328,activeEnergyKcal,66.93544776597486
1328,heartRateBpm,151.2258819867161
1329,speedMps,2.7327128405007177
1329,paceSecPerKm,365.93672967730083
1329,cadenceSpm,167.4403784555308
1329,distanceM,3772.7843807978848
1329,motionIntensityG,0.6315111200000001
1329,activeEnergyKcal,66.97977866846051
1329,heartRateBpm,151.10651644520033
1330,speedMps,2.5012543088442096
1330,paceSecPerKm,399.79941122503624
1330,cadenceSpm,164.934884870172
1330,distanceM,3775.285635106729
1330,motionIntensityG,0.63152732
1330,activeEnergyKcal,67.02411051740889
1330,heartRateBpm,151.52913023780863
1331,speedMps,2.5945147449553563
1331,paceSecPerKm,385.42852837678015
1331,cadenceSpm,165.857261275918
1331,distanceM,3777.880149851684
1331,motionIntensityG,0.6315435199999999
1331,activeEnergyKcal,67.06844331281998
1331,heartRateBpm,150.7327691509234
1332,speedMps,2.709105878543771
1332,paceSecPerKm,369.1254771251433
1332,cadenceSpm,163.53137502429942
1332,distanceM,3780.5892557302277
1332,motionIntensityG,0.63155972
1332,activeEnergyKcal,67.11277705469378
1332,heartRateBpm,149.39753495838463
1333,speedMps,2.612617806483812
1333,paceSecPerKm,382.7578597674218
1333,cadenceSpm,164.43865235582564
1333,distanceM,3783.2018735367114
1333,motionIntensityG,0.63157592
1333,activeEnergyKcal,67.1571117430303
1333,heartRateBpm,150.67410624940123
1334,speedMps,2.6344246963720197
1334,paceSecPerKm,379.58951773309116
1334,cadenceSpm,163.65310760650215
1334,distanceM,3785.8362982330837
1334,motionIntensityG,0.6315921200000001
1334,activeEnergyKcal,67.20144737782954
1334,heartRateBpm,149.8546718408683
1335,speedMps,2.6457670401099165
1335,paceSecPerKm,377.9622260161105
1335,cadenceSpm,163.53718426623263
1335,distanceM,3788.4820652731937
1335,motionIntensityG,0.63160832
1335,activeEnergyKcal,67.24578395909148
1335,heartRateBpm,150.39460267017893
1336,speedMps,2.6243525778354604
1336,paceSecPerKm,381.04636108948057
1336,cadenceSpm,166.85597311844705
1336,distanceM,3791.106417851029
1336,motionIntensityG,0.63162452
1336,activeEnergyKcal,67.29012148681615
1336,heartRateBpm,150.9578403559637
1337,speedMps,2.7218721068121616
1337,paceSecPerKm,367.39419074733576
1337,cadenceSpm,163.39917249061676
1337,distanceM,3793.828289957841
1337,motionIntensityG,0.63164072
1337,activeEnergyKcal,67.33445996100353
1337,heartRateBpm,150.97285788392898
1338,speedMps,2.7019717016302205
1338,paceSecPerKm,370.1001011212128
1338,cadenceSpm,165.652445391828
1338,distanceM,3796.5302616594713
1338,motionIntensityG,0.63165692
1338,activeEnergyKcal,67.37879938165362
1338,heartRateBpm,151.61908764327137
1339,speedMps,2.604335741167422
1339,paceSecPerKm,383.9750705689502
1339,cadenceSpm,162.30704066399827
1339,distanceM,3799.1345974006385
1339,motionIntensityG,0.63167312
1339,activeEnergyKcal,67.42313974876643
1339,heartRateBpm,151.42141686158473
1340,speedMps,2.604927496669407
1340,paceSecPerKm,383.88784381852247
1340,cadenceSpm,165.32978367253455
1340,distanceM,3801.739524897308
1340,motionIntensityG,0.63168932
1340,activeEnergyKcal,67.46748106234196
1340,heartRateBpm,151.6824363134186
1341,speedMps,2.6121482624348578
1341,paceSecPerKm,382.82666201644753
1341,cadenceSpm,163.0507533341221
1341,distanceM,3804.351673159743
1341,motionIntensityG,0.6317055199999999
1341,activeEnergyKcal,67.5118233223802
1341,heartRateBpm,152.29667580936697
1342,speedMps,2.57204734621161
1342,paceSecPerKm,388.79533126515275
1342,cadenceSpm,165.39699005511676
1342,distanceM,3806.9237205059544
1342,motionIntensityG,0.63172172
1342,activeEnergyKcal,67.55616652888115
1342,heartRateBpm,150.6055052676919
1343,speedMps,2.6257291959950093
1343,paceSecPerKm,380.84658597896805
1343,cadenceSpm,166.9155087087592
1343,distanceM,3809.5494497019495
1343,motionIntensityG,0.63173792
1343,activeEnergyKcal,67.60051068184482
1343,heartRateBpm,151.99663442059298
1344,speedMps,2.563458458715113
1344,paceSecPerKm,390.09799304539223
1344,cadenceSpm,165.62563551682857
1344,distanceM,3812.1129081606646
1344,motionIntensityG,0.6317541200000001
1344,activeEnergyKcal,67.6448557812712
1344,heartRateBpm,151.21721304186374
1345,speedMps,2.5791465565995204
1345,paceSecPerKm,387.72515561056423
1345,cadenceSpm,165.40148800914847
1345,distanceM,3814.692054717264
1345,motionIntensityG,0.63177032
1345,activeEnergyKcal,67.6892018271603
1345,heartRateBpm,151.35712104287649
1346,speedMps,2.5906806230491464
1346,paceSecPerKm,385.9989498910262
1346,cadenceSpm,164.65004329719773
1346,distanceM,3817.282735340313
1346,motionIntensityG,0.63178652
1346,activeEnergyKcal,67.73354881951212
1346,heartRateBpm,150.43247080242506
1347,speedMps,2.5843251078136986
1347,paceSecPerKm,386.9482198568993
1347,cadenceSpm,167.76186385195527
1347,distanceM,3819.8670604481267
1347,motionIntensityG,0.63180272
1347,activeEnergyKcal,67.77789675832665
1347,heartRateBpm,150.23014868142317
1348,speedMps,2.621816409338704
1348,paceSecPerKm,381.4149596585323
1348,cadenceSpm,166.9344737435859
1348,distanceM,3822.4888768574656
1348,motionIntensityG,0.63181892
1348,activeEnergyKcal,67.82224564360389
1348,heartRateBpm,150.14237952055507
1349,speedMps,2.490964255010194
1349,paceSecPerKm,401.45096341252304
1349,cadenceSpm,166.81213506145193
1349,distanceM,3824.9798411124757
1349,motionIntensityG,0.6318351200000001
1349,activeEnergyKcal,67.86659547534386
1349,heartRateBpm,148.05104198478966
1350,speedMps,2.6971222568600965
1350,paceSecPerKm,370.7655437036688
1350,cadenceSpm,166.54752708217435
1350,distanceM,3827.6769633693357
1350,motionIntensityG,0.63185132
1350,activeEnergyKcal,67.91094625354653
1350,heartRateBpm,145.15758527590125
1351,speedMps,2.7286581916839956
1351,paceSecPerKm,366.4804932503651
1351,cadenceSpm,164.34342137967394
1351,distanceM,3830.40562156102
1351,motionIntensityG,0.63186752
1351,activeEnergyKcal,67.95529797821192
1351,heartRateBpm,144.05767096172667
1352,speedMps,2.6150313606257387
1352,paceSecPerKm,382.4045917983617
1352,cadenceSpm,166.4791910961644
1352,distanceM,3833.0206529216457
1352,motionIntensityG,0.63188372
1352,activeEnergyKcal,67.99965064934003
1352,heartRateBpm,143.70124145465948
1353,speedMps,2.6642560340735684
1353,paceSecPerKm,375.33930193301643
1353,cadenceSpm,165.98961028296222
1353,distanceM,3835.6849089557195
1353,motionIntensityG,0.63189992
1353,activeEnergyKcal,68.04400426693086
1353,heartRateBpm,144.17545844726249
1354,speedMps,2.5212742258607888
1354,paceSecPerKm,396.62484538292927
1354,cadenceSpm,166.01756976762002
1354,distanceM,3838.2061831815804
1354,motionIntensityG,0.63191612
1354,activeEnergyKcal,68.08835883098439
1354,heartRateBpm,141.4717794508911
1355,speedMps,2.664455610776585
1355,paceSecPerKm,375.31118775461186
1355,cadenceSpm,166.88703258605767
1355,distanceM,3840.870638792357
1355,motionIntensityG,0.63193232
1355,activeEnergyKcal,68.13271434150064
1355,heartRateBpm,141.38841279313212
1356,speedMps,2.731546322887693
1356,paceSecPerKm,366.09300439863523
1356,cadenceSpm,164.99714354072975
1356,distanceM,3843.602185115245
1356,motionIntensityG,0.63194852
1356,activeEnergyKcal,68.17707079847962
1356,heartRateBpm,141.8161758856671
1357,speedMps,2.6486455274752805
1357,paceSecPerKm,377.55146531563685
1357,cadenceSpm,166.73934811232806
1357,distanceM,3846.2508306427203
1357,motionIntensityG,0.63196472
1357,activeEnergyKcal,68.2214282019213
1357,heartRateBpm,141.9591445388721
1358,speedMps,2.5891140842382248
1358,paceSecPerKm,386.23249786006335
1358,cadenceSpm,167.47706411098358
1358,distanceM,3848.8399447269585
1358,motionIntensityG,0.63198092
1358,activeEnergyKcal,68.2657865518257
1358,heartRateBpm,141.90363656971047
1359,speedMps,2.5954010569856867
1359,paceSecPerKm,385.2969071228651
1359,cadenceSpm,165.1308219592884
1359,distanceM,3851.4353457839443
1359,motionIntensityG,0.63199712
1359,activeEnergyKcal,68.31014584819282
1359,heartRateBpm,139.9486048975075
1360,speedMps,2.676297550323619
1360,paceSecPerKm,373.65053070391207
1360,cadenceSpm,166.3690339481758
1360,distanceM,3854.1116433342677
1360,motionIntensityG,0.632
1360,activeEnergyKcal,68.35450531281997
1360,heartRateBpm,140.9801328937527
1361,speedMps,2.6071397940113483
1361,paceSecPerKm,383.56209448262797
1361,cadenceSpm,165.55730602248386
1361,distanceM,3856.718783128279
1361,motionIntensityG,0.632
1361,activeEnergyKcal,68.39886477744712
1361,heartRateBpm,141.26966582910597
1362,speedMps,2.6169448444397774
1362,paceSecPerKm,382.12498139756366
1362,cadenceSpm,165.44702192455802
1362,distanceM,3859.335727972719
1362,motionIntensityG,0.632
1362,activeEnergyKcal,68.44322424207427
1362,heartRateBpm,141.0302944369329
1363,speedMps,2.634250239473495
1363,paceSecPerKm,379.6146565786662
1363,cadenceSpm,165.08893646210714
1363,distanceM,3861.9699782121925
1363,motionIntensityG,0.632
1363,activeEnergyKcal,68.48758370670141
1363,heartRateBpm,141.35039072921447
1364,speedMps,2.603253696580383
1364,paceSecPerKm,384.1346701297662
1364,cadenceSpm,165.32713321113087
1364,distanceM,3864.573231908773
1364,motionIntensityG,0.632
1364,activeEnergyKcal,68.53194317132856
1364,heartRateBpm,140.68255464766403
1365,speedMps,2.6639124879417673
1365,paceSecPerKm,375.3877068133853
1365,cadenceSpm,163.11934172505852
1365,distanceM,3867.2371443967145
1365,motionIntensityG,0.632
1365,activeEnergyKcal,68.57630263595571
1365,heartRateBpm,138.12261929274126
1366,speedMps,2.6073674663802775
1366,paceSecPerKm,383.52860227571495
1366,cadenceSpm,167.42638979979554
1366,distanceM,3869.844511863095
1366,motionIntensityG,0.632
1366,activeEnergyKcal,68.62066210058286
1366,heartRateBpm,138.0418102300154
1367,speedMps,2.700453446268553
1367,paceSecPerKm,370.308179680633
1367,cadenceSpm,163.79540440504056
1367,distanceM,3872.5449653093633
1367,motionIntensityG,0.632
1367,activeEnergyKcal,68.66502156521001
1367,heartRateBpm,137.17900936960297
1368,speedMps,2.6326609491056905
1368,paceSecPerKm,379.84382316290976
1368,cadenceSpm,164.71368668864156
1368,distanceM,3875.177626258469
1368,motionIntensityG,0.632
1368,activeEnergyKcal,68.70938102983716
1368,heartRateBpm,138.78721903979343
1369,speedMps,2.6589646552975945
1369,paceSecPerKm,376.0862326649012
1369,cadenceSpm,163.31187720983039
1369,distanceM,3877.8365909137665
1369,motionIntensityG,0.632
1369,activeEnergyKcal,68.75374049446431
1369,heartRateBpm,138.4639490032473
1370,speedMps,2.6241438122082603
1370,paceSecPerKm,381.07667550372685
1370,cadenceSpm,164.11157895077093
1370,distanceM,3880.460734725975
1370,motionIntensityG,0.632
1370,activeEnergyKcal,68.79809995909146
1370,heartRateBpm,139.20236576537113
1371,speedMps,2.636955643631852
1371,paceSecPerKm,379.22518811226956
1371,cadenceSpm,163.79562397413633
1371,distanceM,3883.097690369607
1371,motionIntensityG,0.632
1371,activeEnergyKcal,68.84245942371861
1371,heartRateBpm,138.825417509066
1372,speedMps,2.5729010013544458
1372,paceSecPerKm,388.6663340227908
1372,cadenceSpm,164.26117498435138
1372,distanceM,3885.670591370961
1372,motionIntensityG,0.632
1372,activeEnergyKcal,68.88681888834576
1372,heartRateBpm,139.53502581258346
1373,speedMps,2.7362195120580055
1373,paceSecPerKm,365.4677541743957
1373,cadenceSpm,167.73168733841243
1373,distanceM,3888.4068108830193
1373,motionIntensityG,0.632
1373,activeEnergyKcal,68.9311783529729
1373,heartRateBpm,138.58806148279515
1374,speedMps,2.671944929569748
1374,paceSecPerKm,374.25921055978716
1374,cadenceSpm,166.69986170410616
1374,distanceM,3891.078755812589
1374,motionIntensityG,0.632
1374,activeEnergyKcal,68.97553781760006
1374,heartRateBpm,137.6866915430702
1375,speedMps,2.562459954958226
1375,paceSecPerKm,390.2500010058898
1375,cadenceSpm,166.53567368206916
1375,distanceM,3893.6412157675472
1375,motionIntensityG,0.632
1375,activeEnergyKcal,69.0198972822272
1375,heartRateBpm,135.94739645410579
1376,speedMps,2.621797583939192
1376,paceSecPerKm,381.41769834783446
1376,cadenceSpm,167.88059588938393
1376,distanceM,3896.2630133514863
1376,motionIntensityG,0.632
1376,activeEnergyKcal,69.06425674685435
1376,heartRateBpm,136.64140532680284
1377,speedMps,2.537570464102133
1377,paceSecPerKm,394.0777267652465
1377,cadenceSpm,166.23672427864182
1377,distanceM,3898.800583815588
1377,motionIntensityG,0.632
1377,activeEnergyKcal,69.1086162114815
1377,heartRateBpm,135.70523859859819
1378,speedMps,2.66437445602621
1378,paceSecPerKm,375.3226194382051
1378,cadenceSpm,163.4874368959004
1378,distanceM,3901.4649582716143
1378,motionIntensityG,0.632
1378,activeEnergyKcal,69.15297567610865
1378,heartRateBpm,135.14546013204762
1379,speedMps,2.5644122790470227
1379,paceSecPerKm,389.9528980463376
1379,cadenceSpm,163.71911438937138
1379,distanceM,3904.0293705506615
1379,motionIntensityG,0.632
1379,activeEnergyKcal,69.1973351407358
1379,heartRateBpm,135.1481840267499
1380,speedMps,2.575562847067377
1380,paceSecPerKm,388.26464713863766
1380,cadenceSpm,164.6141282798461
1380,distanceM,3906.604933397729
1380,motionIntensityG,0.632
1380,activeEnergyKcal,69.24169460536295
1380,heartRateBpm,135.752548694261
1381,speedMps,2.737911536705367
1381,paceSecPerKm,365.24189572733167
1381,cadenceSpm,166.13057995960094
1381,distanceM,3909.342844934434
1381,motionIntensityG,0.632
1381,activeEnergyKcal,69.2860540699901
1381,heartRateBpm,135.8372733626775
1382,speedMps,2.713334513124685
1382,paceSecPerKm,368.5502083001173
1382,cadenceSpm,166.43458226526997
1382,distanceM,3912.056179447559
1382,motionIntensityG,0.632
1382,activeEnergyKcal,69.33041353461725
1382,heartRateBpm,136.01389978414528
1383,speedMps,2.643462887725339
1383,paceSecPerKm,378.29167363892344
1383,cadenceSpm,165.57576264173275
1383,distanceM,3914.6996423352844
1383,motionIntensityG,0.632
1383,activeEnergyKcal,69.3747729992444
1383,heartRateBpm,133.44946960705227
1384,speedMps,2.615045168838347
1384,paceSecPerKm,382.402572588916
1384,cadenceSpm,163.75458622750915
1384,distanceM,3917.3146875041225
1384,motionIntensityG,0.632
1384,activeEnergyKcal,69.41913246387155
1384,heartRateBpm,132.20551961725948
1385,speedMps,2.5904091170932233
1385,paceSecPerKm,386.03940721229793
1385,cadenceSpm,164.26685560868785
1385,distanceM,3919.9050966212158
1385,motionIntensityG,0.632
1385,activeEnergyKcal,69.4634919284987
1385,heartRateBpm,132.21900900959656
1386,speedMps,2.6644216107126804
1386,paceSecPerKm,375.3159770133075
1386,cadenceSpm,163.94134699752072
1386,distanceM,3922.5695182319287
1386,motionIntensityG,0.632
1386,activeEnergyKcal,69.50785139312585
1386,heartRateBpm,133.55314982436525
1387,speedMps,2.5927365552342905
1387,paceSecPerKm,385.6928687880654
1387,cadenceSpm,167.33678841183084
1387,distanceM,3925.162254787163
1387,motionIntensityG,0.632
1387,activeEnergyKcal,69.552210857753
1387,heartRateBpm,133.577582991388
1388,speedMps,2.731394013199808
1388,paceSecPerKm,366.1134187039194
1388,cadenceSpm,163.33646092353024
1388,distanceM,3927.893648800363
1388,motionIntensityG,0.632
1388,activeEnergyKcal,69.59657032238015
1388,heartRateBpm,134.15251791215184
1389,speedMps,2.563356396693702
1389,paceSecPerKm,390.1135250992923
1389,cadenceSpm,164.20381687102332
1389,distanceM,3930.4570051970563
1389,motionIntensityG,0.632
1389,activeEnergyKcal,69.6409297870073
1389,heartRateBpm,131.92469925970727
1390,speedMps,2.5022811726182295
1390,paceSecPerKm,399.63534511737663
1390,cadenceSpm,166.08199195417976
1390,distanceM,3932.9592863696744
1390,motionIntensityG,0.632
1390,activeEnergyKcal,69.68528925163444
1390,heartRateBpm,130.86498789675412
1391,speedMps,2.5664411941569663
1391,paceSecPerKm,389.6446185000095
1391,cadenceSpm,164.99063629507302
1391,distanceM,3935.5257275638314
1391,motionIntensityG,0.632
1391,activeEnergyKcal,69.7296487162616
1391,heartRateBpm,131.53596172328346
1392,speedMps,2.576310607221239
1392,paceSecPerKm,388.1519554346677
1392,cadenceSpm,164.28446409324656
1392,distanceM,3938.1020381710528
1392,motionIntensityG,0.632
1392,activeEnergyKcal,69.77400818088874
1392,heartRateBpm,130.52099782439691
1393,speedMps,2.462129982812214
1393,paceSecPerKm,406.1523993375088
1393,cadenceSpm,162.29010394361757
1393,distanceM,3940.564168153865
1393,motionIntensityG,0.632
1393,activeEnergyKcal,69.81836764551589
1393,heartRateBpm,129.61026160423123
1394,speedMps,2.5403336750644154
1394,paceSecPerKm,393.6490744565841
1394,cadenceSpm,166.26897099192348
1394,distanceM,3943.1045018289296
1394,motionIntensityG,0.632
1394,activeEnergyKcal,69.86272711014304
1394,heartRateBpm,130.61956508771328
1395,speedMps,2.7199914183199483
1395,paceSecPerKm,367.6482187644798
1395,cadenceSpm,164.97692752245825
1395,distanceM,3945.8244932472494
1395,motionIntensityG,0.632
1395,activeEnergyKcal,69.90708657477019
1395,heartRateBpm,132.30661299599467
1396,speedMps,2.774890411625692
1396,paceSecPerKm,360.37459202366915
1396,cadenceSpm,168.93291878854572
1396,distanceM,3948.599383658875
1396,motionIntensityG,0.632
1396,activeEnergyKcal,69.95144603939734
1396,heartRateBpm,129.6955143154008
1397,speedMps,2.6432647068069888
1397,paceSecPerKm,378.320036364417
1397,cadenceSpm,164.7540332522643
1397,distanceM,3951.242648365682
1397,motionIntensityG,0.632
1397,activeEnergyKcal,69.99580550402449
1397,heartRateBpm,130.51960602461727
1398,speedMps,2.6632173197175124
1398,paceSecPerKm,375.4856926606613
1398,cadenceSpm,164.926802125437
1398,distanceM,3953.9058656853995
1398,motionIntensityG,0.632
1398,activeEnergyKcal,70.04016496865164
1398,heartRateBpm,130.90177270405164
1399,speedMps,2.671996362849469
1399,paceSecPerKm,374.25200644119906
1399,cadenceSpm,167.10485797037902
1399,distanceM,3956.577862048249
1399,motionIntensityG,0.632
1399,activeEnergyKcal,70.08452443327879
1399,heartRateBpm,133.3558091395074
1400,speedMps,2.616858188330709
1400,paceSecPerKm,382.1376352984183
1400,cadenceSpm,163.7845337253707
1400,distanceM,3959.1947202365795
1400,motionIntensityG,0.632
1400,activeEnergyKcal,70.12888389790594
1400,heartRateBpm,135.49081040309898
1401,speedMps,2.638433143593941
1401,paceSecPerKm,379.0128252550111
1401,cadenceSpm,164.82430577901215
1401,distanceM,3961.8331533801734
1401,motionIntensityG,0.632
1401,activeEnergyKcal,70.17324336253309
1401,heartRateBpm,136.21643559284206
1402,speedMps,2.528279103900788
1402,paceSecPerKm,395.52595220090103
1402,cadenceSpm,167.8808654838245
1402,distanceM,3964.361432484074
1402,motionIntensityG,0.632
1402,activeEnergyKcal,70.21760282716023
1402,heartRateBpm,135.31284589041928
1403,speedMps,2.5669129059387488
1403,paceSecPerKm,389.5730149965056
1403,cadenceSpm,166.18550383372917
1403,distanceM,3966.928345390013
1403,motionIntensityG,0.632
1403,activeEnergyKcal,70.26196229178738
1403,heartRateBpm,132.59016551187776
1404,speedMps,2.5664005296349726
1404,paceSecPerKm,389.6507924046576
1404,cadenceSpm,164.80321173358496
1404,distanceM,3969.494745919648
1404,motionIntensityG,0.632
1404,activeEnergyKcal,70.30632175641453
1404,heartRateBpm,130.91135099999536
1405,speedMps,2.688949179340817
1405,paceSecPerKm,371.8924878472955
1405,cadenceSpm,161.56625071150336
1405,distanceM,3972.1836950989887
1405,motionIntensityG,0.632
1405,activeEnergyKcal,70.35068122104168
1405,heartRateBpm,129.60315341967058
1406,speedMps,2.529708998584911
1406,paceSecPerKm,395.30238480370195
1406,cadenceSpm,165.85848045290604
1406,distanceM,3974.7134040975734
1406,motionIntensityG,0.632
1406,activeEnergyKcal,70.39504068566883
1406,heartRateBpm,128.84943252500116
1407,speedMps,2.588251128185953
1407,paceSecPerKm,386.3612727181066
1407,cadenceSpm,167.6387704914526
1407,distanceM,3977.3016552257595
1407,motionIntensityG,0.632
1407,activeEnergyKcal,70.43940015029598
1407,heartRateBpm,132.35987793725226
1408,speedMps,2.598888268388306
1408,paceSecPerKm,384.7799123046361
1408,cadenceSpm,163.35960992262463
1408,distanceM,3979.9005434941478
1408,motionIntensityG,0.632
1408,activeEnergyKcal,70.48375961492313
1408,heartRateBpm,132.65465431450966
1409,speedMps,2.6849230364622114
1409,paceSecPerKm,372.4501545927551
1409,cadenceSpm,165.56242581155297
1409,distanceM,3982.58546653061
1409,motionIntensityG,0.632
1409,activeEnergyKcal,70.52811907955028
1409,heartRateBpm,133.42429728705017
1410,speedMps,2.736307054396218
1410,paceSecPerKm,365.45606180906327
1410,cadenceSpm,164.15242440714022
1410,distanceM,3985.321773585006
1410,motionIntensityG,0.632
1410,activeEnergyKcal,70.57247854417743
1410,heartRateBpm,132.06701342892015
1411,speedMps,2.6772364979964856
1411,paceSecPerKm,373.51948576390305
1411,cadenceSpm,163.66916238428487
1411,distanceM,3987.9990100830028
1411,motionIntensityG,0.632
1411,activeEnergyKcal,70.61683800880458
1411,heartRateBpm,130.35024796430136
1412,speedMps,2.7088671755222564
1412,paceSecPerKm,369.1580041414193
1412,cadenceSpm,165.86216508150196
1412,distanceM,3990.707877258525
1412,motionIntensityG,0.632
1412,activeEnergyKcal,70.66119747343173
1412,heartRateBpm,142.40719675744702
1413,speedMps,2.576124469755662
1413,paceSecPerKm,388.1800012927353
1413,cadenceSpm,164.7781459932269
1413,distanceM,3993.2840017282806
1413,motionIntensityG,0.632
1413,activeEnergyKcal,70.70555693805888
1413,heartRateBpm,152.60666173593197
1414,speedMps,2.605527236173786
1414,paceSecPerKm,383.79948062584793
1414,cadenceSpm,164.82450925223011
1414,distanceM,3995.8895289644543
1414,motionIntensityG,0.632
1414,activeEnergyKcal,70.74991640268603
1414,heartRateBpm,164.14600894423293
1415,speedMps,2.648276880227284
1415,paceSecPerKm,377.6040214927136
1415,cadenceSpm,166.98191069716412
1415,distanceM,3998.5378058446813
1415,motionIntensityG,0.632
1415,activeEnergyKcal,70.79427586731317
1415,heartRateBpm,163.62231543690862
1416,speedMps,2.647238978662219
1416,paceSecPerKm,377.7520684986852
1416,cadenceSpm,167.10257527710422
1416,distanceM,4001.1850448233436
1416,motionIntensityG,0.632
1416,activeEnergyKcal,70.83863533194032
1416,heartRateBpm,165.02807503975356
1417,speedMps,2.63505633009966
1417,paceSecPerKm,379.49852858066953
1417,cadenceSpm,166.86548577979553
1417,distanceM,4003.8201011534434
1417,motionIntensityG,0.632
1417,activeEnergyKcal,70.88299479656747
1417,heartRateBpm,164.4368620846789
1418,speedMps,2.6653957437072053
1418,paceSecPerKm,375.178808760734
1418,cadenceSpm,165.32287477154756
1418,distanceM,4006.4854968971504
1418,motionIntensityG,0.632
1418,activeEnergyKcal,70.92735426119462
1418,heartRateBpm,165.72542667228822
1419,speedMps,2.6440905693744785
1419,paceSecPerKm,378.2018708370392
1419,cadenceSpm,165.20583019142342
1419,distanceM,4009.1295874665248
1419,motionIntensityG,0.632
1419,activeEnergyKcal,70.97171372582177
1419,heartRateBpm,166.59403307285007
1420,speedMps,2.580217884567493
1420,paceSecPerKm,387.564168894839
1420,cadenceSpm,165.27514488965764
1420,distanceM,4011.709805351092
1420,motionIntensityG,0.632
1420,activeEnergyKcal,71.01607319044892
1420,heartRateBpm,166.31746357311152
1421,speedMps,2.6399568083717684
1421,paceSecPerKm,378.7940760351926
1421,cadenceSpm,164.4163722995744
1421,distanceM,4014.349762159464
1421,motionIntensityG,0.632
1421,activeEnergyKcal,71.06043265507607
1421,heartRateBpm,165.83951877591696
1422,speedMps,2.698667357574882
1422,paceSecPerKm,370.55326481535513
1422,cadenceSpm,167.26643328376784
1422,distanceM,4017.0484295170386
1422,motionIntensityG,0.632
1422,activeEnergyKcal,71.10479211970322
1422,heartRateBpm,164.9109974656472
1423,speedMps,2.5678902939110633
1423,paceSecPerKm,389.42473608439684
1423,cadenceSpm,162.94697091797502
1423,distanceM,4019.61631981095
1423,motionIntensityG,0.632
1423,activeEnergyKcal,71.14915158433037
1423,heartRateBpm,165.0802297150209
1424,speedMps,2.5582887347141834
1424,paceSecPerKm,390.8862930249825
1424,cadenceSpm,165.75446016360476
1424,distanceM,4022.174608545664
1424,motionIntensityG,0.632
1424,activeEnergyKcal,71.19351104895752
1424,heartRateBpm,164.61119972901787
1425,speedMps,2.763337263525149
1425,paceSecPerKm,361.88127059246995
1425,cadenceSpm,165.23969803794796
1425,distanceM,4024.937945809189
1425,motionIntensityG,0.632
1425,activeEnergyKcal,71.23787051358467
1425,heartRateBpm,163.8101627233542
1426,speedMps,2.5796516718048705
1426,paceSecPerKm,387.6492361080453
1426,cadenceSpm,164.66508100539298
1426,distanceM,4027.517597480994
1426,motionIntensityG,0.632
1426,activeEnergyKcal,71.28222997821182
1426,heartRateBpm,162.7916874962776
1427,speedMps,2.5323351446051166
1427,paceSecPerKm,394.8924383608539
1427,cadenceSpm,164.150748200971
1427,distanceM,4030.049932625599
1427,motionIntensityG,0.632
1427,activeEnergyKcal,71.32658944283897
1427,heartRateBpm,162.4132562420641
1428,speedMps,2.657032605902807
1428,paceSecPerKm,376.3597020896248
1428,cadenceSpm,166.35060883812557
1428,distanceM,4032.7069652315017
1428,motionIntensityG,0.632
1428,activeEnergyKcal,71.37094890746611
1428,heartRateBpm,162.91107153039619
1429,speedMps,2.5720133928531803
1429,paceSecPerKm,388.80046378400937
1429,cadenceSpm,165.95242782363377
1429,distanceM,4035.2789786243547
1429,motionIntensityG,0.632
1429,activeEnergyKcal,71.41530837209326
1429,heartRateBpm,162.22776101957342
1430,speedMps,2.5138614149336522
1430,paceSecPerKm,397.7944026904096
1430,cadenceSpm,163.49049974185357
1430,distanceM,4037.7928400392884
1430,motionIntensityG,0.632
1430,activeEnergyKcal,71.45966783672041
1430,heartRateBpm,164.0195608596214
1431,speedMps,2.5855293498709955
1431,paceSecPerKm,386.76799396993687
1431,cadenceSpm,166.62045667418184
1431,distanceM,4040.3783693891596
1431,motionIntensityG,0.632
1431,activeEnergyKcal,71.50402730134756
1431,heartRateBpm,163.54811477218144
1432,speedMps,2.6599459533685312
1432,paceSecPerKm,375.94748823133386
1432,cadenceSpm,166.99727140427152
1432,distanceM,4043.038315342528
1432,motionIntensityG,0.632
1432,activeEnergyKcal,71.54838676597471
1432,heartRateBpm,162.28612299904648
1433,speedMps,2.540759128880834
1433,paceSecPerKm,393.58315734576735
1433,cadenceSpm,166.00645557422212
1433,distanceM,4045.579074471409
1433,motionIntensityG,0.632
1433,activeEnergyKcal,71.59274623060186
1433,heartRateBpm,160.3346667833124
1434,speedMps,2.6413263287203055
1434,paceSecPerKm,378.5976723612524
1434,cadenceSpm,166.0808285095204
1434,distanceM,4048.2204008001295
1434,motionIntensityG,0.632
1434,activeEnergyKcal,71.63710569522901
1434,heartRateBpm,158.97654033332253
1435,speedMps,2.713450103326512
1435,paceSecPerKm,368.5345084378244
1435,cadenceSpm,164.05450568662422
1435,distanceM,4050.933850903456
1435,motionIntensityG,0.632
1435,activeEnergyKcal,71.68146515985616
1435,heartRateBpm,157.3420249627603
1436,speedMps,2.6368236781271506
1436,paceSecPerKm,379.24416725136024
1436,cadenceSpm,165.62942499512954
1436,distanceM,4053.5706745815833
1436,motionIntensityG,0.632
1436,activeEnergyKcal,71.72582462448331
1436,heartRateBpm,156.3351882142303
1437,speedMps,2.5592910893297
1437,paceSecPerKm,390.7332011466927
1437,cadenceSpm,164.53842387506265
1437,distanceM,4056.129965670913
1437,motionIntensityG,0.632
1437,activeEnergyKcal,71.77018408911046
1437,heartRateBpm,156.86797644871004
1438,speedMps,2.457618834716806
1438,paceSecPerKm,406.89792325555277
1438,cadenceSpm,168.10044598459197
1438,distanceM,4058.58758450563
1438,motionIntensityG,0.632
1438,activeEnergyKcal,71.81454355373761
1438,heartRateBpm,157.44680719607814
1439,speedMps,2.575312545710942
1439,paceSecPerKm,388.302383594353
1439,cadenceSpm,163.60037854756513
1439,distanceM,4061.1628970513407
1439,motionIntensityG,0.632
1439,activeEnergyKcal,71.85890301836476
1439,heartRateBpm,158.30687655718592
1440,speedMps,2.6523726098696074
1440,paceSecPerKm,377.02093449425297
1440,cadenceSpm,163.9925254243864
1440,distanceM,4063.81526966121
1440,motionIntensityG,0.632
1440,activeEnergyKcal,71.9032624829919
1440,heartRateBpm,156.8925261529706
1441,speedMps,2.5627851470236056
1441,paceSecPerKm,390.20048214396377
1441,cadenceSpm,163.672658492426
1441,distanceM,4066.3780548082336
1441,motionIntensityG,0.632
1441,activeEnergyKcal,71.94762194761906
1441,heartRateBpm,156.51902044980628
1442,speedMps,2.694182151360234
1442,paceSecPerKm,371.1701525062519
1442,cadenceSpm,164.7815547709519
1442,distanceM,4069.0722369595937
1442,motionIntensityG,0.632
1442,activeEnergyKcal,71.9919814122462
1442,heartRateBpm,155.5995404280692
1443,speedMps,2.8026304429754085
1443,paceSecPerKm,356.80765635955606
1443,cadenceSpm,166.53089143586828
1443,distanceM,4071.874867402569
1443,motionIntensityG,0.632
1443,activeEnergyKcal,72.03634087687335
1443,heartRateBpm,154.34509928965744
1444,speedMps,2.6030247565565037
1444,paceSecPerKm,384.16845536378327
1444,cadenceSpm,165.70205313828862
1444,distanceM,4074.4778921591255
1444,motionIntensityG,0.632
1444,activeEnergyKcal,72.0807003415005
1444,heartRateBpm,154.07595596748914
1445,speedMps,2.7307245289544757
1445,paceSecPerKm,366.20317772692886
1445,cadenceSpm,166.74031108083688
1445,distanceM,4077.20861668808
1445,motionIntensityG,0.632
1445,activeEnergyKcal,72.12505980612765
1445,heartRateBpm,155.50060536636087
1446,speedMps,2.7414047198475573
1446,paceSecPerKm,364.7764931460421
1446,cadenceSpm,164.07686544695093
1446,distanceM,4079.9500214079276
1446,motionIntensityG,0.632
1446,activeEnergyKcal,72.1694192707548
1446,heartRateBpm,153.7436980347021
1447,speedMps,2.5288820167750923
1447,paceSecPerKm,395.43165452820557
1447,cadenceSpm,163.78503324677374
1447,distanceM,4082.478903424703
1447,motionIntensityG,0.632
1447,activeEnergyKcal,72.21377873538195
1447,heartRateBpm,152.10349595491383
1448,speedMps,2.630510460174885
1448,paceSecPerKm,380.154352221628
1448,cadenceSpm,167.0363788288158
1448,distanceM,4085.1094138848775
1448,motionIntensityG,0.632
1448,activeEnergyKcal,72.2581382000091
1448,heartRateBpm,153.34508560371762
1449,speedMps,2.6922531796363462
1449,paceSecPerKm,371.43609210448557
1449,cadenceSpm,167.6872712133795
1449,distanceM,4087.801667064514
1449,motionIntensityG,0.632
1449,activeEnergyKcal,72.30249766463625
1449,heartRateBpm,153.68123194185642
1450,speedMps,2.533729920566782
1450,paceSecPerKm,394.6750566754586
1450,cadenceSpm,166.72496067733815
1450,distanceM,4090.3353969850805
1450,motionIntensityG,0.632
1450,activeEnergyKcal,72.3468571292634
1450,heartRateBpm,152.51438231261872
1451,speedMps,2.6761379561997174
1451,paceSecPerKm,373.6728137214803
1451,cadenceSpm,167.05419346137478
1451,distanceM,4093.0115349412804
1451,motionIntensityG,0.632
1451,activeEnergyKcal,72.39121659389055
1451,heartRateBpm,151.69293678443606
1452,speedMps,2.6038120780213614
1452,paceSecPerKm,384.0522933436505
1452,cadenceSpm,167.92244513400345
1452,distanceM,4095.6153470193017
1452,motionIntensityG,0.632
1452,activeEnergyKcal,72.4355760585177
1452,heartRateBpm,151.73913859742535
1453,speedMps,2.6183809279478223
1453,paceSecPerKm,381.91540021022007
1453,cadenceSpm,165.62988456480122
1453,distanceM,4098.2337279472495
1453,motionIntensityG,0.632
1453,activeEnergyKcal,72.47993552314485
1453,heartRateBpm,149.1752667640973
1454,speedMps,2.658094350087326
1454,paceSecPerKm,376.20936968138363
1454,cadenceSpm,168.39844251059577
1454,distanceM,4100.891822297337
1454,motionIntensityG,0.632
1454,activeEnergyKcal,72.524294987772
1454,heartRateBpm,147.7639358621487
1455,speedMps,2.5926790942592848
1455,paceSecPerKm,385.70141681406
1455,cadenceSpm,165.42326148622615
1455,distanceM,4103.4845013915965
1455,motionIntensityG,0.632
1455,activeEnergyKcal,72.56865445239914
1455,heartRateBpm,146.29698173869033
1456,speedMps,2.5953297935988475
1456,paceSecPerKm,385.3074867272791
1456,cadenceSpm,165.50947913179334
1456,distanceM,4106.079831185195
1456,motionIntensityG,0.632
1456,activeEnergyKcal,72.6130139170263
1456,heartRateBpm,146.24629771866034
1457,speedMps,2.640875824183993
1457,paceSecPerKm,378.6622569840031
1457,cadenceSpm,165.26147923574445
1457,distanceM,4108.720707009379
1457,motionIntensityG,0.632
1457,activeEnergyKcal,72.65737338165344
1457,heartRateBpm,145.65310318350834
1458,speedMps,2.6088997868882844
1458,paceSecPerKm,383.30333921822694
1458,cadenceSpm,163.46912323008837
1458,distanceM,4111.329606796267
1458,motionIntensityG,0.632
1458,activeEnergyKcal,72.70173284628059
1458,heartRateBpm,145.0483480056796
1459,speedMps,2.5611357617994495
1459,paceSecPerKm,390.4517733559746
1459,cadenceSpm,165.89705136338458
1459,distanceM,4113.890742558066
1459,motionIntensityG,0.632
1459,activeEnergyKcal,72.74609231090774
1459,heartRateBpm,142.9863562889025
1460,speedMps,2.7428139281323687
1460,paceSecPerKm,364.5890775685677
1460,cadenceSpm,167.22654522661549
1460,distanceM,4116.633556486199
1460,motionIntensityG,0.632
1460,activeEnergyKcal,72.79045177553489
1460,heartRateBpm,143.17567079113093
1461,speedMps,2.550983937376032
1461,paceSecPerKm,392.00560432717197
1461,cadenceSpm,164.1681704977047
1461,distanceM,4119.1845404235755
1461,motionIntensityG,0.632
1461,activeEnergyKcal,72.83481124016204
1461,heartRateBpm,143.15642270154567
1462,speedMps,2.529652292382314
1462,paceSecPerKm,395.31124613898794
1462,cadenceSpm,166.4308971623321
1462,distanceM,4121.714192715958
1462,motionIntensityG,0.632
1462,activeEnergyKcal,72.87917070478919
1462,heartRateBpm,142.87152066114675
1463,speedMps,2.724540850833449
1463,paceSecPerKm,367.0343205513309
1463,cadenceSpm,164.9072101068736
1463,distanceM,4124.438733566792
1463,motionIntensityG,0.632
1463,activeEnergyKcal,72.92353016941634
1463,heartRateBpm,144.3292737861503
1464,speedMps,2.677736208750807
1464,paceSecPerKm,373.4497807259778
1464,cadenceSpm,165.18212017956913
1464,distanceM,4127.116469775542
1464,motionIntensityG,0.632
1464,activeEnergyKcal,72.96788963404349
1464,heartRateBpm,145.7380852525748
1465,speedMps,2.5172189235594757
1465,paceSecPerKm,397.26381787482717
1465,cadenceSpm,166.71695607113995
1465,distanceM,4129.633688699101
1465,motionIntensityG,0.632
1465,activeEnergyKcal,73.01224909867064
1465,heartRateBpm,146.48142572487944
1466,speedMps,2.6151705548151765
1466,paceSecPerKm,382.3842380600196
1466,cadenceSpm,165.25631167207993
1466,distanceM,4132.248859253917
1466,motionIntensityG,0.632
1466,activeEnergyKcal,73.05660856329779
1466,heartRateBpm,147.02686949298362
1467,speedMps,2.5930323382001763
1467,paceSecPerKm,385.64887343213775
1467,cadenceSpm,165.06072141354886
1467,distanceM,4134.841891592117
1467,motionIntensityG,0.632
1467,activeEnergyKcal,73.10096802792494
1467,heartRateBpm,146.8960487967264
1468,speedMps,2.578037414155816
1468,paceSecPerKm,387.89196561270705
1468,cadenceSpm,165.00468003339796
1468,distanceM,4137.4199290062725
1468,motionIntensityG,0.632
1468,activeEnergyKcal,73.14532749255208
1468,heartRateBpm,146.6352170975546
1469,speedMps,2.644059008434202
1469,paceSecPerKm,378.20638526225434
1469,cadenceSpm,167.17453561741274
1469,distanceM,4140.063988014706
1469,motionIntensityG,0.632
1469,activeEnergyKcal,73.18968695717923
1469,heartRateBpm,144.0079548967619
1470,speedMps,2.683810471071245
1470,paceSecPerKm,372.6045526608476
1470,cadenceSpm,168.40271053651202
1470,distanceM,4142.747798485778
1470,motionIntensityG,0.632
1470,activeEnergyKcal,73.23404642180638
1470,heartRateBpm,143.87853973595153
1471,speedMps,2.5679084853822274
1471,paceSecPerKm,389.42197733777584
1471,cadenceSpm,164.04851607127432
1471,distanceM,4145.31570697116
1471,motionIntensityG,0.632
1471,activeEnergyKcal,73.27840588643353
1471,heartRateBpm,142.71930037164594
1472,speedMps,2.7090603875564896
1472,paceSecPerKm,369.1316755408236
1472,cadenceSpm,164.8498846277607
1472,distanceM,4148.024767358716
1472,motionIntensityG,0.632
1472,activeEnergyKcal,73.32276535106068
1472,heartRateBpm,142.57931870632166
1473,speedMps,2.6407846594263504
1473,paceSecPerKm,378.67532910359563
1473,cadenceSpm,164.56823364455832
1473,distanceM,4150.665552018143
1473,motionIntensityG,0.632
1473,activeEnergyKcal,73.36712481568783
1473,heartRateBpm,143.59722938966362
1474,speedMps,2.560953031087172
1474,paceSecPerKm,390.47963311356847
1474,cadenceSpm,165.1049554934282
1474,distanceM,4153.226505049231
1474,motionIntensityG,0.632
1474,activeEnergyKcal,73.41148428031498
1474,heartRateBpm,142.19526428906306
1475,speedMps,2.565806312386051
1475,paceSecPerKm,389.7410319604592
1475,cadenceSpm,164.01539320212137
1475,distanceM,4155.792311361617
1475,motionIntensityG,0.632
1475,activeEnergyKcal,73.45584374494213
1475,heartRateBpm,143.40609349981858
1476,speedMps,2.556160189272062
1476,paceSecPerKm,391.2117887591302
1476,cadenceSpm,168.27948969203294
1476,distanceM,4158.348471550889
1476,motionIntensityG,0.632
1476,activeEnergyKcal,73.50020320956928
1476,heartRateBpm,141.29670785185272
1477,speedMps,2.636292058315626
1477,paceSecPerKm,379.32064349460495
1477,cadenceSpm,166.67372465117714
1477,distanceM,4160.984763609205
1477,motionIntensityG,0.632
1477,activeEnergyKcal,73.54456267419643
1477,heartRateBpm,139.58971506703614
1478,speedMps,2.7163424285026507
1478,paceSecPerKm,368.1420978102666
1478,cadenceSpm,165.56093733457345
1478,distanceM,4163.701106037708
1478,motionIntensityG,0.632
1478,activeEnergyKcal,73.58892213882358
1478,heartRateBpm,139.88664601025707
1479,speedMps,2.6524302012475407
1479,paceSecPerKm,377.0127483579629
1479,cadenceSpm,164.54721704472598
1479,distanceM,4166.353536238956
1479,motionIntensityG,0.632
1479,activeEnergyKcal,73.63328160345073
1479,heartRateBpm,140.87335740749654
1480,speedMps,2.593331082315755
1480,paceSecPerKm,385.6044478158317
1480,cadenceSpm,166.41642038151397
1480,distanceM,4168.946867321271
1480,motionIntensityG,0.632
1480,activeEnergyKcal,73.67764106807788
1480,heartRateBpm,142.03946426104346
1481,speedMps,2.631381710030215
1481,paceSecPerKm,380.0284832064587
1481,cadenceSpm,164.7850300392744
1481,distanceM,4171.578249031301
1481,motionIntensityG,0.632
1481,activeEnergyKcal,73.72200053270502
1481,heartRateBpm,141.45822087118222
1482,speedMps,2.4989116612259745
1482,paceSecPerKm,400.1742100436622
1482,cadenceSpm,166.15229561725283
1482,distanceM,4174.077160692527
1482,motionIntensityG,0.632
1482,activeEnergyKcal,73.76635999733217
1482,heartRateBpm,140.45105073425836
1483,speedMps,2.524959978492405
1483,paceSecPerKm,396.0458813280189
1483,cadenceSpm,165.1352604289737
1483,distanceM,4176.602120671019
1483,motionIntensityG,0.632
1483,activeEnergyKcal,73.81071946195932
1483,heartRateBpm,141.71830969118398
1484,speedMps,2.6555438256280985
1484,paceSecPerKm,376.57070101770074
1484,cadenceSpm,164.93193468291759
1484,distanceM,4179.2576644966475
1484,motionIntensityG,0.632
1484,activeEnergyKcal,73.85507892658647
1484,heartRateBpm,142.17664890867673
1485,speedMps,2.607092235603897
1485,paceSecPerKm,383.5690913974755
1485,cadenceSpm,165.7261988835513
1485,distanceM,4181.864756732251
1485,motionIntensityG,0.632
1485,activeEnergyKcal,73.89943839121362
1485,heartRateBpm,140.83145809041105
1486,speedMps,2.6720924955185366
1486,paceSecPerKm,374.23854214520503
1486,cadenceSpm,163.63638809997667
1486,distanceM,4184.53684922777
1486,motionIntensityG,0.632
1486,activeEnergyKcal,73.94379785584077
1486,heartRateBpm,141.0686179279193
1487,speedMps,2.592954917126163
1487,paceSecPerKm,385.66038822931984
1487,cadenceSpm,165.84586554486356
1487,distanceM,4187.129804144896
1487,motionIntensityG,0.632
1487,activeEnergyKcal,73.98815732046792
1487,heartRateBpm,140.0566727788906
1488,speedMps,2.609545389096958
1488,paceSecPerKm,383.208509872309
1488,cadenceSpm,165.83819980029492
1488,distanceM,4189.739349533993
1488,motionIntensityG,0.632
1488,activeEnergyKcal,74.03251678509507
1488,heartRateBpm,139.6799768996657
1489,speedMps,2.6363993008305013
1489,paceSecPerKm,379.3052136241223
1489,cadenceSpm,166.62984430699356
1489,distanceM,4192.375748834824
1489,motionIntensityG,0.632
1489,activeEnergyKcal,74.07687624972222
1489,heartRateBpm,142.51909612702232
1490,speedMps,2.77649246224642
1490,paceSecPerKm,360.1666540059376
1490,cadenceSpm,164.6157383570617
1490,distanceM,4195.15224129707
1490,motionIntensityG,0.632
1490,activeEnergyKcal,74.12123571434937
1490,heartRateBpm,143.7411359120531
1491,speedMps,2.7415115960104464
1491,paceSecPerKm,364.76227255621995
1491,cadenceSpm,166.38442907405386
1491,distanceM,4197.89375289308
1491,motionIntensityG,0.632
1491,activeEnergyKcal,74.16559517897652
1491,heartRateBpm,144.9302433517512
1492,speedMps,2.642835327339954
1492,paceSecPerKm,378.3815017360587
1492,cadenceSpm,164.60553711352233
1492,distanceM,4200.53658822042
1492,motionIntensityG,0.632
1492,activeEnergyKcal,74.20995464360367
1492,heartRateBpm,141.75872299271307
1493,speedMps,2.6417307463143906
1493,paceSecPerKm,378.53971355527034
1493,cadenceSpm,164.0879900854236
1493,distanceM,4203.178318966734
1493,motionIntensityG,0.632
1493,activeEnergyKcal,74.25431410823082
1493,heartRateBpm,140.65734820608748
1494,speedMps,2.759154568286652
1494,paceSecPerKm,362.4298585856205
1494,cadenceSpm,163.9195263300665
1494,distanceM,4205.93747353502
1494,motionIntensityG,0.632
1494,activeEnergyKcal,74.29867357285796
1494,heartRateBpm,137.148956413549
1495,speedMps,2.716481198431389
1495,paceSecPerKm,368.1232914762827
1495,cadenceSpm,164.35575214724636
1495,distanceM,4208.653954733451
1495,motionIntensityG,0.632
1495,activeEnergyKcal,74.34303303748511
1495,heartRateBpm,138.76842911173534
1496,speedMps,2.5815540904935266
1496,paceSecPerKm,387.36356665252976
1496,cadenceSpm,165.35512956007048
1496,distanceM,4211.235508823945
1496,motionIntensityG,0.632
1496,activeEnergyKcal,74.38739250211226
1496,heartRateBpm,138.32683042466664
1497,speedMps,2.5993479022994763
1497,paceSecPerKm,384.7118729722036
1497,cadenceSpm,165.8805817808732
1497,distanceM,4213.834856726244
1497,motionIntensityG,0.632
1497,activeEnergyKcal,74.43175196673941
1497,heartRateBpm,138.60680995584877
1498,speedMps,2.6485085326708915
1498,paceSecPerKm,377.5709942650435
1498,cadenceSpm,164.58902426877214
1498,distanceM,4216.483365258915
1498,motionIntensityG,0.632
1498,activeEnergyKcal,74.47611143136656
1498,heartRateBpm,136.9346025678544
1499,speedMps,2.553859210860347
1499,paceSecPerKm,391.564263115005
1499,cadenceSpm,166.32669666810892
1499,distanceM,4219.0372244697755
1499,motionIntensityG,0.632
1499,activeEnergyKcal,74.52047089599371
1499,heartRateBpm,135.95612363125957
