t,kind,value
# event: gradual_fade-0-1920 kind=gradual_fade atSec=1920
0,speedMps,2.524000821176529
0,paceSecPerKm,396.1963845692663
0,cadenceSpm,166.39294414605902
0,distanceM,2.524000821176529
0,motionIntensityG,0.668
0,activeEnergyKcal,0.046462715105162526
0,heartRateBpm,58.7274091625438
1,speedMps,2.5752931275493043
1,paceSecPerKm,388.3053114623958
1,cadenceSpm,166.23722341005913
1,distanceM,5.099293948725833
1,motionIntensityG,0.668
1,activeEnergyKcal,0.09292543021032505
1,heartRateBpm,61.354060520651196
2,speedMps,2.560575166323193
2,paceSecPerKm,390.53725629774425
2,cadenceSpm,167.6004349673039
2,distanceM,7.659869115049027
2,motionIntensityG,0.668
2,activeEnergyKcal,0.13938814531548757
2,heartRateBpm,60.97223801539934
3,speedMps,2.5925150445464125
3,paceSecPerKm,385.725823309527
3,cadenceSpm,167.21590775918017
3,distanceM,10.25238415959544
3,motionIntensityG,0.668
3,activeEnergyKcal,0.1858508604206501
3,heartRateBpm,60.31634552009912
4,speedMps,2.462112903929683
4,paceSecPerKm,406.15521668561126
4,cadenceSpm,166.22719032560016
4,distanceM,12.714497063525123
4,motionIntensityG,0.668
4,activeEnergyKcal,0.23231357552581264
4,heartRateBpm,63.45785262485358
5,speedMps,2.443042027179342
5,paceSecPerKm,409.3257458835319
5,cadenceSpm,165.10712638413813
5,distanceM,15.157539090704464
5,motionIntensityG,0.668
5,activeEnergyKcal,0.27877629063097514
5,heartRateBpm,66.65385004099743
6,speedMps,2.464117517796619
6,paceSecPerKm,405.82480047225454
6,cadenceSpm,166.06973916718422
6,distanceM,17.621656608501084
6,motionIntensityG,0.668
6,activeEnergyKcal,0.3252390057361377
6,heartRateBpm,67.58343183529387
7,speedMps,2.4793774104325768
7,paceSecPerKm,403.3270593626688
7,cadenceSpm,167.1341017406455
7,distanceM,20.10103401893366
7,motionIntensityG,0.668
7,activeEnergyKcal,0.3717017208413002
7,heartRateBpm,70.86529045850357
8,speedMps,2.5939899709445324
8,paceSecPerKm,385.50650203010485
8,cadenceSpm,163.87773974345836
8,distanceM,22.695023989878194
8,motionIntensityG,0.668
8,activeEnergyKcal,0.41816443594646274
8,heartRateBpm,72.00696342795146
9,speedMps,2.47173458623334
9,paceSecPerKm,404.5741826689788
9,cadenceSpm,166.54278940887443
9,distanceM,25.166758576111533
9,motionIntensityG,0.668
9,activeEnergyKcal,0.4646271510516253
9,heartRateBpm,72.38096333169945
10,speedMps,2.5269703434927004
10,paceSecPerKm,395.73080173858745
10,cadenceSpm,166.51053064716854
10,distanceM,27.693728919604233
10,motionIntensityG,0.668
10,activeEnergyKcal,0.5110898661567878
10,heartRateBpm,74.2786746216293
11,speedMps,2.4227548918404556
11,paceSecPerKm,412.7532683425297
11,cadenceSpm,166.34910869320373
11,distanceM,30.116483811444688
11,motionIntensityG,0.668
11,activeEnergyKcal,0.5575525812619503
11,heartRateBpm,75.23523704996654
12,speedMps,2.5517905893273674
12,paceSecPerKm,391.8816866017177
12,cadenceSpm,165.98177545996475
12,distanceM,32.668274400772056
12,motionIntensityG,0.668
12,activeEnergyKcal,0.6040152963671128
12,heartRateBpm,74.84266882884833
13,speedMps,2.4779810202861356
13,paceSecPerKm,403.55434194751365
13,cadenceSpm,167.50026023541776
13,distanceM,35.14625542105819
13,motionIntensityG,0.668
13,activeEnergyKcal,0.6504780114722754
13,heartRateBpm,75.86690830805063
14,speedMps,2.622887608034925
14,paceSecPerKm,381.25918813166487
14,cadenceSpm,165.93770572797027
14,distanceM,37.769143029093115
14,motionIntensityG,0.668
14,activeEnergyKcal,0.6969407265774379
14,heartRateBpm,74.65796986088725
15,speedMps,2.431519276383911
15,paceSecPerKm,411.26550371715444
15,cadenceSpm,167.2319597294276
15,distanceM,40.200662305477024
15,motionIntensityG,0.668
15,activeEnergyKcal,0.7434034416826004
15,heartRateBpm,76.23364454195689
16,speedMps,2.4652230623469285
16,paceSecPerKm,405.64280582706596
16,cadenceSpm,168.61999359845666
16,distanceM,42.665885367823954
16,motionIntensityG,0.668
16,activeEnergyKcal,0.789866156787763
16,heartRateBpm,78.47073644517943
17,speedMps,2.540868687211729
17,paceSecPerKm,393.566186648303
17,cadenceSpm,166.80778465039998
17,distanceM,45.20675405503568
17,motionIntensityG,0.668
17,activeEnergyKcal,0.8363288718929255
17,heartRateBpm,81.4587452465207
18,speedMps,2.456040435276105
18,paceSecPerKm,407.15942035684816
18,cadenceSpm,166.31893161615994
18,distanceM,47.66279449031179
18,motionIntensityG,0.668
18,activeEnergyKcal,0.882791586998088
18,heartRateBpm,81.47039524973583
19,speedMps,2.6070135924407953
19,paceSecPerKm,383.58066214137307
19,cadenceSpm,168.22052710919377
19,distanceM,50.26980808275258
19,motionIntensityG,0.668
19,activeEnergyKcal,0.9292543021032506
19,heartRateBpm,81.68660845955768
20,speedMps,2.42129129867906
20,paceSecPerKm,413.002764494116
20,cadenceSpm,164.95233256781913
20,distanceM,52.69109938143164
20,motionIntensityG,0.668
20,activeEnergyKcal,0.9757170172084131
20,heartRateBpm,83.98325744681759
21,speedMps,2.484857717284522
21,paceSecPerKm,402.43752913660194
21,cadenceSpm,165.27608693868976
21,distanceM,55.17595709871616
21,motionIntensityG,0.668
21,activeEnergyKcal,1.0221797323135755
21,heartRateBpm,84.28930760345717
22,speedMps,2.470308542750412
22,paceSecPerKm,404.80773259465474
22,cadenceSpm,165.54120476054504
22,distanceM,57.64626564146657
22,motionIntensityG,0.668
22,activeEnergyKcal,1.068642447418738
22,heartRateBpm,84.30648177205266
23,speedMps,2.5657950977677078
23,paceSecPerKm,389.7427354468093
23,cadenceSpm,168.84314133177384
23,distanceM,60.212060739234275
23,motionIntensityG,0.668
23,activeEnergyKcal,1.1151051625239004
23,heartRateBpm,86.45294948196542
24,speedMps,2.478024979949237
24,paceSecPerKm,403.54718297492116
24,cadenceSpm,166.88247782184152
24,distanceM,62.690085719183514
24,motionIntensityG,0.668
24,activeEnergyKcal,1.1615678776290628
24,heartRateBpm,87.85668087652752
25,speedMps,2.536649158405952
25,paceSecPerKm,394.22085497562733
25,cadenceSpm,165.96623380787597
25,distanceM,65.22673487758946
25,motionIntensityG,0.668
25,activeEnergyKcal,1.2080305927342252
25,heartRateBpm,89.7624145364812
26,speedMps,2.4134713035463777
26,paceSecPerKm,414.34095302090003
26,cadenceSpm,168.28319704160552
26,distanceM,67.64020618113584
26,motionIntensityG,0.668
26,activeEnergyKcal,1.2544933078393876
26,heartRateBpm,89.01570343265091
27,speedMps,2.543934160690996
27,paceSecPerKm,393.0919343165607
27,cadenceSpm,168.32280341842582
27,distanceM,70.18414034182683
27,motionIntensityG,0.668
27,activeEnergyKcal,1.30095602294455
27,heartRateBpm,90.9243266443428
28,speedMps,2.5018464649632666
28,paceSecPerKm,399.70478364853716
28,cadenceSpm,167.38727696482982
28,distanceM,72.6859868067901
28,motionIntensityG,0.668
28,activeEnergyKcal,1.3474187380497125
28,heartRateBpm,91.24936738598325
29,speedMps,2.5557862805333333
29,paceSecPerKm,391.26902261613327
29,cadenceSpm,165.87215025372882
29,distanceM,75.24177308732344
29,motionIntensityG,0.668
29,activeEnergyKcal,1.3938814531548749
29,heartRateBpm,91.63858361830171
30,speedMps,2.5195888708857357
30,paceSecPerKm,396.8901480535831
30,cadenceSpm,168.75074310081547
30,distanceM,77.76136195820918
30,motionIntensityG,0.668
30,activeEnergyKcal,1.4403441682600373
30,heartRateBpm,92.2629192239
31,speedMps,2.5121765377685903
31,paceSecPerKm,398.06119711962504
31,cadenceSpm,166.1507869760046
31,distanceM,80.27353849597777
31,motionIntensityG,0.668
31,activeEnergyKcal,1.4868068833651997
31,heartRateBpm,91.57683064720032
32,speedMps,2.4593036112998847
32,paceSecPerKm,406.6191727630742
32,cadenceSpm,164.89691837571587
32,distanceM,82.73284210727766
32,motionIntensityG,0.668
32,activeEnergyKcal,1.5332695984703621
32,heartRateBpm,92.16486943117631
33,speedMps,2.441969694542822
33,paceSecPerKm,409.50549150333205
33,cadenceSpm,165.02618257955183
33,distanceM,85.17481180182048
33,motionIntensityG,0.668
33,activeEnergyKcal,1.5797323135755246
33,heartRateBpm,93.34233411413787
34,speedMps,2.4657072919246623
34,paceSecPerKm,405.56314339299695
34,cadenceSpm,163.70724435108775
34,distanceM,87.64051909374514
34,motionIntensityG,0.668
34,activeEnergyKcal,1.626195028680687
34,heartRateBpm,92.7936033824305
35,speedMps,2.444777471006391
35,paceSecPerKm,409.03518289881436
35,cadenceSpm,169.64198994028928
35,distanceM,90.08529656475153
35,motionIntensityG,0.668
35,activeEnergyKcal,1.6726577437858494
35,heartRateBpm,91.77514708938753
36,speedMps,2.4687684197112363
36,paceSecPerKm,405.0602689242787
36,cadenceSpm,168.07155207214433
36,distanceM,92.55406498446277
36,motionIntensityG,0.668
36,activeEnergyKcal,1.7191204588910118
36,heartRateBpm,94.89602790627882
37,speedMps,2.4672183658200635
37,paceSecPerKm,405.3147519707345
37,cadenceSpm,167.96981799983894
37,distanceM,95.02128335028283
37,motionIntensityG,0.668
37,activeEnergyKcal,1.7655831739961743
37,heartRateBpm,96.43640761581709
38,speedMps,2.4583670252003187
38,paceSecPerKm,406.7740861104804
38,cadenceSpm,165.66582556890916
38,distanceM,97.47965037548315
38,motionIntensityG,0.668
38,activeEnergyKcal,1.8120458891013367
38,heartRateBpm,97.22878263378755
39,speedMps,2.486655125459004
39,paceSecPerKm,402.1466385755496
39,cadenceSpm,165.9838512245681
39,distanceM,99.96630550094216
39,motionIntensityG,0.668
39,activeEnergyKcal,1.858508604206499
39,heartRateBpm,99.96889532496478
40,speedMps,2.4540200314860274
40,paceSecPerKm,407.4946362171509
40,cadenceSpm,167.8267902855425
40,distanceM,102.42032553242818
40,motionIntensityG,0.668
40,activeEnergyKcal,1.9049713193116615
40,heartRateBpm,101.93793540397093
41,speedMps,2.4965554706586763
41,paceSecPerKm,400.55188508836375
41,cadenceSpm,167.7362192299473
41,distanceM,104.91688100308686
41,motionIntensityG,0.668
41,activeEnergyKcal,1.951434034416824
41,heartRateBpm,102.9489245168961
42,speedMps,2.483152414560579
42,paceSecPerKm,402.71390275371436
42,cadenceSpm,166.64280461213082
42,distanceM,107.40003341764744
42,motionIntensityG,0.668
42,activeEnergyKcal,1.9978967495219864
42,heartRateBpm,103.3833522814079
43,speedMps,2.5657927667823452
43,paceSecPerKm,389.7430895224086
43,cadenceSpm,166.66770527554348
43,distanceM,109.96582618442979
43,motionIntensityG,0.668
43,activeEnergyKcal,2.044359464627149
43,heartRateBpm,103.47578878482592
44,speedMps,2.4730277629771087
44,paceSecPerKm,404.3626258348869
44,cadenceSpm,166.32739856188962
44,distanceM,112.4388539474069
44,motionIntensityG,0.668
44,activeEnergyKcal,2.0908221797323114
44,heartRateBpm,102.82338213877281
45,speedMps,2.534892342577577
45,paceSecPerKm,394.4940710906725
45,cadenceSpm,167.63226295637602
45,distanceM,114.97374628998448
45,motionIntensityG,0.668
45,activeEnergyKcal,2.137284894837474
45,heartRateBpm,102.91651944117321
46,speedMps,2.481095883028897
46,paceSecPerKm,403.04770437940914
46,cadenceSpm,164.99812697812925
46,distanceM,117.45484217301338
46,motionIntensityG,0.668
46,activeEnergyKcal,2.1837476099426367
46,heartRateBpm,104.12746557083474
47,speedMps,2.563985285255841
47,paceSecPerKm,390.0178389285169
47,cadenceSpm,165.9874276737495
47,distanceM,120.01882745826921
47,motionIntensityG,0.668
47,activeEnergyKcal,2.2302103250477994
47,heartRateBpm,104.63945809885048
48,speedMps,2.4851159867687134
48,paceSecPerKm,402.39570520016485
48,cadenceSpm,164.79337153377364
48,distanceM,122.50394344503793
48,motionIntensityG,0.668
48,activeEnergyKcal,2.276673040152962
48,heartRateBpm,106.52228579703592
49,speedMps,2.5760180010160183
49,paceSecPerKm,388.1960450608597
49,cadenceSpm,168.9829654209541
49,distanceM,125.07996144605396
49,motionIntensityG,0.668
49,activeEnergyKcal,2.3231357552581247
49,heartRateBpm,106.78910429000138
50,speedMps,2.5455118658743743
50,paceSecPerKm,392.848296409926
50,cadenceSpm,166.1419691005695
50,distanceM,127.62547331192833
50,motionIntensityG,0.668
50,activeEnergyKcal,2.3695984703632873
50,heartRateBpm,108.08204116469003
51,speedMps,2.549373436451904
51,paceSecPerKm,392.2532437584947
51,cadenceSpm,166.22902611255554
51,distanceM,130.17484674838025
51,motionIntensityG,0.668
51,activeEnergyKcal,2.41606118546845
51,heartRateBpm,108.42122519581594
52,speedMps,2.4849656983741806
52,paceSecPerKm,402.42004171496706
52,cadenceSpm,166.18564063069667
52,distanceM,132.65981244675442
52,motionIntensityG,0.668
52,activeEnergyKcal,2.4625239005736126
52,heartRateBpm,107.07960998645419
53,speedMps,2.5247612526284615
53,paceSecPerKm,396.0770543982829
53,cadenceSpm,167.76890451801697
53,distanceM,135.18457369938287
53,motionIntensityG,0.668
53,activeEnergyKcal,2.5089866156787752
53,heartRateBpm,106.20156344421683
54,speedMps,2.5042193813010822
54,paceSecPerKm,399.32603647546404
54,cadenceSpm,169.2072606269377
54,distanceM,137.68879308068395
54,motionIntensityG,0.668
54,activeEnergyKcal,2.555449330783938
54,heartRateBpm,109.03868591806547
55,speedMps,2.5554429937390966
55,paceSecPerKm,391.3215839484687
55,cadenceSpm,166.99421474467798
55,distanceM,140.24423607442304
55,motionIntensityG,0.668
55,activeEnergyKcal,2.6019120458891005
55,heartRateBpm,110.14576958438936
56,speedMps,2.545752928569815
56,paceSecPerKm,392.8110967790549
56,cadenceSpm,167.11326300381506
56,distanceM,142.78998900299285
56,motionIntensityG,0.668
56,activeEnergyKcal,2.648374760994263
56,heartRateBpm,111.02581834930103
57,speedMps,2.56937552548925
57,paceSecPerKm,389.1996285010087
57,cadenceSpm,168.34840336682032
57,distanceM,145.3593645284821
57,motionIntensityG,0.668
57,activeEnergyKcal,2.694837476099426
57,heartRateBpm,112.47452624027667
58,speedMps,2.501017839317963
58,paceSecPerKm,399.83721198594236
58,cadenceSpm,165.02972064564435
58,distanceM,147.86038236780007
58,motionIntensityG,0.668
58,activeEnergyKcal,2.7413001912045885
58,heartRateBpm,112.21835835869041
59,speedMps,2.473617477449529
59,paceSecPerKm,404.2662251202515
59,cadenceSpm,167.73466224580514
59,distanceM,150.3339998452496
59,motionIntensityG,0.668
59,activeEnergyKcal,2.787762906309751
59,heartRateBpm,111.43107341384855
60,speedMps,2.4273432934341446
60,paceSecPerKm,411.97304176337786
60,cadenceSpm,166.7254024265574
60,distanceM,152.76134313868374
60,motionIntensityG,0.668
60,activeEnergyKcal,2.8342256214149137
60,heartRateBpm,111.49142666647337
61,speedMps,2.42662154763933
61,paceSecPerKm,412.0955741833009
61,cadenceSpm,167.29959467788336
61,distanceM,155.18796468632308
61,motionIntensityG,0.668
61,activeEnergyKcal,2.8806883365200764
61,heartRateBpm,113.15790575320725
62,speedMps,2.500044464006461
62,paceSecPerKm,399.992885885495
62,cadenceSpm,164.80360690482
62,distanceM,157.68800915032955
62,motionIntensityG,0.668
62,activeEnergyKcal,2.927151051625239
62,heartRateBpm,114.057195245743
63,speedMps,2.6174327979625964
63,paceSecPerKm,382.0537439503309
63,cadenceSpm,166.1178437252761
63,distanceM,160.30544194829216
63,motionIntensityG,0.668
63,activeEnergyKcal,2.9736137667304017
63,heartRateBpm,113.1844906282215
64,speedMps,2.419513330709449
64,paceSecPerKm,413.30625762941355
64,cadenceSpm,164.150211034233
64,distanceM,162.7249552790016
64,motionIntensityG,0.668
64,activeEnergyKcal,3.0200764818355643
64,heartRateBpm,111.38194142566299
65,speedMps,2.4977604961076048
65,paceSecPerKm,400.358641894751
65,cadenceSpm,168.33812607640547
65,distanceM,165.2227157751092
65,motionIntensityG,0.668
65,activeEnergyKcal,3.066539196940727
65,heartRateBpm,113.76068860861822
66,speedMps,2.473439415313585
66,paceSecPerKm,404.295328120345
66,cadenceSpm,167.55855276565762
66,distanceM,167.6961551904228
66,motionIntensityG,0.668
66,activeEnergyKcal,3.1130019120458896
66,heartRateBpm,115.05874690516704
67,speedMps,2.427183645863028
67,paceSecPerKm,412.00013921667323
67,cadenceSpm,164.96425970741598
67,distanceM,170.12333883628582
67,motionIntensityG,0.668
67,activeEnergyKcal,3.1594646271510523
67,heartRateBpm,114.14517339932088
68,speedMps,2.5439514257556795
68,paceSecPerKm,393.08926651496523
68,cadenceSpm,164.87345540594416
68,distanceM,172.6672902620415
68,motionIntensityG,0.668
68,activeEnergyKcal,3.205927342256215
68,heartRateBpm,113.54630659384775
69,speedMps,2.357049738985717
69,paceSecPerKm,424.2591844626575
69,cadenceSpm,164.9776867866775
69,distanceM,175.0243400010272
69,motionIntensityG,0.668
69,activeEnergyKcal,3.2523900573613775
69,heartRateBpm,122.61127148939275
70,speedMps,2.4704454849691735
70,paceSecPerKm,404.7852932130086
70,cadenceSpm,168.079870108265
70,distanceM,177.49478548599637
70,motionIntensityG,0.668
70,activeEnergyKcal,3.29885277246654
70,heartRateBpm,131.9841391207366
71,speedMps,2.6622232170612006
71,paceSecPerKm,375.62590303899805
71,cadenceSpm,163.12311432917687
71,distanceM,180.15700870305758
71,motionIntensityG,0.668
71,activeEnergyKcal,3.345315487571703
71,heartRateBpm,140.42505417607094
72,speedMps,2.535654997513905
72,paceSecPerKm,394.37541817812547
72,cadenceSpm,167.99004673364792
72,distanceM,182.6926637005715
72,motionIntensityG,0.668
72,activeEnergyKcal,3.3917782026768655
72,heartRateBpm,139.5652707124038
73,speedMps,2.5054686499279506
73,paceSecPerKm,399.1269258263347
73,cadenceSpm,169.07475414553173
73,distanceM,185.19813235049946
73,motionIntensityG,0.668
73,activeEnergyKcal,3.438240917782028
73,heartRateBpm,139.55648349783837
74,speedMps,2.4846152354592306
74,paceSecPerKm,402.4768043472012
74,cadenceSpm,166.1394671467043
74,distanceM,187.68274758595868
74,motionIntensityG,0.668
74,activeEnergyKcal,3.4847036328871908
74,heartRateBpm,139.44793033492203
75,speedMps,2.498357909095944
75,paceSecPerKm,400.26290723167847
75,cadenceSpm,164.6028549618127
75,distanceM,190.18110549505462
75,motionIntensityG,0.668
75,activeEnergyKcal,3.5311663479923534
75,heartRateBpm,138.5243042808765
76,speedMps,2.4219563521949588
76,paceSecPerKm,412.8893566119492
76,cadenceSpm,165.25352100853655
76,distanceM,192.6030618472496
76,motionIntensityG,0.668
76,activeEnergyKcal,3.577629063097516
76,heartRateBpm,139.20878340179698
77,speedMps,2.5468346620396662
77,paceSecPerKm,392.64425559495754
77,cadenceSpm,167.5658109002064
77,distanceM,195.14989650928925
77,motionIntensityG,0.668
77,activeEnergyKcal,3.6240917782026787
77,heartRateBpm,138.73660359101825
78,speedMps,2.441911632922968
78,paceSecPerKm,409.51522836352603
78,cadenceSpm,166.04245081967346
78,distanceM,197.59180814221222
78,motionIntensityG,0.668
78,activeEnergyKcal,3.6705544933078413
78,heartRateBpm,136.84222291990537
79,speedMps,2.5012113141058316
79,paceSecPerKm,399.80628360362834
79,cadenceSpm,168.00479707570602
79,distanceM,200.09301945631805
79,motionIntensityG,0.668
79,activeEnergyKcal,3.717017208413004
79,heartRateBpm,134.86040054314037
80,speedMps,2.530814884641511
80,paceSecPerKm,395.1296501646937
80,cadenceSpm,164.89853971234274
80,distanceM,202.62383434095955
80,motionIntensityG,0.668
80,activeEnergyKcal,3.7634799235181666
80,heartRateBpm,135.00731732265126
81,speedMps,2.4843057123548475
81,paceSecPerKm,402.52694949210195
81,cadenceSpm,165.10952003129032
81,distanceM,205.1081400533144
81,motionIntensityG,0.668
81,activeEnergyKcal,3.8099426386233293
81,heartRateBpm,137.0727849188179
82,speedMps,2.74252136269928
82,paceSecPerKm,364.6279710345691
82,cadenceSpm,169.37998627970424
82,distanceM,207.85066141601368
82,motionIntensityG,0.668
82,activeEnergyKcal,3.856405353728492
82,heartRateBpm,137.7818502450331
83,speedMps,2.493955603651608
83,paceSecPerKm,400.9694473052434
83,cadenceSpm,168.07186195300105
83,distanceM,210.3446170196653
83,motionIntensityG,0.668
83,activeEnergyKcal,3.9028680688336546
83,heartRateBpm,142.7048323724174
84,speedMps,2.4933299301775524
84,paceSecPerKm,401.07006613793345
84,cadenceSpm,167.95809909350046
84,distanceM,212.83794694984286
84,motionIntensityG,0.668
84,activeEnergyKcal,3.949330783938817
84,heartRateBpm,143.14567025341083
85,speedMps,2.4424115135099016
85,paceSecPerKm,409.431414185784
85,cadenceSpm,165.328835498279
85,distanceM,215.28035846335277
85,motionIntensityG,0.668
85,activeEnergyKcal,3.99579349904398
85,heartRateBpm,141.85662599032779
86,speedMps,2.4928857381950844
86,paceSecPerKm,401.14153034708545
86,cadenceSpm,168.75505928712113
86,distanceM,217.77324420154784
86,motionIntensityG,0.668
86,activeEnergyKcal,4.042256214149142
86,heartRateBpm,141.9909060696003
87,speedMps,2.4523203668399156
87,paceSecPerKm,407.77706433544404
87,cadenceSpm,166.88050005413643
87,distanceM,220.22556456838777
87,motionIntensityG,0.668
87,activeEnergyKcal,4.088718929254305
87,heartRateBpm,141.3307396254863
88,speedMps,2.561651063219259
88,paceSecPerKm,390.37323012420256
88,cadenceSpm,168.1344647384397
88,distanceM,222.78721563160704
88,motionIntensityG,0.668
88,activeEnergyKcal,4.135181644359467
88,heartRateBpm,140.48490159130128
89,speedMps,2.5122095633107975
89,paceSecPerKm,398.0559642015363
89,cadenceSpm,165.53536093032665
89,distanceM,225.29942519491783
89,motionIntensityG,0.668
89,activeEnergyKcal,4.18164435946463
89,heartRateBpm,142.0227673333792
90,speedMps,2.6003960922862324
90,paceSecPerKm,384.55680000688426
90,cadenceSpm,164.33951675085254
90,distanceM,227.89982128720408
90,motionIntensityG,0.668
90,activeEnergyKcal,4.228107074569793
90,heartRateBpm,141.73344520835755
91,speedMps,2.4837867372765428
91,paceSecPerKm,402.611055527454
91,cadenceSpm,164.36780693051406
91,distanceM,230.38360802448062
91,motionIntensityG,0.668
91,activeEnergyKcal,4.274569789674955
91,heartRateBpm,141.78979160586582
92,speedMps,2.5520599914366184
92,paceSecPerKm,391.84031854873245
92,cadenceSpm,165.31456214526509
92,distanceM,232.93566801591723
92,motionIntensityG,0.668
92,activeEnergyKcal,4.321032504780118
92,heartRateBpm,139.8975295778163
93,speedMps,2.4443736799082854
93,paceSecPerKm,409.1027522590248
93,cadenceSpm,165.0381491967114
93,distanceM,235.38004169582553
93,motionIntensityG,0.668
93,activeEnergyKcal,4.3674952198852806
93,heartRateBpm,139.14627237002273
94,speedMps,2.61547709928278
94,paceSecPerKm,382.3394210846738
94,cadenceSpm,165.72383501704493
94,distanceM,237.9955187951083
94,motionIntensityG,0.668
94,activeEnergyKcal,4.413957934990443
94,heartRateBpm,138.13526638053415
95,speedMps,2.4872652307734717
95,paceSecPerKm,402.04799537563883
95,cadenceSpm,162.99824370065951
95,distanceM,240.48278402588176
95,motionIntensityG,0.668
95,activeEnergyKcal,4.460420650095606
95,heartRateBpm,139.69345321958886
96,speedMps,2.4788591526308523
96,paceSecPerKm,403.4113833933179
96,cadenceSpm,165.85341013345447
96,distanceM,242.96164317851262
96,motionIntensityG,0.668
96,activeEnergyKcal,4.5068833652007685
96,heartRateBpm,140.1063025269748
97,speedMps,2.5329344319320515
97,paceSecPerKm,394.7990075831643
97,cadenceSpm,165.11560798694367
97,distanceM,245.49457761044468
97,motionIntensityG,0.668
97,activeEnergyKcal,4.553346080305931
97,heartRateBpm,138.55174181511399
98,speedMps,2.53393851069751
98,paceSecPerKm,394.6425675991375
98,cadenceSpm,165.60035738168725
98,distanceM,248.0285161211422
98,motionIntensityG,0.668
98,activeEnergyKcal,4.599808795411094
98,heartRateBpm,138.69478189674845
99,speedMps,2.5442506365468187
99,paceSecPerKm,393.0430381486507
99,cadenceSpm,166.02902800286583
99,distanceM,250.572766757689
99,motionIntensityG,0.668
99,activeEnergyKcal,4.646271510516256
99,heartRateBpm,139.30412534859994
100,speedMps,2.3661929942356235
100,paceSecPerKm,422.6197957800313
100,cadenceSpm,165.24588262554582
100,distanceM,252.93895975192464
100,motionIntensityG,0.668
100,activeEnergyKcal,4.692734225621419
100,heartRateBpm,141.25181390148046
101,speedMps,2.5561771176774153
101,paceSecPerKm,391.2091979403276
101,cadenceSpm,167.27311964612613
101,distanceM,255.49513686960205
101,motionIntensityG,0.668
101,activeEnergyKcal,4.739196940726582
101,heartRateBpm,140.71557745024108
102,speedMps,2.447488822224252
102,paceSecPerKm,408.5820498625242
102,cadenceSpm,165.7737189413457
102,distanceM,257.9426256918263
102,motionIntensityG,0.668
102,activeEnergyKcal,4.785659655831744
102,heartRateBpm,142.26501619973374
103,speedMps,2.522603844417772
103,paceSecPerKm,396.4157916483333
103,cadenceSpm,164.49295396919322
103,distanceM,260.46522953624407
103,motionIntensityG,0.668
103,activeEnergyKcal,4.832122370936907
103,heartRateBpm,141.10368416437927
104,speedMps,2.443074256651486
104,paceSecPerKm,409.32034598515025
104,cadenceSpm,166.6602664577017
104,distanceM,262.90830379289554
104,motionIntensityG,0.668
104,activeEnergyKcal,4.87858508604207
104,heartRateBpm,139.4098730849646
105,speedMps,2.6098177380858685
105,paceSecPerKm,383.16851993405294
105,cadenceSpm,166.85757202415215
105,distanceM,265.51812153098143
105,motionIntensityG,0.668
105,activeEnergyKcal,4.925047801147232
105,heartRateBpm,140.6707468281758
106,speedMps,2.4978265753022146
106,paceSecPerKm,400.34805053629833
106,cadenceSpm,165.52247416727948
106,distanceM,268.01594810628364
106,motionIntensityG,0.668
106,activeEnergyKcal,4.971510516252395
106,heartRateBpm,139.10901653686133
107,speedMps,2.575956689645501
107,paceSecPerKm,388.2052846694478
107,cadenceSpm,166.01222237358192
107,distanceM,270.59190479592917
107,motionIntensityG,0.668
107,activeEnergyKcal,5.017973231357558
107,heartRateBpm,138.63342248316738
108,speedMps,2.456576642984962
108,paceSecPerKm,407.07054789257865
108,cadenceSpm,164.08104111116924
108,distanceM,273.0484814389141
108,motionIntensityG,0.668
108,activeEnergyKcal,5.06443594646272
108,heartRateBpm,140.7521400008369
109,speedMps,2.6056489215236485
109,paceSecPerKm,383.78155696249814
109,cadenceSpm,164.99596369802697
109,distanceM,275.65413036043776
109,motionIntensityG,0.668
109,activeEnergyKcal,5.110898661567883
109,heartRateBpm,140.7126737270313
110,speedMps,2.41254805472083
110,paceSecPerKm,414.4995155819667
110,cadenceSpm,168.658277267576
110,distanceM,278.0666784151586
110,motionIntensityG,0.668
110,activeEnergyKcal,5.1573613766730455
110,heartRateBpm,137.8113064284701
111,speedMps,2.5454916263084115
111,paceSecPerKm,392.85142000260504
111,cadenceSpm,166.98428487033144
111,distanceM,280.61217004146704
111,motionIntensityG,0.668
111,activeEnergyKcal,5.203824091778208
111,heartRateBpm,137.62491238651322
112,speedMps,2.470265005578283
112,paceSecPerKm,404.8148671263318
112,cadenceSpm,167.40960954871713
112,distanceM,283.0824350470453
112,motionIntensityG,0.668
112,activeEnergyKcal,5.250286806883371
112,heartRateBpm,137.5676467582365
113,speedMps,2.5235108288385764
113,paceSecPerKm,396.2733143729925
113,cadenceSpm,168.34400127171014
113,distanceM,285.6059458758839
113,motionIntensityG,0.668
113,activeEnergyKcal,5.296749521988533
113,heartRateBpm,139.46859894527952
114,speedMps,2.548828948004149
114,paceSecPerKm,392.3370380672451
114,cadenceSpm,166.0973075435796
114,distanceM,288.15477482388803
114,motionIntensityG,0.668
114,activeEnergyKcal,5.343212237093696
114,heartRateBpm,142.68494873988564
115,speedMps,2.392262733887926
115,paceSecPerKm,418.01428657244156
115,cadenceSpm,168.50926505053246
115,distanceM,290.547037557776
115,motionIntensityG,0.668
115,activeEnergyKcal,5.389674952198859
115,heartRateBpm,143.1977327121443
116,speedMps,2.517183967404298
116,paceSecPerKm,397.26933468084684
116,cadenceSpm,168.08861427430426
116,distanceM,293.0642215251803
116,motionIntensityG,0.668
116,activeEnergyKcal,5.436137667304021
116,heartRateBpm,144.4523051655009
117,speedMps,2.5170775428974523
117,paceSecPerKm,397.28613161789303
117,cadenceSpm,167.29434514635025
117,distanceM,295.5812990680777
117,motionIntensityG,0.668
117,activeEnergyKcal,5.482600382409184
117,heartRateBpm,146.85092312754654
118,speedMps,2.4415566015191668
118,paceSecPerKm,409.574776754218
118,cadenceSpm,165.81231166370088
118,distanceM,298.0228556695969
118,motionIntensityG,0.668
118,activeEnergyKcal,5.529063097514347
118,heartRateBpm,146.13661233412657
119,speedMps,2.4598510080702933
119,paceSecPerKm,406.52868678598594
119,cadenceSpm,167.34852211592707
119,distanceM,300.4827066776672
119,motionIntensityG,0.668
119,activeEnergyKcal,5.575525812619509
119,heartRateBpm,146.91334769118697
120,speedMps,2.5055344236518935
120,paceSecPerKm,399.1164481956984
120,cadenceSpm,164.62568038287722
120,distanceM,302.9882411013191
120,motionIntensityG,0.668
120,activeEnergyKcal,5.621988527724672
120,heartRateBpm,144.69323426583716
121,speedMps,2.448322958222228
121,paceSecPerKm,408.44284723209813
121,cadenceSpm,166.3265762727641
121,distanceM,305.4365640595413
121,motionIntensityG,0.668
121,activeEnergyKcal,5.668451242829835
121,heartRateBpm,143.24496493560648
122,speedMps,2.5404351884312417
122,paceSecPerKm,393.6333446150679
122,cadenceSpm,165.80270912275336
122,distanceM,307.9769992479725
122,motionIntensityG,0.668
122,activeEnergyKcal,5.714913957934997
122,heartRateBpm,141.0016122001551
123,speedMps,2.4518421220733795
123,paceSecPerKm,407.85660340738355
123,cadenceSpm,169.32988552146858
123,distanceM,310.4288413700459
123,motionIntensityG,0.668
123,activeEnergyKcal,5.76137667304016
123,heartRateBpm,141.24289834337378
124,speedMps,2.5213594820460754
124,paceSecPerKm,396.61143407781867
124,cadenceSpm,167.8182636491516
124,distanceM,312.950200852092
124,motionIntensityG,0.668
124,activeEnergyKcal,5.8078393881453225
124,heartRateBpm,140.52652118886013
125,speedMps,2.483571299038911
125,paceSecPerKm,402.64598016049655
125,cadenceSpm,168.72048273311637
125,distanceM,315.4337721511309
125,motionIntensityG,0.668
125,activeEnergyKcal,5.854302103250485
125,heartRateBpm,138.3249966508657
126,speedMps,2.4760089807381758
126,paceSecPerKm,403.87575642066884
126,cadenceSpm,164.99408359190022
126,distanceM,317.90978113186907
126,motionIntensityG,0.668
126,activeEnergyKcal,5.900764818355648
126,heartRateBpm,140.78310195619633
127,speedMps,2.5275422153112457
127,paceSecPerKm,395.64126523475625
127,cadenceSpm,169.04045698857522
127,distanceM,320.4373233471803
127,motionIntensityG,0.668
127,activeEnergyKcal,5.9472275334608105
127,heartRateBpm,141.03168352511395
128,speedMps,2.433159267235298
128,paceSecPerKm,410.98830375220774
128,cadenceSpm,165.25650729843844
128,distanceM,322.8704826144156
128,motionIntensityG,0.668
128,activeEnergyKcal,5.993690248565973
128,heartRateBpm,141.44227329935683
129,speedMps,2.4964439492210926
129,paceSecPerKm,400.56977858926365
129,cadenceSpm,165.29688272945236
129,distanceM,325.3669265636367
129,motionIntensityG,0.668
129,activeEnergyKcal,6.040152963671136
129,heartRateBpm,140.77734550051105
130,speedMps,2.4162333938821945
130,paceSecPerKm,413.86730376790575
130,cadenceSpm,166.1178805150299
130,distanceM,327.7831599575189
130,motionIntensityG,0.668
130,activeEnergyKcal,6.086615678776298
130,heartRateBpm,139.125499822204
131,speedMps,2.5133851283078315
131,paceSecPerKm,397.86978475251135
131,cadenceSpm,168.24979920665353
131,distanceM,330.2965450858267
131,motionIntensityG,0.668
131,activeEnergyKcal,6.133078393881461
131,heartRateBpm,138.24165878734766
132,speedMps,2.4429809289702327
132,paceSecPerKm,409.33598299579063
132,cadenceSpm,166.6292864889225
132,distanceM,332.739526014797
132,motionIntensityG,0.668
132,activeEnergyKcal,6.179541108986624
132,heartRateBpm,138.54046479382862
133,speedMps,2.480323313808536
133,paceSecPerKm,403.1732453719915
133,cadenceSpm,166.85122417413442
133,distanceM,335.2198493286055
133,motionIntensityG,0.668
133,activeEnergyKcal,6.226003824091786
133,heartRateBpm,136.07456695430676
134,speedMps,2.4829110201349063
134,paceSecPerKm,402.7530555427097
134,cadenceSpm,166.94827792116652
134,distanceM,337.7027603487404
134,motionIntensityG,0.668
134,activeEnergyKcal,6.272466539196949
134,heartRateBpm,134.21535352330454
135,speedMps,2.5947955755772654
135,paceSecPerKm,385.3868140566447
135,cadenceSpm,166.65827193017722
135,distanceM,340.2975559243177
135,motionIntensityG,0.668
135,activeEnergyKcal,6.318929254302112
135,heartRateBpm,134.93848889129706
136,speedMps,2.45809049188664
136,paceSecPerKm,406.81984788626613
136,cadenceSpm,168.5221172160731
136,distanceM,342.75564641620434
136,motionIntensityG,0.668
136,activeEnergyKcal,6.365391969407274
136,heartRateBpm,134.19153387994353
137,speedMps,2.5602238841357186
137,paceSecPerKm,390.5908409793546
137,cadenceSpm,168.58137487197618
137,distanceM,345.31587030034007
137,motionIntensityG,0.668
137,activeEnergyKcal,6.411854684512437
137,heartRateBpm,133.46826467046643
138,speedMps,2.5244278318554274
138,paceSecPerKm,396.12936736837145
138,cadenceSpm,168.49414179526258
138,distanceM,347.84029813219547
138,motionIntensityG,0.668
138,activeEnergyKcal,6.4583173996175995
138,heartRateBpm,133.970801016353
139,speedMps,2.4703015861850997
139,paceSecPerKm,404.80887256535567
139,cadenceSpm,164.5660263931713
139,distanceM,350.31059971838056
139,motionIntensityG,0.668
139,activeEnergyKcal,6.504780114722762
139,heartRateBpm,133.2614175263201
140,speedMps,2.482401550181463
140,paceSecPerKm,402.83571363661946
140,cadenceSpm,167.19770597255766
140,distanceM,352.793001268562
140,motionIntensityG,0.668
140,activeEnergyKcal,6.551242829827925
140,heartRateBpm,132.41309950163821
141,speedMps,2.5971265591591948
141,paceSecPerKm,385.04092011740255
141,cadenceSpm,166.66572051597902
141,distanceM,355.39012782772124
141,motionIntensityG,0.668
141,activeEnergyKcal,6.5977055449330875
141,heartRateBpm,134.1940009044573
142,speedMps,2.5278246782200426
142,paceSecPerKm,395.59705568827104
142,cadenceSpm,165.57274895578652
142,distanceM,357.9179525059413
142,motionIntensityG,0.668
142,activeEnergyKcal,6.64416826003825
142,heartRateBpm,134.5231116143721
143,speedMps,2.433672669236045
143,paceSecPerKm,410.90160260291304
143,cadenceSpm,164.48205665658443
143,distanceM,360.35162517517733
143,motionIntensityG,0.668
143,activeEnergyKcal,6.690630975143413
143,heartRateBpm,134.76717643837637
144,speedMps,2.454441065214935
144,paceSecPerKm,407.4247347684554
144,cadenceSpm,165.9229919144884
144,distanceM,362.8060662403923
144,motionIntensityG,0.668
144,activeEnergyKcal,6.737093690248575
144,heartRateBpm,133.1387374137008
145,speedMps,2.5248587884992673
145,paceSecPerKm,396.06175385134424
145,cadenceSpm,166.70335357290855
145,distanceM,365.33092502889156
145,motionIntensityG,0.668
145,activeEnergyKcal,6.783556405353738
145,heartRateBpm,131.83584860931524
146,speedMps,2.5360639364726274
146,paceSecPerKm,394.3118253520393
146,cadenceSpm,166.80462484428944
146,distanceM,367.86698896536416
146,motionIntensityG,0.668
146,activeEnergyKcal,6.830019120458901
146,heartRateBpm,133.6021227462614
147,speedMps,2.5352136224357054
147,paceSecPerKm,394.4440780652048
147,cadenceSpm,169.46052227190552
147,distanceM,370.4022025877999
147,motionIntensityG,0.668
147,activeEnergyKcal,6.876481835564063
147,heartRateBpm,132.36201676396885
148,speedMps,2.4791046687397515
148,paceSecPerKm,403.3714318759878
148,cadenceSpm,167.52537721055492
148,distanceM,372.8813072565396
148,motionIntensityG,0.668
148,activeEnergyKcal,6.922944550669226
148,heartRateBpm,132.4090411441802
149,speedMps,2.4910111093344125
149,paceSecPerKm,401.44341237691054
149,cadenceSpm,167.79142826480256
149,distanceM,375.37231836587404
149,motionIntensityG,0.668
149,activeEnergyKcal,6.969407265774389
149,heartRateBpm,133.29096944968813
150,speedMps,2.530502070129219
150,paceSecPerKm,395.1784951311798
150,cadenceSpm,167.36079488514463
150,distanceM,377.90282043600325
150,motionIntensityG,0.668
150,activeEnergyKcal,7.015869980879551
150,heartRateBpm,134.0438036574488
151,speedMps,2.5966229465279818
151,paceSecPerKm,385.11559844956633
151,cadenceSpm,166.5763810378366
151,distanceM,380.49944338253124
151,motionIntensityG,0.668
151,activeEnergyKcal,7.062332695984714
151,heartRateBpm,131.04024287495207
152,speedMps,2.4540159993264896
152,paceSecPerKm,407.4953057659169
152,cadenceSpm,165.49868445839041
152,distanceM,382.9534593818577
152,motionIntensityG,0.668
152,activeEnergyKcal,7.108795411089877
152,heartRateBpm,130.9448794747972
153,speedMps,2.538839930130045
153,paceSecPerKm,393.88068075200704
153,cadenceSpm,167.26829658676206
153,distanceM,385.4922993119878
153,motionIntensityG,0.668
153,activeEnergyKcal,7.155258126195039
153,heartRateBpm,130.8410865858468
154,speedMps,2.563834264494556
154,paceSecPerKm,390.0408126408841
154,cadenceSpm,167.29352394900494
154,distanceM,388.05613357648235
154,motionIntensityG,0.668
154,activeEnergyKcal,7.201720841300202
154,heartRateBpm,131.73863794461883
155,speedMps,2.518206729145339
155,paceSecPerKm,397.1079849903319
155,cadenceSpm,168.95576932628663
155,distanceM,390.5743403056277
155,motionIntensityG,0.668
155,activeEnergyKcal,7.2481835564053645
155,heartRateBpm,131.8527680501842
156,speedMps,2.4899575544496946
156,paceSecPerKm,401.6132717655944
156,cadenceSpm,168.4312909043391
156,distanceM,393.0642978600774
156,motionIntensityG,0.668
156,activeEnergyKcal,7.294646271510527
156,heartRateBpm,132.60263725688168
157,speedMps,2.395854317229402
157,paceSecPerKm,417.38764865987906
157,cadenceSpm,166.4337031590371
157,distanceM,395.4601521773068
157,motionIntensityG,0.668
157,activeEnergyKcal,7.34110898661569
157,heartRateBpm,132.610817707708
158,speedMps,2.5000876240670737
158,paceSecPerKm,399.9859806406415
158,cadenceSpm,164.54479340875463
158,distanceM,397.96023980137386
158,motionIntensityG,0.668
158,activeEnergyKcal,7.387571701720852
158,heartRateBpm,132.89477093728246
159,speedMps,2.527869848012204
159,paceSecPerKm,395.58998687624376
159,cadenceSpm,168.49009411952147
159,distanceM,400.48810964938605
159,motionIntensityG,0.668
159,activeEnergyKcal,7.434034416826015
159,heartRateBpm,134.75791709826913
160,speedMps,2.3863132605203137
160,paceSecPerKm,419.05646527814173
160,cadenceSpm,166.04559611666204
160,distanceM,402.87442290990634
160,motionIntensityG,0.668
160,activeEnergyKcal,7.480497131931178
160,heartRateBpm,134.50329394301306
161,speedMps,2.4521057792634577
161,paceSecPerKm,407.81274953822395
161,cadenceSpm,164.56203600050787
161,distanceM,405.3265286891698
161,motionIntensityG,0.668
161,activeEnergyKcal,7.52695984703634
161,heartRateBpm,135.01072020975008
162,speedMps,2.5543731406927734
162,paceSecPerKm,391.4854819248488
162,cadenceSpm,168.9773156329847
162,distanceM,407.8809018298625
162,motionIntensityG,0.668
162,activeEnergyKcal,7.573422562141503
162,heartRateBpm,135.0298867944211
163,speedMps,2.405967357948582
163,paceSecPerKm,415.63323654259284
163,cadenceSpm,166.4347595400532
163,distanceM,410.2868691878111
163,motionIntensityG,0.668
163,activeEnergyKcal,7.619885277246666
163,heartRateBpm,134.4173459585465
164,speedMps,2.484600061119123
164,paceSecPerKm,402.47926241681574
164,cadenceSpm,169.42467009910513
164,distanceM,412.7714692489302
164,motionIntensityG,0.668
164,activeEnergyKcal,7.666347992351828
164,heartRateBpm,133.2326596824352
165,speedMps,2.381897146844486
165,paceSecPerKm,419.8334094000617
165,cadenceSpm,166.48873570086235
165,distanceM,415.1533663957747
165,motionIntensityG,0.668
165,activeEnergyKcal,7.712810707456991
165,heartRateBpm,132.28383179994776
166,speedMps,2.4535577322376465
166,paceSecPerKm,407.57141633997713
166,cadenceSpm,165.02352320246266
166,distanceM,417.60692412801234
166,motionIntensityG,0.668
166,activeEnergyKcal,7.759273422562154
166,heartRateBpm,132.5506356328651
167,speedMps,2.622539527054607
167,paceSecPerKm,381.30979140021094
167,cadenceSpm,167.00579680313126
167,distanceM,420.2294636550669
167,motionIntensityG,0.668
167,activeEnergyKcal,7.805736137667316
167,heartRateBpm,129.65433389724808
168,speedMps,2.446570437641813
168,paceSecPerKm,408.735421884634
168,cadenceSpm,166.91699488088102
168,distanceM,422.67603409270873
168,motionIntensityG,0.668
168,activeEnergyKcal,7.852198852772479
168,heartRateBpm,130.93133195730928
169,speedMps,2.459951988710103
169,paceSecPerKm,406.5119988477331
169,cadenceSpm,165.82395574192637
169,distanceM,425.1359860814188
169,motionIntensityG,0.668
169,activeEnergyKcal,7.8986615678776415
169,heartRateBpm,130.98413716484103
170,speedMps,2.509305956980603
170,paceSecPerKm,398.5165687819431
170,cadenceSpm,164.59316430933265
170,distanceM,427.6452920383994
170,motionIntensityG,0.668
170,activeEnergyKcal,7.945124282982804
170,heartRateBpm,129.88477768346476
171,speedMps,2.4287138682783374
171,paceSecPerKm,411.7405566217968
171,cadenceSpm,166.74153268399863
171,distanceM,430.07400590667777
171,motionIntensityG,0.668
171,activeEnergyKcal,7.991586998087967
171,heartRateBpm,127.39817945072626
172,speedMps,2.478146492988775
172,paceSecPerKm,403.5273955067715
172,cadenceSpm,168.23498951682683
172,distanceM,432.55215239966657
172,motionIntensityG,0.668
172,activeEnergyKcal,8.038049713193129
172,heartRateBpm,128.16368648154824
173,speedMps,2.50496127402767
173,paceSecPerKm,399.2077683469025
173,cadenceSpm,165.29776072880736
173,distanceM,435.05711367369423
173,motionIntensityG,0.668
173,activeEnergyKcal,8.084512428298291
173,heartRateBpm,129.0056887371893
174,speedMps,2.4705995074513543
174,paceSecPerKm,404.76005802801683
174,cadenceSpm,166.7915376913379
174,distanceM,437.5277131811456
174,motionIntensityG,0.668
174,activeEnergyKcal,8.130975143403454
174,heartRateBpm,128.1493772303255
175,speedMps,2.5128311221901374
175,paceSecPerKm,397.957503458656
175,cadenceSpm,167.184280307608
175,distanceM,440.04054430333576
175,motionIntensityG,0.668
175,activeEnergyKcal,8.177437858508616
175,heartRateBpm,129.02555975312757
176,speedMps,2.4475740485150763
176,paceSecPerKm,408.56782274133525
176,cadenceSpm,166.23006127152652
176,distanceM,442.48811835185086
176,motionIntensityG,0.668
176,activeEnergyKcal,8.22390057361378
176,heartRateBpm,130.54089060048233
177,speedMps,2.5812204142422734
177,paceSecPerKm,387.4136414241686
177,cadenceSpm,166.56074498589663
177,distanceM,445.06933876609315
177,motionIntensityG,0.668
177,activeEnergyKcal,8.270363288718942
177,heartRateBpm,131.28551124948046
178,speedMps,2.5819913339367067
178,paceSecPerKm,387.29796915132226
178,cadenceSpm,163.4029002861609
178,distanceM,447.65133010002984
178,motionIntensityG,0.668
178,activeEnergyKcal,8.316826003824104
178,heartRateBpm,127.67296589548872
179,speedMps,2.5573598055803033
179,paceSecPerKm,391.02827760800164
179,cadenceSpm,166.35218598933625
179,distanceM,450.20868990561013
179,motionIntensityG,0.668
179,activeEnergyKcal,8.363288718929267
179,heartRateBpm,128.60066015130386
180,speedMps,2.4936901249247505
180,paceSecPerKm,401.0121345891667
180,cadenceSpm,166.29358238549182
180,distanceM,452.70238003053487
180,motionIntensityG,0.668
180,activeEnergyKcal,8.40975143403443
180,heartRateBpm,127.94790016301414
181,speedMps,2.516255989910582
181,paceSecPerKm,397.41584481455567
181,cadenceSpm,165.33280210183452
181,distanceM,455.21863602044544
181,motionIntensityG,0.668
181,activeEnergyKcal,8.456214149139592
181,heartRateBpm,129.66922083639994
182,speedMps,2.552106810862357
182,paceSecPerKm,391.8331300805157
182,cadenceSpm,170.23353820891774
182,distanceM,457.7707428313078
182,motionIntensityG,0.668
182,activeEnergyKcal,8.502676864244755
182,heartRateBpm,129.27534028170126
183,speedMps,2.4654207074653853
183,paceSecPerKm,405.61028670358894
183,cadenceSpm,164.93231238696762
183,distanceM,460.2361635387732
183,motionIntensityG,0.668
183,activeEnergyKcal,8.549139579349918
183,heartRateBpm,129.99240491965782
184,speedMps,2.4240221038505387
184,paceSecPerKm,412.53749229906293
184,cadenceSpm,168.44352734152318
184,distanceM,462.66018564262373
184,motionIntensityG,0.668
184,activeEnergyKcal,8.59560229445508
184,heartRateBpm,129.726592456321
185,speedMps,2.60333076521854
185,paceSecPerKm,384.1232982609698
185,cadenceSpm,168.0635390799625
185,distanceM,465.26351640784225
185,motionIntensityG,0.668
185,activeEnergyKcal,8.642065009560243
185,heartRateBpm,129.481878410702
186,speedMps,2.4072042359405503
186,paceSecPerKm,415.41967443791776
186,cadenceSpm,167.47661826592855
186,distanceM,467.6707206437828
186,motionIntensityG,0.668
186,activeEnergyKcal,8.688527724665406
186,heartRateBpm,129.20174349770963
187,speedMps,2.5752433591023673
187,paceSecPerKm,388.3128157443583
187,cadenceSpm,169.77921698618218
187,distanceM,470.24596400288516
187,motionIntensityG,0.668
187,activeEnergyKcal,8.734990439770568
187,heartRateBpm,126.98798192905181
188,speedMps,2.4281633090735273
188,paceSecPerKm,411.8339142442412
188,cadenceSpm,167.56958265185486
188,distanceM,472.67412731195867
188,motionIntensityG,0.668
188,activeEnergyKcal,8.78145315487573
188,heartRateBpm,128.19482859000576
189,speedMps,2.481223445957231
189,paceSecPerKm,403.02698317208996
189,cadenceSpm,166.3040411941074
189,distanceM,475.1553507579159
189,motionIntensityG,0.668
189,activeEnergyKcal,8.827915869980894
189,heartRateBpm,128.59389615074969
190,speedMps,2.5492515933583864
190,paceSecPerKm,392.2719917505667
190,cadenceSpm,168.57789045437062
190,distanceM,477.70460235127433
190,motionIntensityG,0.668
190,activeEnergyKcal,8.874378585086056
190,heartRateBpm,128.76184365338116
191,speedMps,2.430553792116841
191,paceSecPerKm,411.42886993217724
191,cadenceSpm,164.5084619753235
191,distanceM,480.13515614339116
191,motionIntensityG,0.668
191,activeEnergyKcal,8.920841300191219
191,heartRateBpm,130.540431719288
192,speedMps,2.5894367313157316
192,paceSecPerKm,386.18437280446125
192,cadenceSpm,167.65240442206883
192,distanceM,482.7245928747069
192,motionIntensityG,0.668
192,activeEnergyKcal,8.967304015296381
192,heartRateBpm,130.4657905583009
193,speedMps,2.495253608484485
193,paceSecPerKm,400.7608671919161
193,cadenceSpm,165.58223278099274
193,distanceM,485.21984648319136
193,motionIntensityG,0.668
193,activeEnergyKcal,9.013766730401544
193,heartRateBpm,131.72966091200166
194,speedMps,2.4605235600321613
194,paceSecPerKm,406.4175674818286
194,cadenceSpm,168.34247749383087
194,distanceM,487.68037004322355
194,motionIntensityG,0.668
194,activeEnergyKcal,9.060229445506707
194,heartRateBpm,132.30812786056623
195,speedMps,2.5417579439871933
195,paceSecPerKm,393.4284939939342
195,cadenceSpm,167.35792122976625
195,distanceM,490.22212798721074
195,motionIntensityG,0.668
195,activeEnergyKcal,9.10669216061187
195,heartRateBpm,131.40719607616668
196,speedMps,2.4785183722775805
196,paceSecPerKm,403.466849866871
196,cadenceSpm,167.95152553778522
196,distanceM,492.7006463594883
196,motionIntensityG,0.668
196,activeEnergyKcal,9.153154875717032
196,heartRateBpm,132.51819645539857
197,speedMps,2.504476974412009
197,paceSecPerKm,399.28496457220416
197,cadenceSpm,166.0954376051188
197,distanceM,495.2051233339003
197,motionIntensityG,0.668
197,activeEnergyKcal,9.199617590822195
197,heartRateBpm,130.14639761183025
198,speedMps,2.4705372222026556
198,paceSecPerKm,404.77026252145697
198,cadenceSpm,169.8052450794751
198,distanceM,497.67566055610297
198,motionIntensityG,0.668
198,activeEnergyKcal,9.246080305927357
198,heartRateBpm,128.6375456598111
199,speedMps,2.6042294911552153
199,paceSecPerKm,383.99073637569785
199,cadenceSpm,164.73917111130467
199,distanceM,500.27989004725816
199,motionIntensityG,0.668
199,activeEnergyKcal,9.29254302103252
199,heartRateBpm,126.21149520092177
200,speedMps,2.452757020932906
200,paceSecPerKm,407.70446948701425
200,cadenceSpm,168.46232204621217
200,distanceM,502.73264706819106
200,motionIntensityG,0.668
200,activeEnergyKcal,9.339005736137683
200,heartRateBpm,127.19337361906935
201,speedMps,2.5019987909878867
201,paceSecPerKm,399.68044892825907
201,cadenceSpm,166.46042933303912
201,distanceM,505.23464585917895
201,motionIntensityG,0.668
201,activeEnergyKcal,9.385468451242845
201,heartRateBpm,128.53022852344895
202,speedMps,2.606126962283273
202,paceSecPerKm,383.7111600748272
202,cadenceSpm,167.17065564104823
202,distanceM,507.8407728214622
202,motionIntensityG,0.668
202,activeEnergyKcal,9.431931166348008
202,heartRateBpm,126.80277196895959
203,speedMps,2.6039316242008117
203,paceSecPerKm,384.03466155026865
203,cadenceSpm,167.57277607661123
203,distanceM,510.44470444566304
203,motionIntensityG,0.668
203,activeEnergyKcal,9.47839388145317
203,heartRateBpm,128.00386916221856
204,speedMps,2.5222899812040356
204,paceSecPerKm,396.46511997111526
204,cadenceSpm,169.07555237382198
204,distanceM,512.966994426867
204,motionIntensityG,0.668
204,activeEnergyKcal,9.524856596558333
204,heartRateBpm,128.2996360460221
205,speedMps,2.535666219676135
205,paceSecPerKm,394.37367278084565
205,cadenceSpm,169.126607735175
205,distanceM,515.5026606465432
205,motionIntensityG,0.668
205,activeEnergyKcal,9.571319311663496
205,heartRateBpm,126.49874789949706
206,speedMps,2.5848745553974948
206,paceSecPerKm,386.86596914805517
206,cadenceSpm,166.08385824228267
206,distanceM,518.0875352019407
206,motionIntensityG,0.668
206,activeEnergyKcal,9.617782026768658
206,heartRateBpm,125.61913129867702
207,speedMps,2.5305788907276625
207,paceSecPerKm,395.16649872648395
207,cadenceSpm,167.87674309952934
207,distanceM,520.6181140926683
207,motionIntensityG,0.668
207,activeEnergyKcal,9.664244741873821
207,heartRateBpm,127.4782127874926
208,speedMps,2.461597273808691
208,paceSecPerKm,406.2402939099604
208,cadenceSpm,167.19219131261426
208,distanceM,523.079711366477
208,motionIntensityG,0.668
208,activeEnergyKcal,9.710707456978984
208,heartRateBpm,129.6926989194584
209,speedMps,2.467104938929566
209,paceSecPerKm,405.3333866024696
209,cadenceSpm,165.40592044946277
209,distanceM,525.5468163054065
209,motionIntensityG,0.668
209,activeEnergyKcal,9.757170172084146
209,heartRateBpm,130.95632831770806
210,speedMps,2.4833516822367137
210,paceSecPerKm,402.6815884165535
210,cadenceSpm,167.86506131103562
210,distanceM,528.0301679876433
210,motionIntensityG,0.668
210,activeEnergyKcal,9.803632887189309
210,heartRateBpm,132.03083785710868
211,speedMps,2.595146624452338
211,paceSecPerKm,385.33468227870674
211,cadenceSpm,166.8482208896675
211,distanceM,530.6253146120956
211,motionIntensityG,0.668
211,activeEnergyKcal,9.850095602294472
211,heartRateBpm,130.11439876279232
212,speedMps,2.6125716941424417
212,paceSecPerKm,382.76461550971635
212,cadenceSpm,167.54256192046572
212,distanceM,533.237886306238
212,motionIntensityG,0.668
212,activeEnergyKcal,9.896558317399634
212,heartRateBpm,128.83730713196445
213,speedMps,2.6676139201723936
213,paceSecPerKm,374.8668397769402
213,cadenceSpm,166.8815942687615
213,distanceM,535.9055002264104
213,motionIntensityG,0.668
213,activeEnergyKcal,9.943021032504797
213,heartRateBpm,128.88670212051898
214,speedMps,2.4369491537476367
214,paceSecPerKm,410.3491443234097
214,cadenceSpm,165.56850848173087
214,distanceM,538.342449380158
214,motionIntensityG,0.668
214,activeEnergyKcal,9.98948374760996
214,heartRateBpm,131.36641384831904
215,speedMps,2.61726848918154
215,paceSecPerKm,382.0777287975967
215,cadenceSpm,165.96983376253266
215,distanceM,540.9597178693396
215,motionIntensityG,0.668
215,activeEnergyKcal,10.035946462715122
215,heartRateBpm,133.17857496531718
216,speedMps,2.509902855003542
216,paceSecPerKm,398.42179469475474
216,cadenceSpm,167.5279420433646
216,distanceM,543.4696207243431
216,motionIntensityG,0.668
216,activeEnergyKcal,10.082409177820285
216,heartRateBpm,133.85879030132287
217,speedMps,2.468426377557303
217,paceSecPerKm,405.1163968639715
217,cadenceSpm,166.2104552983533
217,distanceM,545.9380471019005
217,motionIntensityG,0.668
217,activeEnergyKcal,10.128871892925448
217,heartRateBpm,133.7932421771084
218,speedMps,2.4828976685289215
218,paceSecPerKm,402.75522131867984
218,cadenceSpm,165.16713696547455
218,distanceM,548.4209447704294
218,motionIntensityG,0.668
218,activeEnergyKcal,10.17533460803061
218,heartRateBpm,134.98009514565314
219,speedMps,2.4407426802999797
219,paceSecPerKm,409.7113587889957
219,cadenceSpm,168.8713993830615
219,distanceM,550.8616874507294
219,motionIntensityG,0.668
219,activeEnergyKcal,10.221797323135773
219,heartRateBpm,135.48432410262717
220,speedMps,2.5318577416485595
220,paceSecPerKm,394.96689863344125
220,cadenceSpm,164.63791000649738
220,distanceM,553.3935451923779
220,motionIntensityG,0.668
220,activeEnergyKcal,10.268260038240935
220,heartRateBpm,132.7491208532458
221,speedMps,2.5330060435934163
221,paceSecPerKm,394.78784605715464
221,cadenceSpm,166.6272996025762
221,distanceM,555.9265512359714
221,motionIntensityG,0.668
221,activeEnergyKcal,10.314722753346098
221,heartRateBpm,135.07360243634764
222,speedMps,2.493794476709886
222,paceSecPerKm,400.9953544043936
222,cadenceSpm,165.672330598885
222,distanceM,558.4203457126813
222,motionIntensityG,0.668
222,activeEnergyKcal,10.36118546845126
222,heartRateBpm,133.0215491109493
223,speedMps,2.555468530988559
223,paceSecPerKm,391.3176734025988
223,cadenceSpm,169.32193794079387
223,distanceM,560.9758142436699
223,motionIntensityG,0.668
223,activeEnergyKcal,10.407648183556423
223,heartRateBpm,131.73075852475816
224,speedMps,2.356375687504148
224,paceSecPerKm,424.3805456417652
224,cadenceSpm,165.29840425617954
224,distanceM,563.3321899311741
224,motionIntensityG,0.668
224,activeEnergyKcal,10.454110898661586
224,heartRateBpm,131.7817564503685
225,speedMps,2.5511966342661982
225,paceSecPerKm,391.97292226266615
225,cadenceSpm,167.15093616999957
225,distanceM,565.8833865654402
225,motionIntensityG,0.668
225,activeEnergyKcal,10.500573613766749
225,heartRateBpm,132.4190671932578
226,speedMps,2.5797973453830787
226,paceSecPerKm,387.62734669436145
226,cadenceSpm,167.5398813750304
226,distanceM,568.4631839108233
226,motionIntensityG,0.668
226,activeEnergyKcal,10.547036328871911
226,heartRateBpm,132.0771380126286
227,speedMps,2.527317882065773
227,paceSecPerKm,395.67638368570493
227,cadenceSpm,165.92727528540573
227,distanceM,570.9905017928891
227,motionIntensityG,0.668
227,activeEnergyKcal,10.593499043977074
227,heartRateBpm,131.08998208750145
228,speedMps,2.4697345813670455
228,paceSecPerKm,404.90180910309834
228,cadenceSpm,167.99265943655587
228,distanceM,573.460236374256
228,motionIntensityG,0.668
228,activeEnergyKcal,10.639961759082237
228,heartRateBpm,131.02732038762693
229,speedMps,2.469651487729834
229,paceSecPerKm,404.9154323872739
229,cadenceSpm,167.95096065150224
229,distanceM,575.9298878619859
229,motionIntensityG,0.668
229,activeEnergyKcal,10.6864244741874
229,heartRateBpm,131.8391451017325
230,speedMps,2.545272240336918
230,paceSecPerKm,392.88528124898335
230,cadenceSpm,167.1357478392271
230,distanceM,578.4751601023228
230,motionIntensityG,0.668
230,activeEnergyKcal,10.732887189292562
230,heartRateBpm,129.84263452579347
231,speedMps,2.5870563373363322
231,paceSecPerKm,386.5397075309204
231,cadenceSpm,165.85859244313647
231,distanceM,581.0622164396591
231,motionIntensityG,0.668
231,activeEnergyKcal,10.779349904397725
231,heartRateBpm,129.71979413442597
232,speedMps,2.525819173302981
232,paceSecPerKm,395.91116045425883
232,cadenceSpm,167.62038601367644
232,distanceM,583.5880356129621
232,motionIntensityG,0.668
232,activeEnergyKcal,10.825812619502887
232,heartRateBpm,130.25419929959813
233,speedMps,2.58531507167281
233,paceSecPerKm,386.8000503911336
233,cadenceSpm,165.11063047424975
233,distanceM,586.1733506846349
233,motionIntensityG,0.668
233,activeEnergyKcal,10.87227533460805
233,heartRateBpm,129.1101041429096
234,speedMps,2.5155419122349865
234,paceSecPerKm,397.5286577958579
234,cadenceSpm,168.13251283991661
234,distanceM,588.6888925968699
234,motionIntensityG,0.668
234,activeEnergyKcal,10.918738049713212
234,heartRateBpm,128.08481407005544
235,speedMps,2.525912361067925
235,paceSecPerKm,395.8965542166365
235,cadenceSpm,168.55491209873352
235,distanceM,591.2148049579379
235,motionIntensityG,0.668
235,activeEnergyKcal,10.965200764818375
235,heartRateBpm,128.70329418712524
236,speedMps,2.3985769547466975
236,paceSecPerKm,416.91386970971934
236,cadenceSpm,168.41494939876446
236,distanceM,593.6133819126845
236,motionIntensityG,0.668
236,activeEnergyKcal,11.011663479923538
236,heartRateBpm,127.1589105523618
237,speedMps,2.525089058216049
237,paceSecPerKm,396.02563590627983
237,cadenceSpm,166.07938858857716
237,distanceM,596.1384709709006
237,motionIntensityG,0.668
237,activeEnergyKcal,11.0581261950287
237,heartRateBpm,126.9470812561789
238,speedMps,2.5194901040129993
238,paceSecPerKm,396.90570659802063
238,cadenceSpm,165.74954725351907
238,distanceM,598.6579610749136
238,motionIntensityG,0.668
238,activeEnergyKcal,11.104588910133863
238,heartRateBpm,126.12045124388567
239,speedMps,2.4975695856051012
239,paceSecPerKm,400.3892447135658
239,cadenceSpm,163.2796699267203
239,distanceM,601.1555306605187
239,motionIntensityG,0.668
239,activeEnergyKcal,11.151051625239026
239,heartRateBpm,126.35736023914565
240,speedMps,2.4759558798484527
240,paceSecPerKm,403.8844181913321
240,cadenceSpm,165.39395875679304
240,distanceM,603.6314865403672
240,motionIntensityG,0.668
240,activeEnergyKcal,11.197514340344188
240,heartRateBpm,125.78903454426381
241,speedMps,2.764462959197395
241,paceSecPerKm,361.7339117071511
241,cadenceSpm,174.8218124954045
241,distanceM,606.3959494995646
241,motionIntensityG,0.8660000000000001
241,activeEnergyKcal,11.255544933078413
241,heartRateBpm,126.37543375709183
242,speedMps,2.9450811802919312
242,paceSecPerKm,339.5492140223024
242,cadenceSpm,172.76081754608694
242,distanceM,609.3410306798565
242,motionIntensityG,0.8660000000000001
242,activeEnergyKcal,11.313575525812638
242,heartRateBpm,126.7019796494715
243,speedMps,2.9254201223766594
243,paceSecPerKm,341.8312441180529
243,cadenceSpm,173.57335137554833
243,distanceM,612.2664508022332
243,motionIntensityG,0.8660000000000001
243,activeEnergyKcal,11.371606118546863
243,heartRateBpm,127.89420490799085
244,speedMps,3.0058487701262733
244,paceSecPerKm,332.68473448782015
244,cadenceSpm,174.49567181562398
244,distanceM,615.2722995723594
244,motionIntensityG,0.8660000000000001
244,activeEnergyKcal,11.429636711281088
244,heartRateBpm,129.7302802888618
245,speedMps,3.0576649345243685
245,paceSecPerKm,327.04695295711133
245,cadenceSpm,173.6674786813395
245,distanceM,618.3299645068838
245,motionIntensityG,0.8660000000000001
245,activeEnergyKcal,11.487667304015313
245,heartRateBpm,130.58992423343335
246,speedMps,2.9180308501219567
246,paceSecPerKm,342.69685666901216
246,cadenceSpm,174.22218128447943
246,distanceM,621.2479953570057
246,motionIntensityG,0.8660000000000001
246,activeEnergyKcal,11.545697896749537
246,heartRateBpm,131.80648900287005
247,speedMps,2.8541870868412773
247,paceSecPerKm,350.362456830641
247,cadenceSpm,173.5525883545876
247,distanceM,624.102182443847
247,motionIntensityG,0.8660000000000001
247,activeEnergyKcal,11.603728489483762
247,heartRateBpm,133.17750879701913
248,speedMps,2.8594957969642056
248,paceSecPerKm,349.7120020465334
248,cadenceSpm,172.3826255836076
248,distanceM,626.9616782408112
248,motionIntensityG,0.8660000000000001
248,activeEnergyKcal,11.661759082217987
248,heartRateBpm,134.52069485437207
249,speedMps,2.9227326730531615
249,paceSecPerKm,342.1455575529507
249,cadenceSpm,172.4288716744881
249,distanceM,629.8844109138644
249,motionIntensityG,0.8660000000000001
249,activeEnergyKcal,11.719789674952212
249,heartRateBpm,133.96030890566865
250,speedMps,2.854673979184599
250,paceSecPerKm,350.3026991143966
250,cadenceSpm,173.21313851333022
250,distanceM,632.7390848930489
250,motionIntensityG,0.8660000000000001
250,activeEnergyKcal,11.777820267686437
250,heartRateBpm,134.7299189866495
251,speedMps,3.021024559843809
251,paceSecPerKm,331.0135287518819
251,cadenceSpm,173.96430265388065
251,distanceM,635.7601094528927
251,motionIntensityG,0.8660000000000001
251,activeEnergyKcal,11.835850860420662
251,heartRateBpm,136.11842089787038
252,speedMps,2.8382516287194197
252,paceSecPerKm,352.32957849166684
252,cadenceSpm,173.38171883556686
252,distanceM,638.5983610816121
252,motionIntensityG,0.8660000000000001
252,activeEnergyKcal,11.893881453154886
252,heartRateBpm,134.44299683289333
253,speedMps,3.0156621023271257
253,paceSecPerKm,331.6021377953187
253,cadenceSpm,171.14204740532665
253,distanceM,641.6140231839393
253,motionIntensityG,0.8660000000000001
253,activeEnergyKcal,11.951912045889111
253,heartRateBpm,134.1611039272072
254,speedMps,2.7745368556386083
254,paceSecPerKm,360.4205141365233
254,cadenceSpm,171.85490523070345
254,distanceM,644.3885600395779
254,motionIntensityG,0.8660000000000001
254,activeEnergyKcal,12.009942638623336
254,heartRateBpm,137.1527594314841
255,speedMps,2.8481639502583906
255,paceSecPerKm,351.1033836058764
255,cadenceSpm,173.47823863948415
255,distanceM,647.2367239898363
255,motionIntensityG,0.8660000000000001
255,activeEnergyKcal,12.067973231357561
255,heartRateBpm,139.21559616354935
256,speedMps,2.8869167388248393
256,paceSecPerKm,346.3903155056229
256,cadenceSpm,175.90707537250705
256,distanceM,650.1236407286611
256,motionIntensityG,0.8660000000000001
256,activeEnergyKcal,12.126003824091786
256,heartRateBpm,137.9010245470405
257,speedMps,2.8907943433019274
257,paceSecPerKm,345.9256803643038
257,cadenceSpm,172.37379415959091
257,distanceM,653.014435071963
257,motionIntensityG,0.8660000000000001
257,activeEnergyKcal,12.18403441682601
257,heartRateBpm,137.81528398382076
258,speedMps,2.936785474244745
258,paceSecPerKm,340.50835812485445
258,cadenceSpm,173.74592615593602
258,distanceM,655.9512205462078
258,motionIntensityG,0.8660000000000001
258,activeEnergyKcal,12.242065009560235
258,heartRateBpm,139.89886649743343
259,speedMps,2.9274675575990146
259,paceSecPerKm,341.59217150134975
259,cadenceSpm,172.79371402466737
259,distanceM,658.8786881038068
259,motionIntensityG,0.8660000000000001
259,activeEnergyKcal,12.30009560229446
259,heartRateBpm,142.13539403362668
260,speedMps,2.8292907657356245
260,paceSecPerKm,353.4454684228953
260,cadenceSpm,174.96576208722166
260,distanceM,661.7079788695424
260,motionIntensityG,0.8660000000000001
260,activeEnergyKcal,12.358126195028685
260,heartRateBpm,143.7213859416767
261,speedMps,2.873341957709337
261,paceSecPerKm,348.02679761695055
261,cadenceSpm,173.9880271902511
261,distanceM,664.5813208272518
261,motionIntensityG,0.8660000000000001
261,activeEnergyKcal,12.41615678776291
261,heartRateBpm,144.43949328905146
262,speedMps,2.8269456815013814
262,paceSecPerKm,353.7386680415109
262,cadenceSpm,174.22977632373212
262,distanceM,667.4082665087532
262,motionIntensityG,0.8660000000000001
262,activeEnergyKcal,12.474187380497135
262,heartRateBpm,147.358511707985
263,speedMps,2.9135177361428095
263,paceSecPerKm,343.22770292241114
263,cadenceSpm,171.99083802017165
263,distanceM,670.321784244896
263,motionIntensityG,0.8660000000000001
263,activeEnergyKcal,12.53221797323136
263,heartRateBpm,146.97012471501588
264,speedMps,2.9587592461758567
264,paceSecPerKm,337.97950992210065
264,cadenceSpm,172.26951143747456
264,distanceM,673.2805434910719
264,motionIntensityG,0.8660000000000001
264,activeEnergyKcal,12.590248565965585
264,heartRateBpm,148.01884353807736
265,speedMps,3.014184956014651
265,paceSecPerKm,331.7646443707946
265,cadenceSpm,173.93542330486605
265,distanceM,676.2947284470865
265,motionIntensityG,0.8660000000000001
265,activeEnergyKcal,12.64827915869981
265,heartRateBpm,146.82036179778896
266,speedMps,2.7661778843538407
266,paceSecPerKm,361.5096504300167
266,cadenceSpm,174.21471122870614
266,distanceM,679.0609063314404
266,motionIntensityG,0.8660000000000001
266,activeEnergyKcal,12.706309751434034
266,heartRateBpm,146.7414302773123
267,speedMps,2.76511025428487
267,paceSecPerKm,361.64923205155384
267,cadenceSpm,173.79643853438503
267,distanceM,681.8260165857253
267,motionIntensityG,0.8660000000000001
267,activeEnergyKcal,12.764340344168259
267,heartRateBpm,147.20752167303874
268,speedMps,2.7572674909014485
268,paceSecPerKm,362.67790604279185
268,cadenceSpm,176.08037972357226
268,distanceM,684.5832840766267
268,motionIntensityG,0.8660000000000001
268,activeEnergyKcal,12.822370936902484
268,heartRateBpm,147.3669770441083
269,speedMps,2.81517784578801
269,paceSecPerKm,355.2173449702909
269,cadenceSpm,171.825114120885
269,distanceM,687.3984619224146
269,motionIntensityG,0.8660000000000001
269,activeEnergyKcal,12.880401529636709
269,heartRateBpm,148.43225845691
270,speedMps,2.910022071179788
270,paceSecPerKm,343.6400053125981
270,cadenceSpm,173.9226459366533
270,distanceM,690.3084839935945
270,motionIntensityG,0.8660000000000001
270,activeEnergyKcal,12.938432122370934
270,heartRateBpm,148.90515664400263
271,speedMps,2.869646427370559
271,paceSecPerKm,348.47498648685246
271,cadenceSpm,175.48282356016134
271,distanceM,693.178130420965
271,motionIntensityG,0.8660000000000001
271,activeEnergyKcal,12.996462715105158
271,heartRateBpm,148.35406088916855
272,speedMps,2.9378872200571102
272,paceSecPerKm,340.3806630741124
272,cadenceSpm,176.9121895323903
272,distanceM,696.116017641022
272,motionIntensityG,0.8660000000000001
272,activeEnergyKcal,13.054493307839383
272,heartRateBpm,148.27238863451498
273,speedMps,2.8556923490022803
273,paceSecPerKm,350.17777750091994
273,cadenceSpm,174.06754783188993
273,distanceM,698.9717099900244
273,motionIntensityG,0.8660000000000001
273,activeEnergyKcal,13.112523900573608
273,heartRateBpm,150.10088551126427
274,speedMps,2.8348492325641494
274,paceSecPerKm,352.75244570784105
274,cadenceSpm,170.85694021042391
274,distanceM,701.8065592225885
274,motionIntensityG,0.8660000000000001
274,activeEnergyKcal,13.170554493307833
274,heartRateBpm,146.93609251096018
275,speedMps,2.835414750164885
275,paceSecPerKm,352.6820899629756
275,cadenceSpm,174.9614600190969
275,distanceM,704.6419739727534
275,motionIntensityG,0.8660000000000001
275,activeEnergyKcal,13.228585086042058
275,heartRateBpm,147.00347464317906
276,speedMps,2.931702859644109
276,paceSecPerKm,341.09868833071096
276,cadenceSpm,173.4962814579207
276,distanceM,707.5736768323975
276,motionIntensityG,0.8660000000000001
276,activeEnergyKcal,13.286615678776283
276,heartRateBpm,148.00629144294825
277,speedMps,2.961942982496404
277,paceSecPerKm,337.6162221587309
277,cadenceSpm,173.2085801610235
277,distanceM,710.535619814894
277,motionIntensityG,0.8660000000000001
277,activeEnergyKcal,13.344646271510507
277,heartRateBpm,148.35244500240333
278,speedMps,2.9156656319651124
278,paceSecPerKm,342.9748559082942
278,cadenceSpm,172.94825290512475
278,distanceM,713.4512854468591
278,motionIntensityG,0.8660000000000001
278,activeEnergyKcal,13.402676864244732
278,heartRateBpm,147.6558185849658
279,speedMps,2.916275863344294
279,paceSecPerKm,342.903088342689
279,cadenceSpm,174.38365081858583
279,distanceM,716.3675613102033
279,motionIntensityG,0.8660000000000001
279,activeEnergyKcal,13.460707456978957
279,heartRateBpm,146.66533699159092
280,speedMps,3.000521395987636
280,paceSecPerKm,333.275410512727
280,cadenceSpm,175.76303224732447
280,distanceM,719.368082706191
280,motionIntensityG,0.8660000000000001
280,activeEnergyKcal,13.518738049713182
280,heartRateBpm,147.0641836676567
281,speedMps,2.9503608770744236
281,paceSecPerKm,338.94158771234777
281,cadenceSpm,172.9805962997616
281,distanceM,722.3184435832654
281,motionIntensityG,0.8660000000000001
281,activeEnergyKcal,13.576768642447407
281,heartRateBpm,145.72537863103565
282,speedMps,2.9377522930310827
282,paceSecPerKm,340.3962963018338
282,cadenceSpm,172.82902491618097
282,distanceM,725.2561958762965
282,motionIntensityG,0.8660000000000001
282,activeEnergyKcal,13.634799235181632
282,heartRateBpm,145.21620093170648
283,speedMps,2.8623573799859456
283,paceSecPerKm,349.3623846526495
283,cadenceSpm,175.30194013947676
283,distanceM,728.1185532562824
283,motionIntensityG,0.8660000000000001
283,activeEnergyKcal,13.692829827915856
283,heartRateBpm,144.2701309355515
284,speedMps,2.9135517860996374
284,paceSecPerKm,343.223691705407
284,cadenceSpm,173.5632189579107
284,distanceM,731.0321050423821
284,motionIntensityG,0.8660000000000001
284,activeEnergyKcal,13.750860420650081
284,heartRateBpm,143.8590525919274
285,speedMps,2.9358289982779584
285,paceSecPerKm,340.6192937621914
285,cadenceSpm,174.3892982222477
285,distanceM,733.9679340406601
285,motionIntensityG,0.8660000000000001
285,activeEnergyKcal,13.808891013384306
285,heartRateBpm,143.05560785323868
286,speedMps,2.7612895761538914
286,paceSecPerKm,362.1496306058805
286,cadenceSpm,173.1672803556747
286,distanceM,736.729223616814
286,motionIntensityG,0.8660000000000001
286,activeEnergyKcal,13.866921606118531
286,heartRateBpm,143.90613357600276
287,speedMps,3.000148985072882
287,paceSecPerKm,333.3167802584001
287,cadenceSpm,173.81064587456413
287,distanceM,739.7293726018869
287,motionIntensityG,0.8660000000000001
287,activeEnergyKcal,13.924952198852756
287,heartRateBpm,143.64498166089717
288,speedMps,2.780683354100093
288,paceSecPerKm,359.6238307844397
288,cadenceSpm,175.97790237086036
288,distanceM,742.510055955987
288,motionIntensityG,0.8660000000000001
288,activeEnergyKcal,13.98298279158698
288,heartRateBpm,145.80967685345877
289,speedMps,3.0259871178267628
289,paceSecPerKm,330.47067322553283
289,cadenceSpm,175.15920152857737
289,distanceM,745.5360430738137
289,motionIntensityG,0.8660000000000001
289,activeEnergyKcal,14.041013384321205
289,heartRateBpm,146.87323936299384
290,speedMps,2.949107788093117
290,paceSecPerKm,339.08560549650053
290,cadenceSpm,176.93015542928873
290,distanceM,748.4851508619068
290,motionIntensityG,0.8660000000000001
290,activeEnergyKcal,14.09904397705543
290,heartRateBpm,147.9980877262824
291,speedMps,2.965795322971225
291,paceSecPerKm,337.17768460102945
291,cadenceSpm,173.77253754102304
291,distanceM,751.450946184878
291,motionIntensityG,0.8660000000000001
291,activeEnergyKcal,14.157074569789655
291,heartRateBpm,147.01618011675353
292,speedMps,2.8937155112550297
292,paceSecPerKm,345.5764729153666
292,cadenceSpm,171.71943339368272
292,distanceM,754.344661696133
292,motionIntensityG,0.8660000000000001
292,activeEnergyKcal,14.21510516252388
292,heartRateBpm,144.2153825211189
293,speedMps,2.7751560474805834
293,paceSecPerKm,360.3400972380803
293,cadenceSpm,177.0435012063117
293,distanceM,757.1198177436136
293,motionIntensityG,0.8660000000000001
293,activeEnergyKcal,14.273135755258105
293,heartRateBpm,144.91138381217013
294,speedMps,2.94915692442511
294,paceSecPerKm,339.0799559419625
294,cadenceSpm,174.41235322943248
294,distanceM,760.0689746680387
294,motionIntensityG,0.8660000000000001
294,activeEnergyKcal,14.33116634799233
294,heartRateBpm,143.89197379669238
295,speedMps,2.7923779129717867
295,paceSecPerKm,358.11771585592817
295,cadenceSpm,171.69029187764065
295,distanceM,762.8613525810105
295,motionIntensityG,0.8660000000000001
295,activeEnergyKcal,14.389196940726555
295,heartRateBpm,143.48359432812384
296,speedMps,2.947055077077858
296,paceSecPerKm,339.32178864860117
296,cadenceSpm,175.17581764066804
296,distanceM,765.8084076580883
296,motionIntensityG,0.8660000000000001
296,activeEnergyKcal,14.44722753346078
296,heartRateBpm,142.88948451044348
297,speedMps,2.8471562752675195
297,paceSecPerKm,351.22764727975454
297,cadenceSpm,174.12684288473585
297,distanceM,768.6555639333558
297,motionIntensityG,0.8660000000000001
297,activeEnergyKcal,14.505258126195004
297,heartRateBpm,143.18024119036806
298,speedMps,2.8541248219522046
298,paceSecPerKm,350.3701002523099
298,cadenceSpm,172.4761884478551
298,distanceM,771.5096887553079
298,motionIntensityG,0.8660000000000001
298,activeEnergyKcal,14.563288718929229
298,heartRateBpm,143.72180057506768
299,speedMps,2.8992825960249897
299,paceSecPerKm,344.912910997718
299,cadenceSpm,174.34379898471687
299,distanceM,774.408971351333
299,motionIntensityG,0.8660000000000001
299,activeEnergyKcal,14.621319311663454
299,heartRateBpm,143.8756900496204
300,speedMps,2.991458947791902
300,paceSecPerKm,334.2850486844
300,cadenceSpm,175.67344756593198
300,distanceM,777.4004302991249
300,motionIntensityG,0.8660000000000001
300,activeEnergyKcal,14.679349904397679
300,heartRateBpm,142.73700437200395
301,speedMps,2.7154647215036163
301,paceSecPerKm,368.26109066380235
301,cadenceSpm,174.56290313948753
301,distanceM,780.1158950206285
301,motionIntensityG,0.8660000000000001
301,activeEnergyKcal,14.737380497131904
301,heartRateBpm,143.18910491433343
302,speedMps,2.7954819302326017
302,paceSecPerKm,357.7200729452734
302,cadenceSpm,173.16709473541144
302,distanceM,782.9113769508612
302,motionIntensityG,0.8660000000000001
302,activeEnergyKcal,14.795411089866128
302,heartRateBpm,143.28082760252553
303,speedMps,2.8500783641037843
303,paceSecPerKm,350.8675454664044
303,cadenceSpm,172.09051573525517
303,distanceM,785.7614553149649
303,motionIntensityG,0.8660000000000001
303,activeEnergyKcal,14.853441682600353
303,heartRateBpm,143.85331090083898
304,speedMps,2.842579288182146
304,paceSecPerKm,351.7931774699972
304,cadenceSpm,172.61662879585978
304,distanceM,788.604034603147
304,motionIntensityG,0.8660000000000001
304,activeEnergyKcal,14.911472275334578
304,heartRateBpm,145.01683961695082
305,speedMps,2.9838779212866897
305,paceSecPerKm,335.1343541456904
305,cadenceSpm,175.41659869257975
305,distanceM,791.5879125244337
305,motionIntensityG,0.8660000000000001
305,activeEnergyKcal,14.969502868068803
305,heartRateBpm,145.44478241940178
306,speedMps,2.833371249856097
306,paceSecPerKm,352.9364533683289
306,cadenceSpm,175.21867596591377
306,distanceM,794.4212837742898
306,motionIntensityG,0.8660000000000001
306,activeEnergyKcal,15.027533460803028
306,heartRateBpm,144.83931189104348
307,speedMps,2.894906642066309
307,paceSecPerKm,345.4342829122206
307,cadenceSpm,174.60630894798177
307,distanceM,797.3161904163561
307,motionIntensityG,0.8660000000000001
307,activeEnergyKcal,15.085564053537253
307,heartRateBpm,144.7418981287492
308,speedMps,2.9495451862391944
308,paceSecPerKm,339.0353213320478
308,cadenceSpm,171.5741464314851
308,distanceM,800.2657356025953
308,motionIntensityG,0.8660000000000001
308,activeEnergyKcal,15.143594646271477
308,heartRateBpm,145.44500574866373
309,speedMps,2.820952324503556
309,paceSecPerKm,354.4902164115746
309,cadenceSpm,172.46179566989736
309,distanceM,803.0866879270989
309,motionIntensityG,0.8660000000000001
309,activeEnergyKcal,15.201625239005702
309,heartRateBpm,145.0719603906499
310,speedMps,2.859374194207742
310,paceSecPerKm,349.72687451181037
310,cadenceSpm,173.6333637926532
310,distanceM,805.9460621213066
310,motionIntensityG,0.8660000000000001
310,activeEnergyKcal,15.259655831739927
310,heartRateBpm,146.42609701218046
311,speedMps,2.939046114279847
311,paceSecPerKm,340.24644769652735
311,cadenceSpm,173.42413348722928
311,distanceM,808.8851082355864
311,motionIntensityG,0.8660000000000001
311,activeEnergyKcal,15.317686424474152
311,heartRateBpm,147.39090161744613
312,speedMps,2.9372245807181923
312,paceSecPerKm,340.4574531224596
312,cadenceSpm,170.6167080406911
312,distanceM,811.8223328163045
312,motionIntensityG,0.8660000000000001
312,activeEnergyKcal,15.375717017208377
312,heartRateBpm,145.7198752642644
313,speedMps,2.849454562537024
313,paceSecPerKm,350.94435726311275
313,cadenceSpm,176.96147912864745
313,distanceM,814.6717873788416
313,motionIntensityG,0.8660000000000001
313,activeEnergyKcal,15.433747609942602
313,heartRateBpm,146.65039805560994
314,speedMps,2.8489963783393835
314,paceSecPerKm,351.0007971940202
314,cadenceSpm,173.35431055956587
314,distanceM,817.520783757181
314,motionIntensityG,0.8660000000000001
314,activeEnergyKcal,15.491778202676826
314,heartRateBpm,147.94802975725938
315,speedMps,2.857448045695593
315,paceSecPerKm,349.9626183952431
315,cadenceSpm,173.57448051087323
315,distanceM,820.3782318028766
315,motionIntensityG,0.8660000000000001
315,activeEnergyKcal,15.549808795411051
315,heartRateBpm,148.77035438084488
316,speedMps,3.0355042099171845
316,paceSecPerKm,329.4345620516475
316,cadenceSpm,175.12658967867958
316,distanceM,823.4137360127938
316,motionIntensityG,0.8660000000000001
316,activeEnergyKcal,15.607839388145276
316,heartRateBpm,148.51606884094525
317,speedMps,2.874122885451246
317,paceSecPerKm,347.9322352784498
317,cadenceSpm,173.10431912931702
317,distanceM,826.2878588982451
317,motionIntensityG,0.8660000000000001
317,activeEnergyKcal,15.665869980879501
317,heartRateBpm,146.35694394505268
318,speedMps,2.8986898619531836
318,paceSecPerKm,344.9834399759428
318,cadenceSpm,173.51865006439087
318,distanceM,829.1865487601982
318,motionIntensityG,0.8660000000000001
318,activeEnergyKcal,15.723900573613726
318,heartRateBpm,147.27121861940728
319,speedMps,2.932972492284635
319,paceSecPerKm,340.95103265733366
319,cadenceSpm,174.31063462895023
319,distanceM,832.1195212524829
319,motionIntensityG,0.8660000000000001
319,activeEnergyKcal,15.78193116634795
319,heartRateBpm,146.63614885077877
320,speedMps,2.809690854350469
320,paceSecPerKm,355.9110421175412
320,cadenceSpm,174.33204432853978
320,distanceM,834.9292121068333
320,motionIntensityG,0.8660000000000001
320,activeEnergyKcal,15.839961759082176
320,heartRateBpm,147.78097784261288
321,speedMps,2.8650742953570822
321,paceSecPerKm,349.03108852029516
321,cadenceSpm,176.0626987972456
321,distanceM,837.7942864021904
321,motionIntensityG,0.8660000000000001
321,activeEnergyKcal,15.8979923518164
321,heartRateBpm,149.22452182682412
322,speedMps,3.0482160561122873
322,paceSecPerKm,328.0607350633163
322,cadenceSpm,173.25486195368984
322,distanceM,840.8425024583028
322,motionIntensityG,0.8660000000000001
322,activeEnergyKcal,15.956022944550625
322,heartRateBpm,148.72043603391
323,speedMps,2.798466425059856
323,paceSecPerKm,357.33857338617565
323,cadenceSpm,170.94756307644937
323,distanceM,843.6409688833626
323,motionIntensityG,0.8660000000000001
323,activeEnergyKcal,16.014053537284852
323,heartRateBpm,147.45013803634563
324,speedMps,2.925749478513625
324,paceSecPerKm,341.7927636470202
324,cadenceSpm,173.8790529742811
324,distanceM,846.5667183618762
324,motionIntensityG,0.8660000000000001
324,activeEnergyKcal,16.07208413001908
324,heartRateBpm,149.2986609771924
325,speedMps,2.991552578111496
325,paceSecPerKm,334.27458615194354
325,cadenceSpm,175.06669569044482
325,distanceM,849.5582709399877
325,motionIntensityG,0.8660000000000001
325,activeEnergyKcal,16.130114722753305
325,heartRateBpm,147.8061942809079
326,speedMps,2.7813696853344143
326,paceSecPerKm,359.53508994967217
326,cadenceSpm,174.5497799101795
326,distanceM,852.3396406253221
326,motionIntensityG,0.8660000000000001
326,activeEnergyKcal,16.18814531548753
326,heartRateBpm,145.80504682360282
327,speedMps,2.9268017463758564
327,paceSecPerKm,341.6698794984186
327,cadenceSpm,173.42806044097676
327,distanceM,855.266442371698
327,motionIntensityG,0.8660000000000001
327,activeEnergyKcal,16.24617590822176
327,heartRateBpm,146.94730675997886
328,speedMps,2.9454123239555803
328,paceSecPerKm,339.5110395467609
328,cadenceSpm,174.64980382971436
328,distanceM,858.2118546956535
328,motionIntensityG,0.8660000000000001
328,activeEnergyKcal,16.304206500955985
328,heartRateBpm,146.43991451882223
329,speedMps,2.952555274983442
329,paceSecPerKm,338.6896795710651
329,cadenceSpm,173.88328159821506
329,distanceM,861.1644099706369
329,motionIntensityG,0.8660000000000001
329,activeEnergyKcal,16.36223709369021
329,heartRateBpm,145.6577069919328
330,speedMps,2.7920848286122912
330,paceSecPerKm,358.15530737188067
330,cadenceSpm,174.5313383038579
330,distanceM,863.9564947992492
330,motionIntensityG,0.8660000000000001
330,activeEnergyKcal,16.420267686424438
330,heartRateBpm,147.04577386955395
331,speedMps,2.868373411934995
331,paceSecPerKm,348.6296434903165
331,cadenceSpm,174.811845956723
331,distanceM,866.8248682111841
331,motionIntensityG,0.8660000000000001
331,activeEnergyKcal,16.478298279158665
331,heartRateBpm,147.51570957105432
332,speedMps,2.8513271667697224
332,paceSecPerKm,350.7138751576176
332,cadenceSpm,174.6206364985379
332,distanceM,869.6761953779538
332,motionIntensityG,0.8660000000000001
332,activeEnergyKcal,16.53632887189289
332,heartRateBpm,148.32909431979223
333,speedMps,2.8461050578227565
333,paceSecPerKm,351.3573742653725
333,cadenceSpm,172.58364444635683
333,distanceM,872.5223004357766
333,motionIntensityG,0.8660000000000001
333,activeEnergyKcal,16.594359464627118
333,heartRateBpm,146.8457689624906
334,speedMps,2.9463269756693635
334,paceSecPerKm,339.4056424347859
334,cadenceSpm,173.76631065454052
334,distanceM,875.4686274114459
334,motionIntensityG,0.8660000000000001
334,activeEnergyKcal,16.652390057361345
334,heartRateBpm,145.86841978493442
335,speedMps,2.8575739389001886
335,paceSecPerKm,349.9472004510497
335,cadenceSpm,174.46017538214676
335,distanceM,878.3262013503461
335,motionIntensityG,0.8660000000000001
335,activeEnergyKcal,16.71042065009557
335,heartRateBpm,145.61256161281437
336,speedMps,3.0253312550672247
336,paceSecPerKm,330.542316093508
336,cadenceSpm,172.79086750642406
336,distanceM,881.3515326054134
336,motionIntensityG,0.8660000000000001
336,activeEnergyKcal,16.768451242829798
336,heartRateBpm,143.95028201025212
337,speedMps,2.838596365263835
337,paceSecPerKm,352.2867894277228
337,cadenceSpm,171.9706736826252
337,distanceM,884.1901289706772
337,motionIntensityG,0.8660000000000001
337,activeEnergyKcal,16.826481835564024
337,heartRateBpm,146.23681228170202
338,speedMps,2.918289579006356
338,paceSecPerKm,342.66647394892476
338,cadenceSpm,173.4810943819116
338,distanceM,887.1084185496835
338,motionIntensityG,0.8660000000000001
338,activeEnergyKcal,16.88451242829825
338,heartRateBpm,145.88143596121645
339,speedMps,2.8513722193602957
339,paceSecPerKm,350.7083337665223
339,cadenceSpm,172.0022417882553
339,distanceM,889.9597907690438
339,motionIntensityG,0.8660000000000001
339,activeEnergyKcal,16.942543021032478
339,heartRateBpm,146.75795895141363
340,speedMps,2.8418830678805014
340,paceSecPerKm,351.87936171695054
340,cadenceSpm,173.79776016351195
340,distanceM,892.8016738369244
340,motionIntensityG,0.8660000000000001
340,activeEnergyKcal,17.000573613766704
340,heartRateBpm,148.8765350665013
341,speedMps,2.842522057726431
341,paceSecPerKm,351.80026036450255
341,cadenceSpm,171.5242876328033
341,distanceM,895.6441958946508
341,motionIntensityG,0.8660000000000001
341,activeEnergyKcal,17.05860420650093
341,heartRateBpm,148.42349856584767
342,speedMps,2.849049933138174
342,paceSecPerKm,350.99419928330957
342,cadenceSpm,172.1067451765342
342,distanceM,898.493245827789
342,motionIntensityG,0.8660000000000001
342,activeEnergyKcal,17.116634799235158
342,heartRateBpm,149.13437746496658
343,speedMps,2.933423752540077
343,paceSecPerKm,340.89858280246466
343,cadenceSpm,173.5702227089013
343,distanceM,901.4266695803291
343,motionIntensityG,0.8660000000000001
343,activeEnergyKcal,17.174665391969384
343,heartRateBpm,148.99020764784146
344,speedMps,2.8444493721096573
344,paceSecPerKm,351.56189096040225
344,cadenceSpm,173.49903579642108
344,distanceM,904.2711189524388
344,motionIntensityG,0.8660000000000001
344,activeEnergyKcal,17.23269598470361
344,heartRateBpm,150.57786122606458
345,speedMps,2.9083787539501866
345,paceSecPerKm,343.8341717500827
345,cadenceSpm,174.99027795495576
345,distanceM,907.1794977063889
345,motionIntensityG,0.8660000000000001
345,activeEnergyKcal,17.290726577437837
345,heartRateBpm,151.6972335471183
346,speedMps,2.9623719724967343
346,paceSecPerKm,337.56733093757435
346,cadenceSpm,172.28422430435594
346,distanceM,910.1418696788857
346,motionIntensityG,0.8660000000000001
346,activeEnergyKcal,17.348757170172064
346,heartRateBpm,151.89114134045596
347,speedMps,2.91400201181642
347,paceSecPerKm,343.1706621838116
347,cadenceSpm,173.16368538487504
347,distanceM,913.055871690702
347,motionIntensityG,0.8660000000000001
347,activeEnergyKcal,17.40678776290629
347,heartRateBpm,154.86152409168798
348,speedMps,2.8288339064599377
348,paceSecPerKm,353.5025501908739
348,cadenceSpm,173.3346520260826
348,distanceM,915.884705597162
348,motionIntensityG,0.8660000000000001
348,activeEnergyKcal,17.464818355640517
348,heartRateBpm,154.24868136297346
349,speedMps,2.876357875896652
349,paceSecPerKm,347.6618846284099
349,cadenceSpm,173.68626777782643
349,distanceM,918.7610634730587
349,motionIntensityG,0.8660000000000001
349,activeEnergyKcal,17.522848948374744
349,heartRateBpm,155.14735747574647
350,speedMps,2.8442549867350815
350,paceSecPerKm,351.58591781108186
350,cadenceSpm,175.1637399141265
350,distanceM,921.6053184597938
350,motionIntensityG,0.8660000000000001
350,activeEnergyKcal,17.58087954110897
350,heartRateBpm,156.32057882298864
351,speedMps,2.8044242757936506
351,paceSecPerKm,356.5794265266801
351,cadenceSpm,173.32466153112586
351,distanceM,924.4097427355874
351,motionIntensityG,0.8660000000000001
351,activeEnergyKcal,17.638910133843197
351,heartRateBpm,154.7979571621704
352,speedMps,2.9218814457587063
352,paceSecPerKm,342.24523429982503
352,cadenceSpm,172.61103016625339
352,distanceM,927.3316241813461
352,motionIntensityG,0.8660000000000001
352,activeEnergyKcal,17.696940726577424
352,heartRateBpm,155.46385376101674
353,speedMps,2.8941397619705502
353,paceSecPerKm,345.5258150073319
353,cadenceSpm,174.44909130248084
353,distanceM,930.2257639433167
353,motionIntensityG,0.8660000000000001
353,activeEnergyKcal,17.75497131931165
353,heartRateBpm,156.120282252925
354,speedMps,2.8392940496807233
354,paceSecPerKm,352.20022389454493
354,cadenceSpm,174.6854762262805
354,distanceM,933.0650579929974
354,motionIntensityG,0.8660000000000001
354,activeEnergyKcal,17.813001912045877
354,heartRateBpm,155.19739208954337
355,speedMps,2.874179879599594
355,paceSecPerKm,347.92533588374835
355,cadenceSpm,168.96732289203132
355,distanceM,935.939237872597
355,motionIntensityG,0.8660000000000001
355,activeEnergyKcal,17.871032504780104
355,heartRateBpm,153.28923043281915
356,speedMps,2.8958749842237306
356,paceSecPerKm,345.3187742730063
356,cadenceSpm,172.13668335914429
356,distanceM,938.8351128568207
356,motionIntensityG,0.8660000000000001
356,activeEnergyKcal,17.92906309751433
356,heartRateBpm,153.35811140678197
357,speedMps,2.917749502799952
357,paceSecPerKm,342.72990160408654
357,cadenceSpm,174.36454628345146
357,distanceM,941.7528623596207
357,motionIntensityG,0.8660000000000001
357,activeEnergyKcal,17.987093690248557
357,heartRateBpm,153.55487152086457
358,speedMps,2.9155783547361525
358,paceSecPerKm,342.98512278895544
358,cadenceSpm,174.1058341218563
358,distanceM,944.6684407143568
358,motionIntensityG,0.8660000000000001
358,activeEnergyKcal,18.045124282982783
358,heartRateBpm,154.3229957855798
359,speedMps,2.961703990540031
359,paceSecPerKm,337.64346578662037
359,cadenceSpm,173.9357030258015
359,distanceM,947.6301447048969
359,motionIntensityG,0.8660000000000001
359,activeEnergyKcal,18.10315487571701
359,heartRateBpm,154.33709670349032
360,speedMps,2.8044165833216135
360,paceSecPerKm,356.580404618624
360,cadenceSpm,173.27142032682883
360,distanceM,950.4345612882186
360,motionIntensityG,0.8660000000000001
360,activeEnergyKcal,18.161185468451237
360,heartRateBpm,154.7725765113641
361,speedMps,2.9112073816451463
361,paceSecPerKm,343.50009082310453
361,cadenceSpm,171.78157810406532
361,distanceM,953.3457686698637
361,motionIntensityG,0.8660000000000001
361,activeEnergyKcal,18.219216061185463
361,heartRateBpm,155.58755411571357
362,speedMps,2.823629994659375
362,paceSecPerKm,354.1540505984864
362,cadenceSpm,173.88575942072347
362,distanceM,956.1693986645231
362,motionIntensityG,0.8660000000000001
362,activeEnergyKcal,18.27724665391969
362,heartRateBpm,156.0068585017634
363,speedMps,2.881993200986065
363,paceSecPerKm,346.98208158778897
363,cadenceSpm,172.98339564488583
363,distanceM,959.0513918655091
363,motionIntensityG,0.8660000000000001
363,activeEnergyKcal,18.335277246653916
363,heartRateBpm,156.19791961008383
364,speedMps,3.032720101968192
364,paceSecPerKm,329.73699068074706
364,cadenceSpm,171.93195965579147
364,distanceM,962.0841119674773
364,motionIntensityG,0.8660000000000001
364,activeEnergyKcal,18.393307839388143
364,heartRateBpm,157.96284072470758
365,speedMps,2.941944294502616
365,paceSecPerKm,339.9112627212632
365,cadenceSpm,172.8267288137997
365,distanceM,965.0260562619799
365,motionIntensityG,0.8660000000000001
365,activeEnergyKcal,18.45133843212237
365,heartRateBpm,158.03446085626095
366,speedMps,2.9414337746708275
366,paceSecPerKm,339.97025824996143
366,cadenceSpm,174.7727057407709
366,distanceM,967.9674900366507
366,motionIntensityG,0.8660000000000001
366,activeEnergyKcal,18.509369024856596
366,heartRateBpm,157.43297635337188
367,speedMps,2.967248156035162
367,paceSecPerKm,337.0125946379222
367,cadenceSpm,176.13856232435003
367,distanceM,970.9347381926858
367,motionIntensityG,0.8660000000000001
367,activeEnergyKcal,18.567399617590823
367,heartRateBpm,156.84264913005194
368,speedMps,3.0645176340829745
368,paceSecPerKm,326.31562921296086
368,cadenceSpm,173.36366780995695
368,distanceM,973.9992558267688
368,motionIntensityG,0.8660000000000001
368,activeEnergyKcal,18.62543021032505
368,heartRateBpm,154.63742564497545
369,speedMps,2.8442984163976175
369,paceSecPerKm,351.58054943704803
369,cadenceSpm,174.01853229341805
369,distanceM,976.8435542431664
369,motionIntensityG,0.8660000000000001
369,activeEnergyKcal,18.683460803059276
369,heartRateBpm,158.27684955962326
370,speedMps,2.923526525443723
370,paceSecPerKm,342.0526515825689
370,cadenceSpm,173.4919258320307
370,distanceM,979.7670807686102
370,motionIntensityG,0.8660000000000001
370,activeEnergyKcal,18.741491395793503
370,heartRateBpm,158.52887764884085
371,speedMps,2.8228262492796143
371,paceSecPerKm,354.25488913998873
371,cadenceSpm,174.71633798670547
371,distanceM,982.5899070178898
371,motionIntensityG,0.8660000000000001
371,activeEnergyKcal,18.79952198852773
371,heartRateBpm,157.45653159275983
372,speedMps,2.876411708351869
372,paceSecPerKm,347.6553780866723
372,cadenceSpm,173.9105184250013
372,distanceM,985.4663187262416
372,motionIntensityG,0.8660000000000001
372,activeEnergyKcal,18.857552581261956
372,heartRateBpm,158.86483015851027
373,speedMps,2.7765343056310763
373,paceSecPerKm,360.1612261631
373,cadenceSpm,172.44784678115388
373,distanceM,988.2428530318728
373,motionIntensityG,0.8660000000000001
373,activeEnergyKcal,18.915583173996183
373,heartRateBpm,161.1298756300066
374,speedMps,2.8277449639680476
374,paceSecPerKm,353.6386812609666
374,cadenceSpm,174.99543717664682
374,distanceM,991.0705979958408
374,motionIntensityG,0.8660000000000001
374,activeEnergyKcal,18.97361376673041
374,heartRateBpm,160.7323469068614
375,speedMps,2.8516912817495164
375,paceSecPerKm,350.66909465266474
375,cadenceSpm,174.80960604851145
375,distanceM,993.9222892775903
375,motionIntensityG,0.8660000000000001
375,activeEnergyKcal,19.031644359464636
375,heartRateBpm,160.74131183241303
376,speedMps,2.8551781626894694
376,paceSecPerKm,350.2408406829639
376,cadenceSpm,174.0680226699915
376,distanceM,996.7774674402797
376,motionIntensityG,0.8660000000000001
376,activeEnergyKcal,19.089674952198862
376,heartRateBpm,160.44518964216982
377,speedMps,2.8174596711103645
377,paceSecPerKm,354.92965888874596
377,cadenceSpm,174.7659184797471
377,distanceM,999.59492711139
377,motionIntensityG,0.8660000000000001
377,activeEnergyKcal,19.14770554493309
377,heartRateBpm,160.2072501710067
378,speedMps,2.8775260477281086
378,paceSecPerKm,347.520746437562
378,cadenceSpm,172.23600227015615
378,distanceM,1002.4724531591181
378,motionIntensityG,0.8660000000000001
378,activeEnergyKcal,19.205736137667316
378,heartRateBpm,159.8114750601639
379,speedMps,2.803130784954236
379,paceSecPerKm,356.7439683397883
379,cadenceSpm,175.78515577749945
379,distanceM,1005.2755839440723
379,motionIntensityG,0.8660000000000001
379,activeEnergyKcal,19.263766730401542
379,heartRateBpm,157.20475987093153
380,speedMps,2.911478431136352
380,paceSecPerKm,343.4681120442645
380,cadenceSpm,173.73367728791285
380,distanceM,1008.1870623752087
380,motionIntensityG,0.8660000000000001
380,activeEnergyKcal,19.32179732313577
380,heartRateBpm,157.38852855045926
381,speedMps,3.001598591081984
381,paceSecPerKm,333.1558066994997
381,cadenceSpm,173.48994702275436
381,distanceM,1011.1886609662907
381,motionIntensityG,0.8660000000000001
381,activeEnergyKcal,19.379827915869996
381,heartRateBpm,156.8721392629799
382,speedMps,2.8088281633442937
382,paceSecPerKm,356.0203550541744
382,cadenceSpm,174.59923248272804
382,distanceM,1013.997489129635
382,motionIntensityG,0.8660000000000001
382,activeEnergyKcal,19.437858508604222
382,heartRateBpm,157.52045417668603
383,speedMps,2.847801375176715
383,paceSecPerKm,351.1480852269575
383,cadenceSpm,173.7311053256096
383,distanceM,1016.8452905048117
383,motionIntensityG,0.8660000000000001
383,activeEnergyKcal,19.49588910133845
383,heartRateBpm,155.4312357237672
384,speedMps,2.941216375961611
384,paceSecPerKm,339.99538700142614
384,cadenceSpm,173.57753048691984
384,distanceM,1019.7865068807733
384,motionIntensityG,0.8660000000000001
384,activeEnergyKcal,19.553919694072675
384,heartRateBpm,156.16634963342088
385,speedMps,2.8154115403556945
385,paceSecPerKm,355.18785998641664
385,cadenceSpm,174.64407661264275
385,distanceM,1022.6019184211291
385,motionIntensityG,0.8660000000000001
385,activeEnergyKcal,19.611950286806902
385,heartRateBpm,156.11979844204984
386,speedMps,2.8969803795422044
386,paceSecPerKm,345.1870116421103
386,cadenceSpm,174.71054860311457
386,distanceM,1025.4988988006712
386,motionIntensityG,0.8660000000000001
386,activeEnergyKcal,19.66998087954113
386,heartRateBpm,155.7707745105085
387,speedMps,2.939705872615333
387,paceSecPerKm,340.1700861693153
387,cadenceSpm,171.84088000753897
387,distanceM,1028.4386046732866
387,motionIntensityG,0.8660000000000001
387,activeEnergyKcal,19.728011472275355
387,heartRateBpm,153.8904567596422
388,speedMps,2.978888620191177
388,paceSecPerKm,335.6956662366996
388,cadenceSpm,170.2975896055071
388,distanceM,1031.4174932934777
388,motionIntensityG,0.8660000000000001
388,activeEnergyKcal,19.786042065009582
388,heartRateBpm,153.28392264436405
389,speedMps,2.918128989839838
389,paceSecPerKm,342.6853314167189
389,cadenceSpm,174.96607967289165
389,distanceM,1034.3356222833177
389,motionIntensityG,0.8660000000000001
389,activeEnergyKcal,19.84407265774381
389,heartRateBpm,152.67036167527934
390,speedMps,2.799472707139866
390,paceSecPerKm,357.2101265533211
390,cadenceSpm,173.00331442591715
390,distanceM,1037.1350949904574
390,motionIntensityG,0.8660000000000001
390,activeEnergyKcal,19.902103250478035
390,heartRateBpm,151.44539991584105
391,speedMps,2.893946746838946
391,paceSecPerKm,345.54886025193747
391,cadenceSpm,173.6007842977688
391,distanceM,1040.0290417372964
391,motionIntensityG,0.8660000000000001
391,activeEnergyKcal,19.96013384321226
391,heartRateBpm,150.47592870894627
392,speedMps,2.878572988619663
392,paceSecPerKm,347.3943526717803
392,cadenceSpm,173.77638021919932
392,distanceM,1042.9076147259161
392,motionIntensityG,0.8660000000000001
392,activeEnergyKcal,20.01816443594649
392,heartRateBpm,149.5014780857847
393,speedMps,2.814073520779561
393,paceSecPerKm,355.35674267777404
393,cadenceSpm,173.50859431205407
393,distanceM,1045.7216882466957
393,motionIntensityG,0.8660000000000001
393,activeEnergyKcal,20.076195028680715
393,heartRateBpm,148.8245048318679
394,speedMps,2.8670130630606714
394,paceSecPerKm,348.7950623191277
394,cadenceSpm,172.01308133020143
394,distanceM,1048.5887013097565
394,motionIntensityG,0.8660000000000001
394,activeEnergyKcal,20.13422562141494
394,heartRateBpm,148.33245301625172
395,speedMps,2.9515357445197923
395,paceSecPerKm,338.8066710209188
395,cadenceSpm,176.4898349619772
395,distanceM,1051.5402370542763
395,motionIntensityG,0.8660000000000001
395,activeEnergyKcal,20.192256214149168
395,heartRateBpm,149.10737842768668
396,speedMps,2.913572255974501
396,paceSecPerKm,343.22128031986307
396,cadenceSpm,174.97878012731303
396,distanceM,1054.4538093102508
396,motionIntensityG,0.8660000000000001
396,activeEnergyKcal,20.250286806883395
396,heartRateBpm,147.89514956208802
397,speedMps,2.8610450896710207
397,paceSecPerKm,349.5226285004078
397,cadenceSpm,171.5631679634672
397,distanceM,1057.3148543999218
397,motionIntensityG,0.8660000000000001
397,activeEnergyKcal,20.30831739961762
397,heartRateBpm,149.04656918751323
398,speedMps,2.9326211003726317
398,paceSecPerKm,340.991886020644
398,cadenceSpm,174.12073453214535
398,distanceM,1060.2474755002945
398,motionIntensityG,0.8660000000000001
398,activeEnergyKcal,20.366347992351848
398,heartRateBpm,148.7251388348395
399,speedMps,2.9282176135327367
399,paceSecPerKm,341.5046734841383
399,cadenceSpm,172.25108570177204
399,distanceM,1063.1756931138273
399,motionIntensityG,0.8660000000000001
399,activeEnergyKcal,20.424378585086075
399,heartRateBpm,147.45101266008402
400,speedMps,2.9982476436276078
400,paceSecPerKm,333.5281533949913
400,cadenceSpm,172.1850680455332
400,distanceM,1066.1739407574548
400,motionIntensityG,0.8660000000000001
400,activeEnergyKcal,20.4824091778203
400,heartRateBpm,146.62145276365885
401,speedMps,2.8509710143589446
401,paceSecPerKm,350.75768745577903
401,cadenceSpm,174.0855563737572
401,distanceM,1069.0249117718138
401,motionIntensityG,0.8660000000000001
401,activeEnergyKcal,20.540439770554528
401,heartRateBpm,145.34241813752274
402,speedMps,2.7878734674204804
402,paceSecPerKm,358.6963367190636
402,cadenceSpm,171.0324429888445
402,distanceM,1071.8127852392342
402,motionIntensityG,0.8660000000000001
402,activeEnergyKcal,20.598470363288754
402,heartRateBpm,146.09410625659902
403,speedMps,2.86661950574267
403,paceSecPerKm,348.84294828689684
403,cadenceSpm,174.70116549805707
403,distanceM,1074.6794047449769
403,motionIntensityG,0.8660000000000001
403,activeEnergyKcal,20.65650095602298
403,heartRateBpm,146.9231745072847
404,speedMps,2.859074226544343
404,paceSecPerKm,349.76356707208083
404,cadenceSpm,174.01407456860997
404,distanceM,1077.5384789715213
404,motionIntensityG,0.8660000000000001
404,activeEnergyKcal,20.714531548757208
404,heartRateBpm,145.06601389582642
405,speedMps,2.767876682160579
405,paceSecPerKm,361.28777211974966
405,cadenceSpm,173.47082253396928
405,distanceM,1080.3063556536817
405,motionIntensityG,0.8660000000000001
405,activeEnergyKcal,20.772562141491434
405,heartRateBpm,144.59796939219498
406,speedMps,2.799929144804361
406,paceSecPerKm,357.1518950240696
406,cadenceSpm,174.06085967351774
406,distanceM,1083.106284798486
406,motionIntensityG,0.8660000000000001
406,activeEnergyKcal,20.83059273422566
406,heartRateBpm,144.84370076818976
407,speedMps,2.8732698744372196
407,paceSecPerKm,348.0355287530614
407,cadenceSpm,173.38176376837455
407,distanceM,1085.9795546729233
407,motionIntensityG,0.8660000000000001
407,activeEnergyKcal,20.888623326959888
407,heartRateBpm,142.48110556312662
408,speedMps,2.939531690362498
408,paceSecPerKm,340.1902429827799
408,cadenceSpm,172.6958465948954
408,distanceM,1088.9190863632857
408,motionIntensityG,0.8660000000000001
408,activeEnergyKcal,20.946653919694114
408,heartRateBpm,143.03616404839354
409,speedMps,2.8205495237782556
409,paceSecPerKm,354.5408409140266
409,cadenceSpm,172.627824207562
409,distanceM,1091.739635887064
409,motionIntensityG,0.8660000000000001
409,activeEnergyKcal,21.00468451242834
409,heartRateBpm,142.20966370609258
410,speedMps,2.956891327998781
410,paceSecPerKm,338.1930172850817
410,cadenceSpm,173.46983874402275
410,distanceM,1094.6965272150628
410,motionIntensityG,0.8660000000000001
410,activeEnergyKcal,21.062715105162567
410,heartRateBpm,142.9716395010658
411,speedMps,2.7707847430782486
411,paceSecPerKm,360.90858465209885
411,cadenceSpm,172.63935074180444
411,distanceM,1097.467311958141
411,motionIntensityG,0.8660000000000001
411,activeEnergyKcal,21.120745697896794
411,heartRateBpm,143.97194802045252
412,speedMps,2.837407844458907
412,paceSecPerKm,352.4343537545621
412,cadenceSpm,174.64050966293524
412,distanceM,1100.3047198026
412,motionIntensityG,0.8660000000000001
412,activeEnergyKcal,21.17877629063102
412,heartRateBpm,143.74113748845488
413,speedMps,2.8173234718750466
413,paceSecPerKm,354.94681742542616
413,cadenceSpm,174.4610394679226
413,distanceM,1103.122043274475
413,motionIntensityG,0.8660000000000001
413,activeEnergyKcal,21.236806883365247
413,heartRateBpm,144.26650076847187
414,speedMps,2.8968148607511366
414,paceSecPerKm,345.2067350071183
414,cadenceSpm,171.7980225581574
414,distanceM,1106.018858135226
414,motionIntensityG,0.8660000000000001
414,activeEnergyKcal,21.294837476099474
414,heartRateBpm,145.40631300798944
415,speedMps,2.8281034724950125
415,paceSecPerKm,353.5938517545749
415,cadenceSpm,171.90514259758675
415,distanceM,1108.8469616077211
415,motionIntensityG,0.8660000000000001
415,activeEnergyKcal,21.3528680688337
415,heartRateBpm,146.54712051856825
416,speedMps,2.8594969263740087
416,paceSecPerKm,349.7118639214808
416,cadenceSpm,174.4850035368694
416,distanceM,1111.7064585340952
416,motionIntensityG,0.8660000000000001
416,activeEnergyKcal,21.410898661567927
416,heartRateBpm,145.4986166329842
417,speedMps,3.020368984967446
417,paceSecPerKm,331.0853756534578
417,cadenceSpm,176.1342041802879
417,distanceM,1114.7268275190627
417,motionIntensityG,0.8660000000000001
417,activeEnergyKcal,21.468929254302154
417,heartRateBpm,146.33125071295737
418,speedMps,2.8341302647387234
418,paceSecPerKm,352.8419326527284
418,cadenceSpm,175.4412162623113
418,distanceM,1117.5609577838013
418,motionIntensityG,0.8660000000000001
418,activeEnergyKcal,21.52695984703638
418,heartRateBpm,146.51073965600375
419,speedMps,2.9788284695116647
419,paceSecPerKm,335.7024448487077
419,cadenceSpm,172.97847516356347
419,distanceM,1120.539786253313
419,motionIntensityG,0.8660000000000001
419,activeEnergyKcal,21.584990439770607
419,heartRateBpm,146.05354846592678
420,speedMps,2.8237236618111416
420,paceSecPerKm,354.14230277710607
420,cadenceSpm,175.86271159698575
420,distanceM,1123.363509915124
420,motionIntensityG,0.8660000000000001
420,activeEnergyKcal,21.643021032504834
420,heartRateBpm,147.27637857379196
421,speedMps,3.034276332732182
421,paceSecPerKm,329.5678739647159
421,cadenceSpm,172.92592767280433
421,distanceM,1126.3977862478562
421,motionIntensityG,0.8660000000000001
421,activeEnergyKcal,21.70105162523906
421,heartRateBpm,145.23883601780608
422,speedMps,2.916200715128713
422,paceSecPerKm,342.9119246875511
422,cadenceSpm,175.07126584757648
422,distanceM,1129.313986962985
422,motionIntensityG,0.8660000000000001
422,activeEnergyKcal,21.759082217973287
422,heartRateBpm,145.55910582754322
423,speedMps,2.9316023427763342
423,paceSecPerKm,341.11038369991326
423,cadenceSpm,172.56931314758785
423,distanceM,1132.2455893057613
423,motionIntensityG,0.8660000000000001
423,activeEnergyKcal,21.817112810707513
423,heartRateBpm,144.27808656093683
424,speedMps,2.9288956250514926
424,paceSecPerKm,341.425618395814
424,cadenceSpm,173.26546341260584
424,distanceM,1135.1744849308127
424,motionIntensityG,0.8660000000000001
424,activeEnergyKcal,21.87514340344174
424,heartRateBpm,143.6023817917592
425,speedMps,2.895050829443376
425,paceSecPerKm,345.41707863287064
425,cadenceSpm,171.49538957703083
425,distanceM,1138.069535760256
425,motionIntensityG,0.8660000000000001
425,activeEnergyKcal,21.933173996175967
425,heartRateBpm,142.99241273996412
426,speedMps,2.9492223653982395
426,paceSecPerKm,339.0724320188613
426,cadenceSpm,176.27247289096144
426,distanceM,1141.0187581256544
426,motionIntensityG,0.8660000000000001
426,activeEnergyKcal,21.991204588910193
426,heartRateBpm,141.91351041222327
427,speedMps,2.84693979203623
427,paceSecPerKm,351.2543548680969
427,cadenceSpm,174.6985392330925
427,distanceM,1143.8656979176906
427,motionIntensityG,0.8660000000000001
427,activeEnergyKcal,22.04923518164442
427,heartRateBpm,144.25482380936165
428,speedMps,2.9669787436035846
428,paceSecPerKm,337.04319660390837
428,cadenceSpm,172.25078891371572
428,distanceM,1146.832676661294
428,motionIntensityG,0.8660000000000001
428,activeEnergyKcal,22.107265774378646
428,heartRateBpm,144.96817198089474
429,speedMps,2.881947417075693
429,paceSecPerKm,346.98759390089714
429,cadenceSpm,176.658338176304
429,distanceM,1149.7146240783698
429,motionIntensityG,0.8660000000000001
429,activeEnergyKcal,22.165296367112873
429,heartRateBpm,144.84670734407072
430,speedMps,2.9610104006234277
430,paceSecPerKm,337.7225557159321
430,cadenceSpm,173.774363336777
430,distanceM,1152.6756344789933
430,motionIntensityG,0.8660000000000001
430,activeEnergyKcal,22.2233269598471
430,heartRateBpm,145.1600253195189
431,speedMps,2.7778649365954964
431,paceSecPerKm,359.9887045716423
431,cadenceSpm,173.47682017156563
431,distanceM,1155.4534994155888
431,motionIntensityG,0.8660000000000001
431,activeEnergyKcal,22.281357552581326
431,heartRateBpm,144.7506229225511
432,speedMps,2.830801825656936
432,paceSecPerKm,353.25680199034525
432,cadenceSpm,172.5358481468078
432,distanceM,1158.2843012412457
432,motionIntensityG,0.8660000000000001
432,activeEnergyKcal,22.339388145315553
432,heartRateBpm,143.54475325849833
433,speedMps,2.8578369732066515
433,paceSecPerKm,349.9149914342191
433,cadenceSpm,175.3177377003598
433,distanceM,1161.1421382144524
433,motionIntensityG,0.8660000000000001
433,activeEnergyKcal,22.39741873804978
433,heartRateBpm,142.5952768095641
434,speedMps,2.9034705138113592
434,paceSecPerKm,344.41541432680475
434,cadenceSpm,176.31166110287873
434,distanceM,1164.0456087282637
434,motionIntensityG,0.8660000000000001
434,activeEnergyKcal,22.455449330784006
434,heartRateBpm,142.34585122791108
435,speedMps,2.9060340614541307
435,paceSecPerKm,344.111589490323
435,cadenceSpm,175.3107431346907
435,distanceM,1166.9516427897179
435,motionIntensityG,0.8660000000000001
435,activeEnergyKcal,22.513479923518233
435,heartRateBpm,143.55752939833346
436,speedMps,2.7769612824761607
436,paceSecPerKm,360.1058489041374
436,cadenceSpm,174.82665494213245
436,distanceM,1169.728604072194
436,motionIntensityG,0.8660000000000001
436,activeEnergyKcal,22.57151051625246
436,heartRateBpm,145.61457831731207
437,speedMps,2.8590654618211486
437,paceSecPerKm,349.7646393038607
437,cadenceSpm,177.63225261538767
437,distanceM,1172.587669534015
437,motionIntensityG,0.8660000000000001
437,activeEnergyKcal,22.629541108986686
437,heartRateBpm,145.34413846897212
438,speedMps,2.849645186848369
438,paceSecPerKm,350.92088117327097
438,cadenceSpm,173.9202341899859
438,distanceM,1175.4373147208635
438,motionIntensityG,0.8660000000000001
438,activeEnergyKcal,22.687571701720913
438,heartRateBpm,147.43727319712852
439,speedMps,2.9955068088780172
439,paceSecPerKm,333.83332564500336
439,cadenceSpm,173.4016299424189
439,distanceM,1178.4328215297414
439,motionIntensityG,0.8660000000000001
439,activeEnergyKcal,22.74560229445514
439,heartRateBpm,146.85640504102133
440,speedMps,2.7636399370074627
440,paceSecPerKm,361.84163740332417
440,cadenceSpm,171.1660568853518
440,distanceM,1181.1964614667488
440,motionIntensityG,0.8660000000000001
440,activeEnergyKcal,22.803632887189366
440,heartRateBpm,145.2096880212126
441,speedMps,2.880484651095314
441,paceSecPerKm,347.16380093181425
441,cadenceSpm,173.0892750691962
441,distanceM,1184.076946117844
441,motionIntensityG,0.8660000000000001
441,activeEnergyKcal,22.861663479923592
441,heartRateBpm,144.828039500796
442,speedMps,2.9272420320069443
442,paceSecPerKm,341.6184890302326
442,cadenceSpm,170.27386528750196
442,distanceM,1187.004188149851
442,motionIntensityG,0.8660000000000001
442,activeEnergyKcal,22.91969407265782
442,heartRateBpm,146.36196105128985
443,speedMps,2.93131508832034
443,paceSecPerKm,341.14381083918397
443,cadenceSpm,174.68537096638627
443,distanceM,1189.9355032381713
443,motionIntensityG,0.8660000000000001
443,activeEnergyKcal,22.977724665392046
443,heartRateBpm,146.19663636369876
444,speedMps,2.8881201633760316
444,paceSecPerKm,346.2459812721444
444,cadenceSpm,175.201095150646
444,distanceM,1192.8236234015474
444,motionIntensityG,0.8660000000000001
444,activeEnergyKcal,23.035755258126272
444,heartRateBpm,145.09843207557066
445,speedMps,2.93276281807959
445,paceSecPerKm,340.97540852444814
445,cadenceSpm,175.94269963380785
445,distanceM,1195.7563862196268
445,motionIntensityG,0.8660000000000001
445,activeEnergyKcal,23.0937858508605
445,heartRateBpm,143.82700730037405
446,speedMps,2.961591055960749
446,paceSecPerKm,337.65634117084306
446,cadenceSpm,172.6875325481918
446,distanceM,1198.7179772755876
446,motionIntensityG,0.8660000000000001
446,activeEnergyKcal,23.151816443594726
446,heartRateBpm,145.28255671045787
447,speedMps,2.9620839035842446
447,paceSecPerKm,337.6001600731021
447,cadenceSpm,172.1658090078251
447,distanceM,1201.6800611791718
447,motionIntensityG,0.8660000000000001
447,activeEnergyKcal,23.209847036328952
447,heartRateBpm,144.9469943130418
448,speedMps,2.958769689294911
448,paceSecPerKm,337.9783170072642
448,cadenceSpm,172.35167426293512
448,distanceM,1204.6388308684668
448,motionIntensityG,0.8660000000000001
448,activeEnergyKcal,23.26787762906318
448,heartRateBpm,143.87327374558643
449,speedMps,3.0122389980853694
449,paceSecPerKm,331.9789700072329
449,cadenceSpm,174.81158864328802
449,distanceM,1207.6510698665522
449,motionIntensityG,0.8660000000000001
449,activeEnergyKcal,23.325908221797405
449,heartRateBpm,142.93993087743948
450,speedMps,2.807640335244255
450,paceSecPerKm,356.1709765481779
450,cadenceSpm,172.0418380766246
450,distanceM,1210.4587102017965
450,motionIntensityG,0.8660000000000001
450,activeEnergyKcal,23.383938814531632
450,heartRateBpm,144.9248956065331
451,speedMps,2.8867702539259064
451,paceSecPerKm,346.40789257130353
451,cadenceSpm,171.5257878735844
451,distanceM,1213.3454804557225
451,motionIntensityG,0.8660000000000001
451,activeEnergyKcal,23.44196940726586
451,heartRateBpm,143.55574332735543
452,speedMps,2.783082405474637
452,paceSecPerKm,359.31383060483125
452,cadenceSpm,169.55355221762545
452,distanceM,1216.1285628611972
452,motionIntensityG,0.8660000000000001
452,activeEnergyKcal,23.500000000000085
452,heartRateBpm,142.90450520815773
453,speedMps,2.7846628945090477
453,paceSecPerKm,359.10989512298073
453,cadenceSpm,170.11712471594944
453,distanceM,1218.9132257557062
453,motionIntensityG,0.8660000000000001
453,activeEnergyKcal,23.558030592734312
453,heartRateBpm,144.41944466586034
454,speedMps,2.768950672665825
454,paceSecPerKm,361.1476397437025
454,cadenceSpm,176.96836993531772
454,distanceM,1221.682176428372
454,motionIntensityG,0.8660000000000001
454,activeEnergyKcal,23.61606118546854
454,heartRateBpm,143.6332098997083
455,speedMps,2.8936934052894068
455,paceSecPerKm,345.5791128984472
455,cadenceSpm,173.15801409692673
455,distanceM,1224.5758698336615
455,motionIntensityG,0.8660000000000001
455,activeEnergyKcal,23.674091778202765
455,heartRateBpm,145.2889064469031
456,speedMps,2.882680025422484
456,paceSecPerKm,346.8994099868717
456,cadenceSpm,173.24211247222937
456,distanceM,1227.458549859084
456,motionIntensityG,0.8660000000000001
456,activeEnergyKcal,23.73212237093699
456,heartRateBpm,147.50365802716553
457,speedMps,2.709896557669597
457,paceSecPerKm,369.0177756674078
457,cadenceSpm,174.95355507538164
457,distanceM,1230.1684464167538
457,motionIntensityG,0.8660000000000001
457,activeEnergyKcal,23.79015296367122
457,heartRateBpm,146.22569324076468
458,speedMps,2.919284610903838
458,paceSecPerKm,342.5496768163316
458,cadenceSpm,173.69547005444647
458,distanceM,1233.0877310276576
458,motionIntensityG,0.8660000000000001
458,activeEnergyKcal,23.848183556405445
458,heartRateBpm,144.34286902643314
459,speedMps,2.8720424061845655
459,paceSecPerKm,348.18427396706664
459,cadenceSpm,171.5508335345806
459,distanceM,1235.9597734338422
459,motionIntensityG,0.8660000000000001
459,activeEnergyKcal,23.90621414913967
459,heartRateBpm,144.0180377358119
460,speedMps,2.7742001120248245
460,paceSecPerKm,360.4642634341627
460,cadenceSpm,174.595818732328
460,distanceM,1238.733973545867
460,motionIntensityG,0.8660000000000001
460,activeEnergyKcal,23.964244741873898
460,heartRateBpm,146.14833419491035
461,speedMps,2.7934329999761083
461,paceSecPerKm,357.98245385106884
461,cadenceSpm,175.35706924094458
461,distanceM,1241.5274065458432
461,motionIntensityG,0.8660000000000001
461,activeEnergyKcal,24.022275334608125
461,heartRateBpm,146.89665142433205
462,speedMps,2.935832104240646
462,paceSecPerKm,340.6189334041125
462,cadenceSpm,174.65677806404204
462,distanceM,1244.463238650084
462,motionIntensityG,0.8660000000000001
462,activeEnergyKcal,24.08030592734235
462,heartRateBpm,146.27873377075045
463,speedMps,2.9492652051752635
463,paceSecPerKm,339.0675067963492
463,cadenceSpm,173.05002293672564
463,distanceM,1247.412503855259
463,motionIntensityG,0.8660000000000001
463,activeEnergyKcal,24.138336520076578
463,heartRateBpm,148.048420664735
464,speedMps,2.869530648622393
464,paceSecPerKm,348.489046625127
464,cadenceSpm,173.27314945842744
464,distanceM,1250.2820345038815
464,motionIntensityG,0.8660000000000001
464,activeEnergyKcal,24.196367112810805
464,heartRateBpm,149.01516971651887
465,speedMps,2.7971628970112192
465,paceSecPerKm,357.5050995666017
465,cadenceSpm,173.78208305056057
465,distanceM,1253.0791974008928
465,motionIntensityG,0.8660000000000001
465,activeEnergyKcal,24.25439770554503
465,heartRateBpm,147.77483119904903
466,speedMps,2.997654162097939
466,paceSecPerKm,333.5941859617788
466,cadenceSpm,172.63806252703563
466,distanceM,1256.0768515629907
466,motionIntensityG,0.8660000000000001
466,activeEnergyKcal,24.312428298279258
466,heartRateBpm,149.01467319763117
467,speedMps,2.855933264683704
467,paceSecPerKm,350.14823783382434
467,cadenceSpm,172.92479906348785
467,distanceM,1258.9327848276744
467,motionIntensityG,0.8660000000000001
467,activeEnergyKcal,24.370458891013485
467,heartRateBpm,147.94078094722326
468,speedMps,2.9377365970137292
468,paceSecPerKm,340.39811500340807
468,cadenceSpm,171.17900364955338
468,distanceM,1261.8705214246881
468,motionIntensityG,0.8660000000000001
468,activeEnergyKcal,24.42848948374771
468,heartRateBpm,148.21600831301242
469,speedMps,2.7460118305151906
469,paceSecPerKm,364.1644908035177
469,cadenceSpm,174.1130786252224
469,distanceM,1264.6165332552034
469,motionIntensityG,0.8660000000000001
469,activeEnergyKcal,24.486520076481938
469,heartRateBpm,147.54371530288103
470,speedMps,2.860530660013557
470,paceSecPerKm,349.585485650855
470,cadenceSpm,173.6591836369464
470,distanceM,1267.477063915217
470,motionIntensityG,0.8660000000000001
470,activeEnergyKcal,24.544550669216164
470,heartRateBpm,147.46234135132588
471,speedMps,2.928177244117164
471,paceSecPerKm,341.5093816499816
471,cadenceSpm,172.79776984242403
471,distanceM,1270.4052411593343
471,motionIntensityG,0.8660000000000001
471,activeEnergyKcal,24.60258126195039
471,heartRateBpm,148.80595710731936
472,speedMps,2.8680477553506
472,paceSecPerKm,348.6692291418127
472,cadenceSpm,176.21942933917467
472,distanceM,1273.2732889146848
472,motionIntensityG,0.8660000000000001
472,activeEnergyKcal,24.660611854684618
472,heartRateBpm,147.9440539389372
473,speedMps,2.9133270075334554
473,paceSecPerKm,343.25017322605396
473,cadenceSpm,174.3193103799634
473,distanceM,1276.1866159222184
473,motionIntensityG,0.8660000000000001
473,activeEnergyKcal,24.718642447418844
473,heartRateBpm,147.5612157246029
474,speedMps,2.939523636826096
474,paceSecPerKm,340.19117501628057
474,cadenceSpm,174.3830604099339
474,distanceM,1279.1261395590445
474,motionIntensityG,0.8660000000000001
474,activeEnergyKcal,24.77667304015307
474,heartRateBpm,149.09230160808994
475,speedMps,2.7865983314894427
475,paceSecPerKm,358.86047468689105
475,cadenceSpm,173.09117623836565
475,distanceM,1281.912737890534
475,motionIntensityG,0.8660000000000001
475,activeEnergyKcal,24.834703632887297
475,heartRateBpm,150.00210208546895
476,speedMps,2.85496389884347
476,paceSecPerKm,350.2671261115051
476,cadenceSpm,176.97163011794473
476,distanceM,1284.7677017893773
476,motionIntensityG,0.8660000000000001
476,activeEnergyKcal,24.892734225621524
476,heartRateBpm,139.57289130027553
477,speedMps,2.9490637330147655
477,paceSecPerKm,339.09067098313307
477,cadenceSpm,174.91060003711198
477,distanceM,1287.716765522392
477,motionIntensityG,0.8660000000000001
477,activeEnergyKcal,24.95076481835575
477,heartRateBpm,130.09668940984426
478,speedMps,2.8582535377389107
478,paceSecPerKm,349.86399449751883
478,cadenceSpm,175.89805033882266
478,distanceM,1290.575019060131
478,motionIntensityG,0.8660000000000001
478,activeEnergyKcal,25.008795411089977
478,heartRateBpm,120.04267561712578
479,speedMps,2.938379620074578
479,paceSecPerKm,340.3236236625611
479,cadenceSpm,175.36270819959506
479,distanceM,1293.5133986802055
479,motionIntensityG,0.8660000000000001
479,activeEnergyKcal,25.066826003824204
479,heartRateBpm,119.95382980540202
480,speedMps,3.0507384471344774
480,paceSecPerKm,327.7894900951893
480,cadenceSpm,173.5230509465041
480,distanceM,1296.56413712734
480,motionIntensityG,0.8660000000000001
480,activeEnergyKcal,25.12485659655843
480,heartRateBpm,121.0768141376492
481,speedMps,3.0117354210628977
481,paceSecPerKm,332.03447852902076
481,cadenceSpm,172.52422230813517
481,distanceM,1299.575872548403
481,motionIntensityG,0.8660000000000001
481,activeEnergyKcal,25.182887189292657
481,heartRateBpm,120.93076413378992
482,speedMps,2.841651776166778
482,paceSecPerKm,351.9080023763297
482,cadenceSpm,174.47331105923365
482,distanceM,1302.4175243245697
482,motionIntensityG,0.8660000000000001
482,activeEnergyKcal,25.240917782026884
482,heartRateBpm,122.18304560900448
483,speedMps,2.8621979332387655
483,paceSecPerKm,349.38184686215396
483,cadenceSpm,176.37151612919874
483,distanceM,1305.2797222578085
483,motionIntensityG,0.8660000000000001
483,activeEnergyKcal,25.29894837476111
483,heartRateBpm,122.9878384773083
484,speedMps,2.768561802482539
484,paceSecPerKm,361.19836627931187
484,cadenceSpm,175.74866739420995
484,distanceM,1308.048284060291
484,motionIntensityG,0.8660000000000001
484,activeEnergyKcal,25.356978967495337
484,heartRateBpm,125.58435064058219
485,speedMps,2.7939010992315003
485,paceSecPerKm,357.92247630922344
485,cadenceSpm,173.99557593804894
485,distanceM,1310.8421851595226
485,motionIntensityG,0.8660000000000001
485,activeEnergyKcal,25.415009560229564
485,heartRateBpm,127.2215985113537
486,speedMps,2.835984925785949
486,paceSecPerKm,352.6111831228671
486,cadenceSpm,171.8749264311618
486,distanceM,1313.6781700853085
486,motionIntensityG,0.8660000000000001
486,activeEnergyKcal,25.47304015296379
486,heartRateBpm,126.54543833225834
487,speedMps,2.9226700546947924
487,paceSecPerKm,342.1528880393677
487,cadenceSpm,175.49997490915536
487,distanceM,1316.6008401400034
487,motionIntensityG,0.8660000000000001
487,activeEnergyKcal,25.531070745698017
487,heartRateBpm,127.84921217155058
488,speedMps,2.81219062832274
488,paceSecPerKm,355.5946705492098
488,cadenceSpm,172.43236978909158
488,distanceM,1319.413030768326
488,motionIntensityG,0.8660000000000001
488,activeEnergyKcal,25.589101338432243
488,heartRateBpm,126.17037780752615
489,speedMps,2.9125002864110394
489,paceSecPerKm,343.34760572067137
489,cadenceSpm,172.4675905148108
489,distanceM,1322.325531054737
489,motionIntensityG,0.8660000000000001
489,activeEnergyKcal,25.64713193116647
489,heartRateBpm,126.58403509449512
490,speedMps,2.8592064959756924
490,paceSecPerKm,349.74738669889393
490,cadenceSpm,172.62145241844493
490,distanceM,1325.1847375507127
490,motionIntensityG,0.8660000000000001
490,activeEnergyKcal,25.705162523900697
490,heartRateBpm,125.39376977004459
491,speedMps,2.75043718706801
491,paceSecPerKm,363.5785629651149
491,cadenceSpm,174.59671269480657
491,distanceM,1327.9351747377807
491,motionIntensityG,0.8660000000000001
491,activeEnergyKcal,25.763193116634923
491,heartRateBpm,126.09209031816992
492,speedMps,2.895145597386899
492,paceSecPerKm,345.40577195930325
492,cadenceSpm,174.93936156536668
492,distanceM,1330.8303203351677
492,motionIntensityG,0.8660000000000001
492,activeEnergyKcal,25.82122370936915
492,heartRateBpm,128.66994863293436
493,speedMps,2.9389030950050508
493,paceSecPerKm,340.26300550691735
493,cadenceSpm,173.23106744666887
493,distanceM,1333.7692234301728
493,motionIntensityG,0.8660000000000001
493,activeEnergyKcal,25.879254302103377
493,heartRateBpm,128.24682132100435
494,speedMps,2.915938156712679
494,paceSecPerKm,342.94280134094583
494,cadenceSpm,175.6601208109923
494,distanceM,1336.6851615868854
494,motionIntensityG,0.8660000000000001
494,activeEnergyKcal,25.937284894837603
494,heartRateBpm,128.15977574539397
495,speedMps,2.7656477866048093
495,paceSecPerKm,361.5789417739377
495,cadenceSpm,173.21554918323986
495,distanceM,1339.4508093734903
495,motionIntensityG,0.8660000000000001
495,activeEnergyKcal,25.99531548757183
495,heartRateBpm,129.54538869001783
496,speedMps,2.983867877549313
496,paceSecPerKm,335.1354822122058
496,cadenceSpm,173.06551022980685
496,distanceM,1342.4346772510396
496,motionIntensityG,0.8660000000000001
496,activeEnergyKcal,26.053346080306056
496,heartRateBpm,130.26980824924055
497,speedMps,2.8477022721272123
497,paceSecPerKm,351.1603055515377
497,cadenceSpm,173.06208112178402
497,distanceM,1345.2823795231668
497,motionIntensityG,0.8660000000000001
497,activeEnergyKcal,26.111376673040283
497,heartRateBpm,132.8208185071289
498,speedMps,2.8609436194471667
498,paceSecPerKm,349.53502515831985
498,cadenceSpm,174.1444522150408
498,distanceM,1348.143323142614
498,motionIntensityG,0.8660000000000001
498,activeEnergyKcal,26.16940726577451
498,heartRateBpm,134.95440141365515
499,speedMps,2.931441653502385
499,paceSecPerKm,341.12908193319646
499,cadenceSpm,172.79822187856735
499,distanceM,1351.0747647961164
499,motionIntensityG,0.8660000000000001
499,activeEnergyKcal,26.227437858508736
499,heartRateBpm,135.90441709688838
500,speedMps,2.82285887175223
500,paceSecPerKm,354.2507951803028
500,cadenceSpm,174.12930425564304
500,distanceM,1353.8976236678686
500,motionIntensityG,0.8660000000000001
500,activeEnergyKcal,26.285468451242963
500,heartRateBpm,135.89267369125741
501,speedMps,2.870955865129503
501,paceSecPerKm,348.3160476780412
501,cadenceSpm,170.7311358139123
501,distanceM,1356.768579532998
501,motionIntensityG,0.8660000000000001
501,activeEnergyKcal,26.34349904397719
501,heartRateBpm,137.05322111714108
502,speedMps,2.9160226307981976
502,paceSecPerKm,342.93286665140585
502,cadenceSpm,171.88816567694082
502,distanceM,1359.6846021637962
502,motionIntensityG,0.8660000000000001
502,activeEnergyKcal,26.401529636711416
502,heartRateBpm,138.43188853610656
503,speedMps,3.026173126751514
503,paceSecPerKm,330.4503602784495
503,cadenceSpm,174.13029775461135
503,distanceM,1362.7107752905476
503,motionIntensityG,0.8660000000000001
503,activeEnergyKcal,26.459560229445643
503,heartRateBpm,140.0070995870391
504,speedMps,2.8406149439146278
504,paceSecPerKm,352.03644976320106
504,cadenceSpm,173.31972703819645
504,distanceM,1365.5513902344624
504,motionIntensityG,0.8660000000000001
504,activeEnergyKcal,26.51759082217987
504,heartRateBpm,141.58327089861947
505,speedMps,2.979249468889394
505,paceSecPerKm,335.6550065519624
505,cadenceSpm,172.2071630151468
505,distanceM,1368.5306397033517
505,motionIntensityG,0.8660000000000001
505,activeEnergyKcal,26.575621414914096
505,heartRateBpm,141.91283788472802
506,speedMps,2.87156939335708
506,paceSecPerKm,348.24162784063003
506,cadenceSpm,173.87552382736314
506,distanceM,1371.4022090967087
506,motionIntensityG,0.8660000000000001
506,activeEnergyKcal,26.633652007648323
506,heartRateBpm,142.44789595510522
507,speedMps,2.8052221902757912
507,paceSecPerKm,356.4780014454707
507,cadenceSpm,171.62812520999492
507,distanceM,1374.2074312869845
507,motionIntensityG,0.8660000000000001
507,activeEnergyKcal,26.69168260038255
507,heartRateBpm,141.19599594162923
508,speedMps,2.7717092276398514
508,paceSecPerKm,360.78820607438456
508,cadenceSpm,172.36090460316578
508,distanceM,1376.9791405146243
508,motionIntensityG,0.8660000000000001
508,activeEnergyKcal,26.749713193116776
508,heartRateBpm,140.30647107750517
509,speedMps,2.859361793482567
509,paceSecPerKm,349.72839123727937
509,cadenceSpm,175.4772433160878
509,distanceM,1379.8385023081069
509,motionIntensityG,0.8660000000000001
509,activeEnergyKcal,26.807743785851002
509,heartRateBpm,141.01145629066156
510,speedMps,2.8974450493613295
510,paceSecPerKm,345.13165321993785
510,cadenceSpm,175.46200417415525
510,distanceM,1382.7359473574681
510,motionIntensityG,0.8660000000000001
510,activeEnergyKcal,26.86577437858523
510,heartRateBpm,140.1533529924536
511,speedMps,2.8941511126154347
511,paceSecPerKm,345.52445988084685
511,cadenceSpm,174.6164808886543
511,distanceM,1385.6300984700836
511,motionIntensityG,0.8660000000000001
511,activeEnergyKcal,26.923804971319456
511,heartRateBpm,139.77665341831562
512,speedMps,2.86908985365817
512,paceSecPerKm,348.5425870245827
512,cadenceSpm,173.4533396756799
512,distanceM,1388.4991883237417
512,motionIntensityG,0.8660000000000001
512,activeEnergyKcal,26.981835564053682
512,heartRateBpm,138.81924904937088
513,speedMps,2.804387186505425
513,paceSecPerKm,356.5841424507826
513,cadenceSpm,174.28138729915216
513,distanceM,1391.3035755102471
513,motionIntensityG,0.8660000000000001
513,activeEnergyKcal,27.03986615678791
513,heartRateBpm,138.57549627277868
514,speedMps,2.856530445478941
514,paceSecPerKm,350.07503651246213
514,cadenceSpm,170.64601455152365
514,distanceM,1394.160105955726
514,motionIntensityG,0.8660000000000001
514,activeEnergyKcal,27.097896749522135
514,heartRateBpm,139.96294945668808
515,speedMps,2.8156813718309905
515,paceSecPerKm,355.1538217371935
515,cadenceSpm,175.4332810203705
515,distanceM,1396.975787327557
515,motionIntensityG,0.8660000000000001
515,activeEnergyKcal,27.155927342256362
515,heartRateBpm,140.28543871367634
516,speedMps,2.8308208403068065
516,paceSecPerKm,353.25442916112604
516,cadenceSpm,173.52681809880116
516,distanceM,1399.806608167864
516,motionIntensityG,0.8660000000000001
516,activeEnergyKcal,27.21395793499059
516,heartRateBpm,140.54922744890115
517,speedMps,2.8700746581677308
517,paceSecPerKm,348.42299211770495
517,cadenceSpm,171.54685621350941
517,distanceM,1402.6766828260318
517,motionIntensityG,0.8660000000000001
517,activeEnergyKcal,27.271988527724815
517,heartRateBpm,139.68224730097933
518,speedMps,2.8930551764668437
518,paceSecPerKm,345.6553501413873
518,cadenceSpm,174.30124960763462
518,distanceM,1405.5697380024985
518,motionIntensityG,0.8660000000000001
518,activeEnergyKcal,27.330019120459042
518,heartRateBpm,138.0448616410129
519,speedMps,2.9057117886568857
519,paceSecPerKm,344.1497549425686
519,cadenceSpm,172.3133153425646
519,distanceM,1408.4754497911554
519,motionIntensityG,0.8660000000000001
519,activeEnergyKcal,27.38804971319327
519,heartRateBpm,135.98825973757096
520,speedMps,2.9613566672670473
520,paceSecPerKm,337.68306636392833
520,cadenceSpm,174.00658695209023
520,distanceM,1411.4368064584223
520,motionIntensityG,0.8660000000000001
520,activeEnergyKcal,27.446080305927495
520,heartRateBpm,138.22888055412844
521,speedMps,2.8799406934163527
521,paceSecPerKm,347.22937256521834
521,cadenceSpm,172.68827636943288
521,distanceM,1414.3167471518386
521,motionIntensityG,0.8660000000000001
521,activeEnergyKcal,27.50411089866172
521,heartRateBpm,138.98840576096975
522,speedMps,2.9430631172009867
522,paceSecPerKm,339.78204346193377
522,cadenceSpm,174.3121356029722
522,distanceM,1417.2598102690397
522,motionIntensityG,0.8660000000000001
522,activeEnergyKcal,27.56214149139595
522,heartRateBpm,140.4852380803948
523,speedMps,2.8807913099325497
523,paceSecPerKm,347.1268455136425
523,cadenceSpm,172.90370266859838
523,distanceM,1420.1406015789723
523,motionIntensityG,0.8660000000000001
523,activeEnergyKcal,27.620172084130175
523,heartRateBpm,140.958029956773
524,speedMps,2.9718977921615743
524,paceSecPerKm,336.48532686336495
524,cadenceSpm,172.16549826525429
524,distanceM,1423.112499371134
524,motionIntensityG,0.8660000000000001
524,activeEnergyKcal,27.6782026768644
524,heartRateBpm,143.01198671805952
525,speedMps,2.9906407937642774
525,paceSecPerKm,334.3764995398575
525,cadenceSpm,171.53523101371158
525,distanceM,1426.1031401648982
525,motionIntensityG,0.8660000000000001
525,activeEnergyKcal,27.73623326959863
525,heartRateBpm,145.34739921505357
526,speedMps,2.8400788367589045
526,paceSecPerKm,352.1029018832446
526,cadenceSpm,175.19819329394073
526,distanceM,1428.943219001657
526,motionIntensityG,0.8660000000000001
526,activeEnergyKcal,27.794263862332855
526,heartRateBpm,143.44582002496546
527,speedMps,2.872685178095115
527,paceSecPerKm,348.1063666931657
527,cadenceSpm,173.66699698158416
527,distanceM,1431.8159041797521
527,motionIntensityG,0.8660000000000001
527,activeEnergyKcal,27.85229445506708
527,heartRateBpm,143.16537175844547
528,speedMps,2.850073494452518
528,paceSecPerKm,350.8681449606246
528,cadenceSpm,172.8713192092377
528,distanceM,1434.6659776742047
528,motionIntensityG,0.8660000000000001
528,activeEnergyKcal,27.910325047801308
528,heartRateBpm,143.95298905004327
529,speedMps,2.8992686155392597
529,paceSecPerKm,344.9145741930509
529,cadenceSpm,174.08489290809553
529,distanceM,1437.565246289744
529,motionIntensityG,0.8660000000000001
529,activeEnergyKcal,27.968355640535535
529,heartRateBpm,143.13822911451803
530,speedMps,2.9485059004973624
530,paceSecPerKm,339.1548240860963
530,cadenceSpm,173.94002019803827
530,distanceM,1440.5137521902413
530,motionIntensityG,0.8660000000000001
530,activeEnergyKcal,28.02638623326976
530,heartRateBpm,142.80395509678996
531,speedMps,2.9523465205452495
531,paceSecPerKm,338.71362763179866
531,cadenceSpm,172.64664732647026
531,distanceM,1443.4660987107866
531,motionIntensityG,0.8660000000000001
531,activeEnergyKcal,28.084416826003988
531,heartRateBpm,141.31808171187353
532,speedMps,2.812427944364903
532,paceSecPerKm,355.56466504453607
532,cadenceSpm,173.93965766000127
532,distanceM,1446.2785266551514
532,motionIntensityG,0.8660000000000001
532,activeEnergyKcal,28.142447418738215
532,heartRateBpm,139.49963976847195
533,speedMps,2.7982729791375096
533,paceSecPerKm,357.3632763692063
533,cadenceSpm,171.95397808393784
533,distanceM,1449.0767996342888
533,motionIntensityG,0.8660000000000001
533,activeEnergyKcal,28.20047801147244
533,heartRateBpm,139.29432720809157
534,speedMps,2.951144460081771
534,paceSecPerKm,338.851592501267
534,cadenceSpm,174.28971809446364
534,distanceM,1452.0279440943707
534,motionIntensityG,0.8660000000000001
534,activeEnergyKcal,28.258508604206668
534,heartRateBpm,138.71690542610298
535,speedMps,2.851505744557776
535,paceSecPerKm,350.6919114255842
535,cadenceSpm,174.59124843879272
535,distanceM,1454.8794498389284
535,motionIntensityG,0.8660000000000001
535,activeEnergyKcal,28.316539196940894
535,heartRateBpm,138.6075564362443
536,speedMps,2.782715858011613
536,paceSecPerKm,359.36116047239875
536,cadenceSpm,176.6177555718051
536,distanceM,1457.66216569694
536,motionIntensityG,0.8660000000000001
536,activeEnergyKcal,28.37456978967512
536,heartRateBpm,140.0890848278109
537,speedMps,2.809156063494623
537,paceSecPerKm,355.97879839968317
537,cadenceSpm,170.66608452703025
537,distanceM,1460.4713217604346
537,motionIntensityG,0.8660000000000001
537,activeEnergyKcal,28.432600382409348
537,heartRateBpm,140.57644200310298
538,speedMps,2.8212034046748315
538,paceSecPerKm,354.4586676533019
538,cadenceSpm,171.57346141492297
538,distanceM,1463.2925251651095
538,motionIntensityG,0.8660000000000001
538,activeEnergyKcal,28.490630975143574
538,heartRateBpm,142.39685820430532
539,speedMps,2.72840022671832
539,paceSecPerKm,366.51514327235833
539,cadenceSpm,172.56158237634423
539,distanceM,1466.0209253918279
539,motionIntensityG,0.8660000000000001
539,activeEnergyKcal,28.5486615678778
539,heartRateBpm,140.8584139333701
540,speedMps,2.931709108637008
540,paceSecPerKm,341.09796127246534
540,cadenceSpm,176.1580213830264
540,distanceM,1468.952634500465
540,motionIntensityG,0.8660000000000001
540,activeEnergyKcal,28.606692160612027
540,heartRateBpm,140.97241930375657
541,speedMps,3.0467868628276196
541,paceSecPerKm,328.2146224931316
541,cadenceSpm,173.46439035272547
541,distanceM,1471.9994213632926
541,motionIntensityG,0.8660000000000001
541,activeEnergyKcal,28.664722753346254
541,heartRateBpm,143.2904410684943
542,speedMps,2.8485510672872496
542,paceSecPerKm,351.0556687868427
542,cadenceSpm,174.03041577209964
542,distanceM,1474.8479724305798
542,motionIntensityG,0.8660000000000001
542,activeEnergyKcal,28.72275334608048
542,heartRateBpm,143.38161189130477
543,speedMps,2.893098258016718
543,paceSecPerKm,345.65020293694477
543,cadenceSpm,172.78825665546674
543,distanceM,1477.7410706885964
543,motionIntensityG,0.8660000000000001
543,activeEnergyKcal,28.780783938814707
543,heartRateBpm,142.79910473294854
544,speedMps,2.807715825016674
544,paceSecPerKm,356.1614003418816
544,cadenceSpm,173.93547501320361
544,distanceM,1480.548786513613
544,motionIntensityG,0.8660000000000001
544,activeEnergyKcal,28.838814531548934
544,heartRateBpm,143.33735984798886
545,speedMps,2.8631088524525863
545,paceSecPerKm,349.270688448811
545,cadenceSpm,170.2060089696072
545,distanceM,1483.4118953660657
545,motionIntensityG,0.8660000000000001
545,activeEnergyKcal,28.89684512428316
545,heartRateBpm,142.57513279379285
546,speedMps,2.92719395520881
546,paceSecPerKm,341.6240998381897
546,cadenceSpm,174.247333412432
546,distanceM,1486.3390893212745
546,motionIntensityG,0.8660000000000001
546,activeEnergyKcal,28.954875717017387
546,heartRateBpm,141.92795818450338
547,speedMps,2.7933983598456473
547,paceSecPerKm,357.9868930886235
547,cadenceSpm,173.59344599602906
547,distanceM,1489.1324876811202
547,motionIntensityG,0.8660000000000001
547,activeEnergyKcal,29.012906309751614
547,heartRateBpm,142.48012625676122
548,speedMps,3.0128727499386896
548,paceSecPerKm,331.90913888425905
548,cadenceSpm,174.413474002533
548,distanceM,1492.1453604310589
548,motionIntensityG,0.8660000000000001
548,activeEnergyKcal,29.07093690248584
548,heartRateBpm,145.6132984612663
549,speedMps,2.9339534322823235
549,paceSecPerKm,340.8370388558279
549,cadenceSpm,173.24845739080075
549,distanceM,1495.0793138633412
549,motionIntensityG,0.8660000000000001
549,activeEnergyKcal,29.128967495220067
549,heartRateBpm,145.69741942916582
550,speedMps,2.8871361069092685
550,paceSecPerKm,346.36399635156727
550,cadenceSpm,172.20391215368448
550,distanceM,1497.9664499702506
550,motionIntensityG,0.8660000000000001
550,activeEnergyKcal,29.186998087954294
550,heartRateBpm,146.51000806761783
551,speedMps,2.923901534638703
551,paceSecPerKm,342.00878112797557
551,cadenceSpm,172.97914684674967
551,distanceM,1500.8903515048892
551,motionIntensityG,0.8660000000000001
551,activeEnergyKcal,29.24502868068852
551,heartRateBpm,145.2917957355344
552,speedMps,3.0566414841008074
552,paceSecPerKm,327.1564575700237
552,cadenceSpm,173.68423263826915
552,distanceM,1503.94699298899
552,motionIntensityG,0.8660000000000001
552,activeEnergyKcal,29.303059273422747
552,heartRateBpm,145.0957851495821
553,speedMps,2.7595976964620914
553,paceSecPerKm,362.3716606525791
553,cadenceSpm,173.03058693464948
553,distanceM,1506.706590685452
553,motionIntensityG,0.8660000000000001
553,activeEnergyKcal,29.361089866156973
553,heartRateBpm,145.7644153626963
554,speedMps,2.9525152464369158
554,paceSecPerKm,338.6942713358707
554,cadenceSpm,172.9889669039216
554,distanceM,1509.659105931889
554,motionIntensityG,0.8660000000000001
554,activeEnergyKcal,29.4191204588912
554,heartRateBpm,146.125014116537
555,speedMps,2.9315766404622834
555,paceSecPerKm,341.11337435214006
555,cadenceSpm,171.70926988734664
555,distanceM,1512.5906825723512
555,motionIntensityG,0.8660000000000001
555,activeEnergyKcal,29.477151051625427
555,heartRateBpm,146.803913439163
556,speedMps,2.870299437098508
556,paceSecPerKm,348.3957064113378
556,cadenceSpm,177.1163791067171
556,distanceM,1515.4609820094497
556,motionIntensityG,0.8660000000000001
556,activeEnergyKcal,29.535181644359653
556,heartRateBpm,146.08514545348382
557,speedMps,2.8495574008726843
557,paceSecPerKm,350.9316919510895
557,cadenceSpm,172.21344910866608
557,distanceM,1518.3105394103225
557,motionIntensityG,0.8660000000000001
557,activeEnergyKcal,29.59321223709388
557,heartRateBpm,146.29432145457974
558,speedMps,3.0147211912520184
558,paceSecPerKm,331.70563264747494
558,cadenceSpm,172.66504094954053
558,distanceM,1521.3252606015744
558,motionIntensityG,0.8660000000000001
558,activeEnergyKcal,29.651242829828107
558,heartRateBpm,146.83499289621898
559,speedMps,2.9806704444488115
559,paceSecPerKm,335.49498968005537
559,cadenceSpm,174.52318521626026
559,distanceM,1524.3059310460233
559,motionIntensityG,0.8660000000000001
559,activeEnergyKcal,29.709273422562333
559,heartRateBpm,148.35673537406313
560,speedMps,2.907771499703729
560,paceSecPerKm,343.9059775164209
560,cadenceSpm,175.18640754391822
560,distanceM,1527.213702545727
560,motionIntensityG,0.8660000000000001
560,activeEnergyKcal,29.76730401529656
560,heartRateBpm,149.52990739927156
561,speedMps,2.7922240866428587
561,paceSecPerKm,358.1374449076965
561,cadenceSpm,174.45433394630282
561,distanceM,1530.00592663237
561,motionIntensityG,0.8660000000000001
561,activeEnergyKcal,29.825334608030786
561,heartRateBpm,147.20294269943503
562,speedMps,2.864929773618133
562,paceSecPerKm,349.0486954369898
562,cadenceSpm,174.56288222942783
562,distanceM,1532.870856405988
562,motionIntensityG,0.8660000000000001
562,activeEnergyKcal,29.883365200765013
562,heartRateBpm,148.45996478121558
563,speedMps,2.813529729780994
563,paceSecPerKm,355.4254250150896
563,cadenceSpm,172.39997700432252
563,distanceM,1535.684386135769
563,motionIntensityG,0.8660000000000001
563,activeEnergyKcal,29.94139579349924
563,heartRateBpm,149.14812416024404
564,speedMps,2.8553962386525438
564,paceSecPerKm,350.21409164281107
564,cadenceSpm,174.5234148222598
564,distanceM,1538.5397823744215
564,motionIntensityG,0.8660000000000001
564,activeEnergyKcal,29.999426386233466
564,heartRateBpm,152.44772159974866
565,speedMps,2.8179149620288535
565,paceSecPerKm,354.87231285362
565,cadenceSpm,173.52328611729214
565,distanceM,1541.3576973364504
565,motionIntensityG,0.8660000000000001
565,activeEnergyKcal,30.057456978967693
565,heartRateBpm,152.2415494111253
566,speedMps,2.8405469875459906
566,paceSecPerKm,352.0448717744752
566,cadenceSpm,173.26449627848544
566,distanceM,1544.1982443239965
566,motionIntensityG,0.8660000000000001
566,activeEnergyKcal,30.11548757170192
566,heartRateBpm,152.17964485561393
567,speedMps,2.8829200620470514
567,paceSecPerKm,346.8705265764248
567,cadenceSpm,175.68829105981936
567,distanceM,1547.0811643860436
567,motionIntensityG,0.8660000000000001
567,activeEnergyKcal,30.173518164436146
567,heartRateBpm,153.13636825169752
568,speedMps,2.938167762585247
568,paceSecPerKm,340.3481628020164
568,cadenceSpm,172.9303434408224
568,distanceM,1550.0193321486288
568,motionIntensityG,0.8660000000000001
568,activeEnergyKcal,30.231548757170373
568,heartRateBpm,153.91511444850582
569,speedMps,2.863346234002141
569,paceSecPerKm,349.2417326710383
569,cadenceSpm,172.8916887672599
569,distanceM,1552.882678382631
569,motionIntensityG,0.8660000000000001
569,activeEnergyKcal,30.2895793499046
569,heartRateBpm,151.69115663689956
570,speedMps,2.972416535465037
570,paceSecPerKm,336.42660376451886
570,cadenceSpm,172.71500943892775
570,distanceM,1555.855094918096
570,motionIntensityG,0.8660000000000001
570,activeEnergyKcal,30.347609942638826
570,heartRateBpm,152.47899751596802
571,speedMps,2.8399357552950595
571,paceSecPerKm,352.1206415094075
571,cadenceSpm,173.5928210419714
571,distanceM,1558.695030673391
571,motionIntensityG,0.8660000000000001
571,activeEnergyKcal,30.405640535373053
571,heartRateBpm,153.31326147441126
572,speedMps,3.0203735471006743
572,paceSecPerKm,331.08487556445556
572,cadenceSpm,174.43818840402056
572,distanceM,1561.7154042204918
572,motionIntensityG,0.8660000000000001
572,activeEnergyKcal,30.46367112810728
572,heartRateBpm,152.7052470183761
573,speedMps,2.866231718059608
573,paceSecPerKm,348.89014509859084
573,cadenceSpm,173.82999629116608
573,distanceM,1564.5816359385515
573,motionIntensityG,0.8660000000000001
573,activeEnergyKcal,30.521701720841506
573,heartRateBpm,154.42591458024754
574,speedMps,2.9101991480814005
574,paceSecPerKm,343.6190958475359
574,cadenceSpm,175.50956559092188
574,distanceM,1567.4918350866328
574,motionIntensityG,0.8660000000000001
574,activeEnergyKcal,30.579732313575732
574,heartRateBpm,154.92292931799034
575,speedMps,2.8127310861342685
575,paceSecPerKm,355.52634410364817
575,cadenceSpm,170.9209075519823
575,distanceM,1570.3045661727672
575,motionIntensityG,0.8660000000000001
575,activeEnergyKcal,30.63776290630996
575,heartRateBpm,153.82129857581805
576,speedMps,2.945190093251442
576,paceSecPerKm,339.536657511983
576,cadenceSpm,172.8068273549394
576,distanceM,1573.2497562660187
576,motionIntensityG,0.8660000000000001
576,activeEnergyKcal,30.695793499044186
576,heartRateBpm,153.37855214796457
577,speedMps,2.9661452256462795
577,paceSecPerKm,337.1379092816046
577,cadenceSpm,174.22143471061128
577,distanceM,1576.215901491665
577,motionIntensityG,0.8660000000000001
577,activeEnergyKcal,30.753824091778412
577,heartRateBpm,153.57014010087158
578,speedMps,3.044981703224811
578,paceSecPerKm,328.40919830189534
578,cadenceSpm,173.66691717346092
578,distanceM,1579.2608831948896
578,motionIntensityG,0.8660000000000001
578,activeEnergyKcal,30.81185468451264
578,heartRateBpm,152.59287739463554
579,speedMps,2.8952117072556702
579,paceSecPerKm,345.3978848917704
579,cadenceSpm,174.7603011717945
579,distanceM,1582.1560949021452
579,motionIntensityG,0.8660000000000001
579,activeEnergyKcal,30.869885277246865
579,heartRateBpm,151.09645700149395
580,speedMps,2.8629192858002335
580,paceSecPerKm,349.2938152185745
580,cadenceSpm,175.48434025946764
580,distanceM,1585.0190141879455
580,motionIntensityG,0.8660000000000001
580,activeEnergyKcal,30.927915869981092
580,heartRateBpm,152.5081613723704
581,speedMps,2.9874760603904416
581,paceSecPerKm,334.730715756533
581,cadenceSpm,176.39819390693683
581,distanceM,1588.006490248336
581,motionIntensityG,0.8660000000000001
581,activeEnergyKcal,30.98594646271532
581,heartRateBpm,154.01199319377002
582,speedMps,2.8417333454339873
582,paceSecPerKm,351.89790119005016
582,cadenceSpm,175.54505517379584
582,distanceM,1590.84822359377
582,motionIntensityG,0.8660000000000001
582,activeEnergyKcal,31.043977055449545
582,heartRateBpm,152.67628692347924
583,speedMps,2.806039350918251
583,paceSecPerKm,356.374189717888
583,cadenceSpm,173.99596733918247
583,distanceM,1593.6542629446883
583,motionIntensityG,0.8660000000000001
583,activeEnergyKcal,31.102007648183772
583,heartRateBpm,153.3047765736154
584,speedMps,2.9687723185181367
584,paceSecPerKm,336.83957296501274
584,cadenceSpm,173.4322878526279
584,distanceM,1596.6230352632065
584,motionIntensityG,0.8660000000000001
584,activeEnergyKcal,31.160038240918
584,heartRateBpm,153.67961703168572
585,speedMps,2.83203389202108
585,paceSecPerKm,353.10311886357766
585,cadenceSpm,172.55468465276505
585,distanceM,1599.4550691552276
585,motionIntensityG,0.8660000000000001
585,activeEnergyKcal,31.218068833652225
585,heartRateBpm,154.4423092834924
586,speedMps,2.8343864188497205
586,paceSecPerKm,352.8100450064357
586,cadenceSpm,171.09090595868562
586,distanceM,1602.2894555740775
586,motionIntensityG,0.8660000000000001
586,activeEnergyKcal,31.276099426386452
586,heartRateBpm,154.75344520596417
587,speedMps,2.836893138648086
587,paceSecPerKm,352.49829694908686
587,cadenceSpm,173.45660689918657
587,distanceM,1605.1263487127255
587,motionIntensityG,0.8660000000000001
587,activeEnergyKcal,31.33413001912068
587,heartRateBpm,155.4156459944577
588,speedMps,2.9829877029764855
588,paceSecPerKm,335.2343688853225
588,cadenceSpm,174.72893757011906
588,distanceM,1608.109336415702
588,motionIntensityG,0.8660000000000001
588,activeEnergyKcal,31.392160611854905
588,heartRateBpm,155.3331677253823
589,speedMps,2.9711573465462577
589,paceSecPerKm,336.5691827672551
589,cadenceSpm,174.52348321891498
589,distanceM,1611.0804937622484
589,motionIntensityG,0.8660000000000001
589,activeEnergyKcal,31.45019120458913
589,heartRateBpm,155.52496343436368
590,speedMps,2.822900470331175
590,paceSecPerKm,354.2455749007271
590,cadenceSpm,173.01388948421183
590,distanceM,1613.9033942325796
590,motionIntensityG,0.8660000000000001
590,activeEnergyKcal,31.50822179732336
590,heartRateBpm,157.370857113011
591,speedMps,2.832949392048724
591,paceSecPerKm,352.9890095483926
591,cadenceSpm,175.16651767772058
591,distanceM,1616.7363436246283
591,motionIntensityG,0.8660000000000001
591,activeEnergyKcal,31.566252390057585
591,heartRateBpm,155.6346305468057
592,speedMps,2.787282713089787
592,paceSecPerKm,358.7723610897977
592,cadenceSpm,174.16336990229988
592,distanceM,1619.523626337718
592,motionIntensityG,0.8660000000000001
592,activeEnergyKcal,31.62428298279181
592,heartRateBpm,158.21460037310555
593,speedMps,2.9509685217095423
593,paceSecPerKm,338.87179502026146
593,cadenceSpm,174.01625254164674
593,distanceM,1622.4745948594275
593,motionIntensityG,0.8660000000000001
593,activeEnergyKcal,31.682313575526038
593,heartRateBpm,157.06001969642892
594,speedMps,2.9047381030092407
594,paceSecPerKm,344.2651160061636
594,cadenceSpm,174.30404471210167
594,distanceM,1625.3793329624368
594,motionIntensityG,0.8660000000000001
594,activeEnergyKcal,31.740344168260265
594,heartRateBpm,159.71323315627845
595,speedMps,2.8650692396640918
595,paceSecPerKm,349.0317044195562
595,cadenceSpm,173.2765029637447
595,distanceM,1628.244402202101
595,motionIntensityG,0.8660000000000001
595,activeEnergyKcal,31.79837476099449
595,heartRateBpm,159.89007067641157
596,speedMps,2.76264649941279
596,paceSecPerKm,361.9717543350383
596,cadenceSpm,174.54371101814013
596,distanceM,1631.0070487015137
596,motionIntensityG,0.8660000000000001
596,activeEnergyKcal,31.856405353728718
596,heartRateBpm,161.402240314423
597,speedMps,2.9222754644895836
597,paceSecPerKm,342.19908839930804
597,cadenceSpm,172.4788164832371
597,distanceM,1633.9293241660032
597,motionIntensityG,0.8660000000000001
597,activeEnergyKcal,31.914435946462945
597,heartRateBpm,160.63407631564075
598,speedMps,2.8179370752271833
598,paceSecPerKm,354.86952806402877
598,cadenceSpm,174.27914990797328
598,distanceM,1636.7472612412305
598,motionIntensityG,0.8660000000000001
598,activeEnergyKcal,31.97246653919717
598,heartRateBpm,159.4064377251284
599,speedMps,2.861390521094784
599,paceSecPerKm,349.4804335961085
599,cadenceSpm,173.01417111459006
599,distanceM,1639.6086517623253
599,motionIntensityG,0.8660000000000001
599,activeEnergyKcal,32.0304971319314
599,heartRateBpm,159.4514342035074
600,speedMps,2.873869849550341
600,paceSecPerKm,347.9628697021421
600,cadenceSpm,174.5685797464655
600,distanceM,1642.4825216118757
600,motionIntensityG,0.8660000000000001
600,activeEnergyKcal,32.088527724665624
600,heartRateBpm,160.12414089791122
601,speedMps,2.9152029208725128
601,paceSecPerKm,343.0292940639283
601,cadenceSpm,173.8803685454365
601,distanceM,1645.3977245327483
601,motionIntensityG,0.8660000000000001
601,activeEnergyKcal,32.14655831739985
601,heartRateBpm,161.68414439273968
602,speedMps,2.9383622406006475
602,paceSecPerKm,340.32563656807145
602,cadenceSpm,173.26404054951442
602,distanceM,1648.3360867733488
602,motionIntensityG,0.8660000000000001
602,activeEnergyKcal,32.20458891013408
602,heartRateBpm,160.75500045785657
603,speedMps,2.8929053032395813
603,paceSecPerKm,345.6732575657293
603,cadenceSpm,171.28756963613202
603,distanceM,1651.2289920765884
603,motionIntensityG,0.8660000000000001
603,activeEnergyKcal,32.262619502868304
603,heartRateBpm,161.5878184852282
604,speedMps,2.8670981313364914
604,paceSecPerKm,348.78471339027806
604,cadenceSpm,172.7844730763826
604,distanceM,1654.0960902079248
604,motionIntensityG,0.8660000000000001
604,activeEnergyKcal,32.32065009560253
604,heartRateBpm,161.56323250510766
605,speedMps,2.909454125940278
605,paceSecPerKm,343.70708617954915
605,cadenceSpm,173.63735334972333
605,distanceM,1657.0055443338651
605,motionIntensityG,0.8660000000000001
605,activeEnergyKcal,32.37868068833676
605,heartRateBpm,161.1707269709203
606,speedMps,3.0077957372538835
606,paceSecPerKm,332.4693853423037
606,cadenceSpm,172.67479611683498
606,distanceM,1660.013340071119
606,motionIntensityG,0.8660000000000001
606,activeEnergyKcal,32.436711281070984
606,heartRateBpm,159.14058244805474
607,speedMps,2.8626592263042947
607,paceSecPerKm,349.3255469638991
607,cadenceSpm,173.38071759323398
607,distanceM,1662.8759992974233
607,motionIntensityG,0.8660000000000001
607,activeEnergyKcal,32.49474187380521
607,heartRateBpm,159.39857157440625
608,speedMps,2.791761988270624
608,paceSecPerKm,358.19672457803495
608,cadenceSpm,170.84325883133582
608,distanceM,1665.6677612856938
608,motionIntensityG,0.8660000000000001
608,activeEnergyKcal,32.55277246653944
608,heartRateBpm,158.99200372279003
609,speedMps,2.8292767536284047
609,paceSecPerKm,353.44721887583125
609,cadenceSpm,172.62088808663933
609,distanceM,1668.4970380393222
609,motionIntensityG,0.8660000000000001
609,activeEnergyKcal,32.610803059273664
609,heartRateBpm,157.53966745714212
610,speedMps,2.9808747663231943
610,paceSecPerKm,335.47199342207364
610,cadenceSpm,172.07705117882506
610,distanceM,1671.4779128056455
610,motionIntensityG,0.8660000000000001
610,activeEnergyKcal,32.66883365200789
610,heartRateBpm,158.18548378979898
611,speedMps,2.936368875961907
611,paceSecPerKm,340.5566678581608
611,cadenceSpm,172.1293802181737
611,distanceM,1674.4142816816075
611,motionIntensityG,0.8660000000000001
611,activeEnergyKcal,32.72686424474212
611,heartRateBpm,159.47779454812635
612,speedMps,2.90885111748472
612,paceSecPerKm,343.77833708612036
612,cadenceSpm,173.89495731203547
612,distanceM,1677.3231327990923
612,motionIntensityG,0.8660000000000001
612,activeEnergyKcal,32.784894837476344
612,heartRateBpm,158.80632013453578
613,speedMps,2.8505895895003808
613,paceSecPerKm,350.80462079961103
613,cadenceSpm,175.56112784997737
613,distanceM,1680.1737223885928
613,motionIntensityG,0.8660000000000001
613,activeEnergyKcal,32.84292543021057
613,heartRateBpm,158.13643837520675
614,speedMps,2.8809511426352645
614,paceSecPerKm,347.1075872134644
614,cadenceSpm,172.65981374906113
614,distanceM,1683.054673531228
614,motionIntensityG,0.8660000000000001
614,activeEnergyKcal,32.9009560229448
614,heartRateBpm,157.25662867584492
615,speedMps,2.8264983866584252
615,paceSecPerKm,353.79464737010915
615,cadenceSpm,171.27975317101917
615,distanceM,1685.8811719178864
615,motionIntensityG,0.8660000000000001
615,activeEnergyKcal,32.958986615679024
615,heartRateBpm,156.38745977654756
616,speedMps,2.9768619116261807
616,paceSecPerKm,335.92421472238414
616,cadenceSpm,172.7182258663014
616,distanceM,1688.8580338295126
616,motionIntensityG,0.8660000000000001
616,activeEnergyKcal,33.01701720841325
616,heartRateBpm,154.73626805931394
617,speedMps,2.9146073244004045
617,paceSecPerKm,343.09939168416827
617,cadenceSpm,173.56926538211212
617,distanceM,1691.772641153913
617,motionIntensityG,0.8660000000000001
617,activeEnergyKcal,33.07504780114748
617,heartRateBpm,155.29672352662087
618,speedMps,2.7706173976437527
618,paceSecPerKm,360.93038354932776
618,cadenceSpm,174.06208489591933
618,distanceM,1694.5432585515566
618,motionIntensityG,0.8660000000000001
618,activeEnergyKcal,33.1330783938817
618,heartRateBpm,154.2580461968569
619,speedMps,2.805540336462425
619,paceSecPerKm,356.4375771053517
619,cadenceSpm,177.40242089508686
619,distanceM,1697.348798888019
619,motionIntensityG,0.8660000000000001
619,activeEnergyKcal,33.19110898661593
619,heartRateBpm,151.72758928296344
620,speedMps,2.9127238403372764
620,paceSecPerKm,343.32125351238443
620,cadenceSpm,175.76109847866738
620,distanceM,1700.2615227283563
620,motionIntensityG,0.8660000000000001
620,activeEnergyKcal,33.24913957935016
620,heartRateBpm,151.64815664652707
621,speedMps,2.9531257595922753
621,paceSecPerKm,338.6242515246169
621,cadenceSpm,172.5261236779011
621,distanceM,1703.2146484879486
621,motionIntensityG,0.8660000000000001
621,activeEnergyKcal,33.30717017208438
621,heartRateBpm,153.6509614694111
622,speedMps,2.892603854254381
622,paceSecPerKm,345.7092814590636
622,cadenceSpm,175.2839460806162
622,distanceM,1706.1072523422029
622,motionIntensityG,0.8660000000000001
622,activeEnergyKcal,33.36520076481861
622,heartRateBpm,154.3329898571952
623,speedMps,2.8353084496773637
623,paceSecPerKm,352.69531260833094
623,cadenceSpm,172.73313192248105
623,distanceM,1708.9425607918802
623,motionIntensityG,0.8660000000000001
623,activeEnergyKcal,33.42323135755284
623,heartRateBpm,156.79584530141602
624,speedMps,2.936240610626027
624,paceSecPerKm,340.5715445733833
624,cadenceSpm,172.0489057795444
624,distanceM,1711.8788014025063
624,motionIntensityG,0.8660000000000001
624,activeEnergyKcal,33.48126195028706
624,heartRateBpm,157.51801243231426
625,speedMps,2.977402305665079
625,paceSecPerKm,335.8632449828188
625,cadenceSpm,173.63630764815844
625,distanceM,1714.8562037081713
625,motionIntensityG,0.8660000000000001
625,activeEnergyKcal,33.53929254302129
625,heartRateBpm,157.9218741076844
626,speedMps,2.793115851406936
626,paceSecPerKm,358.023101510911
626,cadenceSpm,176.79870510323505
626,distanceM,1717.6493195595783
626,motionIntensityG,0.8660000000000001
626,activeEnergyKcal,33.597323135755516
626,heartRateBpm,158.69153501788668
627,speedMps,2.8447454176099685
627,paceSecPerKm,351.52530479868267
627,cadenceSpm,177.012361592015
627,distanceM,1720.4940649771884
627,motionIntensityG,0.8660000000000001
627,activeEnergyKcal,33.65535372848974
627,heartRateBpm,159.83677868869398
628,speedMps,2.9358400251195214
628,paceSecPerKm,340.618014416262
628,cadenceSpm,174.3740580507971
628,distanceM,1723.4299050023078
628,motionIntensityG,0.8660000000000001
628,activeEnergyKcal,33.71338432122397
628,heartRateBpm,158.5959010246331
629,speedMps,2.9327895456368
629,paceSecPerKm,340.9723010939296
629,cadenceSpm,173.12872374853984
629,distanceM,1726.3626945479446
629,motionIntensityG,0.8660000000000001
629,activeEnergyKcal,33.771414913958196
629,heartRateBpm,157.94449741979545
630,speedMps,2.8540826800121226
630,paceSecPerKm,350.3752736398486
630,cadenceSpm,173.52244341436332
630,distanceM,1729.2167772279568
630,motionIntensityG,0.8660000000000001
630,activeEnergyKcal,33.82944550669242
630,heartRateBpm,157.5064713276054
631,speedMps,2.8605687101782715
631,paceSecPerKm,349.580835601631
631,cadenceSpm,174.83621136816296
631,distanceM,1732.077345938135
631,motionIntensityG,0.8660000000000001
631,activeEnergyKcal,33.88747609942665
631,heartRateBpm,160.0512965313122
632,speedMps,2.9516699359177165
632,paceSecPerKm,338.7912678959769
632,cadenceSpm,174.17399486858494
632,distanceM,1735.0290158740527
632,motionIntensityG,0.8660000000000001
632,activeEnergyKcal,33.945506692160876
632,heartRateBpm,159.46403160584796
633,speedMps,2.8928322249639127
633,paceSecPerKm,345.68198990955125
633,cadenceSpm,170.8015248025068
633,distanceM,1737.9218480990166
633,motionIntensityG,0.8660000000000001
633,activeEnergyKcal,34.0035372848951
633,heartRateBpm,159.3321718423168
634,speedMps,2.810327454103933
634,paceSecPerKm,355.83042059376237
634,cadenceSpm,174.8623914118514
634,distanceM,1740.7321755531207
634,motionIntensityG,0.8660000000000001
634,activeEnergyKcal,34.06156787762933
634,heartRateBpm,157.40488720261254
635,speedMps,2.8849142908029966
635,paceSecPerKm,346.6307485071443
635,cadenceSpm,172.08305628922122
635,distanceM,1743.6170898439236
635,motionIntensityG,0.8660000000000001
635,activeEnergyKcal,34.119598470363556
635,heartRateBpm,157.57746167080046
636,speedMps,2.8928402956486243
636,paceSecPerKm,345.6810254973937
636,cadenceSpm,175.60935492148207
636,distanceM,1746.5099301395721
636,motionIntensityG,0.8660000000000001
636,activeEnergyKcal,34.17762906309778
636,heartRateBpm,158.9073769126348
637,speedMps,2.9424448958884986
637,paceSecPerKm,339.85343324434314
637,cadenceSpm,171.0839325437607
637,distanceM,1749.4523750354606
637,motionIntensityG,0.8660000000000001
637,activeEnergyKcal,34.23565965583201
637,heartRateBpm,158.31027228219776
638,speedMps,2.933135755290395
638,paceSecPerKm,340.932054780054
638,cadenceSpm,171.99525053459783
638,distanceM,1752.385510790751
638,motionIntensityG,0.8660000000000001
638,activeEnergyKcal,34.293690248566236
638,heartRateBpm,156.3917927274815
639,speedMps,2.9181654637245122
639,paceSecPerKm,342.68104822393457
639,cadenceSpm,175.28869523729924
639,distanceM,1755.3036762544755
639,motionIntensityG,0.8660000000000001
639,activeEnergyKcal,34.35172084130046
639,heartRateBpm,157.49253027544918
640,speedMps,2.7272109765615467
640,paceSecPerKm,366.67496889470385
640,cadenceSpm,172.76933035873577
640,distanceM,1758.030887231037
640,motionIntensityG,0.8660000000000001
640,activeEnergyKcal,34.40975143403469
640,heartRateBpm,158.89502166806625
641,speedMps,2.889985979292458
641,paceSecPerKm,346.02243995828155
641,cadenceSpm,173.839433208739
641,distanceM,1760.9208732103295
641,motionIntensityG,0.8660000000000001
641,activeEnergyKcal,34.467782026768916
641,heartRateBpm,159.11227771872242
642,speedMps,2.9854929110352733
642,paceSecPerKm,334.9530646358936
642,cadenceSpm,172.44394581420926
642,distanceM,1763.9063661213647
642,motionIntensityG,0.8660000000000001
642,activeEnergyKcal,34.52581261950314
642,heartRateBpm,160.89736724173943
643,speedMps,2.9248453507113923
643,paceSecPerKm,341.89841858024255
643,cadenceSpm,176.8085355628
643,distanceM,1766.8312114720761
643,motionIntensityG,0.8660000000000001
643,activeEnergyKcal,34.58384321223737
643,heartRateBpm,158.64183577208976
644,speedMps,2.8387252949705046
644,paceSecPerKm,352.2707892066007
644,cadenceSpm,174.9374125503988
644,distanceM,1769.6699367670467
644,motionIntensityG,0.8660000000000001
644,activeEnergyKcal,34.641873804971596
644,heartRateBpm,159.68275750446048
645,speedMps,2.900850510607948
645,paceSecPerKm,344.7264849888539
645,cadenceSpm,172.19083032194814
645,distanceM,1772.5707872776547
645,motionIntensityG,0.8660000000000001
645,activeEnergyKcal,34.69990439770582
645,heartRateBpm,160.94052485193362
646,speedMps,2.828394560299931
646,paceSecPerKm,353.5574611959221
646,cadenceSpm,176.56975008245985
646,distanceM,1775.3991818379548
646,motionIntensityG,0.8660000000000001
646,activeEnergyKcal,34.75793499044005
646,heartRateBpm,160.35156131522777
647,speedMps,2.8479265223006123
647,paceSecPerKm,351.13265464172855
647,cadenceSpm,172.94553406757234
647,distanceM,1778.2471083602554
647,motionIntensityG,0.8660000000000001
647,activeEnergyKcal,34.815965583174275
647,heartRateBpm,159.35507000903542
648,speedMps,2.8203849564853614
648,paceSecPerKm,354.56152809939664
648,cadenceSpm,175.66791013207606
648,distanceM,1781.0674933167409
648,motionIntensityG,0.8660000000000001
648,activeEnergyKcal,34.8739961759085
648,heartRateBpm,158.84479878852568
649,speedMps,2.9277351947374086
649,paceSecPerKm,341.5609450600231
649,cadenceSpm,171.70113952047987
649,distanceM,1783.9952285114782
649,motionIntensityG,0.8660000000000001
649,activeEnergyKcal,34.93202676864273
649,heartRateBpm,159.0031490493131
650,speedMps,2.821844214225281
650,paceSecPerKm,354.3781740178536
650,cadenceSpm,169.7855588529551
650,distanceM,1786.8170727257036
650,motionIntensityG,0.8660000000000001
650,activeEnergyKcal,34.990057361376955
650,heartRateBpm,158.6863744001417
651,speedMps,3.015277701465373
651,paceSecPerKm,331.6444118941407
651,cadenceSpm,175.11330197709748
651,distanceM,1789.8323504271689
651,motionIntensityG,0.8660000000000001
651,activeEnergyKcal,35.04808795411118
651,heartRateBpm,161.52669915472612
652,speedMps,3.0390443020712072
652,paceSecPerKm,329.050813546373
652,cadenceSpm,173.6006854644729
652,distanceM,1792.8713947292401
652,motionIntensityG,0.8660000000000001
652,activeEnergyKcal,35.10611854684541
652,heartRateBpm,160.41343388634454
653,speedMps,2.8905567135846497
653,paceSecPerKm,345.95411856142954
653,cadenceSpm,175.91717573485002
653,distanceM,1795.7619514428247
653,motionIntensityG,0.8660000000000001
653,activeEnergyKcal,35.164149139579635
653,heartRateBpm,159.50802499012676
654,speedMps,2.9210014227681933
654,paceSecPerKm,342.3483440320661
654,cadenceSpm,172.79616140380313
654,distanceM,1798.6829528655928
654,motionIntensityG,0.8660000000000001
654,activeEnergyKcal,35.22217973231386
654,heartRateBpm,160.71646125776624
655,speedMps,2.8369234536313948
655,paceSecPerKm,352.4945301995911
655,cadenceSpm,174.1904403637807
655,distanceM,1801.5198763192243
655,motionIntensityG,0.8660000000000001
655,activeEnergyKcal,35.28021032504809
655,heartRateBpm,156.92941307498307
656,speedMps,2.7760023920817876
656,paceSecPerKm,360.23023713970116
656,cadenceSpm,175.27678418904352
656,distanceM,1804.2958787113062
656,motionIntensityG,0.8660000000000001
656,activeEnergyKcal,35.338240917782315
656,heartRateBpm,155.44218935203054
657,speedMps,2.8365966082713525
657,paceSecPerKm,352.53514619740344
657,cadenceSpm,174.61249418043698
657,distanceM,1807.1324753195775
657,motionIntensityG,0.8660000000000001
657,activeEnergyKcal,35.39627151051654
657,heartRateBpm,154.77081305103405
658,speedMps,3.0063638919501625
658,paceSecPerKm,332.62773102005355
658,cadenceSpm,175.44554436552153
658,distanceM,1810.1388392115275
658,motionIntensityG,0.8660000000000001
658,activeEnergyKcal,35.45430210325077
658,heartRateBpm,153.1410943989814
659,speedMps,3.010596758193175
659,paceSecPerKm,332.1600600540589
659,cadenceSpm,173.008052402893
659,distanceM,1813.1494359697208
659,motionIntensityG,0.8660000000000001
659,activeEnergyKcal,35.512332695984995
659,heartRateBpm,153.35995544919052
660,speedMps,2.8619058661432994
660,paceSecPerKm,349.41750245181845
660,cadenceSpm,173.4252251553841
660,distanceM,1816.0113418358642
660,motionIntensityG,0.8660000000000001
660,activeEnergyKcal,35.57036328871922
660,heartRateBpm,154.28021945743717
661,speedMps,2.838762543468228
661,paceSecPerKm,352.2661669257692
661,cadenceSpm,172.67604685837964
661,distanceM,1818.8501043793324
661,motionIntensityG,0.8660000000000001
661,activeEnergyKcal,35.62839388145345
661,heartRateBpm,154.75175518374908
662,speedMps,2.887223188419388
662,paceSecPerKm,346.35354967048823
662,cadenceSpm,171.23754479118776
662,distanceM,1821.7373275677517
662,motionIntensityG,0.8660000000000001
662,activeEnergyKcal,35.686424474187675
662,heartRateBpm,154.98286796555433
663,speedMps,2.903956359217511
663,paceSecPerKm,344.3577920259987
663,cadenceSpm,173.53378559520868
663,distanceM,1824.6412839269692
663,motionIntensityG,0.8660000000000001
663,activeEnergyKcal,35.7444550669219
663,heartRateBpm,156.0734076630554
664,speedMps,2.9117636454846094
664,paceSecPerKm,343.43446850527886
664,cadenceSpm,174.7011098546071
664,distanceM,1827.5530475724538
664,motionIntensityG,0.8660000000000001
664,activeEnergyKcal,35.80248565965613
664,heartRateBpm,156.82207530777248
665,speedMps,2.8443112778769852
665,paceSecPerKm,351.57895965114176
665,cadenceSpm,174.2101963602996
665,distanceM,1830.3973588503309
665,motionIntensityG,0.8660000000000001
665,activeEnergyKcal,35.860516252390354
665,heartRateBpm,156.3143083650384
666,speedMps,2.854478785089029
666,paceSecPerKm,350.3266534064679
666,cadenceSpm,174.41432137394656
666,distanceM,1833.2518376354199
666,motionIntensityG,0.8660000000000001
666,activeEnergyKcal,35.91854684512458
666,heartRateBpm,158.33941497087966
667,speedMps,2.8942522445400685
667,paceSecPerKm,345.5123864502391
667,cadenceSpm,174.4037134335959
667,distanceM,1836.1460898799598
667,motionIntensityG,0.8660000000000001
667,activeEnergyKcal,35.97657743785881
667,heartRateBpm,155.83279970132847
668,speedMps,2.900885974621561
668,paceSecPerKm,344.7222706264614
668,cadenceSpm,175.40474340014714
668,distanceM,1839.0469758545814
668,motionIntensityG,0.8660000000000001
668,activeEnergyKcal,36.034608030593034
668,heartRateBpm,155.56726897346567
669,speedMps,2.9438895339005002
669,paceSecPerKm,339.6866589199263
669,cadenceSpm,171.83234854792593
669,distanceM,1841.990865388482
669,motionIntensityG,0.8660000000000001
669,activeEnergyKcal,36.09263862332726
669,heartRateBpm,156.5569090268397
670,speedMps,2.932421255888397
670,paceSecPerKm,341.01512461484435
670,cadenceSpm,174.2918333803565
670,distanceM,1844.9232866443704
670,motionIntensityG,0.8660000000000001
670,activeEnergyKcal,36.15066921606149
670,heartRateBpm,157.5340291339397
671,speedMps,2.786038736722182
671,paceSecPerKm,358.9325542460029
671,cadenceSpm,171.87884436597662
671,distanceM,1847.7093253810926
671,motionIntensityG,0.8660000000000001
671,activeEnergyKcal,36.208699808795714
671,heartRateBpm,157.8860214766602
672,speedMps,2.8205776111488645
672,paceSecPerKm,354.5373103889471
672,cadenceSpm,172.3619701844217
672,distanceM,1850.5299029922414
672,motionIntensityG,0.8660000000000001
672,activeEnergyKcal,36.26673040152994
672,heartRateBpm,157.93198665755222
673,speedMps,2.9544056681390383
673,paceSecPerKm,338.4775526205559
673,cadenceSpm,175.3120148089484
673,distanceM,1853.4843086603805
673,motionIntensityG,0.8660000000000001
673,activeEnergyKcal,36.32476099426417
673,heartRateBpm,159.9648734269214
674,speedMps,2.850091771425601
674,paceSecPerKm,350.8658949251326
674,cadenceSpm,173.94206462197712
674,distanceM,1856.3344004318062
674,motionIntensityG,0.8660000000000001
674,activeEnergyKcal,36.382791586998394
674,heartRateBpm,159.19874636315694
675,speedMps,2.9362817020819763
675,paceSecPerKm,340.5667784841448
675,cadenceSpm,171.22452641790184
675,distanceM,1859.2706821338882
675,motionIntensityG,0.8660000000000001
675,activeEnergyKcal,36.44082217973262
675,heartRateBpm,159.34416561027555
676,speedMps,2.796014137127606
676,paceSecPerKm,357.6519827712021
676,cadenceSpm,176.55938063440607
676,distanceM,1862.0666962710159
676,motionIntensityG,0.8660000000000001
676,activeEnergyKcal,36.49885277246685
676,heartRateBpm,159.319464626594
677,speedMps,2.8801822011395966
677,paceSecPerKm,347.20025684636613
677,cadenceSpm,174.87664918096874
677,distanceM,1864.9468784721555
677,motionIntensityG,0.8660000000000001
677,activeEnergyKcal,36.556883365201074
677,heartRateBpm,158.94731750544847
678,speedMps,2.918680777268849
678,paceSecPerKm,342.6205454834799
678,cadenceSpm,173.6788267138044
678,distanceM,1867.8655592494245
678,motionIntensityG,0.8660000000000001
678,activeEnergyKcal,36.6149139579353
678,heartRateBpm,156.78084103608825
679,speedMps,2.975437148827259
679,paceSecPerKm,336.0850691785376
679,cadenceSpm,171.85284538738864
679,distanceM,1870.8409963982517
679,motionIntensityG,0.8660000000000001
679,activeEnergyKcal,36.67294455066953
679,heartRateBpm,155.25149785298902
680,speedMps,2.952383633012961
680,paceSecPerKm,338.7093698861492
680,cadenceSpm,175.77328688493333
680,distanceM,1873.7933800312646
680,motionIntensityG,0.8660000000000001
680,activeEnergyKcal,36.730975143403754
680,heartRateBpm,154.83631778264424
681,speedMps,2.881053417092768
681,paceSecPerKm,347.0952652481836
681,cadenceSpm,175.6508412011307
681,distanceM,1876.6744334483574
681,motionIntensityG,0.8660000000000001
681,activeEnergyKcal,36.78900573613798
681,heartRateBpm,155.22371634167519
682,speedMps,2.9601304330672553
682,paceSecPerKm,337.82295159332244
682,cadenceSpm,175.9841717864357
682,distanceM,1879.6345638814246
682,motionIntensityG,0.8660000000000001
682,activeEnergyKcal,36.84703632887221
682,heartRateBpm,155.2628821752711
683,speedMps,2.984902218140013
683,paceSecPerKm,335.0193496868154
683,cadenceSpm,174.4040078811401
683,distanceM,1882.6194660995645
683,motionIntensityG,0.8660000000000001
683,activeEnergyKcal,36.90506692160643
683,heartRateBpm,154.1290086685722
684,speedMps,2.9359397466618997
684,paceSecPerKm,340.6064450528927
684,cadenceSpm,173.40763553089846
684,distanceM,1885.5554058462264
684,motionIntensityG,0.8660000000000001
684,activeEnergyKcal,36.96309751434066
684,heartRateBpm,154.2412602545499
685,speedMps,2.8785929787904694
685,paceSecPerKm,347.3919402180232
685,cadenceSpm,174.76454381370468
685,distanceM,1888.433998825017
685,motionIntensityG,0.8660000000000001
685,activeEnergyKcal,37.02112810707489
685,heartRateBpm,154.94255850818578
686,speedMps,2.7985495613072984
686,paceSecPerKm,357.3279579629334
686,cadenceSpm,173.55517391660103
686,distanceM,1891.2325483863242
686,motionIntensityG,0.8660000000000001
686,activeEnergyKcal,37.07915869980911
686,heartRateBpm,154.7050179915611
687,speedMps,3.0145394036392594
687,paceSecPerKm,331.7256356950466
687,cadenceSpm,173.87437291986228
687,distanceM,1894.2470877899634
687,motionIntensityG,0.8660000000000001
687,activeEnergyKcal,37.13718929254334
687,heartRateBpm,156.30860681211183
688,speedMps,2.93093793680868
688,paceSecPerKm,341.1877090406217
688,cadenceSpm,171.28968016686227
688,distanceM,1897.1780257267721
688,motionIntensityG,0.8660000000000001
688,activeEnergyKcal,37.19521988527757
688,heartRateBpm,155.18977468801685
689,speedMps,2.9702446107353055
689,paceSecPerKm,336.672608170289
689,cadenceSpm,172.91335527645694
689,distanceM,1900.1482703375075
689,motionIntensityG,0.8660000000000001
689,activeEnergyKcal,37.25325047801179
689,heartRateBpm,155.30673902188084
690,speedMps,2.8127695401579222
690,paceSecPerKm,355.52148362067913
690,cadenceSpm,173.1286756328536
690,distanceM,1902.9610398776654
690,motionIntensityG,0.8660000000000001
690,activeEnergyKcal,37.31128107074602
690,heartRateBpm,155.32175056428454
691,speedMps,2.8567427696749914
691,paceSecPerKm,350.0490175787752
691,cadenceSpm,172.48488728378192
691,distanceM,1905.8177826473404
691,motionIntensityG,0.8660000000000001
691,activeEnergyKcal,37.36931166348025
691,heartRateBpm,156.2778743754959
692,speedMps,2.9595984655819882
692,paceSecPerKm,337.883672947288
692,cadenceSpm,173.9210107920352
692,distanceM,1908.7773811129225
692,motionIntensityG,0.8660000000000001
692,activeEnergyKcal,37.42734225621447
692,heartRateBpm,156.50801519241264
693,speedMps,2.7585212871382483
693,paceSecPerKm,362.51306258267897
693,cadenceSpm,174.9751584614699
693,distanceM,1911.5359024000606
693,motionIntensityG,0.8660000000000001
693,activeEnergyKcal,37.4853728489487
693,heartRateBpm,156.8682303115576
694,speedMps,2.9250045448109403
694,paceSecPerKm,341.87981067381065
694,cadenceSpm,173.7700382645336
694,distanceM,1914.4609069448716
694,motionIntensityG,0.8660000000000001
694,activeEnergyKcal,37.543403441682926
694,heartRateBpm,157.07664785447506
695,speedMps,2.9026158499717214
695,paceSecPerKm,344.5168260931747
695,cadenceSpm,173.80322159934894
695,distanceM,1917.3635227948432
695,motionIntensityG,0.8660000000000001
695,activeEnergyKcal,37.60143403441715
695,heartRateBpm,156.44154132881886
696,speedMps,2.8286206939989813
696,paceSecPerKm,353.5291960924755
696,cadenceSpm,175.1043496148404
696,distanceM,1920.1921434888422
696,motionIntensityG,0.8660000000000001
696,activeEnergyKcal,37.65946462715138
696,heartRateBpm,156.73593205513586
697,speedMps,2.8991530246616977
697,paceSecPerKm,344.9283261330057
697,cadenceSpm,174.5928666055208
697,distanceM,1923.091296513504
697,motionIntensityG,0.8660000000000001
697,activeEnergyKcal,37.717495219885606
697,heartRateBpm,157.34840796852268
698,speedMps,2.8995807301796774
698,paceSecPerKm,344.8774471397571
698,cadenceSpm,174.2898890962749
698,distanceM,1925.9908772436836
698,motionIntensityG,0.8660000000000001
698,activeEnergyKcal,37.77552581261983
698,heartRateBpm,158.24000659235153
699,speedMps,2.831483817423454
699,paceSecPerKm,353.17171648537385
699,cadenceSpm,175.16336869630078
699,distanceM,1928.8223610611071
699,motionIntensityG,0.8660000000000001
699,activeEnergyKcal,37.83355640535406
699,heartRateBpm,157.0563874138962
700,speedMps,2.9569444004356518
700,paceSecPerKm,338.186947259701
700,cadenceSpm,173.99796280189923
700,distanceM,1931.779305461543
700,motionIntensityG,0.8660000000000001
700,activeEnergyKcal,37.891586998088286
700,heartRateBpm,155.2039714591115
701,speedMps,2.946284567499849
701,paceSecPerKm,339.41052776466114
701,cadenceSpm,173.09991665851965
701,distanceM,1934.7255900290427
701,motionIntensityG,0.8660000000000001
701,activeEnergyKcal,37.94961759082251
701,heartRateBpm,155.16309047429849
702,speedMps,2.9346263304985407
702,paceSecPerKm,340.75888627023863
702,cadenceSpm,171.118822343824
702,distanceM,1937.6602163595412
702,motionIntensityG,0.8660000000000001
702,activeEnergyKcal,38.00764818355674
702,heartRateBpm,155.70611114708387
703,speedMps,3.0258100946319875
703,paceSecPerKm,330.49000721296903
703,cadenceSpm,175.74961458663034
703,distanceM,1940.686026454173
703,motionIntensityG,0.8660000000000001
703,activeEnergyKcal,38.065678776290966
703,heartRateBpm,155.74901294801984
704,speedMps,3.0340006194004583
704,paceSecPerKm,329.59782328508805
704,cadenceSpm,174.55480208235232
704,distanceM,1943.7200270735736
704,motionIntensityG,0.8660000000000001
704,activeEnergyKcal,38.12370936902519
704,heartRateBpm,155.97071284373803
705,speedMps,2.9473111025882424
705,paceSecPerKm,339.29231261736476
705,cadenceSpm,171.57671302512765
705,distanceM,1946.6673381761618
705,motionIntensityG,0.8660000000000001
705,activeEnergyKcal,38.18173996175942
705,heartRateBpm,155.5663904242613
706,speedMps,2.8080797234317743
706,paceSecPerKm,356.1152454667109
706,cadenceSpm,173.34544030548602
706,distanceM,1949.4754178995936
706,motionIntensityG,0.8660000000000001
706,activeEnergyKcal,38.239770554493646
706,heartRateBpm,156.00037498106883
707,speedMps,2.7735998850699204
707,paceSecPerKm,360.5422704921949
707,cadenceSpm,173.7639496109527
707,distanceM,1952.2490177846635
707,motionIntensityG,0.8660000000000001
707,activeEnergyKcal,38.29780114722787
707,heartRateBpm,156.25416019974995
708,speedMps,2.9910077522068157
708,paceSecPerKm,334.3354758148598
708,cadenceSpm,173.81941058394017
708,distanceM,1955.2400255368702
708,motionIntensityG,0.8660000000000001
708,activeEnergyKcal,38.3558317399621
708,heartRateBpm,157.3761659516918
709,speedMps,2.8858421093939723
709,paceSecPerKm,346.5193042768373
709,cadenceSpm,170.02954330288253
709,distanceM,1958.1258676462642
709,motionIntensityG,0.8660000000000001
709,activeEnergyKcal,38.413862332696326
709,heartRateBpm,158.88655444707192
710,speedMps,2.899904787685914
710,paceSecPerKm,344.8389079001407
710,cadenceSpm,173.4826566766329
710,distanceM,1961.0257724339501
710,motionIntensityG,0.8660000000000001
710,activeEnergyKcal,38.47189292543055
710,heartRateBpm,159.81321496557442
711,speedMps,3.0148892968317083
711,paceSecPerKm,331.6871372527282
711,cadenceSpm,173.1580525145851
711,distanceM,1964.0406617307817
711,motionIntensityG,0.8660000000000001
711,activeEnergyKcal,38.52992351816478
711,heartRateBpm,159.20300399458955
712,speedMps,2.824568610439935
712,paceSecPerKm,354.03636374909905
712,cadenceSpm,175.05374515253465
712,distanceM,1966.8652303412216
712,motionIntensityG,0.8660000000000001
712,activeEnergyKcal,38.587954110899005
712,heartRateBpm,159.78446971457265
713,speedMps,2.9089725335660233
713,paceSecPerKm,343.7639883021273
713,cadenceSpm,175.72133389864473
713,distanceM,1969.7742028747875
713,motionIntensityG,0.8660000000000001
713,activeEnergyKcal,38.64598470363323
713,heartRateBpm,158.68399580544778
714,speedMps,2.868602850752572
714,paceSecPerKm,348.6017591238369
714,cadenceSpm,175.42596517268143
714,distanceM,1972.64280572554
714,motionIntensityG,0.8660000000000001
714,activeEnergyKcal,38.70401529636746
714,heartRateBpm,158.7010738528337
715,speedMps,2.805181453021051
715,paceSecPerKm,356.4831782710691
715,cadenceSpm,174.30962887162275
715,distanceM,1975.447987178561
715,motionIntensityG,0.8660000000000001
715,activeEnergyKcal,38.762045889101685
715,heartRateBpm,158.95500638503066
716,speedMps,2.8132845597726632
716,paceSecPerKm,355.4563993628886
716,cadenceSpm,171.98880674418095
716,distanceM,1978.2612717383338
716,motionIntensityG,0.8660000000000001
716,activeEnergyKcal,38.82007648183591
716,heartRateBpm,157.93460240780564
717,speedMps,2.8717558257173
717,paceSecPerKm,348.21902024007295
717,cadenceSpm,172.49123828606096
717,distanceM,1981.1330275640512
717,motionIntensityG,0.8660000000000001
717,activeEnergyKcal,38.87810707457014
717,heartRateBpm,160.85498710187375
718,speedMps,2.9165754430089654
718,paceSecPerKm,342.86786662659495
718,cadenceSpm,173.45617522168817
718,distanceM,1984.04960300706
718,motionIntensityG,0.8660000000000001
718,activeEnergyKcal,38.936137667304365
718,heartRateBpm,162.2288215763763
719,speedMps,2.933728723891219
719,paceSecPerKm,340.8631452037007
719,cadenceSpm,170.9555729051327
719,distanceM,1986.9833317309512
719,motionIntensityG,0.8660000000000001
719,activeEnergyKcal,38.99416826003859
719,heartRateBpm,160.1308607161384
720,speedMps,2.858690458068652
720,paceSecPerKm,349.8105215195652
720,cadenceSpm,174.0930948109175
720,distanceM,1989.8420221890199
720,motionIntensityG,0.8660000000000001
720,activeEnergyKcal,39.05219885277282
720,heartRateBpm,158.8920311711537
721,speedMps,2.829038537835775
721,paceSecPerKm,353.47698047443487
721,cadenceSpm,173.39945744673722
721,distanceM,1992.6710607268556
721,motionIntensityG,0.8660000000000001
721,activeEnergyKcal,39.110229445507045
721,heartRateBpm,160.63058574942957
722,speedMps,2.8629959981778734
722,paceSecPerKm,349.28445608601635
722,cadenceSpm,172.8549577836344
722,distanceM,1995.5340567250335
722,motionIntensityG,0.8660000000000001
722,activeEnergyKcal,39.16826003824127
722,heartRateBpm,161.35511461146953
723,speedMps,2.954735937031555
723,paceSecPerKm,338.4397189160124
723,cadenceSpm,175.22376154079993
723,distanceM,1998.488792662065
723,motionIntensityG,0.8660000000000001
723,activeEnergyKcal,39.2262906309755
723,heartRateBpm,164.4533162830264
724,speedMps,3.0006602402941343
724,paceSecPerKm,333.25998944218253
724,cadenceSpm,176.40313391664753
724,distanceM,2001.489452902359
724,motionIntensityG,0.8660000000000001
724,activeEnergyKcal,39.284321223709725
724,heartRateBpm,163.8845878050918
725,speedMps,2.905662140298747
725,paceSecPerKm,344.15563534760605
725,cadenceSpm,175.8007948246588
725,distanceM,2004.3951150426578
725,motionIntensityG,0.8660000000000001
725,activeEnergyKcal,39.34235181644395
725,heartRateBpm,165.27012504651677
726,speedMps,2.9592002337407934
726,paceSecPerKm,337.9291433536678
726,cadenceSpm,173.41550998270571
726,distanceM,2007.3543152763987
726,motionIntensityG,0.8660000000000001
726,activeEnergyKcal,39.40038240917818
726,heartRateBpm,165.77062048840713
727,speedMps,2.8494885362978675
727,paceSecPerKm,350.9401730386419
727,cadenceSpm,174.6685060424337
727,distanceM,2010.2038038126966
727,motionIntensityG,0.8660000000000001
727,activeEnergyKcal,39.458413001912405
727,heartRateBpm,165.06678391869957
728,speedMps,2.8597494523058766
728,paceSecPerKm,349.6809831342668
728,cadenceSpm,171.98123187881507
728,distanceM,2013.0635532650024
728,motionIntensityG,0.8660000000000001
728,activeEnergyKcal,39.51644359464663
728,heartRateBpm,164.6331902563976
729,speedMps,2.839128865977754
729,paceSecPerKm,352.22071529874523
729,cadenceSpm,175.43093811225305
729,distanceM,2015.90268213098
729,motionIntensityG,0.8660000000000001
729,activeEnergyKcal,39.57447418738086
729,heartRateBpm,165.82752336938046
730,speedMps,2.8500389568195437
730,paceSecPerKm,350.87239688679006
730,cadenceSpm,171.8168398915463
730,distanceM,2018.7527210877997
730,motionIntensityG,0.8660000000000001
730,activeEnergyKcal,39.632504780115084
730,heartRateBpm,166.78149638018022
731,speedMps,2.910964974242299
731,paceSecPerKm,343.5286954149258
731,cadenceSpm,173.2521282088255
731,distanceM,2021.663686062042
731,motionIntensityG,0.8660000000000001
731,activeEnergyKcal,39.69053537284931
731,heartRateBpm,168.52594649108983
732,speedMps,2.7027081350124074
732,paceSecPerKm,369.9992563182962
732,cadenceSpm,174.0186258812293
732,distanceM,2024.3663941970544
732,motionIntensityG,0.8660000000000001
732,activeEnergyKcal,39.74856596558354
732,heartRateBpm,168.46680675648753
733,speedMps,2.821598343659283
733,paceSecPerKm,354.4090540906389
733,cadenceSpm,172.83572843732458
733,distanceM,2027.1879925407138
733,motionIntensityG,0.8660000000000001
733,activeEnergyKcal,39.806596558317764
733,heartRateBpm,168.84762853410854
734,speedMps,2.8244648297267556
734,paceSecPerKm,354.0493722829404
734,cadenceSpm,174.42308740644353
734,distanceM,2030.0124573704406
734,motionIntensityG,0.8660000000000001
734,activeEnergyKcal,39.86462715105199
734,heartRateBpm,168.8189354891265
735,speedMps,2.7406783504152177
735,paceSecPerKm,364.8731708514785
735,cadenceSpm,171.87460552004137
735,distanceM,2032.7531357208559
735,motionIntensityG,0.8660000000000001
735,activeEnergyKcal,39.92265774378622
735,heartRateBpm,169.92906048365774
736,speedMps,2.8604214427695687
736,paceSecPerKm,349.598833601164
736,cadenceSpm,174.50464056894018
736,distanceM,2035.6135571636255
736,motionIntensityG,0.8660000000000001
736,activeEnergyKcal,39.980688336520444
736,heartRateBpm,168.84877737752032
737,speedMps,2.866209843963096
737,paceSecPerKm,348.89280772872667
737,cadenceSpm,173.92429239555779
737,distanceM,2038.4797670075886
737,motionIntensityG,0.8660000000000001
737,activeEnergyKcal,40.03871892925467
737,heartRateBpm,169.68180956400835
738,speedMps,2.675930174171339
738,paceSecPerKm,373.7018288639285
738,cadenceSpm,174.8000091219337
738,distanceM,2041.15569718176
738,motionIntensityG,0.8660000000000001
738,activeEnergyKcal,40.0967495219889
738,heartRateBpm,169.65365876783346
739,speedMps,2.909112545479403
739,paceSecPerKm,343.74744337545263
739,cadenceSpm,172.6919966379033
739,distanceM,2044.0648097272394
739,motionIntensityG,0.8660000000000001
739,activeEnergyKcal,40.154780114723124
739,heartRateBpm,172.4833768457335
740,speedMps,2.969542245124703
740,paceSecPerKm,336.75223905023313
740,cadenceSpm,172.31415174450973
740,distanceM,2047.0343519723642
740,motionIntensityG,0.8660000000000001
740,activeEnergyKcal,40.21281070745735
740,heartRateBpm,171.52214047008243
741,speedMps,2.8691061730600205
741,paceSecPerKm,348.5406045233448
741,cadenceSpm,174.95069874020797
741,distanceM,2049.9034581454243
741,motionIntensityG,0.8660000000000001
741,activeEnergyKcal,40.27084130019158
741,heartRateBpm,170.48660389016118
742,speedMps,2.9530983478923964
742,paceSecPerKm,338.6273947542899
742,cadenceSpm,174.78614281251828
742,distanceM,2052.856556493317
742,motionIntensityG,0.8660000000000001
742,activeEnergyKcal,40.328871892925804
742,heartRateBpm,172.16036227336502
743,speedMps,2.992955734698955
743,paceSecPerKm,334.11787164322516
743,cadenceSpm,174.40764030453767
743,distanceM,2055.849512228016
743,motionIntensityG,0.8660000000000001
743,activeEnergyKcal,40.38690248566003
743,heartRateBpm,172.7591916733677
744,speedMps,2.856248009174321
744,paceSecPerKm,350.1096532191818
744,cadenceSpm,175.8089609082287
744,distanceM,2058.70576023719
744,motionIntensityG,0.8660000000000001
744,activeEnergyKcal,40.44493307839426
744,heartRateBpm,171.2843801353301
745,speedMps,2.757788594219512
745,paceSecPerKm,362.60937553228666
745,cadenceSpm,172.8770336258719
745,distanceM,2061.4635488314098
745,motionIntensityG,0.8660000000000001
745,activeEnergyKcal,40.502963671128484
745,heartRateBpm,169.74974347668976
746,speedMps,2.9448440760448817
746,paceSecPerKm,339.57655284182835
746,cadenceSpm,174.5377534453311
746,distanceM,2064.4083929074545
746,motionIntensityG,0.8660000000000001
746,activeEnergyKcal,40.56099426386271
746,heartRateBpm,169.70309567145247
747,speedMps,2.920386567108847
747,paceSecPerKm,342.4204217560108
747,cadenceSpm,172.4510770081591
747,distanceM,2067.3287794745634
747,motionIntensityG,0.8660000000000001
747,activeEnergyKcal,40.61902485659694
747,heartRateBpm,168.428222652738
748,speedMps,2.9036673124642083
748,paceSecPerKm,344.39207126361396
748,cadenceSpm,174.83331775833557
748,distanceM,2070.2324467870276
748,motionIntensityG,0.8660000000000001
748,activeEnergyKcal,40.677055449331164
748,heartRateBpm,165.84468532755935
749,speedMps,2.8802251636218803
749,paceSecPerKm,347.1950778815157
749,cadenceSpm,172.44488687192595
749,distanceM,2073.1126719506497
749,motionIntensityG,0.8660000000000001
749,activeEnergyKcal,40.73508604206539
749,heartRateBpm,163.1677921902433
750,speedMps,2.882385476539968
750,paceSecPerKm,346.93485938612406
750,cadenceSpm,173.0301337962818
750,distanceM,2075.9950574271897
750,motionIntensityG,0.8660000000000001
750,activeEnergyKcal,40.79311663479962
750,heartRateBpm,165.88466005601683
751,speedMps,2.8871300207744555
751,paceSecPerKm,346.364726494637
751,cadenceSpm,173.07997761140106
751,distanceM,2078.882187447964
751,motionIntensityG,0.8660000000000001
751,activeEnergyKcal,40.85114722753384
751,heartRateBpm,164.68437505523303
752,speedMps,2.856149994016772
752,paceSecPerKm,350.1216680128347
752,cadenceSpm,173.45564696947994
752,distanceM,2081.738337441981
752,motionIntensityG,0.8660000000000001
752,activeEnergyKcal,40.90917782026807
752,heartRateBpm,164.69993640150716
753,speedMps,2.925275240887938
753,paceSecPerKm,341.8481741555574
753,cadenceSpm,172.82296058887127
753,distanceM,2084.663612682869
753,motionIntensityG,0.8660000000000001
753,activeEnergyKcal,40.9672084130023
753,heartRateBpm,165.43624375435215
754,speedMps,2.8352817570915243
754,paceSecPerKm,352.6986330366741
754,cadenceSpm,173.49188810523756
754,distanceM,2087.4988944399606
754,motionIntensityG,0.8660000000000001
754,activeEnergyKcal,41.02523900573652
754,heartRateBpm,166.42536782885585
755,speedMps,2.9201253237995544
755,paceSecPerKm,342.45105573032004
755,cadenceSpm,173.27475535763878
755,distanceM,2090.4190197637604
755,motionIntensityG,0.8660000000000001
755,activeEnergyKcal,41.08326959847075
755,heartRateBpm,166.7412451674279
756,speedMps,2.807749153054093
756,paceSecPerKm,356.15717269908635
756,cadenceSpm,172.0306918496878
756,distanceM,2093.2267689168143
756,motionIntensityG,0.8660000000000001
756,activeEnergyKcal,41.14130019120498
756,heartRateBpm,166.64384168367715
757,speedMps,2.8105921353560164
757,paceSecPerKm,355.79691105672663
757,cadenceSpm,174.3155069740021
757,distanceM,2096.03736105217
757,motionIntensityG,0.8660000000000001
757,activeEnergyKcal,41.1993307839392
757,heartRateBpm,165.1508175042826
758,speedMps,2.708291033771089
758,paceSecPerKm,369.2365360777258
758,cadenceSpm,171.19768511211828
758,distanceM,2098.7456520859414
758,motionIntensityG,0.8660000000000001
758,activeEnergyKcal,41.25736137667343
758,heartRateBpm,166.9525338135297
759,speedMps,2.946312431589276
759,paceSecPerKm,339.4073178656712
759,cadenceSpm,172.7755933516158
759,distanceM,2101.691964517531
759,motionIntensityG,0.8660000000000001
759,activeEnergyKcal,41.315391969407656
759,heartRateBpm,167.05565104306098
760,speedMps,3.0167371145446475
760,paceSecPerKm,331.4839715992098
760,cadenceSpm,172.88579764903017
760,distanceM,2104.7087016320756
760,motionIntensityG,0.8660000000000001
760,activeEnergyKcal,41.37342256214188
760,heartRateBpm,166.75454450199385
761,speedMps,2.841070132109809
761,paceSecPerKm,351.9800474821047
761,cadenceSpm,172.42249351114847
761,distanceM,2107.5497717641856
761,motionIntensityG,0.8660000000000001
761,activeEnergyKcal,41.43145315487611
761,heartRateBpm,167.30178559081634
762,speedMps,2.883307459284506
762,paceSecPerKm,346.8239215280047
762,cadenceSpm,172.8504381980244
762,distanceM,2110.43307922347
762,motionIntensityG,0.8660000000000001
762,activeEnergyKcal,41.489483747610336
762,heartRateBpm,166.1834229268702
763,speedMps,2.807980708113471
763,paceSecPerKm,356.1278028408697
763,cadenceSpm,172.35056464603065
763,distanceM,2113.2410599315835
763,motionIntensityG,0.8660000000000001
763,activeEnergyKcal,41.54751434034456
763,heartRateBpm,166.84304509746622
764,speedMps,2.9478125469881387
764,paceSecPerKm,339.2345965219965
764,cadenceSpm,174.78069209447142
764,distanceM,2116.1888724785717
764,motionIntensityG,0.8660000000000001
764,activeEnergyKcal,41.60554493307879
764,heartRateBpm,168.05832157665122
765,speedMps,2.900433225656451
765,paceSecPerKm,344.7760807434798
765,cadenceSpm,174.21205344785113
765,distanceM,2119.089305704228
765,motionIntensityG,0.8660000000000001
765,activeEnergyKcal,41.663575525813016
765,heartRateBpm,169.01936629880478
766,speedMps,2.860599825197819
766,paceSecPerKm,349.57703317724526
766,cadenceSpm,172.04170282333553
766,distanceM,2121.949905529426
766,motionIntensityG,0.8660000000000001
766,activeEnergyKcal,41.72160611854724
766,heartRateBpm,168.56152835296348
767,speedMps,2.8887256542936437
767,paceSecPerKm,346.1734064339598
767,cadenceSpm,171.3062328219047
767,distanceM,2124.8386311837194
767,motionIntensityG,0.8660000000000001
767,activeEnergyKcal,41.77963671128147
767,heartRateBpm,166.55524115065728
768,speedMps,2.82819547417176
768,paceSecPerKm,353.582349286819
768,cadenceSpm,172.77769338537627
768,distanceM,2127.6668266578913
768,motionIntensityG,0.8660000000000001
768,activeEnergyKcal,41.837667304015696
768,heartRateBpm,168.6942895548016
769,speedMps,2.959624463891697
769,paceSecPerKm,337.88070486654607
769,cadenceSpm,174.2484664081189
769,distanceM,2130.626451121783
769,motionIntensityG,0.8660000000000001
769,activeEnergyKcal,41.89569789674992
769,heartRateBpm,167.89161338178988
770,speedMps,2.958590096254774
770,paceSecPerKm,337.9988330474985
770,cadenceSpm,176.95578608036593
770,distanceM,2133.5850412180375
770,motionIntensityG,0.8660000000000001
770,activeEnergyKcal,41.95372848948415
770,heartRateBpm,168.47028946427858
771,speedMps,2.9642287014621767
771,paceSecPerKm,337.3558860376482
771,cadenceSpm,172.2897870743969
771,distanceM,2136.5492699194997
771,motionIntensityG,0.8660000000000001
771,activeEnergyKcal,42.011759082218376
771,heartRateBpm,168.4252385711808
772,speedMps,2.944896492712167
772,paceSecPerKm,339.570508666343
772,cadenceSpm,172.9984719238424
772,distanceM,2139.494166412212
772,motionIntensityG,0.8660000000000001
772,activeEnergyKcal,42.0697896749526
772,heartRateBpm,169.15788799815974
773,speedMps,2.849976561283966
773,paceSecPerKm,350.88007865913187
773,cadenceSpm,174.57074182164763
773,distanceM,2142.344142973496
773,motionIntensityG,0.8660000000000001
773,activeEnergyKcal,42.12782026768683
773,heartRateBpm,169.27264892211758
774,speedMps,2.9750104316371937
774,paceSecPerKm,336.1332751528151
774,cadenceSpm,174.7599496114963
774,distanceM,2145.3191534051334
774,motionIntensityG,0.8660000000000001
774,activeEnergyKcal,42.185850860421056
774,heartRateBpm,169.20524093361357
775,speedMps,2.9735244818536013
775,paceSecPerKm,336.3012499485565
775,cadenceSpm,174.04330444780422
775,distanceM,2148.292677886987
775,motionIntensityG,0.8660000000000001
775,activeEnergyKcal,42.24388145315528
775,heartRateBpm,168.48084426711813
776,speedMps,2.9178972099443508
776,paceSecPerKm,342.71255224205504
776,cadenceSpm,174.181899126684
776,distanceM,2151.2105750969313
776,motionIntensityG,0.8660000000000001
776,activeEnergyKcal,42.30191204588951
776,heartRateBpm,167.77495313238373
777,speedMps,2.8533008260611776
777,paceSecPerKm,350.4712825462726
777,cadenceSpm,174.87301497827144
777,distanceM,2154.0638759229923
777,motionIntensityG,0.8660000000000001
777,activeEnergyKcal,42.359942638623735
777,heartRateBpm,169.0052442095302
778,speedMps,2.871833824795286
778,paceSecPerKm,348.20956260283737
778,cadenceSpm,174.03669726288575
778,distanceM,2156.9357097477878
778,motionIntensityG,0.8660000000000001
778,activeEnergyKcal,42.41797323135796
778,heartRateBpm,169.54699906912057
779,speedMps,2.8575642464622377
779,paceSecPerKm,349.9483874205223
779,cadenceSpm,174.4747422583068
779,distanceM,2159.79327399425
779,motionIntensityG,0.8660000000000001
779,activeEnergyKcal,42.47600382409219
779,heartRateBpm,170.30209041752244
780,speedMps,2.8860494249408712
780,paceSecPerKm,346.49441252049513
780,cadenceSpm,175.36600231929856
780,distanceM,2162.6793234191905
780,motionIntensityG,0.8660000000000001
780,activeEnergyKcal,42.534034416826415
780,heartRateBpm,171.31024618540295
781,speedMps,2.925183909781832
781,paceSecPerKm,341.8588474577595
781,cadenceSpm,173.87920127221614
781,distanceM,2165.6045073289724
781,motionIntensityG,0.8660000000000001
781,activeEnergyKcal,42.59206500956064
781,heartRateBpm,172.06759669037777
782,speedMps,2.8932208597045506
782,paceSecPerKm,345.635555835899
782,cadenceSpm,172.92903799823202
782,distanceM,2168.497728188677
782,motionIntensityG,0.8660000000000001
782,activeEnergyKcal,42.65009560229487
782,heartRateBpm,171.46777469306997
783,speedMps,2.8208468442561703
783,paceSecPerKm,354.50347190461883
783,cadenceSpm,171.07503239704647
783,distanceM,2171.318575032933
783,motionIntensityG,0.8660000000000001
783,activeEnergyKcal,42.708126195029095
783,heartRateBpm,171.15641045141442
784,speedMps,2.917085201703116
784,paceSecPerKm,342.80795069549504
784,cadenceSpm,175.15589837385755
784,distanceM,2174.2356602346363
784,motionIntensityG,0.8660000000000001
784,activeEnergyKcal,42.76615678776332
784,heartRateBpm,170.32253049382786
785,speedMps,3.0051273238151377
785,paceSecPerKm,332.7646027092314
785,cadenceSpm,172.75825179638105
785,distanceM,2177.2407875584513
785,motionIntensityG,0.8660000000000001
785,activeEnergyKcal,42.82418738049755
785,heartRateBpm,169.01651071801763
786,speedMps,2.8384813575441616
786,paceSecPerKm,352.301063152021
786,cadenceSpm,173.90890569728882
786,distanceM,2180.0792689159953
786,motionIntensityG,0.8660000000000001
786,activeEnergyKcal,42.882217973231775
786,heartRateBpm,167.41827657616773
787,speedMps,2.7740827180114134
787,paceSecPerKm,360.47951761036336
787,cadenceSpm,172.76539916952714
787,distanceM,2182.8533516340067
787,motionIntensityG,0.8660000000000001
787,activeEnergyKcal,42.940248565966
787,heartRateBpm,168.92026241366244
788,speedMps,2.9893543533861373
788,paceSecPerKm,334.52039530451384
788,cadenceSpm,173.7996546510273
788,distanceM,2185.842705987393
788,motionIntensityG,0.8660000000000001
788,activeEnergyKcal,42.99827915870023
788,heartRateBpm,168.4043277070333
789,speedMps,2.9050805887792146
789,paceSecPerKm,344.224529902017
789,cadenceSpm,176.00306688066232
789,distanceM,2188.747786576172
789,motionIntensityG,0.8660000000000001
789,activeEnergyKcal,43.056309751434455
789,heartRateBpm,167.09324037884065
790,speedMps,2.852506701612911
790,paceSecPerKm,350.56885210280615
790,cadenceSpm,174.12627288014042
790,distanceM,2191.600293277785
790,motionIntensityG,0.8660000000000001
790,activeEnergyKcal,43.11434034416868
790,heartRateBpm,166.65900099330617
791,speedMps,2.944721707108638
791,paceSecPerKm,339.590664063763
791,cadenceSpm,172.4939656786603
791,distanceM,2194.545014984894
791,motionIntensityG,0.8660000000000001
791,activeEnergyKcal,43.17237093690291
791,heartRateBpm,168.11425562788904
792,speedMps,2.9112142450030323
792,paceSecPerKm,343.49928100154597
792,cadenceSpm,175.94882161755473
792,distanceM,2197.456229229897
792,motionIntensityG,0.8660000000000001
792,activeEnergyKcal,43.230401529637135
792,heartRateBpm,168.9949249803614
793,speedMps,2.843774472435048
793,paceSecPerKm,351.64532549718217
793,cadenceSpm,173.59222677796419
793,distanceM,2200.300003702332
793,motionIntensityG,0.8660000000000001
793,activeEnergyKcal,43.28843212237136
793,heartRateBpm,169.0728033354677
794,speedMps,2.8601959245790507
794,paceSecPerKm,349.62639845981005
794,cadenceSpm,174.40463839521667
794,distanceM,2203.160199626911
794,motionIntensityG,0.8660000000000001
794,activeEnergyKcal,43.34646271510559
794,heartRateBpm,170.66914431706746
795,speedMps,2.924312664612246
795,paceSecPerKm,341.9606980133216
795,cadenceSpm,172.93415608139838
795,distanceM,2206.0845122915234
795,motionIntensityG,0.8660000000000001
795,activeEnergyKcal,43.404493307839815
795,heartRateBpm,169.9995814375403
796,speedMps,2.979305275958881
796,paceSecPerKm,335.64871920624273
796,cadenceSpm,176.44039068132034
796,distanceM,2209.063817567482
796,motionIntensityG,0.8660000000000001
796,activeEnergyKcal,43.46252390057404
796,heartRateBpm,170.32793643477913
797,speedMps,2.9234878393462864
797,paceSecPerKm,342.0571779165011
797,cadenceSpm,174.51047092552847
797,distanceM,2211.9873054068285
797,motionIntensityG,0.8660000000000001
797,activeEnergyKcal,43.52055449330827
797,heartRateBpm,170.0065570929993
798,speedMps,2.930045330786609
798,paceSecPerKm,341.29164811642585
798,cadenceSpm,170.18445425796892
798,distanceM,2214.917350737615
798,motionIntensityG,0.8660000000000001
798,activeEnergyKcal,43.578585086042494
798,heartRateBpm,168.8060971916942
799,speedMps,2.7690941381183585
799,paceSecPerKm,361.1289288559598
799,cadenceSpm,174.47419752442775
799,distanceM,2217.6864448757333
799,motionIntensityG,0.8660000000000001
799,activeEnergyKcal,43.63661567877672
799,heartRateBpm,170.83430143609164
800,speedMps,2.96241256548399
800,paceSecPerKm,337.56270536093376
800,cadenceSpm,173.9804030500406
800,distanceM,2220.6488574412174
800,motionIntensityG,0.8660000000000001
800,activeEnergyKcal,43.69464627151095
800,heartRateBpm,171.6984194860495
801,speedMps,2.919714073941779
801,paceSecPerKm,342.49929091513525
801,cadenceSpm,171.83548862931468
801,distanceM,2223.568571515159
801,motionIntensityG,0.8660000000000001
801,activeEnergyKcal,43.752676864245174
801,heartRateBpm,171.52058564279588
802,speedMps,2.809853923017257
802,paceSecPerKm,355.890386972924
802,cadenceSpm,174.6127885135209
802,distanceM,2226.3784254381762
802,motionIntensityG,0.8660000000000001
802,activeEnergyKcal,43.8107074569794
802,heartRateBpm,171.35914340545511
803,speedMps,3.037630502656759
803,paceSecPerKm,329.20396313027027
803,cadenceSpm,170.2379460729399
803,distanceM,2229.416055940833
803,motionIntensityG,0.8660000000000001
803,activeEnergyKcal,43.86873804971363
803,heartRateBpm,169.58845409530448
804,speedMps,2.8743643548118523
804,paceSecPerKm,347.9030062162934
804,cadenceSpm,174.41188344766553
804,distanceM,2232.2904202956447
804,motionIntensityG,0.8660000000000001
804,activeEnergyKcal,43.926768642447854
804,heartRateBpm,168.05733261549898
805,speedMps,2.903212837510381
805,paceSecPerKm,344.4459831121232
805,cadenceSpm,174.5035143551037
805,distanceM,2235.193633133155
805,motionIntensityG,0.8660000000000001
805,activeEnergyKcal,43.98479923518208
805,heartRateBpm,168.20389587771297
806,speedMps,2.948132333355315
806,paceSecPerKm,339.19779946305346
806,cadenceSpm,177.8173572259338
806,distanceM,2238.14176546651
806,motionIntensityG,0.8660000000000001
806,activeEnergyKcal,44.04282982791631
806,heartRateBpm,166.60483913676998
807,speedMps,2.965550715979574
807,paceSecPerKm,337.2054959679495
807,cadenceSpm,176.2234094452992
807,distanceM,2241.1073161824897
807,motionIntensityG,0.8660000000000001
807,activeEnergyKcal,44.100860420650534
807,heartRateBpm,165.1082801942804
808,speedMps,3.085776154113608
808,paceSecPerKm,324.0675765372394
808,cadenceSpm,172.87767225880575
808,distanceM,2244.1930923366035
808,motionIntensityG,0.8660000000000001
808,activeEnergyKcal,44.15889101338476
808,heartRateBpm,163.62784777136235
809,speedMps,2.826880632736366
809,paceSecPerKm,353.7468078487698
809,cadenceSpm,174.99154660577616
809,distanceM,2247.01997296934
809,motionIntensityG,0.8660000000000001
809,activeEnergyKcal,44.21692160611899
809,heartRateBpm,164.43286759798295
810,speedMps,2.8590970783388863
810,paceSecPerKm,349.76077153035754
810,cadenceSpm,175.25183798840519
810,distanceM,2249.879070047679
810,motionIntensityG,0.8660000000000001
810,activeEnergyKcal,44.274952198853214
810,heartRateBpm,163.70437125773935
811,speedMps,2.7688987195958314
811,paceSecPerKm,361.1544159859943
811,cadenceSpm,173.26786592453897
811,distanceM,2252.6479687672745
811,motionIntensityG,0.8660000000000001
811,activeEnergyKcal,44.33298279158744
811,heartRateBpm,162.30880043259017
812,speedMps,3.021633952626548
812,paceSecPerKm,330.94677107753324
812,cadenceSpm,175.18186537642939
812,distanceM,2255.669602719901
812,motionIntensityG,0.8660000000000001
812,activeEnergyKcal,44.39101338432167
812,heartRateBpm,161.3033131999532
813,speedMps,2.9072035744906612
813,paceSecPerKm,343.97315990339575
813,cadenceSpm,173.37936514585
813,distanceM,2258.5768062943916
813,motionIntensityG,0.8660000000000001
813,activeEnergyKcal,44.449043977055894
813,heartRateBpm,163.09415595797853
814,speedMps,2.858453837621212
814,paceSecPerKm,349.83947854557414
814,cadenceSpm,173.21479673106455
814,distanceM,2261.435260132013
814,motionIntensityG,0.8660000000000001
814,activeEnergyKcal,44.50707456979012
814,heartRateBpm,161.6509225414405
815,speedMps,2.8163959568437074
815,paceSecPerKm,355.0637109707702
815,cadenceSpm,176.16478316571607
815,distanceM,2264.2516560888566
815,motionIntensityG,0.8660000000000001
815,activeEnergyKcal,44.56510516252435
815,heartRateBpm,161.18545541336812
816,speedMps,2.932226531520382
816,paceSecPerKm,341.03777087150644
816,cadenceSpm,174.5108378845511
816,distanceM,2267.183882620377
816,motionIntensityG,0.8660000000000001
816,activeEnergyKcal,44.62313575525857
816,heartRateBpm,163.13616091582836
817,speedMps,2.9120003662632925
817,paceSecPerKm,343.4065502138689
817,cadenceSpm,172.12204048458884
817,distanceM,2270.0958829866404
817,motionIntensityG,0.8660000000000001
817,activeEnergyKcal,44.6811663479928
817,heartRateBpm,163.31613424160267
818,speedMps,2.896345921937418
818,paceSecPerKm,345.262626409998
818,cadenceSpm,174.02789323483563
818,distanceM,2272.992228908578
818,motionIntensityG,0.8660000000000001
818,activeEnergyKcal,44.73919694072703
818,heartRateBpm,162.8027046644952
819,speedMps,2.8825965383412506
819,paceSecPerKm,346.90945704647095
819,cadenceSpm,170.54757811780718
819,distanceM,2275.874825446919
819,motionIntensityG,0.8660000000000001
819,activeEnergyKcal,44.79722753346125
819,heartRateBpm,161.49668951349253
820,speedMps,2.8796588403237
820,paceSecPerKm,347.2633584218577
820,cadenceSpm,175.65241670579195
820,distanceM,2278.754484287243
820,motionIntensityG,0.8660000000000001
820,activeEnergyKcal,44.85525812619548
820,heartRateBpm,163.9536408206892
821,speedMps,2.9335456421339874
821,paceSecPerKm,340.88441837658166
821,cadenceSpm,175.30483518334518
821,distanceM,2281.688029929377
821,motionIntensityG,0.8660000000000001
821,activeEnergyKcal,44.91328871892971
821,heartRateBpm,162.94264277208453
822,speedMps,2.8993828867900313
822,paceSecPerKm,344.9009803279626
822,cadenceSpm,175.13008302042198
822,distanceM,2284.587412816167
822,motionIntensityG,0.8660000000000001
822,activeEnergyKcal,44.97131931166393
822,heartRateBpm,164.0239113488458
823,speedMps,2.863392635070409
823,paceSecPerKm,349.23607323429843
823,cadenceSpm,171.46824549816176
823,distanceM,2287.4508054512376
823,motionIntensityG,0.8660000000000001
823,activeEnergyKcal,45.02934990439816
823,heartRateBpm,163.95309680524494
824,speedMps,2.9139110536543824
824,paceSecPerKm,343.18137430649574
824,cadenceSpm,174.0645871113592
824,distanceM,2290.364716504892
824,motionIntensityG,0.8660000000000001
824,activeEnergyKcal,45.087380497132386
824,heartRateBpm,161.65089793317367
825,speedMps,2.8095581115207486
825,paceSecPerKm,355.927857800643
825,cadenceSpm,172.24064144414825
825,distanceM,2293.1742746164127
825,motionIntensityG,0.8660000000000001
825,activeEnergyKcal,45.14541108986661
825,heartRateBpm,161.21363323611197
826,speedMps,2.8292718168208713
826,paceSecPerKm,353.4478356072751
826,cadenceSpm,171.7929630030615
826,distanceM,2296.0035464332336
826,motionIntensityG,0.8660000000000001
826,activeEnergyKcal,45.20344168260084
826,heartRateBpm,160.96992788921378
827,speedMps,3.011321090156256
827,paceSecPerKm,332.0801635099333
827,cadenceSpm,171.26556180644113
827,distanceM,2299.01486752339
827,motionIntensityG,0.8660000000000001
827,activeEnergyKcal,45.261472275335066
827,heartRateBpm,161.11502466143085
828,speedMps,2.8088890284128603
828,paceSecPerKm,356.01264054388145
828,cadenceSpm,176.2789177072008
828,distanceM,2301.823756551803
828,motionIntensityG,0.8660000000000001
828,activeEnergyKcal,45.31950286806929
828,heartRateBpm,160.0846842844252
829,speedMps,2.8674536244318385
829,paceSecPerKm,348.74147274069395
829,cadenceSpm,172.30247697372494
829,distanceM,2304.6912101762346
829,motionIntensityG,0.8660000000000001
829,activeEnergyKcal,45.37753346080352
829,heartRateBpm,160.07662284798985
830,speedMps,3.049854552530327
830,paceSecPerKm,327.88448851449164
830,cadenceSpm,175.4580992215836
830,distanceM,2307.7410647287647
830,motionIntensityG,0.8660000000000001
830,activeEnergyKcal,45.435564053537746
830,heartRateBpm,161.09821334305806
831,speedMps,2.873945109978444
831,paceSecPerKm,347.95375754671267
831,cadenceSpm,172.2554072193132
831,distanceM,2310.6150098387434
831,motionIntensityG,0.8660000000000001
831,activeEnergyKcal,45.49359464627197
831,heartRateBpm,163.1829099331176
832,speedMps,2.887052115559729
832,paceSecPerKm,346.37407292044134
832,cadenceSpm,172.82961845500583
832,distanceM,2313.502061954303
832,motionIntensityG,0.8660000000000001
832,activeEnergyKcal,45.5516252390062
832,heartRateBpm,163.49241821549023
833,speedMps,2.8454698646478747
833,paceSecPerKm,351.4358076407706
833,cadenceSpm,174.13535286195201
833,distanceM,2316.3475318189508
833,motionIntensityG,0.8660000000000001
833,activeEnergyKcal,45.609655831740426
833,heartRateBpm,162.44483956798052
834,speedMps,2.986652876185842
834,paceSecPerKm,334.82297456578476
834,cadenceSpm,173.2247185697642
834,distanceM,2319.3341846951366
834,motionIntensityG,0.8660000000000001
834,activeEnergyKcal,45.66768642447465
834,heartRateBpm,163.21862373085136
835,speedMps,2.682843221954896
835,paceSecPerKm,372.7388882870816
835,cadenceSpm,174.95346811597182
835,distanceM,2322.0170279170916
835,motionIntensityG,0.8660000000000001
835,activeEnergyKcal,45.72571701720888
835,heartRateBpm,161.9298770976037
836,speedMps,2.933219020316143
836,paceSecPerKm,340.9223767723352
836,cadenceSpm,170.56023115316077
836,distanceM,2324.950246937408
836,motionIntensityG,0.8660000000000001
836,activeEnergyKcal,45.783747609943106
836,heartRateBpm,163.65598020677476
837,speedMps,2.8684738313799527
837,paceSecPerKm,348.61743867432267
837,cadenceSpm,174.00210248673565
837,distanceM,2327.818720768788
837,motionIntensityG,0.8660000000000001
837,activeEnergyKcal,45.84177820267733
837,heartRateBpm,164.95305620992775
838,speedMps,2.8664884821976018
838,paceSecPerKm,348.85889345466586
838,cadenceSpm,173.65773364488558
838,distanceM,2330.6852092509853
838,motionIntensityG,0.8660000000000001
838,activeEnergyKcal,45.89980879541156
838,heartRateBpm,166.341672239651
839,speedMps,2.815323495240499
839,paceSecPerKm,355.1989679660507
839,cadenceSpm,171.09213334306065
839,distanceM,2333.500532746226
839,motionIntensityG,0.8660000000000001
839,activeEnergyKcal,45.957839388145786
839,heartRateBpm,164.56818939535708
840,speedMps,2.8409677352802927
840,paceSecPerKm,351.99273387782387
840,cadenceSpm,170.35004623090012
840,distanceM,2336.341500481506
840,motionIntensityG,0.8660000000000001
840,activeEnergyKcal,46.01586998088001
840,heartRateBpm,164.1680302742895
841,speedMps,2.855573444392033
841,paceSecPerKm,350.1923587235577
841,cadenceSpm,171.75163116369103
841,distanceM,2339.197073925898
841,motionIntensityG,0.8660000000000001
841,activeEnergyKcal,46.07390057361424
841,heartRateBpm,166.16086184945323
842,speedMps,2.918473979356532
842,paceSecPerKm,342.6448229702843
842,cadenceSpm,170.49561000407394
842,distanceM,2342.1155479052545
842,motionIntensityG,0.8660000000000001
842,activeEnergyKcal,46.131931166348465
842,heartRateBpm,166.64632111923353
843,speedMps,2.822166369508986
843,paceSecPerKm,354.3377211223677
843,cadenceSpm,174.0731659277065
843,distanceM,2344.9377142747635
843,motionIntensityG,0.8660000000000001
843,activeEnergyKcal,46.18996175908269
843,heartRateBpm,165.98784055834167
844,speedMps,2.94800152932639
844,paceSecPerKm,339.2128498076109
844,cadenceSpm,172.55845338769868
844,distanceM,2347.88571580409
844,motionIntensityG,0.8660000000000001
844,activeEnergyKcal,46.24799235181692
844,heartRateBpm,167.61296021833843
845,speedMps,3.0745536389454524
845,paceSecPerKm,325.25046476111964
845,cadenceSpm,173.0445565546263
845,distanceM,2350.9602694430355
845,motionIntensityG,0.8660000000000001
845,activeEnergyKcal,46.306022944551145
845,heartRateBpm,168.39547465559326
846,speedMps,2.724723434434921
846,paceSecPerKm,367.00972559711903
846,cadenceSpm,173.96785053632902
846,distanceM,2353.6849928774704
846,motionIntensityG,0.8660000000000001
846,activeEnergyKcal,46.36405353728537
846,heartRateBpm,168.7718835649623
847,speedMps,2.8640274010089657
847,paceSecPerKm,349.1586706355222
847,cadenceSpm,173.25501178469773
847,distanceM,2356.5490202784795
847,motionIntensityG,0.8660000000000001
847,activeEnergyKcal,46.4220841300196
847,heartRateBpm,166.94183240771713
848,speedMps,2.8595861143194354
848,paceSecPerKm,349.7009567197434
848,cadenceSpm,172.32326451491417
848,distanceM,2359.408606392799
848,motionIntensityG,0.8660000000000001
848,activeEnergyKcal,46.480114722753825
848,heartRateBpm,168.40684668533405
849,speedMps,2.9607522701209907
849,paceSecPerKm,337.7519997507712
849,cadenceSpm,173.10999522545225
849,distanceM,2362.3693586629197
849,motionIntensityG,0.8660000000000001
849,activeEnergyKcal,46.53814531548805
849,heartRateBpm,168.36752787181214
850,speedMps,2.82953700383241
850,paceSecPerKm,353.4147101259216
850,cadenceSpm,172.10118532453555
850,distanceM,2365.198895666752
850,motionIntensityG,0.8660000000000001
850,activeEnergyKcal,46.59617590822228
850,heartRateBpm,169.85901936760334
851,speedMps,2.8955412559465064
851,paceSecPerKm,345.35857430672866
851,cadenceSpm,172.9122608408881
851,distanceM,2368.0944369226986
851,motionIntensityG,0.8660000000000001
851,activeEnergyKcal,46.654206500956505
851,heartRateBpm,168.116849973846
852,speedMps,2.893266849137687
852,paceSecPerKm,345.6300618444653
852,cadenceSpm,172.21586132150955
852,distanceM,2370.987703771836
852,motionIntensityG,0.8660000000000001
852,activeEnergyKcal,46.71223709369073
852,heartRateBpm,166.60581451489216
853,speedMps,2.8194944467854057
853,paceSecPerKm,354.6735128845994
853,cadenceSpm,173.15216488709066
853,distanceM,2373.8071982186216
853,motionIntensityG,0.8660000000000001
853,activeEnergyKcal,46.77026768642496
853,heartRateBpm,168.35502888227046
854,speedMps,2.763652687980791
854,paceSecPerKm,361.83996793411495
854,cadenceSpm,174.5528844401467
854,distanceM,2376.5708509066026
854,motionIntensityG,0.8660000000000001
854,activeEnergyKcal,46.828298279159185
854,heartRateBpm,169.74879153005233
855,speedMps,2.825586557943985
855,paceSecPerKm,353.90881839685767
855,cadenceSpm,173.80444699858103
855,distanceM,2379.3964374645466
855,motionIntensityG,0.8660000000000001
855,activeEnergyKcal,46.88632887189341
855,heartRateBpm,169.90359087041847
856,speedMps,2.824769832188427
856,paceSecPerKm,354.01114406028347
856,cadenceSpm,171.7129803302798
856,distanceM,2382.221207296735
856,motionIntensityG,0.8660000000000001
856,activeEnergyKcal,46.94435946462764
856,heartRateBpm,169.5679931911755
857,speedMps,2.8674865710250734
857,paceSecPerKm,348.7374658018079
857,cadenceSpm,176.4101055749793
857,distanceM,2385.08869386776
857,motionIntensityG,0.8660000000000001
857,activeEnergyKcal,47.002390057361865
857,heartRateBpm,169.5497834084606
858,speedMps,2.7010604133003624
858,paceSecPerKm,370.2249661191856
858,cadenceSpm,172.1324999755151
858,distanceM,2387.78975428106
858,motionIntensityG,0.8660000000000001
858,activeEnergyKcal,47.06042065009609
858,heartRateBpm,170.14967101621843
859,speedMps,2.812736225098382
859,paceSecPerKm,355.5256945450058
859,cadenceSpm,174.95964447613696
859,distanceM,2390.6024905061586
859,motionIntensityG,0.8660000000000001
859,activeEnergyKcal,47.11845124283032
859,heartRateBpm,168.88288907283658
860,speedMps,2.9556994434823674
860,paceSecPerKm,338.3293934723663
860,cadenceSpm,173.7844355927149
860,distanceM,2393.558189949641
860,motionIntensityG,0.8660000000000001
860,activeEnergyKcal,47.176481835564545
860,heartRateBpm,168.58763446467768
861,speedMps,2.9677639919778906
861,paceSecPerKm,336.95401747008253
861,cadenceSpm,173.691511322464
861,distanceM,2396.525953941619
861,motionIntensityG,0.8660000000000001
861,activeEnergyKcal,47.23451242829877
861,heartRateBpm,167.47706138441745
862,speedMps,2.8752111543096985
862,paceSecPerKm,347.800542753559
862,cadenceSpm,173.54437060026322
862,distanceM,2399.4011650959287
862,motionIntensityG,0.8660000000000001
862,activeEnergyKcal,47.292543021033
862,heartRateBpm,169.02386638202233
863,speedMps,2.8307982910697325
863,paceSecPerKm,353.25724307333434
863,cadenceSpm,174.18570573976092
863,distanceM,2402.2319633869984
863,motionIntensityG,0.8660000000000001
863,activeEnergyKcal,47.350573613767224
863,heartRateBpm,169.43672859989533
864,speedMps,2.821443322108202
864,paceSecPerKm,354.42852676295945
864,cadenceSpm,173.46355905346485
864,distanceM,2405.0534067091066
864,motionIntensityG,0.8660000000000001
864,activeEnergyKcal,47.40860420650145
864,heartRateBpm,168.74262026694365
865,speedMps,2.8832229166716066
865,paceSecPerKm,346.83409118931405
865,cadenceSpm,174.2658561611229
865,distanceM,2407.936629625778
865,motionIntensityG,0.8660000000000001
865,activeEnergyKcal,47.46663479923568
865,heartRateBpm,167.0681225493797
866,speedMps,2.96028793759187
866,paceSecPerKm,337.80497744874043
866,cadenceSpm,175.92227491791837
866,distanceM,2410.89691756337
866,motionIntensityG,0.8660000000000001
866,activeEnergyKcal,47.524665391969904
866,heartRateBpm,166.23192051642226
867,speedMps,2.821511907529539
867,paceSecPerKm,354.419911300527
867,cadenceSpm,173.35258154270795
867,distanceM,2413.7184294708995
867,motionIntensityG,0.8660000000000001
867,activeEnergyKcal,47.58269598470413
867,heartRateBpm,165.99709133579816
868,speedMps,2.8476687216635743
868,paceSecPerKm,351.1644428273988
868,cadenceSpm,174.16602210473687
868,distanceM,2416.566098192563
868,motionIntensityG,0.8660000000000001
868,activeEnergyKcal,47.64072657743836
868,heartRateBpm,166.56761544600903
869,speedMps,2.9876377359114255
869,paceSecPerKm,334.7126018593196
869,cadenceSpm,175.2452042545624
869,distanceM,2419.5537359284745
869,motionIntensityG,0.8660000000000001
869,activeEnergyKcal,47.698757170172584
869,heartRateBpm,165.09852046103413
870,speedMps,2.9246139265664874
870,paceSecPerKm,341.92547293721105
870,cadenceSpm,174.74202235607203
870,distanceM,2422.478349855041
870,motionIntensityG,0.8660000000000001
870,activeEnergyKcal,47.75678776290681
870,heartRateBpm,165.09205194950405
871,speedMps,2.9364941230201325
871,paceSecPerKm,340.5421424686924
871,cadenceSpm,173.9480927719592
871,distanceM,2425.414843978061
871,motionIntensityG,0.8660000000000001
871,activeEnergyKcal,47.81481835564104
871,heartRateBpm,162.9955012194386
872,speedMps,2.853718154770981
872,paceSecPerKm,350.4200295071721
872,cadenceSpm,174.59714136403994
872,distanceM,2428.268562132832
872,motionIntensityG,0.8660000000000001
872,activeEnergyKcal,47.872848948375264
872,heartRateBpm,161.90491805995134
873,speedMps,3.0324519498607962
873,paceSecPerKm,329.7661484944237
873,cadenceSpm,171.61326723332064
873,distanceM,2431.3010140826927
873,motionIntensityG,0.8660000000000001
873,activeEnergyKcal,47.93087954110949
873,heartRateBpm,161.14102271835293
874,speedMps,3.0660242275622274
874,paceSecPerKm,326.155283122173
874,cadenceSpm,172.20458443312313
874,distanceM,2434.367038310255
874,motionIntensityG,0.8660000000000001
874,activeEnergyKcal,47.98891013384372
874,heartRateBpm,160.47098614506453
875,speedMps,2.915773662896998
875,paceSecPerKm,342.9621485113626
875,cadenceSpm,171.48533260595428
875,distanceM,2437.282811973152
875,motionIntensityG,0.8660000000000001
875,activeEnergyKcal,48.046940726577944
875,heartRateBpm,158.65161961147018
876,speedMps,2.8651521024271065
876,paceSecPerKm,349.02161011029307
876,cadenceSpm,174.9103303801329
876,distanceM,2440.1479640755792
876,motionIntensityG,0.8660000000000001
876,activeEnergyKcal,48.10497131931217
876,heartRateBpm,156.51884438451916
877,speedMps,2.869815009817753
877,paceSecPerKm,348.4545159109419
877,cadenceSpm,172.98769822081232
877,distanceM,2443.017779085397
877,motionIntensityG,0.8660000000000001
877,activeEnergyKcal,48.1630019120464
877,heartRateBpm,155.86439966642814
878,speedMps,2.731728467082383
878,paceSecPerKm,366.06859431678726
878,cadenceSpm,175.2069725843695
878,distanceM,2445.7495075524794
878,motionIntensityG,0.8660000000000001
878,activeEnergyKcal,48.221032504780624
878,heartRateBpm,157.43194039756423
879,speedMps,2.837561617701878
879,paceSecPerKm,352.4152546191731
879,cadenceSpm,175.51126186372232
879,distanceM,2448.587069170181
879,motionIntensityG,0.8660000000000001
879,activeEnergyKcal,48.27906309751485
879,heartRateBpm,156.558315090417
880,speedMps,2.8490348341756624
880,paceSecPerKm,350.9960594389641
880,cadenceSpm,172.5345395938259
880,distanceM,2451.436104004357
880,motionIntensityG,0.8660000000000001
880,activeEnergyKcal,48.33709369024908
880,heartRateBpm,157.0566123731926
881,speedMps,2.9552991727050832
881,paceSecPerKm,338.37521738439324
881,cadenceSpm,173.29864632907092
881,distanceM,2454.391403177062
881,motionIntensityG,0.8660000000000001
881,activeEnergyKcal,48.3951242829833
881,heartRateBpm,156.41281459944605
882,speedMps,2.8601016729719464
882,paceSecPerKm,349.63792002572234
882,cadenceSpm,174.2511090255731
882,distanceM,2457.2515048500336
882,motionIntensityG,0.8660000000000001
882,activeEnergyKcal,48.45315487571753
882,heartRateBpm,155.7398291568169
883,speedMps,2.876984462439319
883,paceSecPerKm,347.5861663681445
883,cadenceSpm,174.26038170090408
883,distanceM,2460.128489312473
883,motionIntensityG,0.8660000000000001
883,activeEnergyKcal,48.51118546845176
883,heartRateBpm,154.94309396125885
884,speedMps,2.8331273997200173
884,paceSecPerKm,352.96683096525226
884,cadenceSpm,172.55540224412184
884,distanceM,2462.961616712193
884,motionIntensityG,0.8660000000000001
884,activeEnergyKcal,48.56921606118598
884,heartRateBpm,155.8289160109647
885,speedMps,2.9364672980047786
885,paceSecPerKm,340.54525336599636
885,cadenceSpm,175.1147441762681
885,distanceM,2465.8980840101976
885,motionIntensityG,0.8660000000000001
885,activeEnergyKcal,48.62724665392021
885,heartRateBpm,157.97737376754037
886,speedMps,2.957705121109986
886,paceSecPerKm,338.099965700676
886,cadenceSpm,171.02757719978572
886,distanceM,2468.8557891313076
886,motionIntensityG,0.8660000000000001
886,activeEnergyKcal,48.68527724665444
886,heartRateBpm,156.49032308372318
887,speedMps,2.9539527861472066
887,paceSecPerKm,338.52944593074693
887,cadenceSpm,175.6364323563344
887,distanceM,2471.8097419174546
887,motionIntensityG,0.8660000000000001
887,activeEnergyKcal,48.74330783938866
887,heartRateBpm,156.99095269780142
888,speedMps,2.9644139785166472
888,paceSecPerKm,337.3348011603921
888,cadenceSpm,173.83910739335766
888,distanceM,2474.7741558959715
888,motionIntensityG,0.8660000000000001
888,activeEnergyKcal,48.80133843212289
888,heartRateBpm,156.02531981225553
889,speedMps,2.818204082463799
889,paceSecPerKm,354.8359063924695
889,cadenceSpm,173.70838875961502
889,distanceM,2477.592359978435
889,motionIntensityG,0.8660000000000001
889,activeEnergyKcal,48.859369024857116
889,heartRateBpm,153.58135755556341
890,speedMps,2.9260440093071365
890,paceSecPerKm,341.7583593477092
890,cadenceSpm,174.11638734556334
890,distanceM,2480.518403987742
890,motionIntensityG,0.8660000000000001
890,activeEnergyKcal,48.91739961759134
890,heartRateBpm,155.06643651536322
891,speedMps,2.9518241694047274
891,paceSecPerKm,338.7735659748537
891,cadenceSpm,173.9522471715376
891,distanceM,2483.4702281571467
891,motionIntensityG,0.8660000000000001
891,activeEnergyKcal,48.97543021032557
891,heartRateBpm,153.1130435608651
892,speedMps,2.8793279870422515
892,paceSecPerKm,347.3032612124316
892,cadenceSpm,171.99958931416327
892,distanceM,2486.349556144189
892,motionIntensityG,0.8660000000000001
892,activeEnergyKcal,49.033460803059796
892,heartRateBpm,153.0183914960452
893,speedMps,2.7772960458334257
893,paceSecPerKm,360.0624432891218
893,cadenceSpm,173.3972940965125
893,distanceM,2489.1268521900224
893,motionIntensityG,0.8660000000000001
893,activeEnergyKcal,49.09149139579402
893,heartRateBpm,154.3113007492029
894,speedMps,2.8854377840112395
894,paceSecPerKm,346.5678607042545
894,cadenceSpm,174.68152758582892
894,distanceM,2492.0122899740336
894,motionIntensityG,0.8660000000000001
894,activeEnergyKcal,49.14952198852825
894,heartRateBpm,151.8524980297739
895,speedMps,2.951777206636082
895,paceSecPerKm,338.77895586151794
895,cadenceSpm,173.99061171969052
895,distanceM,2494.9640671806696
895,motionIntensityG,0.8660000000000001
895,activeEnergyKcal,49.207552581262476
895,heartRateBpm,153.4722838802303
896,speedMps,2.9015969877171797
896,paceSecPerKm,344.63779919579605
896,cadenceSpm,174.17633455829892
896,distanceM,2497.865664168387
896,motionIntensityG,0.8660000000000001
896,activeEnergyKcal,49.2655831739967
896,heartRateBpm,152.44231967321429
897,speedMps,2.888066332261586
897,paceSecPerKm,346.252435004469
897,cadenceSpm,172.93568731233756
897,distanceM,2500.7537305006485
897,motionIntensityG,0.8660000000000001
897,activeEnergyKcal,49.32361376673093
897,heartRateBpm,151.34722022426791
898,speedMps,2.725382601529943
898,paceSecPerKm,366.92095980895743
898,cadenceSpm,173.6968721413511
898,distanceM,2503.4791131021784
898,motionIntensityG,0.8660000000000001
898,activeEnergyKcal,49.381644359465156
898,heartRateBpm,151.23291268764495
899,speedMps,2.9167301312176215
899,paceSecPerKm,342.8496826967461
899,cadenceSpm,172.785751530192
899,distanceM,2506.395843233396
899,motionIntensityG,0.8660000000000001
899,activeEnergyKcal,49.43967495219938
899,heartRateBpm,153.22718122624462
900,speedMps,2.9430234330406284
900,paceSecPerKm,339.7866251329284
900,cadenceSpm,174.7897054600269
900,distanceM,2509.338866666437
900,motionIntensityG,0.8660000000000001
900,activeEnergyKcal,49.49770554493361
900,heartRateBpm,153.53963044338548
901,speedMps,2.9238135825907876
901,paceSecPerKm,342.01906918904905
901,cadenceSpm,171.98017048239288
901,distanceM,2512.2626802490277
901,motionIntensityG,0.8660000000000001
901,activeEnergyKcal,49.555736137667836
901,heartRateBpm,154.47350433093038
902,speedMps,2.886745373132438
902,paceSecPerKm,346.4108782531413
902,cadenceSpm,173.15893366449114
902,distanceM,2515.14942562216
902,motionIntensityG,0.8660000000000001
902,activeEnergyKcal,49.61376673040206
902,heartRateBpm,154.59163959706655
903,speedMps,2.8883959325216786
903,paceSecPerKm,346.2129234917466
903,cadenceSpm,173.57615356524948
903,distanceM,2518.0378215546816
903,motionIntensityG,0.8660000000000001
903,activeEnergyKcal,49.67179732313629
903,heartRateBpm,154.72927577449846
904,speedMps,2.911750008199464
904,paceSecPerKm,343.43607699287656
904,cadenceSpm,173.20086507387322
904,distanceM,2520.949571562881
904,motionIntensityG,0.8660000000000001
904,activeEnergyKcal,49.729827915870516
904,heartRateBpm,154.08100525625085
905,speedMps,2.8668731657855253
905,paceSecPerKm,348.81208277171874
905,cadenceSpm,172.6909148394932
905,distanceM,2523.8164447286663
905,motionIntensityG,0.8660000000000001
905,activeEnergyKcal,49.78785850860474
905,heartRateBpm,153.16192089232777
906,speedMps,2.7513818644922994
906,paceSecPerKm,363.45372952602696
906,cadenceSpm,174.02975994058602
906,distanceM,2526.5678265931588
906,motionIntensityG,0.8660000000000001
906,activeEnergyKcal,49.84588910133897
906,heartRateBpm,152.9230077195607
907,speedMps,2.862451821322364
907,paceSecPerKm,349.35085808292524
907,cadenceSpm,174.081413953948
907,distanceM,2529.430278414481
907,motionIntensityG,0.8660000000000001
907,activeEnergyKcal,49.903919694073196
907,heartRateBpm,152.7590619462784
908,speedMps,2.986901935314247
908,paceSecPerKm,334.7950557656295
908,cadenceSpm,172.0654409605078
908,distanceM,2532.417180349795
908,motionIntensityG,0.8660000000000001
908,activeEnergyKcal,49.96195028680742
908,heartRateBpm,152.05551761160282
909,speedMps,2.8888052021436477
909,paceSecPerKm,346.16387399813135
909,cadenceSpm,176.06726572842442
909,distanceM,2535.3059855519386
909,motionIntensityG,0.8660000000000001
909,activeEnergyKcal,50.01998087954165
909,heartRateBpm,151.67034703032363
910,speedMps,2.8418412705899923
910,paceSecPerKm,351.8845370953427
910,cadenceSpm,173.86103328484504
910,distanceM,2538.1478268225287
910,motionIntensityG,0.8660000000000001
910,activeEnergyKcal,50.078011472275875
910,heartRateBpm,150.41976401208018
911,speedMps,2.902615673771155
911,paceSecPerKm,344.51684700674605
911,cadenceSpm,174.27397950900445
911,distanceM,2541.0504424963
911,motionIntensityG,0.8660000000000001
911,activeEnergyKcal,50.1360420650101
911,heartRateBpm,151.33617431041287
912,speedMps,2.9922262614325206
912,paceSecPerKm,334.19932606341496
912,cadenceSpm,173.4493381879465
912,distanceM,2544.042668757733
912,motionIntensityG,0.8660000000000001
912,activeEnergyKcal,50.19407265774433
912,heartRateBpm,150.22908003736308
913,speedMps,2.8621296367980302
913,paceSecPerKm,349.39018384881297
913,cadenceSpm,174.70487410315528
913,distanceM,2546.9047983945306
913,motionIntensityG,0.8660000000000001
913,activeEnergyKcal,50.252103250478555
913,heartRateBpm,150.73632888562878
914,speedMps,2.9952193974503225
914,paceSecPerKm,333.86535919580683
914,cadenceSpm,171.93618985280335
914,distanceM,2549.900017791981
914,motionIntensityG,0.8660000000000001
914,activeEnergyKcal,50.31013384321278
914,heartRateBpm,150.30324855066002
915,speedMps,2.946905796975905
915,paceSecPerKm,339.3389775221839
915,cadenceSpm,176.65963688169708
915,distanceM,2552.846923588957
915,motionIntensityG,0.8660000000000001
915,activeEnergyKcal,50.36816443594701
915,heartRateBpm,149.5779739174607
916,speedMps,2.850261656064247
916,paceSecPerKm,350.84498220448967
916,cadenceSpm,171.90395686215828
916,distanceM,2555.697185245021
916,motionIntensityG,0.8660000000000001
916,activeEnergyKcal,50.426195028681235
916,heartRateBpm,151.11202483290958
917,speedMps,2.986462618598729
917,paceSecPerKm,334.8443050223771
917,cadenceSpm,172.28993306591093
917,distanceM,2558.6836478636196
917,motionIntensityG,0.8660000000000001
917,activeEnergyKcal,50.48422562141546
917,heartRateBpm,151.2794829216831
918,speedMps,3.014971159362353
918,paceSecPerKm,331.6781312798672
918,cadenceSpm,173.7449154670148
918,distanceM,2561.698619022982
918,motionIntensityG,0.8660000000000001
918,activeEnergyKcal,50.54225621414969
918,heartRateBpm,151.8459035002641
919,speedMps,2.90555070654269
919,paceSecPerKm,344.168834413459
919,cadenceSpm,173.72437376018857
919,distanceM,2564.6041697295245
919,motionIntensityG,0.8660000000000001
919,activeEnergyKcal,50.600286806883915
919,heartRateBpm,153.82095920297039
920,speedMps,2.8323574888833765
920,paceSecPerKm,353.06277682985495
920,cadenceSpm,173.46415516685906
920,distanceM,2567.4365272184077
920,motionIntensityG,0.8660000000000001
920,activeEnergyKcal,50.65831739961814
920,heartRateBpm,155.04420477061873
921,speedMps,2.9054530697510446
921,paceSecPerKm,344.18040009356804
921,cadenceSpm,173.521372001925
921,distanceM,2570.3419802881585
921,motionIntensityG,0.8660000000000001
921,activeEnergyKcal,50.71634799235237
921,heartRateBpm,154.05345756662496
922,speedMps,2.854131186519924
922,paceSecPerKm,350.36931894476504
922,cadenceSpm,173.88350966235316
922,distanceM,2573.1961114746787
922,motionIntensityG,0.8660000000000001
922,activeEnergyKcal,50.774378585086595
922,heartRateBpm,152.89880168898293
923,speedMps,2.8953104074589593
923,paceSecPerKm,345.3861103886406
923,cadenceSpm,173.46358306306007
923,distanceM,2576.0914218821376
923,motionIntensityG,0.8660000000000001
923,activeEnergyKcal,50.83240917782082
923,heartRateBpm,153.88979868286572
924,speedMps,2.8865914251455815
924,paceSecPerKm,346.4293530732588
924,cadenceSpm,172.72993265205747
924,distanceM,2578.978013307283
924,motionIntensityG,0.8660000000000001
924,activeEnergyKcal,50.89043977055505
924,heartRateBpm,153.04007643120497
925,speedMps,2.976605145731641
925,paceSecPerKm,335.95319198919236
925,cadenceSpm,172.37678307466123
925,distanceM,2581.954618453015
925,motionIntensityG,0.8660000000000001
925,activeEnergyKcal,50.948470363289275
925,heartRateBpm,152.49297035455774
926,speedMps,2.8677206903401093
926,paceSecPerKm,348.70899504560913
926,cadenceSpm,172.29572924016276
926,distanceM,2584.8223391433553
926,motionIntensityG,0.8660000000000001
926,activeEnergyKcal,51.0065009560235
926,heartRateBpm,151.32394325547617
927,speedMps,2.901330991789018
927,paceSecPerKm,344.66939581525656
927,cadenceSpm,172.2896236520997
927,distanceM,2587.7236701351444
927,motionIntensityG,0.8660000000000001
927,activeEnergyKcal,51.06453154875773
927,heartRateBpm,151.02959535134323
928,speedMps,2.888489708687056
928,paceSecPerKm,346.2016835277365
928,cadenceSpm,171.69589153984572
928,distanceM,2590.6121598438313
928,motionIntensityG,0.8660000000000001
928,activeEnergyKcal,51.122562141491954
928,heartRateBpm,150.7411026831161
929,speedMps,2.8864488123947116
929,paceSecPerKm,346.44646934527157
929,cadenceSpm,171.71660881274204
929,distanceM,2593.4986086562258
929,motionIntensityG,0.8660000000000001
929,activeEnergyKcal,51.18059273422618
929,heartRateBpm,151.3512232055757
930,speedMps,2.6669620914136676
930,paceSecPerKm,374.95846049687697
930,cadenceSpm,172.3119169638812
930,distanceM,2596.1655707476393
930,motionIntensityG,0.8660000000000001
930,activeEnergyKcal,51.23862332696041
930,heartRateBpm,150.18735420148207
931,speedMps,2.904352776248228
931,paceSecPerKm,344.3107904032841
931,cadenceSpm,175.23602115083844
931,distanceM,2599.0699235238876
931,motionIntensityG,0.8660000000000001
931,activeEnergyKcal,51.296653919694634
931,heartRateBpm,149.7214525947101
932,speedMps,2.8044811197830084
932,paceSecPerKm,356.5721990231737
932,cadenceSpm,173.9598629276648
932,distanceM,2601.8744046436705
932,motionIntensityG,0.8660000000000001
932,activeEnergyKcal,51.35468451242886
932,heartRateBpm,151.53202851606687
933,speedMps,2.7881919397413633
933,paceSecPerKm,358.6553657754141
933,cadenceSpm,173.68972056393085
933,distanceM,2604.662596583412
933,motionIntensityG,0.8660000000000001
933,activeEnergyKcal,51.41271510516309
933,heartRateBpm,150.00904722912404
934,speedMps,2.725741452109538
934,paceSecPerKm,366.87265376034406
934,cadenceSpm,173.65303457963265
934,distanceM,2607.3883380355214
934,motionIntensityG,0.8660000000000001
934,activeEnergyKcal,51.470745697897314
934,heartRateBpm,149.88725741453123
935,speedMps,2.6965971230615153
935,paceSecPerKm,370.837746375949
935,cadenceSpm,174.05134168929874
935,distanceM,2610.084935158583
935,motionIntensityG,0.8660000000000001
935,activeEnergyKcal,51.52877629063154
935,heartRateBpm,152.3281272648156
936,speedMps,2.864125150689841
936,paceSecPerKm,349.14675420490767
936,cadenceSpm,171.85395226074263
936,distanceM,2612.9490603092727
936,motionIntensityG,0.8660000000000001
936,activeEnergyKcal,51.58680688336577
936,heartRateBpm,152.61114723807518
937,speedMps,2.949704985989624
937,paceSecPerKm,339.0169541529594
937,cadenceSpm,174.74123393081553
937,distanceM,2615.8987652952624
937,motionIntensityG,0.8660000000000001
937,activeEnergyKcal,51.644837476099994
937,heartRateBpm,154.49175125079972
938,speedMps,2.9066567524003966
938,paceSecPerKm,344.0378707166482
938,cadenceSpm,174.69783586430336
938,distanceM,2618.805422047663
938,motionIntensityG,0.8660000000000001
938,activeEnergyKcal,51.70286806883422
938,heartRateBpm,156.23101672193565
939,speedMps,2.865341714990488
939,paceSecPerKm,348.9985137787727
939,cadenceSpm,174.31027619981225
939,distanceM,2621.670763762653
939,motionIntensityG,0.8660000000000001
939,activeEnergyKcal,51.76089866156845
939,heartRateBpm,157.41021126123235
940,speedMps,2.83973351907278
940,paceSecPerKm,352.14571835124747
940,cadenceSpm,175.07179910716584
940,distanceM,2624.510497281726
940,motionIntensityG,0.8660000000000001
940,activeEnergyKcal,51.818929254302674
940,heartRateBpm,156.9965626309613
941,speedMps,2.9414625196373403
941,paceSecPerKm,339.9669359456235
941,cadenceSpm,172.74763031673567
941,distanceM,2627.4519598013635
941,motionIntensityG,0.8660000000000001
941,activeEnergyKcal,51.8769598470369
941,heartRateBpm,155.9864199872042
942,speedMps,2.8954699938464703
942,paceSecPerKm,345.36707412794004
942,cadenceSpm,176.6916603198078
942,distanceM,2630.34742979521
942,motionIntensityG,0.8660000000000001
942,activeEnergyKcal,51.93499043977113
942,heartRateBpm,153.8860091529375
943,speedMps,2.966172029794603
943,paceSecPerKm,337.13486269683636
943,cadenceSpm,175.04703892438587
943,distanceM,2633.3136018250043
943,motionIntensityG,0.8660000000000001
943,activeEnergyKcal,51.993021032505354
943,heartRateBpm,152.13899801424287
944,speedMps,3.0261701314347893
944,paceSecPerKm,330.45068735969346
944,cadenceSpm,171.70134278117857
944,distanceM,2636.339771956439
944,motionIntensityG,0.8660000000000001
944,activeEnergyKcal,52.05105162523958
944,heartRateBpm,152.9692646108859
945,speedMps,2.820141300780736
945,paceSecPerKm,354.59216164919013
945,cadenceSpm,171.9731501587947
945,distanceM,2639.15991325722
945,motionIntensityG,0.8660000000000001
945,activeEnergyKcal,52.10908221797381
945,heartRateBpm,152.20334044068574
946,speedMps,2.728411351307729
946,paceSecPerKm,366.513648875086
946,cadenceSpm,174.56650881397013
946,distanceM,2641.888324608528
946,motionIntensityG,0.8660000000000001
946,activeEnergyKcal,52.16711281070803
946,heartRateBpm,153.2930348441342
947,speedMps,2.923002085821764
947,paceSecPerKm,342.1140220359655
947,cadenceSpm,174.57380119123323
947,distanceM,2644.8113266943496
947,motionIntensityG,0.8660000000000001
947,activeEnergyKcal,52.22514340344226
947,heartRateBpm,152.81978855682277
948,speedMps,2.97191294275339
948,paceSecPerKm,336.4836114861189
948,cadenceSpm,173.8749533963444
948,distanceM,2647.783239637103
948,motionIntensityG,0.8660000000000001
948,activeEnergyKcal,52.28317399617649
948,heartRateBpm,155.430513285283
949,speedMps,2.8766124377358384
949,paceSecPerKm,347.63111877076255
949,cadenceSpm,174.76306567824966
949,distanceM,2650.659852074839
949,motionIntensityG,0.8660000000000001
949,activeEnergyKcal,52.34120458891071
949,heartRateBpm,154.160428171119
950,speedMps,2.796193857510043
950,paceSecPerKm,357.6289953266977
950,cadenceSpm,174.3640360934911
950,distanceM,2653.456045932349
950,motionIntensityG,0.8660000000000001
950,activeEnergyKcal,52.39923518164494
950,heartRateBpm,154.18966516824602
951,speedMps,2.8832829463722156
951,paceSecPerKm,346.8268701336486
951,cadenceSpm,173.32754571390842
951,distanceM,2656.339328878721
951,motionIntensityG,0.8660000000000001
951,activeEnergyKcal,52.45726577437917
951,heartRateBpm,153.2169223311862
952,speedMps,3.0675624272741233
952,paceSecPerKm,325.99173568852626
952,cadenceSpm,176.0802382153002
952,distanceM,2659.406891305995
952,motionIntensityG,0.8660000000000001
952,activeEnergyKcal,52.51529636711339
952,heartRateBpm,153.23084157472394
953,speedMps,2.822340160165386
953,paceSecPerKm,354.315902141789
953,cadenceSpm,175.33441164447075
953,distanceM,2662.2292314661604
953,motionIntensityG,0.8660000000000001
953,activeEnergyKcal,52.57332695984762
953,heartRateBpm,153.08441445048382
954,speedMps,2.9255239156047925
954,paceSecPerKm,341.81911645499923
954,cadenceSpm,176.74872727877718
954,distanceM,2665.154755381765
954,motionIntensityG,0.8660000000000001
954,activeEnergyKcal,52.63135755258185
954,heartRateBpm,153.1483372299096
955,speedMps,2.804757354724418
955,paceSecPerKm,356.53708094055617
955,cadenceSpm,171.8343520830892
955,distanceM,2667.9595127364896
955,motionIntensityG,0.8660000000000001
955,activeEnergyKcal,52.68938814531607
955,heartRateBpm,153.32560932402995
956,speedMps,2.9700350797615664
956,paceSecPerKm,336.69635985588417
956,cadenceSpm,173.15135111743166
956,distanceM,2670.929547816251
956,motionIntensityG,0.8660000000000001
956,activeEnergyKcal,52.7474187380503
956,heartRateBpm,151.57092260311538
957,speedMps,2.9672052886428393
957,paceSecPerKm,337.0174634790392
957,cadenceSpm,170.95349165723022
957,distanceM,2673.896753104894
957,motionIntensityG,0.8660000000000001
957,activeEnergyKcal,52.805449330784526
957,heartRateBpm,151.21572983225772
958,speedMps,2.8268565840214457
958,paceSecPerKm,353.7498172536982
958,cadenceSpm,174.46412556839294
958,distanceM,2676.723609688915
958,motionIntensityG,0.8660000000000001
958,activeEnergyKcal,52.86347992351875
958,heartRateBpm,153.8078210169554
959,speedMps,2.8759425767956723
959,paceSecPerKm,347.7120885752119
959,cadenceSpm,172.60889321083712
959,distanceM,2679.599552265711
959,motionIntensityG,0.8660000000000001
959,activeEnergyKcal,52.92151051625298
959,heartRateBpm,153.79748722600826
960,speedMps,2.815315528223142
960,paceSecPerKm,355.19997313805175
960,cadenceSpm,172.88324505977002
960,distanceM,2682.414867793934
960,motionIntensityG,0.8660000000000001
960,activeEnergyKcal,52.979541108987206
960,heartRateBpm,153.9208862515173
961,speedMps,2.8010861156491633
961,paceSecPerKm,357.0043757002615
961,cadenceSpm,175.15610629609932
961,distanceM,2685.215953909583
961,motionIntensityG,0.8660000000000001
961,activeEnergyKcal,53.03757170172143
961,heartRateBpm,153.27043721225417
962,speedMps,2.971485924159709
962,paceSecPerKm,336.53196600040593
962,cadenceSpm,170.54672370524014
962,distanceM,2688.1874398337427
962,motionIntensityG,0.8660000000000001
962,activeEnergyKcal,53.09560229445566
962,heartRateBpm,153.74834722621006
963,speedMps,2.8827025730736358
963,paceSecPerKm,346.8966966417787
963,cadenceSpm,174.5861800470623
963,distanceM,2691.0701424068166
963,motionIntensityG,0.8660000000000001
963,activeEnergyKcal,53.153632887189886
963,heartRateBpm,154.08049423104436
964,speedMps,2.9636332612970215
964,paceSecPerKm,337.4236660990754
964,cadenceSpm,172.91826775178643
964,distanceM,2694.033775668114
964,motionIntensityG,0.8660000000000001
964,activeEnergyKcal,53.21166347992411
964,heartRateBpm,155.16937529608347
965,speedMps,3.095251382820253
965,paceSecPerKm,323.0755361423489
965,cadenceSpm,175.17600361643247
965,distanceM,2697.129027050934
965,motionIntensityG,0.8660000000000001
965,activeEnergyKcal,53.26969407265834
965,heartRateBpm,154.97880418863522
966,speedMps,2.881259132514053
966,paceSecPerKm,347.07048342696146
966,cadenceSpm,175.2380518818543
966,distanceM,2700.010286183448
966,motionIntensityG,0.8660000000000001
966,activeEnergyKcal,53.327724665392566
966,heartRateBpm,155.39828180890905
967,speedMps,2.8380201851436735
967,paceSecPerKm,352.35831134491224
967,cadenceSpm,171.0167664976797
967,distanceM,2702.8483063685917
967,motionIntensityG,0.8660000000000001
967,activeEnergyKcal,53.38575525812679
967,heartRateBpm,152.8312794410092
968,speedMps,2.867168664315863
968,paceSecPerKm,348.77613320966265
968,cadenceSpm,176.51099834676725
968,distanceM,2705.7154750329078
968,motionIntensityG,0.8660000000000001
968,activeEnergyKcal,53.44378585086102
968,heartRateBpm,151.4772089403395
969,speedMps,2.7908538473508613
969,paceSecPerKm,358.31328141716256
969,cadenceSpm,175.29147832334863
969,distanceM,2708.5063288802585
969,motionIntensityG,0.8660000000000001
969,activeEnergyKcal,53.501816443595246
969,heartRateBpm,150.38595201903524
970,speedMps,2.8445364614935458
970,paceSecPerKm,351.55112741108695
970,cadenceSpm,175.63340114103514
970,distanceM,2711.350865341752
970,motionIntensityG,0.8660000000000001
970,activeEnergyKcal,53.55984703632947
970,heartRateBpm,151.45321129784244
971,speedMps,2.858539074145944
971,paceSecPerKm,349.8290469577624
971,cadenceSpm,171.90287395166092
971,distanceM,2714.209404415898
971,motionIntensityG,0.8660000000000001
971,activeEnergyKcal,53.6178776290637
971,heartRateBpm,152.75910077083984
972,speedMps,2.867126484158304
972,paceSecPerKm,348.7812642816028
972,cadenceSpm,176.03473532035713
972,distanceM,2717.0765309000562
972,motionIntensityG,0.8660000000000001
972,activeEnergyKcal,53.675908221797926
972,heartRateBpm,152.63085738145048
973,speedMps,2.8613160001809423
973,paceSecPerKm,349.4895355622247
973,cadenceSpm,172.6708474269437
973,distanceM,2719.937846900237
973,motionIntensityG,0.8660000000000001
973,activeEnergyKcal,53.73393881453215
973,heartRateBpm,153.44822489443578
974,speedMps,2.853244274231115
974,paceSecPerKm,350.4782289520155
974,cadenceSpm,175.01917158788476
974,distanceM,2722.7910911744684
974,motionIntensityG,0.8660000000000001
974,activeEnergyKcal,53.79196940726638
974,heartRateBpm,150.69415913657622
975,speedMps,2.9179292293379593
975,paceSecPerKm,342.708791544916
975,cadenceSpm,175.89116683833865
975,distanceM,2725.7090204038063
975,motionIntensityG,0.8660000000000001
975,activeEnergyKcal,53.850000000000605
975,heartRateBpm,150.66266609071326
976,speedMps,2.857473407907893
976,paceSecPerKm,349.95951221542697
976,cadenceSpm,171.46665171443664
976,distanceM,2728.5664938117143
976,motionIntensityG,0.8660000000000001
976,activeEnergyKcal,53.90803059273483
976,heartRateBpm,149.95264853888327
977,speedMps,2.745648851691664
977,paceSecPerKm,364.21263388574783
977,cadenceSpm,173.39592516269772
977,distanceM,2731.312142663406
977,motionIntensityG,0.8660000000000001
977,activeEnergyKcal,53.96606118546906
977,heartRateBpm,148.17290808742243
978,speedMps,2.8421418491272115
978,paceSecPerKm,351.84732257719236
978,cadenceSpm,173.3036947397453
978,distanceM,2734.154284512533
978,motionIntensityG,0.8660000000000001
978,activeEnergyKcal,54.024091778203285
978,heartRateBpm,148.16615335324983
979,speedMps,2.9463767229555287
979,paceSecPerKm,339.3999118337094
979,cadenceSpm,176.0581164556794
979,distanceM,2737.1006612354886
979,motionIntensityG,0.8660000000000001
979,activeEnergyKcal,54.08212237093751
979,heartRateBpm,146.49538641312338
980,speedMps,2.8451714210958476
980,paceSecPerKm,351.47267141283163
980,cadenceSpm,174.55730165145448
980,distanceM,2739.9458326565846
980,motionIntensityG,0.8660000000000001
980,activeEnergyKcal,54.14015296367174
980,heartRateBpm,146.21621057883067
981,speedMps,3.0016962564322287
981,paceSecPerKm,333.14496690234245
981,cadenceSpm,172.62504695148607
981,distanceM,2742.947528913017
981,motionIntensityG,0.8660000000000001
981,activeEnergyKcal,54.198183556405965
981,heartRateBpm,144.852393583223
982,speedMps,2.9487111102051355
982,paceSecPerKm,339.13122127804246
982,cadenceSpm,170.69437747780344
982,distanceM,2745.896240023222
982,motionIntensityG,0.8660000000000001
982,activeEnergyKcal,54.25621414914019
982,heartRateBpm,144.58450543117004
983,speedMps,2.910433104461155
983,paceSecPerKm,343.59147388310873
983,cadenceSpm,173.5739717836539
983,distanceM,2748.806673127683
983,motionIntensityG,0.8660000000000001
983,activeEnergyKcal,54.31424474187442
983,heartRateBpm,143.62613235898397
984,speedMps,2.965867956555952
984,paceSecPerKm,337.16942717882415
984,cadenceSpm,175.73051560174864
984,distanceM,2751.772541084239
984,motionIntensityG,0.8660000000000001
984,activeEnergyKcal,54.372275334608645
984,heartRateBpm,145.34708178352517
985,speedMps,2.7677203011580733
985,paceSecPerKm,361.308185506165
985,cadenceSpm,173.89457804801967
985,distanceM,2754.540261385397
985,motionIntensityG,0.8660000000000001
985,activeEnergyKcal,54.43030592734287
985,heartRateBpm,146.12193420612266
986,speedMps,2.9375186241346816
986,paceSecPerKm,340.4233735861248
986,cadenceSpm,173.09415692611816
986,distanceM,2757.4777800095317
986,motionIntensityG,0.8660000000000001
986,activeEnergyKcal,54.4883365200771
986,heartRateBpm,146.25064503607507
987,speedMps,2.914924704791918
987,paceSecPerKm,343.0620346234244
987,cadenceSpm,173.1340953968002
987,distanceM,2760.3927047143234
987,motionIntensityG,0.8660000000000001
987,activeEnergyKcal,54.546367112811325
987,heartRateBpm,145.8843754882301
988,speedMps,2.9457356446229146
988,paceSecPerKm,339.47377519275346
988,cadenceSpm,173.8483160308328
988,distanceM,2763.338440358946
988,motionIntensityG,0.8660000000000001
988,activeEnergyKcal,54.60439770554555
988,heartRateBpm,144.2125228303905
989,speedMps,2.9150325755678272
989,paceSecPerKm,343.04933961336855
989,cadenceSpm,173.31588151438345
989,distanceM,2766.253472934514
989,motionIntensityG,0.8660000000000001
989,activeEnergyKcal,54.66242829827978
989,heartRateBpm,145.91594372407127
990,speedMps,2.9451210665871748
990,paceSecPerKm,339.5446154472714
990,cadenceSpm,171.27727648478813
990,distanceM,2769.198594001101
990,motionIntensityG,0.8660000000000001
990,activeEnergyKcal,54.720458891014005
990,heartRateBpm,147.27171925626348
991,speedMps,2.8391425764411635
991,paceSecPerKm,352.21901439465216
991,cadenceSpm,173.3221349530284
991,distanceM,2772.037736577542
991,motionIntensityG,0.8660000000000001
991,activeEnergyKcal,54.77848948374823
991,heartRateBpm,148.2269325422577
992,speedMps,2.8596510923219136
992,paceSecPerKm,349.69301069105006
992,cadenceSpm,172.78505088568193
992,distanceM,2774.897387669864
992,motionIntensityG,0.8660000000000001
992,activeEnergyKcal,54.83652007648246
992,heartRateBpm,149.02632538163772
993,speedMps,2.8190128750427434
993,paceSecPerKm,354.734101732273
993,cadenceSpm,173.86082894745215
993,distanceM,2777.7164005449067
993,motionIntensityG,0.8660000000000001
993,activeEnergyKcal,54.894550669216684
993,heartRateBpm,150.5484491826464
994,speedMps,2.920741866217503
994,paceSecPerKm,342.37876738318084
994,cadenceSpm,173.19524837733084
994,distanceM,2780.6371424111244
994,motionIntensityG,0.8660000000000001
994,activeEnergyKcal,54.95258126195091
994,heartRateBpm,152.42421762445738
995,speedMps,3.006386338443305
995,paceSecPerKm,332.62524753149194
995,cadenceSpm,170.2911773343466
995,distanceM,2783.643528749568
995,motionIntensityG,0.8660000000000001
995,activeEnergyKcal,55.01061185468514
995,heartRateBpm,152.44425956031205
996,speedMps,2.858147539601855
996,paceSecPerKm,349.876969661021
996,cadenceSpm,173.1684776480608
996,distanceM,2786.5016762891696
996,motionIntensityG,0.8660000000000001
996,activeEnergyKcal,55.068642447419364
996,heartRateBpm,153.17188091500577
997,speedMps,2.962748126034192
997,paceSecPerKm,337.52447304339614
997,cadenceSpm,176.792927859673
997,distanceM,2789.4644244152037
997,motionIntensityG,0.8660000000000001
997,activeEnergyKcal,55.12667304015359
997,heartRateBpm,150.44189409941686
998,speedMps,2.792733929326385
998,paceSecPerKm,358.07206318476705
998,cadenceSpm,172.06806655301276
998,distanceM,2792.25715834453
998,motionIntensityG,0.8660000000000001
998,activeEnergyKcal,55.18470363288782
998,heartRateBpm,150.00779781554357
999,speedMps,2.896795080625029
999,paceSecPerKm,345.2090921751477
999,cadenceSpm,174.41072766746063
999,distanceM,2795.153953425155
999,motionIntensityG,0.8660000000000001
999,activeEnergyKcal,55.242734225622044
999,heartRateBpm,152.07336801866262
1000,speedMps,2.8796768724025252
1000,paceSecPerKm,347.26118391390776
1000,cadenceSpm,175.60743164370328
1000,distanceM,2798.0336302975575
1000,motionIntensityG,0.8660000000000001
1000,activeEnergyKcal,55.30076481835627
1000,heartRateBpm,151.22130377981188
1001,speedMps,2.7727550950105164
1001,paceSecPerKm,360.6521188255926
1001,cadenceSpm,174.6532314081757
1001,distanceM,2800.806385392568
1001,motionIntensityG,0.8660000000000001
1001,activeEnergyKcal,55.3587954110905
1001,heartRateBpm,150.7531076483382
1002,speedMps,2.8754981003297875
1002,paceSecPerKm,347.76583572957713
1002,cadenceSpm,173.32926083630667
1002,distanceM,2803.6818834928977
1002,motionIntensityG,0.8660000000000001
1002,activeEnergyKcal,55.416826003824724
1002,heartRateBpm,151.4273358347365
1003,speedMps,2.9442691726878203
1003,paceSecPerKm,339.64285917754626
1003,cadenceSpm,174.57085970806838
1003,distanceM,2806.6261526655853
1003,motionIntensityG,0.8660000000000001
1003,activeEnergyKcal,55.47485659655895
1003,heartRateBpm,152.03465516208257
1004,speedMps,2.9907365670298036
1004,paceSecPerKm,334.36579169964546
1004,cadenceSpm,173.4415771084039
1004,distanceM,2809.616889232615
1004,motionIntensityG,0.8660000000000001
1004,activeEnergyKcal,55.53288718929318
1004,heartRateBpm,151.08562847439546
1005,speedMps,2.9968896708948294
1005,paceSecPerKm,333.6792841297404
1005,cadenceSpm,174.6869682727773
1005,distanceM,2812.6137789035097
1005,motionIntensityG,0.8660000000000001
1005,activeEnergyKcal,55.590917782027404
1005,heartRateBpm,152.67939281968663
1006,speedMps,2.7837068139488497
1006,paceSecPerKm,359.23323353921813
1006,cadenceSpm,173.56752629022847
1006,distanceM,2815.3974857174585
1006,motionIntensityG,0.8660000000000001
1006,activeEnergyKcal,55.64894837476163
1006,heartRateBpm,153.27589325278046
1007,speedMps,2.7900086200836482
1007,paceSecPerKm,358.4218316752077
1007,cadenceSpm,174.52448327887376
1007,distanceM,2818.187494337542
1007,motionIntensityG,0.8660000000000001
1007,activeEnergyKcal,55.70697896749586
1007,heartRateBpm,152.2802102154572
1008,speedMps,2.8043783943807896
1008,paceSecPerKm,356.5852603927229
1008,cadenceSpm,174.57844153990672
1008,distanceM,2820.9918727319227
1008,motionIntensityG,0.8660000000000001
1008,activeEnergyKcal,55.765009560230084
1008,heartRateBpm,151.19817447327662
1009,speedMps,2.8825017757482607
1009,paceSecPerKm,346.9208617366464
1009,cadenceSpm,172.48993444581137
1009,distanceM,2823.874374507671
1009,motionIntensityG,0.8660000000000001
1009,activeEnergyKcal,55.82304015296431
1009,heartRateBpm,150.51094399990524
1010,speedMps,2.756970637917468
1010,paceSecPerKm,362.7169568825621
1010,cadenceSpm,172.7514916216123
1010,distanceM,2826.6313451455885
1010,motionIntensityG,0.8660000000000001
1010,activeEnergyKcal,55.88107074569854
1010,heartRateBpm,150.2521393239964
1011,speedMps,3.085617826791542
1011,paceSecPerKm,324.0842048931933
1011,cadenceSpm,172.98113976649748
1011,distanceM,2829.71696297238
1011,motionIntensityG,0.8660000000000001
1011,activeEnergyKcal,55.939101338432764
1011,heartRateBpm,150.16488148593646
1012,speedMps,2.8880044030926433
1012,paceSecPerKm,346.25985989811574
1012,cadenceSpm,172.90961078407523
1012,distanceM,2832.6049673754724
1012,motionIntensityG,0.8660000000000001
1012,activeEnergyKcal,55.99713193116699
1012,heartRateBpm,149.49095269368533
1013,speedMps,2.9323441243190875
1013,paceSecPerKm,341.02409458242136
1013,cadenceSpm,174.69403279010572
1013,distanceM,2835.5373114997915
1013,motionIntensityG,0.8660000000000001
1013,activeEnergyKcal,56.05516252390122
1013,heartRateBpm,150.29056349884024
1014,speedMps,2.90526908268159
1014,paceSecPerKm,344.20219660926927
1014,cadenceSpm,176.54493446705874
1014,distanceM,2838.442580582473
1014,motionIntensityG,0.8660000000000001
1014,activeEnergyKcal,56.11319311663544
1014,heartRateBpm,151.89598299477478
1015,speedMps,2.9013762501148
1015,paceSecPerKm,344.6640193461405
1015,cadenceSpm,170.5330908589197
1015,distanceM,2841.343956832588
1015,motionIntensityG,0.8660000000000001
1015,activeEnergyKcal,56.17122370936967
1015,heartRateBpm,152.6704762451625
1016,speedMps,2.815118346115256
1016,paceSecPerKm,355.2248527597277
1016,cadenceSpm,172.0296109395318
1016,distanceM,2844.1590751787035
1016,motionIntensityG,0.8660000000000001
1016,activeEnergyKcal,56.2292543021039
1016,heartRateBpm,152.02422010387318
1017,speedMps,2.9697388119054793
1017,paceSecPerKm,336.7299494457454
1017,cadenceSpm,171.49494543423674
1017,distanceM,2847.128813990609
1017,motionIntensityG,0.8660000000000001
1017,activeEnergyKcal,56.28728489483812
1017,heartRateBpm,150.42438774530228
1018,speedMps,2.744476001620254
1018,paceSecPerKm,364.36827992288175
1018,cadenceSpm,172.43141799455805
1018,distanceM,2849.8732899922293
1018,motionIntensityG,0.8660000000000001
1018,activeEnergyKcal,56.34531548757235
1018,heartRateBpm,150.23656364830757
1019,speedMps,2.9747891074259587
1019,paceSecPerKm,336.15828345737265
1019,cadenceSpm,174.95152903006814
1019,distanceM,2852.848079099655
1019,motionIntensityG,0.8660000000000001
1019,activeEnergyKcal,56.40334608030658
1019,heartRateBpm,151.28785906001727
1020,speedMps,2.9453661984398045
1020,paceSecPerKm,339.51635641425906
1020,cadenceSpm,174.2447871497996
1020,distanceM,2855.793445298095
1020,motionIntensityG,0.8660000000000001
1020,activeEnergyKcal,56.4613766730408
1020,heartRateBpm,148.7921561835932
1021,speedMps,2.806672342897925
1021,paceSecPerKm,356.2938162448586
1021,cadenceSpm,174.53352854787246
1021,distanceM,2858.6001176409927
1021,motionIntensityG,0.8660000000000001
1021,activeEnergyKcal,56.51940726577503
1021,heartRateBpm,149.87445260706053
1022,speedMps,2.9359404108397325
1022,paceSecPerKm,340.60636799981296
1022,cadenceSpm,171.66197266853837
1022,distanceM,2861.5360580518322
1022,motionIntensityG,0.8660000000000001
1022,activeEnergyKcal,56.577437858509256
1022,heartRateBpm,148.86544327742914
1023,speedMps,2.900780265025494
1023,paceSecPerKm,344.73483291958735
1023,cadenceSpm,173.38662293170637
1023,distanceM,2864.4368383168576
1023,motionIntensityG,0.8660000000000001
1023,activeEnergyKcal,56.63546845124348
1023,heartRateBpm,150.44077688672664
1024,speedMps,2.9209537316959886
1024,paceSecPerKm,342.3539336309075
1024,cadenceSpm,172.89891332386878
1024,distanceM,2867.3577920485536
1024,motionIntensityG,0.8660000000000001
1024,activeEnergyKcal,56.69349904397771
1024,heartRateBpm,152.20233926365052
1025,speedMps,2.8674856065451295
1025,paceSecPerKm,348.73758309979564
1025,cadenceSpm,173.62838452953935
1025,distanceM,2870.2252776550986
1025,motionIntensityG,0.8660000000000001
1025,activeEnergyKcal,56.751529636711936
1025,heartRateBpm,154.62584496727357
1026,speedMps,2.836766784653582
1026,paceSecPerKm,352.51399777021754
1026,cadenceSpm,174.76840445597136
1026,distanceM,2873.0620444397523
1026,motionIntensityG,0.8660000000000001
1026,activeEnergyKcal,56.80956022944616
1026,heartRateBpm,156.45754593686047
1027,speedMps,2.7029646304300003
1027,paceSecPerKm,369.9641455689027
1027,cadenceSpm,175.88102939994297
1027,distanceM,2875.7650090701823
1027,motionIntensityG,0.8660000000000001
1027,activeEnergyKcal,56.86759082218039
1027,heartRateBpm,157.8951969993564
1028,speedMps,2.8859776735361033
1028,paceSecPerKm,346.503027091935
1028,cadenceSpm,174.63866407880272
1028,distanceM,2878.6509867437185
1028,motionIntensityG,0.8660000000000001
1028,activeEnergyKcal,56.925621414914616
1028,heartRateBpm,155.83889047062874
1029,speedMps,2.8723069843045446
1029,paceSecPerKm,348.15220151063494
1029,cadenceSpm,170.99300059738474
1029,distanceM,2881.523293728023
1029,motionIntensityG,0.8660000000000001
1029,activeEnergyKcal,56.98365200764884
1029,heartRateBpm,156.65292157051596
1030,speedMps,2.89769771137312
1030,paceSecPerKm,345.1015597918025
1030,cadenceSpm,173.86684699926488
1030,distanceM,2884.420991439396
1030,motionIntensityG,0.8660000000000001
1030,activeEnergyKcal,57.04168260038307
1030,heartRateBpm,157.63128112338094
1031,speedMps,2.9118863614976203
1031,paceSecPerKm,343.4199951009377
1031,cadenceSpm,172.31025765614692
1031,distanceM,2887.3328778008936
1031,motionIntensityG,0.8660000000000001
1031,activeEnergyKcal,57.099713193117296
1031,heartRateBpm,158.79647912316983
1032,speedMps,2.9576084306437576
1032,paceSecPerKm,338.11101890264035
1032,cadenceSpm,172.37817820096834
1032,distanceM,2890.290486231537
1032,motionIntensityG,0.8660000000000001
1032,activeEnergyKcal,57.15774378585152
1032,heartRateBpm,158.397227019032
1033,speedMps,2.9942631206714427
1033,paceSecPerKm,333.9719856602839
1033,cadenceSpm,173.95899074835026
1033,distanceM,2893.2847493522086
1033,motionIntensityG,0.8660000000000001
1033,activeEnergyKcal,57.21577437858575
1033,heartRateBpm,157.46385805562628
1034,speedMps,2.738978210980838
1034,paceSecPerKm,365.0996550432201
1034,cadenceSpm,174.25040021016486
1034,distanceM,2896.0237275631894
1034,motionIntensityG,0.8660000000000001
1034,activeEnergyKcal,57.273804971319976
1034,heartRateBpm,158.7714388120129
1035,speedMps,2.9520165112361765
1035,paceSecPerKm,338.75149281642854
1035,cadenceSpm,173.5424095308649
1035,distanceM,2898.9757440744256
1035,motionIntensityG,0.8660000000000001
1035,activeEnergyKcal,57.3318355640542
1035,heartRateBpm,158.73739106317396
1036,speedMps,2.925656488189015
1036,paceSecPerKm,341.80362733527926
1036,cadenceSpm,171.9536018818658
1036,distanceM,2901.9014005626145
1036,motionIntensityG,0.8660000000000001
1036,activeEnergyKcal,57.38986615678843
1036,heartRateBpm,159.87367928789757
1037,speedMps,2.9724089640336993
1037,paceSecPerKm,336.42746072295273
1037,cadenceSpm,172.22282246819964
1037,distanceM,2904.873809526648
1037,motionIntensityG,0.8660000000000001
1037,activeEnergyKcal,57.447896749522656
1037,heartRateBpm,161.18283072270617
1038,speedMps,2.8918120593313628
1038,paceSecPerKm,345.8039386664766
1038,cadenceSpm,172.67292738150397
1038,distanceM,2907.7656215859793
1038,motionIntensityG,0.8660000000000001
1038,activeEnergyKcal,57.50592734225688
1038,heartRateBpm,161.10040098258878
1039,speedMps,2.968469777956229
1039,paceSecPerKm,336.8739029873139
1039,cadenceSpm,171.98217857063267
1039,distanceM,2910.7340913639355
1039,motionIntensityG,0.8660000000000001
1039,activeEnergyKcal,57.56395793499111
1039,heartRateBpm,161.3479260414162
1040,speedMps,2.8171533070426302
1040,paceSecPerKm,354.9682573185101
1040,cadenceSpm,172.6815964535742
1040,distanceM,2913.551244670978
1040,motionIntensityG,0.8660000000000001
1040,activeEnergyKcal,57.621988527725335
1040,heartRateBpm,159.10136602892715
1041,speedMps,2.8860734274390674
1041,paceSecPerKm,346.4915308434621
1041,cadenceSpm,172.36704196150507
1041,distanceM,2916.437318098417
1041,motionIntensityG,0.8660000000000001
1041,activeEnergyKcal,57.68001912045956
1041,heartRateBpm,158.99264143556417
1042,speedMps,2.811306448809834
1042,paceSecPerKm,355.7065080625948
1042,cadenceSpm,174.1439487442352
1042,distanceM,2919.248624547227
1042,motionIntensityG,0.8660000000000001
1042,activeEnergyKcal,57.73804971319379
1042,heartRateBpm,160.95352731199426
1043,speedMps,2.9505638115887285
1043,paceSecPerKm,338.9182759147144
1043,cadenceSpm,173.20152132612395
1043,distanceM,2922.1991883588157
1043,motionIntensityG,0.8660000000000001
1043,activeEnergyKcal,57.796080305928015
1043,heartRateBpm,159.2931754869013
1044,speedMps,2.8905043235880954
1044,paceSecPerKm,345.9603889326348
1044,cadenceSpm,171.53551408765463
1044,distanceM,2925.089692682404
1044,motionIntensityG,0.8660000000000001
1044,activeEnergyKcal,57.85411089866224
1044,heartRateBpm,156.18858481584857
1045,speedMps,2.8126193980413365
1045,paceSecPerKm,355.5404619254152
1045,cadenceSpm,176.21852621128943
1045,distanceM,2927.9023120804454
1045,motionIntensityG,0.8660000000000001
1045,activeEnergyKcal,57.91214149139647
1045,heartRateBpm,155.3379625076559
1046,speedMps,2.82738016283143
1046,paceSecPerKm,353.6843092930834
1046,cadenceSpm,175.88942841980892
1046,distanceM,2930.729692243277
1046,motionIntensityG,0.8660000000000001
1046,activeEnergyKcal,57.970172084130695
1046,heartRateBpm,156.85323274546184
1047,speedMps,2.8426838456133456
1047,paceSecPerKm,351.7802380813956
1047,cadenceSpm,173.6725079402329
1047,distanceM,2933.5723760888905
1047,motionIntensityG,0.8660000000000001
1047,activeEnergyKcal,58.02820267686492
1047,heartRateBpm,157.77570475275016
1048,speedMps,2.715244032245071
1048,paceSecPerKm,368.29102214181484
1048,cadenceSpm,173.831069654954
1048,distanceM,2936.2876201211357
1048,motionIntensityG,0.8660000000000001
1048,activeEnergyKcal,58.08623326959915
1048,heartRateBpm,157.42052802962894
1049,speedMps,2.896846230220619
1049,paceSecPerKm,345.20299682038757
1049,cadenceSpm,173.8321321525074
1049,distanceM,2939.184466351356
1049,motionIntensityG,0.8660000000000001
1049,activeEnergyKcal,58.144263862333375
1049,heartRateBpm,158.2686732275732
1050,speedMps,2.970175471924037
1050,paceSecPerKm,336.6804451294638
1050,cadenceSpm,174.47645344344852
1050,distanceM,2942.15464182328
1050,motionIntensityG,0.8660000000000001
1050,activeEnergyKcal,58.2022944550676
1050,heartRateBpm,159.78758843679495
1051,speedMps,2.9321821917678608
1051,paceSecPerKm,341.0429279624959
1051,cadenceSpm,176.77808073562136
1051,distanceM,2945.086824015048
1051,motionIntensityG,0.8660000000000001
1051,activeEnergyKcal,58.26032504780183
1051,heartRateBpm,160.5812681986862
1052,speedMps,2.854978631593169
1052,paceSecPerKm,350.26531860309166
1052,cadenceSpm,171.41630243591166
1052,distanceM,2947.941802646641
1052,motionIntensityG,0.8660000000000001
1052,activeEnergyKcal,58.318355640536055
1052,heartRateBpm,158.69109883478905
1053,speedMps,2.751264101659373
1053,paceSecPerKm,363.46928649883847
1053,cadenceSpm,173.95086613814627
1053,distanceM,2950.6930667483
1053,motionIntensityG,0.8660000000000001
1053,activeEnergyKcal,58.37638623327028
1053,heartRateBpm,157.3203615545968
1054,speedMps,2.9180837158792543
1054,paceSecPerKm,342.69064816692133
1054,cadenceSpm,173.34293495718947
1054,distanceM,2953.6111504641794
1054,motionIntensityG,0.8660000000000001
1054,activeEnergyKcal,58.43441682600451
1054,heartRateBpm,159.97212309998557
1055,speedMps,2.896413735660235
1055,paceSecPerKm,345.25454277755347
1055,cadenceSpm,173.47783728399594
1055,distanceM,2956.5075641998396
1055,motionIntensityG,0.8660000000000001
1055,activeEnergyKcal,58.492447418738735
1055,heartRateBpm,157.88387007049442
1056,speedMps,2.9480837746029045
1056,paceSecPerKm,339.203386489482
1056,cadenceSpm,173.12824380792807
1056,distanceM,2959.4556479744424
1056,motionIntensityG,0.8660000000000001
1056,activeEnergyKcal,58.55047801147296
1056,heartRateBpm,157.6893727721395
1057,speedMps,2.9063744904191564
1057,paceSecPerKm,344.0712830698498
1057,cadenceSpm,175.3122171603827
1057,distanceM,2962.3620224648616
1057,motionIntensityG,0.8660000000000001
1057,activeEnergyKcal,58.60850860420719
1057,heartRateBpm,158.00354162681714
1058,speedMps,2.9327927102055793
1058,paceSecPerKm,340.97193317488274
1058,cadenceSpm,170.55263251780408
1058,distanceM,2965.294815175067
1058,motionIntensityG,0.8660000000000001
1058,activeEnergyKcal,58.666539196941415
1058,heartRateBpm,157.2461019327761
1059,speedMps,3.0031177556124717
1059,paceSecPerKm,332.98727568411806
1059,cadenceSpm,173.92361435865874
1059,distanceM,2968.2979329306795
1059,motionIntensityG,0.8660000000000001
1059,activeEnergyKcal,58.72456978967564
1059,heartRateBpm,156.66502469899027
1060,speedMps,2.817366484834641
1060,paceSecPerKm,354.94139842395856
1060,cadenceSpm,172.46128071802468
1060,distanceM,2971.115299415514
1060,motionIntensityG,0.8660000000000001
1060,activeEnergyKcal,58.78260038240987
1060,heartRateBpm,156.8786172170943
1061,speedMps,2.860600161689871
1061,paceSecPerKm,349.57699205654103
1061,cadenceSpm,177.42152571343843
1061,distanceM,2973.975899577204
1061,motionIntensityG,0.8660000000000001
1061,activeEnergyKcal,58.840630975144094
1061,heartRateBpm,158.12008839390518
1062,speedMps,2.6912099853568994
1062,paceSecPerKm,371.5800719531677
1062,cadenceSpm,175.74694555249428
1062,distanceM,2976.667109562561
1062,motionIntensityG,0.8660000000000001
1062,activeEnergyKcal,58.89866156787832
1062,heartRateBpm,157.5305911202293
1063,speedMps,2.9146700106620567
1063,paceSecPerKm,343.0920125921403
1063,cadenceSpm,173.6673421577993
1063,distanceM,2979.5817795732232
1063,motionIntensityG,0.8660000000000001
1063,activeEnergyKcal,58.95669216061255
1063,heartRateBpm,157.88480395606692
1064,speedMps,2.964890013698403
1064,paceSecPerKm,337.2806395447365
1064,cadenceSpm,173.0666150336518
1064,distanceM,2982.546669586922
1064,motionIntensityG,0.8660000000000001
1064,activeEnergyKcal,59.014722753346774
1064,heartRateBpm,157.0866141190709
1065,speedMps,2.9183747185978928
1065,paceSecPerKm,342.65647712314376
1065,cadenceSpm,176.33930937947355
1065,distanceM,2985.4650443055198
1065,motionIntensityG,0.8660000000000001
1065,activeEnergyKcal,59.072753346081
1065,heartRateBpm,155.87711178001766
1066,speedMps,3.0860011426003022
1066,paceSecPerKm,324.04395001532237
1066,cadenceSpm,172.9705574163587
1066,distanceM,2988.55104544812
1066,motionIntensityG,0.8660000000000001
1066,activeEnergyKcal,59.13078393881523
1066,heartRateBpm,155.24062769316896
1067,speedMps,2.9197353568137836
1067,paceSecPerKm,342.4967943297672
1067,cadenceSpm,171.85104504421835
1067,distanceM,2991.470780804934
1067,motionIntensityG,0.8660000000000001
1067,activeEnergyKcal,59.188814531549454
1067,heartRateBpm,156.65428309259806
1068,speedMps,2.8292594020006385
1068,paceSecPerKm,353.44938654012265
1068,cadenceSpm,173.08263189476432
1068,distanceM,2994.3000402069347
1068,motionIntensityG,0.8660000000000001
1068,activeEnergyKcal,59.24684512428368
1068,heartRateBpm,157.21442522168093
1069,speedMps,2.9620244799711037
1069,paceSecPerKm,337.6069329480206
1069,cadenceSpm,173.76118202385106
1069,distanceM,2997.262064686906
1069,motionIntensityG,0.8660000000000001
1069,activeEnergyKcal,59.30487571701791
1069,heartRateBpm,157.02988883813254
1070,speedMps,2.856748990394979
1070,paceSecPerKm,350.04825532877436
1070,cadenceSpm,174.12387187654298
1070,distanceM,3000.1188136773007
1070,motionIntensityG,0.8660000000000001
1070,activeEnergyKcal,59.362906309752134
1070,heartRateBpm,156.8527395472456
1071,speedMps,2.8878413897199118
1071,paceSecPerKm,346.27940563487414
1071,cadenceSpm,175.2996071611931
1071,distanceM,3003.006655067021
1071,motionIntensityG,0.8660000000000001
1071,activeEnergyKcal,59.42093690248636
1071,heartRateBpm,154.2762060366728
1072,speedMps,2.8750088069492046
1072,paceSecPerKm,347.8250214687666
1072,cadenceSpm,175.92777866247454
1072,distanceM,3005.88166387397
1072,motionIntensityG,0.8660000000000001
1072,activeEnergyKcal,59.47896749522059
1072,heartRateBpm,156.72330793238925
1073,speedMps,2.9408994318834694
1073,paceSecPerKm,340.03202869115455
1073,cadenceSpm,172.28703434554342
1073,distanceM,3008.8225633058532
1073,motionIntensityG,0.8660000000000001
1073,activeEnergyKcal,59.536998087954814
1073,heartRateBpm,156.89112816625692
1074,speedMps,2.9695897382928935
1074,paceSecPerKm,336.7468533127619
1074,cadenceSpm,173.98497051483065
1074,distanceM,3011.7921530441463
1074,motionIntensityG,0.8660000000000001
1074,activeEnergyKcal,59.59502868068904
1074,heartRateBpm,156.208308897636
1075,speedMps,2.7838514499649962
1075,paceSecPerKm,359.21456944571304
1075,cadenceSpm,173.2845652955071
1075,distanceM,3014.576004494111
1075,motionIntensityG,0.8660000000000001
1075,activeEnergyKcal,59.65305927342327
1075,heartRateBpm,156.29463035855173
1076,speedMps,2.8677953555879925
1076,paceSecPerKm,348.6999161399252
1076,cadenceSpm,173.890401261249
1076,distanceM,3017.443799849699
1076,motionIntensityG,0.8660000000000001
1076,activeEnergyKcal,59.711089866157494
1076,heartRateBpm,155.12513113756697
1077,speedMps,2.8146624818713244
1077,paceSecPerKm,355.2823851672444
1077,cadenceSpm,176.71881599852856
1077,distanceM,3020.2584623315706
1077,motionIntensityG,0.8660000000000001
1077,activeEnergyKcal,59.76912045889172
1077,heartRateBpm,155.5017423345163
1078,speedMps,2.811889670947075
1078,paceSecPerKm,355.6327299510258
1078,cadenceSpm,175.20031414070064
1078,distanceM,3023.0703520025177
1078,motionIntensityG,0.8660000000000001
1078,activeEnergyKcal,59.82715105162595
1078,heartRateBpm,156.36785203763472
1079,speedMps,2.937530120019874
1079,paceSecPerKm,340.4220413553528
1079,cadenceSpm,176.20829484935578
1079,distanceM,3026.0078821225375
1079,motionIntensityG,0.8660000000000001
1079,activeEnergyKcal,59.88518164436017
1079,heartRateBpm,155.93240875212948
1080,speedMps,2.860461216967223
1080,paceSecPerKm,349.59397249239424
1080,cadenceSpm,172.66868036103264
1080,distanceM,3028.8683433395045
1080,motionIntensityG,0.8660000000000001
1080,activeEnergyKcal,59.9432122370944
1080,heartRateBpm,156.82241867532105
1081,speedMps,2.9654552324257835
1081,paceSecPerKm,337.21635351817
1081,cadenceSpm,171.04875997211744
1081,distanceM,3031.8337985719304
1081,motionIntensityG,0.8660000000000001
1081,activeEnergyKcal,60.00124282982863
1081,heartRateBpm,157.66212966072985
1082,speedMps,2.885799119448173
1082,paceSecPerKm,346.52446639848637
1082,cadenceSpm,174.20973472547655
1082,distanceM,3034.7195976913786
1082,motionIntensityG,0.8660000000000001
1082,activeEnergyKcal,60.05927342256285
1082,heartRateBpm,158.4092199489336
1083,speedMps,2.826824210229067
1083,paceSecPerKm,353.7538685219364
1083,cadenceSpm,172.73876460208328
1083,distanceM,3037.5464219016076
1083,motionIntensityG,0.8660000000000001
1083,activeEnergyKcal,60.11730401529708
1083,heartRateBpm,160.0875707788045
1084,speedMps,2.8049109843361655
1084,paceSecPerKm,356.51755281519877
1084,cadenceSpm,173.9769809414197
1084,distanceM,3040.3513328859435
1084,motionIntensityG,0.8660000000000001
1084,activeEnergyKcal,60.17533460803131
1084,heartRateBpm,161.82101077420498
1085,speedMps,2.8650420960963716
1085,paceSecPerKm,349.035011165282
1085,cadenceSpm,174.64854926334402
1085,distanceM,3043.2163749820397
1085,motionIntensityG,0.8660000000000001
1085,activeEnergyKcal,60.23336520076553
1085,heartRateBpm,162.39712728441006
1086,speedMps,2.8576047408557357
1086,paceSecPerKm,349.94342839049915
1086,cadenceSpm,172.37163466885022
1086,distanceM,3046.0739797228953
1086,motionIntensityG,0.8660000000000001
1086,activeEnergyKcal,60.29139579349976
1086,heartRateBpm,164.0921986168014
1087,speedMps,2.931672392953153
1087,paceSecPerKm,341.10223311571076
1087,cadenceSpm,172.96410556323494
1087,distanceM,3049.0056521158485
1087,motionIntensityG,0.8660000000000001
1087,activeEnergyKcal,60.349426386233986
1087,heartRateBpm,165.11101763827108
1088,speedMps,2.893513639129423
1088,paceSecPerKm,345.6005827920935
1088,cadenceSpm,172.10603439041108
1088,distanceM,3051.8991657549777
1088,motionIntensityG,0.8660000000000001
1088,activeEnergyKcal,60.40745697896821
1088,heartRateBpm,165.3735649572049
1089,speedMps,3.0148309256708776
1089,paceSecPerKm,331.6935591595321
1089,cadenceSpm,173.80905216278674
1089,distanceM,3054.913996680649
1089,motionIntensityG,0.8660000000000001
1089,activeEnergyKcal,60.46548757170244
1089,heartRateBpm,164.92393033392096
1090,speedMps,2.882019091824831
1090,paceSecPerKm,346.9789644477414
1090,cadenceSpm,175.15497376499692
1090,distanceM,3057.7960157724738
1090,motionIntensityG,0.8660000000000001
1090,activeEnergyKcal,60.523518164436666
1090,heartRateBpm,165.40323275299474
1091,speedMps,2.8150324972794736
1091,paceSecPerKm,355.23568589933797
1091,cadenceSpm,175.43635884011778
1091,distanceM,3060.611048269753
1091,motionIntensityG,0.8660000000000001
1091,activeEnergyKcal,60.58154875717089
1091,heartRateBpm,164.27569579393997
1092,speedMps,2.8372301436870666
1092,paceSecPerKm,352.4564273451817
1092,cadenceSpm,173.64428721386474
1092,distanceM,3063.44827841344
1092,motionIntensityG,0.8660000000000001
1092,activeEnergyKcal,60.63957934990512
1092,heartRateBpm,165.08838164616927
1093,speedMps,2.793549441663406
1093,paceSecPerKm,357.9675323034751
1093,cadenceSpm,173.71490056412816
1093,distanceM,3066.2418278551036
1093,motionIntensityG,0.8660000000000001
1093,activeEnergyKcal,60.697609942639346
1093,heartRateBpm,162.8965750672361
1094,speedMps,2.863531015746835
1094,paceSecPerKm,349.21919633519
1094,cadenceSpm,173.8068949898414
1094,distanceM,3069.1053588708505
1094,motionIntensityG,0.8660000000000001
1094,activeEnergyKcal,60.75564053537357
1094,heartRateBpm,161.5610682991703
1095,speedMps,2.825747789743963
1095,paceSecPerKm,353.88862503210476
1095,cadenceSpm,175.4345402132469
1095,distanceM,3071.9311066605947
1095,motionIntensityG,0.8660000000000001
1095,activeEnergyKcal,60.8136711281078
1095,heartRateBpm,161.0921515716535
1096,speedMps,2.9324557594141076
1096,paceSecPerKm,341.0111122016708
1096,cadenceSpm,170.78679375932137
1096,distanceM,3074.8635624200087
1096,motionIntensityG,0.8660000000000001
1096,activeEnergyKcal,60.871701720842026
1096,heartRateBpm,163.03722846678332
1097,speedMps,3.0390338481069437
1097,paceSecPerKm,329.051945447371
1097,cadenceSpm,173.07835223489755
1097,distanceM,3077.9025962681158
1097,motionIntensityG,0.8660000000000001
1097,activeEnergyKcal,60.92973231357625
1097,heartRateBpm,164.2019640402528
1098,speedMps,2.864787951162297
1098,paceSecPerKm,349.0659752301323
1098,cadenceSpm,174.16822697368877
1098,distanceM,3080.767384219278
1098,motionIntensityG,0.8660000000000001
1098,activeEnergyKcal,60.98776290631048
1098,heartRateBpm,161.56768802933146
1099,speedMps,3.028846602818932
1099,paceSecPerKm,330.15868121855533
1099,cadenceSpm,174.25322241374886
1099,distanceM,3083.796230822097
1099,motionIntensityG,0.8660000000000001
1099,activeEnergyKcal,61.045793499044706
1099,heartRateBpm,162.19395471647653
1100,speedMps,2.880884360651355
1100,paceSecPerKm,347.11563353896804
1100,cadenceSpm,172.78526387695894
1100,distanceM,3086.6771151827484
1100,motionIntensityG,0.8660000000000001
1100,activeEnergyKcal,61.10382409177893
1100,heartRateBpm,161.2466654807805
1101,speedMps,2.8779262209519816
1101,paceSecPerKm,347.47242396965015
1101,cadenceSpm,173.03544682288353
1101,distanceM,3089.5550414037
1101,motionIntensityG,0.8660000000000001
1101,activeEnergyKcal,61.16185468451316
1101,heartRateBpm,161.6529906284939
1102,speedMps,2.911761538234198
1102,paceSecPerKm,343.4347170498164
1102,cadenceSpm,175.34768472591705
1102,distanceM,3092.4668029419345
1102,motionIntensityG,0.8660000000000001
1102,activeEnergyKcal,61.219885277247386
1102,heartRateBpm,161.3897239700557
1103,speedMps,2.8366861629922364
1103,paceSecPerKm,352.52401659588764
1103,cadenceSpm,170.81852801590642
1103,distanceM,3095.3034891049265
1103,motionIntensityG,0.8660000000000001
1103,activeEnergyKcal,61.27791586998161
1103,heartRateBpm,161.28357151223432
1104,speedMps,3.0174237678494933
1104,paceSecPerKm,331.4085381890845
1104,cadenceSpm,173.27739484137234
1104,distanceM,3098.320912872776
1104,motionIntensityG,0.8660000000000001
1104,activeEnergyKcal,61.33594646271584
1104,heartRateBpm,160.61656164459322
1105,speedMps,2.8939020898893495
1105,paceSecPerKm,345.5541925532925
1105,cadenceSpm,170.72806935675203
1105,distanceM,3101.214814962665
1105,motionIntensityG,0.8660000000000001
1105,activeEnergyKcal,61.393977055450065
1105,heartRateBpm,159.22006169657865
1106,speedMps,2.8033329454289264
1106,paceSecPerKm,356.71824198784
1106,cadenceSpm,172.04799968456135
1106,distanceM,3104.018147908094
1106,motionIntensityG,0.8660000000000001
1106,activeEnergyKcal,61.45200764818429
1106,heartRateBpm,160.79399648783786
1107,speedMps,2.8179675110942184
1107,paceSecPerKm,354.8656952441937
1107,cadenceSpm,171.23324603012333
1107,distanceM,3106.836115419188
1107,motionIntensityG,0.8660000000000001
1107,activeEnergyKcal,61.51003824091852
1107,heartRateBpm,161.4539152310571
1108,speedMps,2.932021530887543
1108,paceSecPerKm,341.06161549819626
1108,cadenceSpm,173.34900874076726
1108,distanceM,3109.7681369500756
1108,motionIntensityG,0.8660000000000001
1108,activeEnergyKcal,61.568068833652745
1108,heartRateBpm,161.33642415771956
1109,speedMps,2.92295776350686
1109,paceSecPerKm,342.1192096871888
1109,cadenceSpm,172.36464939799535
1109,distanceM,3112.6910947135825
1109,motionIntensityG,0.8660000000000001
1109,activeEnergyKcal,61.62609942638697
1109,heartRateBpm,160.88070202127741
1110,speedMps,2.8116195731790103
1110,paceSecPerKm,355.6668937502563
1110,cadenceSpm,174.42484142911457
1110,distanceM,3115.5027142867616
1110,motionIntensityG,0.8660000000000001
1110,activeEnergyKcal,61.6841300191212
1110,heartRateBpm,159.47014849510222
1111,speedMps,2.9761970843164343
1111,paceSecPerKm,335.9992539706683
1111,cadenceSpm,171.786219235251
1111,distanceM,3118.478911371078
1111,motionIntensityG,0.8660000000000001
1111,activeEnergyKcal,61.742160611855425
1111,heartRateBpm,158.78589049751716
1112,speedMps,2.809710284535812
1112,paceSecPerKm,355.9085808611077
1112,cadenceSpm,172.51369415026292
1112,distanceM,3121.288621655614
1112,motionIntensityG,0.8660000000000001
1112,activeEnergyKcal,61.80019120458965
1112,heartRateBpm,160.56566167856622
1113,speedMps,2.810653184567714
1113,paceSecPerKm,355.7891829168538
1113,cadenceSpm,171.31559432461026
1113,distanceM,3124.099274840182
1113,motionIntensityG,0.8660000000000001
1113,activeEnergyKcal,61.85822179732388
1113,heartRateBpm,159.6202320789257
1114,speedMps,2.99090139029408
1114,paceSecPerKm,334.3473653946428
1114,cadenceSpm,173.7335032065401
1114,distanceM,3127.0901762304757
1114,motionIntensityG,0.8660000000000001
1114,activeEnergyKcal,61.916252390058105
1114,heartRateBpm,159.42848710216202
1115,speedMps,2.8838001886971494
1115,paceSecPerKm,346.76466279440206
1115,cadenceSpm,175.0043248418055
1115,distanceM,3129.9739764191727
1115,motionIntensityG,0.8660000000000001
1115,activeEnergyKcal,61.97428298279233
1115,heartRateBpm,159.70481391827
1116,speedMps,2.8842062257044674
1116,paceSecPerKm,346.7158454509438
1116,cadenceSpm,174.51295748899767
1116,distanceM,3132.858182644877
1116,motionIntensityG,0.8660000000000001
1116,activeEnergyKcal,62.03231357552656
1116,heartRateBpm,160.9908662108461
1117,speedMps,3.0370272361143824
1117,paceSecPerKm,329.26935527895193
1117,cadenceSpm,170.22275642016817
1117,distanceM,3135.8952098809914
1117,motionIntensityG,0.8660000000000001
1117,activeEnergyKcal,62.090344168260785
1117,heartRateBpm,162.21011891089196
1118,speedMps,2.7852369817624325
1118,paceSecPerKm,359.03587613834696
1118,cadenceSpm,174.13720180120586
1118,distanceM,3138.680446862754
1118,motionIntensityG,0.8660000000000001
1118,activeEnergyKcal,62.14837476099501
1118,heartRateBpm,160.42955543264688
1119,speedMps,2.976933504567458
1119,paceSecPerKm,335.91613600563034
1119,cadenceSpm,171.83741635307462
1119,distanceM,3141.6573803673214
1119,motionIntensityG,0.8660000000000001
1119,activeEnergyKcal,62.20640535372924
1119,heartRateBpm,159.0945155604472
1120,speedMps,2.8706462048110786
1120,paceSecPerKm,348.35362098054554
1120,cadenceSpm,175.64453089405345
1120,distanceM,3144.5280265721326
1120,motionIntensityG,0.8660000000000001
1120,activeEnergyKcal,62.264435946463465
1120,heartRateBpm,158.50017839005167
1121,speedMps,2.858341509662935
1121,paceSecPerKm,349.85322664187987
1121,cadenceSpm,174.1151055699248
1121,distanceM,3147.3863680817954
1121,motionIntensityG,0.8660000000000001
1121,activeEnergyKcal,62.32246653919769
1121,heartRateBpm,158.7524257164261
1122,speedMps,2.912442325268525
1122,paceSecPerKm,343.354438755384
1122,cadenceSpm,172.09316677170762
1122,distanceM,3150.2988104070637
1122,motionIntensityG,0.8660000000000001
1122,activeEnergyKcal,62.38049713193192
1122,heartRateBpm,158.25002528736104
1123,speedMps,2.84075390445795
1123,paceSecPerKm,352.0192292724533
1123,cadenceSpm,173.22117260653843
1123,distanceM,3153.1395643115216
1123,motionIntensityG,0.8660000000000001
1123,activeEnergyKcal,62.438527724666145
1123,heartRateBpm,159.48424467998365
1124,speedMps,2.886227669574097
1124,paceSecPerKm,346.4730140805434
1124,cadenceSpm,172.3263415839061
1124,distanceM,3156.0257919810956
1124,motionIntensityG,0.8660000000000001
1124,activeEnergyKcal,62.49655831740037
1124,heartRateBpm,160.37360349634037
1125,speedMps,2.923769993319234
1125,paceSecPerKm,342.02416820919
1125,cadenceSpm,175.09834183517006
1125,distanceM,3158.949561974415
1125,motionIntensityG,0.8660000000000001
1125,activeEnergyKcal,62.5545889101346
1125,heartRateBpm,159.83603235434907
1126,speedMps,2.7968748524077793
1126,paceSecPerKm,357.54191830897184
1126,cadenceSpm,171.69509318083217
1126,distanceM,3161.7464368268224
1126,motionIntensityG,0.8660000000000001
1126,activeEnergyKcal,62.612619502868824
1126,heartRateBpm,158.8568658781493
1127,speedMps,2.838467005424625
1127,paceSecPerKm,352.3028444892575
1127,cadenceSpm,172.29052763733304
1127,distanceM,3164.584903832247
1127,motionIntensityG,0.8660000000000001
1127,activeEnergyKcal,62.67065009560305
1127,heartRateBpm,157.68832733627934
1128,speedMps,2.8918766935744142
1128,paceSecPerKm,345.7962098529108
1128,cadenceSpm,172.69518675924556
1128,distanceM,3167.4767805258216
1128,motionIntensityG,0.8660000000000001
1128,activeEnergyKcal,62.72868068833728
1128,heartRateBpm,156.74353937980987
1129,speedMps,2.9258038931427213
1129,paceSecPerKm,341.78640692348677
1129,cadenceSpm,173.28321832248133
1129,distanceM,3170.402584418964
1129,motionIntensityG,0.8660000000000001
1129,activeEnergyKcal,62.786711281071504
1129,heartRateBpm,157.20303749868052
1130,speedMps,2.860235547325797
1130,paceSecPerKm,349.6215550970825
1130,cadenceSpm,173.34323168593414
1130,distanceM,3173.26281996629
1130,motionIntensityG,0.8660000000000001
1130,activeEnergyKcal,62.84474187380573
1130,heartRateBpm,158.25974534310384
1131,speedMps,2.981755785615397
1131,paceSecPerKm,335.3728715222775
1131,cadenceSpm,173.81618230650471
1131,distanceM,3176.2445757519054
1131,motionIntensityG,0.8660000000000001
1131,activeEnergyKcal,62.90277246653996
1131,heartRateBpm,157.42030471316795
1132,speedMps,2.8750382087073456
1132,paceSecPerKm,347.82146441442006
1132,cadenceSpm,176.3734651770548
1132,distanceM,3179.1196139606127
1132,motionIntensityG,0.8660000000000001
1132,activeEnergyKcal,62.960803059274184
1132,heartRateBpm,156.0058848799937
1133,speedMps,2.887589892175845
1133,paceSecPerKm,346.3095651877643
1133,cadenceSpm,172.8165771157496
1133,distanceM,3182.0072038527887
1133,motionIntensityG,0.8660000000000001
1133,activeEnergyKcal,63.01883365200841
1133,heartRateBpm,154.1837744979518
1134,speedMps,2.9089181982949497
1134,paceSecPerKm,343.77040942098193
1134,cadenceSpm,172.3197304818405
1134,distanceM,3184.9161220510837
1134,motionIntensityG,0.8660000000000001
1134,activeEnergyKcal,63.07686424474264
1134,heartRateBpm,155.751688072525
1135,speedMps,2.8895375272655106
1135,paceSecPerKm,346.0761421383378
1135,cadenceSpm,177.72611105459941
1135,distanceM,3187.805659578349
1135,motionIntensityG,0.8660000000000001
1135,activeEnergyKcal,63.134894837476864
1135,heartRateBpm,156.43916777323687
1136,speedMps,2.9219349049765047
1136,paceSecPerKm,342.23897263996065
1136,cadenceSpm,174.0150900114329
1136,distanceM,3190.7275944833254
1136,motionIntensityG,0.8660000000000001
1136,activeEnergyKcal,63.19292543021109
1136,heartRateBpm,157.50723221253122
1137,speedMps,2.98463548898417
1137,paceSecPerKm,335.04928949978853
1137,cadenceSpm,175.87789518705938
1137,distanceM,3193.7122299723096
1137,motionIntensityG,0.8660000000000001
1137,activeEnergyKcal,63.25095602294532
1137,heartRateBpm,156.78697425494406
1138,speedMps,2.798989226782626
1138,paceSecPerKm,357.2718288556891
1138,cadenceSpm,172.90867956267974
1138,distanceM,3196.5112191990925
1138,motionIntensityG,0.8660000000000001
1138,activeEnergyKcal,63.308986615679544
1138,heartRateBpm,155.21555967998813
1139,speedMps,2.767552811714761
1139,paceSecPerKm,361.33005150510763
1139,cadenceSpm,173.75817161114307
1139,distanceM,3199.278772010807
1139,motionIntensityG,0.8660000000000001
1139,activeEnergyKcal,63.36701720841377
1139,heartRateBpm,155.85720962862536
1140,speedMps,2.969540624197994
1140,paceSecPerKm,336.75242286677843
1140,cadenceSpm,174.61221853415995
1140,distanceM,3202.2483126350053
1140,motionIntensityG,0.8660000000000001
1140,activeEnergyKcal,63.425047801148
1140,heartRateBpm,155.29397126852282
1141,speedMps,2.9064904541204735
1141,paceSecPerKm,344.05755524925945
1141,cadenceSpm,175.4448162996697
1141,distanceM,3205.154803089126
1141,motionIntensityG,0.8660000000000001
1141,activeEnergyKcal,63.483078393882224
1141,heartRateBpm,155.16925329021248
1142,speedMps,2.866909979345031
1142,paceSecPerKm,348.8076037282685
1142,cadenceSpm,173.84242654179792
1142,distanceM,3208.021713068471
1142,motionIntensityG,0.8660000000000001
1142,activeEnergyKcal,63.54110898661645
1142,heartRateBpm,154.77791194571972
1143,speedMps,2.892108563143381
1143,paceSecPerKm,345.76848626772085
1143,cadenceSpm,172.91009928280707
1143,distanceM,3210.913821631614
1143,motionIntensityG,0.8660000000000001
1143,activeEnergyKcal,63.59913957935068
1143,heartRateBpm,156.47191400023874
1144,speedMps,2.822097927430758
1144,paceSecPerKm,354.3463145910041
1144,cadenceSpm,173.92484759219064
1144,distanceM,3213.7359195590448
1144,motionIntensityG,0.8660000000000001
1144,activeEnergyKcal,63.6571701720849
1144,heartRateBpm,157.652265439032
1145,speedMps,2.8998559949323575
1145,paceSecPerKm,344.84471013303755
1145,cadenceSpm,175.0351758812629
1145,distanceM,3216.635775553977
1145,motionIntensityG,0.8660000000000001
1145,activeEnergyKcal,63.71520076481913
1145,heartRateBpm,157.76826771790272
1146,speedMps,2.930436586451813
1146,paceSecPerKm,341.24608074553316
1146,cadenceSpm,175.52310890467558
1146,distanceM,3219.566212140429
1146,motionIntensityG,0.8660000000000001
1146,activeEnergyKcal,63.77323135755336
1146,heartRateBpm,157.2692710841986
1147,speedMps,2.870155533603886
1147,paceSecPerKm,348.4131742311395
1147,cadenceSpm,173.53801357586318
1147,distanceM,3222.4363676740327
1147,motionIntensityG,0.8660000000000001
1147,activeEnergyKcal,63.83126195028758
1147,heartRateBpm,156.59659075884122
1148,speedMps,2.9219665734258853
1148,paceSecPerKm,342.23526343340103
1148,cadenceSpm,173.24695250263156
1148,distanceM,3225.3583342474585
1148,motionIntensityG,0.8660000000000001
1148,activeEnergyKcal,63.88929254302181
1148,heartRateBpm,158.4008470860404
1149,speedMps,2.917525326151172
1149,paceSecPerKm,342.75623626520826
1149,cadenceSpm,170.86491498406681
1149,distanceM,3228.2758595736095
1149,motionIntensityG,0.8660000000000001
1149,activeEnergyKcal,63.94732313575604
1149,heartRateBpm,155.34511697447968
1150,speedMps,2.9214354947410093
1150,paceSecPerKm,342.29747731898897
1150,cadenceSpm,171.93901023395856
1150,distanceM,3231.1972950683507
1150,motionIntensityG,0.8660000000000001
1150,activeEnergyKcal,64.00535372849026
1150,heartRateBpm,154.33476919359305
1151,speedMps,2.8362624185448464
1151,paceSecPerKm,352.5766845343786
1151,cadenceSpm,175.89832600004368
1151,distanceM,3234.0335574868955
1151,motionIntensityG,0.8660000000000001
1151,activeEnergyKcal,64.06338432122449
1151,heartRateBpm,155.04506080374438
1152,speedMps,2.9369648771094017
1152,paceSecPerKm,340.48755836134234
1152,cadenceSpm,176.9304173352766
1152,distanceM,3236.970522364005
1152,motionIntensityG,0.8660000000000001
1152,activeEnergyKcal,64.12141491395872
1152,heartRateBpm,155.73539174485035
1153,speedMps,2.9531073295040238
1153,paceSecPerKm,338.62636484937735
1153,cadenceSpm,175.4399441945872
1153,distanceM,3239.9236296935087
1153,motionIntensityG,0.8660000000000001
1153,activeEnergyKcal,64.17944550669294
1153,heartRateBpm,157.5358160411135
1154,speedMps,2.8055281091900146
1154,paceSecPerKm,356.4391305595261
1154,cadenceSpm,172.03939219766863
1154,distanceM,3242.729157802699
1154,motionIntensityG,0.8660000000000001
1154,activeEnergyKcal,64.23747609942717
1154,heartRateBpm,157.16987894624754
1155,speedMps,2.8791186258434744
1155,paceSecPerKm,347.32851610344375
1155,cadenceSpm,170.73835760226066
1155,distanceM,3245.6082764285425
1155,motionIntensityG,0.8660000000000001
1155,activeEnergyKcal,64.2955066921614
1155,heartRateBpm,157.6724720912965
1156,speedMps,2.9196326137140085
1156,paceSecPerKm,342.5088469360257
1156,cadenceSpm,176.15530556154462
1156,distanceM,3248.5279090422564
1156,motionIntensityG,0.8660000000000001
1156,activeEnergyKcal,64.35353728489562
1156,heartRateBpm,157.88975977516344
1157,speedMps,2.736537796193987
1157,paceSecPerKm,365.42524696381435
1157,cadenceSpm,173.63482078941468
1157,distanceM,3251.2644468384506
1157,motionIntensityG,0.8660000000000001
1157,activeEnergyKcal,64.41156787762985
1157,heartRateBpm,159.49713154132078
1158,speedMps,2.9508897928110507
1158,paceSecPerKm,338.8808360231538
1158,cadenceSpm,175.68098554329413
1158,distanceM,3254.215336631262
1158,motionIntensityG,0.8660000000000001
1158,activeEnergyKcal,64.46959847036408
1158,heartRateBpm,158.32339437301056
1159,speedMps,2.949803868949813
1159,paceSecPerKm,339.00558966858335
1159,cadenceSpm,170.68019777028047
1159,distanceM,3257.1651405002117
1159,motionIntensityG,0.8660000000000001
1159,activeEnergyKcal,64.5276290630983
1159,heartRateBpm,160.0920634662452
1160,speedMps,2.693117301040775
1160,paceSecPerKm,371.31691204595603
1160,cadenceSpm,172.2704411769889
1160,distanceM,3259.8582578012524
1160,motionIntensityG,0.8660000000000001
1160,activeEnergyKcal,64.58565965583253
1160,heartRateBpm,157.43810386257772
1161,speedMps,2.7782874457763
1161,paceSecPerKm,359.9339591445993
1161,cadenceSpm,174.2654405839993
1161,distanceM,3262.6365452470286
1161,motionIntensityG,0.8660000000000001
1161,activeEnergyKcal,64.64369024856676
1161,heartRateBpm,156.38402394724022
1162,speedMps,2.7709959914064557
1162,paceSecPerKm,360.8810705974485
1162,cadenceSpm,173.94045329894877
1162,distanceM,3265.407541238435
1162,motionIntensityG,0.8660000000000001
1162,activeEnergyKcal,64.70172084130098
1162,heartRateBpm,157.90372396560102
1163,speedMps,2.977929868220772
1163,paceSecPerKm,335.80374429619167
1163,cadenceSpm,174.7069971542121
1163,distanceM,3268.3854711066556
1163,motionIntensityG,0.8660000000000001
1163,activeEnergyKcal,64.75975143403521
1163,heartRateBpm,159.58303171215994
1164,speedMps,2.7295655474311014
1164,paceSecPerKm,366.3586686684034
1164,cadenceSpm,173.11979425178905
1164,distanceM,3271.115036654087
1164,motionIntensityG,0.8660000000000001
1164,activeEnergyKcal,64.81778202676944
1164,heartRateBpm,157.57539785187544
1165,speedMps,2.8546724416272977
1165,paceSecPerKm,350.30288779120065
1165,cadenceSpm,173.8137335350367
1165,distanceM,3273.9697090957143
1165,motionIntensityG,0.8660000000000001
1165,activeEnergyKcal,64.87581261950366
1165,heartRateBpm,157.00957587131967
1166,speedMps,2.8932087827106416
1166,paceSecPerKm,345.6369986071665
1166,cadenceSpm,171.58614960597052
1166,distanceM,3276.862917878425
1166,motionIntensityG,0.8660000000000001
1166,activeEnergyKcal,64.93384321223789
1166,heartRateBpm,156.37299767930756
1167,speedMps,2.800771000462962
1167,paceSecPerKm,357.0445423187765
1167,cadenceSpm,174.47160064546986
1167,distanceM,3279.663688878888
1167,motionIntensityG,0.8660000000000001
1167,activeEnergyKcal,64.99187380497212
1167,heartRateBpm,156.73664933705695
1168,speedMps,2.8843545120356553
1168,paceSecPerKm,346.6980205890996
1168,cadenceSpm,175.43908916424223
1168,distanceM,3282.548043390924
1168,motionIntensityG,0.8660000000000001
1168,activeEnergyKcal,65.04990439770634
1168,heartRateBpm,157.39866104549986
1169,speedMps,2.93154019894586
1169,paceSecPerKm,341.1176146789956
1169,cadenceSpm,174.4832566186818
1169,distanceM,3285.4795835898694
1169,motionIntensityG,0.8660000000000001
1169,activeEnergyKcal,65.10793499044057
1169,heartRateBpm,157.3825804739242
1170,speedMps,2.7297520688639807
1170,paceSecPerKm,366.3336357195846
1170,cadenceSpm,176.1981782199728
1170,distanceM,3288.2093356587334
1170,motionIntensityG,0.8660000000000001
1170,activeEnergyKcal,65.1659655831748
1170,heartRateBpm,158.3403956577003
1171,speedMps,2.8696813972092783
1171,paceSecPerKm,348.4707399826632
1171,cadenceSpm,176.60235296830726
1171,distanceM,3291.0790170559426
1171,motionIntensityG,0.8660000000000001
1171,activeEnergyKcal,65.22399617590902
1171,heartRateBpm,157.5664456582347
1172,speedMps,2.824013672133679
1172,paceSecPerKm,354.1059343542242
1172,cadenceSpm,174.76572103639708
1172,distanceM,3293.9030307280764
1172,motionIntensityG,0.8660000000000001
1172,activeEnergyKcal,65.28202676864325
1172,heartRateBpm,157.40098712790194
1173,speedMps,2.863254141441903
1173,paceSecPerKm,349.25296554235
1173,cadenceSpm,173.5857130560813
1173,distanceM,3296.766284869518
1173,motionIntensityG,0.8660000000000001
1173,activeEnergyKcal,65.34005736137748
1173,heartRateBpm,158.2352226575619
1174,speedMps,2.904015932139615
1174,paceSecPerKm,344.3507278774542
1174,cadenceSpm,173.62273445232765
1174,distanceM,3299.670300801658
1174,motionIntensityG,0.8660000000000001
1174,activeEnergyKcal,65.3980879541117
1174,heartRateBpm,157.911033153425
1175,speedMps,2.8991274718808677
1175,paceSecPerKm,344.9313663159591
1175,cadenceSpm,173.2637665108827
1175,distanceM,3302.569428273539
1175,motionIntensityG,0.8660000000000001
1175,activeEnergyKcal,65.45611854684593
1175,heartRateBpm,157.26021498017397
1176,speedMps,2.9263386930566857
1176,paceSecPerKm,341.7239441123807
1176,cadenceSpm,172.06603287218292
1176,distanceM,3305.4957669665955
1176,motionIntensityG,0.8660000000000001
1176,activeEnergyKcal,65.51414913958016
1176,heartRateBpm,159.59420453299214
1177,speedMps,2.9132279660557825
1177,paceSecPerKm,343.2618427571596
1177,cadenceSpm,173.80966130585014
1177,distanceM,3308.4089949326512
1177,motionIntensityG,0.8660000000000001
1177,activeEnergyKcal,65.57217973231438
1177,heartRateBpm,158.72615170769865
1178,speedMps,2.7760484413257216
1178,paceSecPerKm,360.2242616207529
1178,cadenceSpm,173.80954197437438
1178,distanceM,3311.185043373977
1178,motionIntensityG,0.8660000000000001
1178,activeEnergyKcal,65.63021032504861
1178,heartRateBpm,158.68783109369264
1179,speedMps,2.8229048175259193
1179,paceSecPerKm,354.2450293724146
1179,cadenceSpm,174.00770489646814
1179,distanceM,3314.0079481915027
1179,motionIntensityG,0.8660000000000001
1179,activeEnergyKcal,65.68824091778284
1179,heartRateBpm,158.16656218053063
1180,speedMps,2.908580609200908
1180,paceSecPerKm,343.810309687355
1180,cadenceSpm,171.47451833677857
1180,distanceM,3316.9165288007034
1180,motionIntensityG,0.8660000000000001
1180,activeEnergyKcal,65.74627151051706
1180,heartRateBpm,157.27747188001976
1181,speedMps,2.795372151624165
1181,paceSecPerKm,357.7341211684393
1181,cadenceSpm,174.5695923503725
1181,distanceM,3319.7119009523276
1181,motionIntensityG,0.8660000000000001
1181,activeEnergyKcal,65.80430210325129
1181,heartRateBpm,157.94883985482795
1182,speedMps,2.8852488143398527
1182,paceSecPerKm,346.5905592023615
1182,cadenceSpm,173.56139694272048
1182,distanceM,3322.5971497666674
1182,motionIntensityG,0.8660000000000001
1182,activeEnergyKcal,65.86233269598551
1182,heartRateBpm,158.08457338148636
1183,speedMps,2.8387982040298385
1183,paceSecPerKm,352.2617418104753
1183,cadenceSpm,174.2518251517514
1183,distanceM,3325.4359479706973
1183,motionIntensityG,0.8660000000000001
1183,activeEnergyKcal,65.92036328871974
1183,heartRateBpm,156.70680293225283
1184,speedMps,2.8482772429294663
1184,paceSecPerKm,351.0894181675571
1184,cadenceSpm,177.36331602978368
1184,distanceM,3328.2842252136265
1184,motionIntensityG,0.8660000000000001
1184,activeEnergyKcal,65.97839388145397
1184,heartRateBpm,155.66124058095616
1185,speedMps,2.8254985104122015
1185,paceSecPerKm,353.91984682169016
1185,cadenceSpm,171.76636615098604
1185,distanceM,3331.1097237240388
1185,motionIntensityG,0.8660000000000001
1185,activeEnergyKcal,66.0364244741882
1185,heartRateBpm,154.6661554983744
1186,speedMps,2.727280263051777
1186,paceSecPerKm,366.66565352583825
1186,cadenceSpm,173.39428478732145
1186,distanceM,3333.8370039870906
1186,motionIntensityG,0.8660000000000001
1186,activeEnergyKcal,66.09445506692242
1186,heartRateBpm,155.39213249815333
1187,speedMps,2.943202731823968
1187,paceSecPerKm,339.7659254618447
1187,cadenceSpm,173.3669083168509
1187,distanceM,3336.7802067189145
1187,motionIntensityG,0.8660000000000001
1187,activeEnergyKcal,66.15248565965665
1187,heartRateBpm,154.9029628257975
1188,speedMps,2.899712925969217
1188,paceSecPerKm,344.861724429412
1188,cadenceSpm,172.1695846368681
1188,distanceM,3339.6799196448837
1188,motionIntensityG,0.8660000000000001
1188,activeEnergyKcal,66.21051625239087
1188,heartRateBpm,155.82311849902604
1189,speedMps,2.9294599078714016
1189,paceSecPerKm,341.35985179828526
1189,cadenceSpm,174.88177866097556
1189,distanceM,3342.609379552755
1189,motionIntensityG,0.8660000000000001
1189,activeEnergyKcal,66.2685468451251
1189,heartRateBpm,156.77533829552803
1190,speedMps,2.8979264580514164
1190,paceSecPerKm,345.0743193367323
1190,cadenceSpm,172.13984025527566
1190,distanceM,3345.5073060108066
1190,motionIntensityG,0.8660000000000001
1190,activeEnergyKcal,66.32657743785933
1190,heartRateBpm,157.38078049912778
1191,speedMps,2.836588456806109
1191,paceSecPerKm,352.5361592728055
1191,cadenceSpm,172.0980069202842
1191,distanceM,3348.3438944676127
1191,motionIntensityG,0.8660000000000001
1191,activeEnergyKcal,66.38460803059355
1191,heartRateBpm,158.5264700685005
1192,speedMps,2.822030254219308
1192,paceSecPerKm,354.35481193189474
1192,cadenceSpm,173.87378363552222
1192,distanceM,3351.165924721832
1192,motionIntensityG,0.8660000000000001
1192,activeEnergyKcal,66.44263862332778
1192,heartRateBpm,158.904762779283
1193,speedMps,2.872515014835585
1193,paceSecPerKm,348.1269879653657
1193,cadenceSpm,173.8289796854937
1193,distanceM,3354.038439736668
1193,motionIntensityG,0.8660000000000001
1193,activeEnergyKcal,66.50066921606201
1193,heartRateBpm,161.51758566887784
1194,speedMps,2.8102439257801612
1194,paceSecPerKm,355.84099687089855
1194,cadenceSpm,169.96014749752558
1194,distanceM,3356.848683662448
1194,motionIntensityG,0.8660000000000001
1194,activeEnergyKcal,66.55869980879623
1194,heartRateBpm,161.3712333794335
1195,speedMps,2.990417864729679
1195,paceSecPerKm,334.4014265679876
1195,cadenceSpm,175.3022137100125
1195,distanceM,3359.8391015271777
1195,motionIntensityG,0.8660000000000001
1195,activeEnergyKcal,66.61673040153046
1195,heartRateBpm,162.15924692814474
1196,speedMps,2.9127724552830183
1196,paceSecPerKm,343.3155233894971
1196,cadenceSpm,171.54078466479575
1196,distanceM,3362.751873982461
1196,motionIntensityG,0.8660000000000001
1196,activeEnergyKcal,66.67476099426469
1196,heartRateBpm,162.39140940964225
1197,speedMps,2.813509635084708
1197,paceSecPerKm,355.4279635405949
1197,cadenceSpm,172.41532008122167
1197,distanceM,3365.5653836175456
1197,motionIntensityG,0.8660000000000001
1197,activeEnergyKcal,66.73279158699891
1197,heartRateBpm,162.8297213955417
1198,speedMps,2.7404224095458036
1198,paceSecPerKm,364.9072480638996
1198,cadenceSpm,173.58087900772495
1198,distanceM,3368.3058060270914
1198,motionIntensityG,0.8660000000000001
1198,activeEnergyKcal,66.79082217973314
1198,heartRateBpm,163.70883272901463
1199,speedMps,3.0167366898415677
1199,paceSecPerKm,331.48401826628026
1199,cadenceSpm,173.6397082816176
1199,distanceM,3371.322542716933
1199,motionIntensityG,0.8660000000000001
1199,activeEnergyKcal,66.84885277246737
1199,heartRateBpm,162.55419954797767
1200,speedMps,2.8721773458122577
1200,paceSecPerKm,348.1679156957482
1200,cadenceSpm,174.9895602170072
1200,distanceM,3374.1947200627455
1200,motionIntensityG,0.8660000000000001
1200,activeEnergyKcal,66.9068833652016
1200,heartRateBpm,162.74781717249425
1201,speedMps,2.904105104716133
1201,paceSecPerKm,344.34015434773556
1201,cadenceSpm,172.55073964992945
1201,distanceM,3377.0988251674617
1201,motionIntensityG,0.8660000000000001
1201,activeEnergyKcal,66.96491395793582
1201,heartRateBpm,160.54032991031684
1202,speedMps,2.9899909733620786
1202,paceSecPerKm,334.44917021791395
1202,cadenceSpm,172.96907147741834
1202,distanceM,3380.088816140824
1202,motionIntensityG,0.8660000000000001
1202,activeEnergyKcal,67.02294455067005
1202,heartRateBpm,159.9055568707558
1203,speedMps,2.8923307147948023
1203,paceSecPerKm,345.74192877903505
1203,cadenceSpm,173.33584431852475
1203,distanceM,3382.9811468556186
1203,motionIntensityG,0.8660000000000001
1203,activeEnergyKcal,67.08097514340427
1203,heartRateBpm,160.50749673652456
1204,speedMps,2.968059923660081
1204,paceSecPerKm,336.9204213258754
1204,cadenceSpm,174.63041251956787
1204,distanceM,3385.9492067792785
1204,motionIntensityG,0.8660000000000001
1204,activeEnergyKcal,67.1390057361385
1204,heartRateBpm,161.8753940584166
1205,speedMps,2.834546306890828
1205,paceSecPerKm,352.79014407666716
1205,cadenceSpm,174.8876382119289
1205,distanceM,3388.7837530861693
1205,motionIntensityG,0.8660000000000001
1205,activeEnergyKcal,67.19703632887273
1205,heartRateBpm,163.23226766601778
1206,speedMps,2.7656151520127086
1206,paceSecPerKm,361.5832084490275
1206,cadenceSpm,174.9778792795757
1206,distanceM,3391.549368238182
1206,motionIntensityG,0.8660000000000001
1206,activeEnergyKcal,67.25506692160695
1206,heartRateBpm,164.31173027079018
1207,speedMps,2.8113179155213612
1207,paceSecPerKm,355.70505721852845
1207,cadenceSpm,174.20107977067798
1207,distanceM,3394.360686153703
1207,motionIntensityG,0.8660000000000001
1207,activeEnergyKcal,67.31309751434118
1207,heartRateBpm,164.8674289205922
1208,speedMps,2.7291154416149572
1208,paceSecPerKm,366.41909123794665
1208,cadenceSpm,173.4597898443403
1208,distanceM,3397.089801595318
1208,motionIntensityG,0.8660000000000001
1208,activeEnergyKcal,67.3711281070754
1208,heartRateBpm,164.86979675672202
1209,speedMps,2.8857257167614394
1209,paceSecPerKm,346.5332807590144
1209,cadenceSpm,174.36345231028994
1209,distanceM,3399.9755273120795
1209,motionIntensityG,0.8660000000000001
1209,activeEnergyKcal,67.42915869980963
1209,heartRateBpm,165.60481408365908
1210,speedMps,3.050511634702846
1210,paceSecPerKm,327.8138619843065
1210,cadenceSpm,173.2562541193019
1210,distanceM,3403.0260389467826
1210,motionIntensityG,0.8660000000000001
1210,activeEnergyKcal,67.48718929254386
1210,heartRateBpm,165.2706957578502
1211,speedMps,2.8659551398283534
1211,paceSecPerKm,348.9238146483659
1211,cadenceSpm,172.38807577012318
1211,distanceM,3405.891994086611
1211,motionIntensityG,0.8660000000000001
1211,activeEnergyKcal,67.54521988527809
1211,heartRateBpm,166.29413418915075
1212,speedMps,2.873168228446607
1212,paceSecPerKm,348.0478414383188
1212,cadenceSpm,175.36592725669882
1212,distanceM,3408.7651623150573
1212,motionIntensityG,0.8660000000000001
1212,activeEnergyKcal,67.60325047801231
1212,heartRateBpm,165.00214950786818
1213,speedMps,2.8673619208646692
1213,paceSecPerKm,348.75262614160835
1213,cadenceSpm,175.4877600944243
1213,distanceM,3411.632524235922
1213,motionIntensityG,0.8660000000000001
1213,activeEnergyKcal,67.66128107074654
1213,heartRateBpm,165.80692019771573
1214,speedMps,2.834476502970175
1214,paceSecPerKm,352.79883214841465
1214,cadenceSpm,176.77307501637807
1214,distanceM,3414.4670007388922
1214,motionIntensityG,0.8660000000000001
1214,activeEnergyKcal,67.71931166348077
1214,heartRateBpm,165.3390007076794
1215,speedMps,2.879350029192061
1215,paceSecPerKm,347.300602518478
1215,cadenceSpm,176.66720629478294
1215,distanceM,3417.3463507680844
1215,motionIntensityG,0.8660000000000001
1215,activeEnergyKcal,67.777342256215
1215,heartRateBpm,165.24466126302866
1216,speedMps,2.916719750662891
1216,paceSecPerKm,342.8509028927881
1216,cadenceSpm,176.57142807537468
1216,distanceM,3420.2630705187476
1216,motionIntensityG,0.8660000000000001
1216,activeEnergyKcal,67.83537284894922
1216,heartRateBpm,165.57526120927653
1217,speedMps,2.910802596477493
1217,paceSecPerKm,343.54785900292575
1217,cadenceSpm,176.01869837860485
1217,distanceM,3423.173873115225
1217,motionIntensityG,0.8660000000000001
1217,activeEnergyKcal,67.89340344168345
1217,heartRateBpm,165.4108205375324
1218,speedMps,2.894351224941638
1218,paceSecPerKm,345.50057069185306
1218,cadenceSpm,176.22339005370395
1218,distanceM,3426.0682243401666
1218,motionIntensityG,0.8660000000000001
1218,activeEnergyKcal,67.95143403441767
1218,heartRateBpm,166.33963061805346
1219,speedMps,2.9821674998779795
1219,paceSecPerKm,335.32657036900736
1219,cadenceSpm,173.17506441813705
1219,distanceM,3429.0503918400445
1219,motionIntensityG,0.8660000000000001
1219,activeEnergyKcal,68.0094646271519
1219,heartRateBpm,165.61750423122487
1220,speedMps,2.874052415485313
1220,paceSecPerKm,347.94076635903656
1220,cadenceSpm,175.6075892938527
1220,distanceM,3431.92444425553
1220,motionIntensityG,0.8660000000000001
1220,activeEnergyKcal,68.06749521988613
1220,heartRateBpm,165.1961720833101
1221,speedMps,2.8270378648409524
1221,paceSecPerKm,353.7271334200044
1221,cadenceSpm,173.13607249762526
1221,distanceM,3434.751482120371
1221,motionIntensityG,0.8660000000000001
1221,activeEnergyKcal,68.12552581262035
1221,heartRateBpm,165.2397923213688
1222,speedMps,2.8477150834677114
1222,paceSecPerKm,351.1587257466372
1222,cadenceSpm,171.65897268658358
1222,distanceM,3437.5991972038387
1222,motionIntensityG,0.8660000000000001
1222,activeEnergyKcal,68.18355640535458
1222,heartRateBpm,166.5190083558571
1223,speedMps,2.8355031979756475
1223,paceSecPerKm,352.67108875557983
1223,cadenceSpm,174.05771718023277
1223,distanceM,3440.4347004018146
1223,motionIntensityG,0.8660000000000001
1223,activeEnergyKcal,68.2415869980888
1223,heartRateBpm,164.92501097356688
1224,speedMps,2.9061499672978437
1224,paceSecPerKm,344.0978653038357
1224,cadenceSpm,172.94017215392944
1224,distanceM,3443.3408503691126
1224,motionIntensityG,0.8660000000000001
1224,activeEnergyKcal,68.29961759082303
1224,heartRateBpm,167.192189422963
1225,speedMps,2.9480916343445953
1225,paceSecPerKm,339.2024821583658
1225,cadenceSpm,175.0917611800513
1225,distanceM,3446.288942003457
1225,motionIntensityG,0.8660000000000001
1225,activeEnergyKcal,68.35764818355726
1225,heartRateBpm,164.8981856691904
1226,speedMps,2.8448200294598736
1226,paceSecPerKm,351.51608525122174
1226,cadenceSpm,174.0894576045705
1226,distanceM,3449.133762032917
1226,motionIntensityG,0.8660000000000001
1226,activeEnergyKcal,68.41567877629149
1226,heartRateBpm,165.57252605375018
1227,speedMps,2.8302885540812315
1227,paceSecPerKm,353.3208649549233
1227,cadenceSpm,172.43524651183338
1227,distanceM,3451.964050586998
1227,motionIntensityG,0.8660000000000001
1227,activeEnergyKcal,68.47370936902571
1227,heartRateBpm,165.20495343367378
1228,speedMps,2.887917210389138
1228,paceSecPerKm,346.27031426058545
1228,cadenceSpm,172.38723923312392
1228,distanceM,3454.8519677973873
1228,motionIntensityG,0.8660000000000001
1228,activeEnergyKcal,68.53173996175994
1228,heartRateBpm,166.45480026187641
1229,speedMps,2.8163111562928655
1229,paceSecPerKm,355.0744021183755
1229,cadenceSpm,175.18287073818928
1229,distanceM,3457.6682789536803
1229,motionIntensityG,0.8660000000000001
1229,activeEnergyKcal,68.58977055449417
1229,heartRateBpm,166.2976955736327
1230,speedMps,2.7560428292280053
1230,paceSecPerKm,362.83906381821714
1230,cadenceSpm,173.13323139286172
1230,distanceM,3460.4243217829085
1230,motionIntensityG,0.8660000000000001
1230,activeEnergyKcal,68.64780114722839
1230,heartRateBpm,165.02972179869755
1231,speedMps,2.9481063235760687
1231,paceSecPerKm,339.2007920484342
1231,cadenceSpm,173.34377093240568
1231,distanceM,3463.3724281064847
1231,motionIntensityG,0.8660000000000001
1231,activeEnergyKcal,68.70583173996262
1231,heartRateBpm,166.58191251301457
1232,speedMps,2.7067342516848907
1232,paceSecPerKm,369.4489030009204
1232,cadenceSpm,173.22555747151827
1232,distanceM,3466.0791623581695
1232,motionIntensityG,0.8660000000000001
1232,activeEnergyKcal,68.76386233269685
1232,heartRateBpm,166.7952062410586
1233,speedMps,2.9422711432954047
1233,paceSecPerKm,339.8735029158391
1233,cadenceSpm,174.28700111505563
1233,distanceM,3469.021433501465
1233,motionIntensityG,0.8660000000000001
1233,activeEnergyKcal,68.82189292543107
1233,heartRateBpm,166.65795443808608
1234,speedMps,2.8459395719697
1234,paceSecPerKm,351.3778050135798
1234,cadenceSpm,173.17007802294887
1234,distanceM,3471.8673730734345
1234,motionIntensityG,0.8660000000000001
1234,activeEnergyKcal,68.8799235181653
1234,heartRateBpm,167.77291063495954
1235,speedMps,2.908939320633976
1235,paceSecPerKm,343.76791324133205
1235,cadenceSpm,173.9720504905421
1235,distanceM,3474.7763123940686
1235,motionIntensityG,0.8660000000000001
1235,activeEnergyKcal,68.93795411089953
1235,heartRateBpm,165.99920084691846
1236,speedMps,2.7733370180364423
1236,paceSecPerKm,360.57644400824125
1236,cadenceSpm,173.1485658134308
1236,distanceM,3477.549649412105
1236,motionIntensityG,0.8660000000000001
1236,activeEnergyKcal,68.99598470363375
1236,heartRateBpm,166.3355013392608
1237,speedMps,2.908661442685792
1237,paceSecPerKm,343.8007549880479
1237,cadenceSpm,173.89489482343467
1237,distanceM,3480.4583108547904
1237,motionIntensityG,0.8660000000000001
1237,activeEnergyKcal,69.05401529636798
1237,heartRateBpm,167.0040012914108
1238,speedMps,2.8337144218040593
1238,paceSecPerKm,352.8937116265085
1238,cadenceSpm,170.83286718504104
1238,distanceM,3483.2920252765944
1238,motionIntensityG,0.8660000000000001
1238,activeEnergyKcal,69.1120458891022
1238,heartRateBpm,165.53071661533505
1239,speedMps,2.7720261043954904
1239,paceSecPerKm,360.7469635348456
1239,cadenceSpm,171.454867485962
1239,distanceM,3486.06405138099
1239,motionIntensityG,0.8660000000000001
1239,activeEnergyKcal,69.17007648183643
1239,heartRateBpm,163.22932872199863
1240,speedMps,2.755021438679052
1240,paceSecPerKm,362.97358196946345
1240,cadenceSpm,171.23773557060392
1240,distanceM,3488.819072819669
1240,motionIntensityG,0.8660000000000001
1240,activeEnergyKcal,69.22810707457066
1240,heartRateBpm,162.61747411803063
1241,speedMps,2.8784556311090492
1241,paceSecPerKm,347.40851628645976
1241,cadenceSpm,172.86430176104085
1241,distanceM,3491.697528450778
1241,motionIntensityG,0.8660000000000001
1241,activeEnergyKcal,69.28613766730489
1241,heartRateBpm,160.68341445563706
1242,speedMps,2.753265530682878
1242,paceSecPerKm,363.20507007254594
1242,cadenceSpm,171.29105349330877
1242,distanceM,3494.4507939814607
1242,motionIntensityG,0.8660000000000001
1242,activeEnergyKcal,69.34416826003911
1242,heartRateBpm,160.51365729571782
1243,speedMps,2.724723065336096
1243,paceSecPerKm,367.0097753133122
1243,cadenceSpm,173.63786494068705
1243,distanceM,3497.175517046797
1243,motionIntensityG,0.8660000000000001
1243,activeEnergyKcal,69.40219885277334
1243,heartRateBpm,160.2546948752752
1244,speedMps,2.8575699631920894
1244,paceSecPerKm,349.9476873290394
1244,cadenceSpm,176.74090335297873
1244,distanceM,3500.033087009989
1244,motionIntensityG,0.8660000000000001
1244,activeEnergyKcal,69.46022944550757
1244,heartRateBpm,158.0620197068946
1245,speedMps,2.8393858958692375
1245,paceSecPerKm,352.18883120283454
1245,cadenceSpm,173.92934080202664
1245,distanceM,3502.872472905858
1245,motionIntensityG,0.8660000000000001
1245,activeEnergyKcal,69.51826003824179
1245,heartRateBpm,157.69521549450337
1246,speedMps,2.88203103918912
1246,paceSecPerKm,346.97752605792795
1246,cadenceSpm,172.8387679701145
1246,distanceM,3505.7545039450474
1246,motionIntensityG,0.8660000000000001
1246,activeEnergyKcal,69.57629063097602
1246,heartRateBpm,158.9379363023839
1247,speedMps,2.982517998818453
1247,paceSecPerKm,335.28716352966103
1247,cadenceSpm,170.33710412951518
1247,distanceM,3508.737021943866
1247,motionIntensityG,0.8660000000000001
1247,activeEnergyKcal,69.63432122371024
1247,heartRateBpm,158.0580221090434
1248,speedMps,2.871247048899283
1248,paceSecPerKm,348.2807236609467
1248,cadenceSpm,175.06604467445578
1248,distanceM,3511.6082689927653
1248,motionIntensityG,0.8660000000000001
1248,activeEnergyKcal,69.69235181644447
1248,heartRateBpm,158.12452906164378
1249,speedMps,2.8950032298021515
1249,paceSecPerKm,345.4227579802532
1249,cadenceSpm,173.1827968305893
1249,distanceM,3514.5032722225674
1249,motionIntensityG,0.8660000000000001
1249,activeEnergyKcal,69.7503824091787
1249,heartRateBpm,157.0053323496455
1250,speedMps,2.9406623057385772
1250,paceSecPerKm,340.0594478490586
1250,cadenceSpm,175.58156009688088
1250,distanceM,3517.443934528306
1250,motionIntensityG,0.8660000000000001
1250,activeEnergyKcal,69.80841300191292
1250,heartRateBpm,157.8389193248428
1251,speedMps,2.941609336518169
1251,paceSecPerKm,339.9499680619209
1251,cadenceSpm,173.25708402777727
1251,distanceM,3520.385543864824
1251,motionIntensityG,0.8660000000000001
1251,activeEnergyKcal,69.86644359464715
1251,heartRateBpm,158.4651505041285
1252,speedMps,2.9914787226475656
1252,paceSecPerKm,334.2828389282222
1252,cadenceSpm,173.51333121717468
1252,distanceM,3523.3770225874714
1252,motionIntensityG,0.8660000000000001
1252,activeEnergyKcal,69.92447418738138
1252,heartRateBpm,157.57469902809794
1253,speedMps,3.0192924040017024
1253,paceSecPerKm,331.2034298747026
1253,cadenceSpm,173.66256929805604
1253,distanceM,3526.396314991473
1253,motionIntensityG,0.8660000000000001
1253,activeEnergyKcal,69.9825047801156
1253,heartRateBpm,159.2513004089073
1254,speedMps,2.9747361071804317
1254,paceSecPerKm,336.16427271857674
1254,cadenceSpm,174.30450728776717
1254,distanceM,3529.3710510986534
1254,motionIntensityG,0.8660000000000001
1254,activeEnergyKcal,70.04053537284983
1254,heartRateBpm,159.27080529229346
1255,speedMps,2.763056628748776
1255,paceSecPerKm,361.91802570939
1255,cadenceSpm,175.65271512885735
1255,distanceM,3532.1341077274024
1255,motionIntensityG,0.8660000000000001
1255,activeEnergyKcal,70.09856596558406
1255,heartRateBpm,160.2157072218813
1256,speedMps,2.883750188688695
1256,paceSecPerKm,346.7706751862311
1256,cadenceSpm,174.3450487537562
1256,distanceM,3535.017857916091
1256,motionIntensityG,0.8660000000000001
1256,activeEnergyKcal,70.15659655831828
1256,heartRateBpm,161.37286457434635
1257,speedMps,2.840517708742093
1257,paceSecPerKm,352.0485004977646
1257,cadenceSpm,175.48525853669648
1257,distanceM,3537.858375624833
1257,motionIntensityG,0.8660000000000001
1257,activeEnergyKcal,70.21462715105251
1257,heartRateBpm,160.8194588164005
1258,speedMps,2.8952483538825953
1258,paceSecPerKm,345.39351301555075
1258,cadenceSpm,168.80337897446145
1258,distanceM,3540.7536239787155
1258,motionIntensityG,0.8660000000000001
1258,activeEnergyKcal,70.27265774378674
1258,heartRateBpm,162.013910407645
1259,speedMps,2.904679899371214
1259,paceSecPerKm,344.27201435052217
1259,cadenceSpm,171.89343513723182
1259,distanceM,3543.658303878087
1259,motionIntensityG,0.8660000000000001
1259,activeEnergyKcal,70.33068833652096
1259,heartRateBpm,164.28713149302453
1260,speedMps,2.895849803128534
1260,paceSecPerKm,345.3217770202201
1260,cadenceSpm,172.31139457607011
1260,distanceM,3546.554153681215
1260,motionIntensityG,0.8660000000000001
1260,activeEnergyKcal,70.38871892925519
1260,heartRateBpm,165.50496856881398
1261,speedMps,2.802193752379259
1261,paceSecPerKm,356.86326084730223
1261,cadenceSpm,177.41024109402252
1261,distanceM,3549.3563474335947
1261,motionIntensityG,0.8660000000000001
1261,activeEnergyKcal,70.44674952198942
1261,heartRateBpm,165.15794821046265
1262,speedMps,2.923343675973027
1262,paceSecPerKm,342.0740463117641
1262,cadenceSpm,174.42433325149221
1262,distanceM,3552.279691109568
1262,motionIntensityG,0.8660000000000001
1262,activeEnergyKcal,70.50478011472364
1262,heartRateBpm,166.55918148185597
1263,speedMps,2.796294961771289
1263,paceSecPerKm,357.6160647110556
1263,cadenceSpm,173.68257621444593
1263,distanceM,3555.0759860713392
1263,motionIntensityG,0.8660000000000001
1263,activeEnergyKcal,70.56281070745787
1263,heartRateBpm,167.24396207886883
1264,speedMps,2.7500369961413544
1264,paceSecPerKm,363.6314716504269
1264,cadenceSpm,174.23880491039273
1264,distanceM,3557.8260230674805
1264,motionIntensityG,0.8660000000000001
1264,activeEnergyKcal,70.6208413001921
1264,heartRateBpm,166.63717601944055
1265,speedMps,2.9156226864636205
1265,paceSecPerKm,342.97990773727554
1265,cadenceSpm,171.50220315839152
1265,distanceM,3560.741645753944
1265,motionIntensityG,0.8660000000000001
1265,activeEnergyKcal,70.67887189292632
1265,heartRateBpm,166.72756387628093
1266,speedMps,2.7328758878685844
1266,paceSecPerKm,365.9148973574196
1266,cadenceSpm,175.5338440757547
1266,distanceM,3563.4745216418123
1266,motionIntensityG,0.8660000000000001
1266,activeEnergyKcal,70.73690248566055
1266,heartRateBpm,164.8540438275854
1267,speedMps,2.8456771689182694
1267,paceSecPerKm,351.4102059511308
1267,cadenceSpm,171.8606390674251
1267,distanceM,3566.3201988107307
1267,motionIntensityG,0.8660000000000001
1267,activeEnergyKcal,70.79493307839478
1267,heartRateBpm,164.9007919108194
1268,speedMps,2.829837286309029
1268,paceSecPerKm,353.37720823669866
1268,cadenceSpm,172.78091731608
1268,distanceM,3569.15003609704
1268,motionIntensityG,0.8660000000000001
1268,activeEnergyKcal,70.852963671129
1268,heartRateBpm,164.13845648873036
1269,speedMps,2.770679358627417
1269,paceSecPerKm,360.9223120265334
1269,cadenceSpm,173.6400851189388
1269,distanceM,3571.9207154556675
1269,motionIntensityG,0.8660000000000001
1269,activeEnergyKcal,70.91099426386323
1269,heartRateBpm,161.5205927337951
1270,speedMps,2.877505341955441
1270,paceSecPerKm,347.52324710557747
1270,cadenceSpm,174.72511611758708
1270,distanceM,3574.798220797623
1270,motionIntensityG,0.8660000000000001
1270,activeEnergyKcal,70.96902485659746
1270,heartRateBpm,158.90493269249188
1271,speedMps,2.9801145760477668
1271,paceSecPerKm,335.55756816779905
1271,cadenceSpm,172.51051001840864
1271,distanceM,3577.778335373671
1271,motionIntensityG,0.8660000000000001
1271,activeEnergyKcal,71.02705544933168
1271,heartRateBpm,157.76893821624193
1272,speedMps,2.8518794629190842
1272,paceSecPerKm,350.6459557643558
1272,cadenceSpm,176.18611436011724
1272,distanceM,3580.63021483659
1272,motionIntensityG,0.8660000000000001
1272,activeEnergyKcal,71.08508604206591
1272,heartRateBpm,158.29636140880615
1273,speedMps,3.0175963846449645
1273,paceSecPerKm,331.38958049144634
1273,cadenceSpm,175.90308111974505
1273,distanceM,3583.647811221235
1273,motionIntensityG,0.8660000000000001
1273,activeEnergyKcal,71.14311663480014
1273,heartRateBpm,159.61064621675172
1274,speedMps,2.9371583824261176
1274,paceSecPerKm,340.46512642399335
1274,cadenceSpm,177.28779860170846
1274,distanceM,3586.584969603661
1274,motionIntensityG,0.8660000000000001
1274,activeEnergyKcal,71.20114722753436
1274,heartRateBpm,158.81169433485016
1275,speedMps,2.8303542549103557
1275,paceSecPerKm,353.3126633406787
1275,cadenceSpm,171.53773959055945
1275,distanceM,3589.4153238585714
1275,motionIntensityG,0.8660000000000001
1275,activeEnergyKcal,71.25917782026859
1275,heartRateBpm,161.3391207636403
1276,speedMps,2.8986407997950567
1276,paceSecPerKm,344.98927913755415
1276,cadenceSpm,172.7782626379297
1276,distanceM,3592.3139646583663
1276,motionIntensityG,0.8660000000000001
1276,activeEnergyKcal,71.31720841300282
1276,heartRateBpm,146.69187129344522
1277,speedMps,2.8474171154803
1277,paceSecPerKm,351.195472754374
1277,cadenceSpm,173.7461109840013
1277,distanceM,3595.1613817738466
1277,motionIntensityG,0.8660000000000001
1277,activeEnergyKcal,71.37523900573704
1277,heartRateBpm,132.5902397217424
1278,speedMps,2.9156095145928327
1278,paceSecPerKm,342.9814572201555
1278,cadenceSpm,173.8160861199185
1278,distanceM,3598.0769912884393
1278,motionIntensityG,0.8660000000000001
1278,activeEnergyKcal,71.43326959847127
1278,heartRateBpm,117.81352587548443
1279,speedMps,2.8433810016379426
1279,paceSecPerKm,351.69398663912625
1279,cadenceSpm,173.06110244680235
1279,distanceM,3600.9203722900775
1279,motionIntensityG,0.8660000000000001
1279,activeEnergyKcal,71.4913001912055
1279,heartRateBpm,119.82075307957811
1280,speedMps,2.8660517116575512
1280,paceSecPerKm,348.91205763404054
1280,cadenceSpm,172.71605412292502
1280,distanceM,3603.786424001735
1280,motionIntensityG,0.8660000000000001
1280,activeEnergyKcal,71.54933078393972
1280,heartRateBpm,120.58625043611683
1281,speedMps,2.8407474386100695
1281,paceSecPerKm,352.02003050622596
1281,cadenceSpm,175.40800541605367
1281,distanceM,3606.627171440345
1281,motionIntensityG,0.8660000000000001
1281,activeEnergyKcal,71.60736137667395
1281,heartRateBpm,121.69785012367512
1282,speedMps,2.9551519058113036
1282,paceSecPerKm,338.3920799582251
1282,cadenceSpm,174.27380965145974
1282,distanceM,3609.5823233461565
1282,motionIntensityG,0.8660000000000001
1282,activeEnergyKcal,71.66539196940818
1282,heartRateBpm,120.1177119207686
1283,speedMps,2.985999455181113
1283,paceSecPerKm,334.89624328794326
1283,cadenceSpm,175.43904370316457
1283,distanceM,3612.5683228013377
1283,motionIntensityG,0.8660000000000001
1283,activeEnergyKcal,71.7234225621424
1283,heartRateBpm,122.70592425681559
1284,speedMps,2.9234380236840147
1284,paceSecPerKm,342.0630066033809
1284,cadenceSpm,176.2235969158401
1284,distanceM,3615.4917608250216
1284,motionIntensityG,0.8660000000000001
1284,activeEnergyKcal,71.78145315487663
1284,heartRateBpm,123.55404906711767
1285,speedMps,2.8166815100629625
1285,paceSecPerKm,355.0277148578458
1285,cadenceSpm,172.76359222158067
1285,distanceM,3618.3084423350847
1285,motionIntensityG,0.8660000000000001
1285,activeEnergyKcal,71.83948374761086
1285,heartRateBpm,125.43398529212052
1286,speedMps,2.9045393163446778
1286,paceSecPerKm,344.2886775099626
1286,cadenceSpm,177.34052570890844
1286,distanceM,3621.2129816514293
1286,motionIntensityG,0.8660000000000001
1286,activeEnergyKcal,71.89751434034508
1286,heartRateBpm,125.59281126681327
1287,speedMps,2.9870767030885794
1287,paceSecPerKm,334.7754675887698
1287,cadenceSpm,171.34830543537248
1287,distanceM,3624.2000583545178
1287,motionIntensityG,0.8660000000000001
1287,activeEnergyKcal,71.95554493307931
1287,heartRateBpm,126.35631343075627
1288,speedMps,2.9131932243601266
1288,paceSecPerKm,343.26593637455915
1288,cadenceSpm,173.6029223071804
1288,distanceM,3627.1132515788777
1288,motionIntensityG,0.8660000000000001
1288,activeEnergyKcal,72.01357552581354
1288,heartRateBpm,126.06988996108292
1289,speedMps,2.904363326800416
1289,paceSecPerKm,344.3095396407058
1289,cadenceSpm,173.96297651631158
1289,distanceM,3630.017614905678
1289,motionIntensityG,0.8660000000000001
1289,activeEnergyKcal,72.07160611854776
1289,heartRateBpm,130.70373261193632
1290,speedMps,2.857815660569623
1290,paceSecPerKm,349.9176009836404
1290,cadenceSpm,174.71187906787384
1290,distanceM,3632.8754305662474
1290,motionIntensityG,0.8660000000000001
1290,activeEnergyKcal,72.12963671128199
1290,heartRateBpm,131.09034283614724
1291,speedMps,2.852080106908286
1291,paceSecPerKm,350.62128780247366
1291,cadenceSpm,173.63609842405725
1291,distanceM,3635.727510673156
1291,motionIntensityG,0.8660000000000001
1291,activeEnergyKcal,72.18766730401622
1291,heartRateBpm,131.66738165669065
1292,speedMps,2.894880084468246
1292,paceSecPerKm,345.4374519225337
1292,cadenceSpm,175.1912851678083
1292,distanceM,3638.622390757624
1292,motionIntensityG,0.8660000000000001
1292,activeEnergyKcal,72.24569789675044
1292,heartRateBpm,132.20063764257768
1293,speedMps,2.85018991406486
1293,paceSecPerKm,350.85381330741865
1293,cadenceSpm,172.85316168353845
1293,distanceM,3641.472580671689
1293,motionIntensityG,0.8660000000000001
1293,activeEnergyKcal,72.30372848948467
1293,heartRateBpm,131.93747013257234
1294,speedMps,3.052848510791118
1294,paceSecPerKm,327.562929003922
1294,cadenceSpm,174.916951590873
1294,distanceM,3644.52542918248
1294,motionIntensityG,0.8660000000000001
1294,activeEnergyKcal,72.3617590822189
1294,heartRateBpm,133.20020935938828
1295,speedMps,2.7746180512150187
1295,paceSecPerKm,360.40996690052356
1295,cadenceSpm,173.4801103991355
1295,distanceM,3647.300047233695
1295,motionIntensityG,0.8660000000000001
1295,activeEnergyKcal,72.41978967495312
1295,heartRateBpm,133.41198741188973
1296,speedMps,2.798073400108871
1296,paceSecPerKm,357.38876612782593
1296,cadenceSpm,174.48654900340532
1296,distanceM,3650.098120633804
1296,motionIntensityG,0.8660000000000001
1296,activeEnergyKcal,72.47782026768735
1296,heartRateBpm,135.63454631105898
1297,speedMps,2.8106158461217046
1297,paceSecPerKm,355.793909502031
1297,cadenceSpm,174.6463718331089
1297,distanceM,3652.9087364799257
1297,motionIntensityG,0.8660000000000001
1297,activeEnergyKcal,72.53585086042158
1297,heartRateBpm,135.5982328421501
1298,speedMps,2.873284727483519
1298,paceSecPerKm,348.03372963173763
1298,cadenceSpm,174.76002655419063
1298,distanceM,3655.7820212074093
1298,motionIntensityG,0.8660000000000001
1298,activeEnergyKcal,72.5938814531558
1298,heartRateBpm,134.3761140330852
1299,speedMps,2.849137720913799
1299,paceSecPerKm,350.9833844322807
1299,cadenceSpm,175.79537016004198
1299,distanceM,3658.631158928323
1299,motionIntensityG,0.8660000000000001
1299,activeEnergyKcal,72.65191204589003
1299,heartRateBpm,133.76953635493
1300,speedMps,2.823592326936962
1300,paceSecPerKm,354.15877513904485
1300,cadenceSpm,172.93972344046668
1300,distanceM,3661.4547512552604
1300,motionIntensityG,0.8660000000000001
1300,activeEnergyKcal,72.70994263862426
1300,heartRateBpm,132.92436789392045
1301,speedMps,2.8547578123181485
1301,paceSecPerKm,350.29241208660363
1301,cadenceSpm,173.70350369719088
1301,distanceM,3664.3095090675783
1301,motionIntensityG,0.8660000000000001
1301,activeEnergyKcal,72.76797323135848
1301,heartRateBpm,132.573151078795
1302,speedMps,2.8860478381909243
1302,paceSecPerKm,346.49460302322467
1302,cadenceSpm,172.7969903327272
1302,distanceM,3667.195556905769
1302,motionIntensityG,0.8660000000000001
1302,activeEnergyKcal,72.82600382409271
1302,heartRateBpm,133.19816281841096
1303,speedMps,2.931054359056381
1303,paceSecPerKm,341.1741569753549
1303,cadenceSpm,171.97580753551784
1303,distanceM,3670.1266112648254
1303,motionIntensityG,0.8660000000000001
1303,activeEnergyKcal,72.88403441682694
1303,heartRateBpm,133.60167982692954
1304,speedMps,2.9264349178790567
1304,paceSecPerKm,341.7127078037851
1304,cadenceSpm,172.92824950681518
1304,distanceM,3673.0530461827043
1304,motionIntensityG,0.8660000000000001
1304,activeEnergyKcal,72.94206500956116
1304,heartRateBpm,131.97472777684015
1305,speedMps,2.8757889300516455
1305,paceSecPerKm,347.7306660270235
1305,cadenceSpm,174.57268694293063
1305,distanceM,3675.928835112756
1305,motionIntensityG,0.8660000000000001
1305,activeEnergyKcal,73.00009560229539
1305,heartRateBpm,133.58984394928422
1306,speedMps,2.784569875535901
1306,paceSecPerKm,359.121891242735
1306,cadenceSpm,172.10070903942238
1306,distanceM,3678.713404988292
1306,motionIntensityG,0.8660000000000001
1306,activeEnergyKcal,73.05812619502962
1306,heartRateBpm,133.16723174324616
1307,speedMps,2.909728088795307
1307,paceSecPerKm,343.67472474516427
1307,cadenceSpm,175.48115001646713
1307,distanceM,3681.6231330770875
1307,motionIntensityG,0.8660000000000001
1307,activeEnergyKcal,73.11615678776384
1307,heartRateBpm,135.312755659136
1308,speedMps,2.9008953650297613
1308,paceSecPerKm,344.7211547355279
1308,cadenceSpm,171.47989106227996
1308,distanceM,3684.524028442117
1308,motionIntensityG,0.8660000000000001
1308,activeEnergyKcal,73.17418738049807
1308,heartRateBpm,135.15058376316946
1309,speedMps,3.015014463111225
1309,paceSecPerKm,331.67336748630044
1309,cadenceSpm,173.80058726968866
1309,distanceM,3687.539042905228
1309,motionIntensityG,0.8660000000000001
1309,activeEnergyKcal,73.2322179732323
1309,heartRateBpm,135.5462448947567
1310,speedMps,2.7633164833750743
1310,paceSecPerKm,361.8839919409501
1310,cadenceSpm,173.529064405183
1310,distanceM,3690.3023593886032
1310,motionIntensityG,0.8660000000000001
1310,activeEnergyKcal,73.29024856596652
1310,heartRateBpm,135.51537073149538
1311,speedMps,2.909889032169451
1311,paceSecPerKm,343.655716401823
1311,cadenceSpm,173.4599390938064
1311,distanceM,3693.2122484207725
1311,motionIntensityG,0.8660000000000001
1311,activeEnergyKcal,73.34827915870075
1311,heartRateBpm,136.10948009847448
1312,speedMps,2.835236444835897
1312,paceSecPerKm,352.70426980486974
1312,cadenceSpm,174.5547085835689
1312,distanceM,3696.0474848656086
1312,motionIntensityG,0.8660000000000001
1312,activeEnergyKcal,73.40630975143497
1312,heartRateBpm,135.09069667027038
1313,speedMps,2.906710959142538
1313,paceSecPerKm,344.03145481482403
1313,cadenceSpm,172.56324660326456
1313,distanceM,3698.954195824751
1313,motionIntensityG,0.8660000000000001
1313,activeEnergyKcal,73.4643403441692
1313,heartRateBpm,135.4807331885803
1314,speedMps,2.957763190873771
1314,paceSecPerKm,338.093327784157
1314,cadenceSpm,174.33666276557014
1314,distanceM,3701.9119590156247
1314,motionIntensityG,0.8660000000000001
1314,activeEnergyKcal,73.52237093690343
1314,heartRateBpm,136.71446050837454
1315,speedMps,2.8944956142524494
1315,paceSecPerKm,345.48333570657917
1315,cadenceSpm,168.8921936619214
1315,distanceM,3704.806454629877
1315,motionIntensityG,0.8660000000000001
1315,activeEnergyKcal,73.58040152963765
1315,heartRateBpm,135.97000832619315
1316,speedMps,2.97628849082804
1316,paceSecPerKm,335.98893490388355
1316,cadenceSpm,171.3751200242227
1316,distanceM,3707.782743120705
1316,motionIntensityG,0.8660000000000001
1316,activeEnergyKcal,73.63843212237188
1316,heartRateBpm,136.2503067089003
1317,speedMps,2.974740080273248
1317,paceSecPerKm,336.1638237341878
1317,cadenceSpm,172.3285385165058
1317,distanceM,3710.757483200978
1317,motionIntensityG,0.8660000000000001
1317,activeEnergyKcal,73.69646271510611
1317,heartRateBpm,137.250051881799
1318,speedMps,2.931078319316146
1318,paceSecPerKm,341.1713680285798
1318,cadenceSpm,172.2717539283506
1318,distanceM,3713.688561520294
1318,motionIntensityG,0.8660000000000001
1318,activeEnergyKcal,73.75449330784033
1318,heartRateBpm,138.08767914988
1319,speedMps,2.7953852943246122
1319,paceSecPerKm,357.73243925632374
1319,cadenceSpm,174.32998208958378
1319,distanceM,3716.483946814619
1319,motionIntensityG,0.8660000000000001
1319,activeEnergyKcal,73.81252390057456
1319,heartRateBpm,139.6200481897761
1320,speedMps,2.9871663817106735
1320,paceSecPerKm,334.7654171935765
1320,cadenceSpm,172.8901258038582
1320,distanceM,3719.4711131963295
1320,motionIntensityG,0.8660000000000001
1320,activeEnergyKcal,73.87055449330879
1320,heartRateBpm,141.45734878568223
1321,speedMps,2.820558831349065
1321,paceSecPerKm,354.53967096360935
1321,cadenceSpm,174.59802396852896
1321,distanceM,3722.2916720276785
1321,motionIntensityG,0.8660000000000001
1321,activeEnergyKcal,73.92858508604301
1321,heartRateBpm,143.7544475633203
1322,speedMps,2.8233763556755647
1322,paceSecPerKm,354.18586614915694
1322,cadenceSpm,173.05717872470282
1322,distanceM,3725.115048383354
1322,motionIntensityG,0.8660000000000001
1322,activeEnergyKcal,73.98661567877724
1322,heartRateBpm,145.06706884851909
1323,speedMps,2.8230068274031317
1323,paceSecPerKm,354.23222866233533
1323,cadenceSpm,171.67159443147213
1323,distanceM,3727.9380552107573
1323,motionIntensityG,0.8660000000000001
1323,activeEnergyKcal,74.04464627151147
1323,heartRateBpm,148.17473117705012
1324,speedMps,2.793325902200971
1324,paceSecPerKm,357.99617911109505
1324,cadenceSpm,174.65074152532395
1324,distanceM,3730.7313811129584
1324,motionIntensityG,0.8660000000000001
1324,activeEnergyKcal,74.1026768642457
1324,heartRateBpm,149.8921849154274
1325,speedMps,2.9267665906025133
1325,paceSecPerKm,341.67398357316114
1325,cadenceSpm,174.35476843321328
1325,distanceM,3733.658147703561
1325,motionIntensityG,0.8660000000000001
1325,activeEnergyKcal,74.16070745697992
1325,heartRateBpm,149.52745074070316
1326,speedMps,2.9214194920672005
1326,paceSecPerKm,342.299352323551
1326,cadenceSpm,173.8357930487325
1326,distanceM,3736.5795671956284
1326,motionIntensityG,0.8660000000000001
1326,activeEnergyKcal,74.21873804971415
1326,heartRateBpm,148.1802215659848
1327,speedMps,2.881243297236064
1327,paceSecPerKm,347.07239092210153
1327,cadenceSpm,174.46487267108384
1327,distanceM,3739.4608104928643
1327,motionIntensityG,0.8660000000000001
1327,activeEnergyKcal,74.27676864244837
1327,heartRateBpm,147.45942395438442
1328,speedMps,2.8638677148214216
1328,paceSecPerKm,349.1781393479467
1328,cadenceSpm,171.51422489090663
1328,distanceM,3742.324678207686
1328,motionIntensityG,0.8660000000000001
1328,activeEnergyKcal,74.3347992351826
1328,heartRateBpm,147.39752891997378
1329,speedMps,3.0077115790353943
1329,paceSecPerKm,332.4786881063612
1329,cadenceSpm,175.82266791047095
1329,distanceM,3745.3323897867213
1329,motionIntensityG,0.8660000000000001
1329,activeEnergyKcal,74.39282982791683
1329,heartRateBpm,148.0162402029422
1330,speedMps,2.7529253872046335
1330,paceSecPerKm,363.24994663782616
1330,cadenceSpm,173.31511039281136
1330,distanceM,3748.0853151739257
1330,motionIntensityG,0.8660000000000001
1330,activeEnergyKcal,74.45086042065105
1330,heartRateBpm,149.1575728504049
1331,speedMps,2.8555326816570163
1331,paceSecPerKm,350.19735772021255
1331,cadenceSpm,174.23542285588857
1331,distanceM,3750.940847855583
1331,motionIntensityG,0.8660000000000001
1331,activeEnergyKcal,74.50889101338528
1331,heartRateBpm,149.0548100379119
1332,speedMps,2.981613673573688
1332,paceSecPerKm,335.38885633074824
1332,cadenceSpm,171.9074726512332
1332,distanceM,3753.9224615291564
1332,motionIntensityG,0.8660000000000001
1332,activeEnergyKcal,74.56692160611951
1332,heartRateBpm,148.4029482490087
1333,speedMps,2.875382837424236
1333,paceSecPerKm,347.7797763082563
1333,cadenceSpm,172.8126860193546
1333,distanceM,3756.7978443665806
1333,motionIntensityG,0.8660000000000001
1333,activeEnergyKcal,74.62495219885373
1333,heartRateBpm,150.35922582338088
1334,speedMps,2.899345584690053
1334,paceSecPerKm,344.90541771925484
1334,cadenceSpm,172.02507729625833
1334,distanceM,3759.6971899512705
1334,motionIntensityG,0.8660000000000001
1334,activeEnergyKcal,74.68298279158796
1334,heartRateBpm,150.18553713809067
1335,speedMps,2.911790989194186
1335,paceSecPerKm,343.43124342064874
1335,cadenceSpm,171.907089971848
1335,distanceM,3762.608980940465
1335,motionIntensityG,0.8660000000000001
1335,activeEnergyKcal,74.74101338432219
1335,heartRateBpm,151.36260422934748
1336,speedMps,2.888186132847741
1336,paceSecPerKm,346.23807261826425
1336,cadenceSpm,175.22381482955362
1336,distanceM,3765.4971670733125
1336,motionIntensityG,0.8660000000000001
1336,activeEnergyKcal,74.79904397705641
1336,heartRateBpm,152.53879014013094
1337,speedMps,2.9954709580441623
1337,paceSecPerKm,333.83732107786204
1337,cadenceSpm,171.7649501968465
1337,distanceM,3768.492638031357
1337,motionIntensityG,0.8660000000000001
1337,activeEnergyKcal,74.85707456979064
1337,heartRateBpm,153.14297790492142
1338,speedMps,2.973531858101803
1338,paceSecPerKm,336.3004157077922
1338,cadenceSpm,174.01615908281298
1338,distanceM,3771.466169889459
1338,motionIntensityG,0.8660000000000001
1338,activeEnergyKcal,74.91510516252487
1338,heartRateBpm,154.36165017398017
1339,speedMps,2.866046102781126
1339,paceSecPerKm,348.9127404578837
1339,cadenceSpm,170.66869032937043
1339,distanceM,3774.33221599224
1339,motionIntensityG,0.8660000000000001
1339,activeEnergyKcal,74.9731357552591
1339,heartRateBpm,154.7128189335937
1340,speedMps,2.8666603693079393
1340,paceSecPerKm,348.8379756132105
1340,cadenceSpm,173.68936930192592
1340,distanceM,3777.1988763615477
1340,motionIntensityG,0.8660000000000001
1340,activeEnergyKcal,75.03116634799332
1340,heartRateBpm,155.50956158900908
1341,speedMps,2.874569593108674
1341,paceSecPerKm,347.8781666644432
1341,cadenceSpm,171.40827491716468
1341,distanceM,3780.0734459546566
1341,motionIntensityG,0.8660000000000001
1341,activeEnergyKcal,75.08919694072755
1341,heartRateBpm,156.64143889792152
1342,speedMps,2.830403577066504
1342,paceSecPerKm,353.30650657120185
1342,cadenceSpm,173.7524475814425
1342,distanceM,3782.903849531723
1342,motionIntensityG,0.8660000000000001
1342,activeEnergyKcal,75.14722753346177
1342,heartRateBpm,155.44630385117398
1343,speedMps,2.8894403981397665
1343,paceSecPerKm,346.0877755581337
1343,cadenceSpm,175.26890216800015
1343,distanceM,3785.793289929863
1343,motionIntensityG,0.8660000000000001
1343,activeEnergyKcal,75.205258126196
1343,heartRateBpm,157.33913707564784
1344,speedMps,2.8208792294927227
1344,paceSecPerKm,354.4994020108509
1344,cadenceSpm,173.97696489861676
1344,distanceM,3788.6141691593557
1344,motionIntensityG,0.8660000000000001
1344,activeEnergyKcal,75.26328871893023
1344,heartRateBpm,157.03927669015982
1345,speedMps,2.8381061314133578
1345,paceSecPerKm,352.34764089037316
1345,cadenceSpm,173.75075330311583
1345,distanceM,3791.452275290769
1345,motionIntensityG,0.8660000000000001
1345,activeEnergyKcal,75.32131931166445
1345,heartRateBpm,157.65082757979795
1346,speedMps,2.850761530597106
1346,paceSecPerKm,350.78346233700756
1346,cadenceSpm,172.9972444929763
1346,distanceM,3794.3030368213663
1346,motionIntensityG,0.8660000000000001
1346,activeEnergyKcal,75.37934990439868
1346,heartRateBpm,157.19003299811388
1347,speedMps,2.8437313233576833
1347,paceSecPerKm,351.6506611529209
1347,cadenceSpm,176.10700093917703
1347,distanceM,3797.146768144724
1347,motionIntensityG,0.8660000000000001
1347,activeEnergyKcal,75.4373804971329
1347,heartRateBpm,157.4439080176096
1348,speedMps,2.884948694198231
1348,paceSecPerKm,346.62661488956377
1348,cadenceSpm,175.27754671188285
1348,distanceM,3800.031716838922
1348,motionIntensityG,0.8660000000000001
1348,activeEnergyKcal,75.49541108986713
1348,heartRateBpm,157.80480406314226
1349,speedMps,2.740928549072851
1349,paceSecPerKm,364.8398643365807
1349,cadenceSpm,175.1531439004561
1349,distanceM,3802.772645387995
1349,motionIntensityG,0.8660000000000001
1349,activeEnergyKcal,75.55344168260136
1349,heartRateBpm,156.15472429160127
1350,speedMps,2.9677359252424798
1350,paceSecPerKm,336.95720414150213
1350,cadenceSpm,174.88647178151774
1350,distanceM,3805.7403813132373
1350,motionIntensityG,0.8660000000000001
1350,activeEnergyKcal,75.61147227533559
1350,heartRateBpm,153.70109193370627
1351,speedMps,3.0023972946538424
1351,paceSecPerKm,333.0671799433838
1351,cadenceSpm,172.6803019289885
1351,distanceM,3808.742778607891
1351,motionIntensityG,0.8660000000000001
1351,activeEnergyKcal,75.66950286806981
1351,heartRateBpm,153.06233139420613
1352,speedMps,2.8773343286916924
1352,paceSecPerKm,347.5439020166608
1352,cadenceSpm,174.8140074850822
1352,distanceM,3811.6201129365827
1352,motionIntensityG,0.8660000000000001
1352,activeEnergyKcal,75.72753346080404
1352,heartRateBpm,153.16691001248046
1353,speedMps,2.931458741683166
1353,paceSecPerKm,341.1270934094151
1353,cadenceSpm,174.32236250111518
1353,distanceM,3814.5515716782656
1353,motionIntensityG,0.8660000000000001
1353,activeEnergyKcal,75.78556405353827
1353,heartRateBpm,154.09334047710936
1354,speedMps,2.7741012930496547
1354,paceSecPerKm,360.4771038842166
1354,cadenceSpm,174.34825780464018
1354,distanceM,3817.3256729713153
1354,motionIntensityG,0.8660000000000001
1354,activeEnergyKcal,75.84359464627249
1354,heartRateBpm,151.82366047481534
1355,speedMps,2.9316027642664935
1355,paceSecPerKm,341.11033465688746
1355,cadenceSpm,175.21565643157703
1355,distanceM,3820.257275735582
1355,motionIntensityG,0.8660000000000001
1355,activeEnergyKcal,75.90162523900672
1355,heartRateBpm,152.1935775755116
1356,speedMps,3.0053814786862354
1356,paceSecPerKm,332.73646194064435
1356,cadenceSpm,173.32370318438032
1356,distanceM,3823.262657214268
1356,motionIntensityG,0.8660000000000001
1356,activeEnergyKcal,75.95965583174095
1356,heartRateBpm,153.06286928290763
1357,speedMps,2.9141323918758184
1357,paceSecPerKm,343.15530851922034
1357,cadenceSpm,175.06384354374183
1357,distanceM,3826.1767896061438
1357,motionIntensityG,0.8660000000000001
1357,activeEnergyKcal,76.01768642447517
1357,heartRateBpm,153.62999369210814
1358,speedMps,2.848597103863668
1358,paceSecPerKm,351.0499953270539
1358,cadenceSpm,175.79949531979256
1358,distanceM,3829.0253867100073
1358,motionIntensityG,0.8660000000000001
1358,activeEnergyKcal,76.0757170172094
1358,heartRateBpm,153.98507256608391
1359,speedMps,2.855477360431015
1359,paceSecPerKm,350.20414234664315
1359,cadenceSpm,173.45118893512455
1359,distanceM,3831.8808640704383
1359,motionIntensityG,0.8660000000000001
1359,activeEnergyKcal,76.13374760994363
1359,heartRateBpm,152.42975100723143
1360,speedMps,2.9444734696376353
1360,paceSecPerKm,339.6192936739437
1360,cadenceSpm,174.6890339481758
1360,distanceM,3834.825337540076
1360,motionIntensityG,0.8660000000000001
1360,activeEnergyKcal,76.19177820267785
1360,heartRateBpm,153.87255928893893
1361,speedMps,2.8683858243545006
1361,paceSecPerKm,348.6281348587543
1361,cadenceSpm,173.87730602248385
1361,distanceM,3837.6937233644303
1361,motionIntensityG,0.8660000000000001
1361,activeEnergyKcal,76.24980879541208
1361,heartRateBpm,154.54986456081488
1362,speedMps,2.8791733807872584
1362,paceSecPerKm,347.32191075153935
1362,cadenceSpm,173.767021924558
1362,distanceM,3840.5728967452173
1362,motionIntensityG,0.8660000000000001
1362,activeEnergyKcal,76.3078393881463
1362,heartRateBpm,154.6840554755374
1363,speedMps,2.8982128469154618
1363,paceSecPerKm,345.04022058431275
1363,cadenceSpm,173.40893646210714
1363,distanceM,3843.471109592133
1363,motionIntensityG,0.8660000000000001
1363,activeEnergyKcal,76.36586998088053
1363,heartRateBpm,155.3700599954553
1364,speedMps,2.864110324126762
1364,paceSecPerKm,349.1485616235435
1364,cadenceSpm,173.64713321113086
1364,distanceM,3846.3352199162596
1364,motionIntensityG,0.8660000000000001
1364,activeEnergyKcal,76.42390057361476
1364,heartRateBpm,155.05418224696373
1365,speedMps,2.930847373541272
1365,paceSecPerKm,341.19825175055917
1365,cadenceSpm,171.4393417250585
1365,distanceM,3849.266067289801
1365,motionIntensityG,0.8660000000000001
1365,activeEnergyKcal,76.48193116634899
1365,heartRateBpm,152.84414638771688
1366,speedMps,2.868636310422464
1366,paceSecPerKm,348.59769304556073
1366,cadenceSpm,175.74638979979554
1366,distanceM,3852.1347036002235
1366,motionIntensityG,0.8660000000000001
1366,activeEnergyKcal,76.53996175908321
1366,heartRateBpm,153.13325732128285
1367,speedMps,2.9710498847812294
1367,paceSecPerKm,336.5813563489305
1367,cadenceSpm,172.11540440504055
1367,distanceM,3855.1057534850047
1367,motionIntensityG,0.8660000000000001
1367,activeEnergyKcal,76.59799235181744
1367,heartRateBpm,152.6309795311568
1368,speedMps,2.8964643031771224
1368,paceSecPerKm,345.24851519941166
1368,cadenceSpm,173.03368668864155
1368,distanceM,3858.002217788182
1368,motionIntensityG,0.8660000000000001
1368,activeEnergyKcal,76.65602294455167
1368,heartRateBpm,154.5996813031667
1369,speedMps,2.9254037479058446
1369,paceSecPerKm,341.833157462744
1369,cadenceSpm,171.63187720983038
1369,distanceM,3860.927621536088
1369,motionIntensityG,0.8660000000000001
1369,activeEnergyKcal,76.71405353728589
1369,heartRateBpm,154.60811422151778
1370,speedMps,2.887093714458868
1370,paceSecPerKm,346.3690821644947
1370,cadenceSpm,172.43157895077093
1370,distanceM,3863.8147152505467
1370,motionIntensityG,0.8660000000000001
1370,activeEnergyKcal,76.77208413002012
1370,heartRateBpm,155.67273537786113
1371,speedMps,2.901189343593855
1371,paceSecPerKm,344.6862240164055
1371,cadenceSpm,172.11562397413633
1371,distanceM,3866.7159045941407
1371,motionIntensityG,0.8660000000000001
1371,activeEnergyKcal,76.83011472275435
1371,heartRateBpm,155.6042913082884
1372,speedMps,2.830716165164892
1372,paceSecPerKm,353.2674919181623
1372,cadenceSpm,172.58117498435138
1372,distanceM,3869.546620759306
1372,motionIntensityG,0.8660000000000001
1372,activeEnergyKcal,76.88814531548857
1372,heartRateBpm,156.61818341865242
1373,speedMps,3.010399856094256
1373,paceSecPerKm,332.1817857437108
1373,cadenceSpm,176.05168733841242
1373,distanceM,3872.5570206154002
1373,motionIntensityG,0.8660000000000001
1373,activeEnergyKcal,76.9461759082228
1373,heartRateBpm,155.95875541766276
1374,speedMps,2.9396846985491525
1374,paceSecPerKm,340.17253635858924
1374,cadenceSpm,175.01986170410615
1374,distanceM,3875.4967053139494
1374,motionIntensityG,0.8660000000000001
1374,activeEnergyKcal,77.00420650095703
1374,heartRateBpm,155.34792620810737
1375,speedMps,2.819228883376958
1375,paceSecPerKm,354.7069221290644
1375,cadenceSpm,174.85567368206915
1375,distanceM,3878.3159341973264
1375,motionIntensityG,0.8660000000000001
1375,activeEnergyKcal,77.06223709369125
1375,heartRateBpm,153.9015609714335
1376,speedMps,2.8845123845573593
1376,paceSecPerKm,346.67904542675564
1376,cadenceSpm,176.20059588938392
1376,distanceM,3881.2004465818836
1376,motionIntensityG,0.8660000000000001
1376,activeEnergyKcal,77.12026768642548
1376,heartRateBpm,154.90057378170917
1377,speedMps,2.79184536412302
1377,paceSecPerKm,358.18602736764467
1377,cadenceSpm,174.5567242786418
1377,distanceM,3883.992291946007
1377,motionIntensityG,0.8660000000000001
1377,activeEnergyKcal,77.1782982791597
1377,heartRateBpm,154.2528247842275
1378,speedMps,2.9313556327100994
1378,paceSecPerKm,341.13909238487014
1378,cadenceSpm,171.8074368959004
1378,distanceM,3886.923647578717
1378,motionIntensityG,0.8660000000000001
1378,activeEnergyKcal,77.23632887189393
1378,heartRateBpm,153.98431795447593
1379,speedMps,2.821376838294341
1379,paceSecPerKm,354.4368786285736
1379,cadenceSpm,172.03911438937138
1379,distanceM,3889.7450244170113
1379,motionIntensityG,0.8660000000000001
1379,activeEnergyKcal,77.29435946462816
1379,heartRateBpm,154.27670638128575
1380,speedMps,2.8336447386641455
1380,paceSecPerKm,352.9023897580846
1380,cadenceSpm,172.9341282798461
1380,distanceM,3892.5786691556755
1380,motionIntensityG,0.8660000000000001
1380,activeEnergyKcal,77.35239005736238
1380,heartRateBpm,155.1626270156814
1381,speedMps,3.0122614285055618
1381,paceSecPerKm,331.976497968212
1381,cadenceSpm,174.45057995960093
1381,distanceM,3895.590930584181
1381,motionIntensityG,0.8660000000000001
1381,activeEnergyKcal,77.41042065009661
1381,heartRateBpm,155.51402523719258
1382,speedMps,2.9852216870212023
1382,paceSecPerKm,334.98349698706903
1382,cadenceSpm,174.75458226526996
1382,distanceM,3898.5761522712023
1382,motionIntensityG,0.8660000000000001
1382,activeEnergyKcal,77.46845124283084
1382,heartRateBpm,155.94890986384542
1383,speedMps,2.9083486400597547
1383,paceSecPerKm,343.8377319094227
1383,cadenceSpm,173.89576264173274
1383,distanceM,3901.484500911262
1383,motionIntensityG,0.8660000000000001
1383,activeEnergyKcal,77.52648183556506
1383,heartRateBpm,153.6334899743903
1384,speedMps,2.8770833499501967
1384,paceSecPerKm,347.57421957111893
1384,cadenceSpm,172.07458622750914
1384,distanceM,3904.361584261212
1384,motionIntensityG,0.8660000000000001
1384,activeEnergyKcal,77.58451242829929
1384,heartRateBpm,152.66146484512402
1385,speedMps,2.849978665438803
1385,paceSecPerKm,350.8798196024506
1385,cadenceSpm,172.58685560868784
1385,distanceM,3907.211562926651
1385,motionIntensityG,0.8660000000000001
1385,activeEnergyKcal,77.64254302103352
1385,heartRateBpm,152.95377972053933
1386,speedMps,2.9314075124882892
1386,paceSecPerKm,341.13305493686283
1386,cadenceSpm,172.26134699752072
1386,distanceM,3910.1429704391394
1386,motionIntensityG,0.8660000000000001
1386,activeEnergyKcal,77.70057361376774
1386,heartRateBpm,154.55881746291934
1387,speedMps,2.8525393223649234
1387,paceSecPerKm,350.5648431065066
1387,cadenceSpm,175.65678841183083
1387,distanceM,3912.9955097615043
1387,motionIntensityG,0.8660000000000001
1387,activeEnergyKcal,77.75860420650197
1387,heartRateBpm,154.83107182106687
1388,speedMps,3.005090822588616
1388,paceSecPerKm,332.7686446223911
1388,cadenceSpm,171.65646092353023
1388,distanceM,3916.000600584093
1388,motionIntensityG,0.8660000000000001
1388,activeEnergyKcal,77.8166347992362
1388,heartRateBpm,155.64664530927064
1389,speedMps,2.820215152226947
1389,paceSecPerKm,354.58287613636946
1389,cadenceSpm,172.5238168710233
1389,distanceM,3918.8208157363197
1389,motionIntensityG,0.8660000000000001
1389,activeEnergyKcal,77.87466539197042
1389,heartRateBpm,153.6460778564059
1390,speedMps,2.753019941843611
1390,paceSecPerKm,363.2374705322081
1390,cadenceSpm,174.40199195417975
1390,distanceM,3921.5738356781635
1390,motionIntensityG,0.8660000000000001
1390,activeEnergyKcal,77.93269598470465
1390,heartRateBpm,152.83322747712282
1391,speedMps,2.823609058965265
1391,paceSecPerKm,354.1566764793064
1391,cadenceSpm,173.310636295073
1391,distanceM,3924.397444737129
1391,motionIntensityG,0.8660000000000001
1391,activeEnergyKcal,77.99072657743888
1391,heartRateBpm,153.7565246114512
1392,speedMps,2.8344674274322283
1392,paceSecPerKm,352.7999617571579
1392,cadenceSpm,172.60446409324655
1392,distanceM,3927.231912164561
1392,motionIntensityG,0.8660000000000001
1392,activeEnergyKcal,78.0487571701731
1392,heartRateBpm,152.97904977059008
1393,speedMps,2.7088454392200507
1393,paceSecPerKm,369.16096633698186
1393,cadenceSpm,170.61010394361756
1393,distanceM,3929.940757603781
1393,motionIntensityG,0.8660000000000001
1393,activeEnergyKcal,78.10678776290733
1393,heartRateBpm,152.31100811589343
1394,speedMps,2.79488546008263
1394,paceSecPerKm,357.7964157323411
1394,cadenceSpm,174.58897099192347
1394,distanceM,3932.735643063864
1394,motionIntensityG,0.8660000000000001
1394,activeEnergyKcal,78.16481835564156
1394,heartRateBpm,153.5668519860587
1395,speedMps,2.9925456412410814
1395,paceSecPerKm,334.1636585984619
1395,cadenceSpm,173.29692752245825
1395,distanceM,3935.728188705105
1395,motionIntensityG,0.8660000000000001
1395,activeEnergyKcal,78.22284894837578
1395,heartRateBpm,155.48183124314252
1396,speedMps,3.0529457373660542
1396,paceSecPerKm,327.5524971704068
1396,cadenceSpm,177.2529187885457
1396,distanceM,3938.781134442471
1396,motionIntensityG,0.8660000000000001
1396,activeEnergyKcal,78.28087954111001
1396,heartRateBpm,153.07269105467924
1397,speedMps,2.908130600605883
1397,paceSecPerKm,343.86351142265033
1397,cadenceSpm,173.0740332522643
1397,distanceM,3941.689265043077
1397,motionIntensityG,0.8660000000000001
1397,activeEnergyKcal,78.33891013384424
1397,heartRateBpm,154.12352429777377
1398,speedMps,2.930082546628433
1398,paceSecPerKm,341.2873132706357
1398,cadenceSpm,173.246802125437
1398,distanceM,3944.6193475897053
1398,motionIntensityG,0.8660000000000001
1398,activeEnergyKcal,78.39694072657846
1398,heartRateBpm,154.71653675179394
1399,speedMps,2.9397412856530702
1399,paceSecPerKm,340.16598837467006
1399,cadenceSpm,175.424857970379
1399,distanceM,3947.559088875358
1399,motionIntensityG,0.8660000000000001
1399,activeEnergyKcal,78.45497131931269
1399,heartRateBpm,157.37111431965945
1400,speedMps,2.8790780413829746
1400,paceSecPerKm,347.33341216400186
1400,cadenceSpm,172.1045337253707
1400,distanceM,3950.438166916741
1400,motionIntensityG,0.8660000000000001
1400,activeEnergyKcal,78.51300191204692
1400,heartRateBpm,159.67913686997753
1401,speedMps,2.902814895072328
1401,paceSecPerKm,344.4932026832126
1401,cadenceSpm,173.14430577901214
1401,distanceM,3953.3409818118134
1401,motionIntensityG,0.8660000000000001
1401,activeEnergyKcal,78.57103250478114
1401,heartRateBpm,160.57497176437926
1402,speedMps,2.7816229717711685
1402,paceSecPerKm,359.5023517379355
1402,cadenceSpm,176.2008654838245
1402,distanceM,3956.1226047835844
1402,motionIntensityG,0.8660000000000001
1402,activeEnergyKcal,78.62906309751537
1402,heartRateBpm,159.83882665591136
1403,speedMps,2.8241280381896066
1403,paceSecPerKm,354.0915944593805
1403,cadenceSpm,174.50550383372916
1403,distanceM,3958.946732821774
1403,motionIntensityG,0.8660000000000001
1403,activeEnergyKcal,78.6870936902496
1403,heartRateBpm,157.2808714638809
1404,speedMps,2.823564319692477
1404,paceSecPerKm,354.1622880788184
1404,cadenceSpm,173.12321173358495
1404,distanceM,3961.7702971414665
1404,motionIntensityG,0.8660000000000001
1404,activeEnergyKcal,78.74512428298382
1404,heartRateBpm,155.76410767891727
1405,speedMps,2.958392843432351
1405,paceSecPerKm,338.02136934586144
1405,cadenceSpm,169.88625071150335
1405,distanceM,3964.7286899848987
1405,motionIntensityG,0.8660000000000001
1405,activeEnergyKcal,78.80315487571805
1405,heartRateBpm,154.6275954097799
1406,speedMps,2.783196147728852
1406,paceSecPerKm,359.29914634871193
1406,cadenceSpm,174.17848045290603
1406,distanceM,3967.5118861326273
1406,motionIntensityG,0.8660000000000001
1406,activeEnergyKcal,78.86118546845228
1406,heartRateBpm,154.0560316594069
1407,speedMps,2.8476044372501397
1407,paceSecPerKm,351.1723703330351
1407,cadenceSpm,175.95877049145258
1407,distanceM,3970.3594905698774
1407,motionIntensityG,0.8660000000000001
1407,activeEnergyKcal,78.9192160611865
1407,heartRateBpm,157.7523577670391
1408,speedMps,2.8593074622425796
1408,paceSecPerKm,349.7350366146673
1408,cadenceSpm,171.67960992262462
1408,distanceM,3973.21879803212
1408,motionIntensityG,0.8660000000000001
1408,activeEnergyKcal,78.97724665392073
1408,heartRateBpm,158.19777840230827
1409,speedMps,2.953963264632493
1409,paceSecPerKm,338.52824507768935
1409,cadenceSpm,173.88242581155296
1409,distanceM,3976.1727612967525
1409,motionIntensityG,0.8660000000000001
1409,activeEnergyKcal,79.03527724665496
1409,heartRateBpm,159.11562391054517
1410,speedMps,3.010496170531455
1410,paceSecPerKm,332.17115829231096
1410,cadenceSpm,172.4724244071402
1410,distanceM,3979.183257467284
1410,motionIntensityG,0.8660000000000001
1410,activeEnergyKcal,79.09330783938918
1410,heartRateBpm,157.9041412239162
1411,speedMps,2.9455065036931343
1411,paceSecPerKm,339.50018400780317
1411,cadenceSpm,171.98916238428487
1411,distanceM,3982.128763970977
1411,motionIntensityG,0.8660000000000001
1411,activeEnergyKcal,79.15133843212341
1411,heartRateBpm,156.33081525766218
1412,speedMps,2.980306703988514
1412,paceSecPerKm,335.53593617117
1412,cadenceSpm,174.18216508150195
1412,distanceM,3985.1090706749656
1412,motionIntensityG,0.8660000000000001
1412,activeEnergyKcal,79.20936902485764
1412,heartRateBpm,168.5347877001701
1413,speedMps,2.8342626382341702
1413,paceSecPerKm,352.8254532625211
1413,cadenceSpm,173.0981459932269
1413,distanceM,3987.9433333131997
1413,motionIntensityG,0.8660000000000001
1413,activeEnergyKcal,79.26739961759186
1413,heartRateBpm,178.87298765998884
1414,speedMps,2.8666116816511282
1414,paceSecPerKm,348.8439004141691
1414,cadenceSpm,173.1445092522301
1414,distanceM,3990.809944994851
1414,motionIntensityG,0.8660000000000001
1414,activeEnergyKcal,79.32543021032609
1414,heartRateBpm,190.54882497033776
1415,speedMps,2.913645014225362
1415,paceSecPerKm,343.21270955029695
1415,cadenceSpm,175.30191069716412
1415,distanceM,3993.7235900090764
1415,motionIntensityG,0.8660000000000001
1415,activeEnergyKcal,79.38346080306032
1415,heartRateBpm,190.1594137903665
1416,speedMps,2.912503110694471
1416,paceSecPerKm,343.3472727730599
1416,cadenceSpm,175.42257527710422
1416,distanceM,3996.636093119771
1416,motionIntensityG,0.8660000000000001
1416,activeEnergyKcal,79.44149139579454
1416,heartRateBpm,191.6972844371756
1417,speedMps,2.8990997111068446
1417,paceSecPerKm,344.9346692591718
1417,cadenceSpm,175.18548577979553
1417,distanceM,3999.535192830878
1417,motionIntensityG,0.8660000000000001
1417,activeEnergyKcal,79.49952198852877
1417,heartRateBpm,191.23604713083392
1418,speedMps,2.9324792575780423
1418,paceSecPerKm,341.0083796554823
1418,cadenceSpm,173.64287477154755
1418,distanceM,4002.467672088456
1418,motionIntensityG,0.8660000000000001
1418,activeEnergyKcal,79.557552581263
1418,heartRateBpm,192.65248726692377
1419,speedMps,2.909039217967673
1419,paceSecPerKm,343.7561081416512
1419,cadenceSpm,173.5258301914234
1419,distanceM,4005.3767113064237
1419,motionIntensityG,0.8660000000000001
1419,activeEnergyKcal,79.61558317399722
1419,heartRateBpm,193.6469038273177
1420,speedMps,2.8387662298890666
1420,paceSecPerKm,352.2657094730474
1420,cadenceSpm,173.59514488965763
1420,distanceM,4008.215477536313
1420,motionIntensityG,0.8660000000000001
1420,activeEnergyKcal,79.67361376673145
1420,heartRateBpm,193.4941132366344
1421,speedMps,2.904491237269178
1421,paceSecPerKm,344.29437664277714
1421,cadenceSpm,172.73637229957438
1421,distanceM,4011.119968773582
1421,motionIntensityG,0.8660000000000001
1421,activeEnergyKcal,79.73164435946568
1421,heartRateBpm,193.13794967134055
1422,speedMps,2.9690848227229028
1422,paceSecPerKm,336.80411968928365
1422,cadenceSpm,175.58643328376783
1422,distanceM,4014.089053596305
1422,motionIntensityG,0.8660000000000001
1422,activeEnergyKcal,79.7896749521999
1422,heartRateBpm,192.32924493451605
1423,speedMps,2.825203364419186
1423,paceSecPerKm,353.95682045196173
1423,cadenceSpm,171.26697091797502
1423,distanceM,4016.9142569607243
1423,motionIntensityG,0.8660000000000001
1423,activeEnergyKcal,79.84770554493413
1423,heartRateBpm,192.61636157182758
1424,speedMps,2.8146396898685184
1424,paceSecPerKm,355.28526212415966
1424,cadenceSpm,174.07446016360475
1424,distanceM,4019.728896650593
1424,motionIntensityG,0.8660000000000001
1424,activeEnergyKcal,79.90573613766836
1424,heartRateBpm,192.26331572447233
1425,speedMps,3.040234916751684
1425,paceSecPerKm,328.92195089596646
1425,cadenceSpm,173.55969803794795
1425,distanceM,4022.7691315673446
1425,motionIntensityG,0.8660000000000001
1425,activeEnergyKcal,79.96376673040258
1425,heartRateBpm,191.57639401652455
1426,speedMps,2.838143280300554
1426,paceSecPerKm,352.34302895874305
1426,cadenceSpm,172.98508100539297
1426,distanceM,4025.6072748476454
1426,motionIntensityG,0.8660000000000001
1426,activeEnergyKcal,80.02179732313681
1426,heartRateBpm,190.67019613545554
1427,speedMps,2.7860854442807073
1427,paceSecPerKm,358.9265368916829
1427,cadenceSpm,172.470748200971
1427,distanceM,4028.393360291926
1427,motionIntensityG,0.8660000000000001
1427,activeEnergyKcal,80.07982791587104
1427,heartRateBpm,190.40223465421107
1428,speedMps,2.923278099289422
1428,paceSecPerKm,342.0817199167865
1428,cadenceSpm,174.67060883812556
1428,distanceM,4031.3166383912153
1428,motionIntensityG,0.8660000000000001
1428,activeEnergyKcal,80.13785850860526
1428,heartRateBpm,191.008742019028
1429,speedMps,2.829739614675174
1429,paceSecPerKm,353.3894054470415
1429,cadenceSpm,174.27242782363376
1429,distanceM,4034.1463780058903
1429,motionIntensityG,0.8660000000000001
1429,activeEnergyKcal,80.19588910133949
1429,heartRateBpm,190.4323752709444
1430,speedMps,2.76576057162359
1430,paceSecPerKm,361.5641969373249
1430,cadenceSpm,171.81049974185356
1430,distanceM,4036.912138577514
1430,motionIntensityG,0.8660000000000001
1430,activeEnergyKcal,80.25391969407372
1430,heartRateBpm,192.3293994570703
1431,speedMps,2.844609925657937
1431,paceSecPerKm,351.5420483420789
1431,cadenceSpm,174.94045667418183
1431,distanceM,4039.756748503172
1431,motionIntensityG,0.8660000000000001
1431,activeEnergyKcal,80.31195028680794
1431,heartRateBpm,191.96148671850472
1432,speedMps,2.9264833760418605
1432,paceSecPerKm,341.70704955533495
1432,cadenceSpm,175.3172714042715
1432,distanceM,4042.6832318792135
1432,motionIntensityG,0.8660000000000001
1432,activeEnergyKcal,80.36998087954217
1432,heartRateBpm,190.80136524676595
1433,speedMps,2.7953535461049968
1433,paceSecPerKm,357.7365022014424
1433,cadenceSpm,174.3264555742221
1433,distanceM,4045.4785854253187
1433,motionIntensityG,0.8660000000000001
1433,activeEnergyKcal,80.4280114722764
1433,heartRateBpm,188.9501437727069
1434,speedMps,2.90599798913685
1434,paceSecPerKm,344.1158609669319
1434,cadenceSpm,174.40082850952038
1434,distanceM,4048.3845834144554
1434,motionIntensityG,0.8660000000000001
1434,activeEnergyKcal,80.48604206501062
1434,heartRateBpm,187.69064353809532
1435,speedMps,2.985348859832233
1435,paceSecPerKm,334.96922703238
1435,cadenceSpm,172.37450568662422
1435,distanceM,4051.3699322742877
1435,motionIntensityG,0.8660000000000001
1435,activeEnergyKcal,80.54407265774485
1435,heartRateBpm,186.15317244321574
1436,speedMps,2.901044154607879
1436,paceSecPerKm,344.70347457885055
1436,cadenceSpm,173.94942499512953
1436,distanceM,4054.2709764288957
1436,motionIntensityG,0.8660000000000001
1436,activeEnergyKcal,80.60210325047908
1436,heartRateBpm,185.24182417783612
1437,speedMps,2.815742484500678
1437,paceSecPerKm,355.1461135045282
1437,cadenceSpm,172.85842387506264
1437,distanceM,4057.0867189133965
1437,motionIntensityG,0.8660000000000001
1437,activeEnergyKcal,80.6601338432133
1437,heartRateBpm,185.8685708179227
1438,speedMps,2.7038822557044777
1438,paceSecPerKm,369.838589639125
1438,cadenceSpm,176.42044598459196
1438,distanceM,4059.790601169101
1438,motionIntensityG,0.8660000000000001
1438,activeEnergyKcal,80.71816443594753
1438,heartRateBpm,186.53985518331137
1439,speedMps,2.8333693560919246
1439,paceSecPerKm,352.9366892635922
1439,cadenceSpm,171.92037854756512
1439,distanceM,4062.6239705251933
1439,motionIntensityG,0.8660000000000001
1439,activeEnergyKcal,80.77619502868176
1439,heartRateBpm,187.4908982468046
1440,speedMps,2.9181511526661987
1440,paceSecPerKm,342.68272878405895
1440,cadenceSpm,172.3125254243864
1440,distanceM,4065.5421216778595
1440,motionIntensityG,0.8660000000000001
1440,activeEnergyKcal,80.83422562141598
1440,heartRateBpm,186.1660660901935
1441,speedMps,2.819586661012308
1441,paceSecPerKm,354.6619133319963
1441,cadenceSpm,171.992658492426
1441,distanceM,4068.3617083388717
1441,motionIntensityG,0.8660000000000001
1441,activeEnergyKcal,80.89225621415021
1441,heartRateBpm,185.8806472364038
1442,speedMps,2.9641501805702437
1442,paceSecPerKm,337.3648226580813
1442,cadenceSpm,173.1015547709519
1442,distanceM,4071.325858519442
1442,motionIntensityG,0.8660000000000001
1442,activeEnergyKcal,80.95028680688444
1442,heartRateBpm,185.04784632474343
1443,speedMps,3.0834654328858146
1443,paceSecPerKm,324.31042986076227
1443,cadenceSpm,174.85089143586828
1443,distanceM,4074.409323952328
1443,motionIntensityG,0.8660000000000001
1443,activeEnergyKcal,81.00831739961866
1443,heartRateBpm,183.87869982499447
1444,speedMps,2.863858443379657
1444,paceSecPerKm,349.1792697756017
1444,cadenceSpm,174.0220531382886
1444,distanceM,4077.273182395708
1444,motionIntensityG,0.8660000000000001
1444,activeEnergyKcal,81.06634799235289
1444,heartRateBpm,183.69348955337472
1445,speedMps,3.004354253294039
1445,paceSecPerKm,332.8502285985677
1445,cadenceSpm,175.06031108083687
1445,distanceM,4080.277536649002
1445,motionIntensityG,0.8660000000000001
1445,activeEnergyKcal,81.12437858508711
1445,heartRateBpm,185.20073291975282
1446,speedMps,3.016104642831832
1446,paceSecPerKm,331.55348319118536
1446,cadenceSpm,172.39686544695093
1446,distanceM,4083.293641291834
1446,motionIntensityG,0.8660000000000001
1446,activeEnergyKcal,81.18240917782134
1446,heartRateBpm,183.52510260565413
1447,speedMps,2.782286298972091
1447,paceSecPerKm,359.41664248192126
1447,cadenceSpm,172.10503324677373
1447,distanceM,4086.075927590806
1447,motionIntensityG,0.8660000000000001
1447,activeEnergyKcal,81.24043977055557
1447,heartRateBpm,181.9648823607476
1448,speedMps,2.894098326493125
1448,paceSecPerKm,345.5307619806177
1448,cadenceSpm,175.3563788288158
1448,distanceM,4088.970025917299
1448,motionIntensityG,0.8660000000000001
1448,activeEnergyKcal,81.2984703632898
1448,heartRateBpm,183.2851800692416
1449,speedMps,2.9620279180198845
1449,paceSecPerKm,337.60654108503473
1449,cadenceSpm,176.00727121337948
1449,distanceM,4091.932053835319
1449,motionIntensityG,0.8660000000000001
1449,activeEnergyKcal,81.35650095602402
1449,heartRateBpm,183.69878174553108
1450,speedMps,2.7876199824768495
1450,paceSecPerKm,358.72895383375834
1450,cadenceSpm,175.04496067733814
1450,distanceM,4094.719673817796
1450,motionIntensityG,0.8660000000000001
1450,activeEnergyKcal,81.41453154875825
1450,heartRateBpm,182.60815543857035
1451,speedMps,2.9442978835322404
1451,paceSecPerKm,339.63954720515966
1451,cadenceSpm,175.37419346137477
1451,distanceM,4097.663971701328
1451,motionIntensityG,0.8660000000000001
1451,activeEnergyKcal,81.47256214149247
1451,heartRateBpm,181.86172158022222
1452,speedMps,2.8647246576632925
1452,paceSecPerKm,349.0736875269832
1452,cadenceSpm,176.24244513400345
1452,distanceM,4100.528696358991
1452,motionIntensityG,0.8660000000000001
1452,activeEnergyKcal,81.5305927342267
1452,heartRateBpm,181.98174343745694
1453,speedMps,2.8807533657142375
1453,paceSecPerKm,347.131417740118
1453,cadenceSpm,173.9498845648012
1453,distanceM,4103.409449724705
1453,motionIntensityG,0.8660000000000001
1453,activeEnergyKcal,81.58862332696093
1453,heartRateBpm,179.49051971862383
1454,speedMps,2.9244462345673847
1454,paceSecPerKm,341.9450794409734
1454,cadenceSpm,176.71844251059576
1454,distanceM,4106.333895959273
1454,motionIntensityG,0.8660000000000001
1454,activeEnergyKcal,81.64665391969515
1454,heartRateBpm,178.15068437171468
1455,speedMps,2.852476103566093
1455,paceSecPerKm,350.5726125978148
1455,cadenceSpm,173.74326148622615
1455,distanceM,4109.186372062839
1455,motionIntensityG,0.8660000000000001
1455,activeEnergyKcal,81.70468451242938
1455,heartRateBpm,176.75409229397238
1456,speedMps,2.85539241377995
1456,paceSecPerKm,350.2145607637188
1456,cadenceSpm,173.82947913179333
1456,distanceM,4112.0417644766185
1456,motionIntensityG,0.8660000000000001
1456,activeEnergyKcal,81.76271510516361
1456,heartRateBpm,176.77265554559634
1457,speedMps,2.9055023422103847
1457,paceSecPerKm,344.17456336973447
1457,cadenceSpm,173.58147923574444
1457,distanceM,4114.947266818829
1457,motionIntensityG,0.8660000000000001
1457,activeEnergyKcal,81.82074569789783
1457,heartRateBpm,176.2476119336307
1458,speedMps,2.8703221756889263
1458,paceSecPerKm,348.3929464329149
1458,cadenceSpm,171.78912323008836
1458,distanceM,4117.817588994518
1458,motionIntensityG,0.8660000000000001
1458,activeEnergyKcal,81.87877629063206
1458,heartRateBpm,175.70992945156706
1459,speedMps,2.8177720006681497
1459,paceSecPerKm,354.8903175142915
1459,cadenceSpm,174.21705136338457
1459,distanceM,4120.635360995186
1459,motionIntensityG,0.8660000000000001
1459,activeEnergyKcal,81.93680688336629
1459,heartRateBpm,173.71395002466545
1460,speedMps,3.0176550595287046
1460,paceSecPerKm,331.3831369965059
1460,cadenceSpm,175.54654522661548
1460,distanceM,4123.6530160547145
1460,motionIntensityG,0.8660000000000001
1460,activeEnergyKcal,81.99483747610051
1460,heartRateBpm,173.96823393784751
1461,speedMps,2.806602922073149
1461,paceSecPerKm,356.3026291091194
1461,cadenceSpm,172.4881704977047
1461,distanceM,4126.459618976788
1461,motionIntensityG,0.8660000000000001
1461,activeEnergyKcal,82.05286806883474
1461,heartRateBpm,174.01292961756647
1462,speedMps,2.783133759333701
1462,paceSecPerKm,359.3072006138167
1462,cadenceSpm,174.75089716233208
1462,distanceM,4129.2427527361215
1462,motionIntensityG,0.8660000000000001
1462,activeEnergyKcal,82.11089866156897
1462,heartRateBpm,173.79096265718766
1463,speedMps,2.9975509454294333
1463,paceSecPerKm,333.6056728326059
1463,cadenceSpm,173.2272101068736
1463,distanceM,4132.240303681551
1463,motionIntensityG,0.8660000000000001
1463,activeEnergyKcal,82.1689292543032
1463,heartRateBpm,175.31065884509468
1464,speedMps,2.9460562875011473
1464,paceSecPerKm,339.4368275455465
1464,cadenceSpm,173.50212017956912
1464,distanceM,4135.186359969052
1464,motionIntensityG,0.8660000000000001
1464,activeEnergyKcal,82.22695984703742
1464,heartRateBpm,176.78043775390665
1465,speedMps,2.7694545162941373
1465,paceSecPerKm,361.081936575048
1465,cadenceSpm,175.03695607113994
1465,distanceM,4137.955814485346
1465,motionIntensityG,0.8660000000000001
1465,activeEnergyKcal,82.28499043977165
1465,heartRateBpm,177.58378617367163
1466,speedMps,2.8772213001127986
1466,paceSecPerKm,347.55755490924383
1466,cadenceSpm,173.57631167207992
1466,distanceM,4140.833035785459
1466,motionIntensityG,0.8660000000000001
1466,activeEnergyKcal,82.34302103250587
1466,heartRateBpm,178.18829425336514
1467,speedMps,2.8528647439891803
1467,paceSecPerKm,350.5248547471245
1467,cadenceSpm,173.38072141354886
1467,distanceM,4143.685900529448
1467,motionIntensityG,0.8660000000000001
1467,activeEnergyKcal,82.4010516252401
1467,heartRateBpm,178.11560982975536
1468,speedMps,2.8363672674576526
1468,paceSecPerKm,352.5636512144421
1468,cadenceSpm,173.32468003339795
1468,distanceM,4146.522267796906
1468,motionIntensityG,0.8660000000000001
1468,activeEnergyKcal,82.45908221797433
1468,heartRateBpm,177.91200170342358
1469,speedMps,2.909004494492584
1469,paceSecPerKm,343.7602114033273
1469,cadenceSpm,175.49453561741274
1469,distanceM,4149.431272291398
1469,motionIntensityG,0.8660000000000001
1469,activeEnergyKcal,82.51711281070855
1469,heartRateBpm,175.3410654612644
1470,speedMps,2.9527392156561225
1470,paceSecPerKm,338.66858092233923
1470,cadenceSpm,176.722710536512
1470,distanceM,4152.384011507054
1470,motionIntensityG,0.8660000000000001
1470,activeEnergyKcal,82.57514340344278
1470,heartRateBpm,175.26709348113894
1471,speedMps,2.8252233787498837
1471,paceSecPerKm,353.95431296568273
1471,cadenceSpm,172.3685160712743
1471,distanceM,4155.209234885804
1471,motionIntensityG,0.8660000000000001
1471,activeEnergyKcal,82.633173996177
1471,heartRateBpm,174.1624291106057
1472,speedMps,2.980519276655834
1472,paceSecPerKm,335.51200551938985
1472,cadenceSpm,173.1698846277607
1472,distanceM,4158.18975416246
1472,motionIntensityG,0.8660000000000001
1472,activeEnergyKcal,82.69120458891123
1472,heartRateBpm,174.0761686020087
1473,speedMps,2.9054020423725695
1473,paceSecPerKm,344.1864449105273
1473,cadenceSpm,172.8882336445583
1473,distanceM,4161.095156204833
1473,motionIntensityG,0.8660000000000001
1473,activeEnergyKcal,82.74923518164546
1473,heartRateBpm,175.14696071771792
1474,speedMps,2.817570959593952
1474,paceSecPerKm,354.9156398687871
1474,cadenceSpm,173.4249554934282
1474,distanceM,4163.912727164427
1474,motionIntensityG,0.8660000000000001
1474,activeEnergyKcal,82.80726577437969
1474,heartRateBpm,173.79705120454744
1475,speedMps,2.822910559454032
1475,paceSecPerKm,354.24430882195793
1475,cadenceSpm,172.33539320212137
1475,distanceM,4166.735637723881
1475,motionIntensityG,0.8660000000000001
1475,activeEnergyKcal,82.86529636711391
1475,heartRateBpm,175.05912380781206
1476,speedMps,2.812297855500181
1476,paceSecPerKm,355.5811124501765
1476,cadenceSpm,176.59948969203293
1476,distanceM,4169.547935579381
1476,motionIntensityG,0.8660000000000001
1476,activeEnergyKcal,82.92332695984814
1476,heartRateBpm,173.00018278183555
1477,speedMps,2.900459264325116
1477,paceSecPerKm,344.77298554050947
1477,cadenceSpm,174.99372465117713
1477,distanceM,4172.448394843706
1477,motionIntensityG,0.8660000000000001
1477,activeEnergyKcal,82.98135755258237
1477,heartRateBpm,171.342849051004
1478,speedMps,2.9885310077760128
1478,paceSecPerKm,334.6125562686311
1478,cadenceSpm,173.88093733457345
1478,distanceM,4175.436925851483
1478,motionIntensityG,0.8660000000000001
1478,activeEnergyKcal,83.0393881453166
1478,heartRateBpm,171.6886664645027
1479,speedMps,2.9182145149348613
1479,paceSecPerKm,342.6752882223675
1479,cadenceSpm,172.86721704472598
1479,distanceM,4178.355140366418
1479,motionIntensityG,0.8660000000000001
1479,activeEnergyKcal,83.09741873805082
1479,heartRateBpm,172.72350451799812
1480,speedMps,2.8531934234823955
1480,paceSecPerKm,350.4844753144967
1480,cadenceSpm,174.73642038151397
1480,distanceM,4181.2083337899
1480,motionIntensityG,0.8660000000000001
1480,activeEnergyKcal,83.15544933078505
1480,heartRateBpm,173.93699077240035
1481,speedMps,2.8950568791339304
1481,paceSecPerKm,345.4163568279027
1481,cadenceSpm,173.1050300392744
1481,distanceM,4184.1033906690345
1481,motionIntensityG,0.8660000000000001
1481,activeEnergyKcal,83.21347992351927
1481,heartRateBpm,173.40239187903916
1482,speedMps,2.7493127916805293
1482,paceSecPerKm,363.7272568716147
1482,cadenceSpm,174.47229561725283
1482,distanceM,4186.852703460715
1482,motionIntensityG,0.8660000000000001
1482,activeEnergyKcal,83.2715105162535
1482,heartRateBpm,172.44114348116068
1483,speedMps,2.7779712564728443
1483,paceSecPerKm,359.9749269075187
1483,cadenceSpm,173.4552604289737
1483,distanceM,4189.6306747171875
1483,motionIntensityG,0.8660000000000001
1483,activeEnergyKcal,83.32954110898773
1483,heartRateBpm,173.75361336580696
1484,speedMps,2.921640137165043
1484,paceSecPerKm,342.273501544352
1484,cadenceSpm,173.25193468291758
1484,distanceM,4192.5523148543525
1484,motionIntensityG,0.8660000000000001
1484,activeEnergyKcal,83.38757170172195
1484,heartRateBpm,174.25646444837346
1485,speedMps,2.8683335004008423
1485,paceSecPerKm,348.6344945105765
1485,cadenceSpm,174.04619888355128
1485,distanceM,4195.420648354753
1485,motionIntensityG,0.8660000000000001
1485,activeEnergyKcal,83.44560229445618
1485,heartRateBpm,172.95509798702386
1486,speedMps,2.939847051207278
1486,paceSecPerKm,340.15375037600677
1486,cadenceSpm,171.95638809997666
1486,distanceM,4198.36049540596
1486,motionIntensityG,0.8660000000000001
1486,activeEnergyKcal,83.5036328871904
1486,heartRateBpm,173.23540603680087
1487,speedMps,2.852779565008093
1487,paceSecPerKm,350.5353208028757
1487,cadenceSpm,174.16586554486355
1487,distanceM,4201.213274970968
1487,motionIntensityG,0.8660000000000001
1487,activeEnergyKcal,83.56166347992463
1487,heartRateBpm,172.2659441310816
1488,speedMps,2.8710324698694625
1488,paceSecPerKm,348.30675392726124
1488,cadenceSpm,174.1581998002949
1488,distanceM,4204.084307440838
1488,motionIntensityG,0.8660000000000001
1488,activeEnergyKcal,83.61969407265886
1488,heartRateBpm,171.93107751717696
1489,speedMps,2.900577252976949
1489,paceSecPerKm,344.75896098739315
1489,cadenceSpm,174.94984430699355
1489,distanceM,4206.984884693815
1489,motionIntensityG,0.8660000000000001
1489,activeEnergyKcal,83.67772466539309
1489,heartRateBpm,174.8113828411701
1490,speedMps,3.0547083199866525
1490,paceSecPerKm,327.36349767246173
1490,cadenceSpm,172.9357383570617
1490,distanceM,4210.039593013801
1490,motionIntensityG,0.8660000000000001
1490,activeEnergyKcal,83.73575525812731
1490,heartRateBpm,176.0739761847969
1491,speedMps,3.016222228421717
1491,paceSecPerKm,331.54055778020864
1491,cadenceSpm,174.70442907405385
1491,distanceM,4213.055815242223
1491,motionIntensityG,0.8660000000000001
1491,activeEnergyKcal,83.79378585086154
1491,heartRateBpm,177.30301509998472
1492,speedMps,2.9076581955667136
1492,paceSecPerKm,343.91937866861144
1492,cadenceSpm,172.92553711352232
1492,distanceM,4215.96347343779
1492,motionIntensityG,0.8660000000000001
1492,activeEnergyKcal,83.85181644359577
1492,heartRateBpm,174.17081441545946
1493,speedMps,2.9064429310216915
1493,paceSecPerKm,344.06318091663803
1493,cadenceSpm,172.4079900854236
1493,distanceM,4218.869916368812
1493,motionIntensityG,0.8660000000000001
1493,activeEnergyKcal,83.90984703632999
1493,heartRateBpm,173.10815761455046
1494,speedMps,3.0356330984075894
1494,paceSecPerKm,329.42057474751243
1494,cadenceSpm,172.2395263300665
1494,distanceM,4221.905549467219
1494,motionIntensityG,0.8660000000000001
1494,activeEnergyKcal,83.96787762906422
1494,heartRateBpm,169.63789206397345
1495,speedMps,2.988683683017039
1495,paceSecPerKm,334.5954627725984
1495,cadenceSpm,172.67575214724636
1495,distanceM,4224.894233150237
1495,motionIntensityG,0.8660000000000001
1495,activeEnergyKcal,84.02590822179845
1495,heartRateBpm,171.29490904103005
1496,speedMps,2.8402363290933583
1496,paceSecPerKm,352.0833776248519
1496,cadenceSpm,173.67512956007047
1496,distanceM,4227.73446947933
1496,motionIntensityG,0.8660000000000001
1496,activeEnergyKcal,84.08393881453267
1496,heartRateBpm,170.89028228874426
1497,speedMps,2.859813153344462
1497,paceSecPerKm,349.67319414925106
1497,cadenceSpm,174.2005817808732
1497,distanceM,4230.594282632675
1497,motionIntensityG,0.8660000000000001
1497,activeEnergyKcal,84.1419694072669
1497,heartRateBpm,171.20667087063762
1498,speedMps,2.913899879187704
1498,paceSecPerKm,343.18269036709864
1498,cadenceSpm,172.90902426877213
1498,distanceM,4233.508182511862
1498,motionIntensityG,0.8660000000000001
1498,activeEnergyKcal,84.20000000000113
1498,heartRateBpm,169.57031895293818
1499,speedMps,2.8097663096761063
1499,paceSecPerKm,355.9014842466647
1499,cadenceSpm,174.64669666810892
1499,distanceM,4236.317948821538
1499,motionIntensityG,0.8660000000000001
1499,activeEnergyKcal,84.25803059273535
1499,heartRateBpm,168.62715105610147
1500,speedMps,2.8304353887350464
1500,paceSecPerKm,353.3025357087947
1500,cadenceSpm,172.60517106900835
1500,distanceM,4239.148384210273
1500,motionIntensityG,0.8660000000000001
1500,activeEnergyKcal,84.31606118546958
1500,heartRateBpm,170.17367220001728
1501,speedMps,2.924597194487102
1501,paceSecPerKm,341.9274291464859
1501,cadenceSpm,174.77495663193733
1501,distanceM,4242.072981404761
1501,motionIntensityG,0.8660000000000001
1501,activeEnergyKcal,84.3740917782038
1501,heartRateBpm,170.84686111466812
1502,speedMps,2.896483602580751
1502,paceSecPerKm,345.246214792656
1502,cadenceSpm,173.2012509672168
1502,distanceM,4244.969465007342
1502,motionIntensityG,0.8660000000000001
1502,activeEnergyKcal,84.43212237093803
1502,heartRateBpm,171.83348137736056
1503,speedMps,2.9358047476352565
1503,paceSecPerKm,340.62210738145444
1503,cadenceSpm,174.48585007192668
1503,distanceM,4247.905269754977
1503,motionIntensityG,0.8660000000000001
1503,activeEnergyKcal,84.49015296367226
1503,heartRateBpm,172.23305789302512
1504,speedMps,2.9182760928598275
1504,paceSecPerKm,342.66805750378074
1504,cadenceSpm,174.88932430299383
1504,distanceM,4250.823545847837
1504,motionIntensityG,0.8660000000000001
1504,activeEnergyKcal,84.54818355640649
1504,heartRateBpm,169.4763036722998
1505,speedMps,2.9122057097221408
1505,paceSecPerKm,343.3823361658789
1505,cadenceSpm,172.2405154270905
1505,distanceM,4253.735751557559
1505,motionIntensityG,0.8660000000000001
1505,activeEnergyKcal,84.60621414914071
1505,heartRateBpm,168.78370151388185
1506,speedMps,2.8561714927917867
1506,paceSecPerKm,350.1190326014151
1506,cadenceSpm,173.90910886417825
1506,distanceM,4256.5919230503505
1506,motionIntensityG,0.8660000000000001
1506,activeEnergyKcal,84.66424474187494
1506,heartRateBpm,168.07472795444266
1507,speedMps,2.8385150060260713
1507,paceSecPerKm,352.29688688523186
1507,cadenceSpm,174.74828959199826
1507,distanceM,4259.430438056376
1507,motionIntensityG,0.8660000000000001
1507,activeEnergyKcal,84.72227533460917
1507,heartRateBpm,169.0587883502414
1508,speedMps,2.8948505804547464
1508,paceSecPerKm,345.44097258481366
1508,cadenceSpm,174.36157166801797
1508,distanceM,4262.325288636831
1508,motionIntensityG,0.8660000000000001
1508,activeEnergyKcal,84.78030592734339
1508,heartRateBpm,170.05821461909292
1509,speedMps,2.851407974332891
1509,paceSecPerKm,350.7039360910667
1509,cadenceSpm,174.42019400779745
1509,distanceM,4265.176696611164
1509,motionIntensityG,0.8660000000000001
1509,activeEnergyKcal,84.83833652007762
1509,heartRateBpm,169.8219983739171
1510,speedMps,3.0285202733800958
1510,paceSecPerKm,330.19425651191426
1510,cadenceSpm,171.59579929023363
1510,distanceM,4268.205216884544
1510,motionIntensityG,0.8660000000000001
1510,activeEnergyKcal,84.89636711281184
1510,heartRateBpm,168.68283938482193
1511,speedMps,2.9870088134869293
1511,paceSecPerKm,334.7830764625817
1511,cadenceSpm,173.70025258399545
1511,distanceM,4271.192225698031
1511,motionIntensityG,0.8660000000000001
1511,activeEnergyKcal,84.95439770554607
1511,heartRateBpm,168.27157673084005
1512,speedMps,2.891714225374673
1512,paceSecPerKm,345.8156380824361
1512,cadenceSpm,175.04101556483104
1512,distanceM,4274.0839399234055
1512,motionIntensityG,0.8660000000000001
1512,activeEnergyKcal,85.0124282982803
1512,heartRateBpm,170.0821623749443
1513,speedMps,2.8109342351605733
1513,paceSecPerKm,355.7536094197791
1513,cadenceSpm,172.2648198424947
1513,distanceM,4276.894874158566
1513,motionIntensityG,0.8660000000000001
1513,activeEnergyKcal,85.07045889101452
1513,heartRateBpm,169.55977948147157
1514,speedMps,2.8930589133270423
1514,paceSecPerKm,345.6549036707972
1514,cadenceSpm,173.83959871688785
1514,distanceM,4279.787933071893
1514,motionIntensityG,0.8660000000000001
1514,activeEnergyKcal,85.12848948374875
1514,heartRateBpm,166.62575684115902
1515,speedMps,2.839774701446447
1515,paceSecPerKm,352.14061153888275
1515,cadenceSpm,173.38667550886632
1515,distanceM,4282.627707773339
1515,motionIntensityG,0.8660000000000001
1515,activeEnergyKcal,85.18652007648298
1515,heartRateBpm,167.54138274122525
1516,speedMps,2.893643649451122
1516,paceSecPerKm,345.58505508779007
1516,cadenceSpm,173.45801086154353
1516,distanceM,4285.521351422791
1516,motionIntensityG,0.8660000000000001
1516,activeEnergyKcal,85.2445506692172
1516,heartRateBpm,168.38165197548136
1517,speedMps,2.8732096411685166
1517,paceSecPerKm,348.04282488531055
1517,cadenceSpm,171.6206372620694
1517,distanceM,4288.394561063959
1517,motionIntensityG,0.8660000000000001
1517,activeEnergyKcal,85.30258126195143
1517,heartRateBpm,168.10860877201284
1518,speedMps,2.9732794264940328
1518,paceSecPerKm,336.3289676339497
1518,cadenceSpm,172.80811791406703
1518,distanceM,4291.367840490453
1518,motionIntensityG,0.8660000000000001
1518,activeEnergyKcal,85.36061185468566
1518,heartRateBpm,168.54956777125096
1519,speedMps,2.846603556321716
1519,paceSecPerKm,351.2958444034848
1519,cadenceSpm,173.3635584149382
1519,distanceM,4294.214444046775
1519,motionIntensityG,0.8660000000000001
1519,activeEnergyKcal,85.41864244741988
1519,heartRateBpm,167.28045721632733
1520,speedMps,2.8917075550516826
1520,paceSecPerKm,345.81643577790055
1520,cadenceSpm,174.97543019945826
1520,distanceM,4297.106151601826
1520,motionIntensityG,0.8660000000000001
1520,activeEnergyKcal,85.47667304015411
1520,heartRateBpm,168.50406246855337
1521,speedMps,2.816687204197114
1521,paceSecPerKm,355.0269971439893
1521,cadenceSpm,176.54696386085655
1521,distanceM,4299.922838806024
1521,motionIntensityG,0.8660000000000001
1521,activeEnergyKcal,85.53470363288834
1521,heartRateBpm,168.23460893939924
1522,speedMps,2.818401217286606
1522,paceSecPerKm,354.81108717471466
1522,cadenceSpm,173.08227472572545
1522,distanceM,4302.741240023311
1522,motionIntensityG,0.8660000000000001
1522,activeEnergyKcal,85.59273422562256
1522,heartRateBpm,166.91312512203834
1523,speedMps,2.847064490266135
1523,paceSecPerKm,351.2389703215058
1523,cadenceSpm,171.34689610828977
1523,distanceM,4305.588304513577
1523,motionIntensityG,0.8660000000000001
1523,activeEnergyKcal,85.65076481835679
1523,heartRateBpm,168.2251322935128
1524,speedMps,2.7754185594279024
1524,paceSecPerKm,360.30601460203906
1524,cadenceSpm,175.24128106752661
1524,distanceM,4308.363723073005
1524,motionIntensityG,0.8660000000000001
1524,activeEnergyKcal,85.70879541109102
1524,heartRateBpm,168.05147724673142
1525,speedMps,2.989665184638301
1525,paceSecPerKm,334.48561569311084
1525,cadenceSpm,174.38370241422172
1525,distanceM,4311.353388257643
1525,motionIntensityG,0.8660000000000001
1525,activeEnergyKcal,85.76682600382524
1525,heartRateBpm,168.5136497417447
1526,speedMps,2.921673030829059
1526,paceSecPerKm,342.2696480571744
1526,cadenceSpm,173.6857683285342
1526,distanceM,4314.275061288472
1526,motionIntensityG,0.8660000000000001
1526,activeEnergyKcal,85.82485659655947
1526,heartRateBpm,168.15229113295928
1527,speedMps,2.7734850316872977
1527,paceSecPerKm,360.5572009853728
1527,cadenceSpm,173.28742882231484
1527,distanceM,4317.048546320159
1527,motionIntensityG,0.8660000000000001
1527,activeEnergyKcal,85.8828871892937
1527,heartRateBpm,167.79085547759186
1528,speedMps,2.973069224885686
1528,paceSecPerKm,336.3527467270628
1528,cadenceSpm,172.27070282272933
1528,distanceM,4320.021615545045
1528,motionIntensityG,0.8660000000000001
1528,activeEnergyKcal,85.94091778202792
1528,heartRateBpm,167.87026922053244
1529,speedMps,2.9504678642793167
1529,paceSecPerKm,338.9292973181596
1529,cadenceSpm,174.70890813216423
1529,distanceM,4322.972083409325
1529,motionIntensityG,0.8660000000000001
1529,activeEnergyKcal,85.99894837476215
1529,heartRateBpm,169.81963270442162
1530,speedMps,2.840609571908242
1530,paceSecPerKm,352.03711551539556
1530,cadenceSpm,173.8801160324281
1530,distanceM,4325.812692981233
1530,motionIntensityG,0.8660000000000001
1530,activeEnergyKcal,86.05697896749638
1530,heartRateBpm,167.52174968440002
1531,speedMps,2.817964196417596
1531,paceSecPerKm,354.8661126607903
1531,cadenceSpm,175.71990834361216
1531,distanceM,4328.630657177651
1531,motionIntensityG,0.8660000000000001
1531,activeEnergyKcal,86.1150095602306
1531,heartRateBpm,167.69269604880537
1532,speedMps,2.8832980621643314
1532,paceSecPerKm,346.82505188150947
1532,cadenceSpm,175.79522073682426
1532,distanceM,4331.513955239816
1532,motionIntensityG,0.8660000000000001
1532,activeEnergyKcal,86.17304015296483
1532,heartRateBpm,166.53592436425959
1533,speedMps,2.754046128032528
1533,paceSecPerKm,363.1021244783555
1533,cadenceSpm,173.58273951545445
1533,distanceM,4334.268001367848
1533,motionIntensityG,0.8660000000000001
1533,activeEnergyKcal,86.23107074569906
1533,heartRateBpm,166.30608141968165
1534,speedMps,2.9131684422433444
1534,paceSecPerKm,343.26885651347015
1534,cadenceSpm,174.4925181102693
1534,distanceM,4337.181169810092
1534,motionIntensityG,0.8660000000000001
1534,activeEnergyKcal,86.28910133843328
1534,heartRateBpm,167.6528450370393
1535,speedMps,2.8355436662859708
1535,paceSecPerKm,352.66605550455586
1535,cadenceSpm,175.21863173910265
1535,distanceM,4340.016713476378
1535,motionIntensityG,0.8660000000000001
1535,activeEnergyKcal,86.34713193116751
1535,heartRateBpm,168.2881712696582
1536,speedMps,2.903685465224727
1536,paceSecPerKm,344.38991825259774
1536,cadenceSpm,171.52563782793578
1536,distanceM,4342.920398941603
1536,motionIntensityG,0.8660000000000001
1536,activeEnergyKcal,86.40516252390174
1536,heartRateBpm,168.10013153392765
1537,speedMps,2.868939635695851
1537,paceSecPerKm,348.5608367488197
1537,cadenceSpm,173.09687378068557
1537,distanceM,4345.789338577299
1537,motionIntensityG,0.8660000000000001
1537,activeEnergyKcal,86.46319311663596
1537,heartRateBpm,169.44725859062777
1538,speedMps,2.8898349629848736
1538,paceSecPerKm,346.0405223165799
1538,cadenceSpm,173.10608337300022
1538,distanceM,4348.679173540283
1538,motionIntensityG,0.8660000000000001
1538,activeEnergyKcal,86.52122370937019
1538,heartRateBpm,169.0183674948157
1539,speedMps,2.923389068185843
1539,paceSecPerKm,342.06873484019917
1539,cadenceSpm,173.8040711694351
1539,distanceM,4351.602562608469
1539,motionIntensityG,0.8660000000000001
1539,activeEnergyKcal,86.57925430210442
1539,heartRateBpm,168.19634551346414
1540,speedMps,2.850218390589466
1540,paceSecPerKm,350.85030792787273
1540,cadenceSpm,173.69738112226167
1540,distanceM,4354.452780999059
1540,motionIntensityG,0.8660000000000001
1540,activeEnergyKcal,86.63728489483864
1540,heartRateBpm,167.88503940055182
1541,speedMps,2.852818192635016
1541,paceSecPerKm,350.5305744970542
1541,cadenceSpm,172.03855261214974
1541,distanceM,4357.305599191694
1541,motionIntensityG,0.8660000000000001
1541,activeEnergyKcal,86.69531548757287
1541,heartRateBpm,166.60649352154115
1542,speedMps,2.8700325010565453
1542,paceSecPerKm,348.4281100063745
1542,cadenceSpm,173.27123038730213
1542,distanceM,4360.17563169275
1542,motionIntensityG,0.8660000000000001
1542,activeEnergyKcal,86.7533460803071
1542,heartRateBpm,168.21767473265157
1543,speedMps,2.8570391266597706
1543,paceSecPerKm,350.0127074455304
1543,cadenceSpm,173.55879940154009
1543,distanceM,4363.03267081941
1543,motionIntensityG,0.8660000000000001
1543,activeEnergyKcal,86.81137667304132
1543,heartRateBpm,165.583131965635
1544,speedMps,2.812239878866821
1544,paceSecPerKm,355.5884430466669
1544,cadenceSpm,171.97593094625378
1544,distanceM,4365.844910698276
1544,motionIntensityG,0.8660000000000001
1544,activeEnergyKcal,86.86940726577555
1544,heartRateBpm,162.96344342133878
1545,speedMps,2.870038830222295
1545,paceSecPerKm,348.42734163375286
1545,cadenceSpm,172.79536941222997
1545,distanceM,4368.714949528498
1545,motionIntensityG,0.8660000000000001
1545,activeEnergyKcal,86.92743785850978
1545,heartRateBpm,163.39631547805016
1546,speedMps,2.9779017155215652
1546,paceSecPerKm,335.8069189415322
1546,cadenceSpm,175.73449953168225
1546,distanceM,4371.69285124402
1546,motionIntensityG,0.8660000000000001
1546,activeEnergyKcal,86.985468451244
1546,heartRateBpm,163.98395001809712
1547,speedMps,2.8338270573640956
1547,paceSecPerKm,352.8796852303885
1547,cadenceSpm,174.0990143902081
1547,distanceM,4374.526678301384
1547,motionIntensityG,0.8660000000000001
1547,activeEnergyKcal,87.04349904397823
1547,heartRateBpm,160.2472408521551
1548,speedMps,2.9031063025045745
1548,paceSecPerKm,344.4586232124114
1548,cadenceSpm,173.89775411959113
1548,distanceM,4377.429784603889
1548,motionIntensityG,0.8660000000000001
1548,activeEnergyKcal,87.10152963671246
1548,heartRateBpm,159.3902620605322
1549,speedMps,2.8993224915925278
1549,paceSecPerKm,344.90816489017897
1549,cadenceSpm,174.31996547520308
1549,distanceM,4380.329107095481
1549,motionIntensityG,0.8660000000000001
1549,activeEnergyKcal,87.15956022944668
1549,heartRateBpm,159.36478404498664
1550,speedMps,2.915320046107779
1550,paceSecPerKm,343.0155125970105
1550,cadenceSpm,174.90205170065863
1550,distanceM,4383.244427141589
1550,motionIntensityG,0.8660000000000001
1550,activeEnergyKcal,87.21759082218091
1550,heartRateBpm,159.93086209036514
1551,speedMps,2.769215623599448
1551,paceSecPerKm,361.1130861309356
1551,cadenceSpm,174.80936310951873
1551,distanceM,4386.013642765189
1551,motionIntensityG,0.8660000000000001
1551,activeEnergyKcal,87.27562141491514
1551,heartRateBpm,160.90011848398942
1552,speedMps,2.8641673116744637
1552,paceSecPerKm,349.14161471083025
1552,cadenceSpm,174.5529513192894
1552,distanceM,4388.877810076863
1552,motionIntensityG,0.8660000000000001
1552,activeEnergyKcal,87.33365200764936
1552,heartRateBpm,161.11829506506714
1553,speedMps,2.8385842558434913
1553,paceSecPerKm,352.2882922856373
1553,cadenceSpm,174.2054399358304
1553,distanceM,4391.716394332707
1553,motionIntensityG,0.8660000000000001
1553,activeEnergyKcal,87.39168260038359
1553,heartRateBpm,160.32284696409633
1554,speedMps,2.8863089525062673
1554,paceSecPerKm,346.4632568636391
1554,cadenceSpm,172.78688762113995
1554,distanceM,4394.6027032852135
1554,motionIntensityG,0.8660000000000001
1554,activeEnergyKcal,87.44971319311782
1554,heartRateBpm,158.1559760370443
1555,speedMps,2.919612028137145
1555,paceSecPerKm,342.51126189463224
1555,cadenceSpm,172.3076683463078
1555,distanceM,4397.52231531335
1555,motionIntensityG,0.8660000000000001
1555,activeEnergyKcal,87.50774378585204
1555,heartRateBpm,156.9387612175404
1556,speedMps,2.9196820933206977
1556,paceSecPerKm,342.50304246742525
1556,cadenceSpm,174.72436013655667
1556,distanceM,4400.44199740667
1556,motionIntensityG,0.8660000000000001
1556,activeEnergyKcal,87.56577437858627
1556,heartRateBpm,157.47731651793606
1557,speedMps,2.9542110398869674
1557,paceSecPerKm,338.49985207497616
1557,cadenceSpm,176.35791947445028
1557,distanceM,4403.3962084465575
1557,motionIntensityG,0.8660000000000001
1557,activeEnergyKcal,87.6238049713205
1557,heartRateBpm,156.60801485817507
1558,speedMps,2.818284416348537
1558,paceSecPerKm,354.8257919602143
1558,cadenceSpm,175.87621457667274
1558,distanceM,4406.214492862906
1558,motionIntensityG,0.8660000000000001
1558,activeEnergyKcal,87.68183556405472
1558,heartRateBpm,155.12701465625702
1559,speedMps,2.933557137279743
1559,paceSecPerKm,340.88308262074264
1559,cadenceSpm,174.60128473792295
1559,distanceM,4409.148050000185
1559,motionIntensityG,0.8660000000000001
1559,activeEnergyKcal,87.73986615678895
1559,heartRateBpm,156.0460224638487
1560,speedMps,2.8738481447190822
1560,paceSecPerKm,347.9654977029935
1560,cadenceSpm,171.55300341871973
1560,distanceM,4412.021898144904
1560,motionIntensityG,0.8660000000000001
1560,activeEnergyKcal,87.79789674952318
1560,heartRateBpm,153.93231726996
1561,speedMps,2.969619757340296
1561,paceSecPerKm,336.74344923393085
1561,cadenceSpm,172.82526356341654
1561,distanceM,4414.991517902245
1561,motionIntensityG,0.8660000000000001
1561,activeEnergyKcal,87.8559273422574
1561,heartRateBpm,155.22649309953695
1562,speedMps,2.822099908219423
1562,paceSecPerKm,354.34606588075775
1562,cadenceSpm,173.3379551355928
1562,distanceM,4417.813617810464
1562,motionIntensityG,0.8660000000000001
1562,activeEnergyKcal,87.91395793499163
1562,heartRateBpm,153.77075511268504
1563,speedMps,2.8549252332665396
1563,paceSecPerKm,350.2718699416948
1563,cadenceSpm,173.57601661617016
1563,distanceM,4420.668543043731
1563,motionIntensityG,0.8660000000000001
1563,activeEnergyKcal,87.97198852772586
1563,heartRateBpm,152.15108905448736
1564,speedMps,2.9346899646803677
1564,paceSecPerKm,340.751497444438
1564,cadenceSpm,171.98025106166568
1564,distanceM,4423.603233008412
1564,motionIntensityG,0.8660000000000001
1564,activeEnergyKcal,88.03001912046008
1564,heartRateBpm,153.89433193346358
1565,speedMps,2.9921101086443938
1565,paceSecPerKm,334.212299577792
1565,cadenceSpm,175.11568725576495
1565,distanceM,4426.5953431170565
1565,motionIntensityG,0.8660000000000001
1565,activeEnergyKcal,88.08804971319431
1565,heartRateBpm,153.76139957585372
1566,speedMps,2.8960459126030815
1566,paceSecPerKm,345.2983931118551
1566,cadenceSpm,172.3581002432436
1566,distanceM,4429.491389029659
1566,motionIntensityG,0.8660000000000001
1566,activeEnergyKcal,88.14608030592854
1566,heartRateBpm,153.90958899857475
1567,speedMps,2.856356312122225
1567,paceSecPerKm,350.09637829708186
1567,cadenceSpm,174.55387436972364
1567,distanceM,4432.347745341782
1567,motionIntensityG,0.8660000000000001
1567,activeEnergyKcal,88.20411089866276
1567,heartRateBpm,155.83951315487963
1568,speedMps,2.7990057483346638
1568,paceSecPerKm,357.26972000503184
1568,cadenceSpm,174.46207348201096
1568,distanceM,4435.146751090117
1568,motionIntensityG,0.8660000000000001
1568,activeEnergyKcal,88.26214149139699
1568,heartRateBpm,156.1626725610291
1569,speedMps,2.6940824693482637
1569,paceSecPerKm,371.1838859342394
1569,cadenceSpm,173.46632037673737
1569,distanceM,4437.840833559465
1569,motionIntensityG,0.8660000000000001
1569,activeEnergyKcal,88.32017208413122
1569,heartRateBpm,156.34727553366125
1570,speedMps,2.9826802808568256
1570,paceSecPerKm,335.2689211841147
1570,cadenceSpm,173.7829914106003
1570,distanceM,4440.8235138403215
1570,motionIntensityG,0.8660000000000001
1570,activeEnergyKcal,88.37820267686544
1570,heartRateBpm,155.3790663964388
1571,speedMps,2.817221744730715
1571,paceSecPerKm,354.95963421068416
1571,cadenceSpm,174.22527583746313
1571,distanceM,4443.640735585052
1571,motionIntensityG,0.8660000000000001
1571,activeEnergyKcal,88.43623326959967
1571,heartRateBpm,154.30209383675412
1572,speedMps,2.990731687661594
1572,paceSecPerKm,334.36633721625634
1572,cadenceSpm,173.41752799194387
1572,distanceM,4446.631467272714
1572,motionIntensityG,0.8660000000000001
1572,activeEnergyKcal,88.4942638623339
1572,heartRateBpm,154.1723739349835
1573,speedMps,2.802238154011503
1573,paceSecPerKm,356.857606327451
1573,cadenceSpm,172.38637991378522
1573,distanceM,4449.433705426725
1573,motionIntensityG,0.8660000000000001
1573,activeEnergyKcal,88.55229445506812
1573,heartRateBpm,156.40090537263757
1574,speedMps,2.911130087847525
1574,paceSecPerKm,343.509211139168
1574,cadenceSpm,171.41523066428437
1574,distanceM,4452.344835514573
1574,motionIntensityG,0.8660000000000001
1574,activeEnergyKcal,88.61032504780235
1574,heartRateBpm,156.134684427561
1575,speedMps,2.866266050317531
1575,paceSecPerKm,348.88596607744
1575,cadenceSpm,173.40082985077467
1575,distanceM,4455.211101564891
1575,motionIntensityG,0.8660000000000001
1575,activeEnergyKcal,88.66835564053657
1575,heartRateBpm,156.0026607175924
1576,speedMps,2.8678946777146304
1576,paceSecPerKm,348.6878398187484
1576,cadenceSpm,172.89596875401105
1576,distanceM,4458.078996242605
1576,motionIntensityG,0.8660000000000001
1576,activeEnergyKcal,88.7263862332708
1576,heartRateBpm,157.20482899370543
1577,speedMps,2.881657726684266
1577,paceSecPerKm,347.0224762434345
1577,cadenceSpm,172.95988874719862
1577,distanceM,4460.9606539692895
1577,motionIntensityG,0.8660000000000001
1577,activeEnergyKcal,88.78441682600503
1577,heartRateBpm,156.86599437308803
1578,speedMps,2.8050803684891275
1578,paceSecPerKm,356.49602458221904
1578,cadenceSpm,174.51786225576686
1578,distanceM,4463.765734337779
1578,motionIntensityG,0.8660000000000001
1578,activeEnergyKcal,88.84244741873925
1578,heartRateBpm,156.03391838282755
1579,speedMps,2.8264927874216106
1579,paceSecPerKm,353.79534823162317
1579,cadenceSpm,171.69397680697458
1579,distanceM,4466.5922271252
1579,motionIntensityG,0.8660000000000001
1579,activeEnergyKcal,88.90047801147348
1579,heartRateBpm,155.13026249682724
1580,speedMps,2.9185139623778986
1580,paceSecPerKm,342.64012880899037
1580,cadenceSpm,173.638710136409
1580,distanceM,4469.510741087578
1580,motionIntensityG,0.8660000000000001
1580,activeEnergyKcal,88.95850860420771
1580,heartRateBpm,155.20244050612894
1581,speedMps,2.870545516187704
1581,paceSecPerKm,348.36583999827104
1581,cadenceSpm,175.6102571719152
1581,distanceM,4472.381286603766
1581,motionIntensityG,0.8660000000000001
1581,activeEnergyKcal,89.01653919694193
1581,heartRateBpm,154.97252917102816
1582,speedMps,2.8872881741780105
1582,paceSecPerKm,346.34575410356905
1582,cadenceSpm,176.1704631255418
1582,distanceM,4475.268574777944
1582,motionIntensityG,0.8660000000000001
1582,activeEnergyKcal,89.07456978967616
1582,heartRateBpm,156.21974568310205
1583,speedMps,2.9859936803195573
1583,paceSecPerKm,334.89689097164506
1583,cadenceSpm,172.259167999664
1583,distanceM,4478.254568458264
1583,motionIntensityG,0.8660000000000001
1583,activeEnergyKcal,89.13260038241039
1583,heartRateBpm,157.32816852331865
1584,speedMps,3.0533270593255653
1584,paceSecPerKm,327.5115900033602
1584,cadenceSpm,173.62394154388053
1584,distanceM,4481.30789551759
1584,motionIntensityG,0.8660000000000001
1584,activeEnergyKcal,89.19063097514461
1584,heartRateBpm,155.85292846958322
1585,speedMps,2.761209795318277
1585,paceSecPerKm,362.16009435267586
1585,cadenceSpm,173.85596184188367
1585,distanceM,4484.069105312908
1585,motionIntensityG,0.8660000000000001
1585,activeEnergyKcal,89.24866156787884
1585,heartRateBpm,156.4008170213955
1586,speedMps,2.774882541230992
1586,paceSecPerKm,360.37561415352036
1586,cadenceSpm,175.53457473131573
1586,distanceM,4486.8439878541385
1586,motionIntensityG,0.8660000000000001
1586,activeEnergyKcal,89.30669216061307
1586,heartRateBpm,156.8381408621332
1587,speedMps,2.8730699008640412
1587,paceSecPerKm,348.05975298382475
1587,cadenceSpm,171.40817545821085
1587,distanceM,4489.717057755002
1587,motionIntensityG,0.8660000000000001
1587,activeEnergyKcal,89.3647227533473
1587,heartRateBpm,155.74764856861225
1588,speedMps,2.804861638521659
1588,paceSecPerKm,356.5238250137229
1588,cadenceSpm,171.21902670737273
1588,distanceM,4492.521919393524
1588,motionIntensityG,0.8660000000000001
1588,activeEnergyKcal,89.42275334608152
1588,heartRateBpm,157.46055993268737
1589,speedMps,2.723892535036128
1589,paceSecPerKm,367.1216786776563
1589,cadenceSpm,173.42940149611084
1589,distanceM,4495.245811928559
1589,motionIntensityG,0.8660000000000001
1589,activeEnergyKcal,89.48078393881575
1589,heartRateBpm,157.96442104516456
1590,speedMps,2.9232173610373042
1590,paceSecPerKm,342.08882764884436
1590,cadenceSpm,172.76965030008756
1590,distanceM,4498.169029289596
1590,motionIntensityG,0.8660000000000001
1590,activeEnergyKcal,89.53881453154997
1590,heartRateBpm,158.35839486021962
1591,speedMps,2.8566468670103458
1591,paceSecPerKm,350.0607693405803
1591,cadenceSpm,173.98092139264162
1591,distanceM,4501.025676156607
1591,motionIntensityG,0.8660000000000001
1591,activeEnergyKcal,89.5968451242842
1591,heartRateBpm,158.86334984520613
1592,speedMps,2.9148346102819427
1592,paceSecPerKm,343.07263831455367
1592,cadenceSpm,172.965620115238
1592,distanceM,4503.940510766889
1592,motionIntensityG,0.8660000000000001
1592,activeEnergyKcal,89.65487571701843
1592,heartRateBpm,157.9812917874477
1593,speedMps,2.93382897647277
1593,paceSecPerKm,340.8514974864901
1593,cadenceSpm,175.1942582897663
1593,distanceM,4506.874339743362
1593,motionIntensityG,0.8660000000000001
1593,activeEnergyKcal,89.71290630975265
1593,heartRateBpm,156.9075269625809
1594,speedMps,3.029034605370055
1594,paceSecPerKm,330.13818931851745
1594,cadenceSpm,174.6849821870352
1594,distanceM,4509.903374348732
1594,motionIntensityG,0.8660000000000001
1594,activeEnergyKcal,89.77093690248688
1594,heartRateBpm,157.28424338087203
1595,speedMps,2.798901036141116
1595,paceSecPerKm,357.2830861425218
1595,cadenceSpm,172.04088208393395
1595,distanceM,4512.702275384872
1595,motionIntensityG,0.8660000000000001
1595,activeEnergyKcal,89.82896749522111
1595,heartRateBpm,157.88784550368413
1596,speedMps,2.7210095856249836
1596,paceSecPerKm,367.5106494600282
1596,cadenceSpm,174.36500821540398
1596,distanceM,4515.423284970498
1596,motionIntensityG,0.8660000000000001
1596,activeEnergyKcal,89.88699808795533
1596,heartRateBpm,157.87830258024348
1597,speedMps,2.8747336323257655
1597,paceSecPerKm,347.85831589932843
1597,cadenceSpm,173.30733361588128
1597,distanceM,4518.2980186028235
1597,motionIntensityG,0.8660000000000001
1597,activeEnergyKcal,89.94502868068956
1597,heartRateBpm,157.58980463460097
1598,speedMps,2.827577433958905
1598,paceSecPerKm,353.6596338583361
1598,cadenceSpm,172.5481548941979
1598,distanceM,4521.125596036783
1598,motionIntensityG,0.8660000000000001
1598,activeEnergyKcal,90.00305927342379
1598,heartRateBpm,157.2774828169918
1599,speedMps,2.859321170747437
1599,paceSecPerKm,349.73335987247503
1599,cadenceSpm,174.03540301925534
1599,distanceM,4523.98491720753
1599,motionIntensityG,0.8660000000000001
1599,activeEnergyKcal,90.06108986615801
1599,heartRateBpm,146.29367785474608
1600,speedMps,2.907544790622004
1600,paceSecPerKm,343.93279278977934
1600,cadenceSpm,174.6274926790445
1600,distanceM,4526.892461998152
1600,motionIntensityG,0.8660000000000001
1600,activeEnergyKcal,90.11912045889224
1600,heartRateBpm,135.16022667086642
1601,speedMps,2.9192068600228978
1601,paceSecPerKm,342.5588003695484
1601,cadenceSpm,177.0138696781109
1601,distanceM,4529.811668858175
1601,motionIntensityG,0.8660000000000001
1601,activeEnergyKcal,90.17715105162647
1601,heartRateBpm,122.44643504498839
1602,speedMps,2.8653382220562005
1602,paceSecPerKm,348.998939218557
1602,cadenceSpm,173.58241745288592
1602,distanceM,4532.677007080231
1602,motionIntensityG,0.8660000000000001
1602,activeEnergyKcal,90.2351816443607
1602,heartRateBpm,122.06353301832094
1603,speedMps,2.8917985175209275
1603,paceSecPerKm,345.8055580086807
1603,cadenceSpm,177.05946383500185
1603,distanceM,4535.5688055977525
1603,motionIntensityG,0.8660000000000001
1603,activeEnergyKcal,90.29321223709492
1603,heartRateBpm,125.5559014935953
1604,speedMps,2.89242991657954
1604,paceSecPerKm,345.7300708542511
1604,cadenceSpm,174.7282322070173
1604,distanceM,4538.461235514332
1604,motionIntensityG,0.8660000000000001
1604,activeEnergyKcal,90.35124282982915
1604,heartRateBpm,125.6540177244116
1605,speedMps,2.9479776102047817
1605,paceSecPerKm,339.21560209222037
1605,cadenceSpm,173.1265109019519
1605,distanceM,4541.409213124536
1605,motionIntensityG,0.8660000000000001
1605,activeEnergyKcal,90.40927342256337
1605,heartRateBpm,125.1426577104056
1606,speedMps,2.9974290955282283
1606,paceSecPerKm,333.6192343938574
1606,cadenceSpm,173.4959871420173
1606,distanceM,4544.406642220064
1606,motionIntensityG,0.8660000000000001
1606,activeEnergyKcal,90.4673040152976
1606,heartRateBpm,127.3302187375383
1607,speedMps,2.8199194701297103
1607,paceSecPerKm,354.62005585358156
1607,cadenceSpm,172.30062312469042
1607,distanceM,4547.226561690194
1607,motionIntensityG,0.8660000000000001
1607,activeEnergyKcal,90.52533460803183
1607,heartRateBpm,128.89305870030526
1608,speedMps,2.7669161649118883
1608,paceSecPerKm,361.41319085894486
1608,cadenceSpm,172.928616425879
1608,distanceM,4549.993477855106
1608,motionIntensityG,0.8660000000000001
1608,activeEnergyKcal,90.58336520076605
1608,heartRateBpm,130.47143246721754
1609,speedMps,2.8672444542125546
1609,paceSecPerKm,348.76691400721006
1609,cadenceSpm,173.87876919367912
1609,distanceM,4552.860722309319
1609,motionIntensityG,0.8660000000000001
1609,activeEnergyKcal,90.64139579350028
1609,heartRateBpm,130.83539989641525
1610,speedMps,2.7771976848085065
1610,paceSecPerKm,360.0751957522073
1610,cadenceSpm,175.44633466935508
1610,distanceM,4555.6379199941275
1610,motionIntensityG,0.8660000000000001
1610,activeEnergyKcal,90.6994263862345
1610,heartRateBpm,131.16143311993625
1611,speedMps,2.8795530161707052
1611,paceSecPerKm,347.27612042018336
1611,cadenceSpm,174.02498617616922
1611,distanceM,4558.517473010298
1611,motionIntensityG,0.8660000000000001
1611,activeEnergyKcal,90.75745697896873
1611,heartRateBpm,131.1845026306653
1612,speedMps,3.020514076951936
1612,paceSecPerKm,331.0694717930668
1612,cadenceSpm,173.10257613227265
1612,distanceM,4561.53798708725
1612,motionIntensityG,0.8660000000000001
1612,activeEnergyKcal,90.81548757170296
1612,heartRateBpm,128.94994738799193
1613,speedMps,2.917453162040382
1613,paceSecPerKm,342.76471444725064
1613,cadenceSpm,173.90155090346943
1613,distanceM,4564.45544024929
1613,motionIntensityG,0.8660000000000001
1613,activeEnergyKcal,90.87351816443719
1613,heartRateBpm,130.31093073173156
1614,speedMps,2.9386203022068007
1614,paceSecPerKm,340.2957501004928
1614,cadenceSpm,171.98367701569038
1614,distanceM,4567.394060551497
1614,motionIntensityG,0.8660000000000001
1614,activeEnergyKcal,90.93154875717141
1614,heartRateBpm,129.64519155504462
1615,speedMps,2.96366158959942
1615,paceSecPerKm,337.4204408186712
1615,cadenceSpm,174.12278401119744
1615,distanceM,4570.357722141097
1615,motionIntensityG,0.8660000000000001
1615,activeEnergyKcal,90.98957934990564
1615,heartRateBpm,132.28872593379208
1616,speedMps,2.9528657730994463
1616,paceSecPerKm,338.6540658603523
1616,cadenceSpm,172.5072983714868
1616,distanceM,4573.310587914197
1616,motionIntensityG,0.8660000000000001
1616,activeEnergyKcal,91.04760994263987
1616,heartRateBpm,132.52587956725606
1617,speedMps,2.8704093101848542
1617,paceSecPerKm,348.38237057404194
1617,cadenceSpm,174.83452854416038
1617,distanceM,4576.180997224382
1617,motionIntensityG,0.8660000000000001
1617,activeEnergyKcal,91.10564053537409
1617,heartRateBpm,132.46890802207912
1618,speedMps,2.8780548583906866
1618,paceSecPerKm,347.45689335441193
1618,cadenceSpm,175.0736640847734
1618,distanceM,4579.059052082773
1618,motionIntensityG,0.8660000000000001
1618,activeEnergyKcal,91.16367112810832
1618,heartRateBpm,133.4910463118166
1619,speedMps,3.0333850261895483
1619,paceSecPerKm,329.6647116558663
1619,cadenceSpm,173.0834184985865
1619,distanceM,4582.092437108962
1619,motionIntensityG,0.8660000000000001
1619,activeEnergyKcal,91.22170172084255
1619,heartRateBpm,134.9372600105536
1620,speedMps,2.8044974190118244
1620,paceSecPerKm,356.5701266904193
1620,cadenceSpm,174.19393760615137
1620,distanceM,4584.896934527974
1620,motionIntensityG,0.8660000000000001
1620,activeEnergyKcal,91.27973231357677
1620,heartRateBpm,136.66231881700804
1621,speedMps,2.890740258384491
1621,paceSecPerKm,345.9321525341251
1621,cadenceSpm,171.37601994756986
1621,distanceM,4587.787674786358
1621,motionIntensityG,0.8660000000000001
1621,activeEnergyKcal,91.337762906311
1621,heartRateBpm,137.8510360308636
1622,speedMps,2.8589643483482856
1622,paceSecPerKm,349.77700948867437
1622,cadenceSpm,175.08172088809692
1622,distanceM,4590.646639134707
1622,motionIntensityG,0.8660000000000001
1622,activeEnergyKcal,91.39579349904523
1622,heartRateBpm,137.99088814684833
1623,speedMps,2.910592695102437
1623,paceSecPerKm,343.57263442688793
1623,cadenceSpm,172.69463941824992
1623,distanceM,4593.557231829809
1623,motionIntensityG,0.8660000000000001
1623,activeEnergyKcal,91.45382409177945
1623,heartRateBpm,138.87251214798306
1624,speedMps,3.024021535685493
1624,paceSecPerKm,330.6854756817456
1624,cadenceSpm,173.0308765100499
1624,distanceM,4596.581253365494
1624,motionIntensityG,0.8660000000000001
1624,activeEnergyKcal,91.51185468451368
1624,heartRateBpm,138.38899156259035
1625,speedMps,2.8926095014703104
1625,paceSecPerKm,345.70860653389303
1625,cadenceSpm,174.36903881571496
1625,distanceM,4599.473862866965
1625,motionIntensityG,0.8660000000000001
1625,activeEnergyKcal,91.5698852772479
1625,heartRateBpm,138.20512009618682
1626,speedMps,2.8577969874030473
1626,paceSecPerKm,349.9198873845568
1626,cadenceSpm,174.0320897326723
1626,distanceM,4602.331659854368
1626,motionIntensityG,0.8660000000000001
1626,activeEnergyKcal,91.62791586998213
1626,heartRateBpm,137.66206429843044
1627,speedMps,2.9798116835535904
1627,paceSecPerKm,335.59167699062266
1627,cadenceSpm,174.78954583517395
1627,distanceM,4605.3114715379215
1627,motionIntensityG,0.8660000000000001
1627,activeEnergyKcal,91.68594646271636
1627,heartRateBpm,137.16202561810687
1628,speedMps,2.8665987600412923
1628,paceSecPerKm,348.84547287866525
1628,cadenceSpm,174.35274964412594
1628,distanceM,4608.178070297963
1628,motionIntensityG,0.8660000000000001
1628,activeEnergyKcal,91.74397705545059
1628,heartRateBpm,136.9147143510955
1629,speedMps,2.6881305104211313
1629,paceSecPerKm,372.0057475346823
1629,cadenceSpm,173.11944624941978
1629,distanceM,4610.866200808384
1629,motionIntensityG,0.8660000000000001
1629,activeEnergyKcal,91.80200764818481
1629,heartRateBpm,138.0668104111223
1630,speedMps,2.828528045148813
1630,paceSecPerKm,353.5407759930443
1630,cadenceSpm,174.3176406283961
1630,distanceM,4613.694728853533
1630,motionIntensityG,0.8660000000000001
1630,activeEnergyKcal,91.86003824091904
1630,heartRateBpm,139.61089369825922
1631,speedMps,2.853917043104709
1631,paceSecPerKm,350.3956088759061
1631,cadenceSpm,173.87646205786513
1631,distanceM,4616.548645896638
1631,motionIntensityG,0.8660000000000001
1631,activeEnergyKcal,91.91806883365327
1631,heartRateBpm,139.40995349369408
1632,speedMps,2.809727997375687
1632,paceSecPerKm,355.90633717356616
1632,cadenceSpm,174.2625102248964
1632,distanceM,4619.358373894013
1632,motionIntensityG,0.8660000000000001
1632,activeEnergyKcal,91.97609942638749
1632,heartRateBpm,140.50263459186738
1633,speedMps,2.92622826879292
1633,paceSecPerKm,341.7368394204269
1633,cadenceSpm,174.235760561866
1633,distanceM,4622.284602162807
1633,motionIntensityG,0.8660000000000001
1633,activeEnergyKcal,92.03413001912172
1633,heartRateBpm,139.80239484904195
1634,speedMps,3.086170615572228
1634,paceSecPerKm,324.026155570982
1634,cadenceSpm,172.36052950459035
1634,distanceM,4625.3707727783785
1634,motionIntensityG,0.8660000000000001
1634,activeEnergyKcal,92.09216061185595
1634,heartRateBpm,143.2202766543059
1635,speedMps,2.9699387467987455
1635,paceSecPerKm,336.70728094237154
1635,cadenceSpm,175.40760718282692
1635,distanceM,4628.3407115251775
1635,motionIntensityG,0.8660000000000001
1635,activeEnergyKcal,92.15019120459017
1635,heartRateBpm,143.65615908587066
1636,speedMps,2.922448191639638
1636,paceSecPerKm,342.17886320816194
1636,cadenceSpm,174.0548108309905
1636,distanceM,4631.263159716817
1636,motionIntensityG,0.8660000000000001
1636,activeEnergyKcal,92.2082217973244
1636,heartRateBpm,145.98083595635757
1637,speedMps,2.9807115137605775
1637,paceSecPerKm,335.49036710981886
1637,cadenceSpm,173.17352941962562
1637,distanceM,4634.243871230578
1637,motionIntensityG,0.8660000000000001
1637,activeEnergyKcal,92.26625239005863
1637,heartRateBpm,149.47854914452904
1638,speedMps,3.00510634560109
1638,paceSecPerKm,332.7669256909366
1638,cadenceSpm,175.02885207321785
1638,distanceM,4637.24897757618
1638,motionIntensityG,0.8660000000000001
1638,activeEnergyKcal,92.32428298279285
1638,heartRateBpm,149.39530426394072
1639,speedMps,2.905557494020982
1639,paceSecPerKm,344.16803042369213
1639,cadenceSpm,172.94772979637943
1639,distanceM,4640.154535070201
1639,motionIntensityG,0.8660000000000001
1639,activeEnergyKcal,92.38231357552708
1639,heartRateBpm,149.53570315017146
1640,speedMps,2.6951190183150375
1640,paceSecPerKm,371.04112775887364
1640,cadenceSpm,173.7048925917146
1640,distanceM,4642.849654088516
1640,motionIntensityG,0.8660000000000001
1640,activeEnergyKcal,92.4403441682613
1640,heartRateBpm,150.4543283614615
1641,speedMps,2.959615740635979
1641,paceSecPerKm,337.8817007457577
1641,cadenceSpm,172.41673135172618
1641,distanceM,4645.809269829152
1641,motionIntensityG,0.8660000000000001
1641,activeEnergyKcal,92.49837476099553
1641,heartRateBpm,150.46737702344632
1642,speedMps,2.8367900373402364
1642,paceSecPerKm,352.5111082727843
1642,cadenceSpm,171.28798502081406
1642,distanceM,4648.646059866493
1642,motionIntensityG,0.8660000000000001
1642,activeEnergyKcal,92.55640535372976
1642,heartRateBpm,151.39043321237799
1643,speedMps,2.89315278009963
1643,paceSecPerKm,345.64368908494475
1643,cadenceSpm,173.58008189060115
1643,distanceM,4651.539212646592
1643,motionIntensityG,0.8660000000000001
1643,activeEnergyKcal,92.61443594646398
1643,heartRateBpm,150.2317541792073
1644,speedMps,2.8405945878049383
1644,paceSecPerKm,352.03897250707195
1644,cadenceSpm,172.87166047601582
1644,distanceM,4654.379807234397
1644,motionIntensityG,0.8660000000000001
1644,activeEnergyKcal,92.67246653919821
1644,heartRateBpm,150.95308935808842
1645,speedMps,2.803035266589347
1645,paceSecPerKm,356.7561250189946
1645,cadenceSpm,174.33387853996734
1645,distanceM,4657.182842500986
1645,motionIntensityG,0.8660000000000001
1645,activeEnergyKcal,92.73049713193244
1645,heartRateBpm,150.99332149231537
1646,speedMps,2.8608849815202366
1646,paceSecPerKm,349.54218937827176
1646,cadenceSpm,173.56626570068585
1646,distanceM,4660.043727482506
1646,motionIntensityG,0.8660000000000001
1646,activeEnergyKcal,92.78852772466666
1646,heartRateBpm,151.4935693230986
1647,speedMps,2.8895610145870174
1647,paceSecPerKm,346.07332911533007
1647,cadenceSpm,172.16812464169877
1647,distanceM,4662.933288497094
1647,motionIntensityG,0.8660000000000001
1647,activeEnergyKcal,92.84655831740089
1647,heartRateBpm,153.22632531161227
1648,speedMps,2.7799405567298816
1648,paceSecPerKm,359.7199219167214
1648,cadenceSpm,172.96176890214699
1648,distanceM,4665.713229053824
1648,motionIntensityG,0.8660000000000001
1648,activeEnergyKcal,92.90458891013512
1648,heartRateBpm,152.9867979879149
1649,speedMps,2.9457061902716233
1649,paceSecPerKm,339.4771696181248
1649,cadenceSpm,173.81046190472262
1649,distanceM,4668.658935244095
1649,motionIntensityG,0.8660000000000001
1649,activeEnergyKcal,92.96261950286934
1649,heartRateBpm,154.84580352897763
1650,speedMps,2.891368637934162
1650,paceSecPerKm,345.8569712904144
1650,cadenceSpm,171.95421112841254
1650,distanceM,4671.550303882029
1650,motionIntensityG,0.8660000000000001
1650,activeEnergyKcal,93.02065009560357
1650,heartRateBpm,154.42506813049076
1651,speedMps,2.81788391517164
1651,paceSecPerKm,354.87622276274254
1651,cadenceSpm,172.89015316629235
1651,distanceM,4674.3681877972
1651,motionIntensityG,0.8660000000000001
1651,activeEnergyKcal,93.0786806883378
1651,heartRateBpm,154.2115308400984
1652,speedMps,2.912142007199029
1652,paceSecPerKm,343.38984758570376
1652,cadenceSpm,176.40220357129354
1652,distanceM,4677.280329804399
1652,motionIntensityG,0.8660000000000001
1652,activeEnergyKcal,93.13671128107202
1652,heartRateBpm,154.35672207085665
1653,speedMps,2.8641261405976657
1653,paceSecPerKm,349.14663353176445
1653,cadenceSpm,174.54823645710667
1653,distanceM,4680.1444559449965
1653,motionIntensityG,0.8660000000000001
1653,activeEnergyKcal,93.19474187380625
1653,heartRateBpm,156.0731850800169
1654,speedMps,2.8937347695797984
1654,paceSecPerKm,345.5741730418544
1654,cadenceSpm,175.8794979018612
1654,distanceM,4683.038190714577
1654,motionIntensityG,0.8660000000000001
1654,activeEnergyKcal,93.25277246654048
1654,heartRateBpm,157.66900312296002
1655,speedMps,2.881042040881521
1655,paceSecPerKm,347.09663580404646
1655,cadenceSpm,172.67219369266735
1655,distanceM,4685.919232755458
1655,motionIntensityG,0.8660000000000001
1655,activeEnergyKcal,93.3108030592747
1655,heartRateBpm,158.21651098327155
1656,speedMps,2.711000684900671
1656,paceSecPerKm,368.8674833502077
1656,cadenceSpm,173.33672952008402
1656,distanceM,4688.630233440359
1656,motionIntensityG,0.8660000000000001
1656,activeEnergyKcal,93.36883365200893
1656,heartRateBpm,157.98805661392493
1657,speedMps,2.8601776341449887
1657,paceSecPerKm,349.62863427149915
1657,cadenceSpm,172.33405177129663
1657,distanceM,4691.490411074504
1657,motionIntensityG,0.8660000000000001
1657,activeEnergyKcal,93.42686424474316
1657,heartRateBpm,157.93789104828957
1658,speedMps,2.8342699941024416
1658,paceSecPerKm,352.82453756374775
1658,cadenceSpm,174.81181115645057
1658,distanceM,4694.324681068606
1658,motionIntensityG,0.8660000000000001
1658,activeEnergyKcal,93.48489483747738
1658,heartRateBpm,157.55841172329858
1659,speedMps,2.9433398106998374
1659,paceSecPerKm,339.75010169221
1659,cadenceSpm,173.49519135854868
1659,distanceM,4697.268020879305
1659,motionIntensityG,0.8660000000000001
1659,activeEnergyKcal,93.54292543021161
1659,heartRateBpm,156.1018935187695
1660,speedMps,2.8656340481859424
1660,paceSecPerKm,348.96291123880206
1660,cadenceSpm,172.16892563233353
1660,distanceM,4700.133654927491
1660,motionIntensityG,0.8660000000000001
1660,activeEnergyKcal,93.60095602294584
1660,heartRateBpm,155.64041080019513
1661,speedMps,2.861167615723408
1661,paceSecPerKm,349.5076606153895
1661,cadenceSpm,175.7090889458604
1661,distanceM,4702.9948225432145
1661,motionIntensityG,0.8660000000000001
1661,activeEnergyKcal,93.65898661568006
1661,heartRateBpm,155.9421803884839
1662,speedMps,2.871392618489297
1662,paceSecPerKm,348.26306704309985
1662,cadenceSpm,173.89172021917457
1662,distanceM,4705.866215161704
1662,motionIntensityG,0.8660000000000001
1662,activeEnergyKcal,93.71701720841429
1662,heartRateBpm,154.90990783583953
1663,speedMps,2.9717693992199172
1663,paceSecPerKm,336.4998644452351
1663,cadenceSpm,172.04264919205318
1663,distanceM,4708.837984560923
1663,motionIntensityG,0.8660000000000001
1663,activeEnergyKcal,93.77504780114852
1663,heartRateBpm,154.6691835536051
1664,speedMps,2.8665666040179203
1664,paceSecPerKm,348.84938609078574
1664,cadenceSpm,172.81639414763282
1664,distanceM,4711.704551164941
1664,motionIntensityG,0.8660000000000001
1664,activeEnergyKcal,93.83307839388274
1664,heartRateBpm,155.4928253721258
1665,speedMps,2.80186939838588
1665,paceSecPerKm,356.9045725600511
1665,cadenceSpm,174.4139497177632
1665,distanceM,4714.506420563327
1665,motionIntensityG,0.8660000000000001
1665,activeEnergyKcal,93.89110898661697
1665,heartRateBpm,154.6192815860837
1666,speedMps,2.9382988334494775
1666,paceSecPerKm,340.33298064037587
1666,cadenceSpm,172.36175875274208
1666,distanceM,4717.444719396776
1666,motionIntensityG,0.8660000000000001
1666,activeEnergyKcal,93.9491395793512
1666,heartRateBpm,155.12890835495867
1667,speedMps,2.9156256594639514
1667,paceSecPerKm,342.97955800809274
1667,cadenceSpm,174.79827608286885
1667,distanceM,4720.3603450562405
1667,motionIntensityG,0.8660000000000001
1667,activeEnergyKcal,94.00717017208542
1667,heartRateBpm,152.89165997337622
1668,speedMps,2.920190281065769
1668,paceSecPerKm,342.4434381841153
1668,cadenceSpm,172.13582484124103
1668,distanceM,4723.280535337306
1668,motionIntensityG,0.8660000000000001
1668,activeEnergyKcal,94.06520076481965
1668,heartRateBpm,153.37203499050798
1669,speedMps,2.8274357458365773
1669,paceSecPerKm,353.6773564076596
1669,cadenceSpm,174.51100558162938
1669,distanceM,4726.107971083143
1669,motionIntensityG,0.8660000000000001
1669,activeEnergyKcal,94.12323135755388
1669,heartRateBpm,152.9450487949871
1670,speedMps,2.8336616061425963
1670,paceSecPerKm,352.90028909319165
1670,cadenceSpm,176.7071219725906
1670,distanceM,4728.941632689285
1670,motionIntensityG,0.8660000000000001
1670,activeEnergyKcal,94.1812619502881
1670,heartRateBpm,152.3917016592251
1671,speedMps,2.761877726573626
1671,paceSecPerKm,362.0725097198984
1671,cadenceSpm,176.02481244597774
1671,distanceM,4731.703510415859
1671,motionIntensityG,0.8660000000000001
1671,activeEnergyKcal,94.23929254302233
1671,heartRateBpm,153.71221426575565
1672,speedMps,2.925194246647944
1672,paceSecPerKm,341.85763941862183
1672,cadenceSpm,174.10245853074588
1672,distanceM,4734.628704662507
1672,motionIntensityG,0.8660000000000001
1672,activeEnergyKcal,94.29732313575656
1672,heartRateBpm,153.87716715428257
1673,speedMps,3.051296194405145
1673,paceSecPerKm,327.7295733641327
1673,cadenceSpm,176.94052761221587
1673,distanceM,4737.680000856912
1673,motionIntensityG,0.8660000000000001
1673,activeEnergyKcal,94.35535372849078
1673,heartRateBpm,153.6204874381006
1674,speedMps,3.0115614623049973
1674,paceSecPerKm,332.0536580497405
1674,cadenceSpm,173.48432077468078
1674,distanceM,4740.691562319216
1674,motionIntensityG,0.8660000000000001
1674,activeEnergyKcal,94.41338432122501
1674,heartRateBpm,154.495088952875
1675,speedMps,2.920681709500388
1675,paceSecPerKm,342.38581929253087
1675,cadenceSpm,170.6474359459497
1675,distanceM,4743.612244028716
1675,motionIntensityG,0.8660000000000001
1675,activeEnergyKcal,94.47141491395924
1675,heartRateBpm,156.23882427898639
1676,speedMps,2.7045470846507267
1676,paceSecPerKm,369.7476763023865
1676,cadenceSpm,172.41487256221248
1676,distanceM,4746.316791113367
1676,motionIntensityG,0.8660000000000001
1676,activeEnergyKcal,94.52944550669346
1676,heartRateBpm,154.64615077301545
1677,speedMps,2.890441982944972
1677,paceSecPerKm,345.967850557282
1677,cadenceSpm,175.41583856245708
1677,distanceM,4749.207233096312
1677,motionIntensityG,0.8660000000000001
1677,activeEnergyKcal,94.58747609942769
1677,heartRateBpm,153.42133609656736
1678,speedMps,2.995954065650738
1678,paceSecPerKm,333.78348869404124
1678,cadenceSpm,173.98214905384486
1678,distanceM,4752.203187161963
1678,motionIntensityG,0.8660000000000001
1678,activeEnergyKcal,94.64550669216192
1678,heartRateBpm,153.42990146202746
1679,speedMps,3.0021078402786237
1679,paceSecPerKm,333.09929329760206
1679,cadenceSpm,173.64078247883856
1679,distanceM,4755.205295002242
1679,motionIntensityG,0.8660000000000001
1679,activeEnergyKcal,94.70353728489614
1679,heartRateBpm,153.97567376881878
1680,speedMps,2.828341082055343
1680,paceSecPerKm,353.5641462568243
1680,cadenceSpm,173.31640192193586
1680,distanceM,4758.033636084297
1680,motionIntensityG,0.8660000000000001
1680,activeEnergyKcal,94.76156787763037
1680,heartRateBpm,154.15474723078947
1681,speedMps,2.94192779126739
1681,paceSecPerKm,339.9131695102542
1681,cadenceSpm,173.10956393983025
1681,distanceM,4760.975563875564
1681,motionIntensityG,0.8660000000000001
1681,activeEnergyKcal,94.8195984703646
1681,heartRateBpm,156.64103373112732
1682,speedMps,2.9371761684598896
1682,paceSecPerKm,340.4630647416531
1682,cadenceSpm,173.71487179554885
1682,distanceM,4763.912740044024
1682,motionIntensityG,0.8660000000000001
1682,activeEnergyKcal,94.87762906309882
1682,heartRateBpm,157.2817588178192
1683,speedMps,2.9201033681936397
1683,paceSecPerKm,342.45363054342647
1683,cadenceSpm,172.0704592972889
1683,distanceM,4766.832843412218
1683,motionIntensityG,0.8660000000000001
1683,activeEnergyKcal,94.93565965583305
1683,heartRateBpm,156.6870702492161
1684,speedMps,2.900647393607434
1684,paceSecPerKm,344.7506243619411
1684,cadenceSpm,175.13831938863058
1684,distanceM,4769.733490805826
1684,motionIntensityG,0.8660000000000001
1684,activeEnergyKcal,94.99369024856728
1684,heartRateBpm,156.06165323963154
1685,speedMps,2.8870026956404704
1685,paceSecPerKm,346.3800021766706
1685,cadenceSpm,173.30588450415235
1685,distanceM,4772.620493501466
1685,motionIntensityG,0.8660000000000001
1685,activeEnergyKcal,95.0517208413015
1685,heartRateBpm,156.5149572446778
1686,speedMps,2.871179130310306
1686,paceSecPerKm,348.2889623441655
1686,cadenceSpm,173.75420570547922
1686,distanceM,4775.491672631776
1686,motionIntensityG,0.8660000000000001
1686,activeEnergyKcal,95.10975143403573
1686,heartRateBpm,158.16530571768152
1687,speedMps,2.9293752869895155
1687,paceSecPerKm,341.3697126624183
1687,cadenceSpm,177.06942767699653
1687,distanceM,4778.421047918766
1687,motionIntensityG,0.8660000000000001
1687,activeEnergyKcal,95.16778202676996
1687,heartRateBpm,159.3893426495352
1688,speedMps,2.845461354430532
1688,paceSecPerKm,351.43685871640736
1688,cadenceSpm,174.29752911895173
1688,distanceM,4781.266509273197
1688,motionIntensityG,0.8660000000000001
1688,activeEnergyKcal,95.22581261950418
1688,heartRateBpm,160.0352809559613
1689,speedMps,2.959038541369981
1689,paceSecPerKm,337.9476090017463
1689,cadenceSpm,173.3119990576299
1689,distanceM,4784.225547814567
1689,motionIntensityG,0.8660000000000001
1689,activeEnergyKcal,95.28384321223841
1689,heartRateBpm,158.82478536264665
1690,speedMps,2.84286569674298
1690,paceSecPerKm,351.75773556439265
1690,cadenceSpm,174.63714494376708
1690,distanceM,4787.06841351131
1690,motionIntensityG,0.8660000000000001
1690,activeEnergyKcal,95.34187380497264
1690,heartRateBpm,157.4519294986409
1691,speedMps,3.0092414920914394
1691,paceSecPerKm,332.3096543192333
1691,cadenceSpm,171.24736289428458
1691,distanceM,4790.077655003402
1691,motionIntensityG,0.8660000000000001
1691,activeEnergyKcal,95.39990439770686
1691,heartRateBpm,157.63531211940898
1692,speedMps,2.890694593565335
1692,paceSecPerKm,345.93761728616806
1692,cadenceSpm,173.1982991140533
1692,distanceM,4792.968349596967
1692,motionIntensityG,0.8660000000000001
1692,activeEnergyKcal,95.45793499044109
1692,heartRateBpm,158.5398532439082
1693,speedMps,2.791696642003094
1693,paceSecPerKm,358.205109020184
1693,cadenceSpm,174.35263775652288
1693,distanceM,4795.76004623897
1693,motionIntensityG,0.8660000000000001
1693,activeEnergyKcal,95.51596558317532
1693,heartRateBpm,159.19850366700356
1694,speedMps,2.9025362705759896
1694,paceSecPerKm,344.5262717773227
1694,cadenceSpm,176.17851173050022
1694,distanceM,4798.662582509546
1694,motionIntensityG,0.8660000000000001
1694,activeEnergyKcal,95.57399617590954
1694,heartRateBpm,158.78333741691137
1695,speedMps,2.913037472249897
1695,paceSecPerKm,343.28428986107264
1695,cadenceSpm,172.27335680773783
1695,distanceM,4801.575619981796
1695,motionIntensityG,0.8660000000000001
1695,activeEnergyKcal,95.63202676864377
1695,heartRateBpm,159.623293509452
1696,speedMps,2.960849359997627
1696,paceSecPerKm,337.7409244490579
1696,cadenceSpm,172.57161475563805
1696,distanceM,4804.536469341794
1696,motionIntensityG,0.8660000000000001
1696,activeEnergyKcal,95.690057361378
1696,heartRateBpm,159.27245269246137
1697,speedMps,2.9125534804866056
1697,paceSecPerKm,343.34133491445044
1697,cadenceSpm,173.1540352579302
1697,distanceM,4807.44902282228
1697,motionIntensityG,0.8660000000000001
1697,activeEnergyKcal,95.74808795411222
1697,heartRateBpm,159.80720469080703
1698,speedMps,2.9790689508465102
1698,paceSecPerKm,335.6753457202954
1698,cadenceSpm,174.73065259676477
1698,distanceM,4810.428091773127
1698,motionIntensityG,0.8660000000000001
1698,activeEnergyKcal,95.80611854684645
1698,heartRateBpm,160.60116200659027
1699,speedMps,2.9377048014543163
1699,paceSecPerKm,340.4017992226272
1699,cadenceSpm,173.17626769742753
1699,distanceM,4813.365796574581
1699,motionIntensityG,0.8660000000000001
1699,activeEnergyKcal,95.86414913958068
1699,heartRateBpm,161.511822814071
1700,speedMps,2.8626918295767863
1700,paceSecPerKm,349.32156848606286
1700,cadenceSpm,174.10441058576512
1700,distanceM,4816.228488404157
1700,motionIntensityG,0.8660000000000001
1700,activeEnergyKcal,95.9221797323149
1700,heartRateBpm,159.97693824319578
1701,speedMps,2.8004362183184504
1701,paceSecPerKm,357.08722571816327
1701,cadenceSpm,170.4734905017094
1701,distanceM,4819.028924622476
1701,motionIntensityG,0.8660000000000001
1701,activeEnergyKcal,95.98021032504913
1701,heartRateBpm,160.5991353252572
1702,speedMps,2.9033579489837726
1702,paceSecPerKm,344.42876750695444
1702,cadenceSpm,174.1956586772422
1702,distanceM,4821.93228257146
1702,motionIntensityG,0.8660000000000001
1702,activeEnergyKcal,96.03824091778336
1702,heartRateBpm,161.46742517046414
1703,speedMps,2.833628036948826
1703,paceSecPerKm,352.90446980358547
1703,cadenceSpm,171.85305940705163
1703,distanceM,4824.765910608408
1703,motionIntensityG,0.8660000000000001
1703,activeEnergyKcal,96.09627151051758
1703,heartRateBpm,160.403661331079
1704,speedMps,2.825315941498795
1704,paceSecPerKm,353.9427167460473
1704,cadenceSpm,174.48670841501212
1704,distanceM,4827.591226549907
1704,motionIntensityG,0.8660000000000001
1704,activeEnergyKcal,96.15430210325181
1704,heartRateBpm,161.4117447746035
1705,speedMps,2.7577996468259873
1705,paceSecPerKm,362.6079222799677
1705,cadenceSpm,174.17928507370758
1705,distanceM,4830.349026196734
1705,motionIntensityG,0.8660000000000001
1705,activeEnergyKcal,96.21233269598603
1705,heartRateBpm,161.38719429407365
1706,speedMps,2.945183460566225
1706,paceSecPerKm,339.5374221637607
1706,cadenceSpm,171.7520190663049
1706,distanceM,4833.2942096573
1706,motionIntensityG,0.8660000000000001
1706,activeEnergyKcal,96.27036328872026
1706,heartRateBpm,161.93488203194048
1707,speedMps,2.839406010030297
1707,paceSecPerKm,352.18633632085954
1707,cadenceSpm,175.5338736738797
1707,distanceM,4836.13361566733
1707,motionIntensityG,0.8660000000000001
1707,activeEnergyKcal,96.32839388145449
1707,heartRateBpm,162.08475263125482
1708,speedMps,2.8751882133421627
1708,paceSecPerKm,347.80331783482956
1708,cadenceSpm,175.61458512801448
1708,distanceM,4839.008803880672
1708,motionIntensityG,0.8660000000000001
1708,activeEnergyKcal,96.38642447418871
1708,heartRateBpm,160.18323502426009
1709,speedMps,2.8264593313264577
1709,paceSecPerKm,353.7995360190447
1709,cadenceSpm,174.27175416292903
1709,distanceM,4841.835263211998
1709,motionIntensityG,0.8660000000000001
1709,activeEnergyKcal,96.44445506692294
1709,heartRateBpm,160.58181516765612
1710,speedMps,2.8825654596604906
1710,paceSecPerKm,346.9131972870376
1710,cadenceSpm,173.8285089860932
1710,distanceM,4844.717828671658
1710,motionIntensityG,0.8660000000000001
1710,activeEnergyKcal,96.50248565965717
1710,heartRateBpm,160.9742978634718
1711,speedMps,2.976505352916623
1711,paceSecPerKm,335.96445543768914
1711,cadenceSpm,172.99818081769186
1711,distanceM,4847.694334024574
1711,motionIntensityG,0.8660000000000001
1711,activeEnergyKcal,96.5605162523914
1711,heartRateBpm,160.5335174403983
1712,speedMps,2.9512756684946524
1712,paceSecPerKm,338.83652776836897
1712,cadenceSpm,172.90175300946893
1712,distanceM,4850.645609693069
1712,motionIntensityG,0.8660000000000001
1712,activeEnergyKcal,96.61854684512562
1712,heartRateBpm,160.2837585512539
1713,speedMps,2.7676945044625887
1713,paceSecPerKm,361.31155313117654
1713,cadenceSpm,170.94751661419372
1713,distanceM,4853.413304197531
1713,motionIntensityG,0.8660000000000001
1713,activeEnergyKcal,96.67657743785985
1713,heartRateBpm,161.02366692087654
1714,speedMps,2.8394529187669324
1714,paceSecPerKm,352.18051808172345
1714,cadenceSpm,172.49699024679697
1714,distanceM,4856.252757116298
1714,motionIntensityG,0.8660000000000001
1714,activeEnergyKcal,96.73460803059407
1714,heartRateBpm,161.60917176153555
1715,speedMps,2.872318022147657
1715,paceSecPerKm,348.15086361930474
1715,cadenceSpm,175.4663710491673
1715,distanceM,4859.125075138446
1715,motionIntensityG,0.8660000000000001
1715,activeEnergyKcal,96.7926386233283
1715,heartRateBpm,161.5659195301707
1716,speedMps,2.8097158062671337
1716,paceSecPerKm,355.90788141970717
1716,cadenceSpm,170.71732333625351
1716,distanceM,4861.934790944713
1716,motionIntensityG,0.8660000000000001
1716,activeEnergyKcal,96.85066921606253
1716,heartRateBpm,163.8988837005652
1717,speedMps,2.977792517325019
1717,paceSecPerKm,335.81923326824335
1717,cadenceSpm,173.99438437683767
1717,distanceM,4864.912583462038
1717,motionIntensityG,0.8660000000000001
1717,activeEnergyKcal,96.90869980879675
1717,heartRateBpm,164.34859241177634
1718,speedMps,2.9270907130708377
1718,paceSecPerKm,341.63614934601424
1718,cadenceSpm,172.53265546803792
1718,distanceM,4867.839674175109
1718,motionIntensityG,0.8660000000000001
1718,activeEnergyKcal,96.96673040153098
1718,heartRateBpm,162.16151510959136
1719,speedMps,2.905445311702752
1719,paceSecPerKm,344.18131911556947
1719,cadenceSpm,172.32504506583427
1719,distanceM,4870.745119486812
1719,motionIntensityG,0.8660000000000001
1719,activeEnergyKcal,97.02476099426521
1719,heartRateBpm,161.88857793593795
1720,speedMps,2.8999669934073657
1720,paceSecPerKm,344.8315109355893
1720,cadenceSpm,177.224237539174
1720,distanceM,4873.645086480219
1720,motionIntensityG,0.8660000000000001
1720,activeEnergyKcal,97.08279158699943
1720,heartRateBpm,162.3328975047567
1721,speedMps,2.8711210123261206
1721,paceSecPerKm,348.29601250064394
1721,cadenceSpm,173.49767961754972
1721,distanceM,4876.516207492546
1721,motionIntensityG,0.8660000000000001
1721,activeEnergyKcal,97.14082217973366
1721,heartRateBpm,162.76959326607843
1722,speedMps,2.965074936294143
1722,paceSecPerKm,337.25960438957264
1722,cadenceSpm,174.06655730911203
1722,distanceM,4879.48128242884
1722,motionIntensityG,0.8660000000000001
1722,activeEnergyKcal,97.19885277246789
1722,heartRateBpm,161.45237210523075
1723,speedMps,2.8641909786923
1723,paceSecPerKm,349.1387297283398
1723,cadenceSpm,175.89130705315316
1723,distanceM,4882.345473407532
1723,motionIntensityG,0.8660000000000001
1723,activeEnergyKcal,97.25688336520211
1723,heartRateBpm,161.95293672520012
1724,speedMps,2.8175966831741546
1724,paceSecPerKm,354.91239962472315
1724,cadenceSpm,175.0083010595606
1724,distanceM,4885.163070090706
1724,motionIntensityG,0.8660000000000001
1724,activeEnergyKcal,97.31491395793634
1724,heartRateBpm,160.43344479069552
1725,speedMps,2.843544581543224
1725,paceSecPerKm,351.67375482373785
1725,cadenceSpm,174.87175807759982
1725,distanceM,4888.006614672249
1725,motionIntensityG,0.8660000000000001
1725,activeEnergyKcal,97.37294455067057
1725,heartRateBpm,159.57686051448314
1726,speedMps,2.973695635737426
1726,paceSecPerKm,336.28189380989454
1726,cadenceSpm,173.67492583009255
1726,distanceM,4890.980310307987
1726,motionIntensityG,0.8660000000000001
1726,activeEnergyKcal,97.4309751434048
1726,heartRateBpm,160.25483881301935
1727,speedMps,2.9243660671959626
1727,paceSecPerKm,341.95445338307223
1727,cadenceSpm,175.4551163914297
1727,distanceM,4893.904676375183
1727,motionIntensityG,0.8660000000000001
1727,activeEnergyKcal,97.48900573613902
1727,heartRateBpm,159.15103771042348
1728,speedMps,2.8970123003326056
1728,paceSecPerKm,345.18320819182924
1728,cadenceSpm,172.87520028104075
1728,distanceM,4896.801688675516
1728,motionIntensityG,0.8660000000000001
1728,activeEnergyKcal,97.54703632887325
1728,heartRateBpm,157.72942918458997
1729,speedMps,2.8987775036682484
1729,paceSecPerKm,344.97300973757154
1729,cadenceSpm,176.00771220758037
1729,distanceM,4899.700466179184
1729,motionIntensityG,0.8660000000000001
1729,activeEnergyKcal,97.60506692160747
1729,heartRateBpm,159.25011073297458
1730,speedMps,2.8448854478729455
1730,paceSecPerKm,351.5080021052084
1730,cadenceSpm,175.6161925512444
1730,distanceM,4902.545351627057
1730,motionIntensityG,0.8660000000000001
1730,activeEnergyKcal,97.6630975143417
1730,heartRateBpm,159.54710943762197
1731,speedMps,2.9249848749559404
1731,paceSecPerKm,341.8821097374267
1731,cadenceSpm,174.48127714398186
1731,distanceM,4905.470336502013
1731,motionIntensityG,0.8660000000000001
1731,activeEnergyKcal,97.72112810707593
1731,heartRateBpm,159.99591198691334
1732,speedMps,2.872069498069474
1732,paceSecPerKm,348.18098958683714
1732,cadenceSpm,177.61909025702
1732,distanceM,4908.3424060000825
1732,motionIntensityG,0.8660000000000001
1732,activeEnergyKcal,97.77915869981015
1732,heartRateBpm,160.4031291988628
1733,speedMps,2.897199197176867
1733,paceSecPerKm,345.1609405989189
1733,cadenceSpm,173.40298133356333
1733,distanceM,4911.239605197259
1733,motionIntensityG,0.8660000000000001
1733,activeEnergyKcal,97.83718929254438
1733,heartRateBpm,160.4012760452168
1734,speedMps,2.857815816843471
1734,paceSecPerKm,349.91758184910776
1734,cadenceSpm,173.93124146538798
1734,distanceM,4914.097421014103
1734,motionIntensityG,0.8660000000000001
1734,activeEnergyKcal,97.8952198852786
1734,heartRateBpm,159.28613955008026
1735,speedMps,3.0220822571261348
1735,paceSecPerKm,330.8976774679043
1735,cadenceSpm,173.00140220061303
1735,distanceM,4917.119503271229
1735,motionIntensityG,0.8660000000000001
1735,activeEnergyKcal,97.95325047801283
1735,heartRateBpm,158.5571611144853
1736,speedMps,2.9024508510599594
1736,paceSecPerKm,344.5364112314961
1736,cadenceSpm,173.6536685416773
1736,distanceM,4920.02195412229
1736,motionIntensityG,0.8660000000000001
1736,activeEnergyKcal,98.01128107074706
1736,heartRateBpm,157.13806728822888
1737,speedMps,2.773134759363936
1737,paceSecPerKm,360.6027426627354
1737,cadenceSpm,174.1811894500925
1737,distanceM,4922.795088881653
1737,motionIntensityG,0.8660000000000001
1737,activeEnergyKcal,98.06931166348129
1737,heartRateBpm,158.79042403937004
1738,speedMps,2.9109895872879696
1738,paceSecPerKm,343.52579080561134
1738,cadenceSpm,172.67539327821464
1738,distanceM,4925.706078468941
1738,motionIntensityG,0.8660000000000001
1738,activeEnergyKcal,98.12734225621551
1738,heartRateBpm,158.20168209044198
1739,speedMps,2.923750249704641
1739,paceSecPerKm,342.02647784331805
1739,cadenceSpm,173.04468307129
1739,distanceM,4928.6298287186455
1739,motionIntensityG,0.8660000000000001
1739,activeEnergyKcal,98.18537284894974
1739,heartRateBpm,156.18046803579415
1740,speedMps,2.9170632582469964
1740,paceSecPerKm,342.8105294504131
1740,cadenceSpm,173.70049331680403
1740,distanceM,4931.546891976893
1740,motionIntensityG,0.8660000000000001
1740,activeEnergyKcal,98.24340344168397
1740,heartRateBpm,157.61042205019135
1741,speedMps,2.8379398181460105
1741,paceSecPerKm,352.36828970294624
1741,cadenceSpm,173.21730923945677
1741,distanceM,4934.384831795039
1741,motionIntensityG,0.8660000000000001
1741,activeEnergyKcal,98.3014340344182
1741,heartRateBpm,157.41825011250128
1742,speedMps,2.9026173995043214
1742,paceSecPerKm,344.51664217639205
1742,cadenceSpm,172.45800284177037
1742,distanceM,4937.287449194543
1742,motionIntensityG,0.8660000000000001
1742,activeEnergyKcal,98.35946462715242
1742,heartRateBpm,156.6928075371464
1743,speedMps,2.820577587050764
1743,paceSecPerKm,354.537313417999
1743,cadenceSpm,171.36882452244086
1743,distanceM,4940.108026781594
1743,motionIntensityG,0.8660000000000001
1743,activeEnergyKcal,98.41749521988665
1743,heartRateBpm,156.53139931319615
1744,speedMps,2.8378315787841046
1744,paceSecPerKm,352.38172958398724
1744,cadenceSpm,172.46300766018643
1744,distanceM,4942.945858360378
1744,motionIntensityG,0.8660000000000001
1744,activeEnergyKcal,98.47552581262087
1744,heartRateBpm,156.07601904112215
1745,speedMps,2.736380898029849
1745,paceSecPerKm,365.44619965735916
1745,cadenceSpm,172.32042671545665
1745,distanceM,4945.682239258408
1745,motionIntensityG,0.8660000000000001
1745,activeEnergyKcal,98.5335564053551
1745,heartRateBpm,155.22613838771298
1746,speedMps,2.851166346472356
1746,paceSecPerKm,350.7336572056778
1746,cadenceSpm,173.0798608714313
1746,distanceM,4948.5334056048805
1746,motionIntensityG,0.8660000000000001
1746,activeEnergyKcal,98.59158699808933
1746,heartRateBpm,156.541017110182
1747,speedMps,2.8499224638979688
1747,paceSecPerKm,350.88673908421157
1747,cadenceSpm,175.8412669419413
1747,distanceM,4951.383328068779
1747,motionIntensityG,0.8660000000000001
1747,activeEnergyKcal,98.64961759082355
1747,heartRateBpm,157.27203490449327
1748,speedMps,2.8997905541907523
1748,paceSecPerKm,344.8524923825304
1748,cadenceSpm,174.33653232742043
1748,distanceM,4954.28311862297
1748,motionIntensityG,0.8660000000000001
1748,activeEnergyKcal,98.70764818355778
1748,heartRateBpm,158.2319971948989
1749,speedMps,2.840170169864693
1749,paceSecPerKm,352.0915790928261
1749,cadenceSpm,172.70520578753852
1749,distanceM,4957.1232887928345
1749,motionIntensityG,0.8660000000000001
1749,activeEnergyKcal,98.765678776292
1749,heartRateBpm,156.650586105812
1750,speedMps,2.841185289835545
1750,paceSecPerKm,351.96578117504
1750,cadenceSpm,175.3384099651879
1750,distanceM,4959.96447408267
1750,motionIntensityG,0.8660000000000001
1750,activeEnergyKcal,98.82370936902623
1750,heartRateBpm,157.3652513809831
1751,speedMps,2.801671493106033
1751,paceSecPerKm,356.9297836882954
1751,cadenceSpm,175.35592489098792
1751,distanceM,4962.766145575776
1751,motionIntensityG,0.8660000000000001
1751,activeEnergyKcal,98.88173996176046
1751,heartRateBpm,160.13697735159445
1752,speedMps,2.8313897070857026
1752,paceSecPerKm,353.1834552825586
1752,cadenceSpm,172.02209718727508
1752,distanceM,4965.597535282862
1752,motionIntensityG,0.8660000000000001
1752,activeEnergyKcal,98.93977055449469
1752,heartRateBpm,159.90116769885194
1753,speedMps,2.8594780681430225
1753,paceSecPerKm,349.7141702679368
1753,cadenceSpm,174.6794008695384
1753,distanceM,4968.457013351005
1753,motionIntensityG,0.8660000000000001
1753,activeEnergyKcal,98.99780114722891
1753,heartRateBpm,161.0053533720225
1754,speedMps,2.7889932701805153
1754,paceSecPerKm,358.5523173152999
1754,cadenceSpm,174.67372154820285
1754,distanceM,4971.246006621185
1754,motionIntensityG,0.8660000000000001
1754,activeEnergyKcal,99.05583173996314
1754,heartRateBpm,162.17049851445526
1755,speedMps,2.7305767498161644
1755,paceSecPerKm,366.2229966864417
1755,cadenceSpm,172.32596078952645
1755,distanceM,4973.976583371002
1755,motionIntensityG,0.8660000000000001
1755,activeEnergyKcal,99.11386233269737
1755,heartRateBpm,162.04773631736143
1756,speedMps,2.8693110926714565
1756,paceSecPerKm,348.5157125534811
1756,cadenceSpm,173.1497842267351
1756,distanceM,4976.845894463673
1756,motionIntensityG,0.8660000000000001
1756,activeEnergyKcal,99.17189292543159
1756,heartRateBpm,159.4081069868059
1757,speedMps,2.9306340773040294
1757,paceSecPerKm,341.2230847052483
1757,cadenceSpm,169.2898814491298
1757,distanceM,4979.776528540977
1757,motionIntensityG,0.8660000000000001
1757,activeEnergyKcal,99.22992351816582
1757,heartRateBpm,157.2428843748432
1758,speedMps,2.9277255113327136
1758,paceSecPerKm,341.56207476731504
1758,cadenceSpm,172.65653434975354
1758,distanceM,4982.70425405231
1758,motionIntensityG,0.8660000000000001
1758,activeEnergyKcal,99.28795411090005
1758,heartRateBpm,158.55160296483567
1759,speedMps,2.900206314019161
1759,paceSecPerKm,344.8030559640362
1759,cadenceSpm,174.3686103244535
1759,distanceM,4985.604460366329
1759,motionIntensityG,0.8660000000000001
1759,activeEnergyKcal,99.34598470363427
1759,heartRateBpm,158.19312255720982
1760,speedMps,2.8973709065160103
1760,paceSecPerKm,345.1404850345743
1760,cadenceSpm,174.24420299745688
1760,distanceM,4988.501831272844
1760,motionIntensityG,0.8660000000000001
1760,activeEnergyKcal,99.4040152963685
1760,heartRateBpm,156.3745010795034
1761,speedMps,2.886499958704591
1761,paceSecPerKm,346.4403306102183
1761,cadenceSpm,174.44356719205672
1761,distanceM,4991.388331231549
1761,motionIntensityG,0.8660000000000001
1761,activeEnergyKcal,99.46204588910273
1761,heartRateBpm,155.91045395757584
1762,speedMps,2.953776701073796
1762,paceSecPerKm,338.5496268680252
1762,cadenceSpm,175.06493232832457
1762,distanceM,4994.342107932623
1762,motionIntensityG,0.8660000000000001
1762,activeEnergyKcal,99.52007648183695
1762,heartRateBpm,156.21295554627434
1763,speedMps,2.8203956122028644
1763,paceSecPerKm,354.5601885328959
1763,cadenceSpm,171.36301664677842
1763,distanceM,4997.162503544825
1763,motionIntensityG,0.8660000000000001
1763,activeEnergyKcal,99.57810707457118
1763,heartRateBpm,157.5441418498657
1764,speedMps,2.8511550340863288
1764,paceSecPerKm,350.73504879416583
1764,cadenceSpm,174.40726064366456
1764,distanceM,5000.013658578911
1764,motionIntensityG,0.8660000000000001
1764,activeEnergyKcal,99.6361376673054
1764,heartRateBpm,157.7068139595567
1765,speedMps,2.9609058048719232
1765,paceSecPerKm,337.73448596526896
1765,cadenceSpm,172.3543416691019
1765,distanceM,5002.974564383783
1765,motionIntensityG,0.8660000000000001
1765,activeEnergyKcal,99.69416826003963
1765,heartRateBpm,156.89872993750194
1766,speedMps,2.8534630574679576
1766,paceSecPerKm,350.4513567760564
1766,cadenceSpm,171.94355619085613
1766,distanceM,5005.828027441251
1766,motionIntensityG,0.8660000000000001
1766,activeEnergyKcal,99.75219885277386
1766,heartRateBpm,156.53080488415108
1767,speedMps,2.933456198611078
1767,paceSecPerKm,340.8948122264366
1767,cadenceSpm,174.43307555015954
1767,distanceM,5008.761483639862
1767,motionIntensityG,0.8660000000000001
1767,activeEnergyKcal,99.81022944550809
1767,heartRateBpm,154.70712877526438
1768,speedMps,2.996560530958344
1768,paceSecPerKm,333.71593520928656
1768,cadenceSpm,176.5869370947867
1768,distanceM,5011.75804417082
1768,motionIntensityG,0.8660000000000001
1768,activeEnergyKcal,99.86826003824231
1768,heartRateBpm,155.48453655208442
1769,speedMps,2.950162715808405
1769,paceSecPerKm,338.96435428510915
1769,cadenceSpm,171.2749485500241
1769,distanceM,5014.708206886628
1769,motionIntensityG,0.8660000000000001
1769,activeEnergyKcal,99.92629063097654
1769,heartRateBpm,157.24188551491258
1770,speedMps,2.8410864647850538
1770,paceSecPerKm,351.9780240393551
1770,cadenceSpm,170.59219953918
1770,distanceM,5017.549293351413
1770,motionIntensityG,0.8660000000000001
1770,activeEnergyKcal,99.98432122371077
1770,heartRateBpm,156.41930392388173
1771,speedMps,2.9063062103183275
1771,paceSecPerKm,344.07936660276073
1771,cadenceSpm,173.75846440702267
1771,distanceM,5020.455599561732
1771,motionIntensityG,0.8660000000000001
1771,activeEnergyKcal,100.04235181644499
1771,heartRateBpm,168.5398887578868
1772,speedMps,2.847636826547193
1772,paceSecPerKm,351.16837606448456
1772,cadenceSpm,174.60328788644085
1772,distanceM,5023.303236388279
1772,motionIntensityG,0.8660000000000001
1772,activeEnergyKcal,100.10038240917922
1772,heartRateBpm,183.38493167459
1773,speedMps,2.935783942970613
1773,paceSecPerKm,340.62452122690485
1773,cadenceSpm,172.0354588902431
1773,distanceM,5026.23902033125
1773,motionIntensityG,0.8660000000000001
1773,activeEnergyKcal,100.15841300191344
1773,heartRateBpm,196.61468030280548
1774,speedMps,2.9038946557228
1774,paceSecPerKm,344.3651091231107
1774,cadenceSpm,174.64447021664694
1774,distanceM,5029.142914986973
1774,motionIntensityG,0.8660000000000001
1774,activeEnergyKcal,100.21644359464767
1774,heartRateBpm,196.26524699902896
1775,speedMps,2.8551272873279516
1775,paceSecPerKm,350.24708160590524
1775,cadenceSpm,170.76149477993843
1775,distanceM,5031.998042274301
1775,motionIntensityG,0.8660000000000001
1775,activeEnergyKcal,100.2744741873819
1775,heartRateBpm,194.34629142036414
1776,speedMps,2.8623726398737595
1776,paceSecPerKm,349.36052213107496
1776,cadenceSpm,173.10120090808329
1776,distanceM,5034.860414914175
1776,motionIntensityG,0.8660000000000001
1776,activeEnergyKcal,100.33250478011612
1776,heartRateBpm,194.46002821960167
1777,speedMps,2.7464599241991867
1777,paceSecPerKm,364.10507620699406
1777,cadenceSpm,173.11308167886787
1777,distanceM,5037.606874838374
1777,motionIntensityG,0.8660000000000001
1777,activeEnergyKcal,100.39053537285035
1777,heartRateBpm,193.25608010063462
1778,speedMps,2.876556165484107
1778,paceSecPerKm,347.63791925881134
1778,cadenceSpm,174.64683461690692
1778,distanceM,5040.483431003859
1778,motionIntensityG,0.8660000000000001
1778,activeEnergyKcal,100.44856596558458
1778,heartRateBpm,195.12105236128437
1779,speedMps,3.0307861232606172
1779,paceSecPerKm,329.94739956251607
1779,cadenceSpm,171.60644857474662
1779,distanceM,5043.514217127119
1779,motionIntensityG,0.8660000000000001
1779,activeEnergyKcal,100.5065965583188
1779,heartRateBpm,194.24105215586468
1780,speedMps,2.7811603765672284
1780,paceSecPerKm,359.5621483843714
1780,cadenceSpm,174.29041298651845
1780,distanceM,5046.295377503687
1780,motionIntensityG,0.8660000000000001
1780,activeEnergyKcal,100.56462715105303
1780,heartRateBpm,194.83230496046468
1781,speedMps,2.841841307414933
1781,paceSecPerKm,351.88453253557816
1781,cadenceSpm,172.85703276795186
1781,distanceM,5049.137218811102
1781,motionIntensityG,0.8660000000000001
1781,activeEnergyKcal,100.62265774378726
1781,heartRateBpm,192.67047991657503
1782,speedMps,2.8290666130757813
1782,paceSecPerKm,353.4734726209903
1782,cadenceSpm,168.71731894762596
1782,distanceM,5051.966285424178
1782,motionIntensityG,0.8660000000000001
1782,activeEnergyKcal,100.68068833652148
1782,heartRateBpm,191.92108007103772
1783,speedMps,3.0642160163283942
1783,paceSecPerKm,326.34774920281905
1783,cadenceSpm,171.80720974966954
1783,distanceM,5055.030501440507
1783,motionIntensityG,0.8660000000000001
1783,activeEnergyKcal,100.73871892925571
1783,heartRateBpm,193.23367376088981
1784,speedMps,2.8499202392680743
1784,paceSecPerKm,350.8870129842031
1784,cadenceSpm,172.1748250637145
1784,distanceM,5057.880421679774
1784,motionIntensityG,0.8660000000000001
1784,activeEnergyKcal,100.79674952198994
1784,heartRateBpm,192.8506648299242
1785,speedMps,2.90105101117022
1785,paceSecPerKm,344.7026598807106
1785,cadenceSpm,170.3376177388478
1785,distanceM,5060.781472690945
1785,motionIntensityG,0.8660000000000001
1785,activeEnergyKcal,100.85478011472416
1785,heartRateBpm,189.3536970435629
1786,speedMps,2.8451342158518766
1786,paceSecPerKm,351.47726754977873
1786,cadenceSpm,174.18521421029374
1786,distanceM,5063.626606906796
1786,motionIntensityG,0.8660000000000001
1786,activeEnergyKcal,100.91281070745839
1786,heartRateBpm,189.88260193433462
1787,speedMps,2.8673752963873445
1787,paceSecPerKm,348.750999305852
1787,cadenceSpm,172.7756927206893
1787,distanceM,5066.493982203184
1787,motionIntensityG,0.8660000000000001
1787,activeEnergyKcal,100.97084130019262
1787,heartRateBpm,190.70402990052986
1788,speedMps,2.9005262266554666
1788,paceSecPerKm,344.7650260184264
1788,cadenceSpm,172.39288115236155
1788,distanceM,5069.394508429839
1788,motionIntensityG,0.8660000000000001
1788,activeEnergyKcal,101.02887189292684
1788,heartRateBpm,188.5153351747955
1789,speedMps,2.7862964051876786
1789,paceSecPerKm,358.8993612230721
1789,cadenceSpm,171.93966294965804
1789,distanceM,5072.180804835027
1789,motionIntensityG,0.8660000000000001
1789,activeEnergyKcal,101.08690248566107
1789,heartRateBpm,187.76366021650685
1790,speedMps,2.862482087334473
1790,paceSecPerKm,349.3471642756005
1790,cadenceSpm,175.18626230207028
1790,distanceM,5075.043286922361
1790,motionIntensityG,0.8660000000000001
1790,activeEnergyKcal,101.1449330783953
1790,heartRateBpm,185.92090611056935
1791,speedMps,2.9176793037500905
1791,paceSecPerKm,342.7381476486127
1791,cadenceSpm,173.20876314567363
1791,distanceM,5077.960966226112
1791,motionIntensityG,0.8660000000000001
1791,activeEnergyKcal,101.20296367112952
1791,heartRateBpm,187.7028251676641
1792,speedMps,2.8754519260651783
1792,paceSecPerKm,347.77142018451985
1792,cadenceSpm,173.44201050094654
1792,distanceM,5080.836418152177
1792,motionIntensityG,0.8660000000000001
1792,activeEnergyKcal,101.26099426386375
1792,heartRateBpm,185.65894723653685
1793,speedMps,2.838503803605748
1793,paceSecPerKm,352.29827725779376
1793,cadenceSpm,172.79694121135503
1793,distanceM,5083.674921955783
1793,motionIntensityG,0.8660000000000001
1793,activeEnergyKcal,101.31902485659798
1793,heartRateBpm,185.7455372057793
1794,speedMps,2.7937365996823025
1794,paceSecPerKm,357.94355134042263
1794,cadenceSpm,172.8119610909378
1794,distanceM,5086.4686585554655
1794,motionIntensityG,0.8660000000000001
1794,activeEnergyKcal,101.3770554493322
1794,heartRateBpm,185.58486001574312
1795,speedMps,2.8905274718926184
1795,paceSecPerKm,345.9576183668769
1795,cadenceSpm,171.5824018169876
1795,distanceM,5089.359186027358
1795,motionIntensityG,0.8660000000000001
1795,activeEnergyKcal,101.43508604206643
1795,heartRateBpm,184.33008665420286
1796,speedMps,2.882240551441349
1796,paceSecPerKm,346.95230399833235
1796,cadenceSpm,174.07050163404782
1796,distanceM,5092.241426578799
1796,motionIntensityG,0.8660000000000001
1796,activeEnergyKcal,101.49311663480066
1796,heartRateBpm,184.6768005296503
1797,speedMps,2.8515660413978057
1797,paceSecPerKm,350.6844959865672
1797,cadenceSpm,174.3637706544046
1797,distanceM,5095.092992620197
1797,motionIntensityG,0.8660000000000001
1797,activeEnergyKcal,101.55114722753488
1797,heartRateBpm,184.3150682104941
1798,speedMps,2.790590187358141
1798,paceSecPerKm,358.3471355020791
1798,cadenceSpm,174.33519500016465
1798,distanceM,5097.883582807555
1798,motionIntensityG,0.8660000000000001
1798,activeEnergyKcal,101.60917782026911
1798,heartRateBpm,183.92270802936255
1799,speedMps,2.9814701050378685
1799,paceSecPerKm,335.40500651348935
1799,cadenceSpm,174.96845035715828
1799,distanceM,5100.8650529125935
1799,motionIntensityG,0.8660000000000001
1799,activeEnergyKcal,101.66720841300334
1799,heartRateBpm,184.00998773269203
1800,speedMps,2.7942911199937623
1800,paceSecPerKm,357.8725183087696
1800,cadenceSpm,171.93176920313303
1800,distanceM,5103.659344032587
1800,motionIntensityG,0.8660000000000001
1800,activeEnergyKcal,101.72523900573756
1800,heartRateBpm,184.7893631876512
1801,speedMps,2.8590320393439987
1801,paceSecPerKm,349.7687281005248
1801,cadenceSpm,173.2751849047708
1801,distanceM,5106.518376071931
1801,motionIntensityG,0.8660000000000001
1801,activeEnergyKcal,101.78326959847179
1801,heartRateBpm,184.91394612159044
1802,speedMps,2.918379161524382
1802,paceSecPerKm,342.65595546456046
1802,cadenceSpm,173.91674760194502
1802,distanceM,5109.436755233455
1802,motionIntensityG,0.8660000000000001
1802,activeEnergyKcal,101.84130019120602
1802,heartRateBpm,183.02085531573263
1803,speedMps,2.9280342496664815
1803,paceSecPerKm,341.52605971528686
1803,cadenceSpm,174.90528418188026
1803,distanceM,5112.364789483122
1803,motionIntensityG,0.8660000000000001
1803,activeEnergyKcal,101.89933078394024
1803,heartRateBpm,184.4457045695097
1804,speedMps,2.8746638013576558
1804,paceSecPerKm,347.8667660293759
1804,cadenceSpm,173.1021983579642
1804,distanceM,5115.239453284479
1804,motionIntensityG,0.8660000000000001
1804,activeEnergyKcal,101.95736137667447
1804,heartRateBpm,183.77472760118678
1805,speedMps,2.9610729368315045
1805,paceSecPerKm,337.7154232040126
1805,cadenceSpm,174.39647449718677
1805,distanceM,5118.200526221311
1805,motionIntensityG,0.8660000000000001
1805,activeEnergyKcal,102.0153919694087
1805,heartRateBpm,184.25576484216816
1806,speedMps,2.872403459983688
1806,paceSecPerKm,348.1405080906284
1806,cadenceSpm,174.22250875324062
1806,distanceM,5121.072929681294
1806,motionIntensityG,0.8660000000000001
1806,activeEnergyKcal,102.07342256214292
1806,heartRateBpm,183.0812063497327
1807,speedMps,2.844301055775701
1807,paceSecPerKm,351.58022318677473
1807,cadenceSpm,173.76387429509228
1807,distanceM,5123.91723073707
1807,motionIntensityG,0.8660000000000001
1807,activeEnergyKcal,102.13145315487715
1807,heartRateBpm,183.62859745399425
1808,speedMps,2.7565531373276286
1808,paceSecPerKm,362.7718930785645
1808,cadenceSpm,172.79526739013482
1808,distanceM,5126.6737838743975
1808,motionIntensityG,0.8660000000000001
1808,activeEnergyKcal,102.18948374761138
1808,heartRateBpm,183.08346827373543
1809,speedMps,2.962337228141059
1809,paceSecPerKm,337.5712901625063
1809,cadenceSpm,172.86507628629315
1809,distanceM,5129.636121102539
1809,motionIntensityG,0.8660000000000001
1809,activeEnergyKcal,102.2475143403456
1809,heartRateBpm,183.58369178941865
1810,speedMps,2.7301655718447715
1810,paceSecPerKm,366.2781518867006
1810,cadenceSpm,174.17323351770403
1810,distanceM,5132.366286674383
1810,motionIntensityG,0.8660000000000001
1810,activeEnergyKcal,102.30554493307983
1810,heartRateBpm,182.91265341088388
1811,speedMps,2.765085185712006
1811,paceSecPerKm,361.65251080411156
1811,cadenceSpm,172.96746336859576
1811,distanceM,5135.131371860096
1811,motionIntensityG,0.8660000000000001
1811,activeEnergyKcal,102.36357552581406
1811,heartRateBpm,183.50969262826638
1812,speedMps,2.9138389244910727
1812,paceSecPerKm,343.1898694175961
1812,cadenceSpm,174.35845695668456
1812,distanceM,5138.045210784587
1812,motionIntensityG,0.8660000000000001
1812,activeEnergyKcal,102.42160611854828
1812,heartRateBpm,181.39586619303287
1813,speedMps,2.8984181222458045
1813,paceSecPerKm,345.0157837217641
1813,cadenceSpm,174.19477795777655
1813,distanceM,5140.943628906833
1813,motionIntensityG,0.8660000000000001
1813,activeEnergyKcal,102.47963671128251
1813,heartRateBpm,181.67398373700078
1814,speedMps,2.8333356319808938
1814,paceSecPerKm,352.9408901341002
1814,cadenceSpm,174.56911836288054
1814,distanceM,5143.776964538813
1814,motionIntensityG,0.8660000000000001
1814,activeEnergyKcal,102.53766730401674
1814,heartRateBpm,182.26156641932664
1815,speedMps,2.804485470557012
1815,paceSecPerKm,356.5716458503831
1815,cadenceSpm,175.8994009934468
1815,distanceM,5146.58145000937
1815,motionIntensityG,0.8660000000000001
1815,activeEnergyKcal,102.59569789675096
1815,heartRateBpm,182.71447963882017
1816,speedMps,2.909494708814722
1816,paceSecPerKm,343.70229200636106
1816,cadenceSpm,173.5549686709679
1816,distanceM,5149.490944718185
1816,motionIntensityG,0.8660000000000001
1816,activeEnergyKcal,102.65372848948519
1816,heartRateBpm,180.7510425484214
1817,speedMps,2.8231912053717894
1817,paceSecPerKm,354.2090943387976
1817,cadenceSpm,173.66828795617272
1817,distanceM,5152.314135923557
1817,motionIntensityG,0.8660000000000001
1817,activeEnergyKcal,102.71175908221942
1817,heartRateBpm,180.0610114484849
1818,speedMps,2.854140843044968
1818,paceSecPerKm,350.36813352670436
1818,cadenceSpm,172.88527468820027
1818,distanceM,5155.168276766602
1818,motionIntensityG,0.8660000000000001
1818,activeEnergyKcal,102.76978967495364
1818,heartRateBpm,180.25776209079237
1819,speedMps,2.8574685353106353
1819,paceSecPerKm,349.9601089715201
1819,cadenceSpm,172.8699258760014
1819,distanceM,5158.025745301912
1819,motionIntensityG,0.8660000000000001
1819,activeEnergyKcal,102.82782026768787
1819,heartRateBpm,179.5251070731999
1820,speedMps,2.857443034324439
1820,paceSecPerKm,349.96323215815977
1820,cadenceSpm,173.0933008761407
1820,distanceM,5160.883188336236
1820,motionIntensityG,0.8660000000000001
1820,activeEnergyKcal,102.8858508604221
1820,heartRateBpm,178.9955225528612
1821,speedMps,2.936339292448639
1821,paceSecPerKm,340.56009895439956
1821,cadenceSpm,175.20962196248445
1821,distanceM,5163.819527628685
1821,motionIntensityG,0.8660000000000001
1821,activeEnergyKcal,102.94388145315632
1821,heartRateBpm,178.28758844782053
1822,speedMps,2.8931584427441908
1822,paceSecPerKm,345.6430125726158
1822,cadenceSpm,175.05903458085268
1822,distanceM,5166.71268607143
1822,motionIntensityG,0.8660000000000001
1822,activeEnergyKcal,103.00191204589055
1822,heartRateBpm,178.65982310800973
1823,speedMps,2.913637258615051
1823,paceSecPerKm,343.2136231245661
1823,cadenceSpm,175.18960577149392
1823,distanceM,5169.626323330045
1823,motionIntensityG,0.8660000000000001
1823,activeEnergyKcal,103.05994263862478
1823,heartRateBpm,178.40901040846225
1824,speedMps,2.8387810587167848
1824,paceSecPerKm,352.2638693566704
1824,cadenceSpm,175.4681995051972
1824,distanceM,5172.465104388762
1824,motionIntensityG,0.8660000000000001
1824,activeEnergyKcal,103.117973231359
1824,heartRateBpm,178.26535192967933
1825,speedMps,2.86652491186656
1825,paceSecPerKm,348.85445992822093
1825,cadenceSpm,175.78508566059656
1825,distanceM,5175.331629300628
1825,motionIntensityG,0.8660000000000001
1825,activeEnergyKcal,103.17600382409323
1825,heartRateBpm,179.61282706580718
1826,speedMps,2.957846949455916
1826,paceSecPerKm,338.08375385479155
1826,cadenceSpm,172.86448856112824
1826,distanceM,5178.289476250085
1826,motionIntensityG,0.8660000000000001
1826,activeEnergyKcal,103.23403441682746
1826,heartRateBpm,180.62171188063962
1827,speedMps,2.8136081291409227
1827,paceSecPerKm,355.4155213168685
1827,cadenceSpm,176.10102566849466
1827,distanceM,5181.103084379226
1827,motionIntensityG,0.8660000000000001
1827,activeEnergyKcal,103.29206500956168
1827,heartRateBpm,177.36290229669123
1828,speedMps,2.946427772223839
1828,paceSecPerKm,339.39403145295574
1828,cadenceSpm,172.3136608140249
1828,distanceM,5184.04951215145
1828,motionIntensityG,0.8660000000000001
1828,activeEnergyKcal,103.35009560229591
1828,heartRateBpm,175.71463791043377
1829,speedMps,2.9337779220258517
1829,paceSecPerKm,340.85742908225086
1829,cadenceSpm,173.93962565719642
1829,distanceM,5186.9832900734755
1829,motionIntensityG,0.8660000000000001
1829,activeEnergyKcal,103.40812619503014
1829,heartRateBpm,176.78800389043016
1830,speedMps,2.922583297540048
1830,paceSecPerKm,342.16304487940675
1830,cadenceSpm,174.5593051835664
1830,distanceM,5189.905873371015
1830,motionIntensityG,0.8660000000000001
1830,activeEnergyKcal,103.46615678776436
1830,heartRateBpm,173.92475880125355
1831,speedMps,2.93727027915943
1831,paceSecPerKm,340.45215624017203
1831,cadenceSpm,175.92135025487593
1831,distanceM,5192.843143650175
1831,motionIntensityG,0.8660000000000001
1831,activeEnergyKcal,103.52418738049859
1831,heartRateBpm,174.20762176492258
1832,speedMps,2.9666013121747823
1832,paceSecPerKm,337.0860775581978
1832,cadenceSpm,173.16120240621964
1832,distanceM,5195.80974496235
1832,motionIntensityG,0.8660000000000001
1832,activeEnergyKcal,103.58221797323282
1832,heartRateBpm,174.98223263132812
1833,speedMps,2.8721524632993773
1833,paceSecPerKm,348.1709320024233
1833,cadenceSpm,173.34312010100615
1833,distanceM,5198.681897425649
1833,motionIntensityG,0.8660000000000001
1833,activeEnergyKcal,103.64024856596704
1833,heartRateBpm,174.23414489665365
1834,speedMps,2.8241749738221156
1834,paceSecPerKm,354.0857097273415
1834,cadenceSpm,173.84062678985646
1834,distanceM,5201.506072399471
1834,motionIntensityG,0.8660000000000001
1834,activeEnergyKcal,103.69827915870127
1834,heartRateBpm,172.908503215688
1835,speedMps,2.7745867972995324
1835,paceSecPerKm,360.41402668436484
1835,cadenceSpm,174.70739292581558
1835,distanceM,5204.280659196771
1835,motionIntensityG,0.8660000000000001
1835,activeEnergyKcal,103.7563097514355
1835,heartRateBpm,173.89308474853507
1836,speedMps,2.758966285108936
1836,paceSecPerKm,362.4545922860074
1836,cadenceSpm,174.4083398477795
1836,distanceM,5207.03962548188
1836,motionIntensityG,0.8660000000000001
1836,activeEnergyKcal,103.81434034416972
1836,heartRateBpm,173.6379354709494
1837,speedMps,2.898221162334026
1837,paceSecPerKm,345.03923061367385
1837,cadenceSpm,173.77394222943943
1837,distanceM,5209.937846644214
1837,motionIntensityG,0.8660000000000001
1837,activeEnergyKcal,103.87237093690395
1837,heartRateBpm,173.54398304598868
1838,speedMps,2.716461561386981
1838,paceSecPerKm,368.12595260483505
1838,cadenceSpm,173.0133874425115
1838,distanceM,5212.654308205601
1838,motionIntensityG,0.8660000000000001
1838,activeEnergyKcal,103.93040152963817
1838,heartRateBpm,173.91455487685388
1839,speedMps,2.824451387133114
1839,paceSecPerKm,354.0510573329513
1839,cadenceSpm,173.59872833584046
1839,distanceM,5215.478759592735
1839,motionIntensityG,0.8660000000000001
1839,activeEnergyKcal,103.9884321223724
1839,heartRateBpm,173.63349283601326
1840,speedMps,2.8913796655232225
1840,paceSecPerKm,345.855652207833
1840,cadenceSpm,173.07024178483942
1840,distanceM,5218.370139258258
1840,motionIntensityG,0.8660000000000001
1840,activeEnergyKcal,104.04646271510663
1840,heartRateBpm,173.63481946514767
1841,speedMps,2.910749130010638
1841,paceSecPerKm,343.55416950561636
1841,cadenceSpm,173.8587728405723
1841,distanceM,5221.280888388269
1841,motionIntensityG,0.8660000000000001
1841,activeEnergyKcal,104.10449330784085
1841,heartRateBpm,174.16177164143556
1842,speedMps,2.8900223383931425
1842,paceSecPerKm,346.018086682334
1842,cadenceSpm,173.1323802175338
1842,distanceM,5224.170910726662
1842,motionIntensityG,0.8660000000000001
1842,activeEnergyKcal,104.16252390057508
1842,heartRateBpm,174.80204543597796
1843,speedMps,2.8638711848654372
1843,paceSecPerKm,349.1777162620484
1843,cadenceSpm,172.55125963451601
1843,distanceM,5227.034781911528
1843,motionIntensityG,0.8660000000000001
1843,activeEnergyKcal,104.22055449330931
1843,heartRateBpm,173.19298690490083
1844,speedMps,2.8809835799984524
1844,paceSecPerKm,347.1036790846747
1844,cadenceSpm,173.56058132952927
1844,distanceM,5229.915765491526
1844,motionIntensityG,0.8660000000000001
1844,activeEnergyKcal,104.27858508604353
1844,heartRateBpm,172.03244099174873
1845,speedMps,2.893036119917339
1845,paceSecPerKm,345.65762698758573
1845,cadenceSpm,172.97004015647636
1845,distanceM,5232.808801611443
1845,motionIntensityG,0.8660000000000001
1845,activeEnergyKcal,104.33661567877776
1845,heartRateBpm,170.9556550497128
1846,speedMps,2.8827873938064905
1846,paceSecPerKm,346.8864898425894
1846,cadenceSpm,174.26814755475556
1846,distanceM,5235.69158900525
1846,motionIntensityG,0.8660000000000001
1846,activeEnergyKcal,104.39464627151199
1846,heartRateBpm,171.14043305998902
1847,speedMps,2.8088278753045275
1847,paceSecPerKm,356.0203915633606
1847,cadenceSpm,178.30359488634826
1847,distanceM,5238.500416880554
1847,motionIntensityG,0.8660000000000001
1847,activeEnergyKcal,104.45267686424621
1847,heartRateBpm,169.75290354204202
1848,speedMps,2.9370517513820222
1848,paceSecPerKm,340.47748717040906
1848,cadenceSpm,175.8000697003732
1848,distanceM,5241.437468631936
1848,motionIntensityG,0.8660000000000001
1848,activeEnergyKcal,104.51070745698044
1848,heartRateBpm,170.25600765946257
1849,speedMps,2.9213979719412357
1849,paceSecPerKm,342.3018738304632
1849,cadenceSpm,173.42344939786457
1849,distanceM,5244.358866603878
1849,motionIntensityG,0.8660000000000001
1849,activeEnergyKcal,104.56873804971467
1849,heartRateBpm,168.80847258905138
1850,speedMps,2.8639779277835373
1850,paceSecPerKm,349.1647021085496
1850,cadenceSpm,171.6593013478329
1850,distanceM,5247.222844531661
1850,motionIntensityG,0.8660000000000001
1850,activeEnergyKcal,104.6267686424489
1850,heartRateBpm,170.66467569372918
1851,speedMps,2.887844549478165
1851,paceSecPerKm,346.27902675048784
1851,cadenceSpm,174.21844918468966
1851,distanceM,5250.11068908114
1851,motionIntensityG,0.8660000000000001
1851,activeEnergyKcal,104.68479923518312
1851,heartRateBpm,171.055070963575
1852,speedMps,2.8498351323244586
1852,paceSecPerKm,350.8974918083606
1852,cadenceSpm,172.56512307572817
1852,distanceM,5252.960524213464
1852,motionIntensityG,0.8660000000000001
1852,activeEnergyKcal,104.74282982791735
1852,heartRateBpm,170.30272389539942
1853,speedMps,2.900015519141611
1853,paceSecPerKm,344.8257408967227
1853,cadenceSpm,174.41092778685996
1853,distanceM,5255.8605397326055
1853,motionIntensityG,0.8660000000000001
1853,activeEnergyKcal,104.80086042065157
1853,heartRateBpm,169.66564581343496
1854,speedMps,2.8825234889591043
1854,paceSecPerKm,346.91824848272296
1854,cadenceSpm,173.672851656418
1854,distanceM,5258.743063221565
1854,motionIntensityG,0.8660000000000001
1854,activeEnergyKcal,104.8588910133858
1854,heartRateBpm,171.0527376552669
1855,speedMps,2.886468027880719
1855,paceSecPerKm,346.44416301891715
1855,cadenceSpm,173.8072005428717
1855,distanceM,5261.629531249446
1855,motionIntensityG,0.8660000000000001
1855,activeEnergyKcal,104.91692160612003
1855,heartRateBpm,172.2695664357951
1856,speedMps,2.882444113018076
1856,paceSecPerKm,346.92780182056873
1856,cadenceSpm,175.19565013406523
1856,distanceM,5264.511975362464
1856,motionIntensityG,0.8660000000000001
1856,activeEnergyKcal,104.97495219885425
1856,heartRateBpm,170.20745158111964
1857,speedMps,2.8768348607674135
1857,paceSecPerKm,347.60424160504084
1857,cadenceSpm,173.84921654209282
1857,distanceM,5267.388810223231
1857,motionIntensityG,0.8660000000000001
1857,activeEnergyKcal,105.03298279158848
1857,heartRateBpm,170.5141156349167
1858,speedMps,2.9014244867787085
1858,paceSecPerKm,344.65828924958333
1858,cadenceSpm,173.20581036923792
1858,distanceM,5270.29023471001
1858,motionIntensityG,0.8660000000000001
1858,activeEnergyKcal,105.09101338432271
1858,heartRateBpm,171.54758070650055
1859,speedMps,2.9299160785628766
1859,paceSecPerKm,341.3067040781932
1859,cadenceSpm,174.05014171587848
1859,distanceM,5273.220150788573
1859,motionIntensityG,0.8660000000000001
1859,activeEnergyKcal,105.14904397705693
1859,heartRateBpm,172.17929350029618
1860,speedMps,2.8685635706441213
1860,paceSecPerKm,348.6065326331447
1860,cadenceSpm,175.4102146145471
1860,distanceM,5276.088714359217
1860,motionIntensityG,0.8660000000000001
1860,activeEnergyKcal,105.20707456979116
1860,heartRateBpm,172.1943415717154
1861,speedMps,2.960419780198199
1861,paceSecPerKm,337.7899332685348
1861,cadenceSpm,174.9807665621236
1861,distanceM,5279.049134139415
1861,motionIntensityG,0.8660000000000001
1861,activeEnergyKcal,105.26510516252539
1861,heartRateBpm,173.21796304923396
1862,speedMps,2.844892896508745
1862,paceSecPerKm,351.5070817700029
1862,cadenceSpm,174.13011657536754
1862,distanceM,5281.894027035924
1862,motionIntensityG,0.8660000000000001
1862,activeEnergyKcal,105.32313575525961
1862,heartRateBpm,171.7757299597991
1863,speedMps,2.868101722490613
1863,paceSecPerKm,348.66266846756616
1863,cadenceSpm,175.5227243354452
1863,distanceM,5284.762128758415
1863,motionIntensityG,0.8660000000000001
1863,activeEnergyKcal,105.38116634799384
1863,heartRateBpm,173.18647433131224
1864,speedMps,2.736997215552352
1864,paceSecPerKm,365.3639084167612
1864,cadenceSpm,174.17803496342515
1864,distanceM,5287.499125973967
1864,motionIntensityG,0.8660000000000001
1864,activeEnergyKcal,105.43919694072807
1864,heartRateBpm,173.49971991122754
1865,speedMps,2.772137650851575
1865,paceSecPerKm,360.73244764480194
1865,cadenceSpm,176.04544555329045
1865,distanceM,5290.271263624819
1865,motionIntensityG,0.8660000000000001
1865,activeEnergyKcal,105.4972275334623
1865,heartRateBpm,174.71291415460277
1866,speedMps,2.9536156231618187
1866,paceSecPerKm,338.5680899566441
1866,cadenceSpm,174.92351344323706
1866,distanceM,5293.22487924798
1866,motionIntensityG,0.8660000000000001
1866,activeEnergyKcal,105.55525812619652
1866,heartRateBpm,175.27269108464833
1867,speedMps,2.830379699192676
1867,paceSecPerKm,353.30948716358984
1867,cadenceSpm,170.86797807716
1867,distanceM,5296.055258947173
1867,motionIntensityG,0.8660000000000001
1867,activeEnergyKcal,105.61328871893075
1867,heartRateBpm,175.21935656261465
1868,speedMps,3.0313162474302584
1868,paceSecPerKm,329.889697535759
1868,cadenceSpm,174.2509756706309
1868,distanceM,5299.086575194603
1868,motionIntensityG,0.8660000000000001
1868,activeEnergyKcal,105.67131931166497
1868,heartRateBpm,174.48046850045634
1869,speedMps,2.9815585303189196
1869,paceSecPerKm,335.3950592722511
1869,cadenceSpm,172.3867993982252
1869,distanceM,5302.068133724922
1869,motionIntensityG,0.8660000000000001
1869,activeEnergyKcal,105.7293499043992
1869,heartRateBpm,174.75129178941566
1870,speedMps,2.941543909923299
1870,paceSecPerKm,339.95752931870226
1870,cadenceSpm,172.98187524439427
1870,distanceM,5305.009677634845
1870,motionIntensityG,0.8660000000000001
1870,activeEnergyKcal,105.78738049713343
1870,heartRateBpm,173.18458455420935
1871,speedMps,2.8287946040053504
1871,paceSecPerKm,353.5074616531291
1871,cadenceSpm,172.5405494469984
1871,distanceM,5307.83847223885
1871,motionIntensityG,0.8660000000000001
1871,activeEnergyKcal,105.84541108986765
1871,heartRateBpm,171.72314406904184
1872,speedMps,2.737282212013462
1872,paceSecPerKm,365.3258679763349
1872,cadenceSpm,173.64051511220475
1872,distanceM,5310.575754450863
1872,motionIntensityG,0.8660000000000001
1872,activeEnergyKcal,105.90344168260188
1872,heartRateBpm,171.9404569244227
1873,speedMps,2.8867558414629366
1873,paceSecPerKm,346.40962205283864
1873,cadenceSpm,172.5196704377411
1873,distanceM,5313.462510292326
1873,motionIntensityG,0.8660000000000001
1873,activeEnergyKcal,105.9614722753361
1873,heartRateBpm,171.30428660331611
1874,speedMps,2.8528932887395264
1874,paceSecPerKm,350.52134755514214
1874,cadenceSpm,173.92644449359958
1874,distanceM,5316.315403581066
1874,motionIntensityG,0.8660000000000001
1874,activeEnergyKcal,106.01950286807033
1874,heartRateBpm,172.15007150312434
1875,speedMps,2.8912903825596667
1875,paceSecPerKm,345.86633222038995
1875,cadenceSpm,170.7444216602006
1875,distanceM,5319.206693963625
1875,motionIntensityG,0.8660000000000001
1875,activeEnergyKcal,106.07753346080456
1875,heartRateBpm,172.8018673097858
1876,speedMps,2.901199938583199
1876,paceSecPerKm,344.68496524522544
1876,cadenceSpm,172.99042325297705
1876,distanceM,5322.107893902208
1876,motionIntensityG,0.8660000000000001
1876,activeEnergyKcal,106.13556405353879
1876,heartRateBpm,172.22680618482758
1877,speedMps,2.9392789535440405
1877,paceSecPerKm,340.2194945785082
1877,cadenceSpm,171.98861743944045
1877,distanceM,5325.047172855752
1877,motionIntensityG,0.8660000000000001
1877,activeEnergyKcal,106.19359464627301
1877,heartRateBpm,170.9946094336292
1878,speedMps,2.8724225270860915
1878,paceSecPerKm,348.13819713858146
1878,cadenceSpm,173.63766598758244
1878,distanceM,5327.919595382838
1878,motionIntensityG,0.8660000000000001
1878,activeEnergyKcal,106.25162523900724
1878,heartRateBpm,171.5720700923169
1879,speedMps,2.8902858353654524
1879,paceSecPerKm,345.98654145691387
1879,cadenceSpm,175.1540568292017
1879,distanceM,5330.809881218204
1879,motionIntensityG,0.8660000000000001
1879,activeEnergyKcal,106.30965583174147
1879,heartRateBpm,173.86629562000047
1880,speedMps,2.8697209374211154
1880,paceSecPerKm,348.46593860748476
1880,cadenceSpm,173.28856408588442
1880,distanceM,5333.679602155626
1880,motionIntensityG,0.8660000000000001
1880,activeEnergyKcal,106.36768642447569
1880,heartRateBpm,172.71773620814372
1881,speedMps,2.9523451181264284
1881,paceSecPerKm,338.71378852706914
1881,cadenceSpm,174.43860572320975
1881,distanceM,5336.631947273752
1881,motionIntensityG,0.8660000000000001
1881,activeEnergyKcal,106.42571701720992
1881,heartRateBpm,172.6634659382714
1882,speedMps,2.993761628515819
1882,paceSecPerKm,334.02793010469503
1882,cadenceSpm,171.24198961568135
1882,distanceM,5339.625708902268
1882,motionIntensityG,0.8660000000000001
1882,activeEnergyKcal,106.48374760994415
1882,heartRateBpm,175.17473765752516
1883,speedMps,3.004830974991361
1883,paceSecPerKm,332.7974213267936
1883,cadenceSpm,173.03803385300515
1883,distanceM,5342.630539877259
1883,motionIntensityG,0.8660000000000001
1883,activeEnergyKcal,106.54177820267837
1883,heartRateBpm,173.9442960289721
1884,speedMps,2.8802179608818985
1884,paceSecPerKm,347.19594613381565
1884,cadenceSpm,174.90457009616912
1884,distanceM,5345.510757838141
1884,motionIntensityG,0.8660000000000001
1884,activeEnergyKcal,106.5998087954126
1884,heartRateBpm,172.14996266409415
1885,speedMps,2.931374686394114
1885,paceSecPerKm,341.1368750100318
1885,cadenceSpm,174.60468718699641
1885,distanceM,5348.442132524536
1885,motionIntensityG,0.8660000000000001
1885,activeEnergyKcal,106.65783938814683
1885,heartRateBpm,171.76926554137154
1886,speedMps,2.945704387245022
1886,paceSecPerKm,339.47737740759953
1886,cadenceSpm,170.43592145493983
1886,distanceM,5351.387836911781
1886,motionIntensityG,0.8660000000000001
1886,activeEnergyKcal,106.71586998088105
1886,heartRateBpm,171.58146421278772
1887,speedMps,2.772290791277857
1887,paceSecPerKm,360.7125209037184
1887,cadenceSpm,172.9653424446766
1887,distanceM,5354.160127703059
1887,motionIntensityG,0.8660000000000001
1887,activeEnergyKcal,106.77390057361528
1887,heartRateBpm,171.96954316837633
1888,speedMps,2.871842647914696
1888,paceSecPerKm,348.20849280378246
1888,cadenceSpm,174.94954823056128
1888,distanceM,5357.031970350973
1888,motionIntensityG,0.8660000000000001
1888,activeEnergyKcal,106.8319311663495
1888,heartRateBpm,171.85116911328996
1889,speedMps,2.9548734967541614
1889,paceSecPerKm,338.4239633603501
1889,cadenceSpm,176.3474851300505
1889,distanceM,5359.986843847727
1889,motionIntensityG,0.8660000000000001
1889,activeEnergyKcal,106.88996175908373
1889,heartRateBpm,171.44787507459066
1890,speedMps,2.8120086448747506
1890,paceSecPerKm,355.6176834031536
1890,cadenceSpm,170.5991394046653
1890,distanceM,5362.798852492601
1890,motionIntensityG,0.8660000000000001
1890,activeEnergyKcal,106.94799235181796
1890,heartRateBpm,171.2012164002606
1891,speedMps,2.8661528657134667
1891,paceSecPerKm,348.8997436119206
1891,cadenceSpm,174.60705842970347
1891,distanceM,5365.665005358314
1891,motionIntensityG,0.8660000000000001
1891,activeEnergyKcal,107.00602294455219
1891,heartRateBpm,169.9925928999494
1892,speedMps,2.8675451847739803
1892,paceSecPerKm,348.73033747114954
1892,cadenceSpm,174.59409049104943
1892,distanceM,5368.532550543088
1892,motionIntensityG,0.8660000000000001
1892,activeEnergyKcal,107.06405353728641
1892,heartRateBpm,169.20947315616084
1893,speedMps,2.9788233062925036
1893,paceSecPerKm,335.7030267245417
1893,cadenceSpm,171.85310065079153
1893,distanceM,5371.511373849381
1893,motionIntensityG,0.8660000000000001
1893,activeEnergyKcal,107.12208413002064
1893,heartRateBpm,167.98531313034167
1894,speedMps,3.016246348247104
1894,paceSecPerKm,331.53790657091105
1894,cadenceSpm,174.64767899031443
1894,distanceM,5374.5276201976285
1894,motionIntensityG,0.8660000000000001
1894,activeEnergyKcal,107.18011472275487
1894,heartRateBpm,167.94007101007477
1895,speedMps,2.9905002422153046
1895,paceSecPerKm,334.392215015913
1895,cadenceSpm,171.97833194313492
1895,distanceM,5377.518120439844
1895,motionIntensityG,0.8660000000000001
1895,activeEnergyKcal,107.23814531548909
1895,heartRateBpm,167.9752922270702
1896,speedMps,2.743364872164501
1896,paceSecPerKm,364.5158579328914
1896,cadenceSpm,174.3454773839981
1896,distanceM,5380.2614853120085
1896,motionIntensityG,0.8660000000000001
1896,activeEnergyKcal,107.29617590822332
1896,heartRateBpm,168.67890848728217
1897,speedMps,2.966329849443635
1897,paceSecPerKm,337.1169258831954
1897,cadenceSpm,173.02974674258525
1897,distanceM,5383.227815161452
1897,motionIntensityG,0.8660000000000001
1897,activeEnergyKcal,107.35420650095755
1897,heartRateBpm,169.11571299957382
1898,speedMps,2.999084192721415
1898,paceSecPerKm,333.435120770179
1898,cadenceSpm,174.2253770213988
1898,distanceM,5386.226899354173
1898,motionIntensityG,0.8660000000000001
1898,activeEnergyKcal,107.41223709369177
1898,heartRateBpm,168.40885531664574
1899,speedMps,2.8504823811962123
1899,paceSecPerKm,350.817814765916
1899,cadenceSpm,173.97734811811057
1899,distanceM,5389.077381735369
1899,motionIntensityG,0.8660000000000001
1899,activeEnergyKcal,107.470267686426
1899,heartRateBpm,167.1364597285505
1900,speedMps,2.9452629068377316
1900,paceSecPerKm,339.52826339488973
1900,cadenceSpm,175.0959670305088
1900,distanceM,5392.022644642207
1900,motionIntensityG,0.8660000000000001
1900,activeEnergyKcal,107.52829827916023
1900,heartRateBpm,167.48550621345993
1901,speedMps,2.8231258230171967
1901,paceSecPerKm,354.21729766591017
1901,cadenceSpm,172.92246829338703
1901,distanceM,5394.845770465224
1901,motionIntensityG,0.8660000000000001
1901,activeEnergyKcal,107.58632887189445
1901,heartRateBpm,168.17973023717158
1902,speedMps,2.9400125924764957
1902,paceSecPerKm,340.1345975724744
1902,cadenceSpm,174.63190674484053
1902,distanceM,5397.7857830577
1902,motionIntensityG,0.8660000000000001
1902,activeEnergyKcal,107.64435946462868
1902,heartRateBpm,167.57831648495366
1903,speedMps,2.9422833264054593
1903,paceSecPerKm,339.8720956019161
1903,cadenceSpm,173.14106871869075
1903,distanceM,5400.728066384106
1903,motionIntensityG,0.8660000000000001
1903,activeEnergyKcal,107.7023900573629
1903,heartRateBpm,168.03483407452552
1904,speedMps,2.898484716552916
1904,paceSecPerKm,345.0078567912102
1904,cadenceSpm,172.85493884442047
1904,distanceM,5403.626551100659
1904,motionIntensityG,0.8660000000000001
1904,activeEnergyKcal,107.76042065009713
1904,heartRateBpm,167.76488008590258
1905,speedMps,2.7897780316112346
1905,paceSecPerKm,358.45145695066304
1905,cadenceSpm,173.3136637965015
1905,distanceM,5406.41632913227
1905,motionIntensityG,0.8660000000000001
1905,activeEnergyKcal,107.81845124283136
1905,heartRateBpm,167.11212651436315
1906,speedMps,2.9400764588351773
1906,paceSecPerKm,340.12720893530366
1906,cadenceSpm,172.51082496483468
1906,distanceM,5409.356405591106
1906,motionIntensityG,0.8660000000000001
1906,activeEnergyKcal,107.87648183556558
1906,heartRateBpm,165.9589813449649
1907,speedMps,3.0306017312052105
1907,paceSecPerKm,329.9674746778158
1907,cadenceSpm,174.5562185770754
1907,distanceM,5412.387007322311
1907,motionIntensityG,0.8660000000000001
1907,activeEnergyKcal,107.93451242829981
1907,heartRateBpm,165.23071551707724
1908,speedMps,2.8004495480420393
1908,paceSecPerKm,357.0855260360464
1908,cadenceSpm,172.90361399233333
1908,distanceM,5415.187456870352
1908,motionIntensityG,0.8660000000000001
1908,activeEnergyKcal,107.99254302103404
1908,heartRateBpm,165.1346341958258
1909,speedMps,2.8949295050127826
1909,paceSecPerKm,345.43155481624916
1909,cadenceSpm,172.9218191489026
1909,distanceM,5418.082386375365
1909,motionIntensityG,0.8660000000000001
1909,activeEnergyKcal,108.05057361376826
1909,heartRateBpm,164.87154842593324
1910,speedMps,2.88671542109979
1910,paceSecPerKm,346.4144725492258
1910,cadenceSpm,173.29409066959755
1910,distanceM,5420.969101796465
1910,motionIntensityG,0.8660000000000001
1910,activeEnergyKcal,108.10860420650249
1910,heartRateBpm,167.10644965819534
1911,speedMps,2.935683717809429
1911,paceSecPerKm,340.636150254697
1911,cadenceSpm,174.82657058896226
1911,distanceM,5423.904785514274
1911,motionIntensityG,0.8660000000000001
1911,activeEnergyKcal,108.16663479923672
1911,heartRateBpm,170.47147833778453
1912,speedMps,2.8663253126938626
1912,paceSecPerKm,348.8787527261407
1912,cadenceSpm,172.10758928277338
1912,distanceM,5426.771110826969
1912,motionIntensityG,0.8660000000000001
1912,activeEnergyKcal,108.22466539197094
1912,heartRateBpm,172.13194430589814
1913,speedMps,3.0625341654285476
1913,paceSecPerKm,326.52696949098936
1913,cadenceSpm,176.45578931191284
1913,distanceM,5429.833644992397
1913,motionIntensityG,0.8660000000000001
1913,activeEnergyKcal,108.28269598470517
1913,heartRateBpm,172.73711726489952
1914,speedMps,2.9024605910554895
1914,paceSecPerKm,344.535255045908
1914,cadenceSpm,172.653145888811
1914,distanceM,5432.736105583453
1914,motionIntensityG,0.8660000000000001
1914,activeEnergyKcal,108.3407265774394
1914,heartRateBpm,172.70976621826395
1915,speedMps,2.8486302372228995
1915,paceSecPerKm,351.04591214860153
1915,cadenceSpm,172.13800148677683
1915,distanceM,5435.584735820676
1915,motionIntensityG,0.8660000000000001
1915,activeEnergyKcal,108.39875717017362
1915,heartRateBpm,172.27817430832647
1916,speedMps,2.8658446893117424
1916,paceSecPerKm,348.9372622771678
1916,cadenceSpm,173.16359095634948
1916,distanceM,5438.450580509987
1916,motionIntensityG,0.8660000000000001
1916,activeEnergyKcal,108.45678776290785
1916,heartRateBpm,171.14321401200775
1917,speedMps,2.775258653260674
1917,paceSecPerKm,360.32677488460104
1917,cadenceSpm,175.95629614819774
1917,distanceM,5441.225839163248
1917,motionIntensityG,0.8660000000000001
1917,activeEnergyKcal,108.51481835564208
1917,heartRateBpm,170.58139828565845
1918,speedMps,2.9614281603222987
1918,paceSecPerKm,337.67491421813446
1918,cadenceSpm,172.76370951206903
1918,distanceM,5444.18726732357
1918,motionIntensityG,0.8660000000000001
1918,activeEnergyKcal,108.5728489483763
1918,heartRateBpm,169.4558338021164
1919,speedMps,2.877808386654924
1919,paceSecPerKm,347.4866515217746
1919,cadenceSpm,174.30066340232992
1919,distanceM,5447.065075710225
1919,motionIntensityG,0.8660000000000001
1919,activeEnergyKcal,108.63087954111053
1919,heartRateBpm,169.6659095764869
1920,speedMps,2.9518158826046306
1920,paceSecPerKm,338.77451703309407
1920,cadenceSpm,175.3463889294878
1920,distanceM,5450.01689159283
1920,motionIntensityG,0.8660000000000001
1920,activeEnergyKcal,108.68891013384476
1920,heartRateBpm,170.13928177807492
1921,speedMps,2.9111944646311514
1921,paceSecPerKm,343.5016149382175
1921,cadenceSpm,178.6921316635794
1921,distanceM,5452.928086057461
1921,motionIntensityG,0.8626
1921,activeEnergyKcal,108.74674208625606
1921,heartRateBpm,170.85001801076106
1922,speedMps,2.894670783882528
1922,paceSecPerKm,345.46242894631786
1922,cadenceSpm,166.72972500524546
1922,distanceM,5455.822756841343
1922,motionIntensityG,0.8592
1922,activeEnergyKcal,108.80437539834445
1922,heartRateBpm,169.49905237666965
1923,speedMps,2.8975452808621673
1923,paceSecPerKm,345.1197144717093
1923,cadenceSpm,177.53308422206393
1923,distanceM,5458.720302122205
1923,motionIntensityG,0.8558000000000001
1923,activeEnergyKcal,108.8618100701099
1923,heartRateBpm,171.52084743423978
1924,speedMps,2.8097893661902456
1924,paceSecPerKm,355.8985637972878
1924,cadenceSpm,171.77097929970316
1924,distanceM,5461.530091488396
1924,motionIntensityG,0.8524
1924,activeEnergyKcal,108.91904610155242
1924,heartRateBpm,170.59299965580385
1925,speedMps,2.914951252315705
1925,paceSecPerKm,343.05891023240156
1925,cadenceSpm,175.1684333825036
1925,distanceM,5464.445042740711
1925,motionIntensityG,0.849
1925,activeEnergyKcal,108.97608349267203
1925,heartRateBpm,171.53316448528767
1926,speedMps,2.9499176388469435
1926,paceSecPerKm,338.99251519133173
1926,cadenceSpm,171.85988493376945
1926,distanceM,5467.394960379558
1926,motionIntensityG,0.8456000000000001
1926,activeEnergyKcal,109.03292224346872
1926,heartRateBpm,171.4375930944835
1927,speedMps,2.926153757246063
1927,paceSecPerKm,341.74554140352
1927,cadenceSpm,173.16412609541396
1927,distanceM,5470.321114136804
1927,motionIntensityG,0.8422000000000001
1927,activeEnergyKcal,109.08956235394248
1927,heartRateBpm,168.58610346611232
1928,speedMps,2.779392476912703
1928,paceSecPerKm,359.7908565654539
1928,cadenceSpm,164.3736197075596
1928,distanceM,5473.100506613717
1928,motionIntensityG,0.8388
1928,activeEnergyKcal,109.14600382409333
1928,heartRateBpm,169.9233985468224
1929,speedMps,2.81528498845323
1929,paceSecPerKm,355.20382629163896
1929,cadenceSpm,167.4706722594999
1929,distanceM,5475.91579160217
1929,motionIntensityG,0.8353999999999999
1929,activeEnergyKcal,109.20224665392125
1929,heartRateBpm,168.45134524015975
1930,speedMps,2.850026400641869
1930,paceSecPerKm,350.87394270270084
1930,cadenceSpm,175.03833773821344
1930,distanceM,5478.765818002812
1930,motionIntensityG,0.8320000000000001
1930,activeEnergyKcal,109.25829084342624
1930,heartRateBpm,167.81654061937485
1931,speedMps,2.7480388433311806
1931,paceSecPerKm,363.89587520815286
1931,cadenceSpm,174.0313839744921
1931,distanceM,5481.513856846143
1931,motionIntensityG,0.8286
1931,activeEnergyKcal,109.3141363926083
1931,heartRateBpm,166.2132009116968
1932,speedMps,2.8257172326736577
1932,paceSecPerKm,353.89245195415845
1932,cadenceSpm,167.72406056539592
1932,distanceM,5484.339574078817
1932,motionIntensityG,0.8251999999999999
1932,activeEnergyKcal,109.36978330146745
1932,heartRateBpm,165.66193322740497
1933,speedMps,2.8635298887282388
1933,paceSecPerKm,349.21933377972306
1933,cadenceSpm,180.86022657305256
1933,distanceM,5487.203103967546
1933,motionIntensityG,0.8218000000000001
1933,activeEnergyKcal,109.42523157000367
1933,heartRateBpm,165.17679967985467
1934,speedMps,2.9805660767678597
1934,paceSecPerKm,335.50673739278574
1934,cadenceSpm,175.348737820209
1934,distanceM,5490.183670044314
1934,motionIntensityG,0.8184
1934,activeEnergyKcal,109.48048119821698
1934,heartRateBpm,165.4830623439644
1935,speedMps,2.7600006531831593
1935,paceSecPerKm,362.31875483314894
1935,cadenceSpm,172.7897246189137
1935,distanceM,5492.943670697497
1935,motionIntensityG,0.815
1935,activeEnergyKcal,109.53553218610736
1935,heartRateBpm,166.07479912228322
1936,speedMps,2.717267059830782
1936,paceSecPerKm,368.0168264588152
1936,cadenceSpm,169.34080939067317
1936,distanceM,5495.660937757328
1936,motionIntensityG,0.8116000000000001
1936,activeEnergyKcal,109.59038453367481
1936,heartRateBpm,167.73839871795593
1937,speedMps,2.8009987128417806
1937,paceSecPerKm,357.01551572133366
1937,cadenceSpm,170.73254878104603
1937,distanceM,5498.461936470169
1937,motionIntensityG,0.8082
1937,activeEnergyKcal,109.64503824091933
1937,heartRateBpm,169.45862311898813
1938,speedMps,2.768586054445663
1938,paceSecPerKm,361.1952022926099
1938,cadenceSpm,178.8511267263703
1938,distanceM,5501.230522524615
1938,motionIntensityG,0.8048
1938,activeEnergyKcal,109.69949330784094
1938,heartRateBpm,169.76025720126995
1939,speedMps,2.678677859265787
1939,paceSecPerKm,373.3184998490618
1939,cadenceSpm,167.39079972678357
1939,distanceM,5503.9092003838805
1939,motionIntensityG,0.8014000000000001
1939,activeEnergyKcal,109.75374973443962
1939,heartRateBpm,169.45553415653197
1940,speedMps,2.799701798413287
1940,paceSecPerKm,357.1808971108079
1940,cadenceSpm,172.74033303446382
1940,distanceM,5506.708902182294
1940,motionIntensityG,0.798
1940,activeEnergyKcal,109.80780752071539
1940,heartRateBpm,169.2955114344653
1941,speedMps,2.7600797135967303
1941,paceSecPerKm,362.30837648412495
1941,cadenceSpm,168.70074002584607
1941,distanceM,5509.4689818958905
1941,motionIntensityG,0.7946
1941,activeEnergyKcal,109.86166666666823
1941,heartRateBpm,167.51169552341267
1942,speedMps,2.586559009851676
1942,paceSecPerKm,386.61402898259956
1942,cadenceSpm,161.5918636551859
1942,distanceM,5512.055540905742
1942,motionIntensityG,0.7911999999999999
1942,activeEnergyKcal,109.91532717229813
1942,heartRateBpm,167.44548155529625
1943,speedMps,2.7774973313975018
1943,paceSecPerKm,360.03634952075674
1943,cadenceSpm,169.11613894529162
1943,distanceM,5514.83303823714
1943,motionIntensityG,0.7878000000000001
1943,activeEnergyKcal,109.96878903760512
1943,heartRateBpm,167.5584680127865
1944,speedMps,2.6629072797461215
1944,paceSecPerKm,375.5294101322742
1944,cadenceSpm,173.0086117470357
1944,distanceM,5517.4959455168855
1944,motionIntensityG,0.7844
1944,activeEnergyKcal,110.02205226258918
1944,heartRateBpm,167.72509032864875
1945,speedMps,2.66516749482764
1945,paceSecPerKm,375.21093962789433
1945,cadenceSpm,179.77332748984628
1945,distanceM,5520.1611130117135
1945,motionIntensityG,0.7809999999999999
1945,activeEnergyKcal,110.07511684725033
1945,heartRateBpm,167.4691189864695
1946,speedMps,2.7425566928928284
1946,paceSecPerKm,364.6232738201694
1946,cadenceSpm,166.07131871781797
1946,distanceM,5522.903669704607
1946,motionIntensityG,0.7776000000000001
1946,activeEnergyKcal,110.12798279158855
1946,heartRateBpm,167.55870250130414
1947,speedMps,2.7011478057961344
1947,paceSecPerKm,370.2129879209852
1947,cadenceSpm,175.31511649628413
1947,distanceM,5525.604817510402
1947,motionIntensityG,0.7742
1947,activeEnergyKcal,110.18065009560385
1947,heartRateBpm,166.94363558396665
1948,speedMps,2.741351239721197
1948,paceSecPerKm,364.7836094515575
1948,cadenceSpm,169.47675634729737
1948,distanceM,5528.346168750124
1948,motionIntensityG,0.7708000000000002
1948,activeEnergyKcal,110.23311875929622
1948,heartRateBpm,166.27716134871196
1949,speedMps,2.648734358818302
1949,paceSecPerKm,377.5388032668315
1949,cadenceSpm,170.9296802219341
1949,distanceM,5530.994903108943
1949,motionIntensityG,0.7674000000000001
1949,activeEnergyKcal,110.28538878266566
1949,heartRateBpm,167.42491672223844
1950,speedMps,2.7335364443594954
1950,paceSecPerKm,365.82647436929034
1950,cadenceSpm,163.81604984915134
1950,distanceM,5533.728439553302
1950,motionIntensityG,0.764
1950,activeEnergyKcal,110.33746016571219
1950,heartRateBpm,165.60208307049166
1951,speedMps,2.658802066594316
1951,paceSecPerKm,376.1092307562816
1951,cadenceSpm,169.12300616870334
1951,distanceM,5536.3872416198965
1951,motionIntensityG,0.7606000000000002
1951,activeEnergyKcal,110.38933290843579
1951,heartRateBpm,162.61169315588737
1952,speedMps,2.6466093315912897
1952,paceSecPerKm,377.84193838640476
1952,cadenceSpm,164.82648136160122
1952,distanceM,5539.033850951488
1952,motionIntensityG,0.7572000000000001
1952,activeEnergyKcal,110.44100701083647
1952,heartRateBpm,162.31539046672742
1953,speedMps,2.6273831651052784
1953,paceSecPerKm,380.6068385004402
1953,cadenceSpm,172.87249253462107
1953,distanceM,5541.661234116593
1953,motionIntensityG,0.7538
1953,activeEnergyKcal,110.49248247291423
1953,heartRateBpm,162.33175698841745
1954,speedMps,2.5907388774030284
1954,paceSecPerKm,385.99027046770755
1954,cadenceSpm,171.7124331975434
1954,distanceM,5544.251972993996
1954,motionIntensityG,0.7504000000000002
1954,activeEnergyKcal,110.54375929466907
1954,heartRateBpm,161.1523670535969
1955,speedMps,2.5485854920197326
1955,paceSecPerKm,392.3745164253872
1955,cadenceSpm,164.86864091341275
1955,distanceM,5546.800558486016
1955,motionIntensityG,0.7470000000000001
1955,activeEnergyKcal,110.59483747610098
1955,heartRateBpm,159.37930908163327
1956,speedMps,2.5902373438731883
1956,paceSecPerKm,386.06500765860227
1956,cadenceSpm,166.35047722420484
1956,distanceM,5549.390795829889
1956,motionIntensityG,0.7436
1956,activeEnergyKcal,110.64571701720996
1956,heartRateBpm,157.6981610121075
1957,speedMps,2.628667559041436
1957,paceSecPerKm,380.4208700946033
1957,cadenceSpm,170.3023004769767
1957,distanceM,5552.0194633889305
1957,motionIntensityG,0.7402
1957,activeEnergyKcal,110.69639791799602
1957,heartRateBpm,158.16234032195993
1958,speedMps,2.479778142379312
1958,paceSecPerKm,403.2618817425797
1958,cadenceSpm,166.54257671447044
1958,distanceM,5554.49924153131
1958,motionIntensityG,0.7368000000000001
1958,activeEnergyKcal,110.74688017845916
1958,heartRateBpm,157.33617268976667
1959,speedMps,2.6625797247025615
1959,paceSecPerKm,375.57560839298833
1959,cadenceSpm,175.81563398628157
1959,distanceM,5557.161821256012
1959,motionIntensityG,0.7334
1959,activeEnergyKcal,110.79716379859939
1959,heartRateBpm,156.982965110762
1960,speedMps,2.6352391012537937
1960,paceSecPerKm,379.4722078631196
1960,cadenceSpm,170.5149749832786
1960,distanceM,5559.797060357267
1960,motionIntensityG,0.73
1960,activeEnergyKcal,110.84724877841668
1960,heartRateBpm,155.87532700041734
1961,speedMps,2.520851059756432
1961,paceSecPerKm,396.69142535403154
1961,cadenceSpm,164.73456270454724
1961,distanceM,5562.317911417023
1961,motionIntensityG,0.7266000000000001
1961,activeEnergyKcal,110.89713511791105
1961,heartRateBpm,153.14232755489923
1962,speedMps,2.793414682358713
1962,paceSecPerKm,357.98480129545845
1962,cadenceSpm,163.55917537464225
1962,distanceM,5565.1113260993825
1962,motionIntensityG,0.7232000000000001
1962,activeEnergyKcal,110.94682281708249
1962,heartRateBpm,153.38172476297385
1963,speedMps,2.6057244825305363
1963,paceSecPerKm,383.7704280342237
1963,cadenceSpm,165.68366231611785
1963,distanceM,5567.717050581913
1963,motionIntensityG,0.7198
1963,activeEnergyKcal,110.99631187593101
1963,heartRateBpm,152.466826356032
1964,speedMps,2.6149284185723625
1964,paceSecPerKm,382.41964594424985
1964,cadenceSpm,169.4323409080734
1964,distanceM,5570.331979000485
1964,motionIntensityG,0.7164000000000001
1964,activeEnergyKcal,111.04560229445661
1964,heartRateBpm,149.8254420299862
1965,speedMps,2.5913186424699712
1965,paceSecPerKm,385.9039114722026
1965,cadenceSpm,171.27733487136584
1965,distanceM,5572.923297642955
1965,motionIntensityG,0.7130000000000001
1965,activeEnergyKcal,111.0946940726593
1965,heartRateBpm,150.23682687310986
1966,speedMps,2.5720127631687073
1966,paceSecPerKm,388.8005589707902
1966,cadenceSpm,172.4276510451819
1966,distanceM,5575.495310406123
1966,motionIntensityG,0.7096
1966,activeEnergyKcal,111.14358721053905
1966,heartRateBpm,150.34114442212038
1967,speedMps,2.4793960269541753
1967,paceSecPerKm,403.32403098526146
1967,cadenceSpm,167.16475963674398
1967,distanceM,5577.974706433078
1967,motionIntensityG,0.7061999999999999
1967,activeEnergyKcal,111.19228170809588
1967,heartRateBpm,150.24674039885056
1968,speedMps,2.491454094824717
1968,paceSecPerKm,401.37203494024385
1968,cadenceSpm,163.651773720621
1968,distanceM,5580.4661605279025
1968,motionIntensityG,0.7028000000000001
1968,activeEnergyKcal,111.24077756532978
1968,heartRateBpm,152.07558245862143
1969,speedMps,2.5803328433455017
1969,paceSecPerKm,387.5469021676526
1969,cadenceSpm,169.98835633239116
1969,distanceM,5583.046493371248
1969,motionIntensityG,0.6994
1969,activeEnergyKcal,111.28907478224076
1969,heartRateBpm,152.50866942639848
1970,speedMps,2.486508543400624
1970,paceSecPerKm,402.1703455047734
1970,cadenceSpm,165.473410767422
1970,distanceM,5585.533001914649
1970,motionIntensityG,0.696
1970,activeEnergyKcal,111.33717335882882
1970,heartRateBpm,150.87931311667504
1971,speedMps,2.4819069679271477
1971,paceSecPerKm,402.91598876294114
1971,cadenceSpm,165.02348187320314
1971,distanceM,5588.014908882576
1971,motionIntensityG,0.6926000000000001
1971,activeEnergyKcal,111.38507329509396
1971,heartRateBpm,149.55794450135917
1972,speedMps,2.637622091178651
1972,paceSecPerKm,379.12936934537834
1972,cadenceSpm,164.09794973964878
1972,distanceM,5590.652530973754
1972,motionIntensityG,0.6892
1972,activeEnergyKcal,111.43277459103618
1972,heartRateBpm,148.7848878075585
1973,speedMps,2.600851912154247
1973,paceSecPerKm,384.48940338618314
1973,cadenceSpm,166.5147283366388
1973,distanceM,5593.253382885909
1973,motionIntensityG,0.6858
1973,activeEnergyKcal,111.48027724665548
1973,heartRateBpm,149.02026371966696
1974,speedMps,2.494737731427277
1974,paceSecPerKm,400.8437389640493
1974,cadenceSpm,164.9660623443314
1974,distanceM,5595.748120617336
1974,motionIntensityG,0.6824000000000001
1974,activeEnergyKcal,111.52758126195184
1974,heartRateBpm,147.04574623112072
1975,speedMps,2.535658959430967
1975,paceSecPerKm,394.37480197432086
1975,cadenceSpm,167.89467755242475
1975,distanceM,5598.283779576767
1975,motionIntensityG,0.6789999999999999
1975,activeEnergyKcal,111.57468663692528
1975,heartRateBpm,146.1685019979538
1976,speedMps,2.5471449956170984
1976,paceSecPerKm,392.5964174480493
1976,cadenceSpm,172.53893757246703
1976,distanceM,5600.830924572384
1976,motionIntensityG,0.6756000000000001
1976,activeEnergyKcal,111.6215933715758
1976,heartRateBpm,145.05774215430029
1977,speedMps,2.410434381667477
1977,paceSecPerKm,414.86298386941587
1977,cadenceSpm,167.35528710273672
1977,distanceM,5603.241358954051
1977,motionIntensityG,0.6722000000000001
1977,activeEnergyKcal,111.6683014659034
1977,heartRateBpm,145.97704632990536
1978,speedMps,2.5240597730967655
1978,paceSecPerKm,396.18713100962003
1978,cadenceSpm,166.1163506721126
1978,distanceM,5605.765418727148
1978,motionIntensityG,0.6688000000000001
1978,activeEnergyKcal,111.71481091990807
1978,heartRateBpm,145.78729020539706
1979,speedMps,2.4444490342228424
1979,paceSecPerKm,409.0901409682806
1979,cadenceSpm,169.423650302187
1979,distanceM,5608.209867761371
1979,motionIntensityG,0.6654
1979,activeEnergyKcal,111.76112173358983
1979,heartRateBpm,145.22923816325067
1980,speedMps,2.616981044653843
1980,paceSecPerKm,382.1196955334743
1980,cadenceSpm,166.0766771481839
1980,distanceM,5610.826848806025
1980,motionIntensityG,0.6620000000000001
1980,activeEnergyKcal,111.80723390694865
1980,heartRateBpm,143.20827583934323
1981,speedMps,2.4491528359305947
1981,paceSecPerKm,408.3044493301432
1981,cadenceSpm,166.8937260528301
1981,distanceM,5613.276001641955
1981,motionIntensityG,0.6586000000000001
1981,activeEnergyKcal,111.85314743998455
1981,heartRateBpm,141.63232748936167
1982,speedMps,2.434522225856356
1982,paceSecPerKm,410.75821341012596
1982,cadenceSpm,168.34185038761186
1982,distanceM,5615.710523867811
1982,motionIntensityG,0.6552
1982,activeEnergyKcal,111.89886233269753
1982,heartRateBpm,141.09171013500983
1983,speedMps,2.518818200683999
1983,paceSecPerKm,397.0115825463086
1983,cadenceSpm,161.39650275673526
1983,distanceM,5618.2293420684955
1983,motionIntensityG,0.6518
1983,activeEnergyKcal,111.94437858508759
1983,heartRateBpm,140.88892511675462
1984,speedMps,2.5093858544984955
1984,paceSecPerKm,398.503880225248
1984,cadenceSpm,174.59432436559877
1984,distanceM,5620.738727922994
1984,motionIntensityG,0.6484000000000001
1984,activeEnergyKcal,111.98969619715473
1984,heartRateBpm,142.41163006505414
1985,speedMps,2.4177436719182204
1985,paceSecPerKm,413.6087756592523
1985,cadenceSpm,173.69491855162576
1985,distanceM,5623.156471594913
1985,motionIntensityG,0.645
1985,activeEnergyKcal,112.03481516889894
1985,heartRateBpm,142.01742819770183
1986,speedMps,2.527737299475114
1986,paceSecPerKm,395.6107306750786
1986,cadenceSpm,158.3770161520402
1986,distanceM,5625.684208894388
1986,motionIntensityG,0.6416000000000001
1986,activeEnergyKcal,112.07973550032023
1986,heartRateBpm,140.52195173184592
1987,speedMps,2.552141225904149
1987,paceSecPerKm,391.82784630020984
1987,cadenceSpm,166.26112152971734
1987,distanceM,5628.236350120292
1987,motionIntensityG,0.6382
1987,activeEnergyKcal,112.12445719141859
1987,heartRateBpm,139.14610237705747
1988,speedMps,2.4455949698953043
1988,paceSecPerKm,408.8984530593837
1988,cadenceSpm,169.03439807058584
1988,distanceM,5630.681945090187
1988,motionIntensityG,0.6348
1988,activeEnergyKcal,112.16898024219402
1988,heartRateBpm,139.4922205831628
1989,speedMps,2.6303085863303894
1989,paceSecPerKm,380.183528730036
1989,cadenceSpm,163.16667361473398
1989,distanceM,5633.312253676517
1989,motionIntensityG,0.6314
1989,activeEnergyKcal,112.21330465264654
1989,heartRateBpm,141.23674325308855
1990,speedMps,2.4417018888190345
1990,paceSecPerKm,409.5504060422646
1990,cadenceSpm,169.33306068836492
1990,distanceM,5635.753955565336
1990,motionIntensityG,0.628
1990,activeEnergyKcal,112.25743042277614
1990,heartRateBpm,139.69149130348504
1991,speedMps,2.352698271427392
1991,paceSecPerKm,425.04387925328643
1991,cadenceSpm,158.11373310901766
1991,distanceM,5638.106653836763
1991,motionIntensityG,0.6246
1991,activeEnergyKcal,112.30135755258281
1991,heartRateBpm,139.1902975045425
1992,speedMps,2.344924347733423
1992,paceSecPerKm,426.45299024959525
1992,cadenceSpm,160.83969326604878
1992,distanceM,5640.451578184497
1992,motionIntensityG,0.6212
1992,activeEnergyKcal,112.34508604206657
1992,heartRateBpm,139.2820187965116
1993,speedMps,2.3465082878508428
1993,paceSecPerKm,426.16512593522344
1993,cadenceSpm,162.5783811645733
1993,distanceM,5642.798086472348
1993,motionIntensityG,0.6178000000000001
1993,activeEnergyKcal,112.38861589122739
1993,heartRateBpm,137.345180388707
1994,speedMps,2.436831670117023
1994,paceSecPerKm,410.36892792516005
1994,cadenceSpm,164.26394067556626
1994,distanceM,5645.234918142464
1994,motionIntensityG,0.6144000000000001
1994,activeEnergyKcal,112.43194710006529
1994,heartRateBpm,136.42032337675644
1995,speedMps,2.4552214577456115
1995,paceSecPerKm,407.2952347517367
1995,cadenceSpm,160.03296409046092
1995,distanceM,5647.6901396002095
1995,motionIntensityG,0.611
1995,activeEnergyKcal,112.47507966858026
1995,heartRateBpm,138.4523052137579
1996,speedMps,2.3434816579812705
1996,paceSecPerKm,426.71552243401095
1996,cadenceSpm,161.2740567765864
1996,distanceM,5650.033621258191
1996,motionIntensityG,0.6076
1996,activeEnergyKcal,112.51801359677232
1996,heartRateBpm,138.40220019805062
1997,speedMps,2.3448007254319942
1997,paceSecPerKm,426.4754736527835
1997,cadenceSpm,157.96209945332313
1997,distanceM,5652.3784219836225
1997,motionIntensityG,0.6042000000000001
1997,activeEnergyKcal,112.56074888464146
1997,heartRateBpm,139.58116210506296
1998,speedMps,2.306510351696043
1998,paceSecPerKm,433.55539213802854
1998,cadenceSpm,161.44962358482172
1998,distanceM,5654.684932335319
1998,motionIntensityG,0.6008
1998,activeEnergyKcal,112.60328553218767
1998,heartRateBpm,139.62181759019796
1999,speedMps,2.3593895285124105
1999,paceSecPerKm,423.83844969868017
1999,cadenceSpm,168.81854592929326
1999,distanceM,5657.044321863831
1999,motionIntensityG,0.5974
1999,activeEnergyKcal,112.64562353941095
1999,heartRateBpm,139.03325594979742
2000,speedMps,2.3797559203125225
2000,paceSecPerKm,420.2111617685038
2000,cadenceSpm,166.20636519674093
2000,distanceM,5659.424077784143
2000,motionIntensityG,0.5940000000000001
2000,activeEnergyKcal,112.6877629063113
2000,heartRateBpm,138.46023712954363
2001,speedMps,2.256979511789847
2001,paceSecPerKm,443.07003886223697
2001,cadenceSpm,161.0115469510011
2001,distanceM,5661.681057295933
2001,motionIntensityG,0.5906
2001,activeEnergyKcal,112.72970363288874
2001,heartRateBpm,138.0947396276815
2002,speedMps,2.397691874849544
2002,paceSecPerKm,417.06776858588233
2002,cadenceSpm,159.31407907697522
2002,distanceM,5664.078749170782
2002,motionIntensityG,0.5871999999999999
2002,activeEnergyKcal,112.77144571914326
2002,heartRateBpm,137.2575859440198
2003,speedMps,2.302691346901578
2003,paceSecPerKm,434.2744420981846
2003,cadenceSpm,158.64830476841215
2003,distanceM,5666.381440517684
2003,motionIntensityG,0.5838000000000001
2003,activeEnergyKcal,112.81298916507485
2003,heartRateBpm,136.61749868965367
2004,speedMps,2.291661064946443
2004,paceSecPerKm,436.36470300784663
2004,cadenceSpm,164.0602222450063
2004,distanceM,5668.67310158263
2004,motionIntensityG,0.5804
2004,activeEnergyKcal,112.85433397068353
2004,heartRateBpm,136.25612863158003
2005,speedMps,2.3452821581947503
2005,paceSecPerKm,426.38792799657705
2005,cadenceSpm,166.403612442307
2005,distanceM,5671.018383740825
2005,motionIntensityG,0.5770000000000001
2005,activeEnergyKcal,112.89548013596927
2005,heartRateBpm,136.52712052675864
2006,speedMps,2.3460953377225344
2006,paceSecPerKm,426.24013778176095
2006,cadenceSpm,172.36758867352128
2006,distanceM,5673.364479078547
2006,motionIntensityG,0.5736
2006,activeEnergyKcal,112.93642766093208
2006,heartRateBpm,135.85507035674004
2007,speedMps,2.4198660416845317
2007,paceSecPerKm,413.2460155950922
2007,cadenceSpm,155.27341775329174
2007,distanceM,5675.784345120232
2007,motionIntensityG,0.5702
2007,activeEnergyKcal,112.97717654557198
2007,heartRateBpm,134.7008990628956
2008,speedMps,2.240200830911446
2008,paceSecPerKm,446.38854972352675
2008,cadenceSpm,157.73047850924817
2008,distanceM,5678.024545951143
2008,motionIntensityG,0.5668000000000001
2008,activeEnergyKcal,113.01772678988895
2008,heartRateBpm,135.43737131037838
2009,speedMps,2.263313398919244
2009,paceSecPerKm,441.8301064613988
2009,cadenceSpm,156.27388702999235
2009,distanceM,5680.287859350063
2009,motionIntensityG,0.5634
2009,activeEnergyKcal,113.05807839388301
2009,heartRateBpm,134.95085650570311
2010,speedMps,2.3021907469789067
2010,paceSecPerKm,434.36887291475256
2010,cadenceSpm,156.96704066223273
2010,distanceM,5682.590050097042
2010,motionIntensityG,0.56
2010,activeEnergyKcal,113.09823135755414
2010,heartRateBpm,135.2804430086434
2011,speedMps,2.2906881845654854
2011,paceSecPerKm,436.5500318803484
2011,cadenceSpm,158.06844975284852
2011,distanceM,5684.880738281608
2011,motionIntensityG,0.56
2011,activeEnergyKcal,113.13838432122527
2011,heartRateBpm,132.75314023700523
2012,speedMps,2.2444097071746283
2012,paceSecPerKm,445.55145025586637
2012,cadenceSpm,168.0557170157364
2012,distanceM,5687.125147988782
2012,motionIntensityG,0.56
2012,activeEnergyKcal,113.17853728489641
2012,heartRateBpm,132.23668256308432
2013,speedMps,2.387369912387186
2013,paceSecPerKm,418.87099054543967
2013,cadenceSpm,165.48183066053286
2013,distanceM,5689.512517901169
2013,motionIntensityG,0.56
2013,activeEnergyKcal,113.21869024856754
2013,heartRateBpm,131.07780551441144
2014,speedMps,2.250245915066435
2014,paceSecPerKm,444.3958739373943
2014,cadenceSpm,163.28510685727994
2014,distanceM,5691.762763816236
2014,motionIntensityG,0.56
2014,activeEnergyKcal,113.25884321223867
2014,heartRateBpm,130.02516408963814
2015,speedMps,2.3344342054998037
2015,paceSecPerKm,428.36932291518553
2015,cadenceSpm,158.32324926817978
2015,distanceM,5694.0971980217355
2015,motionIntensityG,0.56
2015,activeEnergyKcal,113.2989961759098
2015,heartRateBpm,127.58956263003543
2016,speedMps,2.2061942228254625
2016,paceSecPerKm,453.2692496671053
2016,cadenceSpm,162.27402989926097
2016,distanceM,5696.303392244561
2016,motionIntensityG,0.56
2016,activeEnergyKcal,113.33914913958094
2016,heartRateBpm,127.472834619344
2017,speedMps,2.333661493557519
2017,paceSecPerKm,428.5111627203324
2017,cadenceSpm,158.3878576647892
2017,distanceM,5698.637053738119
2017,motionIntensityG,0.56
2017,activeEnergyKcal,113.37930210325207
2017,heartRateBpm,125.77619361561766
2018,speedMps,2.309619058749649
2018,paceSecPerKm,432.97183412634587
2018,cadenceSpm,162.88701643282747
2018,distanceM,5700.946672796868
2018,motionIntensityG,0.56
2018,activeEnergyKcal,113.4194550669232
2018,heartRateBpm,126.2378617651449
2019,speedMps,2.3314829638123946
2019,paceSecPerKm,428.9115620921458
2019,cadenceSpm,152.67860274862053
2019,distanceM,5703.27815576068
2019,motionIntensityG,0.56
2019,activeEnergyKcal,113.45960803059434
2019,heartRateBpm,125.77099095269958
2020,speedMps,2.2516596463532443
2020,paceSecPerKm,444.11685470296794
2020,cadenceSpm,164.90865733792864
2020,distanceM,5705.529815407033
2020,motionIntensityG,0.56
2020,activeEnergyKcal,113.49976099426547
2020,heartRateBpm,125.12178791838406
2021,speedMps,2.346343510097296
2021,paceSecPerKm,426.1950544311105
2021,cadenceSpm,163.79443676862095
2021,distanceM,5707.876158917131
2021,motionIntensityG,0.56
2021,activeEnergyKcal,113.5399139579366
2021,heartRateBpm,126.04085429945884
2022,speedMps,2.2884301245410614
2022,paceSecPerKm,436.9807883911454
2022,cadenceSpm,166.6365254954157
2022,distanceM,5710.164589041672
2022,motionIntensityG,0.56
2022,activeEnergyKcal,113.58006692160774
2022,heartRateBpm,124.49350731673448
2023,speedMps,2.254895014656001
2023,paceSecPerKm,443.4796269894439
2023,cadenceSpm,160.48300570681172
2023,distanceM,5712.419484056328
2023,motionIntensityG,0.56
2023,activeEnergyKcal,113.62021988527887
2023,heartRateBpm,124.833175713706
2024,speedMps,2.2472123212347617
2024,paceSecPerKm,444.99578012750317
2024,cadenceSpm,165.24132094580727
2024,distanceM,5714.666696377562
2024,motionIntensityG,0.56
2024,activeEnergyKcal,113.66037284895
2024,heartRateBpm,125.64163953901837
2025,speedMps,2.3373219475124585
2025,paceSecPerKm,427.8400761453808
2025,cadenceSpm,162.50852415915273
2025,distanceM,5717.004018325075
2025,motionIntensityG,0.56
2025,activeEnergyKcal,113.70052581262114
2025,heartRateBpm,122.76031840119947
2026,speedMps,2.815516711381152
2026,paceSecPerKm,355.17459227207
2026,cadenceSpm,172.96039076893354
2026,distanceM,5719.819535036456
2026,motionIntensityG,0.8660000000000001
2026,activeEnergyKcal,113.75855640535536
2026,heartRateBpm,123.09691500544105
2027,speedMps,2.904471597994669
2027,paceSecPerKm,344.29670467097316
2027,cadenceSpm,173.2915669035504
2027,distanceM,5722.72400663445
2027,motionIntensityG,0.8660000000000001
2027,activeEnergyKcal,113.81658699808959
2027,heartRateBpm,122.61159062768037
2028,speedMps,2.910830108004955
2028,paceSecPerKm,343.54461198197066
2028,cadenceSpm,172.97555282273714
2028,distanceM,5725.634836742455
2028,motionIntensityG,0.8660000000000001
2028,activeEnergyKcal,113.87461759082382
2028,heartRateBpm,122.85610489736662
2029,speedMps,2.824739347906221
2029,paceSecPerKm,354.0149645103465
2029,cadenceSpm,171.267889170525
2029,distanceM,5728.459576090361
2029,motionIntensityG,0.8660000000000001
2029,activeEnergyKcal,113.93264818355804
2029,heartRateBpm,123.89438191984338
2030,speedMps,2.8473279082592646
2030,paceSecPerKm,351.20647576251855
2030,cadenceSpm,174.37794607194562
2030,distanceM,5731.30690399862
2030,motionIntensityG,0.8660000000000001
2030,activeEnergyKcal,113.99067877629227
2030,heartRateBpm,124.77195268463754
2031,speedMps,2.897065873909664
2031,paceSecPerKm,345.17682494063365
2031,cadenceSpm,174.3202838814293
2031,distanceM,5734.20396987253
2031,motionIntensityG,0.8660000000000001
2031,activeEnergyKcal,114.0487093690265
2031,heartRateBpm,127.96711451388288
2032,speedMps,2.892384004629148
2032,paceSecPerKm,345.73555876382216
2032,cadenceSpm,171.28925121678228
2032,distanceM,5737.096353877159
2032,motionIntensityG,0.8660000000000001
2032,activeEnergyKcal,114.10673996176072
2032,heartRateBpm,128.06268132006497
2033,speedMps,2.8260858706569034
2033,paceSecPerKm,353.8462898041938
2033,cadenceSpm,175.6194423217991
2033,distanceM,5739.9224397478165
2033,motionIntensityG,0.8660000000000001
2033,activeEnergyKcal,114.16477055449495
2033,heartRateBpm,129.55422519860565
2034,speedMps,2.713167872380998
2034,paceSecPerKm,368.57284437856356
2034,cadenceSpm,175.9135184974091
2034,distanceM,5742.635607620197
2034,motionIntensityG,0.8660000000000001
2034,activeEnergyKcal,114.22280114722918
2034,heartRateBpm,130.68863175194448
2035,speedMps,2.8760521620794073
2035,paceSecPerKm,347.6988398141543
2035,cadenceSpm,172.61746519147718
2035,distanceM,5745.511659782277
2035,motionIntensityG,0.8660000000000001
2035,activeEnergyKcal,114.2808317399634
2035,heartRateBpm,132.17163035768846
2036,speedMps,2.890566136249394
2036,paceSecPerKm,345.95299082052253
2036,cadenceSpm,174.9984846336618
2036,distanceM,5748.402225918527
2036,motionIntensityG,0.8660000000000001
2036,activeEnergyKcal,114.33886233269763
2036,heartRateBpm,132.5095558569736
2037,speedMps,2.7937946850160866
2037,paceSecPerKm,357.93610939389487
2037,cadenceSpm,171.42685800866056
2037,distanceM,5751.196020603543
2037,motionIntensityG,0.8660000000000001
2037,activeEnergyKcal,114.39689292543186
2037,heartRateBpm,133.14596429814296
2038,speedMps,2.938208051247862
2038,paceSecPerKm,340.34349595335783
2038,cadenceSpm,172.34036161648467
2038,distanceM,5754.134228654791
2038,motionIntensityG,0.8660000000000001
2038,activeEnergyKcal,114.45492351816608
2038,heartRateBpm,133.80304195744242
2039,speedMps,2.8362274262473237
2039,paceSecPerKm,352.58103449169533
2039,cadenceSpm,171.79741077990357
2039,distanceM,5756.970456081038
2039,motionIntensityG,0.8660000000000001
2039,activeEnergyKcal,114.51295411090031
2039,heartRateBpm,132.48053383215063
2040,speedMps,2.7935161356240354
2040,paceSecPerKm,357.971800215363
2040,cadenceSpm,171.85961654930904
2040,distanceM,5759.763972216662
2040,motionIntensityG,0.8660000000000001
2040,activeEnergyKcal,114.57098470363454
2040,heartRateBpm,132.50886506765798
2041,speedMps,2.802965190949767
2041,paceSecPerKm,356.7650441142854
2041,cadenceSpm,175.17814931121953
2041,distanceM,5762.566937407612
2041,motionIntensityG,0.8660000000000001
2041,activeEnergyKcal,114.62901529636876
2041,heartRateBpm,133.48926820216604
2042,speedMps,2.8503896188719593
2042,paceSecPerKm,350.82923168789455
2042,cadenceSpm,173.51910348934464
2042,distanceM,5765.417327026485
2042,motionIntensityG,0.8660000000000001
2042,activeEnergyKcal,114.68704588910299
2042,heartRateBpm,135.7227905268556
2043,speedMps,2.7817232797953815
2043,paceSecPerKm,359.4893882016755
2043,cadenceSpm,174.69374094609313
2043,distanceM,5768.19905030628
2043,motionIntensityG,0.8660000000000001
2043,activeEnergyKcal,114.74507648183722
2043,heartRateBpm,136.80511331441772
2044,speedMps,2.7093246955695585
2044,paceSecPerKm,369.09566492168943
2044,cadenceSpm,173.47498668919872
2044,distanceM,5770.908375001849
2044,motionIntensityG,0.8660000000000001
2044,activeEnergyKcal,114.80310707457144
2044,heartRateBpm,138.69018010029194
2045,speedMps,2.849092094915887
2045,paceSecPerKm,350.9890051586847
2045,cadenceSpm,175.45843247545895
2045,distanceM,5773.757467096765
2045,motionIntensityG,0.8660000000000001
2045,activeEnergyKcal,114.86113766730567
2045,heartRateBpm,139.6291832312923
2046,speedMps,2.916450012974521
2046,paceSecPerKm,342.88261261165536
2046,cadenceSpm,174.6155182219461
2046,distanceM,5776.67391710974
2046,motionIntensityG,0.8660000000000001
2046,activeEnergyKcal,114.9191682600399
2046,heartRateBpm,140.8705850027029
2047,speedMps,2.927832574003568
2047,paceSecPerKm,341.5495847949335
2047,cadenceSpm,173.1989550037911
2047,distanceM,5779.601749683743
2047,motionIntensityG,0.8660000000000001
2047,activeEnergyKcal,114.97719885277412
2047,heartRateBpm,141.4092320732065
2048,speedMps,2.844541097719864
2048,paceSecPerKm,351.5505544291777
2048,cadenceSpm,175.26945200362843
2048,distanceM,5782.446290781463
2048,motionIntensityG,0.8660000000000001
2048,activeEnergyKcal,115.03522944550835
2048,heartRateBpm,140.7535712285021
2049,speedMps,2.9226435331803433
2049,paceSecPerKm,342.155992904077
2049,cadenceSpm,171.8875335564515
2049,distanceM,5785.368934314643
2049,motionIntensityG,0.8660000000000001
2049,activeEnergyKcal,115.09326003824258
2049,heartRateBpm,141.54895166471985
2050,speedMps,3.0369747235430684
2050,paceSecPerKm,329.27504870154337
2050,cadenceSpm,172.05224425387487
2050,distanceM,5788.405909038186
2050,motionIntensityG,0.8660000000000001
2050,activeEnergyKcal,115.1512906309768
2050,heartRateBpm,140.76769556967554
2051,speedMps,2.958231457682297
2051,paceSecPerKm,338.03981003686437
2051,cadenceSpm,172.13225099157012
2051,distanceM,5791.364140495868
2051,motionIntensityG,0.8660000000000001
2051,activeEnergyKcal,115.20932122371103
2051,heartRateBpm,140.15366645070105
2052,speedMps,2.993282015111789
2052,paceSecPerKm,334.0814513806022
2052,cadenceSpm,175.66213510675863
2052,distanceM,5794.35742251098
2052,motionIntensityG,0.8660000000000001
2052,activeEnergyKcal,115.26735181644526
2052,heartRateBpm,140.60652708127805
2053,speedMps,2.9560672285810545
2053,paceSecPerKm,338.2872995347982
2053,cadenceSpm,170.80503180144154
2053,distanceM,5797.31348973956
2053,motionIntensityG,0.8660000000000001
2053,activeEnergyKcal,115.32538240917948
2053,heartRateBpm,141.3269527562041
2054,speedMps,2.8612635404491273
2054,paceSecPerKm,349.4959432653421
2054,cadenceSpm,174.49309940598204
2054,distanceM,5800.174753280009
2054,motionIntensityG,0.8660000000000001
2054,activeEnergyKcal,115.38341300191371
2054,heartRateBpm,141.22587458702878
2055,speedMps,2.8019547481323537
2055,paceSecPerKm,356.8937009659243
2055,cadenceSpm,174.45107079673988
2055,distanceM,5802.976708028142
2055,motionIntensityG,0.8660000000000001
2055,activeEnergyKcal,115.44144359464794
2055,heartRateBpm,141.18552620445797
2056,speedMps,2.7638311391021024
2056,paceSecPerKm,361.81660516527586
2056,cadenceSpm,173.7358082679625
2056,distanceM,5805.740539167244
2056,motionIntensityG,0.8660000000000001
2056,activeEnergyKcal,115.49947418738216
2056,heartRateBpm,141.54541595066797
2057,speedMps,2.818061106335331
2057,paceSecPerKm,354.85390921860534
2057,cadenceSpm,173.208626094491
2057,distanceM,5808.558600273579
2057,motionIntensityG,0.8660000000000001
2057,activeEnergyKcal,115.55750478011639
2057,heartRateBpm,141.61746311387898
2058,speedMps,2.9741374160602243
2058,paceSecPerKm,336.2319422767891
2058,cadenceSpm,173.33606569786377
2058,distanceM,5811.532737689639
2058,motionIntensityG,0.8660000000000001
2058,activeEnergyKcal,115.61553537285062
2058,heartRateBpm,141.33852383670867
2059,speedMps,2.847314820085555
2059,paceSecPerKm,351.2080901436647
2059,cadenceSpm,175.61042681742094
2059,distanceM,5814.380052509725
2059,motionIntensityG,0.8660000000000001
2059,activeEnergyKcal,115.67356596558484
2059,heartRateBpm,142.00444867414387
2060,speedMps,2.8816120321006413
2060,paceSecPerKm,347.0279790826035
2060,cadenceSpm,172.39020372217212
2060,distanceM,5817.261664541826
2060,motionIntensityG,0.8660000000000001
2060,activeEnergyKcal,115.73159655831907
2060,heartRateBpm,143.27831772044283
2061,speedMps,2.729722366165476
2061,paceSecPerKm,366.3376218749786
2061,cadenceSpm,175.8547513088658
2061,distanceM,5819.991386907991
2061,motionIntensityG,0.8660000000000001
2061,activeEnergyKcal,115.7896271510533
2061,heartRateBpm,143.42684395758022
2062,speedMps,2.9087251626710526
2062,paceSecPerKm,343.7932235171061
2062,cadenceSpm,172.48899801992619
2062,distanceM,5822.900112070662
2062,motionIntensityG,0.8660000000000001
2062,activeEnergyKcal,115.84765774378752
2062,heartRateBpm,144.85140122811208
2063,speedMps,2.8474140877903165
2063,paceSecPerKm,351.19584618478575
2063,cadenceSpm,172.75715514325526
2063,distanceM,5825.747526158452
2063,motionIntensityG,0.8660000000000001
2063,activeEnergyKcal,115.90568833652175
2063,heartRateBpm,145.880701560983
2064,speedMps,2.8491250988078964
2064,paceSecPerKm,350.98493934801616
2064,cadenceSpm,174.9287264380227
2064,distanceM,5828.59665125726
2064,motionIntensityG,0.8660000000000001
2064,activeEnergyKcal,115.96371892925598
2064,heartRateBpm,145.43972443926236
2065,speedMps,2.819871788351833
2065,paceSecPerKm,354.62605219526057
2065,cadenceSpm,175.26620356463613
2065,distanceM,5831.416523045612
2065,motionIntensityG,0.8660000000000001
2065,activeEnergyKcal,116.0217495219902
2065,heartRateBpm,145.44136436853296
2066,speedMps,2.923100500393738
2066,paceSecPerKm,342.10250378503963
2066,cadenceSpm,174.0217152453995
2066,distanceM,5834.339623546006
2066,motionIntensityG,0.8660000000000001
2066,activeEnergyKcal,116.07978011472443
2066,heartRateBpm,142.86041005737425
2067,speedMps,2.846916009782408
2067,paceSecPerKm,351.25728913809115
2067,cadenceSpm,173.0365353954603
2067,distanceM,5837.186539555788
2067,motionIntensityG,0.8660000000000001
2067,activeEnergyKcal,116.13781070745866
2067,heartRateBpm,142.75756189257686
2068,speedMps,2.9464599318461433
2068,paceSecPerKm,339.3903270808902
2068,cadenceSpm,171.83199670388433
2068,distanceM,5840.132999487634
2068,motionIntensityG,0.8660000000000001
2068,activeEnergyKcal,116.19584130019288
2068,heartRateBpm,142.67425141160837
2069,speedMps,2.8204640985248886
2069,paceSecPerKm,354.5515791259329
2069,cadenceSpm,170.0202460504671
2069,distanceM,5842.953463586159
2069,motionIntensityG,0.8660000000000001
2069,activeEnergyKcal,116.25387189292711
2069,heartRateBpm,141.4553694321646
2070,speedMps,2.8499684632404767
2070,paceSecPerKm,350.8810756674051
2070,cadenceSpm,173.67693012168314
2070,distanceM,5845.8034320494
2070,motionIntensityG,0.8660000000000001
2070,activeEnergyKcal,116.31190248566134
2070,heartRateBpm,141.67631530208894
2071,speedMps,2.9144349667924505
2071,paceSecPerKm,343.1196823377992
2071,cadenceSpm,175.68173124773884
2071,distanceM,5848.717867016192
2071,motionIntensityG,0.8660000000000001
2071,activeEnergyKcal,116.36993307839556
2071,heartRateBpm,143.09862609155363
2072,speedMps,2.9489425636719635
2072,paceSecPerKm,339.10460390751734
2072,cadenceSpm,174.0265400193844
2072,distanceM,5851.666809579864
2072,motionIntensityG,0.8660000000000001
2072,activeEnergyKcal,116.42796367112979
2072,heartRateBpm,141.84823377856583
2073,speedMps,2.708491653483487
2073,paceSecPerKm,369.2091864908886
2073,cadenceSpm,172.01992674554415
2073,distanceM,5854.375301233347
2073,motionIntensityG,0.8660000000000001
2073,activeEnergyKcal,116.48599426386401
2073,heartRateBpm,141.25909976957846
2074,speedMps,2.8170228339038155
2074,paceSecPerKm,354.98469801687946
2074,cadenceSpm,170.28312269404262
2074,distanceM,5857.192324067251
2074,motionIntensityG,0.8660000000000001
2074,activeEnergyKcal,116.54402485659824
2074,heartRateBpm,140.84585521329748
2075,speedMps,2.8902907714038055
2075,paceSecPerKm,345.98595058112545
2075,cadenceSpm,176.73843514195698
2075,distanceM,5860.082614838655
2075,motionIntensityG,0.8660000000000001
2075,activeEnergyKcal,116.60205544933247
2075,heartRateBpm,139.327724033918
2076,speedMps,2.778032123528999
2076,paceSecPerKm,359.9670398086242
2076,cadenceSpm,171.39992563015338
2076,distanceM,5862.860646962184
2076,motionIntensityG,0.8660000000000001
2076,activeEnergyKcal,116.6600860420667
2076,heartRateBpm,139.02425935310586
2077,speedMps,2.8404304600215644
2077,paceSecPerKm,352.05931427464276
2077,cadenceSpm,174.01837762003873
2077,distanceM,5865.701077422205
2077,motionIntensityG,0.8660000000000001
2077,activeEnergyKcal,116.71811663480092
2077,heartRateBpm,139.88549150505597
2078,speedMps,2.8874353184169177
2078,paceSecPerKm,346.32810425975737
2078,cadenceSpm,177.54923926628854
2078,distanceM,5868.588512740622
2078,motionIntensityG,0.8660000000000001
2078,activeEnergyKcal,116.77614722753515
2078,heartRateBpm,141.736346447107
2079,speedMps,2.8958090473523472
2079,paceSecPerKm,345.3266370979485
2079,cadenceSpm,170.79394881558844
2079,distanceM,5871.484321787974
2079,motionIntensityG,0.8660000000000001
2079,activeEnergyKcal,116.83417782026937
2079,heartRateBpm,143.08615815556826
2080,speedMps,2.7252852512839216
2080,paceSecPerKm,366.93406663720265
2080,cadenceSpm,175.0674726830638
2080,distanceM,5874.209607039258
2080,motionIntensityG,0.8660000000000001
2080,activeEnergyKcal,116.8922084130036
2080,heartRateBpm,142.1884534253489
2081,speedMps,2.959462421837452
2081,paceSecPerKm,337.89920514656393
2081,cadenceSpm,174.30856201741972
2081,distanceM,5877.169069461095
2081,motionIntensityG,0.8660000000000001
2081,activeEnergyKcal,116.95023900573783
2081,heartRateBpm,143.55475143509904
2082,speedMps,2.968844436149043
2082,paceSecPerKm,336.8313906326204
2082,cadenceSpm,176.56335117594884
2082,distanceM,5880.137913897244
2082,motionIntensityG,0.8660000000000001
2082,activeEnergyKcal,117.00826959847205
2082,heartRateBpm,143.88743684758794
2083,speedMps,2.9107742129643457
2083,paceSecPerKm,343.55120900346145
2083,cadenceSpm,173.99660214149355
2083,distanceM,5883.048688110209
2083,motionIntensityG,0.8660000000000001
2083,activeEnergyKcal,117.06630019120628
2083,heartRateBpm,144.17459762435607
2084,speedMps,2.8577737614857486
2084,paceSecPerKm,349.9227312802056
2084,cadenceSpm,174.94099647090837
2084,distanceM,5885.906461871695
2084,motionIntensityG,0.8660000000000001
2084,activeEnergyKcal,117.12433078394051
2084,heartRateBpm,145.89332831167727
2085,speedMps,2.8721894381015884
2085,paceSecPerKm,348.1664498637538
2085,cadenceSpm,173.04142121346723
2085,distanceM,5888.778651309796
2085,motionIntensityG,0.8660000000000001
2085,activeEnergyKcal,117.18236137667473
2085,heartRateBpm,145.77429668752717
2086,speedMps,2.9123472241586543
2086,paceSecPerKm,343.365650807276
2086,cadenceSpm,175.40423023818087
2086,distanceM,5891.690998533955
2086,motionIntensityG,0.8660000000000001
2086,activeEnergyKcal,117.24039196940896
2086,heartRateBpm,147.710155894373
2087,speedMps,2.8751249785909945
2087,paceSecPerKm,347.8109673305637
2087,cadenceSpm,173.1790670532095
2087,distanceM,5894.566123512546
2087,motionIntensityG,0.8660000000000001
2087,activeEnergyKcal,117.29842256214319
2087,heartRateBpm,147.61617581933487
2088,speedMps,2.913252470123164
2088,paceSecPerKm,343.25895549922006
2088,cadenceSpm,173.21420322431405
2088,distanceM,5897.47937598267
2088,motionIntensityG,0.8660000000000001
2088,activeEnergyKcal,117.35645315487741
2088,heartRateBpm,148.32524348087674
2089,speedMps,3.0057715927774864
2089,paceSecPerKm,332.69327662916294
2089,cadenceSpm,178.84890851524423
2089,distanceM,5900.485147575448
2089,motionIntensityG,0.8660000000000001
2089,activeEnergyKcal,117.41448374761164
2089,heartRateBpm,147.84950762386427
2090,speedMps,2.827918923060538
2090,paceSecPerKm,353.6169272200145
2090,cadenceSpm,174.1763425018257
2090,distanceM,5903.313066498508
2090,motionIntensityG,0.8660000000000001
2090,activeEnergyKcal,117.47251434034587
2090,heartRateBpm,148.41032368769763
2091,speedMps,2.866235156147827
2091,paceSecPerKm,348.88972660009637
2091,cadenceSpm,174.81423787625172
2091,distanceM,5906.179301654656
2091,motionIntensityG,0.8660000000000001
2091,activeEnergyKcal,117.5305449330801
2091,heartRateBpm,146.86503418743527
2092,speedMps,2.868681139940122
2092,paceSecPerKm,348.5922454319454
2092,cadenceSpm,173.5185256576507
2092,distanceM,5909.0479827945965
2092,motionIntensityG,0.8660000000000001
2092,activeEnergyKcal,117.58857552581432
2092,heartRateBpm,148.17843143844746
2093,speedMps,3.038075689148333
2093,paceSecPerKm,329.1557230031787
2093,cadenceSpm,173.8743022744086
2093,distanceM,5912.086058483745
2093,motionIntensityG,0.8660000000000001
2093,activeEnergyKcal,117.64660611854855
2093,heartRateBpm,146.1205240002568
2094,speedMps,2.871560730235413
2094,paceSecPerKm,348.24267843989463
2094,cadenceSpm,178.0376377948962
2094,distanceM,5914.95761921398
2094,motionIntensityG,0.8660000000000001
2094,activeEnergyKcal,117.70463671128277
2094,heartRateBpm,146.30169115377996
2095,speedMps,2.886517013724825
2095,paceSecPerKm,346.4382836633892
2095,cadenceSpm,172.96782854632974
2095,distanceM,5917.844136227705
2095,motionIntensityG,0.8660000000000001
2095,activeEnergyKcal,117.762667304017
2095,heartRateBpm,144.76449422401157
2096,speedMps,2.9614482691646833
2096,paceSecPerKm,337.67262133606795
2096,cadenceSpm,172.96870523196432
2096,distanceM,5920.80558449687
2096,motionIntensityG,0.8660000000000001
2096,activeEnergyKcal,117.82069789675123
2096,heartRateBpm,143.5009152202814
2097,speedMps,2.8836544780850555
2097,paceSecPerKm,346.782184758858
2097,cadenceSpm,174.50485860772477
2097,distanceM,5923.6892389749555
2097,motionIntensityG,0.8660000000000001
2097,activeEnergyKcal,117.87872848948545
2097,heartRateBpm,144.2859206506368
2098,speedMps,2.867155344099572
2098,paceSecPerKm,348.7777535521185
2098,cadenceSpm,176.06717481770127
2098,distanceM,5926.5563943190555
2098,motionIntensityG,0.8660000000000001
2098,activeEnergyKcal,117.93675908221968
2098,heartRateBpm,145.18434134888335
2099,speedMps,2.94615920693696
2099,paceSecPerKm,339.42496985411464
2099,cadenceSpm,173.07553156590743
2099,distanceM,5929.502553525993
2099,motionIntensityG,0.8660000000000001
2099,activeEnergyKcal,117.9947896749539
2099,heartRateBpm,145.29756578043708
2100,speedMps,2.88823079417568
2100,paceSecPerKm,346.2327186652016
2100,cadenceSpm,173.623851040674
2100,distanceM,5932.390784320169
2100,motionIntensityG,0.8660000000000001
2100,activeEnergyKcal,118.05282026768813
2100,heartRateBpm,144.26992902154356
2101,speedMps,2.765245139257582
2101,paceSecPerKm,361.63159128397626
2101,cadenceSpm,173.94409996241347
2101,distanceM,5935.1560294594265
2101,motionIntensityG,0.8660000000000001
2101,activeEnergyKcal,118.11085086042236
2101,heartRateBpm,145.65446777429372
2102,speedMps,2.67358205278715
2102,paceSecPerKm,374.03003919686034
2102,cadenceSpm,175.39655625909148
2102,distanceM,5937.829611512214
2102,motionIntensityG,0.8660000000000001
2102,activeEnergyKcal,118.16888145315659
2102,heartRateBpm,144.96758924549243
2103,speedMps,2.8212210614604287
2103,paceSecPerKm,354.4564492519213
2103,cadenceSpm,172.68420187442274
2103,distanceM,5940.650832573674
2103,motionIntensityG,0.8660000000000001
2103,activeEnergyKcal,118.22691204589081
2103,heartRateBpm,144.2912908575103
2104,speedMps,3.05122276124439
2104,paceSecPerKm,327.73746076545615
2104,cadenceSpm,173.37672330990833
2104,distanceM,5943.702055334918
2104,motionIntensityG,0.8660000000000001
2104,activeEnergyKcal,118.28494263862504
2104,heartRateBpm,143.80684459194447
2105,speedMps,2.779615752418634
2105,paceSecPerKm,359.7619559933302
2105,cadenceSpm,173.2338431499225
2105,distanceM,5946.481671087337
2105,motionIntensityG,0.8660000000000001
2105,activeEnergyKcal,118.34297323135927
2105,heartRateBpm,145.92275776275775
2106,speedMps,2.955655343326362
2106,paceSecPerKm,338.33444155047425
2106,cadenceSpm,172.18263578428218
2106,distanceM,5949.437326430664
2106,motionIntensityG,0.8660000000000001
2106,activeEnergyKcal,118.4010038240935
2106,heartRateBpm,148.48597323639027
2107,speedMps,2.8868995161702897
2107,paceSecPerKm,346.3923819996972
2107,cadenceSpm,173.00321438564376
2107,distanceM,5952.324225946834
2107,motionIntensityG,0.8660000000000001
2107,activeEnergyKcal,118.45903441682772
2107,heartRateBpm,149.2485379776915
2108,speedMps,2.947975109538751
2108,paceSecPerKm,339.2158898371645
2108,cadenceSpm,174.8701146369751
2108,distanceM,5955.272201056373
2108,motionIntensityG,0.8660000000000001
2108,activeEnergyKcal,118.51706500956195
2108,heartRateBpm,147.36437098345417
2109,speedMps,2.8432495893189342
2109,paceSecPerKm,351.7102416040576
2109,cadenceSpm,177.42222676833276
2109,distanceM,5958.115450645692
2109,motionIntensityG,0.8660000000000001
2109,activeEnergyKcal,118.57509560229617
2109,heartRateBpm,148.4847141726057
2110,speedMps,2.854560170159452
2110,paceSecPerKm,350.3166654021314
2110,cadenceSpm,176.1867681401615
2110,distanceM,5960.970010815852
2110,motionIntensityG,0.8660000000000001
2110,activeEnergyKcal,118.6331261950304
2110,heartRateBpm,148.3961988632414
2111,speedMps,2.8203206207991203
2111,paceSecPerKm,354.56961617245355
2111,cadenceSpm,171.7469285747092
2111,distanceM,5963.790331436651
2111,motionIntensityG,0.8660000000000001
2111,activeEnergyKcal,118.69115678776463
2111,heartRateBpm,149.42951534384213
2112,speedMps,2.816905994648906
2112,paceSecPerKm,354.9994220253126
2112,cadenceSpm,174.14981377178086
2112,distanceM,5966.6072374313
2112,motionIntensityG,0.8660000000000001
2112,activeEnergyKcal,118.74918738049885
2112,heartRateBpm,148.77633506804753
2113,speedMps,2.808344107708521
2113,paceSecPerKm,356.0817199199829
2113,cadenceSpm,173.54821230829032
2113,distanceM,5969.415581539009
2113,motionIntensityG,0.8660000000000001
2113,activeEnergyKcal,118.80721797323308
2113,heartRateBpm,150.92004203320195
2114,speedMps,2.934451370667162
2114,paceSecPerKm,340.77920322552325
2114,cadenceSpm,176.71245573351413
2114,distanceM,5972.350032909676
2114,motionIntensityG,0.8660000000000001
2114,activeEnergyKcal,118.8652485659673
2114,heartRateBpm,150.3827428245356
2115,speedMps,2.8981865169673866
2115,paceSecPerKm,345.0433552656173
2115,cadenceSpm,176.7199388661686
2115,distanceM,5975.248219426643
2115,motionIntensityG,0.8660000000000001
2115,activeEnergyKcal,118.92327915870153
2115,heartRateBpm,150.14777050995482
2116,speedMps,2.915305977506775
2116,paceSecPerKm,343.0171679115545
2116,cadenceSpm,172.80714239350633
2116,distanceM,5978.16352540415
2116,motionIntensityG,0.8660000000000001
2116,activeEnergyKcal,118.98130975143576
2116,heartRateBpm,150.0404363073383
2117,speedMps,2.714513306047549
2117,paceSecPerKm,368.39016326504736
2117,cadenceSpm,173.32730612613244
2117,distanceM,5980.878038710198
2117,motionIntensityG,0.8660000000000001
2117,activeEnergyKcal,119.03934034416999
2117,heartRateBpm,149.88536934448678
2118,speedMps,2.901264814941448
2118,paceSecPerKm,344.67725760503583
2118,cadenceSpm,173.5605513521619
2118,distanceM,5983.77930352514
2118,motionIntensityG,0.8660000000000001
2118,activeEnergyKcal,119.09737093690421
2118,heartRateBpm,150.0915515093199
2119,speedMps,2.9804453045979025
2119,paceSecPerKm,335.5203326352979
2119,cadenceSpm,173.39903454904135
2119,distanceM,5986.759748829738
2119,motionIntensityG,0.8660000000000001
2119,activeEnergyKcal,119.15540152963844
2119,heartRateBpm,150.1196521952505
2120,speedMps,2.8333834844587042
2120,paceSecPerKm,352.93492938215604
2120,cadenceSpm,171.62352922895002
2120,distanceM,5989.593132314197
2120,motionIntensityG,0.8660000000000001
2120,activeEnergyKcal,119.21343212237267
2120,heartRateBpm,151.4265263654834
2121,speedMps,2.9022948655647616
2121,paceSecPerKm,344.5549285377
2121,cadenceSpm,171.40542827114268
2121,distanceM,5992.4954271797615
2121,motionIntensityG,0.8660000000000001
2121,activeEnergyKcal,119.27146271510689
2121,heartRateBpm,149.8980947486006
2122,speedMps,2.765001091569979
2122,paceSecPerKm,361.66351002494395
2122,cadenceSpm,173.30161839061245
2122,distanceM,5995.260428271332
2122,motionIntensityG,0.8660000000000001
2122,activeEnergyKcal,119.32949330784112
2122,heartRateBpm,151.7538341424049
2123,speedMps,2.8969759963774937
2123,paceSecPerKm,345.1875339148284
2123,cadenceSpm,171.22717063664518
2123,distanceM,5998.157404267709
2123,motionIntensityG,0.8660000000000001
2123,activeEnergyKcal,119.38752390057535
2123,heartRateBpm,152.38045645848848
2124,speedMps,2.927839548612737
2124,paceSecPerKm,341.54877116603535
2124,cadenceSpm,174.98870203572227
2124,distanceM,6001.085243816322
2124,motionIntensityG,0.8660000000000001
2124,activeEnergyKcal,119.44555449330957
2124,heartRateBpm,153.12878011327697
2125,speedMps,2.9226734642053116
2125,paceSecPerKm,342.1524888932143
2125,cadenceSpm,173.2049024280882
2125,distanceM,6004.007917280527
2125,motionIntensityG,0.8660000000000001
2125,activeEnergyKcal,119.5035850860438
2125,heartRateBpm,153.16688110910553
2126,speedMps,2.7759385109195676
2126,paceSecPerKm,360.2385269221026
2126,cadenceSpm,173.7498104659822
2126,distanceM,6006.7838557914465
2126,motionIntensityG,0.8660000000000001
2126,activeEnergyKcal,119.56161567877803
2126,heartRateBpm,154.28802097569604
2127,speedMps,2.6973399405548375
2127,paceSecPerKm,370.7356217749484
2127,cadenceSpm,172.47893941494493
2127,distanceM,6009.481195732002
2127,motionIntensityG,0.8660000000000001
2127,activeEnergyKcal,119.61964627151225
2127,heartRateBpm,155.10515525319627
2128,speedMps,2.8035288679270103
2128,paceSecPerKm,356.6933130028447
2128,cadenceSpm,173.68709134133607
2128,distanceM,6012.284724599928
2128,motionIntensityG,0.8660000000000001
2128,activeEnergyKcal,119.67767686424648
2128,heartRateBpm,156.19423690914044
2129,speedMps,2.813986996058188
2129,paceSecPerKm,355.3676692183697
2129,cadenceSpm,175.8575535922829
2129,distanceM,6015.098711595986
2129,motionIntensityG,0.8660000000000001
2129,activeEnergyKcal,119.7357074569807
2129,heartRateBpm,155.82073683676134
2130,speedMps,2.924382137741973
2130,paceSecPerKm,341.952574218682
2130,cadenceSpm,174.08775545719786
2130,distanceM,6018.023093733728
2130,motionIntensityG,0.8660000000000001
2130,activeEnergyKcal,119.79373804971493
2130,heartRateBpm,154.72678694322425
2131,speedMps,2.8256253506397293
2131,paceSecPerKm,353.90395962210533
2131,cadenceSpm,174.50258661962633
2131,distanceM,6020.848719084368
2131,motionIntensityG,0.8660000000000001
2131,activeEnergyKcal,119.85176864244916
2131,heartRateBpm,156.02173035274424
2132,speedMps,2.862483646650577
2132,paceSecPerKm,349.3469739714009
2132,cadenceSpm,173.53117855889113
2132,distanceM,6023.711202731019
2132,motionIntensityG,0.8660000000000001
2132,activeEnergyKcal,119.90979923518339
2132,heartRateBpm,155.08606361980785
2133,speedMps,2.8132572808510408
2133,paceSecPerKm,355.4598460676477
2133,cadenceSpm,175.03746396290737
2133,distanceM,6026.524460011869
2133,motionIntensityG,0.8660000000000001
2133,activeEnergyKcal,119.96782982791761
2133,heartRateBpm,153.49858489983865
2134,speedMps,2.7834939103503946
2134,paceSecPerKm,359.26071053416354
2134,cadenceSpm,173.5166039315076
2134,distanceM,6029.30795392222
2134,motionIntensityG,0.8660000000000001
2134,activeEnergyKcal,120.02586042065184
2134,heartRateBpm,152.69870941882934
2135,speedMps,2.8935343106978766
2135,paceSecPerKm,345.5981138024989
2135,cadenceSpm,174.01217300757114
2135,distanceM,6032.201488232918
2135,motionIntensityG,0.8660000000000001
2135,activeEnergyKcal,120.08389101338607
2135,heartRateBpm,152.7738273969823
2136,speedMps,2.8412977965769066
2136,paceSecPerKm,351.95184440179554
2136,cadenceSpm,171.41208660781558
2136,distanceM,6035.042786029495
2136,motionIntensityG,0.8660000000000001
2136,activeEnergyKcal,120.14192160612029
2136,heartRateBpm,153.70970757886485
2137,speedMps,2.9040024512513476
2137,paceSecPerKm,344.35232641387597
2137,cadenceSpm,173.04395208379654
2137,distanceM,6037.946788480746
2137,motionIntensityG,0.8660000000000001
2137,activeEnergyKcal,120.19995219885452
2137,heartRateBpm,154.37676528735662
2138,speedMps,2.8912186704656238
2138,paceSecPerKm,345.8749108862639
2138,cadenceSpm,172.1449516156456
2138,distanceM,6040.838007151212
2138,motionIntensityG,0.8660000000000001
2138,activeEnergyKcal,120.25798279158874
2138,heartRateBpm,153.23769936910844
2139,speedMps,2.8848467908603315
2139,paceSecPerKm,346.63885900913846
2139,cadenceSpm,172.93343801448
2139,distanceM,6043.722853942072
2139,motionIntensityG,0.8660000000000001
2139,activeEnergyKcal,120.31601338432297
2139,heartRateBpm,151.44273938217978
2140,speedMps,2.9468628354810895
2140,paceSecPerKm,339.343924650889
2140,cadenceSpm,174.34461214090697
2140,distanceM,6046.669716777553
2140,motionIntensityG,0.8660000000000001
2140,activeEnergyKcal,120.3740439770572
2140,heartRateBpm,149.7311226426018
2141,speedMps,2.9577961566445414
2141,paceSecPerKm,338.0895596045555
2141,cadenceSpm,173.80364705792746
2141,distanceM,6049.6275129341975
2141,motionIntensityG,0.8660000000000001
2141,activeEnergyKcal,120.43207456979142
2141,heartRateBpm,148.250937430483
2142,speedMps,3.014877949609722
2142,paceSecPerKm,331.688385637452
2142,cadenceSpm,173.80119278266886
2142,distanceM,6052.642390883807
2142,motionIntensityG,0.8660000000000001
2142,activeEnergyKcal,120.49010516252565
2142,heartRateBpm,148.87111233888024
2143,speedMps,2.923260779252208
2143,paceSecPerKm,342.0837467178715
2143,cadenceSpm,176.39309546922493
2143,distanceM,6055.565651663059
2143,motionIntensityG,0.8660000000000001
2143,activeEnergyKcal,120.54813575525988
2143,heartRateBpm,149.6287680576838
2144,speedMps,2.996495229179756
2144,paceSecPerKm,333.7232077868966
2144,cadenceSpm,172.47869534853513
2144,distanceM,6058.562146892238
2144,motionIntensityG,0.8660000000000001
2144,activeEnergyKcal,120.6061663479941
2144,heartRateBpm,150.94604432118436
2145,speedMps,2.9798767443661824
2145,paceSecPerKm,335.58434988649145
2145,cadenceSpm,173.06815128228888
2145,distanceM,6061.542023636604
2145,motionIntensityG,0.8660000000000001
2145,activeEnergyKcal,120.66419694072833
2145,heartRateBpm,151.9418669133843
2146,speedMps,3.0079666492664168
2146,paceSecPerKm,332.45049450394674
2146,cadenceSpm,170.1499966747606
2146,distanceM,6064.549990285871
2146,motionIntensityG,0.8660000000000001
2146,activeEnergyKcal,120.72222753346256
2146,heartRateBpm,151.48589750407874
2147,speedMps,2.873207222124222
2147,paceSecPerKm,348.0431179136043
2147,cadenceSpm,171.88868061414144
2147,distanceM,6067.423197507996
2147,motionIntensityG,0.8660000000000001
2147,activeEnergyKcal,120.78025812619678
2147,heartRateBpm,152.1488670183713
2148,speedMps,2.847226586407385
2148,paceSecPerKm,351.2189738512503
2148,cadenceSpm,173.0917195605009
2148,distanceM,6070.270424094403
2148,motionIntensityG,0.8660000000000001
2148,activeEnergyKcal,120.83828871893101
2148,heartRateBpm,152.7335847680514
2149,speedMps,2.8656193897323243
2149,paceSecPerKm,348.9646962827849
2149,cadenceSpm,171.38796406429535
2149,distanceM,6073.136043484135
2149,motionIntensityG,0.8660000000000001
2149,activeEnergyKcal,120.89631931166524
2149,heartRateBpm,153.6975453425046
2150,speedMps,2.7995022234632168
2150,paceSecPerKm,357.20636033748775
2150,cadenceSpm,171.033206379378
2150,distanceM,6075.935545707599
2150,motionIntensityG,0.8660000000000001
2150,activeEnergyKcal,120.95434990439946
2150,heartRateBpm,154.12125216655673
2151,speedMps,2.7638869206588517
2151,paceSecPerKm,361.80930287901265
2151,cadenceSpm,172.61409724890885
2151,distanceM,6078.6994326282575
2151,motionIntensityG,0.8660000000000001
2151,activeEnergyKcal,121.01238049713369
2151,heartRateBpm,154.29455548844592
2152,speedMps,2.7226680740870166
2152,paceSecPerKm,367.2867836948236
2152,cadenceSpm,176.0714579910739
2152,distanceM,6081.422100702344
2152,motionIntensityG,0.8660000000000001
2152,activeEnergyKcal,121.07041108986792
2152,heartRateBpm,154.58073223974296
2153,speedMps,2.9009673837029393
2153,paceSecPerKm,344.71259677644156
2153,cadenceSpm,172.39978250432696
2153,distanceM,6084.323068086047
2153,motionIntensityG,0.8660000000000001
2153,activeEnergyKcal,121.12844168260214
2153,heartRateBpm,154.3481407514657
2154,speedMps,2.799414882903164
2154,paceSecPerKm,357.217505024814
2154,cadenceSpm,170.40028025688127
2154,distanceM,6087.12248296895
2154,motionIntensityG,0.8660000000000001
2154,activeEnergyKcal,121.18647227533637
2154,heartRateBpm,155.6895815848588
2155,speedMps,2.816931513990024
2155,paceSecPerKm,354.99620598995557
2155,cadenceSpm,173.74977906466285
2155,distanceM,6089.93941448294
2155,motionIntensityG,0.8660000000000001
2155,activeEnergyKcal,121.2445028680706
2155,heartRateBpm,157.03756466673312
2156,speedMps,2.986716473070893
2156,paceSecPerKm,334.81584509821795
2156,cadenceSpm,174.4116282429228
2156,distanceM,6092.926130956012
2156,motionIntensityG,0.8660000000000001
2156,activeEnergyKcal,121.30253346080482
2156,heartRateBpm,156.97777701930016
2157,speedMps,2.8373184427032996
2157,paceSecPerKm,352.44545869417266
2157,cadenceSpm,176.16397269969394
2157,distanceM,6095.763449398715
2157,motionIntensityG,0.8660000000000001
2157,activeEnergyKcal,121.36056405353905
2157,heartRateBpm,155.5475137568254
2158,speedMps,2.8897168574924015
2158,paceSecPerKm,346.0546653237737
2158,cadenceSpm,173.56917127216016
2158,distanceM,6098.653166256207
2158,motionIntensityG,0.8660000000000001
2158,activeEnergyKcal,121.41859464627328
2158,heartRateBpm,155.20528689755199
2159,speedMps,3.018502324899633
2159,paceSecPerKm,331.2901208493356
2159,cadenceSpm,172.9531885236331
2159,distanceM,6101.671668581107
2159,motionIntensityG,0.8660000000000001
2159,activeEnergyKcal,121.4766252390075
2159,heartRateBpm,158.6007284727209
2160,speedMps,2.985721705182671
2160,paceSecPerKm,334.9273973740357
2160,cadenceSpm,171.04916447237142
2160,distanceM,6104.65739028629
2160,motionIntensityG,0.8660000000000001
2160,activeEnergyKcal,121.53465583174173
2160,heartRateBpm,159.73004933125688
2161,speedMps,2.4937592549596532
2161,paceSecPerKm,401.0010180458174
2161,cadenceSpm,165.28696578042022
2161,distanceM,6107.15114954125
2161,motionIntensityG,0.65
2161,activeEnergyKcal,121.58006692160788
2161,heartRateBpm,159.80658383004823
2162,speedMps,2.507405231899384
2162,paceSecPerKm,398.81866212845466
2162,cadenceSpm,165.63318297936564
2162,distanceM,6109.658554773149
2162,motionIntensityG,0.65
2162,activeEnergyKcal,121.62547801147403
2162,heartRateBpm,158.18525300990626
2163,speedMps,2.562188034145066
2163,paceSecPerKm,390.29141759834715
2163,cadenceSpm,165.4808416944749
2163,distanceM,6112.220742807294
2163,motionIntensityG,0.65
2163,activeEnergyKcal,121.67088910134018
2163,heartRateBpm,158.43999037971813
2164,speedMps,2.5188536919097406
2164,paceSecPerKm,397.00598856213105
2164,cadenceSpm,164.59147313928258
2164,distanceM,6114.739596499204
2164,motionIntensityG,0.65
2164,activeEnergyKcal,121.71630019120633
2164,heartRateBpm,156.32824992170177
2165,speedMps,2.284141524943057
2165,paceSecPerKm,437.8012435218653
2165,cadenceSpm,165.77809758027453
2165,distanceM,6117.023738024147
2165,motionIntensityG,0.65
2165,activeEnergyKcal,121.76171128107248
2165,heartRateBpm,157.21246512532747
2166,speedMps,2.4939081000069896
2166,paceSecPerKm,400.9770849203294
2166,cadenceSpm,165.83133593476438
2166,distanceM,6119.5176461241535
2166,motionIntensityG,0.65
2166,activeEnergyKcal,121.80712237093863
2166,heartRateBpm,156.67355159389652
2167,speedMps,2.421210479482741
2167,paceSecPerKm,413.01655038831507
2167,cadenceSpm,165.45891891217178
2167,distanceM,6121.938856603636
2167,motionIntensityG,0.65
2167,activeEnergyKcal,121.85253346080478
2167,heartRateBpm,158.12664681247418
2168,speedMps,2.438962744307277
2168,paceSecPerKm,410.01036294386836
2168,cadenceSpm,165.2123669105504
2168,distanceM,6124.377819347943
2168,motionIntensityG,0.65
2168,activeEnergyKcal,121.89794455067093
2168,heartRateBpm,157.27050157858525
2169,speedMps,2.4272891702072057
2169,paceSecPerKm,411.9822278590049
2169,cadenceSpm,167.08821427177523
2169,distanceM,6126.8051085181505
2169,motionIntensityG,0.65
2169,activeEnergyKcal,121.94335564053708
2169,heartRateBpm,156.08579704355523
2170,speedMps,2.472669482595433
2170,paceSecPerKm,404.4212164378523
2170,cadenceSpm,166.20756002865403
2170,distanceM,6129.277778000746
2170,motionIntensityG,0.65
2170,activeEnergyKcal,121.98876673040323
2170,heartRateBpm,155.41800314378042
2171,speedMps,2.4034366955328386
2171,paceSecPerKm,416.070871289706
2171,cadenceSpm,164.60339966789712
2171,distanceM,6131.681214696279
2171,motionIntensityG,0.65
2171,activeEnergyKcal,122.03417782026938
2171,heartRateBpm,156.22296179631041
2172,speedMps,2.3812181232255707
2172,paceSecPerKm,419.95312829444265
2172,cadenceSpm,165.18998791373073
2172,distanceM,6134.0624328195045
2172,motionIntensityG,0.65
2172,activeEnergyKcal,122.07958891013553
2172,heartRateBpm,155.6170707477327
2173,speedMps,2.4492544057901453
2173,paceSecPerKm,408.28751706476714
2173,cadenceSpm,168.98913699661207
2173,distanceM,6136.511687225295
2173,motionIntensityG,0.65
2173,activeEnergyKcal,122.12500000000168
2173,heartRateBpm,153.666776572227
2174,speedMps,2.3393941302873498
2174,paceSecPerKm,427.4611050157543
2174,cadenceSpm,164.5742135581181
2174,distanceM,6138.851081355582
2174,motionIntensityG,0.65
2174,activeEnergyKcal,122.17041108986783
2174,heartRateBpm,152.88543607578603
2175,speedMps,2.5107904729050152
2175,paceSecPerKm,398.2809441056178
2175,cadenceSpm,168.16747812868147
2175,distanceM,6141.361871828487
2175,motionIntensityG,0.65
2175,activeEnergyKcal,122.21582217973398
2175,heartRateBpm,153.13026849290821
2176,speedMps,2.509755541550138
2176,paceSecPerKm,398.44518059410484
2176,cadenceSpm,169.16166894615893
2176,distanceM,6143.8716273700375
2176,motionIntensityG,0.65
2176,activeEnergyKcal,122.26123326960013
2176,heartRateBpm,154.12514071244624
2177,speedMps,2.4699632222413412
2177,paceSecPerKm,404.864327936252
2177,cadenceSpm,165.29948812680857
2177,distanceM,6146.341590592278
2177,motionIntensityG,0.65
2177,activeEnergyKcal,122.30664435946628
2177,heartRateBpm,151.8374714454298
2178,speedMps,2.464439695341365
2178,paceSecPerKm,405.7717467748724
2178,cadenceSpm,166.19576907398846
2178,distanceM,6148.80603028762
2178,motionIntensityG,0.65
2178,activeEnergyKcal,122.35205544933243
2178,heartRateBpm,152.49071194017247
2179,speedMps,2.4279009535376095
2179,paceSecPerKm,411.8784164333125
2179,cadenceSpm,168.26400758589432
2179,distanceM,6151.233931241158
2179,motionIntensityG,0.65
2179,activeEnergyKcal,122.39746653919858
2179,heartRateBpm,150.73751068119893
2180,speedMps,2.4616264529836265
2180,paceSecPerKm,406.23547849347534
2180,cadenceSpm,164.63455169723403
2180,distanceM,6153.695557694141
2180,motionIntensityG,0.65
2180,activeEnergyKcal,122.44287762906472
2180,heartRateBpm,149.7944266083155
2181,speedMps,2.5229752766049955
2181,paceSecPerKm,396.357431352096
2181,cadenceSpm,165.99144702657955
2181,distanceM,6156.218532970746
2181,motionIntensityG,0.65
2181,activeEnergyKcal,122.48828871893087
2181,heartRateBpm,149.08132374710962
2182,speedMps,2.431239257793791
2182,paceSecPerKm,411.31287132449575
2182,cadenceSpm,167.7072535858735
2182,distanceM,6158.64977222854
2182,motionIntensityG,0.65
2182,activeEnergyKcal,122.53369980879702
2182,heartRateBpm,149.8742195451129
2183,speedMps,2.4676020158091894
2183,paceSecPerKm,405.25173573100466
2183,cadenceSpm,166.67974521493588
2183,distanceM,6161.11737424435
2183,motionIntensityG,0.65
2183,activeEnergyKcal,122.57911089866317
2183,heartRateBpm,150.01199429677962
2184,speedMps,2.4226575627039195
2184,paceSecPerKm,412.7698505123867
2184,cadenceSpm,167.96300898235174
2184,distanceM,6163.540031807053
2184,motionIntensityG,0.65
2184,activeEnergyKcal,122.62452198852932
2184,heartRateBpm,147.38939892876385
2185,speedMps,2.400075913348521
2185,paceSecPerKm,416.65348768274043
2185,cadenceSpm,167.60609082540967
2185,distanceM,6165.940107720402
2185,motionIntensityG,0.65
2185,activeEnergyKcal,122.66993307839547
2185,heartRateBpm,147.66993504469698
2186,speedMps,2.4027815712720892
2186,paceSecPerKm,416.1843140284185
2186,cadenceSpm,167.88751303791236
2186,distanceM,6168.3428892916745
2186,motionIntensityG,0.65
2186,activeEnergyKcal,122.71534416826162
2186,heartRateBpm,146.4357439594809
2187,speedMps,2.433773834745135
2187,paceSecPerKm,410.8845225155114
2187,cadenceSpm,167.07056027493516
2187,distanceM,6170.776663126419
2187,motionIntensityG,0.65
2187,activeEnergyKcal,122.76075525812777
2187,heartRateBpm,145.66060260102466
2188,speedMps,2.522959495525523
2188,paceSecPerKm,396.3599105627749
2188,cadenceSpm,164.10413371160735
2188,distanceM,6173.299622621945
2188,motionIntensityG,0.65
2188,activeEnergyKcal,122.80616634799392
2188,heartRateBpm,146.4789812968104
2189,speedMps,2.4693267344833316
2189,paceSecPerKm,404.96868479789674
2189,cadenceSpm,167.23096424469173
2189,distanceM,6175.7689493564285
2189,motionIntensityG,0.65
2189,activeEnergyKcal,122.85157743786007
2189,heartRateBpm,145.54098361186888
2190,speedMps,2.479515105219554
2190,paceSecPerKm,403.3046614214729
2190,cadenceSpm,165.68923255835523
2190,distanceM,6178.248464461648
2190,motionIntensityG,0.65
2190,activeEnergyKcal,122.89698852772622
2190,heartRateBpm,144.92577061757314
2191,speedMps,2.507102435018378
2191,paceSecPerKm,398.8668297044152
2191,cadenceSpm,165.17272055058848
2191,distanceM,6180.755566896666
2191,motionIntensityG,0.65
2191,activeEnergyKcal,122.94239961759237
2191,heartRateBpm,144.7811024005855
2192,speedMps,2.546880305604758
2192,paceSecPerKm,392.63721887493625
2192,cadenceSpm,163.45038825050824
2192,distanceM,6183.302447202271
2192,motionIntensityG,0.65
2192,activeEnergyKcal,122.98781070745852
2192,heartRateBpm,141.7150542712955
2193,speedMps,2.5486325225772015
2193,paceSecPerKm,392.3672758396689
2193,cadenceSpm,164.0032377159653
2193,distanceM,6185.851079724848
2193,motionIntensityG,0.65
2193,activeEnergyKcal,123.03322179732467
2193,heartRateBpm,142.51199360611795
2194,speedMps,2.5100414229259673
2194,paceSecPerKm,398.3997996472485
2194,cadenceSpm,167.37902315524278
2194,distanceM,6188.361121147775
2194,motionIntensityG,0.65
2194,activeEnergyKcal,123.07863288719082
2194,heartRateBpm,143.56499826951784
2195,speedMps,2.5025005755365153
2195,paceSecPerKm,399.60030769847407
2195,cadenceSpm,168.18276953246152
2195,distanceM,6190.863621723312
2195,motionIntensityG,0.65
2195,activeEnergyKcal,123.12404397705697
2195,heartRateBpm,141.63249015425723
2196,speedMps,2.488821832134741
2196,paceSecPerKm,401.79653966723225
2196,cadenceSpm,165.29636774662671
2196,distanceM,6193.352443555446
2196,motionIntensityG,0.65
2196,activeEnergyKcal,123.16945506692312
2196,heartRateBpm,141.0932724535553
2197,speedMps,2.509189674136047
2197,paceSecPerKm,398.535037150715
2197,cadenceSpm,167.10570143727045
2197,distanceM,6195.861633229582
2197,motionIntensityG,0.65
2197,activeEnergyKcal,123.21486615678927
2197,heartRateBpm,137.87507144205168
2198,speedMps,2.5753444496266025
2198,paceSecPerKm,388.29757322170605
2198,cadenceSpm,166.10574147240362
2198,distanceM,6198.436977679209
2198,motionIntensityG,0.65
2198,activeEnergyKcal,123.26027724665542
2198,heartRateBpm,138.80565891890205
2199,speedMps,2.457627687008018
2199,paceSecPerKm,406.8964576230938
2199,cadenceSpm,164.80255478109095
2199,distanceM,6200.894605366218
2199,motionIntensityG,0.65
2199,activeEnergyKcal,123.30568833652157
2199,heartRateBpm,138.60082318949586
2200,speedMps,2.467030590953353
2200,paceSecPerKm,405.34560198281224
2200,cadenceSpm,167.68578801839965
2200,distanceM,6203.361635957171
2200,motionIntensityG,0.65
2200,activeEnergyKcal,123.35109942638772
2200,heartRateBpm,138.2648430079498
2201,speedMps,2.5037909426032448
2201,paceSecPerKm,399.3943675506225
2201,cadenceSpm,165.523915142536
2201,distanceM,6205.865426899773
2201,motionIntensityG,0.65
2201,activeEnergyKcal,123.39651051625387
2201,heartRateBpm,138.01054357751445
2202,speedMps,2.4096736846444515
2202,paceSecPerKm,414.9939497503167
2202,cadenceSpm,164.4234032053441
2202,distanceM,6208.2751005844175
2202,motionIntensityG,0.65
2202,activeEnergyKcal,123.44192160612002
2202,heartRateBpm,137.73501115695532
2203,speedMps,2.435468414248554
2203,paceSecPerKm,410.5986323409342
2203,cadenceSpm,166.5702716890073
2203,distanceM,6210.710568998666
2203,motionIntensityG,0.65
2203,activeEnergyKcal,123.48733269598617
2203,heartRateBpm,138.0130355888389
2204,speedMps,2.502993096845014
2204,paceSecPerKm,399.5216771714174
2204,cadenceSpm,165.66404776607226
2204,distanceM,6213.2135620955105
2204,motionIntensityG,0.65
2204,activeEnergyKcal,123.53274378585232
2204,heartRateBpm,136.13396202850166
2205,speedMps,2.3883990055114603
2205,paceSecPerKm,418.69051096253344
2205,cadenceSpm,166.02165601384286
2205,distanceM,6215.6019611010215
2205,motionIntensityG,0.65
2205,activeEnergyKcal,123.57815487571847
2205,heartRateBpm,136.23717920752387
2206,speedMps,2.4921912531562658
2206,paceSecPerKm,401.25331422038255
2206,cadenceSpm,166.7106345091257
2206,distanceM,6218.094152354178
2206,motionIntensityG,0.65
2206,activeEnergyKcal,123.62356596558462
2206,heartRateBpm,135.8039242931148
2207,speedMps,2.4786008301711004
2207,paceSecPerKm,403.4534273640863
2207,cadenceSpm,166.05168236362064
2207,distanceM,6220.572753184349
2207,motionIntensityG,0.65
2207,activeEnergyKcal,123.66897705545077
2207,heartRateBpm,135.39527328257842
2208,speedMps,2.5226141011926915
2208,paceSecPerKm,396.41417984907014
2208,cadenceSpm,164.1766913559381
2208,distanceM,6223.095367285541
2208,motionIntensityG,0.65
2208,activeEnergyKcal,123.71438814531692
2208,heartRateBpm,134.9986186694984
2209,speedMps,2.4193042566524396
2209,paceSecPerKm,413.34197517747816
2209,cadenceSpm,166.21659412053793
2209,distanceM,6225.514671542193
2209,motionIntensityG,0.65
2209,activeEnergyKcal,123.75979923518307
2209,heartRateBpm,134.44214040982297
2210,speedMps,2.5216359831827084
2210,paceSecPerKm,396.5679450440899
2210,cadenceSpm,164.7831237188312
2210,distanceM,6228.036307525376
2210,motionIntensityG,0.65
2210,activeEnergyKcal,123.80521032504922
2210,heartRateBpm,135.24634386434346
2211,speedMps,2.4308191777021904
2211,paceSecPerKm,411.3839520326979
2211,cadenceSpm,165.87341597707137
2211,distanceM,6230.467126703078
2211,motionIntensityG,0.65
2211,activeEnergyKcal,123.85062141491537
2211,heartRateBpm,134.5104960258831
2212,speedMps,2.5022904483422006
2212,paceSecPerKm,399.63386371174965
2212,cadenceSpm,166.8343696870016
2212,distanceM,6232.96941715142
2212,motionIntensityG,0.65
2212,activeEnergyKcal,123.89603250478152
2212,heartRateBpm,133.69158881510376
2213,speedMps,2.4319825780868616
2213,paceSecPerKm,411.1871561130417
2213,cadenceSpm,169.32150999246136
2213,distanceM,6235.401399729507
2213,motionIntensityG,0.65
2213,activeEnergyKcal,123.94144359464767
2213,heartRateBpm,134.46274073564646
2214,speedMps,2.3864452566125673
2214,paceSecPerKm,419.0332869480723
2214,cadenceSpm,164.44934708569667
2214,distanceM,6237.787844986119
2214,motionIntensityG,0.65
2214,activeEnergyKcal,123.98685468451382
2214,heartRateBpm,135.65461825258782
2215,speedMps,2.4382287976911217
2215,paceSecPerKm,410.13378274711096
2215,cadenceSpm,166.3119270080497
2215,distanceM,6240.2260737838105
2215,motionIntensityG,0.65
2215,activeEnergyKcal,124.03226577437997
2215,heartRateBpm,135.60884269300328
2216,speedMps,2.411151807085097
2216,paceSecPerKm,414.73954359137826
2216,cadenceSpm,168.09459401225558
2216,distanceM,6242.6372255908955
2216,motionIntensityG,0.65
2216,activeEnergyKcal,124.07767686424611
2216,heartRateBpm,134.66438829406442
2217,speedMps,2.4830644737895384
2217,paceSecPerKm,402.72816536005854
2217,cadenceSpm,167.21816991850002
2217,distanceM,6245.120290064685
2217,motionIntensityG,0.65
2217,activeEnergyKcal,124.12308795411226
2217,heartRateBpm,134.8363697004333
2218,speedMps,2.40745832973107
2218,paceSecPerKm,415.37582920976536
2218,cadenceSpm,165.79917224107524
2218,distanceM,6247.5277483944155
2218,motionIntensityG,0.65
2218,activeEnergyKcal,124.16849904397841
2218,heartRateBpm,135.65399010020656
2219,speedMps,2.4937249646939015
2219,paceSecPerKm,401.0065320586577
2219,cadenceSpm,165.0806500948214
2219,distanceM,6250.021473359109
2219,motionIntensityG,0.65
2219,activeEnergyKcal,124.21391013384456
2219,heartRateBpm,134.7747127075677
2220,speedMps,2.479972869433552
2220,paceSecPerKm,403.2302176871834
2220,cadenceSpm,166.36242651165338
2220,distanceM,6252.501446228543
2220,motionIntensityG,0.65
2220,activeEnergyKcal,124.25932122371071
2220,heartRateBpm,136.3468825586283
2221,speedMps,2.3574082930656717
2221,paceSecPerKm,424.19465603031307
2221,cadenceSpm,162.9366629605408
2221,distanceM,6254.858854521608
2221,motionIntensityG,0.65
2221,activeEnergyKcal,124.30473231357686
2221,heartRateBpm,135.7816249517954
2222,speedMps,2.4437785255740043
2222,paceSecPerKm,409.2023845594257
2222,cadenceSpm,168.8795183987852
2222,distanceM,6257.302633047182
2222,motionIntensityG,0.65
2222,activeEnergyKcal,124.35014340344301
2222,heartRateBpm,136.417617329116
2223,speedMps,2.3864466135505795
2223,paceSecPerKm,419.0330486849609
2223,cadenceSpm,167.07626178591977
2223,distanceM,6259.689079660733
2223,motionIntensityG,0.65
2223,activeEnergyKcal,124.39555449330916
2223,heartRateBpm,132.61405052261813
2224,speedMps,2.440320928624093
2224,paceSecPerKm,409.7821676937476
2224,cadenceSpm,166.33995173355865
2224,distanceM,6262.129400589357
2224,motionIntensityG,0.65
2224,activeEnergyKcal,124.44096558317531
2224,heartRateBpm,131.99523125661247
2225,speedMps,2.391099862374549
2225,paceSecPerKm,418.2175808445415
2225,cadenceSpm,164.50907701811803
2225,distanceM,6264.520500451731
2225,motionIntensityG,0.65
2225,activeEnergyKcal,124.48637667304146
2225,heartRateBpm,130.72414514305473
2226,speedMps,2.442393347075158
2226,paceSecPerKm,409.4344595220631
2226,cadenceSpm,166.71481642261918
2226,distanceM,6266.962893798806
2226,motionIntensityG,0.65
2226,activeEnergyKcal,124.53178776290761
2226,heartRateBpm,131.6512723410695
2227,speedMps,2.374804496991326
2227,paceSecPerKm,421.08729424544816
2227,cadenceSpm,164.5993111526126
2227,distanceM,6269.337698295798
2227,motionIntensityG,0.65
2227,activeEnergyKcal,124.57719885277376
2227,heartRateBpm,130.49649318587456
2228,speedMps,2.3743204257854704
2228,paceSecPerKm,421.1731445932286
2228,cadenceSpm,164.2935045867153
2228,distanceM,6271.712018721583
2228,motionIntensityG,0.65
2228,activeEnergyKcal,124.62260994263991
2228,heartRateBpm,129.9214574855511
2229,speedMps,2.435478923561809
2229,paceSecPerKm,410.5968605704591
2229,cadenceSpm,164.4089739205299
2229,distanceM,6274.147497645145
2229,motionIntensityG,0.65
2229,activeEnergyKcal,124.66802103250606
2229,heartRateBpm,130.44594620116956
2230,speedMps,2.5068853271088924
2230,paceSecPerKm,398.90137342391597
2230,cadenceSpm,165.10359917515746
2230,distanceM,6276.654382972254
2230,motionIntensityG,0.65
2230,activeEnergyKcal,124.71343212237221
2230,heartRateBpm,131.48300973317674
2231,speedMps,2.468170233561416
2231,paceSecPerKm,405.15843939867233
2231,cadenceSpm,169.50589998951926
2231,distanceM,6279.122553205815
2231,motionIntensityG,0.65
2231,activeEnergyKcal,124.75884321223836
2231,heartRateBpm,133.16721936321701
2232,speedMps,2.6118762181214668
2232,paceSecPerKm,382.8665359644139
2232,cadenceSpm,165.91755861411232
2232,distanceM,6281.7344294239365
2232,motionIntensityG,0.65
2232,activeEnergyKcal,124.80425430210451
2232,heartRateBpm,132.61448996971328
2233,speedMps,2.50708678426408
2233,paceSecPerKm,398.86931967276746
2233,cadenceSpm,167.38794912313233
2233,distanceM,6284.241516208201
2233,motionIntensityG,0.65
2233,activeEnergyKcal,124.84966539197066
2233,heartRateBpm,132.48381500008446
2234,speedMps,2.4023076378736294
2234,paceSecPerKm,416.2664199349325
2234,cadenceSpm,166.41200535800735
2234,distanceM,6286.643823846074
2234,motionIntensityG,0.65
2234,activeEnergyKcal,124.89507648183681
2234,heartRateBpm,130.03768870196336
2235,speedMps,2.4390936087142085
2235,paceSecPerKm,409.9883647053462
2235,cadenceSpm,164.50920517672188
2235,distanceM,6289.082917454788
2235,motionIntensityG,0.65
2235,activeEnergyKcal,124.94048757170296
2235,heartRateBpm,131.682980566781
2236,speedMps,2.5004888534782923
2236,paceSecPerKm,399.9217987350574
2236,cadenceSpm,166.40992428908595
2236,distanceM,6291.583406308267
2236,motionIntensityG,0.65
2236,activeEnergyKcal,124.98589866156911
2236,heartRateBpm,131.149353193437
2237,speedMps,2.4659392473199517
2237,paceSecPerKm,405.52499461891716
2237,cadenceSpm,168.12664898450464
2237,distanceM,6294.049345555586
2237,motionIntensityG,0.65
2237,activeEnergyKcal,125.03130975143526
2237,heartRateBpm,130.5272878248446
2238,speedMps,2.4672047965991215
2238,paceSecPerKm,405.3169811352644
2238,cadenceSpm,166.49643865794675
2238,distanceM,6296.516550352185
2238,motionIntensityG,0.65
2238,activeEnergyKcal,125.07672084130141
2238,heartRateBpm,131.24024437589776
2239,speedMps,2.5194945338908643
2239,paceSecPerKm,396.9050087422482
2239,cadenceSpm,166.59098045246267
2239,distanceM,6299.036044886076
2239,motionIntensityG,0.65
2239,activeEnergyKcal,125.12213193116756
2239,heartRateBpm,129.2236022740611
2240,speedMps,2.5387648801976272
2240,paceSecPerKm,393.89232449211926
2240,cadenceSpm,165.70000412069666
2240,distanceM,6301.574809766274
2240,motionIntensityG,0.65
2240,activeEnergyKcal,125.16754302103371
2240,heartRateBpm,129.20915335852152
2241,speedMps,2.3297319309502087
2241,paceSecPerKm,429.2339331899607
2241,cadenceSpm,167.50633779695045
2241,distanceM,6303.904541697224
2241,motionIntensityG,0.65
2241,activeEnergyKcal,125.21295411089986
2241,heartRateBpm,130.47004199305167
2242,speedMps,2.438723269162997
2242,paceSecPerKm,410.050624703808
2242,cadenceSpm,166.41603229617564
2242,distanceM,6306.343264966387
2242,motionIntensityG,0.65
2242,activeEnergyKcal,125.25836520076601
2242,heartRateBpm,129.17682854976732
2243,speedMps,2.5021131960656287
2243,paceSecPerKm,399.6621741863715
2243,cadenceSpm,167.52480765363862
2243,distanceM,6308.845378162453
2243,motionIntensityG,0.65
2243,activeEnergyKcal,125.30377629063216
2243,heartRateBpm,128.6161714682905
2244,speedMps,2.4108885855696807
2244,paceSecPerKm,414.78482497510566
2244,cadenceSpm,163.30365751666005
2244,distanceM,6311.256266748022
2244,motionIntensityG,0.65
2244,activeEnergyKcal,125.34918738049831
2244,heartRateBpm,127.50517911250373
2245,speedMps,2.5016474590377227
2245,paceSecPerKm,399.7365801433338
2245,cadenceSpm,164.9889357849677
2245,distanceM,6313.75791420706
2245,motionIntensityG,0.65
2245,activeEnergyKcal,125.39459847036446
2245,heartRateBpm,127.95187253117021
2246,speedMps,2.4659881023274663
2246,paceSecPerKm,405.51696054663563
2246,cadenceSpm,169.83934778568675
2246,distanceM,6316.223902309387
2246,motionIntensityG,0.65
2246,activeEnergyKcal,125.4400095602306
2246,heartRateBpm,126.85943687598191
2247,speedMps,2.4754518060774084
2247,paceSecPerKm,403.9666607707448
2247,cadenceSpm,163.30442770492039
2247,distanceM,6318.699354115464
2247,motionIntensityG,0.65
2247,activeEnergyKcal,125.48542065009676
2247,heartRateBpm,126.55080461219602
2248,speedMps,2.6140084624781674
2248,paceSecPerKm,382.5542320746608
2248,cadenceSpm,168.83468527925308
2248,distanceM,6321.313362577943
2248,motionIntensityG,0.65
2248,activeEnergyKcal,125.5308317399629
2248,heartRateBpm,127.00120830497639
2249,speedMps,2.4558765682384878
2249,paceSecPerKm,407.18658784926805
2249,cadenceSpm,167.7569549833271
2249,distanceM,6323.7692391461815
2249,motionIntensityG,0.65
2249,activeEnergyKcal,125.57624282982906
2249,heartRateBpm,127.05358800309939
2250,speedMps,2.468059731367158
2250,paceSecPerKm,405.1765795174088
2250,cadenceSpm,163.27124113489955
2250,distanceM,6326.237298877549
2250,motionIntensityG,0.65
2250,activeEnergyKcal,125.6216539196952
2250,heartRateBpm,125.13665076326969
2251,speedMps,2.4889986485059103
2251,paceSecPerKm,401.76799637889616
2251,cadenceSpm,168.22871556530714
2251,distanceM,6328.726297526055
2251,motionIntensityG,0.65
2251,activeEnergyKcal,125.66706500956136
2251,heartRateBpm,125.04954480162559
2252,speedMps,2.497783302409238
2252,paceSecPerKm,400.35498637349747
2252,cadenceSpm,168.44934954799476
2252,distanceM,6331.224080828464
2252,motionIntensityG,0.65
2252,activeEnergyKcal,125.7124760994275
2252,heartRateBpm,124.28184021662825
2253,speedMps,2.4793055137802495
2253,paceSecPerKm,403.3387553255907
2253,cadenceSpm,169.55847512105655
2253,distanceM,6333.703386342245
2253,motionIntensityG,0.65
2253,activeEnergyKcal,125.75788718929365
2253,heartRateBpm,123.60479768860009
2254,speedMps,2.467733945873751
2254,paceSecPerKm,405.23007015082817
2254,cadenceSpm,166.27725714044573
2254,distanceM,6336.171120288119
2254,motionIntensityG,0.65
2254,activeEnergyKcal,125.8032982791598
2254,heartRateBpm,123.13088588796072
2255,speedMps,2.4660552431750764
2255,paceSecPerKm,405.50591993733593
2255,cadenceSpm,167.78645450947846
2255,distanceM,6338.637175531294
2255,motionIntensityG,0.65
2255,activeEnergyKcal,125.84870936902595
2255,heartRateBpm,123.07984215763254
2256,speedMps,2.5379286091779574
2256,paceSecPerKm,394.0221156669584
2256,cadenceSpm,166.61838749150613
2256,distanceM,6341.175104140472
2256,motionIntensityG,0.65
2256,activeEnergyKcal,125.8941204588921
2256,heartRateBpm,124.0158942396945
2257,speedMps,2.425689961469802
2257,paceSecPerKm,412.2538394783431
2257,cadenceSpm,165.11783332063789
2257,distanceM,6343.6007941019425
2257,motionIntensityG,0.65
2257,activeEnergyKcal,125.93953154875825
2257,heartRateBpm,124.68386089325747
2258,speedMps,2.5139709555655045
2258,paceSecPerKm,397.7770696937329
2258,cadenceSpm,165.51189307645802
2258,distanceM,6346.114765057508
2258,motionIntensityG,0.65
2258,activeEnergyKcal,125.9849426386244
2258,heartRateBpm,124.91558639210497
2259,speedMps,2.4108602077253884
2259,paceSecPerKm,414.78970733997284
2259,cadenceSpm,164.16785116468645
2259,distanceM,6348.525625265233
2259,motionIntensityG,0.65
2259,activeEnergyKcal,126.03035372849055
2259,heartRateBpm,124.32974392780547
2260,speedMps,2.479855516102683
2260,paceSecPerKm,403.2492996090314
2260,cadenceSpm,165.415801890028
2260,distanceM,6351.005480781336
2260,motionIntensityG,0.65
2260,activeEnergyKcal,126.0757648183567
2260,heartRateBpm,125.5746468924561
2261,speedMps,2.5118281232188946
2261,paceSecPerKm,398.11641200931587
2261,cadenceSpm,165.6132752436952
2261,distanceM,6353.517308904555
2261,motionIntensityG,0.65
2261,activeEnergyKcal,126.12117590822285
2261,heartRateBpm,124.9795326965289
2262,speedMps,2.4798402476318877
2262,paceSecPerKm,403.25178243031803
2262,cadenceSpm,163.91199665091057
2262,distanceM,6355.9971491521865
2262,motionIntensityG,0.65
2262,activeEnergyKcal,126.166586998089
2262,heartRateBpm,123.35577521260703
2263,speedMps,2.4615226311140366
2263,paceSecPerKm,406.25261265520834
2263,cadenceSpm,167.17407047726263
2263,distanceM,6358.458671783301
2263,motionIntensityG,0.65
2263,activeEnergyKcal,126.21199808795515
2263,heartRateBpm,123.24160741578991
2264,speedMps,2.338584887187092
2264,paceSecPerKm,427.60902350772693
2264,cadenceSpm,166.5905309657729
2264,distanceM,6360.7972566704875
2264,motionIntensityG,0.65
2264,activeEnergyKcal,126.2574091778213
2264,heartRateBpm,121.91834538631147
2265,speedMps,2.508953611679575
2265,paceSecPerKm,398.5725345199059
2265,cadenceSpm,167.04797942833605
2265,distanceM,6363.306210282167
2265,motionIntensityG,0.65
2265,activeEnergyKcal,126.30282026768745
2265,heartRateBpm,124.05461681348699
2266,speedMps,2.5034316353109607
2266,paceSecPerKm,399.45169098887186
2266,cadenceSpm,168.62176985568613
2266,distanceM,6365.809641917478
2266,motionIntensityG,0.65
2266,activeEnergyKcal,126.3482313575536
2266,heartRateBpm,124.55292232766294
2267,speedMps,2.437811277643761
2267,paceSecPerKm,410.204025705607
2267,cadenceSpm,167.76237426887764
2267,distanceM,6368.247453195122
2267,motionIntensityG,0.65
2267,activeEnergyKcal,126.39364244741975
2267,heartRateBpm,124.23137858591119
2268,speedMps,2.5472493094960638
2268,paceSecPerKm,392.58034000520956
2268,cadenceSpm,163.95400987750577
2268,distanceM,6370.794702504618
2268,motionIntensityG,0.65
2268,activeEnergyKcal,126.4390535372859
2268,heartRateBpm,122.30570950961233
2269,speedMps,2.5246969424109476
2269,paceSecPerKm,396.08714345138577
2269,cadenceSpm,166.81072939003892
2269,distanceM,6373.319399447028
2269,motionIntensityG,0.65
2269,activeEnergyKcal,126.48446462715205
2269,heartRateBpm,121.71972320906306
2270,speedMps,2.6014957977943407
2270,paceSecPerKm,384.39423997833967
2270,cadenceSpm,164.303797288857
2270,distanceM,6375.9208952448225
2270,motionIntensityG,0.65
2270,activeEnergyKcal,126.5298757170182
2270,heartRateBpm,120.30525765808969
2271,speedMps,2.381264369345543
2271,paceSecPerKm,419.9449724579871
2271,cadenceSpm,166.8522253463517
2271,distanceM,6378.302159614168
2271,motionIntensityG,0.65
2271,activeEnergyKcal,126.57528680688435
2271,heartRateBpm,121.29544887149456
2272,speedMps,2.4171890232282425
2272,paceSecPerKm,413.7036824139075
2272,cadenceSpm,166.48418437341041
2272,distanceM,6380.719348637396
2272,motionIntensityG,0.65
2272,activeEnergyKcal,126.6206978967505
2272,heartRateBpm,120.20424133149479
2273,speedMps,2.4332472347381997
2273,paceSecPerKm,410.9734455765622
2273,cadenceSpm,167.6512844327345
2273,distanceM,6383.152595872134
2273,motionIntensityG,0.65
2273,activeEnergyKcal,126.66610898661665
2273,heartRateBpm,119.28654007719712
2274,speedMps,2.236591738627346
2274,paceSecPerKm,447.10886780513897
2274,cadenceSpm,165.5448361083759
2274,distanceM,6385.389187610762
2274,motionIntensityG,0.65
2274,activeEnergyKcal,126.7115200764828
2274,heartRateBpm,119.57444453540667
2275,speedMps,2.5356362121742873
2275,paceSecPerKm,394.3783399206577
2275,cadenceSpm,163.34401056665078
2275,distanceM,6387.924823822937
2275,motionIntensityG,0.65
2275,activeEnergyKcal,126.75693116634895
2275,heartRateBpm,120.27431458073859
2276,speedMps,2.5051096033469524
2276,paceSecPerKm,399.18413097133543
2276,cadenceSpm,164.853070101934
2276,distanceM,6390.429933426283
2276,motionIntensityG,0.65
2276,activeEnergyKcal,126.8023422562151
2276,heartRateBpm,120.98937003861454
2277,speedMps,2.450677897031901
2277,paceSecPerKm,408.05036076390695
2277,cadenceSpm,165.2757062229516
2277,distanceM,6392.880611323315
2277,motionIntensityG,0.65
2277,activeEnergyKcal,126.84775334608125
2277,heartRateBpm,120.28449426759906
2278,speedMps,2.43375404117168
2278,paceSecPerKm,410.8878642143193
2278,cadenceSpm,166.84407217452568
2278,distanceM,6395.314365364487
2278,motionIntensityG,0.65
2278,activeEnergyKcal,126.8931644359474
2278,heartRateBpm,122.92349392960895
2279,speedMps,2.3963482132872205
2279,paceSecPerKm,417.30162355171143
2279,cadenceSpm,167.6547417938915
2279,distanceM,6397.710713577774
2279,motionIntensityG,0.65
2279,activeEnergyKcal,126.93857552581355
2279,heartRateBpm,121.67040671628963
2280,speedMps,2.350009080501843
2280,paceSecPerKm,425.5302706262099
2280,cadenceSpm,166.27628322014507
2280,distanceM,6400.060722658276
2280,motionIntensityG,0.65
2280,activeEnergyKcal,126.9839866156797
2280,heartRateBpm,121.41030190689696
2281,speedMps,2.4379430272446236
2281,paceSecPerKm,410.18185774841726
2281,cadenceSpm,164.02979520118524
2281,distanceM,6402.498665685521
2281,motionIntensityG,0.65
2281,activeEnergyKcal,127.02939770554585
2281,heartRateBpm,121.74896956748812
2282,speedMps,2.3484949472184495
2282,paceSecPerKm,425.8046206079332
2282,cadenceSpm,165.32010233231364
2282,distanceM,6404.847160632739
2282,motionIntensityG,0.65
2282,activeEnergyKcal,127.074808795412
2282,heartRateBpm,122.20307662373703
2283,speedMps,2.4505065618993243
2283,paceSecPerKm,408.0788909314023
2283,cadenceSpm,162.2607240013008
2283,distanceM,6407.297667194639
2283,motionIntensityG,0.65
2283,activeEnergyKcal,127.12021988527815
2283,heartRateBpm,122.08887316781774
2284,speedMps,2.4025494196746475
2284,paceSecPerKm,416.2245287488903
2284,cadenceSpm,165.2808646437467
2284,distanceM,6409.700216614314
2284,motionIntensityG,0.65
2284,activeEnergyKcal,127.1656309751443
2284,heartRateBpm,122.65490852294296
2285,speedMps,2.428468476711772
2285,paceSecPerKm,411.7821621279736
2285,cadenceSpm,168.68366801893865
2285,distanceM,6412.128685091026
2285,motionIntensityG,0.65
2285,activeEnergyKcal,127.21104206501045
2285,heartRateBpm,123.91344580051481
2286,speedMps,2.5118283899389193
2286,paceSecPerKm,398.11636973508257
2286,cadenceSpm,168.67217386405702
2286,distanceM,6414.640513480965
2286,motionIntensityG,0.65
2286,activeEnergyKcal,127.2564531548766
2286,heartRateBpm,124.2943058396503
2287,speedMps,2.4565366487284845
2287,paceSecPerKm,407.07717530597597
2287,cadenceSpm,167.21066155602512
2287,distanceM,6417.097050129693
2287,motionIntensityG,0.65
2287,activeEnergyKcal,127.30186424474275
2287,heartRateBpm,126.30008923221551
2288,speedMps,2.4917288748375968
2288,paceSecPerKm,401.32777289630957
2288,cadenceSpm,162.1754663550209
2288,distanceM,6419.588779004531
2288,motionIntensityG,0.65
2288,activeEnergyKcal,127.3472753346089
2288,heartRateBpm,128.2860584992989
2289,speedMps,2.558430841165462
2289,paceSecPerKm,390.86458148873083
2289,cadenceSpm,166.91735222621986
2289,distanceM,6422.147209845696
2289,motionIntensityG,0.65
2289,activeEnergyKcal,127.39268642447504
2289,heartRateBpm,127.40354177079931
2290,speedMps,2.4500143190028743
2290,paceSecPerKm,408.16087981354644
2290,cadenceSpm,166.01050521264855
2290,distanceM,6424.597224164699
2290,motionIntensityG,0.65
2290,activeEnergyKcal,127.4380975143412
2290,heartRateBpm,126.05588404234071
2291,speedMps,2.4193804031415502
2291,paceSecPerKm,413.3289658383222
2291,cadenceSpm,166.55001709080355
2291,distanceM,6427.016604567841
2291,motionIntensityG,0.65
2291,activeEnergyKcal,127.48350860420734
2291,heartRateBpm,124.3115842523134
2292,speedMps,2.404568673445267
2292,paceSecPerKm,415.87500121890866
2292,cadenceSpm,165.84962246412246
2292,distanceM,6429.421173241286
2292,motionIntensityG,0.65
2292,activeEnergyKcal,127.5289196940735
2292,heartRateBpm,125.25202892176952
2293,speedMps,2.399309044240776
2293,paceSecPerKm,416.78665880927997
2293,cadenceSpm,166.4444328479751
2293,distanceM,6431.820482285527
2293,motionIntensityG,0.65
2293,activeEnergyKcal,127.57433078393964
2293,heartRateBpm,125.56233141823326
2294,speedMps,2.409995487781846
2294,paceSecPerKm,414.9385362212431
2294,cadenceSpm,162.62728302259202
2294,distanceM,6434.230477773309
2294,motionIntensityG,0.65
2294,activeEnergyKcal,127.6197418738058
2294,heartRateBpm,128.91130576562537
2295,speedMps,2.462533921007439
2295,paceSecPerKm,406.0857767152679
2295,cadenceSpm,166.55688903904627
2295,distanceM,6436.693011694317
2295,motionIntensityG,0.65
2295,activeEnergyKcal,127.66515296367194
2295,heartRateBpm,128.28866384270498
2296,speedMps,2.3996766279600372
2296,paceSecPerKm,416.72281521118913
2296,cadenceSpm,162.87075269173516
2296,distanceM,6439.092688322276
2296,motionIntensityG,0.65
2296,activeEnergyKcal,127.71056405353809
2296,heartRateBpm,129.4215240124156
2297,speedMps,2.492101543468025
2297,paceSecPerKm,401.26775837889545
2297,cadenceSpm,167.12620865437114
2297,distanceM,6441.584789865745
2297,motionIntensityG,0.65
2297,activeEnergyKcal,127.75597514340424
2297,heartRateBpm,130.89669966741442
2298,speedMps,2.4284606782023315
2298,paceSecPerKm,411.78348448295657
2298,cadenceSpm,166.0182684999437
2298,distanceM,6444.013250543947
2298,motionIntensityG,0.65
2298,activeEnergyKcal,127.80138623327039
2298,heartRateBpm,130.49388529882995
2299,speedMps,2.506899891551836
2299,paceSecPerKm,398.89905590963747
2299,cadenceSpm,165.40022399908028
2299,distanceM,6446.520150435499
2299,motionIntensityG,0.65
2299,activeEnergyKcal,127.84679732313654
2299,heartRateBpm,130.2745356222306
2300,speedMps,2.449840520610528
2300,paceSecPerKm,408.1898358635968
2300,cadenceSpm,165.29861264502884
2300,distanceM,6448.9699909561095
2300,motionIntensityG,0.65
2300,activeEnergyKcal,127.89220841300269
2300,heartRateBpm,129.95926779419995
2301,speedMps,2.4762150946290498
2301,paceSecPerKm,403.84213882267983
2301,cadenceSpm,165.93146515698822
2301,distanceM,6451.4462060507385
2301,motionIntensityG,0.65
2301,activeEnergyKcal,127.93761950286884
2301,heartRateBpm,129.14064725203295
2302,speedMps,2.510269453678411
2302,paceSecPerKm,398.36360934666
2302,cadenceSpm,165.16252616085492
2302,distanceM,6453.956475504417
2302,motionIntensityG,0.65
2302,activeEnergyKcal,127.98303059273499
2302,heartRateBpm,129.1717986453505
2303,speedMps,2.550910377318957
2303,paceSecPerKm,392.01690850895915
2303,cadenceSpm,165.06948872454433
2303,distanceM,6456.507385881736
2303,motionIntensityG,0.65
2303,activeEnergyKcal,128.02844168260114
2303,heartRateBpm,131.27211142925938
2304,speedMps,2.4397921152805453
2304,paceSecPerKm,409.8709860307146
2304,cadenceSpm,166.31328373292945
2304,distanceM,6458.947177997016
2304,motionIntensityG,0.65
2304,activeEnergyKcal,128.0738527724673
2304,heartRateBpm,130.396430677839
2305,speedMps,2.4565280977955775
2305,paceSecPerKm,407.07859230162
2305,cadenceSpm,165.25821907505602
2305,distanceM,6461.403706094812
2305,motionIntensityG,0.65
2305,activeEnergyKcal,128.11926386233344
2305,heartRateBpm,132.0890803170482
2306,speedMps,2.5936548083624906
2306,paceSecPerKm,385.55631874210434
2306,cadenceSpm,166.49731262321242
2306,distanceM,6463.997360903175
2306,motionIntensityG,0.65
2306,activeEnergyKcal,128.1646749521996
2306,heartRateBpm,131.8525133231143
2307,speedMps,2.450704825401389
2307,paceSecPerKm,408.0458771024025
2307,cadenceSpm,170.2773609593635
2307,distanceM,6466.448065728577
2307,motionIntensityG,0.65
2307,activeEnergyKcal,128.21008604206574
2307,heartRateBpm,131.11185850968644
2308,speedMps,2.3533485882442844
2308,paceSecPerKm,424.9264239880629
2308,cadenceSpm,166.26178212991783
2308,distanceM,6468.801414316821
2308,motionIntensityG,0.65
2308,activeEnergyKcal,128.2554971319319
2308,heartRateBpm,131.5232080207225
2309,speedMps,2.4683932587142645
2309,paceSecPerKm,405.12183237807074
2309,cadenceSpm,167.0829906085113
2309,distanceM,6471.269807575535
2309,motionIntensityG,0.65
2309,activeEnergyKcal,128.30090822179804
2309,heartRateBpm,129.82846657526326
2310,speedMps,2.4310070506717034
2310,paceSecPerKm,411.35215947797985
2310,cadenceSpm,164.47889911093813
2310,distanceM,6473.700814626207
2310,motionIntensityG,0.65
2310,activeEnergyKcal,128.3463193116642
2310,heartRateBpm,129.59443357058439
2311,speedMps,2.38029338867823
2311,paceSecPerKm,420.1162784203241
2311,cadenceSpm,163.5972092487877
2311,distanceM,6476.081108014885
2311,motionIntensityG,0.65
2311,activeEnergyKcal,128.39173040153034
2311,heartRateBpm,130.21328678049304
2312,speedMps,2.4401831906362124
2312,paceSecPerKm,409.80529815848655
2312,cadenceSpm,164.94195368262166
2312,distanceM,6478.521291205521
2312,motionIntensityG,0.65
2312,activeEnergyKcal,128.4371414913965
2312,heartRateBpm,132.52184379307405
2313,speedMps,2.363712742493323
2313,paceSecPerKm,423.06325215523725
2313,cadenceSpm,166.3799892685966
2313,distanceM,6480.885003948015
2313,motionIntensityG,0.65
2313,activeEnergyKcal,128.48255258126264
2313,heartRateBpm,132.19261302693604
2314,speedMps,2.3806496718714296
2314,paceSecPerKm,420.053404671633
2314,cadenceSpm,166.8735371620032
2314,distanceM,6483.2656536198865
2314,motionIntensityG,0.65
2314,activeEnergyKcal,128.5279636711288
2314,heartRateBpm,132.48038085287575
2315,speedMps,2.5426099663807014
2315,paceSecPerKm,393.2966570659117
2315,cadenceSpm,166.01827682195193
2315,distanceM,6485.8082635862675
2315,motionIntensityG,0.65
2315,activeEnergyKcal,128.57337476099494
2315,heartRateBpm,133.70370559707402
2316,speedMps,2.383275541145259
2316,paceSecPerKm,419.5905940105692
2316,cadenceSpm,166.63694322852882
2316,distanceM,6488.191539127412
2316,motionIntensityG,0.65
2316,activeEnergyKcal,128.6187858508611
2316,heartRateBpm,134.49308414320066
2317,speedMps,2.495478964527413
2317,paceSecPerKm,400.724676190319
2317,cadenceSpm,165.97648110918303
2317,distanceM,6490.6870180919395
2317,motionIntensityG,0.65
2317,activeEnergyKcal,128.66419694072724
2317,heartRateBpm,134.98652077280406
2318,speedMps,2.4594584237340937
2318,paceSecPerKm,406.5935778177301
2318,cadenceSpm,165.88647922425508
2318,distanceM,6493.146476515673
2318,motionIntensityG,0.65
2318,activeEnergyKcal,128.7096080305934
2318,heartRateBpm,133.8073323585385
2319,speedMps,2.3966983642173596
2319,paceSecPerKm,417.2406569512344
2319,cadenceSpm,164.20183792796405
2319,distanceM,6495.543174879891
2319,motionIntensityG,0.65
2319,activeEnergyKcal,128.75501912045954
2319,heartRateBpm,133.53336817842506
2320,speedMps,2.4766531778984873
2320,paceSecPerKm,403.77070512897944
2320,cadenceSpm,167.27473200992637
2320,distanceM,6498.01982805779
2320,motionIntensityG,0.65
2320,activeEnergyKcal,128.8004302103257
2320,heartRateBpm,133.39747276991258
2321,speedMps,2.389864937552286
2321,paceSecPerKm,418.43368814984416
2321,cadenceSpm,167.21229834598364
2321,distanceM,6500.409692995342
2321,motionIntensityG,0.65
2321,activeEnergyKcal,128.84584130019184
2321,heartRateBpm,131.23349803980327
2322,speedMps,2.4593757723910463
2322,paceSecPerKm,406.60724205955046
2322,cadenceSpm,163.68338767428907
2322,distanceM,6502.869068767734
2322,motionIntensityG,0.65
2322,activeEnergyKcal,128.89125239005799
2322,heartRateBpm,132.06680900430288
2323,speedMps,2.40973353456171
2323,paceSecPerKm,414.98364265486435
2323,cadenceSpm,167.99941151656353
2323,distanceM,6505.278802302295
2323,motionIntensityG,0.65
2323,activeEnergyKcal,128.93666347992414
2323,heartRateBpm,131.22020950102032
2324,speedMps,2.62158036433433
2324,paceSecPerKm,381.4493019571877
2324,cadenceSpm,165.51318982611232
2324,distanceM,6507.900382666629
2324,motionIntensityG,0.65
2324,activeEnergyKcal,128.98207456979029
2324,heartRateBpm,132.75349161192653
2325,speedMps,2.4083519036172785
2325,paceSecPerKm,415.22171178473855
2325,cadenceSpm,165.0521894999259
2325,distanceM,6510.308734570247
2325,motionIntensityG,0.65
2325,activeEnergyKcal,129.02748565965643
2325,heartRateBpm,134.5291468472908
2326,speedMps,2.3505029118139116
2326,paceSecPerKm,425.4408684090027
2326,cadenceSpm,163.97746040251783
2326,distanceM,6512.659237482061
2326,motionIntensityG,0.65
2326,activeEnergyKcal,129.07289674952258
2326,heartRateBpm,134.88404539925565
2327,speedMps,2.5526555775551243
2327,paceSecPerKm,391.74889428591746
2327,cadenceSpm,166.52432263829
2327,distanceM,6515.211893059616
2327,motionIntensityG,0.65
2327,activeEnergyKcal,129.11830783938873
2327,heartRateBpm,133.71206094164728
2328,speedMps,2.4490285540675396
2328,paceSecPerKm,408.3251697245919
2328,cadenceSpm,165.09202932742093
2328,distanceM,6517.660921613684
2328,motionIntensityG,0.65
2328,activeEnergyKcal,129.16371892925488
2328,heartRateBpm,134.37855248621173
2329,speedMps,2.5231810457985
2329,paceSecPerKm,396.3251078099052
2329,cadenceSpm,168.23837207973773
2329,distanceM,6520.184102659482
2329,motionIntensityG,0.65
2329,activeEnergyKcal,129.20913001912103
2329,heartRateBpm,133.0049117601636
2330,speedMps,2.5163043595317203
2330,paceSecPerKm,397.40820549470345
2330,cadenceSpm,165.2534460490391
2330,distanceM,6522.700407019014
2330,motionIntensityG,0.65
2330,activeEnergyKcal,129.25454110898718
2330,heartRateBpm,131.60266376020775
2331,speedMps,2.5478753893978454
2331,paceSecPerKm,392.4838727047542
2331,cadenceSpm,166.12524039802935
2331,distanceM,6525.248282408412
2331,motionIntensityG,0.65
2331,activeEnergyKcal,129.29995219885333
2331,heartRateBpm,130.80089907672846
2332,speedMps,2.50416047478069
2332,paceSecPerKm,399.33543000577
2332,cadenceSpm,169.7098173007129
2332,distanceM,6527.752442883192
2332,motionIntensityG,0.65
2332,activeEnergyKcal,129.34536328871948
2332,heartRateBpm,130.1210772600172
2333,speedMps,2.4887209525614593
2333,paceSecPerKm,401.81282637202565
2333,cadenceSpm,164.1571500139992
2333,distanceM,6530.2411638357535
2333,motionIntensityG,0.65
2333,activeEnergyKcal,129.39077437858563
2333,heartRateBpm,129.4867779442677
2334,speedMps,2.4896819469906695
2334,paceSecPerKm,401.65773030114184
2334,cadenceSpm,165.65458659341425
2334,distanceM,6532.730845782744
2334,motionIntensityG,0.65
2334,activeEnergyKcal,129.43618546845178
2334,heartRateBpm,129.8559053955792
2335,speedMps,2.4824005527231447
2335,paceSecPerKm,402.83587550084115
2335,cadenceSpm,166.74130536521398
2335,distanceM,6535.213246335467
2335,motionIntensityG,0.65
2335,activeEnergyKcal,129.48159655831793
2335,heartRateBpm,131.17563724085852
2336,speedMps,2.4710355174104572
2336,paceSecPerKm,404.6886388132367
2336,cadenceSpm,166.57421643062636
2336,distanceM,6537.684281852878
2336,motionIntensityG,0.65
2336,activeEnergyKcal,129.52700764818408
2336,heartRateBpm,131.6758948790531
2337,speedMps,2.4574069849241114
2337,paceSecPerKm,406.93300138514974
2337,cadenceSpm,168.20837564335017
2337,distanceM,6540.141688837802
2337,motionIntensityG,0.65
2337,activeEnergyKcal,129.57241873805023
2337,heartRateBpm,132.69195800475293
2338,speedMps,2.3892185043076055
2338,paceSecPerKm,418.5469006694302
2338,cadenceSpm,168.24552147383324
2338,distanceM,6542.5309073421095
2338,motionIntensityG,0.65
2338,activeEnergyKcal,129.61782982791638
2338,heartRateBpm,132.16148271107664
2339,speedMps,2.5317146646174473
2339,paceSecPerKm,394.9892197472831
2339,cadenceSpm,164.02925988103664
2339,distanceM,6545.062622006727
2339,motionIntensityG,0.65
2339,activeEnergyKcal,129.66324091778253
2339,heartRateBpm,130.27503832372787
2340,speedMps,2.4048895950178033
2340,paceSecPerKm,415.81950459251624
2340,cadenceSpm,165.77102959910047
2340,distanceM,6547.467511601745
2340,motionIntensityG,0.65
2340,activeEnergyKcal,129.70865200764868
2340,heartRateBpm,130.90300463466082
2341,speedMps,2.451700465189557
2341,paceSecPerKm,407.8801689678203
2341,cadenceSpm,165.27125725593245
2341,distanceM,6549.919212066935
2341,motionIntensityG,0.65
2341,activeEnergyKcal,129.75406309751483
2341,heartRateBpm,132.22880262551533
2342,speedMps,2.448126713467904
2342,paceSecPerKm,408.47558849739676
2342,cadenceSpm,164.2138122673543
2342,distanceM,6552.367338780403
2342,motionIntensityG,0.65
2342,activeEnergyKcal,129.79947418738098
2342,heartRateBpm,130.73634982758907
2343,speedMps,2.4655237644004133
2343,paceSecPerKm,405.59333251577414
2343,cadenceSpm,168.41344479206487
2343,distanceM,6554.832862544803
2343,motionIntensityG,0.65
2343,activeEnergyKcal,129.84488527724713
2343,heartRateBpm,130.8116178102212
2344,speedMps,2.371080070870097
2344,paceSecPerKm,421.7487263654651
2344,cadenceSpm,164.2273250658457
2344,distanceM,6557.203942615673
2344,motionIntensityG,0.65
2344,activeEnergyKcal,129.89029636711328
2344,heartRateBpm,130.8651478080947
2345,speedMps,2.511989501179485
2345,paceSecPerKm,398.09083578194014
2345,cadenceSpm,165.71172319812663
2345,distanceM,6559.715932116853
2345,motionIntensityG,0.65
2345,activeEnergyKcal,129.93570745697943
2345,heartRateBpm,133.15919534243693
2346,speedMps,2.527410204156436
2346,paceSecPerKm,395.6619302855771
2346,cadenceSpm,163.26013158586892
2346,distanceM,6562.24334232101
2346,motionIntensityG,0.65
2346,activeEnergyKcal,129.98111854684558
2346,heartRateBpm,132.45450512978115
2347,speedMps,2.474403219766231
2347,paceSecPerKm,404.13785110353797
2347,cadenceSpm,165.7966431919288
2347,distanceM,6564.7177455407755
2347,motionIntensityG,0.65
2347,activeEnergyKcal,130.02652963671173
2347,heartRateBpm,133.0931192643713
2348,speedMps,2.5006676516096196
2348,paceSecPerKm,399.89320426339907
2348,cadenceSpm,163.21495743471493
2348,distanceM,6567.218413192385
2348,motionIntensityG,0.65
2348,activeEnergyKcal,130.07194072657788
2348,heartRateBpm,133.57840026177342
2349,speedMps,2.487124830677249
2349,paceSecPerKm,402.07069129204024
2349,cadenceSpm,164.1663765279
2349,distanceM,6569.705538023062
2349,motionIntensityG,0.65
2349,activeEnergyKcal,130.11735181644403
2349,heartRateBpm,133.33599357887184
2350,speedMps,2.3619582365049236
2350,paceSecPerKm,423.3775113143985
2350,cadenceSpm,164.14590969111546
2350,distanceM,6572.067496259567
2350,motionIntensityG,0.65
2350,activeEnergyKcal,130.16276290631018
2350,heartRateBpm,131.47545380909918
2351,speedMps,2.5589575682460257
2351,paceSecPerKm,390.78412725906406
2351,cadenceSpm,166.88429904741716
2351,distanceM,6574.626453827813
2351,motionIntensityG,0.65
2351,activeEnergyKcal,130.20817399617633
2351,heartRateBpm,130.38988826965183
2352,speedMps,2.4418246260427896
2352,paceSecPerKm,409.529820174103
2352,cadenceSpm,165.76598875206972
2352,distanceM,6577.068278453856
2352,motionIntensityG,0.65
2352,activeEnergyKcal,130.25358508604248
2352,heartRateBpm,128.9305419889807
2353,speedMps,2.4509556602316875
2353,paceSecPerKm,408.0041170167356
2353,cadenceSpm,163.96001871330606
2353,distanceM,6579.519234114087
2353,motionIntensityG,0.65
2353,activeEnergyKcal,130.29899617590863
2353,heartRateBpm,128.39900185844988
2354,speedMps,2.35655561330319
2354,paceSecPerKm,424.3481436868351
2354,cadenceSpm,166.01898715991473
2354,distanceM,6581.875789727391
2354,motionIntensityG,0.65
2354,activeEnergyKcal,130.34440726577478
2354,heartRateBpm,129.31419392631236
2355,speedMps,2.446024473100547
2355,paceSecPerKm,408.82665361578074
2355,cadenceSpm,167.5502084835253
2355,distanceM,6584.321814200492
2355,motionIntensityG,0.65
2355,activeEnergyKcal,130.38981835564093
2355,heartRateBpm,128.7247279471003
2356,speedMps,2.4429633937572426
2356,paceSecPerKm,409.3389211460981
2356,cadenceSpm,164.39199906432933
2356,distanceM,6586.764777594249
2356,motionIntensityG,0.65
2356,activeEnergyKcal,130.43522944550708
2356,heartRateBpm,128.24865934721606
2357,speedMps,2.470026005164455
2357,paceSecPerKm,404.8540371272001
2357,cadenceSpm,166.82548262361937
2357,distanceM,6589.234803599413
2357,motionIntensityG,0.65
2357,activeEnergyKcal,130.48064053537323
2357,heartRateBpm,127.30247183591565
2358,speedMps,2.460601570207653
2358,paceSecPerKm,406.4046825409482
2358,cadenceSpm,165.18421815948744
2358,distanceM,6591.69540516962
2358,motionIntensityG,0.65
2358,activeEnergyKcal,130.52605162523938
2358,heartRateBpm,128.05807546377338
2359,speedMps,2.408350306489299
2359,paceSecPerKm,415.2219871442707
2359,cadenceSpm,164.34972579324406
2359,distanceM,6594.10375547611
2359,motionIntensityG,0.65
2359,activeEnergyKcal,130.57146271510553
2359,heartRateBpm,128.60354566331648
2360,speedMps,2.449285952069972
2360,paceSecPerKm,408.282258408769
2360,cadenceSpm,164.52312554367268
2360,distanceM,6596.553041428179
2360,motionIntensityG,0.65
2360,activeEnergyKcal,130.61687380497168
2360,heartRateBpm,127.26199543875242
2361,speedMps,2.4515004860089733
2361,paceSecPerKm,407.9134414645756
2361,cadenceSpm,164.90862643558484
2361,distanceM,6599.004541914188
2361,motionIntensityG,0.65
2361,activeEnergyKcal,130.66228489483782
2361,heartRateBpm,126.56080376882697
2362,speedMps,2.5068239344775183
2362,paceSecPerKm,398.91114260021766
2362,cadenceSpm,164.7548732555527
2362,distanceM,6601.511365848665
2362,motionIntensityG,0.65
2362,activeEnergyKcal,130.70769598470397
2362,heartRateBpm,127.48005589639722
2363,speedMps,2.4607323629609072
2363,paceSecPerKm,406.3830813346712
2363,cadenceSpm,166.99441064426492
2363,distanceM,6603.972098211626
2363,motionIntensityG,0.65
2363,activeEnergyKcal,130.75310707457012
2363,heartRateBpm,128.70767368795853
2364,speedMps,2.4345339882467703
2364,paceSecPerKm,410.756228842034
2364,cadenceSpm,166.98193610345254
2364,distanceM,6606.406632199873
2364,motionIntensityG,0.65
2364,activeEnergyKcal,130.79851816443627
2364,heartRateBpm,129.48860977551746
2365,speedMps,2.39388664269067
2365,paceSecPerKm,417.73072382242145
2365,cadenceSpm,165.43101338008566
2365,distanceM,6608.800518842563
2365,motionIntensityG,0.65
2365,activeEnergyKcal,130.84392925430242
2365,heartRateBpm,130.60069096628325
2366,speedMps,2.4696152521368933
2366,paceSecPerKm,404.9213735357061
2366,cadenceSpm,166.2273731135566
2366,distanceM,6611.2701340947
2366,motionIntensityG,0.65
2366,activeEnergyKcal,130.88934034416857
2366,heartRateBpm,128.5048246255663
2367,speedMps,2.3950405278099827
2367,paceSecPerKm,417.5294690793382
2367,cadenceSpm,164.6422137529012
2367,distanceM,6613.66517462251
2367,motionIntensityG,0.65
2367,activeEnergyKcal,130.93475143403472
2367,heartRateBpm,131.44334741331068
2368,speedMps,2.465596244071055
2368,paceSecPerKm,405.5814095291027
2368,cadenceSpm,165.89269703973258
2368,distanceM,6616.130770866581
2368,motionIntensityG,0.65
2368,activeEnergyKcal,130.98016252390087
2368,heartRateBpm,130.81985678184736
2369,speedMps,2.4195292312673526
2369,paceSecPerKm,413.303541481166
2369,cadenceSpm,166.32368924664098
2369,distanceM,6618.550300097848
2369,motionIntensityG,0.65
2369,activeEnergyKcal,131.02557361376702
2369,heartRateBpm,130.1360758770027
2370,speedMps,2.434268679349147
2370,paceSecPerKm,410.80099681821935
2370,cadenceSpm,165.46396310503354
2370,distanceM,6620.984568777197
2370,motionIntensityG,0.65
2370,activeEnergyKcal,131.07098470363317
2370,heartRateBpm,130.62715817753877
2371,speedMps,2.2869070123296082
2371,paceSecPerKm,437.2718237377426
2371,cadenceSpm,169.6575624912287
2371,distanceM,6623.271475789526
2371,motionIntensityG,0.65
2371,activeEnergyKcal,131.11639579349932
2371,heartRateBpm,130.86643681143383
2372,speedMps,2.45152365872235
2372,paceSecPerKm,407.90958571501847
2372,cadenceSpm,164.97165838248384
2372,distanceM,6625.722999448249
2372,motionIntensityG,0.65
2372,activeEnergyKcal,131.16180688336547
2372,heartRateBpm,130.5495729431014
2373,speedMps,2.285586556288051
2373,paceSecPerKm,437.52444957677227
2373,cadenceSpm,166.02398899861893
2373,distanceM,6628.0085860045365
2373,motionIntensityG,0.65
2373,activeEnergyKcal,131.20721797323162
2373,heartRateBpm,133.30171884565516
2374,speedMps,2.511650746263325
2374,paceSecPerKm,398.144527652874
2374,cadenceSpm,164.57649789880904
2374,distanceM,6630.5202367508
2374,motionIntensityG,0.65
2374,activeEnergyKcal,131.25262906309777
2374,heartRateBpm,131.36324221276647
2375,speedMps,2.399317100865732
2375,paceSecPerKm,416.78525928864326
2375,cadenceSpm,165.41887480981404
2375,distanceM,6632.919553851666
2375,motionIntensityG,0.65
2375,activeEnergyKcal,131.29804015296392
2375,heartRateBpm,129.9016186829202
2376,speedMps,2.4431544463238164
2376,paceSecPerKm,409.306911196174
2376,cadenceSpm,165.80215258541926
2376,distanceM,6635.36270829799
2376,motionIntensityG,0.65
2376,activeEnergyKcal,131.34345124283007
2376,heartRateBpm,130.74871464423566
2377,speedMps,2.3904351340682686
2377,paceSecPerKm,418.33387810783444
2377,cadenceSpm,167.9961321373885
2377,distanceM,6637.753143432058
2377,motionIntensityG,0.65
2377,activeEnergyKcal,131.38886233269622
2377,heartRateBpm,129.2938995157585
2378,speedMps,2.411978973592626
2378,paceSecPerKm,414.59731239302926
2378,cadenceSpm,165.88053342211376
2378,distanceM,6640.16512240565
2378,motionIntensityG,0.65
2378,activeEnergyKcal,131.43427342256237
2378,heartRateBpm,128.62057126382373
2379,speedMps,2.447857236374643
2379,paceSecPerKm,408.5205563217538
2379,cadenceSpm,164.70244413748495
2379,distanceM,6642.6129796420255
2379,motionIntensityG,0.65
2379,activeEnergyKcal,131.47968451242852
2379,heartRateBpm,126.20939884530146
2380,speedMps,2.472950745021043
2380,paceSecPerKm,404.37521936632453
2380,cadenceSpm,167.42590278213123
2380,distanceM,6645.085930387047
2380,motionIntensityG,0.65
2380,activeEnergyKcal,131.52509560229467
2380,heartRateBpm,125.60382504862247
2381,speedMps,2.5789245977707966
2381,paceSecPerKm,387.7585257298304
2381,cadenceSpm,166.51432072164755
2381,distanceM,6647.664854984818
2381,motionIntensityG,0.65
2381,activeEnergyKcal,131.57050669216082
2381,heartRateBpm,126.6933492256188
2382,speedMps,2.4507410073132743
2382,paceSecPerKm,408.03985285099185
2382,cadenceSpm,167.11564016758274
2382,distanceM,6650.115595992131
2382,motionIntensityG,0.65
2382,activeEnergyKcal,131.61591778202697
2382,heartRateBpm,126.02962063122011
2383,speedMps,2.3822545655608995
2383,paceSecPerKm,419.77042019627777
2383,cadenceSpm,166.21645514215007
2383,distanceM,6652.497850557692
2383,motionIntensityG,0.65
2383,activeEnergyKcal,131.66132887189312
2383,heartRateBpm,126.28134930935298
2384,speedMps,2.5413857633536203
2384,paceSecPerKm,393.4861107746181
2384,cadenceSpm,164.34231799508217
2384,distanceM,6655.039236321046
2384,motionIntensityG,0.65
2384,activeEnergyKcal,131.70673996175927
2384,heartRateBpm,128.38604718181583
2385,speedMps,2.4164744517482832
2385,paceSecPerKm,413.82601801418383
2385,cadenceSpm,163.19946858853024
2385,distanceM,6657.455710772794
2385,motionIntensityG,0.65
2385,activeEnergyKcal,131.75215105162542
2385,heartRateBpm,126.86933707246014
2386,speedMps,2.461329071172641
2386,paceSecPerKm,406.2845605295573
2386,cadenceSpm,166.5180519611092
2386,distanceM,6659.917039843966
2386,motionIntensityG,0.65
2386,activeEnergyKcal,131.79756214149157
2386,heartRateBpm,125.44692025597953
2387,speedMps,2.4328792704657416
2387,paceSecPerKm,411.0356038376551
2387,cadenceSpm,165.6003791166916
2387,distanceM,6662.349919114432
2387,motionIntensityG,0.65
2387,activeEnergyKcal,131.84297323135772
2387,heartRateBpm,126.85435345049126
2388,speedMps,2.526315382707796
2388,paceSecPerKm,395.8333970670613
2388,cadenceSpm,164.45341543280873
2388,distanceM,6664.87623449714
2388,motionIntensityG,0.65
2388,activeEnergyKcal,131.88838432122387
2388,heartRateBpm,127.85861036651536
2389,speedMps,2.397334687541654
2389,paceSecPerKm,417.1299089763097
2389,cadenceSpm,167.6752704050337
2389,distanceM,6667.273569184682
2389,motionIntensityG,0.65
2389,activeEnergyKcal,131.93379541109002
2389,heartRateBpm,128.44536105365512
2390,speedMps,2.4600265317532415
2390,paceSecPerKm,406.49968083364854
2390,cadenceSpm,167.12594766891476
2390,distanceM,6669.733595716435
2390,motionIntensityG,0.65
2390,activeEnergyKcal,131.97920650095617
2390,heartRateBpm,127.02803460845871
2391,speedMps,2.5665582971914316
2391,paceSecPerKm,389.6268403855442
2391,cadenceSpm,167.26364977350977
2391,distanceM,6672.3001540136265
2391,motionIntensityG,0.65
2391,activeEnergyKcal,132.02461759082232
2391,heartRateBpm,126.99383667654682
2392,speedMps,2.4194761970325436
2392,paceSecPerKm,413.3126009780494
2392,cadenceSpm,166.791147215847
2392,distanceM,6674.7196302106595
2392,motionIntensityG,0.65
2392,activeEnergyKcal,132.07002868068847
2392,heartRateBpm,127.4700262164969
2393,speedMps,2.532736588890009
2393,paceSecPerKm,394.8298470462961
2393,cadenceSpm,164.90471902981338
2393,distanceM,6677.252366799549
2393,motionIntensityG,0.65
2393,activeEnergyKcal,132.11543977055462
2393,heartRateBpm,128.34653370992024
2394,speedMps,2.4677100135227383
2394,paceSecPerKm,405.23400015404025
2394,cadenceSpm,169.46800353429987
2394,distanceM,6679.720076813072
2394,motionIntensityG,0.65
2394,activeEnergyKcal,132.16085086042077
2394,heartRateBpm,129.80219586490685
2395,speedMps,2.489123016950152
2395,paceSecPerKm,401.74792213575284
2395,cadenceSpm,164.52649137598272
2395,distanceM,6682.209199830023
2395,motionIntensityG,0.65
2395,activeEnergyKcal,132.20626195028692
2395,heartRateBpm,128.75710605640506
2396,speedMps,2.4848719119173825
2396,paceSecPerKm,402.4352302442735
2396,cadenceSpm,162.29996812642938
2396,distanceM,6684.69407174194
2396,motionIntensityG,0.65
2396,activeEnergyKcal,132.25167304015307
2396,heartRateBpm,128.4026746228804
2397,speedMps,2.4931089071305097
2397,paceSecPerKm,401.1056224378776
2397,cadenceSpm,167.8941433136755
2397,distanceM,6687.187180649071
2397,motionIntensityG,0.65
2397,activeEnergyKcal,132.29708413001921
2397,heartRateBpm,127.98815964203246
2398,speedMps,2.4608318028478617
2398,paceSecPerKm,406.36665977850413
2398,cadenceSpm,167.4960528012092
2398,distanceM,6689.6480124519185
2398,motionIntensityG,0.65
2398,activeEnergyKcal,132.34249521988536
2398,heartRateBpm,128.45711894699525
2399,speedMps,2.3696879453755444
2399,paceSecPerKm,421.99649196490367
2399,cadenceSpm,166.46090633534365
2399,distanceM,6692.017700397294
2399,motionIntensityG,0.65
2399,activeEnergyKcal,132.38790630975151
2399,heartRateBpm,127.42801889742994
