t,kind,value
0,speedMps,2.385161255510496
0,paceSecPerKm,419.2588646531448
0,cadenceSpm,165.75294414605904
0,distanceM,2.385161255510496
0,motionIntensityG,0.65
0,activeEnergyKcal,0.04541108986615679
0,heartRateBpm,58.68346844759525
1,speedMps,2.4336320883405307
1,paceSecPerKm,410.90845440071837
1,cadenceSpm,165.59722341005914
1,distanceM,4.818793343851027
1,motionIntensityG,0.65
1,activeEnergyKcal,0.09082217973231357
1,heartRateBpm,61.26741677436319
2,speedMps,2.419723728809862
2,paceSecPerKm,413.2703201170196
2,cadenceSpm,166.9604349673039
2,distanceM,7.238517072660889
2,motionIntensityG,0.65
2,activeEnergyKcal,0.13623326959847037
2,heartRateBpm,60.84409405939209
3,speedMps,2.4499066667093174
3,paceSecPerKm,408.1788149681583
3,cadenceSpm,166.57590775918018
3,distanceM,9.688423739370206
3,motionIntensityG,0.65
3,activeEnergyKcal,0.18164435946462715
3,heartRateBpm,60.147870295965944
4,speedMps,2.326677652350411
4,paceSecPerKm,429.7973975852647
4,cadenceSpm,165.58719032560018
4,distanceM,12.015101391720616
4,motionIntensityG,0.65
4,activeEnergyKcal,0.22705544933078392
4,heartRateBpm,63.25018214846386
5,speedMps,2.308655821314585
5,paceSecPerKm,433.1524823958316
5,cadenceSpm,164.46712638413814
5,distanceM,14.3237572130352
5,motionIntensityG,0.65
5,activeEnergyKcal,0.2724665391969407
5,heartRateBpm,66.4080883299196
6,speedMps,2.328571996951078
6,paceSecPerKm,429.4477479370845
6,cadenceSpm,165.42973916718424
6,distanceM,16.652329209986277
6,motionIntensityG,0.65
6,activeEnergyKcal,0.31787762906309747
6,heartRateBpm,67.30065181009552
7,speedMps,2.34299247747278
7,paceSecPerKm,426.8046140201991
7,cadenceSpm,166.4941017406455
7,distanceM,18.995321687459057
7,motionIntensityG,0.65
7,activeEnergyKcal,0.36328871892925424
7,heartRateBpm,70.54653481866461
8,speedMps,2.451300460748531
8,paceSecPerKm,407.9467270587626
8,cadenceSpm,163.23773974345838
8,distanceM,21.446622148207588
8,motionIntensityG,0.65
8,activeEnergyKcal,0.408699808795411
8,heartRateBpm,71.65324550310525
9,speedMps,2.3357700677137374
9,paceSecPerKm,428.12433202331624
9,cadenceSpm,165.90278940887444
9,distanceM,23.782392215921327
9,motionIntensityG,0.65
9,activeEnergyKcal,0.4541108986615678
9,heartRateBpm,71.99326790889691
10,speedMps,2.3879674311331347
10,paceSecPerKm,418.76618037687456
10,cadenceSpm,165.87053064716855
10,distanceM,26.17035964705446
10,motionIntensityG,0.65
10,activeEnergyKcal,0.49952198852772456
10,heartRateBpm,73.85795874930143
11,speedMps,2.289484635319069
11,paceSecPerKm,436.779519972903
11,cadenceSpm,165.70910869320375
11,distanceM,28.45984428237353
11,motionIntensityG,0.65
11,activeEnergyKcal,0.5449330783938814
11,heartRateBpm,74.78243081924158
12,speedMps,2.4114223714883036
12,paceSecPerKm,414.69300933075897
12,cadenceSpm,165.34177545996477
12,distanceM,30.871266653861834
12,motionIntensityG,0.65
12,activeEnergyKcal,0.5903441682600382
12,heartRateBpm,74.35867613286149
13,speedMps,2.3416728995840077
13,paceSecPerKm,427.0451266603664
13,cadenceSpm,166.86026023541777
13,distanceM,33.21293955344584
13,motionIntensityG,0.65
13,activeEnergyKcal,0.635755258126195
13,heartRateBpm,75.35260757986623
14,speedMps,2.4786085043060124
14,paceSecPerKm,403.45217821319096
14,cadenceSpm,165.29770572797028
14,distanceM,35.69154805775185
14,motionIntensityG,0.65
14,activeEnergyKcal,0.6811663479923519
14,heartRateBpm,74.1142147906357
15,speedMps,2.297766910929305
15,paceSecPerKm,435.20515298723734
15,cadenceSpm,166.5919597294276
15,distanceM,37.98931496868116
15,motionIntensityG,0.65
15,activeEnergyKcal,0.7265774378585087
15,heartRateBpm,75.66126477377202
16,speedMps,2.329616728000892
16,paceSecPerKm,429.25515943479996
16,cadenceSpm,167.97999359845667
16,distanceM,40.31893169668205
16,motionIntensityG,0.65
16,activeEnergyKcal,0.7719885277246655
16,heartRateBpm,77.87053825450505
17,speedMps,2.401101258458493
17,paceSecPerKm,416.47556365115565
17,cadenceSpm,166.1677846504
17,distanceM,42.720032955140546
17,motionIntensityG,0.65
17,activeEnergyKcal,0.8173996175908224
17,heartRateBpm,80.83151219833948
18,speedMps,2.3209392164369613
18,paceSecPerKm,430.8600556696918
18,cadenceSpm,165.67893161615996
18,distanceM,45.04097217157751
18,motionIntensityG,0.65
18,activeEnergyKcal,0.8628107074569792
18,heartRateBpm,80.81688883825763
19,speedMps,2.463607682338435
19,paceSecPerKm,405.90878457190416
19,cadenceSpm,167.58052710919378
19,distanceM,47.50457985391594
19,motionIntensityG,0.65
19,activeEnergyKcal,0.908221797323136
19,heartRateBpm,81.00756872988978
20,speedMps,2.2881015511009095
20,paceSecPerKm,437.0435392252825
20,cadenceSpm,164.31233256781914
20,distanceM,49.79268140501685
20,motionIntensityG,0.65
20,activeEnergyKcal,0.9536328871892928
20,heartRateBpm,83.27940359912428
21,speedMps,2.3481713250634377
21,paceSecPerKm,425.86330448992436
21,cadenceSpm,164.63608693868977
21,distanceM,52.14085273008029
21,motionIntensityG,0.65
21,activeEnergyKcal,0.9990439770554497
21,heartRateBpm,83.56133858010182
22,speedMps,2.334422467651322
22,paceSecPerKm,428.37147682446124
22,cadenceSpm,164.90120476054506
22,distanceM,54.47527519773161
22,motionIntensityG,0.65
22,activeEnergyKcal,1.0444550669216064
22,heartRateBpm,83.55507682820173
23,speedMps,2.4246565236542286
23,paceSecPerKm,412.4295504308743
23,cadenceSpm,168.20314133177385
23,distanceM,56.89993172138584
23,motionIntensityG,0.65
23,activeEnergyKcal,1.0898661567877632
23,heartRateBpm,85.67876874012023
24,speedMps,2.3417144411256565
24,paceSecPerKm,427.03755096599326
24,cadenceSpm,166.24247782184153
24,distanceM,59.2416461625115
24,motionIntensityG,0.65
24,activeEnergyKcal,1.13527724665392
24,heartRateBpm,87.0603658654364
25,speedMps,2.397113836370667
25,paceSecPerKm,417.16834003763574
25,cadenceSpm,165.32623380787598
25,distanceM,61.638759998882165
25,motionIntensityG,0.65
25,activeEnergyKcal,1.1806883365200769
25,heartRateBpm,88.94458871487204
26,speedMps,2.2807117161799924
26,paceSecPerKm,438.4596233297381
26,cadenceSpm,167.64319704160553
26,distanceM,63.91947171506216
26,motionIntensityG,0.65
26,activeEnergyKcal,1.2260994263862337
26,heartRateBpm,88.17697269821171
27,speedMps,2.4039981071881757
27,paceSecPerKm,415.9737052246039
27,cadenceSpm,167.68280341842583
27,distanceM,66.32346982225033
27,motionIntensityG,0.65
27,activeEnergyKcal,1.2715105162523905
27,heartRateBpm,90.06527982836568
28,speedMps,2.3642255602296918
28,paceSecPerKm,422.9714866558024
28,cadenceSpm,166.74727696482984
28,distanceM,68.68769538248003
28,motionIntensityG,0.65
28,activeEnergyKcal,1.3169216061185474
28,heartRateBpm,90.37057673407573
29,speedMps,2.415198268775457
29,paceSecPerKm,414.0446823469344
29,cadenceSpm,165.23215025372883
29,distanceM,71.10289365125548
29,motionIntensityG,0.65
29,activeEnergyKcal,1.3623326959847042
29,heartRateBpm,90.74060525755776
30,speedMps,2.3809919966075084
30,paceSecPerKm,419.9930119147073
30,cadenceSpm,168.11074310081548
30,distanceM,73.48388564786299
30,motionIntensityG,0.65
30,activeEnergyKcal,1.407743785850861
30,heartRateBpm,91.34629361691226
31,speedMps,2.373987399138435
31,paceSecPerKm,421.2322274174324
31,cadenceSpm,165.51078697600462
31,distanceM,75.85787304700142
31,motionIntensityG,0.65
31,activeEnergyKcal,1.4531548757170178
31,heartRateBpm,90.64208303328402
32,speedMps,2.324022892542186
32,paceSecPerKm,430.288360415472
32,cadenceSpm,164.25691837571588
32,distanceM,78.18189593954361
32,motionIntensityG,0.65
32,activeEnergyKcal,1.4985659655831747
32,heartRateBpm,91.21251025516527
33,speedMps,2.307642475266443
33,paceSecPerKm,433.3426909575925
33,cadenceSpm,164.38618257955184
33,distanceM,80.48953841481006
33,motionIntensityG,0.65
33,activeEnergyKcal,1.5439770554493315
33,heartRateBpm,92.37285944310247
34,speedMps,2.330074321206842
34,paceSecPerKm,429.17085987285526
34,cadenceSpm,163.06724435108777
34,distanceM,82.8196127360169
34,motionIntensityG,0.65
34,activeEnergyKcal,1.5893881453154883
34,heartRateBpm,91.80749531065797
35,speedMps,2.310295802309307
35,paceSecPerKm,432.84500582151776
35,cadenceSpm,169.0019899402893
35,distanceM,85.1299085383262
35,motionIntensityG,0.65
35,activeEnergyKcal,1.6347992351816452
35,heartRateBpm,90.77287413195506
36,speedMps,2.332967063290539
36,paceSecPerKm,428.6387132227866
36,cadenceSpm,167.43155207214434
36,distanceM,87.46287560161674
36,motionIntensityG,0.65
36,activeEnergyKcal,1.680210325047802
36,heartRateBpm,93.87804538154086
37,speedMps,2.3315022743514233
37,paceSecPerKm,428.90800965578285
37,cadenceSpm,167.32981799983895
37,distanceM,89.79437787596817
37,motionIntensityG,0.65
37,activeEnergyKcal,1.7256214149139588
37,heartRateBpm,95.40315801711911
38,speedMps,2.323137825921608
38,paceSecPerKm,430.4522912252491
38,cadenceSpm,165.02582556890917
38,distanceM,92.11751570188977
38,motionIntensityG,0.65
38,activeEnergyKcal,1.7710325047801156
38,heartRateBpm,96.18069599070967
39,speedMps,2.3498698618872544
39,paceSecPerKm,425.5554812711494
39,cadenceSpm,165.3438512245681
39,distanceM,94.46738556377703
39,motionIntensityG,0.65
39,activeEnergyKcal,1.8164435946462725
39,heartRateBpm,98.90638955439019
40,speedMps,2.319029950481044
40,paceSecPerKm,431.2147843509165
40,cadenceSpm,167.18679028554251
40,distanceM,96.78641551425807
40,motionIntensityG,0.65
40,activeEnergyKcal,1.8618546845124293
40,heartRateBpm,100.86141665126574
41,speedMps,2.35922561153215
41,paceSecPerKm,423.8678976321263
41,cadenceSpm,167.0962192299473
41,distanceM,99.14564112579022
41,motionIntensityG,0.65
41,activeEnergyKcal,1.9072657743785861
41,heartRateBpm,101.85878748747915
42,speedMps,2.3465598271780412
42,paceSecPerKm,426.15576573753674
42,cadenceSpm,166.00280461213083
42,distanceM,101.49220095296826
42,motionIntensityG,0.65
42,activeEnergyKcal,1.952676864244743
42,heartRateBpm,102.27998056298117
43,speedMps,2.424654320891089
43,paceSecPerKm,412.4299251171145
43,cadenceSpm,166.0277052755435
43,distanceM,103.91685527385935
43,motionIntensityG,0.65
43,activeEnergyKcal,1.9980879541108998
43,heartRateBpm,102.35955516052864
44,speedMps,2.336992109735232
44,paceSecPerKm,427.90046052542914
44,cadenceSpm,165.68739856188964
44,distanceM,106.25384738359459
44,motionIntensityG,0.65
44,activeEnergyKcal,2.0434990439770564
44,heartRateBpm,101.69464889151496
45,speedMps,2.395453658999982
45,paceSecPerKm,417.4574599858738
45,cadenceSpm,166.99226295637604
45,distanceM,108.64930104259457
45,motionIntensityG,0.65
45,activeEnergyKcal,2.0889101338432132
45,heartRateBpm,101.77563864939674
46,speedMps,2.344616420785718
46,paceSecPerKm,426.5089978619548
46,cadenceSpm,164.35812697812926
46,distanceM,110.99391746338028
46,motionIntensityG,0.65
46,activeEnergyKcal,2.13432122370937
46,heartRateBpm,102.97477939594417
47,speedMps,2.422946264827518
47,paceSecPerKm,412.7206676088571
47,cadenceSpm,165.3474276737495
47,distanceM,113.4168637282078
47,motionIntensityG,0.65
47,activeEnergyKcal,2.179732313575527
47,heartRateBpm,103.47529906454726
48,speedMps,2.348415387728555
48,paceSecPerKm,425.81904599391356
48,cadenceSpm,164.15337153377365
48,distanceM,115.76527911593635
48,motionIntensityG,0.65
48,activeEnergyKcal,2.2251434034416837
48,heartRateBpm,105.34697706078485
49,speedMps,2.4343170881604386
49,paceSecPerKm,410.79282763268884
49,cadenceSpm,168.3429654209541
49,distanceM,118.19959620409679
49,motionIntensityG,0.65
49,activeEnergyKcal,2.2705544933078405
49,heartRateBpm,105.60295990685057
50,speedMps,2.4054890263845716
50,paceSecPerKm,415.7158852239667
50,cadenceSpm,165.5019691005695
50,distanceM,120.60508523048136
50,motionIntensityG,0.65
50,activeEnergyKcal,2.3159655831739974
50,heartRateBpm,106.88536634365981
51,speedMps,2.4091381807151353
51,paceSecPerKm,415.08619472510173
51,cadenceSpm,165.58902611255556
51,distanceM,123.0142234111965
51,motionIntensityG,0.65
51,activeEnergyKcal,2.361376673040154
51,heartRateBpm,107.21431654906601
52,speedMps,2.3482733663580446
52,paceSecPerKm,425.84479913039587
52,cadenceSpm,165.54564063069668
52,distanceM,125.36249677755454
52,motionIntensityG,0.65
52,activeEnergyKcal,2.406787762906311
52,heartRateBpm,105.8627557714325
53,speedMps,2.3858798573514317
53,paceSecPerKm,419.13258830647965
53,cadenceSpm,167.12890451801698
53,distanceM,127.74837663490597
53,motionIntensityG,0.65
53,activeEnergyKcal,2.452198852772468
53,heartRateBpm,104.97504379898776
54,speedMps,2.3664679478169064
54,paceSecPerKm,422.5706927163376
54,cadenceSpm,168.56726062693772
54,distanceM,130.11484458272287
54,motionIntensityG,0.65
54,activeEnergyKcal,2.4976099426386247
54,heartRateBpm,107.80277309000952
55,speedMps,2.4148738654098674
55,paceSecPerKm,414.1003032596379
55,cadenceSpm,166.354214744678
55,distanceM,132.52971844813274
55,motionIntensityG,0.65
55,activeEnergyKcal,2.5430210325047815
55,heartRateBpm,108.90072815246106
56,speedMps,2.4057168287673956
56,paceSecPerKm,415.676520213048
56,cadenceSpm,166.47326300381508
56,distanceM,134.93543527690014
56,motionIntensityG,0.65
56,activeEnergyKcal,2.5884321223709383
56,heartRateBpm,109.77190544002642
57,speedMps,2.42804000016023
57,paceSecPerKm,411.85482938255075
57,cadenceSpm,167.70840336682033
57,distanceM,137.36347527706036
57,motionIntensityG,0.65
57,activeEnergyKcal,2.633843212237095
57,heartRateBpm,111.2119917376668
58,speedMps,2.363442515403431
58,paceSecPerKm,423.1116236094719
58,cadenceSpm,164.38972064564436
58,distanceM,139.72691779246378
58,motionIntensityG,0.65
58,activeEnergyKcal,2.679254302103252
58,heartRateBpm,110.94744510824218
59,speedMps,2.3375493853508456
59,paceSecPerKm,427.7984483523153
59,cadenceSpm,167.09466224580515
59,distanceM,142.06446717781463
59,motionIntensityG,0.65
59,activeEnergyKcal,2.724665391969409
59,heartRateBpm,110.1520174207994
60,speedMps,2.2938206393386276
60,paceSecPerKm,435.95387662407984
60,cadenceSpm,166.0854024265574
60,distanceM,144.35828781715327
60,motionIntensityG,0.65
60,activeEnergyKcal,2.7700764818355657
60,heartRateBpm,110.2044572884717
61,speedMps,2.293138595144475
61,paceSecPerKm,436.0835416216946
61,cadenceSpm,166.65959467788338
61,distanceM,146.65142641229775
61,motionIntensityG,0.65
61,activeEnergyKcal,2.8154875717017225
61,heartRateBpm,111.86324588755592
62,speedMps,2.3625226832620996
62,paceSecPerKm,423.2763592429218
62,cadenceSpm,164.16360690482
62,distanceM,149.01394909555984
62,motionIntensityG,0.65
62,activeEnergyKcal,2.8608986615678793
62,heartRateBpm,112.75506151136871
63,speedMps,2.4734537509749015
63,paceSecPerKm,404.29298490252916
63,cadenceSpm,165.4778437252761
63,distanceM,151.48740284653474
63,motionIntensityG,0.65
63,activeEnergyKcal,2.906309751434036
63,heartRateBpm,111.87509354251854
64,speedMps,2.2864213851203465
64,paceSecPerKm,437.36469861060397
64,cadenceSpm,163.510211034233
64,distanceM,153.77382423165508
64,motionIntensityG,0.65
64,activeEnergyKcal,2.951720841300193
64,heartRateBpm,110.06548557635593
65,speedMps,2.3603643512617785
65,paceSecPerKm,423.6634058065784
65,cadenceSpm,167.6981260764055
65,distanceM,156.13418858291686
65,motionIntensityG,0.65
65,activeEnergyKcal,2.99713193116635
65,heartRateBpm,112.43737282078361
66,speedMps,2.3373811180095023
66,paceSecPerKm,427.8292454298566
66,cadenceSpm,166.91855276565764
66,distanceM,158.47156970092635
66,motionIntensityG,0.65
66,activeEnergyKcal,3.0425430210325066
66,heartRateBpm,113.72876440355064
67,speedMps,2.2936697736186287
67,paceSecPerKm,435.98255141250826
67,cadenceSpm,164.324259707416
67,distanceM,160.76523947454498
67,motionIntensityG,0.65
67,activeEnergyKcal,3.0879541108986635
67,heartRateBpm,112.80871196608291
68,speedMps,2.404014422540774
68,paceSecPerKm,415.97088213102813
68,cadenceSpm,164.23345540594417
68,distanceM,163.16925389708575
68,motionIntensityG,0.65
68,activeEnergyKcal,3.1333652007648203
68,heartRateBpm,112.20354872186483
69,speedMps,2.227393774031843
69,paceSecPerKm,448.955192233425
69,cadenceSpm,164.33768678667752
69,distanceM,165.3966476711176
69,motionIntensityG,0.65
69,activeEnergyKcal,3.178776290630977
69,heartRateBpm,121.26239453124188
70,speedMps,2.3345518769889475
70,paceSecPerKm,428.34773125272227
70,cadenceSpm,167.439870108265
70,distanceM,167.73119954810653
70,motionIntensityG,0.65
70,activeEnergyKcal,3.224187380497134
70,heartRateBpm,130.62931543348256
71,speedMps,2.5157803506161285
71,paceSecPerKm,397.4909811800917
71,cadenceSpm,162.48311432917689
71,distanceM,170.24697989872266
71,motionIntensityG,0.65
71,activeEnergyKcal,3.2695984703632908
71,heartRateBpm,139.066839222657
72,speedMps,2.3961743620164753
72,paceSecPerKm,417.33190032066807
72,cadenceSpm,167.35004673364793
72,distanceM,172.64315426073912
72,motionIntensityG,0.65
72,activeEnergyKcal,3.3150095602294476
72,heartRateBpm,138.20372054552922
73,speedMps,2.367648497007513
73,paceSecPerKm,422.35999189233826
73,cadenceSpm,168.43475414553174
73,distanceM,175.01080275774663
73,motionIntensityG,0.65
73,activeEnergyKcal,3.3604206500956044
73,heartRateBpm,138.1916532437329
74,speedMps,2.34794218161388
74,paceSecPerKm,425.90486589948335
74,cadenceSpm,165.49946714670432
74,distanceM,177.35874493936052
74,motionIntensityG,0.65
74,activeEnergyKcal,3.4058317399617613
74,heartRateBpm,138.0798742086589
75,speedMps,2.3609289019153956
75,paceSecPerKm,423.5620984557015
75,cadenceSpm,163.96285496181272
75,distanceM,179.71967384127592
75,motionIntensityG,0.65
75,activeEnergyKcal,3.451242829827918
75,heartRateBpm,137.15307560143268
76,speedMps,2.288730021529942
76,paceSecPerKm,436.9235299021998
76,cadenceSpm,164.61352100853657
76,distanceM,182.00840386280586
76,motionIntensityG,0.65
76,activeEnergyKcal,3.496653919694075
76,heartRateBpm,137.8344346068642
77,speedMps,2.4067390585303303
77,paceSecPerKm,415.4999672505617
77,cadenceSpm,166.92581090020641
77,distanceM,184.41514292133618
77,motionIntensityG,0.65
77,activeEnergyKcal,3.5420650095602317
77,heartRateBpm,137.35918625156944
78,speedMps,2.307587607484727
78,paceSecPerKm,433.35299459767907
78,cadenceSpm,165.40245081967348
78,distanceM,186.7227305288209
78,motionIntensityG,0.65
78,activeEnergyKcal,3.5874760994263886
78,heartRateBpm,135.46178775452026
79,speedMps,2.363625347581642
79,paceSecPerKm,423.07889489472444
79,cadenceSpm,167.36479707570604
79,distanceM,189.08635587640254
79,motionIntensityG,0.65
79,activeEnergyKcal,3.6328871892925454
79,heartRateBpm,133.47699743209432
80,speedMps,2.3916004927852637
80,paceSecPerKm,418.13003593898645
80,cadenceSpm,164.25853971234275
80,distanceM,191.4779563691878
80,motionIntensityG,0.65
80,activeEnergyKcal,3.678298279158702
80,heartRateBpm,133.62099532177118
81,speedMps,2.3476496846740753
81,paceSecPerKm,425.95792997916135
81,cadenceSpm,164.46952003129033
81,distanceM,193.8256060538619
81,motionIntensityG,0.65
81,activeEnergyKcal,3.723709369024859
81,heartRateBpm,135.68359227310918
82,speedMps,2.5916614772221056
82,paceSecPerKm,385.85286264773225
82,cadenceSpm,168.73998627970425
82,distanceM,196.417267531084
82,motionIntensityG,0.65
82,activeEnergyKcal,3.769120458891016
82,heartRateBpm,136.3898344020814
83,speedMps,2.356768757317717
83,paceSecPerKm,424.3097660281778
83,cadenceSpm,167.43186195300106
83,distanceM,198.77403628840173
83,motionIntensityG,0.65
83,activeEnergyKcal,3.8145315487571727
83,heartRateBpm,141.3100399955687
84,speedMps,2.356177500723663
84,paceSecPerKm,424.4162418548117
84,cadenceSpm,167.31809909350048
84,distanceM,201.1302137891254
84,motionIntensityG,0.65
84,activeEnergyKcal,3.8599426386233295
84,heartRateBpm,141.74814723473386
85,speedMps,2.3080599907733266
85,paceSecPerKm,433.26430162023007
85,cadenceSpm,164.68883549827902
85,distanceM,203.43827377989874
85,motionIntensityG,0.65
85,activeEnergyKcal,3.9053537284894864
85,heartRateBpm,140.4564174633621
86,speedMps,2.355757742735591
86,paceSecPerKm,424.49186597547333
86,cadenceSpm,168.11505928712114
86,distanceM,205.79403152263433
86,motionIntensityG,0.65
86,activeEnergyKcal,3.950764818355643
86,heartRateBpm,140.58805642189367
87,speedMps,2.317423780535593
87,paceSecPerKm,431.51365253052006
87,cadenceSpm,166.24050005413645
87,distanceM,208.11145530316992
87,motionIntensityG,0.65
87,activeEnergyKcal,3.9961759082218
87,heartRateBpm,139.92529251092483
88,speedMps,2.4207404430557093
88,paceSecPerKm,413.0967460260615
88,cadenceSpm,167.49446473843972
88,distanceM,210.53219574622563
88,motionIntensityG,0.65
88,activeEnergyKcal,4.041586998087957
88,heartRateBpm,139.07689994223585
89,speedMps,2.3740186080204024
89,paceSecPerKm,421.22668989265395
89,cadenceSpm,164.89536093032666
89,distanceM,212.90621435424603
89,motionIntensityG,0.65
89,activeEnergyKcal,4.086998087954114
89,heartRateBpm,140.6122533725513
90,speedMps,2.457354195871802
90,paceSecPerKm,406.94174314795
90,cadenceSpm,163.69951675085255
90,distanceM,215.36356855011783
90,motionIntensityG,0.65
90,activeEnergyKcal,4.1324091778202705
90,heartRateBpm,140.32046046062817
91,speedMps,2.3471592572388054
91,paceSecPerKm,426.0469318031698
91,cadenceSpm,163.72780693051408
91,distanceM,217.71072780735665
91,motionIntensityG,0.65
91,activeEnergyKcal,4.177820267686427
91,heartRateBpm,140.37437690975037
92,speedMps,2.411676954398003
92,paceSecPerKm,414.6492332550475
92,cadenceSpm,164.6745621452651
92,distanceM,220.12240476175464
92,motionIntensityG,0.65
92,activeEnergyKcal,4.223231357552584
92,heartRateBpm,138.47972509682887
93,speedMps,2.309914222844498
93,paceSecPerKm,432.91650837517676
93,cadenceSpm,164.39814919671142
93,distanceM,222.43231898459914
93,motionIntensityG,0.65
93,activeEnergyKcal,4.268642447418741
93,heartRateBpm,137.72611760383293
94,speedMps,2.4716056308477548
94,paceSecPerKm,404.5952912224927
94,cadenceSpm,165.08383501704495
94,distanceM,224.9039246154469
94,motionIntensityG,0.65
94,activeEnergyKcal,4.314053537284898
94,heartRateBpm,136.7128001759395
95,speedMps,2.3504464066909017
95,paceSecPerKm,425.4510960783231
95,cadenceSpm,162.35824370065953
95,distanceM,227.2543710221378
95,motionIntensityG,0.65
95,activeEnergyKcal,4.359464627151055
95,heartRateBpm,138.26871378130576
96,speedMps,2.3425027278583315
96,paceSecPerKm,426.89384652894944
96,cadenceSpm,165.2134101334545
96,distanceM,229.59687374999612
96,motionIntensityG,0.65
96,activeEnergyKcal,4.4048757170172115
96,heartRateBpm,138.67932742825124
97,speedMps,2.3936034485823474
97,paceSecPerKm,417.78014674580584
97,cadenceSpm,164.4756079869437
97,distanceM,231.99047719857847
97,motionIntensityG,0.65
97,activeEnergyKcal,4.450286806883368
97,heartRateBpm,137.12256800816684
98,speedMps,2.394552295250209
98,paceSecPerKm,417.61460043432004
98,cadenceSpm,164.96035738168726
98,distanceM,234.38502949382868
98,motionIntensityG,0.65
98,activeEnergyKcal,4.495697896749525
98,heartRateBpm,137.2634457230281
99,speedMps,2.4042971744243187
99,paceSecPerKm,415.92196282451584
99,cadenceSpm,165.38902800286584
99,distanceM,236.789326668253
99,motionIntensityG,0.65
99,activeEnergyKcal,4.541108986615682
99,heartRateBpm,137.87066254888543
100,speedMps,2.236034079529507
100,paceSecPerKm,447.2203751967922
100,cadenceSpm,164.60588262554583
100,distanceM,239.0253607477825
100,motionIntensityG,0.65
100,activeEnergyKcal,4.586520076481839
100,heartRateBpm,139.81625962580776
101,speedMps,2.4155676068538994
101,paceSecPerKm,413.9813752935804
101,cadenceSpm,166.63311964612615
101,distanceM,241.4409283546364
101,motionIntensityG,0.65
101,activeEnergyKcal,4.631931166347996
101,heartRateBpm,139.27796626766713
102,speedMps,2.3128580082407257
102,paceSecPerKm,432.36549603866496
102,cadenceSpm,165.1337189413457
102,distanceM,243.75378636287715
102,motionIntensityG,0.65
102,activeEnergyKcal,4.6773422562141524
102,heartRateBpm,140.82538210793922
103,speedMps,2.3838411232776218
103,paceSecPerKm,419.4910433565585
103,cadenceSpm,163.85295396919324
103,distanceM,246.13762748615477
103,motionIntensityG,0.65
103,activeEnergyKcal,4.722753346080309
103,heartRateBpm,139.66206059911266
104,speedMps,2.3086862779165
104,paceSecPerKm,433.14676817088434
104,cadenceSpm,166.02026645770172
104,distanceM,248.44631376407128
104,motionIntensityG,0.65
104,activeEnergyKcal,4.768164435946466
104,heartRateBpm,137.96629292933008
105,speedMps,2.4662575782859015
105,paceSecPerKm,405.4726516826438
105,cadenceSpm,166.21757202415216
105,distanceM,250.91257134235718
105,motionIntensityG,0.65
105,activeEnergyKcal,4.813575525812623
105,heartRateBpm,139.2252424217676
106,speedMps,2.3604267955896314
106,paceSecPerKm,423.6521979281299
106,cadenceSpm,164.8824741672795
106,distanceM,253.27299813794681
106,motionIntensityG,0.65
106,activeEnergyKcal,4.85898661567878
106,heartRateBpm,137.66161968474722
107,speedMps,2.434259149389479
107,paceSecPerKm,410.8026050762934
107,cadenceSpm,165.37222237358193
107,distanceM,255.7072572873363
107,motionIntensityG,0.65
107,activeEnergyKcal,4.904397705544937
107,heartRateBpm,137.1841644647236
108,speedMps,2.321445928574826
108,paceSecPerKm,430.76600996427965
108,cadenceSpm,163.44104111116926
108,distanceM,258.0287032159111
108,motionIntensityG,0.65
108,activeEnergyKcal,4.949808795411093
108,heartRateBpm,139.3010515784371
109,speedMps,2.462318078876031
109,paceSecPerKm,406.12137342404924
109,cadenceSpm,164.35596369802698
109,distanceM,260.4910212947871
109,motionIntensityG,0.65
109,activeEnergyKcal,4.99521988527725
109,heartRateBpm,139.25978515459178
110,speedMps,2.279839253180212
110,paceSecPerKm,438.627415772876
110,cadenceSpm,168.01827726757602
110,distanceM,262.77086054796735
110,motionIntensityG,0.65
110,activeEnergyKcal,5.040630975143407
110,heartRateBpm,136.35664745985392
111,speedMps,2.4054699001512687
111,paceSecPerKm,415.7191906400968
111,cadenceSpm,166.34428487033145
111,distanceM,265.1763304481186
111,motionIntensityG,0.65
111,activeEnergyKcal,5.086042065009564
111,heartRateBpm,136.16851228379534
112,speedMps,2.334381325360375
112,paceSecPerKm,428.37902665522006
112,cadenceSpm,166.76960954871714
112,distanceM,267.510711773479
112,motionIntensityG,0.65
112,activeEnergyKcal,5.131453154875721
112,heartRateBpm,136.10953429983232
113,speedMps,2.384698216540708
113,paceSecPerKm,419.3402725191033
113,cadenceSpm,167.70400127171015
113,distanceM,269.8954099900197
113,motionIntensityG,0.65
113,activeEnergyKcal,5.176864244741878
113,heartRateBpm,138.00880243393908
114,speedMps,2.4086236433430543
114,paceSecPerKm,415.17486667699063
114,cadenceSpm,165.45730754357962
114,distanceM,272.30403363336274
114,motionIntensityG,0.65
114,activeEnergyKcal,5.222275334608034
114,heartRateBpm,141.22349601055566
115,speedMps,2.2606697818788164
115,paceSecPerKm,442.3467805938962
115,cadenceSpm,167.86926505053248
115,distanceM,274.5647034152415
115,motionIntensityG,0.65
115,activeEnergyKcal,5.267686424474191
115,heartRateBpm,141.7346511397003
116,speedMps,2.3787193814169583
116,paceSecPerKm,420.3942708888675
116,cadenceSpm,167.44861427430428
116,distanceM,276.94342279665847
116,motionIntensityG,0.65
116,activeEnergyKcal,5.313097514340348
116,heartRateBpm,142.9876216723515
117,speedMps,2.3786188110810706
117,paceSecPerKm,420.41204557089367
117,cadenceSpm,166.65434514635027
117,distanceM,279.32204160773955
117,motionIntensityG,0.65
117,activeEnergyKcal,5.358508604206505
117,heartRateBpm,145.3846641911121
118,speedMps,2.3072521055539306
118,paceSecPerKm,433.4160092834405
118,cadenceSpm,165.1723116637009
118,distanceM,281.62929371329346
118,motionIntensityG,0.65
118,activeEnergyKcal,5.403919694072662
118,heartRateBpm,144.66880399419418
119,speedMps,2.3245401782566817
119,paceSecPerKm,430.1926072751139
119,cadenceSpm,166.70852211592708
119,distanceM,283.9538338915501
119,motionIntensityG,0.65
119,activeEnergyKcal,5.4493307839388185
119,heartRateBpm,145.4440155571439
120,speedMps,2.3677106526679483
120,paceSecPerKm,422.3489043617703
120,cadenceSpm,163.98568038287723
120,distanceM,286.32154454421806
120,motionIntensityG,0.65
120,activeEnergyKcal,5.494741873804975
120,heartRateBpm,143.22240352378472
121,speedMps,2.3136462603076446
121,paceSecPerKm,432.2181904622837
121,cadenceSpm,165.6865762727641
121,distanceM,288.6351908045257
121,motionIntensityG,0.65
121,activeEnergyKcal,5.540152963671132
121,heartRateBpm,141.77266035535635
122,speedMps,2.400691605463591
122,paceSecPerKm,416.54663086427246
122,cadenceSpm,165.16270912275337
122,distanceM,291.03588240998926
122,motionIntensityG,0.65
122,activeEnergyKcal,5.585564053537289
122,heartRateBpm,139.52785814211003
123,speedMps,2.3169718429299384
123,paceSecPerKm,431.59782154946043
123,cadenceSpm,168.6898855214686
123,distanceM,293.3528542529192
123,motionIntensityG,0.65
123,activeEnergyKcal,5.630975143403446
123,heartRateBpm,139.7677187652944
124,speedMps,2.3826652104602077
124,paceSecPerKm,419.6980740768241
124,cadenceSpm,167.1782636491516
124,distanceM,295.73551946337943
124,motionIntensityG,0.65
124,activeEnergyKcal,5.676386233269603
124,heartRateBpm,139.04993965252018
125,speedMps,2.346955669770433
125,paceSecPerKm,426.0838893892763
125,cadenceSpm,168.08048273311638
125,distanceM,298.08247513314984
125,motionIntensityG,0.65
125,activeEnergyKcal,5.7217973231357595
125,heartRateBpm,136.84703632859703
126,speedMps,2.3398093374628446
126,paceSecPerKm,427.3852505795805
126,cadenceSpm,164.35408359190023
126,distanceM,300.4222844706127
126,motionIntensityG,0.65
126,activeEnergyKcal,5.767208413001916
126,heartRateBpm,139.3037856373258
127,speedMps,2.3885078455788307
127,paceSecPerKm,418.6714319783447
127,cadenceSpm,168.40045698857523
127,distanceM,302.8107923161915
127,motionIntensityG,0.65
127,activeEnergyKcal,5.812619502868073
127,heartRateBpm,139.55103362229403
128,speedMps,2.299316689600255
128,paceSecPerKm,434.91181729031587
128,cadenceSpm,164.61650729843845
128,distanceM,305.11010900579174
128,motionIntensityG,0.65
128,activeEnergyKcal,5.85803059273423
128,heartRateBpm,139.9603118547914
129,speedMps,2.359120224636135
129,paceSecPerKm,423.8868327086796
129,cadenceSpm,164.65688272945238
129,distanceM,307.46922923042786
129,motionIntensityG,0.65
129,activeEnergyKcal,5.903441682600387
129,heartRateBpm,139.29409419207843
130,speedMps,2.283321870185465
130,paceSecPerKm,437.95840308697876
130,cadenceSpm,165.4778805150299
130,distanceM,309.75255110061335
130,motionIntensityG,0.65
130,activeEnergyKcal,5.948852772466544
130,heartRateBpm,137.64097996947868
131,speedMps,2.3751295078508368
131,paceSecPerKm,421.029672990279
131,cadenceSpm,167.60979920665355
131,distanceM,312.1276806084642
131,motionIntensityG,0.65
131,activeEnergyKcal,5.9942638623327005
131,heartRateBpm,136.75589135752256
132,speedMps,2.3085980839795073
132,paceSecPerKm,433.163315407515
132,cadenceSpm,165.98928648892252
132,distanceM,314.4362786924437
132,motionIntensityG,0.65
132,activeEnergyKcal,6.039674952198857
132,heartRateBpm,137.05347040753944
133,speedMps,2.3438863488474904
133,paceSecPerKm,426.6418465603969
133,cadenceSpm,166.21122417413443
133,distanceM,316.7801650412912
133,motionIntensityG,0.65
133,activeEnergyKcal,6.085086042065014
133,heartRateBpm,134.5863658913601
134,speedMps,2.3463317113127133
134,paceSecPerKm,426.1971975993647
134,cadenceSpm,166.30827792116654
134,distanceM,319.1264967526039
134,motionIntensityG,0.65
134,activeEnergyKcal,6.130497131931171
134,heartRateBpm,132.72596572831122
135,speedMps,2.452061750895956
135,paceSecPerKm,407.8200720820392
135,cadenceSpm,166.01827193017724
135,distanceM,321.57855850349983
135,motionIntensityG,0.65
135,activeEnergyKcal,6.175908221797328
135,heartRateBpm,133.44793397921254
136,speedMps,2.3228765040788777
136,paceSecPerKm,430.50071678112903
136,cadenceSpm,167.8821172160731
136,distanceM,323.9014350075787
136,motionIntensityG,0.65
136,activeEnergyKcal,6.221319311663485
136,heartRateBpm,132.69983114151654
137,speedMps,2.419391769859498
137,paceSecPerKm,413.3270239478715
137,cadenceSpm,167.9413748719762
137,distanceM,326.3208267774382
137,motionIntensityG,0.65
137,activeEnergyKcal,6.2667304015296414
137,heartRateBpm,131.97543307759767
138,speedMps,2.385564777299575
138,paceSecPerKm,419.1879463998398
138,cadenceSpm,167.8541417952626
138,distanceM,328.70639155473776
138,motionIntensityG,0.65
138,activeEnergyKcal,6.312141491395798
138,heartRateBpm,132.47685922736525
139,speedMps,2.334415893750904
139,paceSecPerKm,428.37268315253596
139,cadenceSpm,163.92602639317133
139,distanceM,331.0408074484887
139,motionIntensityG,0.65
139,activeEnergyKcal,6.357552581261955
139,heartRateBpm,131.76638389114117
140,speedMps,2.345850266146926
140,paceSecPerKm,426.28466719766664
140,cadenceSpm,166.55770597255767
140,distanceM,333.38665771463565
140,motionIntensityG,0.65
140,activeEnergyKcal,6.402963671128112
140,heartRateBpm,130.9169920668983
141,speedMps,2.454264512353164
141,paceSecPerKm,407.454043753904
141,cadenceSpm,166.02572051597903
141,distanceM,335.8409222269888
141,motionIntensityG,0.65
141,activeEnergyKcal,6.448374760994269
141,heartRateBpm,132.69683741850204
142,speedMps,2.3887747708430895
142,paceSecPerKm,418.6246490065959
142,cadenceSpm,164.93274895578654
142,distanceM,338.2296969978319
142,motionIntensityG,0.65
142,activeEnergyKcal,6.493785850860426
142,heartRateBpm,133.02490953219277
143,speedMps,2.299801850520334
143,paceSecPerKm,434.82006929151237
143,cadenceSpm,163.84205665658445
143,distanceM,340.52949884835226
143,motionIntensityG,0.65
143,activeEnergyKcal,6.539196940726582
143,heartRateBpm,133.26795292645858
144,speedMps,2.319427824098607
144,paceSecPerKm,431.1408139585578
144,cadenceSpm,165.2829919144884
144,distanceM,342.8489266724509
144,motionIntensityG,0.65
144,activeEnergyKcal,6.584608030592739
144,heartRateBpm,131.63850935479317
145,speedMps,2.385972027995005
145,paceSecPerKm,419.11639711900824
145,cadenceSpm,166.06335357290857
145,distanceM,345.2348987004459
145,motionIntensityG,0.65
145,activeEnergyKcal,6.630019120458896
145,heartRateBpm,130.3346326071191
146,speedMps,2.3965608061697536
146,paceSecPerKm,417.26460577406596
146,cadenceSpm,166.16462484428945
146,distanceM,347.63145950661567
146,motionIntensityG,0.65
146,activeEnergyKcal,6.675430210325053
146,heartRateBpm,132.09993513004298
147,speedMps,2.39575726598115
147,paceSecPerKm,417.4045568804582
147,cadenceSpm,168.82052227190553
147,distanceM,350.02721677259683
147,motionIntensityG,0.65
147,activeEnergyKcal,6.72084130019121
147,heartRateBpm,130.85887359309544
148,speedMps,2.3427347386824318
148,paceSecPerKm,426.851569445035
148,cadenceSpm,166.88537721055494
148,distanceM,352.3699515112793
148,motionIntensityG,0.65
148,activeEnergyKcal,6.766252390057367
148,heartRateBpm,130.90495821258102
149,speedMps,2.3539862329605454
149,paceSecPerKm,424.81132047332613
149,cadenceSpm,167.15142826480258
149,distanceM,354.72393774423983
149,motionIntensityG,0.65
149,activeEnergyKcal,6.811663479923523
149,heartRateBpm,131.7859622902417
150,speedMps,2.3913048854904404
150,paceSecPerKm,418.18172415723006
150,cadenceSpm,166.72079488514464
150,distanceM,357.1152426297303
150,motionIntensityG,0.65
150,activeEnergyKcal,6.85707456978968
150,heartRateBpm,132.5378875462978
151,speedMps,2.4537886023115836
151,paceSecPerKm,407.53306909077384
151,cadenceSpm,165.9363810378366
151,distanceM,359.5690312320419
151,motionIntensityG,0.65
151,activeEnergyKcal,6.902485659655837
151,heartRateBpm,129.53343283574674
152,speedMps,2.319026140121465
152,paceSecPerKm,431.2154928739278
152,cadenceSpm,164.85868445839043
152,distanceM,361.88805737216336
152,motionIntensityG,0.65
152,activeEnergyKcal,6.947896749521994
152,heartRateBpm,129.43719028286864
153,speedMps,2.3991840987066113
153,paceSecPerKm,416.8083643681597
153,cadenceSpm,166.62829658676208
153,distanceM,364.28724147086996
153,motionIntensityG,0.65
153,activeEnergyKcal,6.993307839388151
153,heartRateBpm,129.3325327723114
154,speedMps,2.422803551376091
154,paceSecPerKm,412.7449786145581
154,cadenceSpm,166.65352394900495
154,distanceM,366.71004502224605
154,motionIntensityG,0.65
154,activeEnergyKcal,7.0387189292543075
154,heartRateBpm,130.22923380041473
155,speedMps,2.3796858833522516
155,paceSecPerKm,420.2235290782601
155,cadenceSpm,168.31576932628664
155,distanceM,369.0897309055983
155,motionIntensityG,0.65
155,activeEnergyKcal,7.084130019120464
155,heartRateBpm,130.34252763004116
156,speedMps,2.35299063174263
156,paceSecPerKm,424.9910673292387
156,cadenceSpm,167.79129090433912
156,distanceM,371.4427215373409
156,motionIntensityG,0.65
156,activeEnergyKcal,7.129541108986621
156,heartRateBpm,131.09157438322515
157,speedMps,2.2640638003593776
157,paceSecPerKm,441.68366626473545
157,cadenceSpm,165.7937031590371
157,distanceM,373.7067853377003
157,motionIntensityG,0.65
157,activeEnergyKcal,7.174952198852778
157,heartRateBpm,131.09894597449886
158,speedMps,2.362563469185581
158,paceSecPerKm,423.26905204570795
158,cadenceSpm,163.90479340875464
158,distanceM,376.0693488068859
158,motionIntensityG,0.65
158,activeEnergyKcal,7.220363288718935
158,heartRateBpm,131.38210371379319
159,speedMps,2.3888174559473407
159,paceSecPerKm,418.61716872100925
159,cadenceSpm,167.8500941195215
159,distanceM,378.45816626283323
159,motionIntensityG,0.65
159,activeEnergyKcal,7.265774378585092
159,heartRateBpm,133.24446753279756
160,speedMps,2.2550475755593644
160,paceSecPerKm,443.44962422885914
160,cadenceSpm,165.40559611666205
160,distanceM,380.7132138383926
160,motionIntensityG,0.65
160,activeEnergyKcal,7.3111854684512485
160,heartRateBpm,132.98907496653476
161,speedMps,2.3172209969354505
161,paceSecPerKm,431.55141495891445
161,cadenceSpm,163.9220360005079
161,distanceM,383.0304348353281
161,motionIntensityG,0.65
161,activeEnergyKcal,7.356596558317405
161,heartRateBpm,133.49574453951038
162,speedMps,2.413862862555284
162,paceSecPerKm,414.2737416911137
162,cadenceSpm,168.3373156329847
162,distanceM,385.44429769788337
162,motionIntensityG,0.65
162,activeEnergyKcal,7.402007648183562
162,heartRateBpm,133.5141669374678
163,speedMps,2.2736205456252305
163,paceSecPerKm,439.82713031167066
163,cadenceSpm,165.7947595400532
163,distanceM,387.7179182435086
163,motionIntensityG,0.65
163,activeEnergyKcal,7.447418738049719
163,heartRateBpm,132.90089421520406
164,speedMps,2.3479278419798364
164,paceSecPerKm,425.9074670526386
164,cadenceSpm,168.78467009910514
164,distanceM,390.06584608548843
164,motionIntensityG,0.65
164,activeEnergyKcal,7.492829827915876
164,heartRateBpm,131.71548814972164
165,speedMps,2.2508743822897186
165,paceSecPerKm,444.27179404953847
165,cadenceSpm,165.84873570086236
165,distanceM,392.31672046777817
165,motionIntensityG,0.65
165,activeEnergyKcal,7.538240917782033
165,heartRateBpm,130.7659523749349
166,speedMps,2.318593081266724
166,paceSecPerKm,431.296033823092
166,cadenceSpm,164.38352320246267
166,distanceM,394.6353135490449
166,motionIntensityG,0.65
166,activeEnergyKcal,7.5836520076481895
166,heartRateBpm,131.0320600159835
167,speedMps,2.4782795704716536
167,paceSecPerKm,403.5057270837628
167,cadenceSpm,166.36579680313127
167,distanceM,397.11359311951657
167,motionIntensityG,0.65
167,activeEnergyKcal,7.629063097514346
167,heartRateBpm,128.1350735955372
168,speedMps,2.3119901419130624
168,paceSecPerKm,432.5277958030337
168,cadenceSpm,166.27699488088103
168,distanceM,399.4255832614296
168,motionIntensityG,0.65
168,activeEnergyKcal,7.674474187380503
168,heartRateBpm,129.41139828761393
169,speedMps,2.3246356041803224
169,paceSecPerKm,430.17494793667015
169,cadenceSpm,165.18395574192638
169,distanceM,401.75021886560995
169,motionIntensityG,0.65
169,activeEnergyKcal,7.71988527724666
169,heartRateBpm,129.46354125695507
170,speedMps,2.371274722494721
170,paceSecPerKm,421.71410613610425
170,cadenceSpm,163.95316430933266
170,distanceM,404.12149358810467
170,motionIntensityG,0.65
170,activeEnergyKcal,7.765296367112817
170,heartRateBpm,128.3635304832227
171,speedMps,2.2951158219664296
171,paceSecPerKm,435.70785858781244
171,cadenceSpm,166.10153268399864
171,distanceM,406.4166094100711
171,motionIntensityG,0.65
171,activeEnergyKcal,7.810707456978974
171,heartRateBpm,125.87629172304385
172,speedMps,2.341829270008244
172,paceSecPerKm,427.0166116748894
172,cadenceSpm,167.59498951682684
172,distanceM,408.75843868007934
172,motionIntensityG,0.65
172,activeEnergyKcal,7.8561185468451304
172,heartRateBpm,126.64116881341288
173,speedMps,2.367169030705769
173,paceSecPerKm,422.4455402332849
173,cadenceSpm,164.65776072880738
173,distanceM,411.1256077107851
173,motionIntensityG,0.65
173,activeEnergyKcal,7.901529636711287
173,heartRateBpm,127.48255154060085
174,speedMps,2.3346974270434058
174,paceSecPerKm,428.32102713471164
174,cadenceSpm,166.15153769133792
174,distanceM,413.4603051378285
174,motionIntensityG,0.65
174,activeEnergyKcal,7.946940726577444
174,heartRateBpm,126.6256307451886
175,speedMps,2.3746059763542724
175,paceSecPerKm,421.12249777763043
175,cadenceSpm,166.544280307608
175,distanceM,415.8349111141828
175,motionIntensityG,0.65
175,activeEnergyKcal,7.992351816443601
175,heartRateBpm,127.5012140500961
176,speedMps,2.3129385464264183
176,paceSecPerKm,432.35044076075417
176,cadenceSpm,165.59006127152654
176,distanceM,418.1478496606092
176,motionIntensityG,0.65
176,activeEnergyKcal,8.037762906309757
176,heartRateBpm,129.01595558375695
177,speedMps,2.4392333284240353
177,paceSecPerKm,409.96488050041944
177,cadenceSpm,165.92074498589665
177,distanceM,420.58708298903326
177,motionIntensityG,0.65
177,activeEnergyKcal,8.083173996175914
177,heartRateBpm,129.7599966595598
178,speedMps,2.4399618415730187
178,paceSecPerKm,409.84247497711283
178,cadenceSpm,162.7629002861609
178,distanceM,423.02704483060626
178,motionIntensityG,0.65
178,activeEnergyKcal,8.12858508604207
178,heartRateBpm,126.14688131187506
179,speedMps,2.416685237775277
179,paceSecPerKm,413.7899236396081
179,cadenceSpm,165.71218598933626
179,distanceM,425.4437300683815
179,motionIntensityG,0.65
179,activeEnergyKcal,8.173996175908227
179,heartRateBpm,127.0740149951643
180,speedMps,2.3565178819740367
180,paceSecPerKm,424.35493812688907
180,cadenceSpm,165.65358238549183
180,distanceM,427.8002479503555
180,motionIntensityG,0.65
180,activeEnergyKcal,8.219407265774384
180,heartRateBpm,126.42070369979756
181,speedMps,2.37784244986233
181,paceSecPerKm,420.54930933624183
181,cadenceSpm,164.69280210183453
181,distanceM,430.17809040021785
181,motionIntensityG,0.65
181,activeEnergyKcal,8.264818355640541
181,heartRateBpm,128.14148217841083
182,speedMps,2.4117211983932267
182,paceSecPerKm,414.6416263481181
182,cadenceSpm,169.59353820891775
182,distanceM,432.5898115986111
182,motionIntensityG,0.65
182,activeEnergyKcal,8.310229445506698
182,heartRateBpm,127.74706839063093
183,speedMps,2.3298035011092555
183,paceSecPerKm,429.22074738229406
183,cadenceSpm,164.29231238696764
183,distanceM,434.9196150997204
183,motionIntensityG,0.65
183,activeEnergyKcal,8.355640535372855
183,heartRateBpm,128.4636086090739
184,speedMps,2.290682140868041
184,paceSecPerKm,436.55118366665033
184,cadenceSpm,167.8035273415232
184,distanceM,437.21029724058843
184,motionIntensityG,0.65
184,activeEnergyKcal,8.401051625239011
184,heartRateBpm,128.1972803941156
185,speedMps,2.4601274390962127
185,paceSecPerKm,406.48300738736293
185,cadenceSpm,167.42353907996252
185,distanceM,439.67042467968463
185,motionIntensityG,0.65
185,activeEnergyKcal,8.446462715105168
185,heartRateBpm,127.95205912149966
186,speedMps,2.274789385761686
186,paceSecPerKm,439.60113681696384
186,cadenceSpm,166.83661826592856
186,distanceM,441.9452140654463
186,motionIntensityG,0.65
186,activeEnergyKcal,8.491873804971325
186,heartRateBpm,127.67142536523518
187,speedMps,2.433585057543082
187,paceSecPerKm,410.91639550482273
187,cadenceSpm,169.1392169861822
187,distanceM,444.3787991229894
187,motionIntensityG,0.65
187,activeEnergyKcal,8.537284894837482
187,heartRateBpm,125.45717319845932
188,speedMps,2.2945955477758826
188,paceSecPerKm,435.806650531195
188,cadenceSpm,166.92958265185487
188,distanceM,446.6733946707653
188,motionIntensityG,0.65
188,activeEnergyKcal,8.582695984703639
188,heartRateBpm,126.66353737016884
189,speedMps,2.3447369667664284
189,paceSecPerKm,426.48707047898705
189,cadenceSpm,165.66404119410743
189,distanceM,449.0181316375317
189,motionIntensityG,0.65
189,activeEnergyKcal,8.628107074569796
189,heartRateBpm,127.06213041651414
190,speedMps,2.40902303993409
190,paceSecPerKm,415.1060340325178
190,cadenceSpm,167.93789045437063
190,distanceM,451.4271546774658
190,motionIntensityG,0.65
190,activeEnergyKcal,8.673518164435952
190,heartRateBpm,127.22961124778014
191,speedMps,2.296854535763933
191,paceSecPerKm,435.3780287036769
191,cadenceSpm,163.86846197532353
191,distanceM,453.72400921322975
191,motionIntensityG,0.65
191,activeEnergyKcal,8.71892925430211
191,heartRateBpm,129.0077403557207
192,speedMps,2.4469976845138515
192,paceSecPerKm,408.6640565001889
192,cadenceSpm,167.01240442206884
192,distanceM,456.1710068977436
192,motionIntensityG,0.65
192,activeEnergyKcal,8.764340344168266
192,heartRateBpm,128.93264782267525
193,speedMps,2.357995361846079
193,paceSecPerKm,424.08904452513343
193,cadenceSpm,164.94223278099275
193,distanceM,458.5290022595897
193,motionIntensityG,0.65
193,activeEnergyKcal,8.809751434034423
193,heartRateBpm,130.19607426484157
194,speedMps,2.325175734659162
194,paceSecPerKm,430.0750197475228
194,cadenceSpm,167.70247749383088
194,distanceM,460.85417799424886
194,motionIntensityG,0.65
194,activeEnergyKcal,8.85516252390058
194,heartRateBpm,130.774104639084
195,speedMps,2.4019415992338375
195,paceSecPerKm,416.32985594611307
195,cadenceSpm,166.71792122976626
195,distanceM,463.2561195934827
195,motionIntensityG,0.65
195,activeEnergyKcal,8.900573613766737
195,heartRateBpm,129.87274349630115
196,speedMps,2.342180693060069
196,paceSecPerKm,426.9525416903236
196,cadenceSpm,167.31152553778523
196,distanceM,465.5983002865428
196,motionIntensityG,0.65
196,activeEnergyKcal,8.945984703632893
196,heartRateBpm,130.9833216138196
197,speedMps,2.366711371314519
197,paceSecPerKm,422.5272300291437
197,cadenceSpm,165.45543760511882
197,distanceM,467.9650116578573
197,motionIntensityG,0.65
197,activeEnergyKcal,8.99139579349905
197,heartRateBpm,128.61110748791012
198,speedMps,2.3346385679650963
198,paceSecPerKm,428.3318256288441
198,cadenceSpm,169.1652450794751
198,distanceM,470.2996502258224
198,motionIntensityG,0.65
198,activeEnergyKcal,9.036806883365207
198,heartRateBpm,127.10184711756311
199,speedMps,2.4609767281556683
199,paceSecPerKm,406.3427291120428
199,cadenceSpm,164.09917111130468
199,distanceM,472.7606269539781
199,motionIntensityG,0.65
199,activeEnergyKcal,9.082217973231364
199,heartRateBpm,124.67539499090712
200,speedMps,2.3178364152764073
200,paceSecPerKm,431.43683195638624
200,cadenceSpm,167.82232204621218
200,distanceM,475.0784633692545
200,motionIntensityG,0.65
200,activeEnergyKcal,9.12762906309752
200,heartRateBpm,125.65687838027226
201,speedMps,2.3643695071448754
201,paceSecPerKm,422.94573541830306
201,cadenceSpm,165.82042933303913
201,distanceM,477.4428328763994
201,motionIntensityG,0.65
201,activeEnergyKcal,9.173040152963678
201,heartRateBpm,126.99334478512091
202,speedMps,2.4627698236967315
202,paceSecPerKm,406.0468787533517
202,cadenceSpm,166.53065564104824
202,distanceM,479.9056027000961
202,motionIntensityG,0.65
202,activeEnergyKcal,9.218451242829834
202,heartRateBpm,125.26550615243303
203,speedMps,2.4606952461874454
203,paceSecPerKm,406.3892111586679
203,cadenceSpm,166.93277607661125
203,distanceM,482.36629794628357
203,motionIntensityG,0.65
203,activeEnergyKcal,9.263862332695991
203,heartRateBpm,126.46622758269064
204,speedMps,2.3835445249680443
204,paceSecPerKm,419.54324306713204
204,cadenceSpm,168.435552373822
204,distanceM,484.7498424712516
204,motionIntensityG,0.65
204,activeEnergyKcal,9.309273422562148
204,heartRateBpm,126.76162491430892
205,speedMps,2.3961849668729913
205,paceSecPerKm,417.33005332430355
205,cadenceSpm,168.48660773517503
205,distanceM,487.1460274381246
205,motionIntensityG,0.65
205,activeEnergyKcal,9.354684512428305
205,heartRateBpm,124.96037332375901
206,speedMps,2.442686463554767
206,paceSecPerKm,409.38532837519006
206,cadenceSpm,165.4438582422827
206,distanceM,489.58871390167934
206,motionIntensityG,0.65
206,activeEnergyKcal,9.400095602294462
206,heartRateBpm,124.08039928611544
207,speedMps,2.3913774803618426
207,paceSecPerKm,418.1690294451918
207,cadenceSpm,167.23674309952935
207,distanceM,491.98009138204117
207,motionIntensityG,0.65
207,activeEnergyKcal,9.445506692160619
207,heartRateBpm,125.93912924601851
208,speedMps,2.3261903858739323
208,paceSecPerKm,429.8874271309085
208,cadenceSpm,166.55219131261427
208,distanceM,494.3062817679151
208,motionIntensityG,0.65
208,activeEnergyKcal,9.490917782026775
208,heartRateBpm,128.1532696593337
209,speedMps,2.331395086817141
209,paceSecPerKm,428.92772900418885
209,cadenceSpm,164.76592044946278
209,distanceM,496.63767685473226
209,motionIntensityG,0.65
209,activeEnergyKcal,9.536328871892932
209,heartRateBpm,129.41655905315938
210,speedMps,2.346748133590862
210,paceSecPerKm,426.1215703919006
210,cadenceSpm,167.22506131103563
210,distanceM,498.9844249883231
210,motionIntensityG,0.65
210,activeEnergyKcal,9.581739961759089
210,heartRateBpm,130.49073420791487
211,speedMps,2.4523934893679047
211,paceSecPerKm,407.76490572797366
211,cadenceSpm,166.2082208896675
211,distanceM,501.436818477691
211,motionIntensityG,0.65
211,activeEnergyKcal,9.627151051625246
211,heartRateBpm,128.57396625584542
212,speedMps,2.4688600454603993
212,paceSecPerKm,405.045236095397
212,cadenceSpm,166.90256192046573
212,distanceM,503.90567852315144
212,motionIntensityG,0.65
212,activeEnergyKcal,9.672562141491403
212,heartRateBpm,127.296551202805
213,speedMps,2.520874523364767
213,paceSecPerKm,396.68773305909656
213,cadenceSpm,166.2415942687615
213,distanceM,506.4265530465162
213,motionIntensityG,0.65
213,activeEnergyKcal,9.71797323135756
213,heartRateBpm,127.34562811484598
214,speedMps,2.3028981030436144
214,paceSecPerKm,434.2354525709821
214,cadenceSpm,164.9285084817309
214,distanceM,508.7294511495598
214,motionIntensityG,0.65
214,activeEnergyKcal,9.763384321223716
214,heartRateBpm,129.82502702347483
215,speedMps,2.4732984804475593
215,paceSecPerKm,404.31836590100664
215,cadenceSpm,165.32983376253267
215,distanceM,511.20274963000736
215,motionIntensityG,0.65
215,activeEnergyKcal,9.808795411089873
215,heartRateBpm,131.6368804917479
216,speedMps,2.371838786510018
216,paceSecPerKm,421.6138152759635
216,cadenceSpm,166.8879420433646
216,distanceM,513.5745884165174
216,motionIntensityG,0.65
216,activeEnergyKcal,9.85420650095603
216,heartRateBpm,132.31679326401465
217,speedMps,2.33264383610041
217,paceSecPerKm,428.69810835405843
217,cadenceSpm,165.57045529835332
217,distanceM,515.9072322526177
217,motionIntensityG,0.65
217,activeEnergyKcal,9.899617590822187
217,heartRateBpm,132.25094757699998
218,speedMps,2.3463190941483187
218,paceSecPerKm,426.19948944454467
218,cadenceSpm,164.52713696547457
218,distanceM,518.253551346766
218,motionIntensityG,0.65
218,activeEnergyKcal,9.945028680688344
218,heartRateBpm,133.43750790102501
219,speedMps,2.3064829562966263
219,paceSecPerKm,433.560541720038
219,cadenceSpm,168.2313993830615
219,distanceM,520.5600343030626
219,motionIntensityG,0.65
219,activeEnergyKcal,9.9904397705545
219,heartRateBpm,133.9414490504678
220,speedMps,2.3925859845915185
220,paceSecPerKm,417.95781068688655
220,cadenceSpm,163.9979100064974
220,distanceM,522.9526202876541
220,motionIntensityG,0.65
220,activeEnergyKcal,10.035850860420657
220,heartRateBpm,131.20596275059526
221,speedMps,2.393671121048496
221,paceSecPerKm,417.7683355105072
221,cadenceSpm,165.9872996025762
221,distanceM,525.3462914087025
221,motionIntensityG,0.65
221,activeEnergyKcal,10.081261950286814
221,heartRateBpm,133.53016596161902
222,speedMps,2.356616493603938
222,paceSecPerKm,424.3371811722811
222,cadenceSpm,165.032330598885
222,distanceM,527.7029079023065
222,motionIntensityG,0.65
222,activeEnergyKcal,10.126673040152971
222,heartRateBpm,131.47783886522836
223,speedMps,2.4148979979131058
223,paceSecPerKm,414.0961650819931
223,cadenceSpm,168.6819379407939
223,distanceM,530.1178059002197
223,motionIntensityG,0.65
223,activeEnergyKcal,10.172084130019128
223,heartRateBpm,130.1867790330814
224,speedMps,2.226756800594842
224,paceSecPerKm,449.0836178126261
224,cadenceSpm,164.65840425617955
224,distanceM,532.3445627008145
224,motionIntensityG,0.65
224,activeEnergyKcal,10.217495219885285
224,heartRateBpm,130.23751216298012
225,speedMps,2.410861088549119
225,paceSecPerKm,414.7895557938638
225,cadenceSpm,166.51093616999958
225,distanceM,534.7554237893637
225,motionIntensityG,0.65
225,activeEnergyKcal,10.262906309751441
225,heartRateBpm,130.87456248684595
226,speedMps,2.4378885393580427
226,paceSecPerKm,410.19102549426856
226,cadenceSpm,166.89988137503042
226,distanceM,537.1933123287217
226,motionIntensityG,0.65
226,activeEnergyKcal,10.308317399617598
226,heartRateBpm,130.53237719154114
227,speedMps,2.388295852396842
227,paceSecPerKm,418.7085946644431
227,cadenceSpm,165.28727528540574
227,distanceM,539.5816081811186
227,motionIntensityG,0.65
227,activeEnergyKcal,10.353728489483755
227,heartRateBpm,129.5449693849416
228,speedMps,2.3338800785830305
228,paceSecPerKm,428.47102949999487
228,cadenceSpm,167.35265943655588
228,distanceM,541.9154882597015
228,motionIntensityG,0.65
228,activeEnergyKcal,10.399139579349912
228,heartRateBpm,129.48205996682924
229,speedMps,2.3338015557385083
229,paceSecPerKm,428.48544579170954
229,cadenceSpm,167.31096065150226
229,distanceM,544.2492898154401
229,motionIntensityG,0.65
229,activeEnergyKcal,10.444550669216069
229,heartRateBpm,130.29364105711932
230,speedMps,2.405262582104928
230,paceSecPerKm,415.7550229401007
230,cadenceSpm,166.4957478392271
230,distanceM,546.654552397545
230,motionIntensityG,0.65
230,activeEnergyKcal,10.489961759082226
230,heartRateBpm,128.2968908841123
231,speedMps,2.4447482306131714
231,paceSecPerKm,409.0400751611091
231,cadenceSpm,165.2185924431365
231,distanceM,549.0993006281582
231,motionIntensityG,0.65
231,activeEnergyKcal,10.535372848948382
231,heartRateBpm,128.173814855868
232,speedMps,2.386879584206945
232,paceSecPerKm,418.9570377226449
232,cadenceSpm,166.98038601367645
232,distanceM,551.4861802123651
232,motionIntensityG,0.65
232,activeEnergyKcal,10.58078393881454
232,heartRateBpm,128.70798827889834
233,speedMps,2.4431027480280085
233,paceSecPerKm,409.3155725059729
233,cadenceSpm,164.47063047424976
233,distanceM,553.929282960393
233,motionIntensityG,0.65
233,activeEnergyKcal,10.626195028680696
233,heartRateBpm,127.5636652104287
234,speedMps,2.3771676519815346
234,paceSecPerKm,420.668689129448
234,cadenceSpm,167.49251283991663
234,distanceM,556.3064506123745
234,motionIntensityG,0.65
234,activeEnergyKcal,10.671606118546853
234,heartRateBpm,126.53815099284381
235,speedMps,2.386967645924107
235,paceSecPerKm,418.94158126003975
235,cadenceSpm,167.91491209873354
235,distanceM,558.6934182582986
235,motionIntensityG,0.65
235,activeEnergyKcal,10.71701720841301
235,heartRateBpm,127.1564106699694
236,speedMps,2.266636671756474
236,paceSecPerKm,441.1823087751751
236,cadenceSpm,167.77494939876448
236,distanceM,560.9600549300551
236,motionIntensityG,0.65
236,activeEnergyKcal,10.762428298279167
236,heartRateBpm,125.61181023881359
237,speedMps,2.386189631096469
237,paceSecPerKm,419.0781767585226
237,cadenceSpm,165.43938858857717
237,distanceM,563.3462445611516
237,motionIntensityG,0.65
237,activeEnergyKcal,10.807839388145323
237,heartRateBpm,125.39976772956749
238,speedMps,2.3808986626766306
238,paceSecPerKm,420.00947611763945
238,cadenceSpm,165.10954725351908
238,distanceM,565.7271432238282
238,motionIntensityG,0.65
238,activeEnergyKcal,10.85325047801148
238,heartRateBpm,124.572928028313
239,speedMps,2.3601839423134052
239,paceSecPerKm,423.69579000686696
239,cadenceSpm,162.6396699267203
239,distanceM,568.0873271661416
239,motionIntensityG,0.65
239,activeEnergyKcal,10.898661567877637
239,heartRateBpm,124.80963080046541
240,speedMps,2.3397591575327366
240,paceSecPerKm,427.3944165494771
240,cadenceSpm,164.75395875679305
240,distanceM,570.4270863236743
240,motionIntensityG,0.65
240,activeEnergyKcal,10.944072657743794
240,heartRateBpm,124.24110229104417
241,speedMps,2.2654783221122177
241,paceSecPerKm,441.40788734965713
241,cadenceSpm,167.14181249540448
241,distanceM,572.6925646457865
241,motionIntensityG,0.65
241,activeEnergyKcal,10.98948374760995
241,heartRateBpm,124.02862087627697
242,speedMps,2.413495014868681
242,paceSecPerKm,414.33688233841673
242,cadenceSpm,165.08081754608693
242,distanceM,575.1060596606552
242,motionIntensityG,0.65
242,activeEnergyKcal,11.034894837476108
242,heartRateBpm,123.57623317573126
243,speedMps,2.3973827713138705
243,paceSecPerKm,417.1215426946429
243,cadenceSpm,165.89335137554832
243,distanceM,577.5034424319691
243,motionIntensityG,0.65
243,activeEnergyKcal,11.080305927342264
243,heartRateBpm,124.00611785716788
244,speedMps,2.4632940751160564
244,paceSecPerKm,405.96046168498407
244,cadenceSpm,166.81567181562397
244,distanceM,579.9667365070852
244,motionIntensityG,0.65
244,activeEnergyKcal,11.125717017208421
244,heartRateBpm,125.10624669587862
245,speedMps,2.505757439216608
245,paceSecPerKm,399.08092632965975
245,cadenceSpm,165.9874786813395
245,distanceM,582.4724939463018
245,motionIntensityG,0.65
245,activeEnergyKcal,11.171128107074578
245,heartRateBpm,125.2633953785646
246,speedMps,2.391327260223183
246,paceSecPerKm,418.17781139109746
246,cadenceSpm,166.54218128447943
246,distanceM,584.863821206525
246,motionIntensityG,0.65
246,activeEnergyKcal,11.216539196940735
246,heartRateBpm,125.79899899115644
247,speedMps,2.3390072748049535
247,paceSecPerKm,427.53180409983486
247,cadenceSpm,165.8725883545876
247,distanceM,587.20282848133
247,motionIntensityG,0.65
247,activeEnergyKcal,11.261950286806892
247,heartRateBpm,126.51438985719334
248,speedMps,2.343357764530945
248,paceSecPerKm,426.73808290650135
248,cadenceSpm,164.70262558360758
248,distanceM,589.546186245861
248,motionIntensityG,0.65
248,activeEnergyKcal,11.307361376673049
248,heartRateBpm,127.22865814722877
249,speedMps,2.39518040569204
249,paceSecPerKm,417.5050854722861
249,cadenceSpm,164.7488716744881
249,distanceM,591.941366651553
249,motionIntensityG,0.65
249,activeEnergyKcal,11.352772466539205
249,heartRateBpm,126.0653001502092
250,speedMps,2.339406283243583
250,paceSecPerKm,427.4588844027133
250,cadenceSpm,165.53313851333021
250,distanceM,594.2807729347966
250,motionIntensityG,0.65
250,activeEnergyKcal,11.398183556405362
250,heartRateBpm,126.23530018408822
251,speedMps,2.4757306398787082
251,paceSecPerKm,403.92116326879255
251,cadenceSpm,166.28430265388064
251,distanceM,596.7565035746753
251,motionIntensityG,0.65
251,activeEnergyKcal,11.443594646271519
251,heartRateBpm,127.04297774400936
252,speedMps,2.3259481615302087
252,paceSecPerKm,429.93219562645544
252,cadenceSpm,165.70171883556685
252,distanceM,599.0824517362055
252,motionIntensityG,0.65
252,activeEnergyKcal,11.489005736137676
252,heartRateBpm,124.812407544622
253,speedMps,2.471336104145511
253,paceSecPerKm,404.63941684118276
253,cadenceSpm,163.46204740532664
253,distanceM,601.553787840351
253,motionIntensityG,0.65
253,activeEnergyKcal,11.534416826003833
253,heartRateBpm,123.96496255394477
254,speedMps,2.273733883624027
254,paceSecPerKm,439.80520640618425
254,cadenceSpm,164.17490523070344
254,distanceM,603.827521723975
254,motionIntensityG,0.65
254,activeEnergyKcal,11.57982791586999
254,heartRateBpm,126.3970507400764
255,speedMps,2.3340713123554466
255,paceSecPerKm,428.43592426096103
255,cadenceSpm,165.79823863948414
255,distanceM,606.1615930363305
255,motionIntensityG,0.65
255,activeEnergyKcal,11.625239005736146
255,heartRateBpm,127.94430545243472
256,speedMps,2.365829235581221
256,paceSecPerKm,422.6847757903908
256,cadenceSpm,168.22707537250704
256,distanceM,608.5274222719117
256,motionIntensityG,0.65
256,activeEnergyKcal,11.670650095602303
256,heartRateBpm,126.14659997116014
257,speedMps,2.3690069337505317
257,paceSecPerKm,422.11780208546446
257,cadenceSpm,164.6937941595909
257,distanceM,610.8964292056622
257,motionIntensityG,0.65
257,activeEnergyKcal,11.71606118546846
257,heartRateBpm,125.5703291441223
258,speedMps,2.406696680981085
258,paceSecPerKm,415.5072834489272
258,cadenceSpm,166.065926155936
258,distanceM,613.3031258866433
258,motionIntensityG,0.65
258,activeEnergyKcal,11.761472275334617
258,heartRateBpm,127.17040909361937
259,speedMps,2.3990606451651884
259,paceSecPerKm,416.8298129583734
259,cadenceSpm,165.11371402466736
259,distanceM,615.7021865318085
259,motionIntensityG,0.65
259,activeEnergyKcal,11.806883365200774
259,heartRateBpm,128.9555934452882
260,speedMps,2.318604731310004
260,paceSecPerKm,431.2938667363985
260,cadenceSpm,167.28576208722166
260,distanceM,618.0207912631184
260,motionIntensityG,0.65
260,activeEnergyKcal,11.85229445506693
260,heartRateBpm,130.12365006330995
261,speedMps,2.3547046979048263
261,paceSecPerKm,424.68170250383497
261,cadenceSpm,166.3080271902511
261,distanceM,620.3754959610233
261,motionIntensityG,0.65
261,activeEnergyKcal,11.897705544933087
261,heartRateBpm,130.44910652106276
262,speedMps,2.316682933993629
262,paceSecPerKm,431.6516452582243
262,cadenceSpm,166.54977632373212
262,distanceM,622.6921788950169
262,motionIntensityG,0.65
262,activeEnergyKcal,11.943116634799244
262,heartRateBpm,132.99023959356208
263,speedMps,2.3876287618038194
263,paceSecPerKm,418.8255795865494
263,cadenceSpm,164.31083802017164
263,distanceM,625.0798076568208
263,motionIntensityG,0.65
263,activeEnergyKcal,11.988527724665401
263,heartRateBpm,132.26410422129717
264,speedMps,2.4247041944474343
264,paceSecPerKm,412.4214418773214
264,cadenceSpm,164.58951143747456
264,distanceM,627.5045118512683
264,motionIntensityG,0.65
264,activeEnergyKcal,12.033938814531558
264,heartRateBpm,132.97605472801408
265,speedMps,2.470125582247084
265,paceSecPerKm,404.8377164250474
265,cadenceSpm,166.25542330486604
265,distanceM,629.9746374335153
265,motionIntensityG,0.65
265,activeEnergyKcal,12.079349904397715
265,heartRateBpm,131.45849440458403
266,speedMps,2.2668837038530176
266,paceSecPerKm,441.1342312357277
266,cadenceSpm,166.53471122870613
266,distanceM,632.2415211373684
266,motionIntensityG,0.65
266,activeEnergyKcal,12.124760994263871
266,heartRateBpm,131.05172742778615
267,speedMps,2.266008780653471
267,paceSecPerKm,441.3045565126276
267,cadenceSpm,166.11643853438503
267,distanceM,634.5075299180219
267,motionIntensityG,0.65
267,activeEnergyKcal,12.170172084130028
267,heartRateBpm,131.19440120583562
268,speedMps,2.259581633430723
268,paceSecPerKm,442.5598018699152
268,cadenceSpm,168.40037972357226
268,distanceM,636.7671115514526
268,motionIntensityG,0.65
268,activeEnergyKcal,12.215583173996185
268,heartRateBpm,131.04112706957426
269,speedMps,2.307039188680231
269,paceSecPerKm,433.45600928957856
269,cadenceSpm,164.14511412088498
269,distanceM,639.0741507401328
269,motionIntensityG,0.65
269,activeEnergyKcal,12.260994263862342
269,heartRateBpm,131.8006216189333
270,speedMps,2.3847640631943685
270,paceSecPerKm,419.3286939507591
270,cadenceSpm,166.2426459366533
270,distanceM,641.4589148033272
270,motionIntensityG,0.65
270,activeEnergyKcal,12.306405353728499
270,heartRateBpm,131.98510336241688
271,speedMps,2.3516762095529185
271,paceSecPerKm,425.2286075514247
271,cadenceSpm,167.80282356016133
271,distanceM,643.8105910128801
271,motionIntensityG,0.65
271,activeEnergyKcal,12.351816443594656
271,heartRateBpm,131.15577997717557
272,speedMps,2.407599562043784
272,paceSecPerKm,415.3514628284412
272,cadenceSpm,169.2321895323903
272,distanceM,646.2181905749238
272,motionIntensityG,0.65
272,activeEnergyKcal,12.397227533460812
272,heartRateBpm,130.79398266487485
273,speedMps,2.3402408376506783
273,paceSecPerKm,427.30644808501006
273,cadenceSpm,166.38754783188992
273,distanceM,648.5584314125745
273,motionIntensityG,0.65
273,activeEnergyKcal,12.44263862332697
273,heartRateBpm,132.3459518408429
274,speedMps,2.3231598967399867
274,paceSecPerKm,430.44820178037116
274,cadenceSpm,163.1769402104239
274,distanceM,650.8815913093144
274,motionIntensityG,0.65
274,activeEnergyKcal,12.488049713193126
274,heartRateBpm,128.9304006914799
275,speedMps,2.3236233386034333
275,paceSecPerKm,430.3623497778387
275,cadenceSpm,167.2814600190969
275,distanceM,653.2052146479178
275,motionIntensityG,0.65
275,activeEnergyKcal,12.533460803059283
275,heartRateBpm,128.71425349548792
276,speedMps,2.402531476611432
276,paceSecPerKm,416.2276372796646
276,cadenceSpm,165.8162814579207
276,distanceM,655.6077461245293
276,motionIntensityG,0.65
276,activeEnergyKcal,12.57887189292544
276,heartRateBpm,129.4389293727808
277,speedMps,2.427313267429774
277,paceSecPerKm,411.97813789353893
277,cadenceSpm,165.52858016102348
277,distanceM,658.0350593919591
277,motionIntensityG,0.65
277,activeEnergyKcal,12.624282982791597
277,heartRateBpm,129.523128483061
278,speedMps,2.389388963150484
278,paceSecPerKm,418.5170415625712
278,cadenceSpm,165.26825290512474
278,distanceM,660.4244483551096
278,motionIntensityG,0.65
278,activeEnergyKcal,12.669694072657753
278,heartRateBpm,128.5728239240186
279,speedMps,2.3898890479703616
279,paceSecPerKm,418.42946677765667
279,cadenceSpm,166.70365081858583
279,distanceM,662.8143374030799
279,motionIntensityG,0.65
279,activeEnergyKcal,12.71510516252391
279,heartRateBpm,127.32466722435673
280,speedMps,2.4589282902229326
280,paceSecPerKm,406.68123750340743
280,cadenceSpm,168.08303224732447
280,distanceM,665.2732656933028
280,motionIntensityG,0.65
280,activeEnergyKcal,12.760516252390067
280,heartRateBpm,127.45848783685113
281,speedMps,2.4178217281524557
281,paceSecPerKm,413.5954228371237
281,cadenceSpm,165.3005962997616
281,distanceM,667.6910874214553
281,motionIntensityG,0.65
281,activeEnergyKcal,12.805927342256224
281,heartRateBpm,125.86359708653845
282,speedMps,2.407488989300707
282,paceSecPerKm,415.37053936452924
282,cadenceSpm,165.14902491618096
282,distanceM,670.0985764107561
282,motionIntensityG,0.65
282,activeEnergyKcal,12.85133843212238
282,heartRateBpm,125.08690245604616
283,speedMps,2.3457028327768796
283,paceSecPerKm,426.31146026974966
283,cadenceSpm,167.62194013947675
283,distanceM,672.444279243533
283,motionIntensityG,0.65
283,activeEnergyKcal,12.896749521988538
283,heartRateBpm,123.87172893579276
284,speedMps,2.3876566657548586
284,paceSecPerKm,418.8206848759177
284,cadenceSpm,165.88321895791069
284,distanceM,674.8319359092878
284,motionIntensityG,0.65
284,activeEnergyKcal,12.942160611854694
284,heartRateBpm,123.18490189379078
285,speedMps,2.4059128486055537
285,paceSecPerKm,415.64265329876406
285,cadenceSpm,166.7092982222477
285,distanceM,677.2378487578934
285,motionIntensityG,0.65
285,activeEnergyKcal,12.987571701720851
285,heartRateBpm,122.10539966001389
286,speedMps,2.2628777336438874
286,paceSecPerKm,441.9151707280759
286,cadenceSpm,165.4872803556747
286,distanceM,679.5007264915373
286,motionIntensityG,0.65
286,activeEnergyKcal,13.032982791587008
286,heartRateBpm,122.68540948427848
287,speedMps,2.4586230993534057
287,paceSecPerKm,406.73171917362623
287,cadenceSpm,166.13064587456412
287,distanceM,681.9593495908907
287,motionIntensityG,0.65
287,activeEnergyKcal,13.078393881453165
287,heartRateBpm,122.16127917167752
288,speedMps,2.278770941174414
288,paceSecPerKm,438.83304896130903
288,cadenceSpm,168.29790237086036
288,distanceM,684.2381205320652
288,motionIntensityG,0.65
288,activeEnergyKcal,13.123804971319322
288,heartRateBpm,124.07032115801512
289,speedMps,2.47979745780991
289,paceSecPerKm,403.25874068891613
289,cadenceSpm,167.47920152857736
289,distanceM,686.7179179898751
289,motionIntensityG,0.65
289,activeEnergyKcal,13.169216061185478
289,heartRateBpm,124.89780634014632
290,speedMps,2.4167948213120574
290,paceSecPerKm,413.77116136698294
290,cadenceSpm,169.25015542928872
290,distanceM,689.1347128111871
290,motionIntensityG,0.65
290,activeEnergyKcal,13.214627151051635
290,heartRateBpm,125.80277559298807
291,speedMps,2.4304702617407545
291,paceSecPerKm,411.4430099152
291,cadenceSpm,166.09253754102303
291,distanceM,691.5651830729279
291,motionIntensityG,0.65
291,activeEnergyKcal,13.260038240917792
291,heartRateBpm,124.61763263723
292,speedMps,2.371400831867699
292,paceSecPerKm,421.6916796863931
292,cadenceSpm,164.0394333936827
292,distanceM,693.9365839047956
292,motionIntensityG,0.65
292,activeEnergyKcal,13.305449330783949
292,heartRateBpm,121.60544871698025
293,speedMps,2.274241311546169
293,paceSecPerKm,439.707077223102
293,cadenceSpm,169.3635012063117
293,distanceM,696.2108252163417
293,motionIntensityG,0.65
293,activeEnergyKcal,13.350860420650106
293,heartRateBpm,122.07710872942415
294,speedMps,2.4168350885526033
294,paceSecPerKm,413.7642674655477
294,cadenceSpm,166.73235322943248
294,distanceM,698.6276603048943
294,motionIntensityG,0.65
294,activeEnergyKcal,13.396271510516263
294,heartRateBpm,120.83959433005435
295,speedMps,2.2883546360914835
295,paceSecPerKm,436.99520355289116
295,cadenceSpm,164.01029187764064
295,distanceM,700.9160149409859
295,motionIntensityG,0.65
295,activeEnergyKcal,13.44168260038242
295,heartRateBpm,120.21917169691623
296,speedMps,2.4151126239466856
296,paceSecPerKm,414.05936521744394
296,cadenceSpm,167.49581764066804
296,distanceM,703.3311275649326
296,motionIntensityG,0.65
296,activeEnergyKcal,13.487093690248576
296,heartRateBpm,119.41890920686667
297,speedMps,2.3332455223625086
297,paceSecPerKm,428.58755772408307
297,cadenceSpm,166.44684288473584
297,distanceM,705.6643730872951
297,motionIntensityG,0.65
297,activeEnergyKcal,13.532504780114733
297,heartRateBpm,119.50923778839245
298,speedMps,2.338956248707478
298,paceSecPerKm,427.5411310291102
298,cadenceSpm,164.7961884478551
298,distanceM,708.0033293360026
298,motionIntensityG,0.65
298,activeEnergyKcal,13.57791586998089
298,heartRateBpm,119.85593240387324
299,speedMps,2.3759630597035777
299,paceSecPerKm,420.88196443793146
299,cadenceSpm,166.66379898471686
299,distanceM,710.3792923957062
299,motionIntensityG,0.65
299,activeEnergyKcal,13.623326959847047
299,heartRateBpm,119.82036373539894
300,speedMps,2.4515016108874783
300,paceSecPerKm,407.9132542923298
300,cadenceSpm,167.99344756593197
300,distanceM,712.8307940065937
300,motionIntensityG,0.65
300,activeEnergyKcal,13.668738049713204
300,heartRateBpm,118.49747425183165
301,speedMps,2.4138223039992326
301,paceSecPerKm,414.2807025783112
301,cadenceSpm,170.72290313948753
301,distanceM,715.244616310593
301,motionIntensityG,0.758
301,activeEnergyKcal,13.720458891013395
301,heartRateBpm,119.21341710212586
302,speedMps,2.4849509478752747
302,paceSecPerKm,402.42243045281725
302,cadenceSpm,169.32709473541144
302,distanceM,717.7295672584683
302,motionIntensityG,0.758
302,activeEnergyKcal,13.772179732313587
302,heartRateBpm,119.56148000121026
303,speedMps,2.533482637038265
303,paceSecPerKm,394.71357939481953
303,cadenceSpm,168.25051573525516
303,distanceM,720.2630498955065
303,motionIntensityG,0.758
303,activeEnergyKcal,13.823900573613779
303,heartRateBpm,120.38301272584927
304,speedMps,2.5268165822095314
304,paceSecPerKm,395.7548826617115
304,cadenceSpm,168.77662879585978
304,distanceM,722.789866477716
304,motionIntensityG,0.758
304,activeEnergyKcal,13.87562141491397
304,heartRateBpm,121.78850544415998
305,speedMps,2.652419315845303
305,paceSecPerKm,377.0142956002825
305,cadenceSpm,171.57659869257975
305,distanceM,725.4422857935614
305,motionIntensityG,0.758
305,activeEnergyKcal,13.927342256214162
305,heartRateBpm,122.45152640070995
306,speedMps,2.5186314019302642
306,paceSecPerKm,397.04102761269706
306,cadenceSpm,171.37867596591377
306,distanceM,727.9609171954917
306,motionIntensityG,0.758
306,activeEnergyKcal,13.979063097514354
306,heartRateBpm,122.07444213289473
307,speedMps,2.573331247973598
307,paceSecPerKm,388.60135118145496
307,cadenceSpm,170.76630894798177
307,distanceM,730.5342484434652
307,motionIntensityG,0.758
307,activeEnergyKcal,14.030783938814546
307,heartRateBpm,122.19891122898966
308,speedMps,2.6219003696926713
308,paceSecPerKm,381.4027457180671
308,cadenceSpm,167.7341464314851
308,distanceM,733.1561488131579
308,motionIntensityG,0.758
308,activeEnergyKcal,14.082504780114737
308,heartRateBpm,123.11758148728069
309,speedMps,2.507592010119987
309,paceSecPerKm,398.7889560838689
309,cadenceSpm,168.62179566989735
309,distanceM,735.6637408232779
309,motionIntensityG,0.758
309,activeEnergyKcal,14.134225621414929
309,heartRateBpm,122.95395657005754
310,speedMps,2.541745856906832
310,paceSecPerKm,393.4303649134089
310,cadenceSpm,169.7933637926532
310,distanceM,738.2054866801847
310,motionIntensityG,0.758
310,activeEnergyKcal,14.18594646271512
310,heartRateBpm,124.51154444283995
311,speedMps,2.612567567883067
311,paceSecPerKm,382.76522004377796
311,cadenceSpm,169.58413348722928
311,distanceM,740.8180542480677
311,motionIntensityG,0.758
311,activeEnergyKcal,14.237667304015313
311,heartRateBpm,125.67399924472637
312,speedMps,2.6109483760357977
312,paceSecPerKm,383.0025936852493
312,cadenceSpm,166.7767080406911
312,distanceM,743.4290026241035
312,motionIntensityG,0.758
312,activeEnergyKcal,14.289388145315504
312,heartRateBpm,124.194985432565
313,speedMps,2.5329281293242847
313,paceSecPerKm,394.7999899494868
313,cadenceSpm,173.12147912864745
313,distanceM,745.9619307534279
313,motionIntensityG,0.758
313,activeEnergyKcal,14.341108986615696
313,heartRateBpm,125.31204190588035
314,speedMps,2.5325208416777736
314,paceSecPerKm,394.86348287562697
314,cadenceSpm,169.51431055956587
314,distanceM,748.4944515951056
314,motionIntensityG,0.758
314,activeEnergyKcal,14.392829827915888
314,heartRateBpm,126.79088275415654
315,speedMps,2.5400336710689446
315,paceSecPerKm,393.69556844463455
315,cadenceSpm,169.73448051087323
315,distanceM,751.0344852661746
315,motionIntensityG,0.758
315,activeEnergyKcal,14.44455066921608
315,heartRateBpm,127.78924196587818
316,speedMps,2.698310792903413
316,paceSecPerKm,370.6022310810197
316,cadenceSpm,171.28658967867958
316,distanceM,753.7327960590779
316,motionIntensityG,0.758
316,activeEnergyKcal,14.496271510516271
316,heartRateBpm,127.70596220805973
317,speedMps,2.5548562168376563
317,paceSecPerKm,391.41145924751004
317,cadenceSpm,169.26431912931702
317,distanceM,756.2876522759155
317,motionIntensityG,0.758
317,activeEnergyKcal,14.547992351816463
317,heartRateBpm,125.71295593520199
318,speedMps,2.5766942158190482
318,paceSecPerKm,388.09416882326184
318,cadenceSpm,169.67865006439087
318,distanceM,758.8643464917346
318,motionIntensityG,0.758
318,activeEnergyKcal,14.599713193116655
318,heartRateBpm,126.78859973076459
319,speedMps,2.607168623046109
319,paceSecPerKm,383.55785320538297
319,cadenceSpm,170.47063462895022
319,distanceM,761.4715151147808
319,motionIntensityG,0.758
319,activeEnergyKcal,14.651434034416846
319,heartRateBpm,126.31028336132879
320,speedMps,2.497581499721498
320,paceSecPerKm,400.38733475224285
320,cadenceSpm,170.49204432853978
320,distanceM,763.9690966145023
320,motionIntensityG,0.758
320,activeEnergyKcal,14.703154875717038
320,heartRateBpm,127.60738004195913
321,speedMps,2.5468127727759176
321,paceSecPerKm,392.6476302810601
321,cadenceSpm,172.22269879724558
321,distanceM,766.5159093872782
321,motionIntensityG,0.758
321,activeEnergyKcal,14.75487571701723
321,heartRateBpm,129.19883235413542
322,speedMps,2.7096105669817727
322,paceSecPerKm,369.0567243077654
322,cadenceSpm,169.41486195368984
322,distanceM,769.2255199542599
322,motionIntensityG,0.758
322,activeEnergyKcal,14.806596558317421
322,heartRateBpm,128.83841831901648
323,speedMps,2.48760391556922
323,paceSecPerKm,401.99325694146023
323,cadenceSpm,167.10756307644937
323,distanceM,771.7131238698291
323,motionIntensityG,0.758
323,activeEnergyKcal,14.858317399617613
323,heartRateBpm,127.70767484107881
324,speedMps,2.600747964510393
324,paceSecPerKm,384.5047707989867
324,cadenceSpm,170.0390529742811
324,distanceM,774.3138718343396
324,motionIntensityG,0.758
324,activeEnergyKcal,14.910038240917805
324,heartRateBpm,129.69175103414585
325,speedMps,2.659241447494651
325,paceSecPerKm,376.04708701503176
325,cadenceSpm,171.2266956904448
325,distanceM,776.9731132818342
325,motionIntensityG,0.758
325,activeEnergyKcal,14.961759082217997
325,heartRateBpm,128.3309490268742
326,speedMps,2.472406335814956
326,paceSecPerKm,404.4642603904262
326,cadenceSpm,170.7097799101795
326,distanceM,779.4455196176492
326,motionIntensityG,0.758
326,activeEnergyKcal,15.013479923518188
326,heartRateBpm,126.45768722502041
327,speedMps,2.6016833431273647
327,paceSecPerKm,384.36653047789656
327,cadenceSpm,169.58806044097676
327,distanceM,782.0472029607765
327,motionIntensityG,0.758
327,activeEnergyKcal,15.06520076481838
327,heartRateBpm,127.72416022779672
328,speedMps,2.6182265988347604
328,paceSecPerKm,381.9379118847273
328,cadenceSpm,170.80980382971435
328,distanceM,784.6654295596113
328,motionIntensityG,0.758
328,activeEnergyKcal,15.116921606118572
328,heartRateBpm,127.33741191026412
329,speedMps,2.624576088250288
329,paceSecPerKm,381.01391096139434
329,cadenceSpm,170.04328159821506
329,distanceM,787.2900056478616
329,motionIntensityG,0.758
329,activeEnergyKcal,15.168642447418764
329,heartRateBpm,126.67237969671305
330,speedMps,2.481931207057019
330,paceSecPerKm,402.91205378966265
330,cadenceSpm,170.6913383038579
330,distanceM,789.7719368549186
330,motionIntensityG,0.758
330,activeEnergyKcal,15.220363288718955
330,heartRateBpm,128.17425097816633
331,speedMps,2.549745413040472
331,paceSecPerKm,392.1960188203806
331,cadenceSpm,170.971845956723
331,distanceM,792.3216822679591
331,motionIntensityG,0.758
331,activeEnergyKcal,15.272084130019147
331,heartRateBpm,128.75471512282184
332,speedMps,2.5345927187507855
332,paceSecPerKm,394.5407057323458
332,cadenceSpm,170.7806364985379
332,distanceM,794.8562749867099
332,motionIntensityG,0.758
332,activeEnergyKcal,15.323804971319339
332,heartRateBpm,129.67544462843173
333,speedMps,2.5299506981970734
333,paceSecPerKm,395.2646194697126
333,cadenceSpm,168.74364444635683
333,distanceM,797.386225684907
333,motionIntensityG,0.758
333,activeEnergyKcal,15.37552581261953
333,heartRateBpm,128.29637001700831
334,speedMps,2.6190396481406992
334,paceSecPerKm,381.81934386137186
334,cadenceSpm,169.92631065454052
334,distanceM,800.0052653330476
334,motionIntensityG,0.758
334,activeEnergyKcal,15.427246653919722
334,heartRateBpm,127.42026472373085
335,speedMps,2.540145579657839
335,paceSecPerKm,393.6782238027087
335,cadenceSpm,170.62017538214675
335,distanceM,802.5454109127055
335,motionIntensityG,0.758
335,activeEnergyKcal,15.478967495219914
335,heartRateBpm,127.26272826893647
336,speedMps,2.689267882082309
336,paceSecPerKm,371.84841519978914
336,cadenceSpm,168.95086750642406
336,distanceM,805.2346787947878
336,motionIntensityG,0.758
336,activeEnergyKcal,15.530688336520106
336,heartRateBpm,125.69593052578861
337,speedMps,2.523276094977569
337,paceSecPerKm,396.31017865640644
337,cadenceSpm,168.1306736826252
337,distanceM,807.7579548897653
337,motionIntensityG,0.758
337,activeEnergyKcal,15.582409177820297
337,heartRateBpm,128.07518278937425
338,speedMps,2.5941167342559015
338,paceSecPerKm,385.4876639878123
338,cadenceSpm,169.64109438191159
338,distanceM,810.3520716240212
338,motionIntensityG,0.758
338,activeEnergyKcal,15.634130019120489
338,heartRateBpm,127.80984633127234
339,speedMps,2.534632766756977
339,paceSecPerKm,394.53447186334785
339,cadenceSpm,168.1622417882553
339,distanceM,812.8867043907782
339,motionIntensityG,0.758
339,activeEnergyKcal,15.68585086042068
339,heartRateBpm,128.77380260198498
340,speedMps,2.526197700262991
340,paceSecPerKm,395.8518368914256
340,cadenceSpm,169.95776016351195
340,distanceM,815.4129020910411
340,motionIntensityG,0.758
340,activeEnergyKcal,15.737571701720872
340,heartRateBpm,130.97727883563715
341,speedMps,2.52676570909401
341,paceSecPerKm,395.7628506675268
341,cadenceSpm,167.6842876328033
341,distanceM,817.9396678001351
341,motionIntensityG,0.758
341,activeEnergyKcal,15.789292543021064
341,heartRateBpm,130.60668064348627
342,speedMps,2.532568447439978
342,paceSecPerKm,394.85606045942814
342,cadenceSpm,168.2667451765342
342,distanceM,820.4722362475751
342,motionIntensityG,0.758
342,activeEnergyKcal,15.841013384321256
342,heartRateBpm,131.39760538315784
343,speedMps,2.6075697558838393
343,paceSecPerKm,383.4988489736677
343,cadenceSpm,169.7302227089013
343,distanceM,823.0798060034589
343,motionIntensityG,0.758
343,activeEnergyKcal,15.892734225621448
343,heartRateBpm,131.33115632757904
344,speedMps,2.528478931294324
344,paceSecPerKm,395.4946935184078
344,cadenceSpm,169.65903579642108
344,distanceM,825.6082849347532
344,motionIntensityG,0.758
344,activeEnergyKcal,15.94445506692164
344,heartRateBpm,132.99427107913306
345,speedMps,2.5853068350212802
345,paceSecPerKm,386.80128271573955
345,cadenceSpm,171.15027795495575
345,distanceM,828.1935917697745
345,motionIntensityG,0.758
345,activeEnergyKcal,15.996175908221831
345,heartRateBpm,134.18690863140588
346,speedMps,2.6333023159274713
346,paceSecPerKm,379.7513084432129
346,cadenceSpm,168.44422430435594
346,distanceM,830.826894085702
346,motionIntensityG,0.758
346,activeEnergyKcal,16.04789674952202
346,heartRateBpm,134.45194756722674
347,speedMps,2.590305443602406
347,paceSecPerKm,386.0548579202588
347,cadenceSpm,169.32368538487503
347,distanceM,833.4171995293044
347,motionIntensityG,0.758
347,activeEnergyKcal,16.099617590822213
347,heartRateBpm,137.49138748335017
348,speedMps,2.5145980810022404
348,paceSecPerKm,397.67786651671634
348,cadenceSpm,169.4946520260826
348,distanceM,835.9317976103066
348,motionIntensityG,0.758
348,activeEnergyKcal,16.151338432122404
348,heartRateBpm,136.93247522052286
349,speedMps,2.5568429374691655
349,paceSecPerKm,391.1073243278009
349,cadenceSpm,169.84626777782643
349,distanceM,838.4886405477757
349,motionIntensityG,0.758
349,activeEnergyKcal,16.203059273422596
349,heartRateBpm,137.89065887943647
350,speedMps,2.5283061388625145
350,paceSecPerKm,395.5217228756563
350,cadenceSpm,171.3237399141265
350,distanceM,841.0169466866382
350,motionIntensityG,0.758
350,activeEnergyKcal,16.254780114722788
350,heartRateBpm,139.111215831629
351,speedMps,2.492899949382971
351,paceSecPerKm,401.13924357353955
351,cadenceSpm,169.48466153112585
351,distanceM,843.5098466360212
351,motionIntensityG,0.758
351,activeEnergyKcal,16.30650095602298
351,heartRateBpm,137.62515305040372
352,speedMps,2.59730960507877
352,paceSecPerKm,385.0137842807048
352,cadenceSpm,168.77103016625338
352,distanceM,846.1071562410999
352,motionIntensityG,0.758
352,activeEnergyKcal,16.35822179732317
352,heartRateBpm,138.3400157669334
353,speedMps,2.5726495553465583
353,paceSecPerKm,388.70432155120767
353,cadenceSpm,170.60909130248083
353,distanceM,848.6798057964464
353,motionIntensityG,0.758
353,activeEnergyKcal,16.409942638623363
353,heartRateBpm,139.03624457978066
354,speedMps,2.523896278400797
354,paceSecPerKm,396.2127954931748
354,cadenceSpm,170.8454762262805
354,distanceM,851.2037020748472
354,motionIntensityG,0.758
354,activeEnergyKcal,16.461663479923555
354,heartRateBpm,138.14771788658618
355,speedMps,2.5549068798955816
355,paceSecPerKm,391.40369767248416
355,cadenceSpm,165.12732289203132
355,distanceM,853.7586089547428
355,motionIntensityG,0.758
355,activeEnergyKcal,16.513384321223747
355,heartRateBpm,136.28029586127064
356,speedMps,2.5741920236187306
356,paceSecPerKm,388.47140804757316
356,cadenceSpm,168.29668335914428
356,distanceM,856.3328009783615
356,motionIntensityG,0.758
356,activeEnergyKcal,16.56510516252394
356,heartRateBpm,136.40548107511117
357,speedMps,2.593636651424203
357,paceSecPerKm,385.5590178566013
357,cadenceSpm,170.52454628345146
357,distanceM,858.9264376297857
357,motionIntensityG,0.758
357,activeEnergyKcal,16.61682600382413
357,heartRateBpm,136.65688908269826
358,speedMps,2.591706681360448
358,paceSecPerKm,385.84613266308224
358,cadenceSpm,170.2658341218563
358,distanceM,861.5181443111461
358,motionIntensityG,0.758
358,activeEnergyKcal,16.66854684512432
358,heartRateBpm,137.47805154906
359,speedMps,2.6327085355211226
359,paceSecPerKm,379.83695745570196
359,cadenceSpm,170.0957030258015
359,distanceM,864.1508528466672
359,motionIntensityG,0.758
359,activeEnergyKcal,16.720267686424513
359,heartRateBpm,137.5371562862758
360,speedMps,2.4928931114150794
360,paceSecPerKm,401.14034389238395
360,cadenceSpm,169.43142032682883
360,distanceM,866.6437459580824
360,motionIntensityG,0.758
360,activeEnergyKcal,16.771988527724705
360,heartRateBpm,138.01617169865074
361,speedMps,2.5878212497974085
361,paceSecPerKm,386.4254534884457
361,cadenceSpm,167.94157810406531
361,distanceM,869.2315672078798
361,motionIntensityG,0.758
361,activeEnergyKcal,16.823709369024897
361,heartRateBpm,138.8683537966765
362,speedMps,2.5099722361983026
362,paceSecPerKm,398.41078143343816
362,cadenceSpm,170.04575942072347
362,distanceM,871.7415394440782
362,motionIntensityG,0.758
362,activeEnergyKcal,16.87543021032509
362,heartRateBpm,139.31566085093496
363,speedMps,2.5618522728081197
363,paceSecPerKm,390.34256994993365
363,cadenceSpm,169.14339564488583
363,distanceM,874.3033917168863
363,motionIntensityG,0.758
363,activeEnergyKcal,16.92715105162528
363,heartRateBpm,139.53422046270398
364,speedMps,2.695835952478935
364,paceSecPerKm,370.94245259265784
364,cadenceSpm,168.09195965579147
364,distanceM,876.9992276693652
364,motionIntensityG,0.758
364,activeEnergyKcal,16.978871892925472
364,heartRateBpm,141.32614424912677
365,speedMps,2.6151438090720354
365,paceSecPerKm,382.3881488012098
365,cadenceSpm,168.9867288137997
365,distanceM,879.6143714784372
365,motionIntensityG,0.758
365,activeEnergyKcal,17.030592734225664
365,heartRateBpm,141.424279416206
366,speedMps,2.6146899993992947
366,paceSecPerKm,382.4545166844798
366,cadenceSpm,170.9327057407709
366,distanceM,882.2290614778365
366,motionIntensityG,0.758
366,activeEnergyKcal,17.082313575525855
366,heartRateBpm,140.8488303724882
367,speedMps,2.6376368375621078
367,paceSecPerKm,379.12724972565644
367,cadenceSpm,172.29856232435003
367,distanceM,884.8666983153986
367,motionIntensityG,0.758
367,activeEnergyKcal,17.134034416826047
367,heartRateBpm,140.2840669586849
368,speedMps,2.7241013140662123
368,paceSecPerKm,367.093541945883
368,cadenceSpm,169.52366780995695
368,distanceM,887.5907996294648
368,motionIntensityG,0.758
368,activeEnergyKcal,17.18575525812624
368,heartRateBpm,138.1039434291535
369,speedMps,2.5283447442206524
369,paceSecPerKm,395.51568364473343
369,cadenceSpm,170.17853229341804
369,distanceM,890.1191443736855
369,motionIntensityG,0.758
369,activeEnergyKcal,17.23747609942643
369,heartRateBpm,141.77557393717885
370,speedMps,2.5987719441046107
370,paceSecPerKm,384.7971355349318
370,cadenceSpm,169.65192583203068
370,distanceM,892.71791631779
370,motionIntensityG,0.758
370,activeEnergyKcal,17.289196940726622
370,heartRateBpm,142.05167214527046
371,speedMps,2.5092577733997112
371,paceSecPerKm,398.5242212262364
371,cadenceSpm,170.87633798670547
371,distanceM,895.2271740911897
371,motionIntensityG,0.758
371,activeEnergyKcal,17.340917782026814
371,heartRateBpm,141.0029570426267
372,speedMps,2.5568907900448417
372,paceSecPerKm,391.1000046984652
372,cadenceSpm,170.0705184250013
372,distanceM,897.7840648812345
372,motionIntensityG,0.758
372,activeEnergyKcal,17.392638623327006
372,heartRateBpm,142.4344546551438
373,speedMps,2.4681080853962363
373,paceSecPerKm,405.1686414857547
373,cadenceSpm,168.60784678115388
373,distanceM,900.2521729666307
373,motionIntensityG,0.758
373,activeEnergyKcal,17.444359464627198
373,heartRateBpm,144.72227440552558
374,speedMps,2.513630101689572
374,paceSecPerKm,397.8310091559756
374,cadenceSpm,171.1554371766468
374,distanceM,902.7658030683203
374,motionIntensityG,0.758
374,activeEnergyKcal,17.49608030592739
374,heartRateBpm,144.34710221418015
375,speedMps,2.534916386685959
375,paceSecPerKm,394.49032924804163
375,cadenceSpm,170.96960604851145
375,distanceM,905.3007194550063
375,motionIntensityG,0.758
375,activeEnergyKcal,17.54780114722758
375,heartRateBpm,144.37801282919787
376,speedMps,2.5380159338528205
376,paceSecPerKm,394.0085586783357
376,cadenceSpm,170.2280226699915
376,distanceM,907.8387353888592
376,motionIntensityG,0.758
376,activeEnergyKcal,17.599521988527773
376,heartRateBpm,144.10343227671356
377,speedMps,2.5044873317222667
377,paceSecPerKm,399.2833133287712
377,cadenceSpm,170.9259184797471
377,distanceM,910.3432227205815
377,motionIntensityG,0.758
377,activeEnergyKcal,17.651242829827964
377,heartRateBpm,143.8866370699894
378,speedMps,2.5578813450755478
378,paceSecPerKm,390.9485488547807
378,cadenceSpm,168.39600227015615
378,distanceM,912.901104065657
378,motionIntensityG,0.758
378,activeEnergyKcal,17.702963671128156
378,heartRateBpm,143.51161541826895
379,speedMps,2.491750143600752
379,paceSecPerKm,401.3243472938786
379,cadenceSpm,171.94515577749945
379,distanceM,915.3928542092577
379,motionIntensityG,0.758
379,activeEnergyKcal,17.754684512428348
379,heartRateBpm,140.925269342286
380,speedMps,2.5880621902530807
380,paceSecPerKm,386.38947849325535
380,cadenceSpm,169.89367728791285
380,distanceM,917.9809163995108
380,motionIntensityG,0.758
380,activeEnergyKcal,17.80640535372854
380,heartRateBpm,141.12902914186876
381,speedMps,2.668171517542109
381,paceSecPerKm,374.7884996992957
381,cadenceSpm,169.64994702275436
381,distanceM,920.6490879170528
381,motionIntensityG,0.758
381,activeEnergyKcal,17.85812619502873
381,heartRateBpm,140.632259228928
382,speedMps,2.4968146391632757
382,paceSecPerKm,400.51030793984637
382,cadenceSpm,170.75923248272804
382,distanceM,923.1459025562161
382,motionIntensityG,0.758
382,activeEnergyKcal,17.909847036328923
382,heartRateBpm,141.29982791606923
383,speedMps,2.531458583249389
383,paceSecPerKm,395.0291767034942
383,cadenceSpm,169.8911053256096
383,distanceM,925.6773611394656
383,motionIntensityG,0.758
383,activeEnergyKcal,17.961567877629115
383,heartRateBpm,139.22950367833673
384,speedMps,2.614496750026908
384,paceSecPerKm,382.48278564114037
384,cadenceSpm,169.73753048691984
384,distanceM,928.2918578894925
384,motionIntensityG,0.758
384,activeEnergyKcal,18.013288718929306
384,heartRateBpm,139.98315818790306
385,speedMps,2.502666713815512
385,paceSecPerKm,399.5737804317625
385,cadenceSpm,170.80407661264275
385,distanceM,930.794524603308
385,motionIntensityG,0.758
385,activeEnergyKcal,18.065009560229498
385,heartRateBpm,139.9547998259174
386,speedMps,2.575174628125922
386,paceSecPerKm,388.3231797479101
386,cadenceSpm,170.87054860311457
386,distanceM,933.369699231434
386,motionIntensityG,0.758
386,activeEnergyKcal,18.11673040152969
386,heartRateBpm,139.6236267013754
387,speedMps,2.6131540381740757
387,paceSecPerKm,382.67931602636924
387,cadenceSpm,168.00088000753897
387,distanceM,935.9828532696081
387,motionIntensityG,0.758
387,activeEnergyKcal,18.16845124282988
387,heartRateBpm,137.7608233882552
388,speedMps,2.647984242109914
388,paceSecPerKm,377.64575185054724
388,cadenceSpm,166.4575896055071
388,distanceM,938.630837511718
388,motionIntensityG,0.758
388,activeEnergyKcal,18.220172084130073
388,heartRateBpm,137.18312129451547
389,speedMps,2.593973983842371
389,paceSecPerKm,385.5088779721421
389,cadenceSpm,171.12607967289165
389,distanceM,941.2248114955604
389,motionIntensityG,0.758
389,activeEnergyKcal,18.271892925430265
389,heartRateBpm,136.59796127555634
390,speedMps,2.4884984166502346
390,paceSecPerKm,401.8487587973229
390,cadenceSpm,169.16331442591715
390,distanceM,943.7133099122107
390,motionIntensityG,0.758
390,activeEnergyKcal,18.323613766730457
390,heartRateBpm,135.40053007531986
391,speedMps,2.572477980946793
391,paceSecPerKm,388.7302466363397
391,cadenceSpm,169.7607842977688
391,distanceM,946.2857878931575
391,motionIntensityG,0.758
391,activeEnergyKcal,18.37533460803065
391,heartRateBpm,134.45774355311303
392,speedMps,2.558811988458609
392,paceSecPerKm,390.80636033848873
392,cadenceSpm,169.93638021919932
392,distanceM,948.8445998816161
392,motionIntensityG,0.758
392,activeEnergyKcal,18.42705544933084
392,heartRateBpm,133.50915556597866
393,speedMps,2.5014773256896112
393,paceSecPerKm,399.7637674866065
393,cadenceSpm,169.66859431205407
393,distanceM,951.3460772073057
393,motionIntensityG,0.758
393,activeEnergyKcal,18.478776290631032
393,heartRateBpm,132.8572460541757
394,speedMps,2.5485361760255114
394,paceSecPerKm,392.3821091523677
394,cadenceSpm,168.17308133020143
394,distanceM,953.8946133833313
394,motionIntensityG,0.758
394,activeEnergyKcal,18.530497131931224
394,heartRateBpm,132.3894815893047
395,speedMps,2.6236698104580283
395,paceSecPerKm,381.1455222048024
395,cadenceSpm,172.6498349619772
395,distanceM,956.5182831937893
395,motionIntensityG,0.758
395,activeEnergyKcal,18.582217973231415
395,heartRateBpm,133.18793982882886
396,speedMps,2.589923426399869
396,paceSecPerKm,386.11180153308743
396,cadenceSpm,171.13878012731303
396,distanceM,959.1082066201892
396,motionIntensityG,0.758
396,activeEnergyKcal,18.633938814531607
396,heartRateBpm,131.99851052139735
397,speedMps,2.5432311440125615
397,paceSecPerKm,393.2005953742209
397,cadenceSpm,167.7231679634672
397,distanceM,961.6514377642018
397,motionIntensityG,0.758
397,activeEnergyKcal,18.6856596558318
397,heartRateBpm,133.1720170891732
398,speedMps,2.6068562648600784
398,paceSecPerKm,383.60381179423194
398,cadenceSpm,170.28073453214535
398,distanceM,964.2582940290619
398,motionIntensityG,0.758
398,activeEnergyKcal,18.73738049713199
398,heartRateBpm,132.87198113537238
399,speedMps,2.6029419312783038
399,paceSecPerKm,384.18067955473
399,cadenceSpm,168.41108570177204
399,distanceM,966.8612359603402
399,motionIntensityG,0.758
399,activeEnergyKcal,18.789101338432182
399,heartRateBpm,131.61857632297074
400,speedMps,2.6651928039389277
400,paceSecPerKm,375.20737656280824
400,cadenceSpm,168.3450680455332
400,distanceM,969.5264287642791
400,motionIntensityG,0.758
400,activeEnergyKcal,18.840822179732374
400,heartRateBpm,130.80908370988408
401,speedMps,2.5342761288772544
401,paceSecPerKm,394.5899930182526
401,cadenceSpm,170.2455563737572
401,distanceM,972.0607048931564
401,motionIntensityG,0.758
401,activeEnergyKcal,18.892543021032566
401,heartRateBpm,129.54948071159652
402,speedMps,2.478187657198135
402,paceSecPerKm,403.5206926704697
402,cadenceSpm,167.1924429888445
402,distanceM,974.5388925503546
402,motionIntensityG,0.758
402,activeEnergyKcal,18.944263862332757
402,heartRateBpm,130.319982707619
403,speedMps,2.5481863363002626
403,paceSecPerKm,392.43597917250827
403,cadenceSpm,170.86116549805706
403,distanceM,977.0870788866549
403,motionIntensityG,0.758
403,activeEnergyKcal,18.99598470363295
403,heartRateBpm,131.16726448461543
404,speedMps,2.541479210601079
404,paceSecPerKm,393.47164274599453
404,cadenceSpm,170.17407456860997
404,distanceM,979.628558097256
404,motionIntensityG,0.758
404,activeEnergyKcal,19.04770554493314
404,heartRateBpm,129.32773395898377
405,speedMps,2.4604121781479393
405,paceSecPerKm,406.4359658440417
405,cadenceSpm,169.63082253396928
405,distanceM,982.088970275404
405,motionIntensityG,0.758
405,activeEnergyKcal,19.099426386233333
405,heartRateBpm,128.87675253453588
406,speedMps,2.4889041517740313
406,paceSecPerKm,401.7832503864096
406,cadenceSpm,170.22085967351774
406,distanceM,984.577874427178
406,motionIntensityG,0.758
406,activeEnergyKcal,19.151147227533524
406,heartRateBpm,129.13899595401813
407,speedMps,2.554097960987411
407,paceSecPerKm,391.52766075323177
407,cadenceSpm,169.54176376837455
407,distanceM,987.1319723881654
407,motionIntensityG,0.758
407,activeEnergyKcal,19.202868068833716
407,heartRateBpm,126.79237727783766
408,speedMps,2.612999204637288
408,paceSecPerKm,382.70199172862385
408,cadenceSpm,168.85584659489538
408,distanceM,989.7449715928027
408,motionIntensityG,0.758
408,activeEnergyKcal,19.254588910133908
408,heartRateBpm,127.36289186128924
409,speedMps,2.5072339537743837
409,paceSecPerKm,398.8459068586729
409,cadenceSpm,168.787824207562
409,distanceM,992.2522055465771
409,motionIntensityG,0.758
409,activeEnergyKcal,19.3063097514341
409,heartRateBpm,126.55134184551147
410,speedMps,2.628430478770211
410,paceSecPerKm,380.45518345529143
410,cadenceSpm,169.62983874402275
410,distanceM,994.8806360253473
410,motionIntensityG,0.758
410,activeEnergyKcal,19.35803059273429
410,heartRateBpm,127.32777644147998
411,speedMps,2.4629972024529403
411,paceSecPerKm,406.0093933537899
411,cadenceSpm,168.79935074180443
411,distanceM,997.3436332278002
411,motionIntensityG,0.758
411,activeEnergyKcal,19.409751434034483
411,heartRateBpm,128.34206608119507
412,speedMps,2.5222195988261062
412,paceSecPerKm,396.4761833051416
412,cadenceSpm,170.80050966293524
412,distanceM,999.8658528266263
412,motionIntensityG,0.758
412,activeEnergyKcal,19.461472275334675
412,heartRateBpm,128.12477244374992
413,speedMps,2.5043662619291682
413,paceSecPerKm,399.30261607568457
413,cadenceSpm,170.6210394679226
413,distanceM,1002.3702190885555
413,motionIntensityG,0.758
413,activeEnergyKcal,19.513193116634866
413,heartRateBpm,128.66320146844893
414,speedMps,2.575027495686142
414,paceSecPerKm,388.3453678359811
414,cadenceSpm,167.9580225581574
414,distanceM,1004.9452465842417
414,motionIntensityG,0.758
414,activeEnergyKcal,19.564913957935058
414,heartRateBpm,129.81564101037287
415,speedMps,2.5139487859544447
415,paceSecPerKm,397.7805775467858
415,cadenceSpm,168.06514259758674
415,distanceM,1007.4591953701961
415,motionIntensityG,0.758
415,activeEnergyKcal,19.61663479923525
415,heartRateBpm,130.96864973074076
416,speedMps,2.541854955595541
416,paceSecPerKm,393.4134785301729
416,cadenceSpm,170.6450035368694
416,distanceM,1010.0010503257917
416,motionIntensityG,0.758
416,activeEnergyKcal,19.66835564053544
416,heartRateBpm,129.9319329641325
417,speedMps,2.6848568366540775
417,paceSecPerKm,372.45933799815566
417,cadenceSpm,172.2942041802879
417,distanceM,1012.6859071624457
417,motionIntensityG,0.758
417,activeEnergyKcal,19.720076481835633
417,heartRateBpm,130.77595173601583
418,speedMps,2.5193061030369455
418,paceSecPerKm,396.93469515059365
418,cadenceSpm,171.60121626231128
418,distanceM,1015.2052132654826
418,motionIntensityG,0.758
418,activeEnergyKcal,19.771797323135825
418,heartRateBpm,130.96643427912022
419,speedMps,2.6479307731582984
419,paceSecPerKm,377.6533775493148
419,cadenceSpm,169.13847516356347
419,distanceM,1017.853144038641
419,motionIntensityG,0.758
419,activeEnergyKcal,19.823518164436017
419,heartRateBpm,130.51985661318218
420,speedMps,2.5100554985063326
420,paceSecPerKm,398.3975655498747
420,cadenceSpm,172.02271159698574
420,distanceM,1020.3631995371472
420,motionIntensityG,0.758
420,activeEnergyKcal,19.87523900573621
420,heartRateBpm,131.75293087491312
421,speedMps,2.697219312203163
421,paceSecPerKm,370.7522022683326
421,cadenceSpm,169.08592767280433
421,distanceM,1023.0604188493504
421,motionIntensityG,0.758
421,activeEnergyKcal,19.9269598470364
421,heartRateBpm,129.72527350661844
422,speedMps,2.5922599079904214
422,paceSecPerKm,385.7637873878251
422,cadenceSpm,171.23126584757648
422,distanceM,1025.652678757341
422,motionIntensityG,0.758
422,activeEnergyKcal,19.978680688336592
422,heartRateBpm,130.05507964891734
423,speedMps,2.6059506740826186
423,paceSecPerKm,383.7371174924611
423,cadenceSpm,168.72931314758785
423,distanceM,1028.2586294314235
423,motionIntensityG,0.758
423,activeEnergyKcal,20.030401529636784
423,heartRateBpm,128.7832576859893
424,speedMps,2.603544627131202
424,paceSecPerKm,384.09174537633396
424,cadenceSpm,169.42546341260584
424,distanceM,1030.8621740585547
424,motionIntensityG,0.758
424,activeEnergyKcal,20.082122370936975
424,heartRateBpm,128.11642074107556
425,speedMps,2.573459418560372
425,paceSecPerKm,388.58199697565607
425,cadenceSpm,167.65538957703083
425,distanceM,1033.435633477115
425,motionIntensityG,0.758
425,activeEnergyKcal,20.133843212237167
425,heartRateBpm,127.51499931461771
426,speedMps,2.621613408812671
426,paceSecPerKm,381.44449392822577
426,cadenceSpm,172.43247289096144
426,distanceM,1036.0572468859277
426,motionIntensityG,0.758
426,activeEnergyKcal,20.18556405353736
426,heartRateBpm,126.44433343237064
427,speedMps,2.5306927074916286
427,paceSecPerKm,395.1487262913006
427,cadenceSpm,170.8585392330925
427,distanceM,1038.5879395934194
427,motionIntensityG,0.758
427,activeEnergyKcal,20.23728489483755
427,heartRateBpm,128.79358086020085
428,speedMps,2.6373973523162983
428,paceSecPerKm,379.16167585508055
428,cadenceSpm,168.41078891371572
428,distanceM,1041.2253369457358
428,motionIntensityG,0.758
428,activeEnergyKcal,20.289005736137742
428,heartRateBpm,129.51456916577936
429,speedMps,2.5618115747194476
429,paceSecPerKm,390.3487711072245
429,cadenceSpm,172.818338176304
429,distanceM,1043.7871485204553
429,motionIntensityG,0.758
429,activeEnergyKcal,20.340726577437934
429,heartRateBpm,129.40045904457793
430,speedMps,2.632091991768126
430,paceSecPerKm,379.9259308289765
430,cadenceSpm,169.93436333677698
430,distanceM,1046.4192405122235
430,motionIntensityG,0.758
430,activeEnergyKcal,20.392447418738126
430,heartRateBpm,129.72085396227567
431,speedMps,2.4692909056608023
431,paceSecPerKm,404.97456079699606
431,cadenceSpm,169.63682017156563
431,distanceM,1048.8885314178842
431,motionIntensityG,0.758
431,activeEnergyKcal,20.444168260038317
431,heartRateBpm,129.3182587526283
432,speedMps,2.516347397505071
432,paceSecPerKm,397.40140848258403
432,cadenceSpm,168.6958481468078
432,distanceM,1051.4048788153893
432,motionIntensityG,0.758
432,activeEnergyKcal,20.49588910133851
432,heartRateBpm,128.11893411918763
433,speedMps,2.5403793952808624
433,paceSecPerKm,393.6419897979218
433,cadenceSpm,171.4777377003598
433,distanceM,1053.94525821067
433,motionIntensityG,0.758
433,activeEnergyKcal,20.5476099426387
433,heartRateBpm,127.17574792835792
434,speedMps,2.5809438177348962
434,paceSecPerKm,387.45516005754286
434,cadenceSpm,172.47166110287873
434,distanceM,1056.526202028405
434,motionIntensityG,0.758
434,activeEnergyKcal,20.599330783938893
434,heartRateBpm,126.93236500851087
435,speedMps,2.583222598390187
435,paceSecPerKm,387.1133678619799
435,cadenceSpm,171.4707431346907
435,distanceM,1059.109424626795
435,motionIntensityG,0.758
435,activeEnergyKcal,20.651051625239084
435,heartRateBpm,128.14984521851656
436,speedMps,2.468487632301705
436,paceSecPerKm,405.10634402796853
436,cadenceSpm,170.98665494213245
436,distanceM,1061.5779122590968
436,motionIntensityG,0.758
436,activeEnergyKcal,20.702772466539276
436,heartRateBpm,130.21246233249207
437,speedMps,2.5414714194910832
437,paceSecPerKm,393.4728489688249
437,cadenceSpm,173.79225261538767
437,distanceM,1064.1193836785878
437,motionIntensityG,0.758
437,activeEnergyKcal,20.754493307839468
437,heartRateBpm,129.9473634212923
438,speedMps,2.5330975784836736
438,paceSecPerKm,394.7735801787018
438,cadenceSpm,170.0802341899859
438,distanceM,1066.6524812570715
438,motionIntensityG,0.758
438,activeEnergyKcal,20.80621414913966
438,heartRateBpm,132.0456182299326
439,speedMps,2.6627564297898743
439,paceSecPerKm,375.5506845509384
439,cadenceSpm,169.5616299424189
439,distanceM,1069.3152376868613
439,motionIntensityG,0.758
439,activeEnergyKcal,20.85793499043985
439,heartRateBpm,131.46965551855
440,speedMps,2.4566460640585284
440,paceSecPerKm,407.0590446993163
440,cadenceSpm,167.3260568853518
440,distanceM,1071.7718837509199
440,motionIntensityG,0.758
440,activeEnergyKcal,20.909655831740043
440,heartRateBpm,129.82763535337892
441,speedMps,2.56051129741479
441,paceSecPerKm,390.54699778503067
441,cadenceSpm,169.2492750691962
441,distanceM,1074.3323950483345
441,motionIntensityG,0.758
441,activeEnergyKcal,20.961376673040235
441,heartRateBpm,129.45048097289603
442,speedMps,2.602074720436757
442,paceSecPerKm,384.3087180187318
442,cadenceSpm,166.43386528750196
442,distanceM,1076.9344697687714
442,motionIntensityG,0.758
442,activeEnergyKcal,21.013097514340426
442,heartRateBpm,130.98869965851003
443,speedMps,2.6056953287609463
443,paceSecPerKm,383.7747218419114
443,cadenceSpm,170.84537096638627
443,distanceM,1079.5401650975323
443,motionIntensityG,0.758
443,activeEnergyKcal,21.064818355640618
443,heartRateBpm,130.82748065028474
444,speedMps,2.567298632819925
444,paceSecPerKm,389.51448312875016
444,cadenceSpm,171.361095150646
444,distanceM,1082.1074637303523
444,motionIntensityG,0.758
444,activeEnergyKcal,21.11653919694081
444,heartRateBpm,129.73319597852625
445,speedMps,2.606982240115518
445,paceSecPerKm,383.5852751937769
445,cadenceSpm,172.10269963380784
445,distanceM,1084.7144459704678
445,motionIntensityG,0.758
445,activeEnergyKcal,21.168260038241
445,heartRateBpm,128.46550999756272
446,speedMps,2.6326081460724198
446,paceSecPerKm,379.85144180758425
446,cadenceSpm,168.8475325481918
446,distanceM,1087.3470541165402
446,motionIntensityG,0.758
446,activeEnergyKcal,21.219980879541193
446,heartRateBpm,129.92462247298283
447,speedMps,2.633046246621709
447,paceSecPerKm,379.7882400596021
447,cadenceSpm,168.3258090078251
447,distanceM,1089.980100363162
447,motionIntensityG,0.758
447,activeEnergyKcal,21.271701720841385
447,heartRateBpm,129.59245236178404
448,speedMps,2.6301001857473123
448,paceSecPerKm,380.21365323612633
448,cadenceSpm,168.51167426293512
448,distanceM,1092.6102005489092
448,motionIntensityG,0.758
448,activeEnergyKcal,21.323422562141577
448,heartRateBpm,128.5219581117837
449,speedMps,2.6776299544516413
449,paceSecPerKm,373.4646000420893
449,cadenceSpm,170.97158864328802
449,distanceM,1095.287830503361
449,motionIntensityG,0.758
449,activeEnergyKcal,21.37514340344177
449,heartRateBpm,127.59168026719246
450,speedMps,2.49575875876885
450,paceSecPerKm,400.6797517935175
450,cadenceSpm,168.2018380766246
450,distanceM,1097.78358926213
450,motionIntensityG,0.758
450,activeEnergyKcal,21.42686424474196
450,heartRateBpm,129.57955326912784
451,speedMps,2.566098675584875
451,paceSecPerKm,389.6966276139308
451,cadenceSpm,167.6857878735844
451,distanceM,1100.3496879377149
451,motionIntensityG,0.758
451,activeEnergyKcal,21.478585086042152
451,heartRateBpm,128.2131569272949
452,speedMps,2.473928801580112
452,paceSecPerKm,404.21535145283667
452,cadenceSpm,165.71355221762545
452,distanceM,1102.823616739295
452,motionIntensityG,0.758
452,activeEnergyKcal,21.530305927342344
452,heartRateBpm,127.56452670079797
453,speedMps,2.4753337248892886
453,paceSecPerKm,403.9859312484121
453,cadenceSpm,166.27712471594944
453,distanceM,1105.2989504641841
453,motionIntensityG,0.758
453,activeEnergyKcal,21.582026768642535
453,heartRateBpm,129.08193017654932
454,speedMps,2.4613668663879733
454,paceSecPerKm,406.2783218770992
454,cadenceSpm,173.12836993531772
454,distanceM,1107.7603173305722
454,motionIntensityG,0.758
454,activeEnergyKcal,21.633747609942727
454,heartRateBpm,128.2980196063293
455,speedMps,2.57225278137857
455,paceSecPerKm,388.7642797937072
455,cadenceSpm,169.31801409692673
455,distanceM,1110.3325701119509
455,motionIntensityG,0.758
455,activeEnergyKcal,21.68546845124292
455,heartRateBpm,129.95590446572643
456,speedMps,2.5624628026118876
456,paceSecPerKm,390.2495673227771
456,cadenceSpm,169.40211247222936
456,distanceM,1112.8950329145628
456,motionIntensityG,0.758
456,activeEnergyKcal,21.73718929254311
456,heartRateBpm,132.17271230191548
457,speedMps,2.408872669430813
457,paceSecPerKm,415.1319464454249
457,cadenceSpm,171.11355507538164
457,distanceM,1115.3039055839936
457,motionIntensityG,0.758
457,activeEnergyKcal,21.788910133843302
457,heartRateBpm,130.89667543481121
458,speedMps,2.595001234860278
458,paceSecPerKm,385.35627134444996
458,cadenceSpm,169.85547005444647
458,distanceM,1117.898906818854
458,motionIntensityG,0.758
458,activeEnergyKcal,21.840630975143494
458,heartRateBpm,129.01565441802006
459,speedMps,2.5530068437940097
459,paceSecPerKm,391.6949938582638
459,cadenceSpm,167.7108335345806
459,distanceM,1120.451913662648
459,motionIntensityG,0.758
459,activeEnergyKcal,21.892351816443686
459,heartRateBpm,128.69250511623636
460,speedMps,2.466033181405032
460,paceSecPerKm,405.50954769807527
460,cadenceSpm,170.755818732328
460,distanceM,1122.917946844053
460,motionIntensityG,0.758
460,activeEnergyKcal,21.944072657743877
460,heartRateBpm,130.82436576957014
461,speedMps,2.48312961927789
461,paceSecPerKm,402.71759969212013
461,cadenceSpm,171.51706924094458
461,distanceM,1125.4010764633308
461,motionIntensityG,0.758
461,activeEnergyKcal,21.99579349904407
461,heartRateBpm,131.57413271656023
462,speedMps,2.609710580253485
462,paceSecPerKm,383.1842532909793
462,cadenceSpm,170.81677806404204
462,distanceM,1128.0107870435843
462,motionIntensityG,0.758
462,activeEnergyKcal,22.04751434034426
462,heartRateBpm,130.9575535283587
463,speedMps,2.6216514898116468
463,paceSecPerKm,381.4389532270917
463,cadenceSpm,169.21002293672564
463,distanceM,1130.632438533396
463,motionIntensityG,0.758
463,activeEnergyKcal,22.099235181644453
463,heartRateBpm,132.72847076918927
464,speedMps,2.550774100213215
464,paceSecPerKm,392.0378523195808
464,cadenceSpm,169.43314945842744
464,distanceM,1133.1832126336092
464,motionIntensityG,0.758
464,activeEnergyKcal,22.150956022944644
464,heartRateBpm,133.6963450946734
465,speedMps,2.486445187542753
465,paceSecPerKm,402.18059300485004
465,cadenceSpm,169.94208305056057
465,distanceM,1135.669657821152
465,motionIntensityG,0.758
465,activeEnergyKcal,22.202676864244836
465,heartRateBpm,132.45702973736647
466,speedMps,2.6646652482163353
466,paceSecPerKm,375.28166086504734
466,cadenceSpm,168.79806252703563
466,distanceM,1138.3343230693683
466,motionIntensityG,0.758
466,activeEnergyKcal,22.254397705545028
466,heartRateBpm,133.6977956588189
467,speedMps,2.538687156727139
467,paceSecPerKm,393.9043837481709
467,cadenceSpm,169.08479906348785
467,distanceM,1140.8730102260954
467,motionIntensityG,0.758
467,activeEnergyKcal,22.30611854684522
467,heartRateBpm,132.62473088921794
468,speedMps,2.6114035159403564
468,paceSecPerKm,382.93584039994823
468,cadenceSpm,167.33900364955338
468,distanceM,1143.4844137420357
468,motionIntensityG,0.758
468,activeEnergyKcal,22.35783938814541
468,heartRateBpm,132.90069201024633
469,speedMps,2.440976143440021
469,paceSecPerKm,409.67217262136745
469,cadenceSpm,170.2730786252224
469,distanceM,1145.9253898854756
469,motionIntensityG,0.758
469,activeEnergyKcal,22.409560229445603
469,heartRateBpm,132.22904166976625
470,speedMps,2.542773858829958
470,paceSecPerKm,393.27130744538323
470,cadenceSpm,169.8191836369464
470,distanceM,1148.4681637443057
470,motionIntensityG,0.758
470,activeEnergyKcal,22.461281070745795
470,heartRateBpm,132.14822186789357
471,speedMps,2.602906046225209
471,paceSecPerKm,384.1859760747883
471,cadenceSpm,168.95776984242403
471,distanceM,1151.0710697905308
471,motionIntensityG,0.758
471,activeEnergyKcal,22.513001912045986
471,heartRateBpm,133.49230574695378
472,speedMps,2.54945593142039
472,paceSecPerKm,392.24055127827427
472,cadenceSpm,172.37942933917466
472,distanceM,1153.6205257219513
472,motionIntensityG,0.758
472,activeEnergyKcal,22.564722753346178
472,heartRateBpm,132.630787098145
473,speedMps,2.5897054209320283
473,paceSecPerKm,386.14430503068667
473,cadenceSpm,170.4793103799634
473,distanceM,1156.2102311428832
473,motionIntensityG,0.758
473,activeEnergyKcal,22.61644359464637
473,heartRateBpm,132.2482521547608
474,speedMps,2.6129920457132045
474,paceSecPerKm,382.7030402333485
474,cadenceSpm,170.5430604099339
474,distanceM,1158.8232231885963
474,motionIntensityG,0.758
474,activeEnergyKcal,22.66816443594656
474,heartRateBpm,133.77956234911474
475,speedMps,2.4770541674029647
475,paceSecPerKm,403.70534207915085
475,cadenceSpm,169.25117623836564
475,distanceM,1161.3002773559992
475,motionIntensityG,0.758
475,activeEnergyKcal,22.719885277246753
475,heartRateBpm,134.68951040135605
476,speedMps,2.5378254711131216
476,paceSecPerKm,394.0381288557986
476,cadenceSpm,173.13163011794472
476,distanceM,1163.8381028271124
476,motionIntensityG,0.758
476,activeEnergyKcal,22.771606118546945
476,heartRateBpm,124.26037261645291
477,speedMps,2.6214723978165293
477,paceSecPerKm,381.4650121179676
477,cadenceSpm,171.07060003711197
477,distanceM,1166.4595752249288
477,motionIntensityG,0.758
477,activeEnergyKcal,22.823326959847137
477,heartRateBpm,114.78417125229122
478,speedMps,2.5407496865061763
478,paceSecPerKm,393.5846200477605
478,cadenceSpm,172.05805033882265
478,distanceM,1169.000324911435
478,motionIntensityG,0.758
478,activeEnergyKcal,22.87504780114733
478,heartRateBpm,104.73008755320639
479,speedMps,2.6119751099640136
479,paceSecPerKm,382.85204027605664
479,cadenceSpm,171.52270819959506
479,distanceM,1171.612300021399
479,motionIntensityG,0.758
479,activeEnergyKcal,22.92676864244752
479,heartRateBpm,104.64110338636522
480,speedMps,2.7118527628241837
480,paceSecPerKm,368.751583311838
480,cadenceSpm,169.6830509465041
480,distanceM,1174.3241527842233
480,motionIntensityG,0.758
480,activeEnergyKcal,22.978489483747712
480,heartRateBpm,105.76388284274843
481,speedMps,2.6771823163589796
481,paceSecPerKm,373.52704516591143
481,cadenceSpm,168.68422230813516
481,distanceM,1177.0013351005823
481,motionIntensityG,0.758
481,activeEnergyKcal,23.030210325047904
481,heartRateBpm,105.61756331597685
482,speedMps,2.5259921011650195
482,paceSecPerKm,395.88405662028293
482,cadenceSpm,170.63331105923365
482,distanceM,1179.5273272017473
482,motionIntensityG,0.758
482,activeEnergyKcal,23.081931166348095
482,heartRateBpm,106.86951244215224
483,speedMps,2.5442559260672897
483,paceSecPerKm,393.0422210102587
483,cadenceSpm,172.53151612919874
483,distanceM,1182.0715831278146
483,motionIntensityG,0.758
483,activeEnergyKcal,23.133652007648287
483,heartRateBpm,107.6739119049214
484,speedMps,2.461021193135678
484,paceSecPerKm,406.33538743559666
484,cadenceSpm,171.90866739420994
484,distanceM,1184.5326043209502
484,motionIntensityG,0.758
484,activeEnergyKcal,23.18537284894848
484,heartRateBpm,110.26997132595106
485,speedMps,2.48354572058615
485,paceSecPerKm,402.6501270787906
485,cadenceSpm,170.15557593804894
485,distanceM,1187.0161500415363
485,motionIntensityG,0.758
485,activeEnergyKcal,23.23709369024867
485,heartRateBpm,111.9067087891133
486,speedMps,2.520954742463818
486,paceSecPerKm,396.6751100904988
486,cadenceSpm,168.0349264311618
486,distanceM,1189.5371047840001
486,motionIntensityG,0.758
486,activeEnergyKcal,23.288814531548862
486,heartRateBpm,111.22998216131116
487,speedMps,2.5980106128377667
487,paceSecPerKm,384.90989800373274
487,cadenceSpm,171.65997490915535
487,distanceM,1192.1351153968378
487,motionIntensityG,0.758
487,activeEnergyKcal,23.340535372849054
487,heartRateBpm,112.5331350893157
488,speedMps,2.4998035908874923
488,paceSecPerKm,400.0314279270938
488,cadenceSpm,168.59236978909158
488,distanceM,1194.6349189877253
488,motionIntensityG,0.758
488,activeEnergyKcal,23.392256214149246
488,heartRateBpm,110.85362688547701
489,speedMps,2.5889705346090084
489,paceSecPerKm,386.2539131412023
489,cadenceSpm,168.6275905148108
489,distanceM,1197.2238895223343
489,motionIntensityG,0.758
489,activeEnergyKcal,23.443977055449437
489,heartRateBpm,111.26655889494957
490,speedMps,2.541596787125274
490,paceSecPerKm,393.45344039841615
490,cadenceSpm,168.78145241844493
490,distanceM,1199.7654863094594
490,motionIntensityG,0.758
490,activeEnergyKcal,23.49569789674963
490,heartRateBpm,110.07551830417206
491,speedMps,2.4449099173777764
491,paceSecPerKm,409.0130245258785
491,cadenceSpm,170.75671269480657
491,distanceM,1202.2103962268372
491,motionIntensityG,0.758
491,activeEnergyKcal,23.54741873804982
491,heartRateBpm,110.77301500518153
492,speedMps,2.5735436593807255
492,paceSecPerKm,388.56927736777976
492,cadenceSpm,171.09936156536668
492,distanceM,1204.783939886218
492,motionIntensityG,0.758
492,activeEnergyKcal,23.599139579350012
492,heartRateBpm,113.35000226042234
493,speedMps,2.6124404356420654
493,paceSecPerKm,382.7838469948609
493,cadenceSpm,169.39106744666887
493,distanceM,1207.39638032186
493,motionIntensityG,0.758
493,activeEnergyKcal,23.650860420650204
493,heartRateBpm,112.92595800639877
494,speedMps,2.5920265153944113
494,paceSecPerKm,385.79852253086875
494,cadenceSpm,171.8201208109923
494,distanceM,1209.9884068372544
494,motionIntensityG,0.758
494,activeEnergyKcal,23.702581261950396
494,heartRateBpm,112.83795089850493
495,speedMps,2.4584308753664312
495,paceSecPerKm,406.7635214071045
495,cadenceSpm,169.37554918323985
495,distanceM,1212.446837712621
495,motionIntensityG,0.758
495,activeEnergyKcal,23.754302103250588
495,heartRateBpm,114.22255897663288
496,speedMps,2.652410387798069
496,paceSecPerKm,377.0155646352155
496,cadenceSpm,169.22551022980684
496,distanceM,1215.099248100419
496,motionIntensityG,0.758
496,activeEnergyKcal,23.80602294455078
496,heartRateBpm,114.94593155574746
497,speedMps,2.5313704888803517
497,paceSecPerKm,395.0429241364464
497,cadenceSpm,169.22208112178402
497,distanceM,1217.6306185892993
497,motionIntensityG,0.758
497,activeEnergyKcal,23.85774378585097
497,heartRateBpm,117.4958539061348
498,speedMps,2.5431409454223934
498,paceSecPerKm,393.214541175935
498,cadenceSpm,170.30445221504078
498,distanceM,1220.1737595347217
498,motionIntensityG,0.758
498,activeEnergyKcal,23.909464627151163
498,heartRateBpm,119.62830913057414
499,speedMps,2.605807834681907
499,paceSecPerKm,383.75815234359777
499,cadenceSpm,168.95822187856734
499,distanceM,1222.7795673694036
499,motionIntensityG,0.758
499,activeEnergyKcal,23.961185468451355
499,heartRateBpm,120.5771584774703
500,speedMps,2.509286772064797
500,paceSecPerKm,398.5196156663823
500,cadenceSpm,170.28930425564303
500,distanceM,1225.2888541414684
500,motionIntensityG,0.758
500,activeEnergyKcal,24.012906309751546
500,heartRateBpm,120.56421117003123
501,speedMps,2.552040999158964
501,paceSecPerKm,391.84323462262336
501,cadenceSpm,166.89113581391229
501,distanceM,1227.8408951406273
501,motionIntensityG,0.758
501,activeEnergyKcal,24.064627151051738
501,heartRateBpm,121.72351818674704
502,speedMps,2.592101605831094
502,paceSecPerKm,385.78734635649994
502,cadenceSpm,168.0481656769408
502,distanceM,1230.4329967464585
502,motionIntensityG,0.758
502,activeEnergyKcal,24.11634799235193
502,heartRateBpm,123.10090971749227
503,speedMps,2.6900162359948276
503,paceSecPerKm,371.74496816008167
503,cadenceSpm,170.29029775461134
503,distanceM,1233.1230129824532
503,motionIntensityG,0.758
503,activeEnergyKcal,24.16806883365212
503,heartRateBpm,124.67481040049512
504,speedMps,2.5250704435216966
504,paceSecPerKm,396.0285553876697
504,cadenceSpm,169.47972703819644
504,distanceM,1235.6480834259748
504,motionIntensityG,0.758
504,activeEnergyKcal,24.219789674952313
504,heartRateBpm,126.24963783563058
505,speedMps,2.648305006592408
505,paceSecPerKm,377.6000111432432
505,cadenceSpm,168.3671630151468
505,distanceM,1238.2963884325673
505,motionIntensityG,0.758
505,activeEnergyKcal,24.271510516252505
505,heartRateBpm,126.57782838061756
506,speedMps,2.5525863747287993
506,paceSecPerKm,391.75951493756816
506,cadenceSpm,170.03552382736314
506,distanceM,1240.8489748072961
506,motionIntensityG,0.758
506,activeEnergyKcal,24.323231357552697
506,heartRateBpm,127.11147836244987
507,speedMps,2.4936092289985092
507,paceSecPerKm,401.0251439443152
507,cadenceSpm,167.78812520999492
507,distanceM,1243.3425840362947
507,motionIntensityG,0.758
507,activeEnergyKcal,24.37495219885289
507,heartRateBpm,125.85813950442261
508,speedMps,2.4638189923428357
508,paceSecPerKm,405.87397171133256
508,cadenceSpm,168.52090460316577
508,distanceM,1245.8064030286375
508,motionIntensityG,0.758
508,activeEnergyKcal,24.42667304015308
508,heartRateBpm,124.96714590604911
509,speedMps,2.5417348336934658
509,paceSecPerKm,393.4320711759189
509,cadenceSpm,171.6372433160878
509,distanceM,1248.348137862331
509,motionIntensityG,0.758
509,activeEnergyKcal,24.47839388145327
509,heartRateBpm,125.67063333716482
510,speedMps,2.575587680950551
510,paceSecPerKm,388.2609034808468
510,cadenceSpm,171.62200417415525
510,distanceM,1250.9237255432815
510,motionIntensityG,0.758
510,activeEnergyKcal,24.530114722753463
510,heartRateBpm,124.81100402731764
511,speedMps,2.5726596451258765
511,paceSecPerKm,388.7027970818392
511,cadenceSpm,170.7764808886543
511,distanceM,1253.4963851884074
511,motionIntensityG,0.758
511,activeEnergyKcal,24.581835564053655
511,heartRateBpm,124.4327510070886
512,speedMps,2.5503822701490257
512,paceSecPerKm,392.0980833753864
512,cadenceSpm,169.6133396756799
512,distanceM,1256.0467674585564
512,motionIntensityG,0.758
512,activeEnergyKcal,24.633556405353847
512,heartRateBpm,123.47376653035056
513,speedMps,2.492866980090294
513,paceSecPerKm,401.1445488213651
513,cadenceSpm,170.44138729915215
513,distanceM,1258.5396344386465
513,motionIntensityG,0.758
513,activeEnergyKcal,24.68527724665404
513,heartRateBpm,123.22840773524631
514,speedMps,2.5392180007891696
514,paceSecPerKm,393.8220348505751
514,cadenceSpm,166.80601455152365
514,distanceM,1261.0788524394357
514,motionIntensityG,0.758
514,activeEnergyKcal,24.73699808795423
514,heartRateBpm,124.61422971975537
515,speedMps,2.5029065715563377
515,paceSecPerKm,399.53548860522903
515,cadenceSpm,171.59328102037048
515,distanceM,1263.581759010992
515,motionIntensityG,0.758
515,activeEnergyKcal,24.788718929254422
515,heartRateBpm,124.9350633057282
516,speedMps,2.5163642999474405
516,paceSecPerKm,397.39873913363306
516,cadenceSpm,169.68681809880115
516,distanceM,1266.0981233109396
516,motionIntensityG,0.758
516,activeEnergyKcal,24.840439770554614
516,heartRateBpm,125.19717258761757
517,speedMps,2.5512576794561075
517,paceSecPerKm,391.96354333490376
517,cadenceSpm,167.7068562135094
517,distanceM,1268.6493809903957
517,motionIntensityG,0.758
517,activeEnergyKcal,24.892160611854806
517,heartRateBpm,124.32848987391986
518,speedMps,2.571685449034033
518,paceSecPerKm,388.85004399570573
518,cadenceSpm,170.4612496076346
518,distanceM,1271.2210664394297
518,motionIntensityG,0.758
518,activeEnergyKcal,24.943881453154997
518,heartRateBpm,122.6893791867481
519,speedMps,2.5829361246754665
519,paceSecPerKm,387.1563026459453
519,cadenceSpm,168.4733153425646
519,distanceM,1273.804002564105
519,motionIntensityG,0.758
519,activeEnergyKcal,24.99560229445519
519,heartRateBpm,120.6310304273453
520,speedMps,2.6323997940168096
520,paceSecPerKm,379.88150670460595
520,cadenceSpm,170.16658695209023
520,distanceM,1276.436402358122
520,motionIntensityG,0.758
520,activeEnergyKcal,25.04732313575538
520,heartRateBpm,122.86988317403966
521,speedMps,2.5600277642767932
521,paceSecPerKm,390.6207635535154
521,cadenceSpm,168.84827636943288
521,distanceM,1278.9964301223988
521,motionIntensityG,0.758
521,activeEnergyKcal,25.099043977055572
521,heartRateBpm,123.62761969465019
522,speedMps,2.616138349403258
522,paceSecPerKm,382.2427817046068
522,cadenceSpm,170.4721356029722
522,distanceM,1281.612568471802
522,motionIntensityG,0.758
522,activeEnergyKcal,25.150764818355764
522,heartRateBpm,125.12264329218063
523,speedMps,2.560783891617608
523,paceSecPerKm,390.5054242466026
523,cadenceSpm,169.06370266859838
523,distanceM,1284.1733523634196
523,motionIntensityG,0.758
523,activeEnergyKcal,25.202485659655956
523,heartRateBpm,125.59360697534747
524,speedMps,2.6417699773884284
524,paceSecPerKm,378.53409212734294
524,cadenceSpm,168.32549826525428
524,distanceM,1286.8151223408079
524,motionIntensityG,0.758
524,activeEnergyKcal,25.254206500956148
524,heartRateBpm,127.64571662055684
525,speedMps,2.658430947039121
525,paceSecPerKm,376.1617359720287
525,cadenceSpm,167.69523101371158
525,distanceM,1289.473553287847
525,motionIntensityG,0.758
525,activeEnergyKcal,25.30592734225634
525,heartRateBpm,129.9792636116107
526,speedMps,2.5245938888459643
526,paceSecPerKm,396.10331167248347
526,cadenceSpm,171.35819329394073
526,distanceM,1291.9981471766928
526,motionIntensityG,0.758
526,activeEnergyKcal,25.35764818355653
526,heartRateBpm,128.0758010437089
527,speedMps,2.553578214565938
527,paceSecPerKm,391.6073509304989
527,cadenceSpm,169.82699698158416
527,distanceM,1294.5517253912587
527,motionIntensityG,0.758
527,activeEnergyKcal,25.409369024856723
527,heartRateBpm,127.79345203090105
528,speedMps,2.5334783083232773
528,paceSecPerKm,394.7142538046147
528,cadenceSpm,169.0313192092377
528,distanceM,1297.085203699582
528,motionIntensityG,0.758
528,activeEnergyKcal,25.461089866156914
528,heartRateBpm,128.57915169695679
529,speedMps,2.5772086796246456
529,paceSecPerKm,388.01669725310865
529,cadenceSpm,170.24489290809552
529,distanceM,1299.6624123792067
529,motionIntensityG,0.758
529,activeEnergyKcal,25.512810707457106
529,heartRateBpm,127.76245773207533
530,speedMps,2.6209765311010678
530,paceSecPerKm,381.5371820898761
530,cadenceSpm,170.10002019803827
530,distanceM,1302.2833889103078
530,motionIntensityG,0.758
530,activeEnergyKcal,25.564531548757298
530,heartRateBpm,127.42623374322524
531,speedMps,2.624390522915936
531,paceSecPerKm,381.04085168274014
531,cadenceSpm,168.80664732647026
531,distanceM,1304.9077794332238
531,motionIntensityG,0.758
531,activeEnergyKcal,25.61625239005749
531,heartRateBpm,125.93839489445462
532,speedMps,2.50001454511243
532,paceSecPerKm,399.99767279555095
532,cadenceSpm,170.09965766000127
532,distanceM,1307.4077939783363
532,motionIntensityG,0.758
532,activeEnergyKcal,25.66797323135768
532,heartRateBpm,124.11797243085243
533,speedMps,2.4874319582323117
533,paceSecPerKm,402.0210469236907
533,cadenceSpm,168.11397808393784
533,distanceM,1309.8952259365685
533,motionIntensityG,0.758
533,activeEnergyKcal,25.719694072657873
533,heartRateBpm,123.91066471801904
534,speedMps,2.623321991134056
534,paceSecPerKm,381.19605728144046
534,cadenceSpm,170.44971809446363
534,distanceM,1312.5185479277027
534,motionIntensityG,0.758
534,activeEnergyKcal,25.771414913958065
534,heartRateBpm,123.33123356347349
535,speedMps,2.534751459552825
535,paceSecPerKm,394.5159973106072
535,cadenceSpm,170.75124843879271
535,distanceM,1315.0532993872555
535,motionIntensityG,0.758
535,activeEnergyKcal,25.823135755258257
535,heartRateBpm,123.21986138149333
536,speedMps,2.4736029713696457
536,paceSecPerKm,404.2685958799181
536,cadenceSpm,172.7777555718051
536,distanceM,1317.5269023586252
536,motionIntensityG,0.758
536,activeEnergyKcal,25.87485659655845
536,heartRateBpm,124.6993531506314
537,speedMps,2.4971061151268854
537,paceSecPerKm,400.46355817329254
537,cadenceSpm,166.82608452703025
537,distanceM,1320.024008473752
537,motionIntensityG,0.758
537,activeEnergyKcal,25.92657743785864
537,heartRateBpm,125.18466065148097
538,speedMps,2.5078151995110027
538,paceSecPerKm,398.75346484660804
538,cadenceSpm,167.73346141492297
538,distanceM,1322.531823673263
538,motionIntensityG,0.758
538,activeEnergyKcal,25.97829827915883
538,heartRateBpm,127.00301449386454
539,speedMps,2.425320892345267
539,paceSecPerKm,412.31657351246724
539,cadenceSpm,168.72158237634423
539,distanceM,1324.9571445656084
539,motionIntensityG,0.758
539,activeEnergyKcal,26.030019120459023
539,heartRateBpm,125.46249553701671
540,speedMps,2.6060455800535043
540,paceSecPerKm,383.7231427009305
540,cadenceSpm,172.3180213830264
540,distanceM,1327.5631901456618
540,motionIntensityG,0.758
540,activeEnergyKcal,26.081739961759215
540,heartRateBpm,125.57441424161551
541,speedMps,2.708340133011507
541,paceSecPerKm,369.22984222371724
541,cadenceSpm,169.62439035272547
541,distanceM,1330.2715302786733
541,motionIntensityG,0.758
541,activeEnergyKcal,26.133460803059407
541,heartRateBpm,127.89033769812913
542,speedMps,2.5321249971870143
542,paceSecPerKm,394.92521147688956
542,cadenceSpm,170.19041577209964
542,distanceM,1332.8036552758604
542,motionIntensityG,0.758
542,activeEnergyKcal,26.1851816443596
542,heartRateBpm,127.97939889821308
543,speedMps,2.5717237449489656
543,paceSecPerKm,388.84425357275086
543,cadenceSpm,168.94825665546674
543,distanceM,1335.3753790208093
543,motionIntensityG,0.758
543,activeEnergyKcal,26.23690248565979
543,heartRateBpm,127.39477112132487
544,speedMps,2.495825862898373
544,paceSecPerKm,400.66897890011916
544,cadenceSpm,170.0954750132036
544,distanceM,1337.8712048837076
544,motionIntensityG,0.758
544,activeEnergyKcal,26.288623326959982
544,heartRateBpm,127.930894931748
545,speedMps,2.545065657491178
545,paceSecPerKm,392.9171717266262
545,cadenceSpm,166.3660089696072
545,distanceM,1340.4162705411989
545,motionIntensityG,0.758
545,activeEnergyKcal,26.340344168260174
545,heartRateBpm,127.16652618784589
546,speedMps,2.602031984161554
546,paceSecPerKm,384.3150299792443
546,cadenceSpm,170.407333412432
546,distanceM,1343.0183025253605
546,motionIntensityG,0.758
546,activeEnergyKcal,26.392065009560365
546,heartRateBpm,126.51719979627948
547,speedMps,2.48309882708278
547,paceSecPerKm,402.72259367736496
547,cadenceSpm,169.75344599602906
547,distanceM,1345.5014013524433
547,motionIntensityG,0.758
547,activeEnergyKcal,26.443785850860557
547,heartRateBpm,127.06720627796824
548,speedMps,2.678193307142851
548,paceSecPerKm,373.3860424984855
548,cadenceSpm,170.573474002533
548,distanceM,1348.1795946595862
548,motionIntensityG,0.758
548,activeEnergyKcal,26.49550669216075
548,heartRateBpm,130.19820735988355
549,speedMps,2.608040597123531
549,paceSecPerKm,383.42961421034755
549,cadenceSpm,169.40845739080075
549,distanceM,1350.7876352567098
549,motionIntensityG,0.758
549,activeEnergyKcal,26.54722753346094
549,heartRateBpm,130.28014794166214
550,speedMps,2.5664238884606787
550,paceSecPerKm,389.64724591922044
550,cadenceSpm,168.36391215368448
550,distanceM,1353.3540591451704
550,motionIntensityG,0.758
550,activeEnergyKcal,26.598948374761132
550,heartRateBpm,131.09054719138916
551,speedMps,2.5991052960910603
551,paceSecPerKm,384.74778282509595
551,cadenceSpm,169.13914684674967
551,distanceM,1355.9531644412614
551,motionIntensityG,0.758
551,activeEnergyKcal,26.650669216061324
551,heartRateBpm,129.87013672155416
552,speedMps,2.717100071757282
552,paceSecPerKm,368.03944410970877
552,cadenceSpm,169.84423263826915
552,distanceM,1358.6702645130188
552,motionIntensityG,0.758
552,activeEnergyKcal,26.702390057361516
552,heartRateBpm,129.67191949525858
553,speedMps,2.453052848389299
553,paceSecPerKm,407.65530210921094
553,cadenceSpm,169.19058693464947
553,distanceM,1361.123317361408
553,motionIntensityG,0.758
553,activeEnergyKcal,26.754110898661708
553,heartRateBpm,130.3383348049314
554,speedMps,2.6245405062014266
554,paceSecPerKm,381.0190765344022
554,cadenceSpm,169.1489669039216
554,distanceM,1363.7478578676094
554,motionIntensityG,0.758
554,activeEnergyKcal,26.8058317399619
554,heartRateBpm,130.69671062498034
555,speedMps,2.605927826862977
555,paceSecPerKm,383.74048187044485
555,cadenceSpm,167.86926988734663
555,distanceM,1366.3537856944724
555,motionIntensityG,0.758
555,activeEnergyKcal,26.85755258126209
555,heartRateBpm,131.3733792096561
556,speedMps,2.5514574892316806
556,paceSecPerKm,391.93284788026375
556,cadenceSpm,173.2763791067171
556,distanceM,1368.9052431837042
556,motionIntensityG,0.758
556,activeEnergyKcal,26.909273422562283
556,heartRateBpm,130.65237290168884
557,speedMps,2.533019544052068
557,paceSecPerKm,394.78574192139916
557,cadenceSpm,168.37344910866608
557,distanceM,1371.4382627277562
557,motionIntensityG,0.758
557,activeEnergyKcal,26.960994263862474
557,heartRateBpm,130.85930320978787
558,speedMps,2.6798364177435574
558,paceSecPerKm,373.15710517957945
558,cadenceSpm,168.82504094954052
558,distanceM,1374.1180991454996
558,motionIntensityG,0.758
558,activeEnergyKcal,27.012715105162666
558,heartRateBpm,131.3977217953331
559,speedMps,2.6495681356883596
559,paceSecPerKm,377.41999782172024
559,cadenceSpm,170.68318521626026
559,distanceM,1376.767667281188
559,motionIntensityG,0.758
559,activeEnergyKcal,27.064435946462858
559,heartRateBpm,132.91720445574998
560,speedMps,2.58476703649888
560,paceSecPerKm,386.88206166329036
560,cadenceSpm,171.34640754391822
560,distanceM,1379.352434317687
560,motionIntensityG,0.758
560,activeEnergyKcal,27.11615678776305
560,heartRateBpm,134.08810989827856
561,speedMps,2.4820549958647073
561,paceSecPerKm,402.89195914920344
561,cadenceSpm,170.61433394630282
561,distanceM,1381.8344893135518
561,motionIntensityG,0.758
561,activeEnergyKcal,27.16787762906324
561,heartRateBpm,131.75887204106732
562,speedMps,2.546684304969238
562,paceSecPerKm,392.66743743963167
562,cadenceSpm,170.72288222942782
562,distanceM,1384.381173618521
562,motionIntensityG,0.758
562,activeEnergyKcal,27.219598470363433
562,heartRateBpm,133.01361457596863
563,speedMps,2.500993940716623
563,paceSecPerKm,399.8410326869743
563,cadenceSpm,168.55997700432252
563,distanceM,1386.8821675592376
563,motionIntensityG,0.758
563,activeEnergyKcal,27.271319311663625
563,heartRateBpm,133.69948819858723
564,speedMps,2.5382097852475622
564,paceSecPerKm,393.9784669542064
564,cadenceSpm,170.6834148222598
564,distanceM,1389.4203773444851
564,motionIntensityG,0.758
564,activeEnergyKcal,27.323040152963816
564,heartRateBpm,136.996793847056
565,speedMps,2.5048920474842333
565,paceSecPerKm,399.2188010674318
565,cadenceSpm,169.68328611729214
565,distanceM,1391.9252693919693
565,motionIntensityG,0.758
565,activeEnergyKcal,27.374760994264008
565,heartRateBpm,136.7883240027489
566,speedMps,2.5250100359616146
566,paceSecPerKm,396.03802985248893
566,cadenceSpm,169.42449627848544
566,distanceM,1394.450279427931
566,motionIntensityG,0.758
566,activeEnergyKcal,27.4264818355642
566,heartRateBpm,136.72411609209615
567,speedMps,2.562676175208324
567,paceSecPerKm,390.21707450755395
567,cadenceSpm,171.84829105981936
567,distanceM,1397.0129556031393
567,motionIntensityG,0.758
567,activeEnergyKcal,27.47820267686439
567,heartRateBpm,137.67853059411806
568,speedMps,2.611786786275266
568,paceSecPerKm,382.8796459400596
568,cadenceSpm,169.0903434408224
568,distanceM,1399.6247423894145
568,motionIntensityG,0.758
568,activeEnergyKcal,27.529923518164583
568,heartRateBpm,138.4549625139598
569,speedMps,2.5452766699467393
569,paceSecPerKm,392.88459750072093
569,cadenceSpm,169.0516887672599
569,distanceM,1402.1700190593613
569,motionIntensityG,0.758
569,activeEnergyKcal,27.581644359464775
569,heartRateBpm,136.2286851941031
570,speedMps,2.6422310970435774
570,paceSecPerKm,378.4680307180214
570,cadenceSpm,168.87500943892775
570,distanceM,1404.8122501564048
570,motionIntensityG,0.758
570,activeEnergyKcal,27.633365200764967
570,heartRateBpm,137.01420148098745
571,speedMps,2.5244667013240707
571,paceSecPerKm,396.1232681245131
571,cadenceSpm,169.7528210419714
571,distanceM,1407.336716857729
571,motionIntensityG,0.758
571,activeEnergyKcal,27.68508604206516
571,heartRateBpm,137.84613590651273
572,speedMps,2.6848608920111046
572,paceSecPerKm,372.4587754157149
572,cadenceSpm,170.59818840402056
572,distanceM,1410.0215777497401
572,motionIntensityG,0.758
572,activeEnergyKcal,27.73680688336535
572,heartRateBpm,137.235787115992
573,speedMps,2.5478416253006393
573,paceSecPerKm,392.4890739164379
573,cadenceSpm,169.98999629116608
573,distanceM,1412.5694193750408
573,motionIntensityG,0.758
573,activeEnergyKcal,27.788527724665542
573,heartRateBpm,138.95411567705662
574,speedMps,2.586925014009649
574,paceSecPerKm,386.5593299320388
574,cadenceSpm,171.66956559092188
574,distanceM,1415.1563443890504
574,motionIntensityG,0.758
574,activeEnergyKcal,27.840248565965734
574,heartRateBpm,139.44975522162872
575,speedMps,2.5002840129344106
575,paceSecPerKm,399.9545630923621
575,cadenceSpm,167.0809075519823
575,distanceM,1417.6566284019848
575,motionIntensityG,0.758
575,activeEnergyKcal,27.891969407265925
575,heartRateBpm,138.3467306948641
576,speedMps,2.6180290542207447
576,paceSecPerKm,381.9667311895626
576,cadenceSpm,168.9668273549394
576,distanceM,1420.2746574562054
576,motionIntensityG,0.758
576,activeEnergyKcal,27.943690248566117
576,heartRateBpm,137.90157788983726
577,speedMps,2.6366564241723256
577,paceSecPerKm,379.26822426775254
577,cadenceSpm,170.3814347106113
577,distanceM,1422.9113138803777
577,motionIntensityG,0.758
577,activeEnergyKcal,27.99541108986631
577,heartRateBpm,138.09075682848504
578,speedMps,2.706735496251901
578,paceSecPerKm,369.44873312694585
578,cadenceSpm,169.8269171734609
578,distanceM,1425.6180493766296
578,motionIntensityG,0.758
578,activeEnergyKcal,28.0471319311665
578,heartRateBpm,137.11108254518302
579,speedMps,2.573602425555992
579,paceSecPerKm,388.56040469575
579,cadenceSpm,170.9203011717945
579,distanceM,1428.1916518021856
579,motionIntensityG,0.758
579,activeEnergyKcal,28.098852772466692
579,heartRateBpm,135.61224808435563
580,speedMps,2.544897148502672
580,paceSecPerKm,392.9431885246776
580,cadenceSpm,171.64434025946764
580,distanceM,1430.7365489506883
580,motionIntensityG,0.758
580,activeEnergyKcal,28.150573613766884
580,heartRateBpm,137.02153596708007
581,speedMps,2.655617762266923
581,paceSecPerKm,376.5602166881001
581,cadenceSpm,172.55819390693682
581,distanceM,1433.3921667129553
581,motionIntensityG,0.758
581,activeEnergyKcal,28.202294455067076
581,heartRateBpm,138.52294894803902
582,speedMps,2.5260646094598065
582,paceSecPerKm,395.87269314297066
582,cadenceSpm,171.70505517379584
582,distanceM,1435.918231322415
582,motionIntensityG,0.758
582,activeEnergyKcal,28.254015296367267
582,heartRateBpm,137.18482155127612
583,speedMps,2.494335616849951
583,paceSecPerKm,400.90835942233025
583,cadenceSpm,170.15596733918247
583,distanceM,1438.412566939265
583,motionIntensityG,0.758
583,activeEnergyKcal,28.30573613766746
583,heartRateBpm,137.81088785329965
584,speedMps,2.638991691251493
584,paceSecPerKm,378.93260646295124
584,cadenceSpm,169.5922878526279
584,distanceM,1441.0515586305164
584,motionIntensityG,0.758
584,activeEnergyKcal,28.35745697896765
584,heartRateBpm,138.18330280419403
585,speedMps,2.5174426020371827
585,paceSecPerKm,397.2285204003352
585,cadenceSpm,168.71468465276504
585,distanceM,1443.5690012325535
585,motionIntensityG,0.758
585,activeEnergyKcal,28.409177820267843
585,heartRateBpm,138.94356745057607
586,speedMps,2.5195338027383962
586,paceSecPerKm,396.8988226762958
586,cadenceSpm,167.25090595868562
586,distanceM,1446.088535035292
586,motionIntensityG,0.758
586,activeEnergyKcal,28.460898661568034
586,heartRateBpm,139.25327765094994
587,speedMps,2.521762068166135
587,paceSecPerKm,396.5481171374807
587,cadenceSpm,169.61660689918656
587,distanceM,1448.610297103458
587,motionIntensityG,0.758
587,activeEnergyKcal,28.512619502868226
587,heartRateBpm,139.91403496109362
588,speedMps,2.651627985803125
588,paceSecPerKm,377.1268086451124
588,cadenceSpm,170.88893757011905
588,distanceM,1451.261925089261
588,motionIntensityG,0.758
588,activeEnergyKcal,28.564340344168418
588,heartRateBpm,139.83009575090153
589,speedMps,2.641111782816061
589,paceSecPerKm,378.62842705345827
589,cadenceSpm,170.68348321891497
589,distanceM,1453.903036872077
589,motionIntensityG,0.758
589,activeEnergyKcal,28.61606118546861
589,heartRateBpm,140.02041334463348
590,speedMps,2.5093237497419056
590,paceSecPerKm,398.5137430364871
590,cadenceSpm,169.17388948421183
590,distanceM,1456.412360621819
590,motionIntensityG,0.758
590,activeEnergyKcal,28.6677820267688
590,heartRateBpm,141.86481201776206
591,speedMps,2.518256405423593
591,paceSecPerKm,397.100151456496
591,cadenceSpm,171.32651767772057
591,distanceM,1458.9306170272428
591,motionIntensityG,0.758
591,activeEnergyKcal,28.719502868068993
591,heartRateBpm,140.12707383494035
592,speedMps,2.477662525728623
592,paceSecPerKm,403.6062173987651
592,cadenceSpm,170.32336990229987
592,distanceM,1461.4082795529714
592,motionIntensityG,0.758
592,activeEnergyKcal,28.771223709369185
592,heartRateBpm,142.70551570808337
593,speedMps,2.6231655965531755
593,paceSecPerKm,381.2187844007996
593,cadenceSpm,170.17625254164673
593,distanceM,1464.0314451495246
593,motionIntensityG,0.758
593,activeEnergyKcal,28.822944550669376
593,heartRateBpm,141.54939101172877
594,speedMps,2.58207059911192
594,paceSecPerKm,387.28607976247474
594,cadenceSpm,170.46404471210167
594,distanceM,1466.6135157486365
594,motionIntensityG,0.758
594,activeEnergyKcal,28.874665391969568
594,heartRateBpm,144.20104465093544
595,speedMps,2.5468082786853095
595,paceSecPerKm,392.64832314594605
595,cadenceSpm,169.4365029637447
595,distanceM,1469.1603240273218
595,motionIntensityG,0.758
595,activeEnergyKcal,28.92638623326976
595,heartRateBpm,144.3763068106278
596,speedMps,2.455762980656758
596,paceSecPerKm,407.20542164560385
596,cadenceSpm,170.70371101814013
596,distanceM,1471.6160870079786
596,motionIntensityG,0.758
596,activeEnergyKcal,28.97810707456995
596,heartRateBpm,145.8868858052508
597,speedMps,2.5976598549616914
597,paceSecPerKm,384.96187177468136
597,cadenceSpm,168.6388164832371
597,distanceM,1474.2137468629403
597,motionIntensityG,0.758
597,activeEnergyKcal,29.029827915870143
597,heartRateBpm,145.11711613273738
598,speedMps,2.5049117042784896
598,paceSecPerKm,399.2156682776323
598,cadenceSpm,170.43914990797327
598,distanceM,1476.7186585672189
598,motionIntensityG,0.758
598,activeEnergyKcal,29.081548757170335
598,heartRateBpm,143.88785708658082
599,speedMps,2.5435382038202543
599,paceSecPerKm,393.15312759920613
599,cadenceSpm,169.17417111459005
599,distanceM,1479.262196771039
599,motionIntensityG,0.758
599,activeEnergyKcal,29.133269598470527
599,heartRateBpm,143.9312185717261
600,speedMps,2.5546312889656497
600,paceSecPerKm,391.4459218907055
600,cadenceSpm,170.7285797464655
600,distanceM,1481.8168280600046
600,motionIntensityG,0.758
600,activeEnergyKcal,29.18499043977072
600,heartRateBpm,144.60227597559194
601,speedMps,2.591372951878878
601,paceSecPerKm,385.8958237852057
601,cadenceSpm,170.0403685454365
601,distanceM,1484.4082010118834
601,motionIntensityG,0.758
601,activeEnergyKcal,29.23671128107091
601,heartRateBpm,146.1606161188918
602,speedMps,2.611959661057065
602,paceSecPerKm,382.8543047235646
602,cadenceSpm,169.42404054951442
602,distanceM,1487.0201606729404
602,motionIntensityG,0.758
602,activeEnergyKcal,29.288432122371102
602,heartRateBpm,145.22979500389718
603,speedMps,2.5715522241993027
603,paceSecPerKm,388.8701892147523
603,cadenceSpm,167.44756963613202
603,distanceM,1489.5917128971396
603,motionIntensityG,0.758
603,activeEnergyKcal,29.340152963671294
603,heartRateBpm,146.0609222511408
604,speedMps,2.548611794647956
604,paceSecPerKm,392.37046697342606
604,cadenceSpm,168.9444730763826
604,distanceM,1492.1403246917876
604,motionIntensityG,0.758
604,activeEnergyKcal,29.391873804971485
604,heartRateBpm,146.03463211566418
605,speedMps,2.5862627512864496
605,paceSecPerKm,386.658315943569
605,cadenceSpm,169.79735334972332
605,distanceM,1494.726587443074
605,motionIntensityG,0.758
605,activeEnergyKcal,29.443594646271677
605,heartRateBpm,145.64040927196584
606,speedMps,2.6736802650991724
606,paceSecPerKm,374.0162999493538
606,cadenceSpm,168.83479611683498
606,distanceM,1497.4002677081733
606,motionIntensityG,0.758
606,activeEnergyKcal,29.49531548757187
606,heartRateBpm,143.6085345028534
607,speedMps,2.5446659772388025
607,paceSecPerKm,392.9788856159001
607,cadenceSpm,169.54071759323398
607,distanceM,1499.944933685412
607,motionIntensityG,0.758
607,activeEnergyKcal,29.54703632887206
607,heartRateBpm,143.86478066004756
608,speedMps,2.4816442288425073
608,paceSecPerKm,402.9586466817694
608,cadenceSpm,167.0032588313358
608,distanceM,1502.4265779142545
608,motionIntensityG,0.758
608,activeEnergyKcal,29.598757170172252
608,heartRateBpm,143.45645732665474
609,speedMps,2.51499173530533
609,paceSecPerKm,397.6156207442153
609,cadenceSpm,168.78088808663932
609,distanceM,1504.9415696495598
609,motionIntensityG,0.758
609,activeEnergyKcal,29.650478011472444
609,heartRateBpm,142.0023532734264
610,speedMps,2.649749760842122
610,paceSecPerKm,377.39412784480754
610,cadenceSpm,168.23705117882506
610,distanceM,1507.5913194104019
610,motionIntensityG,0.758
610,activeEnergyKcal,29.702198852772636
610,heartRateBpm,142.64638971609605
611,speedMps,2.6101877256727115
611,paceSecPerKm,383.1142067539509
611,cadenceSpm,168.2893802181737
611,distanceM,1510.2015071360745
611,motionIntensityG,0.758
611,activeEnergyKcal,29.753919694072827
611,heartRateBpm,143.93690868206463
612,speedMps,2.585726726919055
612,paceSecPerKm,386.738470693506
612,cadenceSpm,170.05495731203547
612,distanceM,1512.7872338629936
612,motionIntensityG,0.758
612,activeEnergyKcal,29.80564053537302
612,heartRateBpm,143.26363077047253
613,speedMps,2.5339370738994416
613,paceSecPerKm,394.64279137015563
613,cadenceSpm,171.72112784997736
613,distanceM,1515.3211709368932
613,motionIntensityG,0.758
613,activeEnergyKcal,29.85736137667321
613,heartRateBpm,142.59193400097655
614,speedMps,2.560925969597729
614,paceSecPerKm,390.4837593400173
614,cadenceSpm,168.81981374906113
614,distanceM,1517.882096906491
614,motionIntensityG,0.758
614,activeEnergyKcal,29.909082217973403
614,heartRateBpm,141.71029796956165
615,speedMps,2.512521998133743
615,paceSecPerKm,398.0064655126531
615,cadenceSpm,167.43975317101916
615,distanceM,1520.3946189046246
615,motionIntensityG,0.758
615,activeEnergyKcal,29.960803059273594
615,heartRateBpm,140.83929160345946
616,speedMps,2.6461826667481887
616,paceSecPerKm,377.9028608137883
616,cadenceSpm,168.8782258663014
616,distanceM,1523.0408015713729
616,motionIntensityG,0.758
616,activeEnergyKcal,30.012523900573786
616,heartRateBpm,139.1862514687105
617,speedMps,2.5908435161483476
617,paceSecPerKm,385.9746811288087
617,cadenceSpm,169.72926538211212
617,distanceM,1525.6316450875213
617,motionIntensityG,0.758
617,activeEnergyKcal,30.064244741873978
617,heartRateBpm,139.7448477487909
618,speedMps,2.462848446279067
618,paceSecPerKm,406.03391634220327
618,cadenceSpm,170.22208489591932
618,distanceM,1528.0944935338005
618,motionIntensityG,0.758
618,activeEnergyKcal,30.11596558317417
618,heartRateBpm,138.7043006400969
619,speedMps,2.4938920344995887
619,paceSecPerKm,400.9796679913831
619,cadenceSpm,173.56242089508686
619,distanceM,1530.5883855683
619,motionIntensityG,0.758
619,activeEnergyKcal,30.16768642447436
619,heartRateBpm,136.17063959058515
620,speedMps,2.5891692554574233
620,paceSecPerKm,386.2242678388872
620,cadenceSpm,171.92109847866737
620,distanceM,1533.1775548237574
620,motionIntensityG,0.758
620,activeEnergyKcal,30.219407265774553
620,heartRateBpm,136.08802265200646
621,speedMps,2.6250832016228114
621,paceSecPerKm,380.9403067231567
621,cadenceSpm,168.6861236779011
621,distanceM,1535.8026380253802
621,motionIntensityG,0.758
621,activeEnergyKcal,30.271128107074745
621,heartRateBpm,138.0876624475721
622,speedMps,2.5712842611216633
622,paceSecPerKm,388.91071482068384
622,cadenceSpm,171.4439460806162
622,distanceM,1538.373922286502
622,motionIntensityG,0.758
622,activeEnergyKcal,30.322848948374936
622,heartRateBpm,138.7665445399454
623,speedMps,2.520353411462868
623,paceSecPerKm,396.76975278620876
623,cadenceSpm,168.89313192248105
623,distanceM,1540.8942756979648
623,motionIntensityG,0.758
623,activeEnergyKcal,30.374569789675128
623,heartRateBpm,141.226271893039
624,speedMps,2.610073708456385
624,paceSecPerKm,383.1309425324263
624,cadenceSpm,168.2089057795444
624,distanceM,1543.5043494064212
624,motionIntensityG,0.758
624,activeEnergyKcal,30.42629063097532
624,heartRateBpm,141.94661383291827
625,speedMps,2.646663032106542
625,paceSecPerKm,377.8342720131154
625,cadenceSpm,169.79630764815843
625,distanceM,1546.1510124385277
625,motionIntensityG,0.758
625,activeEnergyKcal,30.47801147227551
625,heartRateBpm,142.34863916365805
626,speedMps,2.4828477005757663
626,paceSecPerKm,402.76332687184254
626,cadenceSpm,172.95870510323505
626,distanceM,1548.6338601391035
626,motionIntensityG,0.758
626,activeEnergyKcal,30.529732313575703
626,heartRateBpm,143.11645275997154
627,speedMps,2.528742091123281
627,paceSecPerKm,395.45353538042883
627,cadenceSpm,173.172361592015
627,distanceM,1551.1626022302269
627,motionIntensityG,0.758
627,activeEnergyKcal,30.581453154875895
627,heartRateBpm,144.25983832893752
628,speedMps,2.60971762125606
628,paceSecPerKm,383.1832194621496
628,cadenceSpm,170.53405805079709
628,distanceM,1553.772319851483
628,motionIntensityG,0.758
628,activeEnergyKcal,30.633173996176087
628,heartRateBpm,143.01709195339194
629,speedMps,2.6070059986910623
629,paceSecPerKm,383.5817794443452
629,cadenceSpm,169.28872374853984
629,distanceM,1556.379325850174
629,motionIntensityG,0.758
629,activeEnergyKcal,30.68489483747628
629,heartRateBpm,142.36380920278825
630,speedMps,2.5370421408592
630,paceSecPerKm,394.15979100029375
630,cadenceSpm,169.68244341436332
630,distanceM,1558.9163679910332
630,motionIntensityG,0.758
630,activeEnergyKcal,30.73661567877647
630,heartRateBpm,141.92389370301424
631,speedMps,2.5428076822619228
631,paceSecPerKm,393.26607630446614
631,cadenceSpm,170.99621136816296
631,distanceM,1561.459175673295
631,motionIntensityG,0.758
631,activeEnergyKcal,30.788336520076662
631,heartRateBpm,144.4668194069322
632,speedMps,2.6237890954506664
632,paceSecPerKm,381.1281942340104
632,cadenceSpm,170.33399486858494
632,distanceM,1564.0829647687458
632,motionIntensityG,0.758
632,activeEnergyKcal,30.840057361376854
632,heartRateBpm,143.8776450562836
633,speedMps,2.5714872636898365
633,paceSecPerKm,388.88001279271214
633,cadenceSpm,166.9615248025068
633,distanceM,1566.6544520324355
633,motionIntensityG,0.758
633,activeEnergyKcal,30.891778202677045
633,heartRateBpm,143.74386610622497
634,speedMps,2.4981473839590884
634,paceSecPerKm,400.29663838936125
634,cadenceSpm,171.0223914118514
634,distanceM,1569.1525994163947
634,motionIntensityG,0.758
634,activeEnergyKcal,30.943499043977237
634,heartRateBpm,141.81465267999096
635,speedMps,2.564448878721007
635,paceSecPerKm,389.947332659928
635,cadenceSpm,168.24305628922122
635,distanceM,1571.7170482951155
635,motionIntensityG,0.758
635,activeEnergyKcal,30.99521988527743
635,heartRateBpm,141.9852889203209
636,speedMps,2.5714944378573414
636,paceSecPerKm,388.8789278631436
636,cadenceSpm,171.76935492148206
636,distanceM,1574.288542732973
636,motionIntensityG,0.758
636,activeEnergyKcal,31.04694072657762
636,heartRateBpm,143.31325664902045
637,speedMps,2.6155888020712403
637,paceSecPerKm,382.3230926849499
637,cadenceSpm,167.2439325437607
637,distanceM,1576.9041315350441
637,motionIntensityG,0.758
637,activeEnergyKcal,31.098661567877812
637,heartRateBpm,142.71419537364397
638,speedMps,2.607313750280354
638,paceSecPerKm,383.53650376464054
638,cadenceSpm,168.15525053459783
638,distanceM,1579.5114452853245
638,motionIntensityG,0.758
638,activeEnergyKcal,31.150382409178004
638,heartRateBpm,140.79375019311905
639,speedMps,2.594006406092472
639,paceSecPerKm,385.50405953174493
639,cadenceSpm,171.44869523729923
639,distanceM,1582.1054516914169
639,motionIntensityG,0.758
639,activeEnergyKcal,31.202103250478196
639,heartRateBpm,141.89251328284962
640,speedMps,2.424263747860671
640,paceSecPerKm,412.4963716849973
640,cadenceSpm,168.92933035873577
640,distanceM,1584.5297154392777
640,motionIntensityG,0.758
640,activeEnergyKcal,31.253824091778387
640,heartRateBpm,143.29302153078822
641,speedMps,2.568957187997815
641,paceSecPerKm,389.2630070567181
641,cadenceSpm,169.999433208739
641,distanceM,1587.0986726272754
641,motionIntensityG,0.758
641,activeEnergyKcal,31.30554493307858
641,heartRateBpm,143.50828589389891
642,speedMps,2.6538549074201043
642,paceSecPerKm,376.8103513134904
642,cadenceSpm,168.60394581420925
642,distanceM,1589.7525275346954
642,motionIntensityG,0.758
642,activeEnergyKcal,31.35726577437877
642,heartRateBpm,145.29137532770457
643,speedMps,2.599944270086594
643,paceSecPerKm,384.6236288621271
643,cadenceSpm,172.96853556279999
643,distanceM,1592.352471804782
643,motionIntensityG,0.758
643,activeEnergyKcal,31.408986615678963
643,heartRateBpm,143.03383550604497
644,speedMps,2.5233907027642744
644,paceSecPerKm,396.2921789735294
644,cadenceSpm,171.0974125503988
644,distanceM,1594.8758625075463
644,motionIntensityG,0.758
644,activeEnergyKcal,31.460707456979154
644,heartRateBpm,144.07274076017927
645,speedMps,2.578614852781361
645,paceSecPerKm,387.8051035506035
645,cadenceSpm,168.35083032194814
645,distanceM,1597.4544773603277
645,motionIntensityG,0.758
645,activeEnergyKcal,31.512428298279346
645,heartRateBpm,145.32848363750418
646,speedMps,2.514207538804508
646,paceSecPerKm,397.73963945533893
646,cadenceSpm,172.72975008245984
646,distanceM,1599.9686848991323
646,motionIntensityG,0.758
646,activeEnergyKcal,31.564149139579538
646,heartRateBpm,144.73748777083298
647,speedMps,2.5315698286345905
647,paceSecPerKm,395.01181784085054
647,cadenceSpm,169.10553406757234
647,distanceM,1602.500254727767
647,motionIntensityG,0.758
647,activeEnergyKcal,31.61586998087973
647,heartRateBpm,143.73895640476954
648,speedMps,2.507087667137348
648,paceSecPerKm,398.86917921056335
648,cadenceSpm,171.82791013207606
648,distanceM,1605.0073423949043
648,motionIntensityG,0.758
648,activeEnergyKcal,31.66759082217992
648,heartRateBpm,143.22663752224705
649,speedMps,2.6025131010899347
649,paceSecPerKm,384.2439830874239
649,cadenceSpm,167.86113952047987
649,distanceM,1607.6098554959942
649,motionIntensityG,0.758
649,activeEnergyKcal,31.719311663480113
649,heartRateBpm,143.3829326445324
650,speedMps,2.508384825908003
650,paceSecPerKm,398.66291235357517
650,cadenceSpm,165.9455588529551
650,distanceM,1610.1182403219022
650,motionIntensityG,0.758
650,activeEnergyKcal,31.771032504780305
650,heartRateBpm,143.0640955039451
651,speedMps,2.6803311090406905
651,paceSecPerKm,373.08823399729414
651,cadenceSpm,171.27330197709747
651,distanceM,1612.798571430943
651,motionIntensityG,0.758
651,activeEnergyKcal,31.822753346080496
651,heartRateBpm,145.90235053573284
652,speedMps,2.7014576404142363
652,paceSecPerKm,370.1705275847531
652,cadenceSpm,169.76068546447289
652,distanceM,1615.5000290713572
652,motionIntensityG,0.758
652,activeEnergyKcal,31.874474187380688
652,heartRateBpm,144.78700843269792
653,speedMps,2.5694645233180786
653,paceSecPerKm,389.18614790160626
653,cadenceSpm,172.07717573485002
653,distanceM,1618.0694935946754
653,motionIntensityG,0.758
653,activeEnergyKcal,31.92619502868088
653,heartRateBpm,143.8795157075188
654,speedMps,2.596527337827897
654,paceSecPerKm,385.12977908275815
654,cadenceSpm,168.95616140380312
654,distanceM,1620.6660209325032
654,motionIntensityG,0.758
654,activeEnergyKcal,31.97791586998107
654,heartRateBpm,145.08586126749475
655,speedMps,2.5217890156651306
655,paceSecPerKm,396.54387967751796
655,cadenceSpm,170.3504403637807
655,distanceM,1623.1878099481683
655,motionIntensityG,0.758
655,activeEnergyKcal,32.02963671128126
655,heartRateBpm,141.29671561204074
656,speedMps,2.4676352584878605
656,paceSecPerKm,405.2462763936956
656,cadenceSpm,171.43678418904352
656,distanceM,1625.6554452066562
656,motionIntensityG,0.758
656,activeEnergyKcal,32.08135755258145
656,heartRateBpm,139.80738776322582
657,speedMps,2.5214984773223637
657,paceSecPerKm,396.58957123857664
657,cadenceSpm,170.77249418043698
657,distanceM,1628.1769436839786
657,motionIntensityG,0.758
657,activeEnergyKcal,32.13307839388164
657,heartRateBpm,139.133900793143
658,speedMps,2.672407473704525
658,paceSecPerKm,374.19443323655554
658,cadenceSpm,171.60554436552152
658,distanceM,1630.849351157683
658,motionIntensityG,0.758
658,activeEnergyKcal,32.18479923518183
658,heartRateBpm,137.50206503693002
659,speedMps,2.676170139765446
659,paceSecPerKm,373.66831994009374
659,cadenceSpm,169.16805240289298
659,distanceM,1633.5255212974484
659,motionIntensityG,0.758
659,activeEnergyKcal,32.236520076482016
659,heartRateBpm,137.71730743862545
660,speedMps,2.5439963027093735
660,paceSecPerKm,393.0823322875875
660,cadenceSpm,169.5852251553841
660,distanceM,1636.0695176001577
660,motionIntensityG,0.758
660,activeEnergyKcal,32.288240917782204
660,heartRateBpm,138.63398430747088
661,speedMps,2.5234238135809544
661,paceSecPerKm,396.28697907107187
661,cadenceSpm,168.83604685837963
661,distanceM,1638.5929414137386
661,motionIntensityG,0.758
661,activeEnergyKcal,32.33996175908239
661,heartRateBpm,139.10196351597295
662,speedMps,2.566501296680984
662,paceSecPerKm,389.6354937724779
662,cadenceSpm,167.39754479118776
662,distanceM,1641.1594427104196
662,motionIntensityG,0.758
662,activeEnergyKcal,32.39168260038258
662,heartRateBpm,139.33100678607713
663,speedMps,2.581375693895311
663,paceSecPerKm,387.39033700708404
663,cadenceSpm,169.69378559520868
663,distanceM,1643.740818404315
663,motionIntensityG,0.758
663,activeEnergyKcal,32.44340344168277
663,heartRateBpm,140.4194698565314
664,speedMps,2.5883157220886415
664,paceSecPerKm,386.3516307017793
664,cadenceSpm,170.8611098546071
664,distanceM,1646.3291341264037
664,motionIntensityG,0.758
664,activeEnergyKcal,32.49512428298296
664,heartRateBpm,141.16605387646226
665,speedMps,2.5283561770061764
665,paceSecPerKm,395.51389519181544
665,cadenceSpm,170.3701963602996
665,distanceM,1648.8574903034098
665,motionIntensityG,0.758
665,activeEnergyKcal,32.546845124283145
665,heartRateBpm,140.65619642686502
666,speedMps,2.5373942453302294
666,paceSecPerKm,394.10509495730923
666,cadenceSpm,170.57432137394656
666,distanceM,1651.39488454874
666,motionIntensityG,0.758
666,activeEnergyKcal,32.59856596558333
666,heartRateBpm,142.67920575751685
667,speedMps,2.572749542996173
667,paceSecPerKm,388.6892148994107
667,cadenceSpm,170.5637134335959
667,distanceM,1653.9676340917363
667,motionIntensityG,0.758
667,activeEnergyKcal,32.65028680688352
667,heartRateBpm,140.17048655632067
668,speedMps,2.5786463773400747
668,paceSecPerKm,387.8003625419628
668,cadenceSpm,171.5647434001471
668,distanceM,1656.5462804690762
668,motionIntensityG,0.758
668,activeEnergyKcal,32.70200764818371
668,heartRateBpm,139.90284535037875
669,speedMps,2.6168729651196347
669,paceSecPerKm,382.1354774683468
669,cadenceSpm,167.99234854792593
669,distanceM,1659.163153434196
669,motionIntensityG,0.758
669,activeEnergyKcal,32.7537284894839
669,heartRateBpm,140.8903684874426
670,speedMps,2.6066786197337923
670,paceSecPerKm,383.6299543908199
670,cadenceSpm,170.4518333803565
670,distanceM,1661.7698320539298
670,motionIntensityG,0.758
670,activeEnergyKcal,32.805449330784086
670,heartRateBpm,141.86536534641598
671,speedMps,2.4765567341939385
671,paceSecPerKm,403.78642903388874
671,cadenceSpm,168.03884436597662
671,distanceM,1664.2463887881238
671,motionIntensityG,0.758
671,activeEnergyKcal,32.857170172084274
671,heartRateBpm,142.21522821384914
672,speedMps,2.50725892111095
672,paceSecPerKm,398.84193514282384
672,cadenceSpm,168.5219701844217
672,distanceM,1666.7536477092347
672,motionIntensityG,0.758
672,activeEnergyKcal,32.90889101338446
672,heartRateBpm,142.25905779521895
673,speedMps,2.6262209338764437
673,paceSecPerKm,380.77527564443943
673,cadenceSpm,171.4720148089484
673,distanceM,1669.3798686431112
673,motionIntensityG,0.758
673,activeEnergyKcal,32.96061185468465
673,heartRateBpm,144.28980294205581
674,speedMps,2.533494555032332
674,paceSecPerKm,394.71172259426396
674,cadenceSpm,170.10206462197712
674,distanceM,1671.9133631981435
674,motionIntensityG,0.758
674,activeEnergyKcal,33.01233269598484
674,heartRateBpm,143.52152833230053
675,speedMps,2.6101102353433263
675,paceSecPerKm,383.12558085059686
675,cadenceSpm,167.38452641790184
675,distanceM,1674.523473433487
675,motionIntensityG,0.758
675,activeEnergyKcal,33.06405353728503
675,heartRateBpm,143.66479420787593
676,speedMps,2.4854240355435957
676,paceSecPerKm,402.3458314151559
676,cadenceSpm,172.71938063440606
676,distanceM,1677.0088974690307
676,motionIntensityG,0.758
676,activeEnergyKcal,33.115774378585215
676,heartRateBpm,143.6379341233867
677,speedMps,2.5602424445576077
677,paceSecPerKm,390.58800939955245
677,cadenceSpm,171.03664918096874
677,distanceM,1679.5691399135883
677,motionIntensityG,0.758
677,activeEnergyKcal,33.1674952198854
677,heartRateBpm,143.2636222668655
678,speedMps,2.594464476976996
678,paceSecPerKm,385.4359960885549
678,cadenceSpm,169.8388267138044
678,distanceM,1682.1636043905653
678,motionIntensityG,0.758
678,activeEnergyKcal,33.21921606118559
678,heartRateBpm,141.09497552069274
679,speedMps,2.6449161711112867
679,paceSecPerKm,378.0838163879653
679,cadenceSpm,168.01284538738864
679,distanceM,1684.8085205616767
679,motionIntensityG,0.758
679,activeEnergyKcal,33.27093690248578
679,heartRateBpm,139.56345661093604
680,speedMps,2.624423512813248
680,paceSecPerKm,381.0360618694698
680,cadenceSpm,171.93328688493332
680,distanceM,1687.43294407449
680,motionIntensityG,0.758
680,activeEnergyKcal,33.32265774378597
680,heartRateBpm,139.1460954541669
681,speedMps,2.5610168830847266
681,paceSecPerKm,390.46989756487164
681,cadenceSpm,171.8108412011307
681,distanceM,1689.9939609575747
681,motionIntensityG,0.758
681,activeEnergyKcal,33.374378585086156
681,heartRateBpm,139.5313076555957
682,speedMps,2.6313097737937716
682,paceSecPerKm,380.03887264030465
682,cadenceSpm,172.1441717864357
682,distanceM,1692.6252707313686
682,motionIntensityG,0.758
682,activeEnergyKcal,33.426099426386344
682,heartRateBpm,139.56828194753663
683,speedMps,2.653329830561583
683,paceSecPerKm,376.8849196514509
683,cadenceSpm,170.5640078811401
683,distanceM,1695.2786005619303
683,motionIntensityG,0.758
683,activeEnergyKcal,33.47782026768653
683,heartRateBpm,138.43221180081474
684,speedMps,2.6098062654138268
684,paceSecPerKm,383.17020433753686
684,cadenceSpm,169.56763553089846
684,distanceM,1697.8884068273442
684,motionIntensityG,0.758
684,activeEnergyKcal,33.52954110898672
684,heartRateBpm,138.54071143752057
685,speedMps,2.5588297580579598
685,paceSecPerKm,390.80364641333404
685,cadenceSpm,170.92454381370467
685,distanceM,1700.4472365854022
685,motionIntensityG,0.758
685,activeEnergyKcal,33.58126195028691
685,heartRateBpm,139.2382930056962
686,speedMps,2.487677816779115
686,paceSecPerKm,401.98131496575206
686,cadenceSpm,169.71517391660103
686,distanceM,1702.9349144021812
686,motionIntensityG,0.758
686,activeEnergyKcal,33.6329827915871
686,heartRateBpm,138.9985916378923
687,speedMps,2.6796748236743015
687,paceSecPerKm,373.1796079006428
687,cadenceSpm,170.03437291986228
687,distanceM,1705.6145892258555
687,motionIntensityG,0.758
687,activeEnergyKcal,33.684703632887285
687,heartRateBpm,140.59979598767077
688,speedMps,2.605360072433135
688,paceSecPerKm,383.8241057659658
688,cadenceSpm,167.44968016686227
688,distanceM,1708.2199492982886
688,motionIntensityG,0.758
688,activeEnergyKcal,33.73642447418747
688,heartRateBpm,139.47879549722944
689,speedMps,2.640300436588401
689,paceSecPerKm,378.74477697398913
689,cadenceSpm,169.07335527645694
689,distanceM,1710.860249734877
689,motionIntensityG,0.758
689,activeEnergyKcal,33.78814531548766
689,heartRateBpm,139.59358598332494
690,speedMps,2.5003181953633846
690,paceSecPerKm,399.94909522092433
690,cadenceSpm,169.2886756328536
690,distanceM,1713.3605679302404
690,motionIntensityG,0.758
690,activeEnergyKcal,33.83986615678785
690,heartRateBpm,139.60641828713793
691,speedMps,2.539406739341376
691,paceSecPerKm,393.792764470398
691,cadenceSpm,168.6448872837819
691,distanceM,1715.8999746695818
691,motionIntensityG,0.758
691,activeEnergyKcal,33.89158699808804
691,heartRateBpm,140.56035755803882
692,speedMps,2.630836898940797
692,paceSecPerKm,380.10718201596256
692,cadenceSpm,170.0810107920352
692,distanceM,1718.5308115685225
692,motionIntensityG,0.758
692,activeEnergyKcal,33.943307839388225
692,heartRateBpm,140.78830862055503
693,speedMps,2.4520960100206945
693,paceSecPerKm,407.81437427956195
693,cadenceSpm,171.1351584614699
693,distanceM,1720.9829075785433
693,motionIntensityG,0.758
693,activeEnergyKcal,33.995028680688414
693,heartRateBpm,141.14632885739073
694,speedMps,2.6000857804016095
694,paceSecPerKm,384.6026956255035
694,cadenceSpm,169.9300382645336
694,distanceM,1723.5829933589448
694,motionIntensityG,0.758
694,activeEnergyKcal,34.0467495219886
694,heartRateBpm,141.35254647484712
695,speedMps,2.580184092660141
695,paceSecPerKm,387.56924470804375
695,cadenceSpm,169.96322159934894
695,distanceM,1726.163177451605
695,motionIntensityG,0.758
695,activeEnergyKcal,34.09847036328879
695,heartRateBpm,140.71523506393396
696,speedMps,2.514408552856405
696,paceSecPerKm,397.7078422136233
696,cadenceSpm,171.2643496148404
696,distanceM,1728.6775860044613
696,motionIntensityG,0.758
696,activeEnergyKcal,34.15019120458898
696,heartRateBpm,141.00741602717636
697,speedMps,2.5771059289476845
697,paceSecPerKm,388.03216769918816
697,cadenceSpm,170.7528666055208
697,distanceM,1731.254691933409
697,motionIntensityG,0.758
697,activeEnergyKcal,34.201912045889166
697,heartRateBpm,141.61767738029414
698,speedMps,2.577486123582757
698,paceSecPerKm,387.9749306312385
698,cadenceSpm,170.4498890962749
698,distanceM,1733.8321780569918
698,motionIntensityG,0.758
698,activeEnergyKcal,34.253632887189355
698,heartRateBpm,142.50705672595018
699,speedMps,2.51695363146721
699,paceSecPerKm,397.3056902987399
699,cadenceSpm,171.32336869630078
699,distanceM,1736.349131688459
699,motionIntensityG,0.758
699,activeEnergyKcal,34.30535372848954
699,heartRateBpm,141.32121362939836
700,speedMps,2.6284776557527847
700,paceSecPerKm,380.44835489141883
700,cadenceSpm,170.15796280189923
700,distanceM,1738.9776093442117
700,motionIntensityG,0.758
700,activeEnergyKcal,34.35707456978973
700,heartRateBpm,139.46656919328467
701,speedMps,2.6190019508049045
701,paceSecPerKm,381.8248396847003
701,cadenceSpm,169.25991665851964
701,distanceM,1741.5966112950166
701,motionIntensityG,0.758
701,activeEnergyKcal,34.40879541108992
701,heartRateBpm,139.4234552393338
702,speedMps,2.6086387476757236
702,paceSecPerKm,383.34169531560934
702,cadenceSpm,167.278822343824
702,distanceM,1744.2052500426923
702,motionIntensityG,0.758
702,activeEnergyKcal,34.46051625239011
702,heartRateBpm,139.9642385293494
703,speedMps,2.6896935306323746
703,paceSecPerKm,371.7895695592091
703,cadenceSpm,171.90961458663034
703,distanceM,1746.8949435733248
703,motionIntensityG,0.758
703,activeEnergyKcal,34.512237093690295
703,heartRateBpm,140.00489860683453
704,speedMps,2.6969742259811422
704,paceSecPerKm,370.7858941945232
704,cadenceSpm,170.71480208235232
704,distanceM,1749.591917799306
704,motionIntensityG,0.758
704,activeEnergyKcal,34.56395793499048
704,heartRateBpm,140.22435251016603
705,speedMps,2.6199144551260174
705,paceSecPerKm,381.6918518249483
705,cadenceSpm,167.73671302512764
705,distanceM,1752.211832254432
705,motionIntensityG,0.758
705,activeEnergyKcal,34.61567877629067
705,heartRateBpm,139.81777989992605
706,speedMps,2.4961493383255453
706,paceSecPerKm,400.6170562979277
706,cadenceSpm,169.50544030548602
706,distanceM,1754.7079815927575
706,motionIntensityG,0.758
706,activeEnergyKcal,34.66739961759086
706,heartRateBpm,140.24951013698683
707,speedMps,2.465499629560393
707,paceSecPerKm,405.5973028794587
707,cadenceSpm,169.9239496109527
707,distanceM,1757.1734812223178
707,motionIntensityG,0.758
707,activeEnergyKcal,34.71912045889105
707,heartRateBpm,140.50103697518375
708,speedMps,2.658757142576196
708,paceSecPerKm,376.11558573230667
708,cadenceSpm,169.97941058394017
708,distanceM,1759.832238364894
708,motionIntensityG,0.758
708,activeEnergyKcal,34.770841300191236
708,heartRateBpm,141.6207803530221
709,speedMps,2.565273632285739
709,paceSecPerKm,389.82196184231964
709,cadenceSpm,166.18954330288253
709,distanceM,1762.3975119971797
709,motionIntensityG,0.758
709,activeEnergyKcal,34.822562141491424
709,heartRateBpm,143.12890254668812
710,speedMps,2.5777741837553445
710,paceSecPerKm,387.93157534970084
710,cadenceSpm,169.6426566766329
710,distanceM,1764.975286180935
710,motionIntensityG,0.758
710,activeEnergyKcal,34.87428298279161
710,heartRateBpm,144.05329290078362
711,speedMps,2.6799858496232902
711,paceSecPerKm,373.1362985146224
711,cadenceSpm,169.3180525145851
711,distanceM,1767.6552720305583
711,motionIntensityG,0.758
711,activeEnergyKcal,34.9260038240918
711,heartRateBpm,143.4408079665435
712,speedMps,2.510806587566619
712,paceSecPerKm,398.2783878901493
712,cadenceSpm,171.21374515253464
712,distanceM,1770.1660786181249
712,motionIntensityG,0.758
712,activeEnergyKcal,34.97772466539199
712,heartRateBpm,144.0199959872126
713,speedMps,2.585834655717685
713,paceSecPerKm,386.7223288189922
713,cadenceSpm,171.88133389864473
713,distanceM,1772.7519132738425
713,motionIntensityG,0.758
713,activeEnergyKcal,35.02944550669218
713,heartRateBpm,142.91724070446656
714,speedMps,2.5499493650678677
714,paceSecPerKm,392.1646498942871
714,cadenceSpm,171.58596517268143
714,distanceM,1775.3018626389105
714,motionIntensityG,0.758
714,activeEnergyKcal,35.081166347992365
714,heartRateBpm,142.93203376465513
715,speedMps,2.4935730169669856
715,paceSecPerKm,401.03096769002286
715,cadenceSpm,170.46962887162275
715,distanceM,1777.7954356558776
715,motionIntensityG,0.758
715,activeEnergyKcal,35.13288718929255
715,heartRateBpm,143.1836777558057
716,speedMps,2.5007760049689427
716,paceSecPerKm,399.8758777327676
716,cadenceSpm,168.14880674418094
716,distanceM,1780.2962116608464
716,motionIntensityG,0.758
716,activeEnergyKcal,35.18460803059274
716,heartRateBpm,142.1609817424252
717,speedMps,2.552752097592265
717,paceSecPerKm,391.7340821865123
717,cadenceSpm,168.65123828606096
717,distanceM,1782.8489637584387
717,motionIntensityG,0.758
717,activeEnergyKcal,35.23632887189293
717,heartRateBpm,145.07907096299783
718,speedMps,2.5925930099114742
718,paceSecPerKm,385.7142236274662
718,cadenceSpm,169.61617522168817
718,distanceM,1785.4415567683502
718,motionIntensityG,0.758
718,activeEnergyKcal,35.28804971319312
718,heartRateBpm,146.45060658347916
719,speedMps,2.6078408500518604
719,paceSecPerKm,383.4589829283922
719,cadenceSpm,167.1155729051327
719,distanceM,1788.049397618402
719,motionIntensityG,0.758
719,activeEnergyKcal,35.339770554493306
719,heartRateBpm,144.35034354456937
720,speedMps,2.5411380723425485
720,paceSecPerKm,393.52446483876014
720,cadenceSpm,170.2530948109175
720,distanceM,1790.5905356907447
720,motionIntensityG,0.758
720,activeEnergyKcal,35.391491395793494
720,heartRateBpm,143.10920855121387
721,speedMps,2.514779981277056
721,paceSecPerKm,397.64910149005556
721,cadenceSpm,169.5594574467372
721,distanceM,1793.1053156720218
721,motionIntensityG,0.758
721,activeEnergyKcal,35.44321223709368
721,heartRateBpm,144.84545446546338
722,speedMps,2.5449653394265592
722,paceSecPerKm,392.9326598315573
722,cadenceSpm,169.0149577836344
722,distanceM,1795.6502810114484
722,motionIntensityG,0.758
722,activeEnergyKcal,35.49493307839387
722,heartRateBpm,145.56767150097144
723,speedMps,2.626514515454861
723,paceSecPerKm,380.73271406490574
723,cadenceSpm,171.38376154079992
723,distanceM,1798.2767955269032
723,motionIntensityG,0.758
723,activeEnergyKcal,35.54665391969406
723,heartRateBpm,148.66355823576257
724,speedMps,2.667337401730274
724,paceSecPerKm,374.9057016001465
724,cadenceSpm,172.56313391664753
724,distanceM,1800.9441329286335
724,motionIntensityG,0.758
724,activeEnergyKcal,35.59837476099425
724,heartRateBpm,148.092511762236
725,speedMps,2.5828919914141193
725,paceSecPerKm,387.16291789363805
725,cadenceSpm,171.9607948246588
725,distanceM,1803.5270249200476
725,motionIntensityG,0.758
725,activeEnergyKcal,35.650095602294435
725,heartRateBpm,149.47572799980077
726,speedMps,2.6304829039531885
726,paceSecPerKm,380.1583346149722
726,cadenceSpm,169.5755099827057
726,distanceM,1806.1575078240007
726,motionIntensityG,0.758
726,activeEnergyKcal,35.70181644359462
726,heartRateBpm,149.97389947928497
727,speedMps,2.5329583291722244
727,paceSecPerKm,394.795282844942
727,cadenceSpm,170.8285060424337
727,distanceM,1808.690466153173
727,motionIntensityG,0.758
727,activeEnergyKcal,35.75353728489481
727,heartRateBpm,149.26773603752574
728,speedMps,2.542079430147486
728,paceSecPerKm,393.3787387367287
728,cadenceSpm,168.14123187881506
728,distanceM,1811.2325455833204
728,motionIntensityG,0.758
728,activeEnergyKcal,35.805258126195
728,heartRateBpm,148.8318126416188
729,speedMps,2.5237494438264694
729,paceSecPerKm,396.2358475981735
729,cadenceSpm,171.59093811225304
729,distanceM,1813.756295027147
729,motionIntensityG,0.758
729,activeEnergyKcal,35.85697896749519
729,heartRateBpm,150.02381320674073
730,speedMps,2.533447607239908
730,paceSecPerKm,394.7190370711715
730,cadenceSpm,167.9768398915463
730,distanceM,1816.2897426343868
730,motionIntensityG,0.758
730,activeEnergyKcal,35.908699808795376
730,heartRateBpm,150.97545090193913
731,speedMps,2.587605769776249
731,paceSecPerKm,386.45763264257613
731,cadenceSpm,169.4121282088255
731,distanceM,1818.877348404163
731,motionIntensityG,0.758
731,activeEnergyKcal,35.960420650095564
731,heartRateBpm,152.7175629752537
732,speedMps,2.4024827595184903
732,paceSecPerKm,416.2360774653058
732,cadenceSpm,170.1786258812293
732,distanceM,1821.2798311636816
732,motionIntensityG,0.758
732,activeEnergyKcal,36.01214149139575
732,heartRateBpm,152.65608252605327
733,speedMps,2.5081662674228182
733,paceSecPerKm,398.6976513433124
733,cadenceSpm,168.99572843732457
733,distanceM,1823.7879974311045
733,motionIntensityG,0.758
733,activeEnergyKcal,36.06386233269594
733,heartRateBpm,153.03456095632
734,speedMps,2.5107143351435943
734,paceSecPerKm,398.2930220306435
734,cadenceSpm,170.58308740644352
734,distanceM,1826.298711766248
734,motionIntensityG,0.758
734,activeEnergyKcal,36.11558317399613
734,heartRateBpm,153.00352197474322
735,speedMps,2.4362351231935406
735,paceSecPerKm,410.4694126111889
735,cadenceSpm,168.03460552004137
735,distanceM,1828.7349468894415
735,motionIntensityG,0.758
735,activeEnergyKcal,36.16730401529632
735,heartRateBpm,154.11129848623563
736,speedMps,2.5426767737831772
736,paceSecPerKm,393.2863234173993
736,cadenceSpm,170.66464056894017
736,distanceM,1831.2776236632246
736,motionIntensityG,0.758
736,activeEnergyKcal,36.219024856596505
736,heartRateBpm,153.0286643927043
737,speedMps,2.5478221810480135
737,paceSecPerKm,392.4920692811706
737,cadenceSpm,170.08429239555778
737,distanceM,1833.8254458442727
737,motionIntensityG,0.758
737,activeEnergyKcal,36.27074569789669
737,heartRateBpm,153.85934312883663
738,speedMps,2.3786793793375844
738,paceSecPerKm,420.40134062896715
738,cadenceSpm,170.9600091219337
738,distanceM,1836.2041252236104
738,motionIntensityG,0.758
738,activeEnergyKcal,36.32246653919688
738,heartRateBpm,153.8288364600535
739,speedMps,2.5859591146644965
739,paceSecPerKm,386.7037163616334
739,cadenceSpm,168.85199663790328
739,distanceM,1838.790084338275
739,motionIntensityG,0.758
739,activeEnergyKcal,36.37418738049707
739,heartRateBpm,156.65619628312905
740,speedMps,2.6396760919732754
740,paceSecPerKm,378.8343588975932
740,cadenceSpm,168.47415174450973
740,distanceM,1841.4297604302483
740,motionIntensityG,0.758
740,activeEnergyKcal,36.42590822179726
740,heartRateBpm,155.69259930981184
741,speedMps,2.550396776740057
741,paceSecPerKm,392.09585313160966
741,cadenceSpm,171.11069874020797
741,distanceM,1843.9801572069882
741,motionIntensityG,0.758
741,activeEnergyKcal,36.477629063097446
741,heartRateBpm,154.65469982810652
742,speedMps,2.6250588349013313
742,paceSecPerKm,380.94384274537117
742,cadenceSpm,170.94614281251827
742,distanceM,1846.6052160418897
742,motionIntensityG,0.758
742,activeEnergyKcal,36.529349904397634
742,heartRateBpm,156.32609304349208
743,speedMps,2.660488737006457
743,paceSecPerKm,375.8707887353003
743,cadenceSpm,170.56764030453766
743,distanceM,1849.2657047788962
743,motionIntensityG,0.758
743,activeEnergyKcal,36.58107074569782
743,heartRateBpm,156.92255504709652
744,speedMps,2.538966938403364
744,paceSecPerKm,393.86097742133364
744,cadenceSpm,171.9689609082287
744,distanceM,1851.8046717172995
744,motionIntensityG,0.758
744,activeEnergyKcal,36.63279158699801
744,heartRateBpm,155.44537392091598
745,speedMps,2.4514447069508285
745,paceSecPerKm,407.9227229415369
745,cadenceSpm,169.03703362587189
745,distanceM,1854.2561164242502
745,motionIntensityG,0.758
745,activeEnergyKcal,36.6845124282982
745,heartRateBpm,153.90836551861426
746,speedMps,2.617721473700862
746,paceSecPerKm,382.01161202464664
746,cadenceSpm,170.6977534453311
746,distanceM,1856.873837897951
746,motionIntensityG,0.758
746,activeEnergyKcal,36.73623326959839
746,heartRateBpm,153.8593438498248
747,speedMps,2.5959807822816154
747,paceSecPerKm,385.21086397299786
747,cadenceSpm,168.6110770081591
747,distanceM,1859.4698186802327
747,motionIntensityG,0.758
747,activeEnergyKcal,36.787954110898575
747,heartRateBpm,152.582094882706
748,speedMps,2.5811187553703894
748,paceSecPerKm,387.4288999370354
748,cadenceSpm,170.99331775833556
748,distanceM,1862.0509374356031
748,motionIntensityG,0.758
748,activeEnergyKcal,36.83967495219876
748,heartRateBpm,149.99617955873055
749,speedMps,2.5602806346313547
749,paceSecPerKm,390.582183247262
749,cadenceSpm,168.60488687192594
749,distanceM,1864.6112180702346
749,motionIntensityG,0.758
749,activeEnergyKcal,36.89139579349895
749,heartRateBpm,147.31690640611518
750,speedMps,2.562200973151684
750,paceSecPerKm,390.2894466431847
750,cadenceSpm,169.1901337962818
750,distanceM,1867.1734190433863
750,motionIntensityG,0.758
750,activeEnergyKcal,36.94311663479914
750,heartRateBpm,150.0313922734167
751,speedMps,2.5664184783929875
751,paceSecPerKm,389.64806730435066
751,cadenceSpm,169.23997761140106
751,distanceM,1869.7398375217792
751,motionIntensityG,0.758
751,activeEnergyKcal,36.99483747609933
751,heartRateBpm,148.8287233237672
752,speedMps,2.5388798110797985
752,paceSecPerKm,393.8744936392617
752,cadenceSpm,169.61564696947994
752,distanceM,1872.278717332859
752,motionIntensityG,0.758
752,activeEnergyKcal,37.046558317399516
752,heartRateBpm,148.84189880301912
753,speedMps,2.600326406701443
753,paceSecPerKm,384.5671056613683
753,cadenceSpm,168.98296058887126
753,distanceM,1874.8790437395605
753,motionIntensityG,0.758
753,activeEnergyKcal,37.098279158699704
753,heartRateBpm,149.57581840238967
754,speedMps,2.5203296839739635
754,paceSecPerKm,396.77348815065994
754,cadenceSpm,169.65188810523756
754,distanceM,1877.3993734235346
754,motionIntensityG,0.758
754,activeEnergyKcal,37.14999999999989
754,heartRateBpm,150.56255286814707
755,speedMps,2.595748558706126
755,paceSecPerKm,385.24532611065337
755,cadenceSpm,169.43475535763878
755,distanceM,1879.9951219822408
755,motionIntensityG,0.758
755,activeEnergyKcal,37.20172084130008
755,heartRateBpm,150.87603877336588
756,speedMps,2.4958554887518902
756,paceSecPerKm,400.66422295149505
756,cadenceSpm,168.1906918496878
756,distanceM,1882.4909774709927
756,motionIntensityG,0.758
756,activeEnergyKcal,37.25344168260027
756,heartRateBpm,150.77624206181304
757,speedMps,2.4983826635797994
757,paceSecPerKm,400.2589413453395
757,cadenceSpm,170.4755069740021
757,distanceM,1884.9893601345725
757,motionIntensityG,0.758
757,activeEnergyKcal,37.30516252390046
757,heartRateBpm,149.2808228898272
758,speedMps,2.407445492209495
758,paceSecPerKm,415.3780441700569
758,cadenceSpm,167.35768511211828
758,distanceM,1887.396805626782
758,motionIntensityG,0.758
758,activeEnergyKcal,37.356883365200645
758,heartRateBpm,151.0801424708632
759,speedMps,2.61902671966307
759,paceSecPerKm,381.8212286618622
759,cadenceSpm,168.9355933516158
759,distanceM,1890.015832346445
759,motionIntensityG,0.758
759,activeEnergyKcal,37.40860420650083
759,heartRateBpm,151.18086126525085
760,speedMps,2.6816284058951125
760,paceSecPerKm,372.9077443398447
760,cadenceSpm,169.04579764903016
760,distanceM,1892.69746075234
760,motionIntensityG,0.758
760,activeEnergyKcal,37.46032504780102
760,heartRateBpm,150.87735461032068
761,speedMps,2.5254750679711857
761,paceSecPerKm,395.9651048162355
761,cadenceSpm,168.58249351114847
761,distanceM,1895.2229358203112
761,motionIntensityG,0.758
761,activeEnergyKcal,37.51204588910121
761,heartRateBpm,151.4221939343075
762,speedMps,2.5630205391342735
762,paceSecPerKm,390.1646454763784
762,cadenceSpm,169.0104381980244
762,distanceM,1897.7859563594454
762,motionIntensityG,0.758
762,activeEnergyKcal,37.5637667304014
762,heartRateBpm,150.30142788184125
763,speedMps,2.496061321942248
763,paceSecPerKm,400.63118289973534
763,cadenceSpm,168.51056464603064
763,distanceM,1900.2820176813877
763,motionIntensityG,0.758
763,activeEnergyKcal,37.615487571701586
763,heartRateBpm,150.95864506706985
764,speedMps,2.6203601974945703
764,paceSecPerKm,381.62692325892425
764,cadenceSpm,170.94069209447142
764,distanceM,1902.9023778788824
764,motionIntensityG,0.758
764,activeEnergyKcal,37.667208413001774
764,heartRateBpm,152.1715149904337
765,speedMps,2.5782439211632586
765,paceSecPerKm,387.8608970204873
765,cadenceSpm,170.37205344785113
765,distanceM,1905.4806218000456
765,motionIntensityG,0.758
765,activeEnergyKcal,37.71892925430196
765,heartRateBpm,153.13015161226966
766,speedMps,2.5428353409265996
766,paceSecPerKm,393.2617987115138
766,cadenceSpm,168.20170282333552
766,distanceM,1908.0234571409721
766,motionIntensityG,0.758
766,activeEnergyKcal,37.77065009560215
766,heartRateBpm,152.6699040471426
767,speedMps,2.5678368638896303
767,paceSecPerKm,389.4328390025721
767,cadenceSpm,167.46623282190467
767,distanceM,1910.5912940048618
767,motionIntensityG,0.758
767,activeEnergyKcal,37.82237093690234
767,heartRateBpm,150.66120573168885
768,speedMps,2.5140305677936934
768,paceSecPerKm,397.76763767737214
768,cadenceSpm,168.93769338537626
768,distanceM,1913.1053245726555
768,motionIntensityG,0.758
768,activeEnergyKcal,37.874091778202526
768,heartRateBpm,152.79784155351518
769,speedMps,2.630860009275961
769,paceSecPerKm,380.103843030101
769,cadenceSpm,170.4084664081189
769,distanceM,1915.7361845819314
769,motionIntensityG,0.758
769,activeEnergyKcal,37.925812619502715
769,heartRateBpm,151.99275135329827
770,speedMps,2.6299405424706044
770,paceSecPerKm,380.236733055792
770,cadenceSpm,173.11578608036592
770,distanceM,1918.366125124402
770,motionIntensityG,0.758
770,activeEnergyKcal,37.9775334608029
770,heartRateBpm,152.5690119875765
771,speedMps,2.6349527935616583
771,paceSecPerKm,379.51344040904155
771,cadenceSpm,168.4497870743969
771,distanceM,1921.0010779179638
771,motionIntensityG,0.758
771,activeEnergyKcal,38.02925430210309
771,heartRateBpm,152.52154424875008
772,speedMps,2.6177680677588118
772,paceSecPerKm,382.0048125409921
772,cadenceSpm,169.1584719238424
772,distanceM,1923.6188459857226
772,motionIntensityG,0.758
772,activeEnergyKcal,38.08097514340328
772,heartRateBpm,153.25177545558114
773,speedMps,2.533392142797945
773,paceSecPerKm,394.72767879337215
773,cadenceSpm,170.73074182164763
773,distanceM,1926.1522381285206
773,motionIntensityG,0.758
773,activeEnergyKcal,38.13269598470347
773,heartRateBpm,153.36411680768907
774,speedMps,2.644536855017536
774,paceSecPerKm,378.13804640410996
774,cadenceSpm,170.9199496114963
774,distanceM,1928.7967749835382
774,motionIntensityG,0.758
774,activeEnergyKcal,38.184416826003655
774,heartRateBpm,153.2942879179747
775,speedMps,2.6432159692399178
775,paceSecPerKm,378.32701210849586
775,cadenceSpm,170.20330444780421
775,distanceM,1931.439990952778
775,motionIntensityG,0.758
775,activeEnergyKcal,38.236137667303844
775,heartRateBpm,152.56746904288096
776,speedMps,2.593767950791411
776,paceSecPerKm,385.5395004379169
776,cadenceSpm,170.34189912668398
776,distanceM,1934.0337589035696
776,motionIntensityG,0.758
776,activeEnergyKcal,38.28785850860403
776,heartRateBpm,151.8591544137695
777,speedMps,2.53634713772021
777,paceSecPerKm,394.2677976244402
777,cadenceSpm,171.03301497827144
777,distanceM,1936.5701060412898
777,motionIntensityG,0.758
777,activeEnergyKcal,38.33957934990422
777,heartRateBpm,153.08702073201212
778,speedMps,2.5528214322857496
778,paceSecPerKm,391.72344267911376
778,cadenceSpm,170.19669726288575
778,distanceM,1939.1229274735756
778,motionIntensityG,0.758
778,activeEnergyKcal,38.39130019120441
778,heartRateBpm,153.62634958907276
779,speedMps,2.5401369638865785
779,paceSecPerKm,393.6795591013854
779,cadenceSpm,170.6347422583068
779,distanceM,1941.6630644374623
779,motionIntensityG,0.758
779,activeEnergyKcal,38.443021032504596
779,heartRateBpm,154.37901371187428
780,speedMps,2.5654579185653974
780,paceSecPerKm,389.79395949679014
780,cadenceSpm,171.52600231929856
780,distanceM,1944.2285223560277
780,motionIntensityG,0.758
780,activeEnergyKcal,38.494741873804784
780,heartRateBpm,155.38474105129941
781,speedMps,2.600245220943726
781,paceSecPerKm,384.57911274885936
781,cadenceSpm,170.03920127221613
781,distanceM,1946.8287675769714
781,motionIntensityG,0.758
781,activeEnergyKcal,38.54646271510497
781,heartRateBpm,156.1396619448453
782,speedMps,2.5718327276531987
782,paceSecPerKm,388.8277761021035
782,cadenceSpm,169.08903799823202
782,distanceM,1949.4006003046245
782,motionIntensityG,0.758
782,activeEnergyKcal,38.59818355640516
782,heartRateBpm,155.5374091726878
783,speedMps,2.507498246952396
783,paceSecPerKm,398.803868044732
783,cadenceSpm,167.23503239704647
783,distanceM,1951.9080985515768
783,motionIntensityG,0.758
783,activeEnergyKcal,38.64990439770535
783,heartRateBpm,155.22361301199143
784,speedMps,2.5930461429961555
784,paceSecPerKm,385.6468203240464
784,cadenceSpm,171.31589837385755
784,distanceM,1954.501144694573
784,motionIntensityG,0.758
784,activeEnergyKcal,38.70162523900554
784,heartRateBpm,154.3873000100848
785,speedMps,2.6713082674724937
785,paceSecPerKm,374.34840904609183
785,cadenceSpm,168.91825179638104
785,distanceM,1957.1724529620456
785,motionIntensityG,0.758
785,activeEnergyKcal,38.753346080305725
785,heartRateBpm,153.07884608327444
786,speedMps,2.523173862679472
786,paceSecPerKm,396.32623609141814
786,cadenceSpm,170.0689056972888
786,distanceM,1959.695626824725
786,motionIntensityG,0.758
786,activeEnergyKcal,38.80506692160591
786,heartRateBpm,151.47817670203617
787,speedMps,2.46592882789026
787,paceSecPerKm,405.52670810680127
787,cadenceSpm,168.92539916952714
787,distanceM,1962.1615556526153
787,motionIntensityG,0.758
787,activeEnergyKcal,38.8567877629061
787,heartRateBpm,152.97772622974375
788,speedMps,2.6572874085306184
788,paceSecPerKm,376.32361361805533
788,cadenceSpm,169.9596546510273
788,distanceM,1964.818843061146
788,motionIntensityG,0.758
788,activeEnergyKcal,38.90850860420629
788,heartRateBpm,152.45935416062088
789,speedMps,2.582375040478371
789,paceSecPerKm,387.24042183073277
789,cadenceSpm,172.1630668806623
789,distanceM,1967.4012181016244
789,motionIntensityG,0.758
789,activeEnergyKcal,38.96022944550648
789,heartRateBpm,151.14582843462756
790,speedMps,2.5356412271295854
790,paceSecPerKm,394.37755992476394
790,cadenceSpm,170.28627288014042
790,distanceM,1969.936859328754
790,motionIntensityG,0.758
790,activeEnergyKcal,39.011950286806666
790,heartRateBpm,150.7091496330976
791,speedMps,2.6176126978934344
791,paceSecPerKm,382.0274866502466
791,cadenceSpm,168.65396567866028
791,distanceM,1972.5544720266475
791,motionIntensityG,0.758
791,activeEnergyKcal,39.063671128106854
791,heartRateBpm,152.16196385031952
792,speedMps,2.5878273507517737
792,paceSecPerKm,386.42454246783353
792,cadenceSpm,172.10882161755472
792,distanceM,1975.1422993773992
792,motionIntensityG,0.758
792,activeEnergyKcal,39.11539196940704
792,heartRateBpm,153.0401918006165
793,speedMps,2.527879001612074
793,paceSecPerKm,395.5885544214268
793,cadenceSpm,169.75222677796418
793,distanceM,1977.6701783790113
793,motionIntensityG,0.758
793,activeEnergyKcal,39.16711281070723
793,heartRateBpm,153.11562778501062
794,speedMps,2.5424763068671763
794,paceSecPerKm,393.31733290848
794,cadenceSpm,170.56463839521666
794,distanceM,1980.2126546858785
794,motionIntensityG,0.758
794,activeEnergyKcal,39.21883365200742
794,heartRateBpm,154.70952544336978
795,speedMps,2.5994707564456445
795,paceSecPerKm,384.69369102168247
795,cadenceSpm,169.09415608139838
795,distanceM,1982.8121254423243
795,motionIntensityG,0.758
795,activeEnergyKcal,39.27055449330761
795,heartRateBpm,154.0375183038176
796,speedMps,2.6483546144359504
796,paceSecPerKm,377.5929381016753
796,cadenceSpm,172.60039068132033
796,distanceM,1985.4604800567602
796,motionIntensityG,0.758
796,activeEnergyKcal,39.322275334607795
796,heartRateBpm,154.36342811973068
797,speedMps,2.5987375553813443
797,paceSecPerKm,384.80222750052104
797,cadenceSpm,170.67047092552846
797,distanceM,1988.0592176121415
797,motionIntensityG,0.758
797,activeEnergyKcal,39.37399617590798
797,heartRateBpm,154.0396026905521
798,speedMps,2.604566619913683
798,paceSecPerKm,383.941033550196
798,cadenceSpm,166.34445425796892
798,distanceM,1990.6637842320551
798,motionIntensityG,0.758
798,activeEnergyKcal,39.42571701720817
798,heartRateBpm,152.83669581075137
799,speedMps,2.4614943952438764
799,paceSecPerKm,406.2572727901432
799,cadenceSpm,170.63419752442775
799,distanceM,1993.125278627299
799,motionIntensityG,0.758
799,activeEnergyKcal,39.47743785850836
799,heartRateBpm,154.86245220028476
800,speedMps,2.6333383997171986
800,paceSecPerKm,379.7461048330867
800,cadenceSpm,170.1404030500406
800,distanceM,1995.758617027016
800,motionIntensityG,0.758
800,activeEnergyKcal,39.52915869980855
800,heartRateBpm,155.7241215334953
801,speedMps,2.59538299178443
801,paceSecPerKm,385.2995889876198
801,cadenceSpm,167.99548862931468
801,distanceM,1998.3540000188004
801,motionIntensityG,0.758
801,activeEnergyKcal,39.580879541108736
801,heartRateBpm,155.54383812585675
802,speedMps,2.4977264542045585
802,paceSecPerKm,400.3640984450662
802,cadenceSpm,170.7727885135209
802,distanceM,2000.851726473005
802,motionIntensityG,0.758
802,activeEnergyKcal,39.632600382408924
802,heartRateBpm,155.37994549050364
803,speedMps,2.7002008903143544
803,paceSecPerKm,370.3428154501427
803,cadenceSpm,166.3979460729399
803,distanceM,2003.5519273633195
803,motionIntensityG,0.758
803,activeEnergyKcal,39.68432122370911
803,heartRateBpm,153.60680496249196
804,speedMps,2.5550708630172765
804,paceSecPerKm,391.3785775863385
804,cadenceSpm,170.57188344766553
804,distanceM,2006.1069982263368
804,motionIntensityG,0.758
804,activeEnergyKcal,39.7360420650093
804,heartRateBpm,152.07323145852757
805,speedMps,2.5807147649331466
805,paceSecPerKm,387.4895488598892
805,cadenceSpm,170.6635143551037
805,distanceM,2008.68771299127
805,motionIntensityG,0.758
805,activeEnergyKcal,39.78776290630949
805,heartRateBpm,152.21734190361175
806,speedMps,2.620644460979746
806,paceSecPerKm,381.5855278690277
806,cadenceSpm,173.9773572259338
806,distanceM,2011.3083574522498
806,motionIntensityG,0.758
806,activeEnergyKcal,39.83948374760968
806,heartRateBpm,150.6158315656747
807,speedMps,2.636127954521414
807,paceSecPerKm,379.34425689952855
807,cadenceSpm,172.3834094452992
807,distanceM,2013.9444854067713
807,motionIntensityG,0.758
807,activeEnergyKcal,39.891204588909865
807,heartRateBpm,149.11681825921684
808,speedMps,2.7429983703945835
808,paceSecPerKm,364.56456219335956
808,cadenceSpm,169.03767225880574
808,distanceM,2016.6874837771659
808,motionIntensityG,0.758
808,activeEnergyKcal,39.94292543021005
808,heartRateBpm,147.63393071803324
809,speedMps,2.512861783107285
809,paceSecPerKm,397.9526477431034
809,cadenceSpm,171.15154660577616
809,distanceM,2019.2003455602733
809,motionIntensityG,0.758
809,activeEnergyKcal,39.99464627151024
809,heartRateBpm,148.43649468455845
810,speedMps,2.5414995239459435
810,paceSecPerKm,393.46849786042674
810,cadenceSpm,171.41183798840518
810,distanceM,2021.7418450842192
810,motionIntensityG,0.758
810,activeEnergyKcal,40.04636711281043
810,heartRateBpm,147.70554175465105
811,speedMps,2.46132068442946
811,paceSecPerKm,406.2859449100199
811,cadenceSpm,169.42786592453896
811,distanceM,2024.2031657686487
811,motionIntensityG,0.758
811,activeEnergyKcal,40.09808795411062
811,heartRateBpm,146.30751362232832
812,speedMps,2.6859812877011477
812,paceSecPerKm,372.3034127523169
812,cadenceSpm,171.34186537642938
812,distanceM,2026.8891470563499
812,motionIntensityG,0.758
812,activeEnergyKcal,40.149808795410806
812,heartRateBpm,145.29956837686743
813,speedMps,2.5842621982163383
813,paceSecPerKm,386.9576394725742
813,cadenceSpm,169.53936514584998
813,distanceM,2029.4734092545661
813,motionIntensityG,0.758
813,activeEnergyKcal,40.201529636710994
813,heartRateBpm,147.08795242808185
814,speedMps,2.54092773644347
814,paceSecPerKm,393.5570404688869
814,cadenceSpm,169.37479673106455
814,distanceM,2032.0143369910097
814,motionIntensityG,0.758
814,activeEnergyKcal,40.25325047801118
814,heartRateBpm,145.64225962221656
815,speedMps,2.503541778203708
815,paceSecPerKm,399.43411717998185
815,cadenceSpm,172.32478316571607
815,distanceM,2034.5178787692134
815,motionIntensityG,0.758
815,activeEnergyKcal,40.30497131931137
815,heartRateBpm,145.1743324335815
816,speedMps,2.606505525965008
816,paceSecPerKm,383.6554306286266
816,cadenceSpm,170.6708378845511
816,distanceM,2037.1243842951785
816,motionIntensityG,0.758
816,activeEnergyKcal,40.35669216061156
816,heartRateBpm,147.12257721533823
817,speedMps,2.5885261471738508
817,paceSecPerKm,386.3202236113391
817,cadenceSpm,168.28204048458883
817,distanceM,2039.7129104423523
817,motionIntensityG,0.758
817,activeEnergyKcal,40.40841300191175
817,heartRateBpm,147.30008917117937
818,speedMps,2.574610648080353
818,paceSecPerKm,388.4082436874899
818,cadenceSpm,170.18789323483563
818,distanceM,2042.2875210904326
818,motionIntensityG,0.758
818,activeEnergyKcal,40.460133843211935
818,heartRateBpm,146.7841975856399
819,speedMps,2.5623885895399297
819,paceSecPerKm,390.2608699094884
819,cadenceSpm,166.70757811780717
819,distanceM,2044.8499096799726
819,motionIntensityG,0.758
819,activeEnergyKcal,40.51185468451212
819,heartRateBpm,145.47571979825983
820,speedMps,2.5597772203179234
820,paceSecPerKm,390.65899644024506
820,cadenceSpm,171.81241670579195
820,distanceM,2047.4096869002906
820,motionIntensityG,0.758
820,activeEnergyKcal,40.56357552581231
820,heartRateBpm,147.93020785151276
821,speedMps,2.6076781055957974
821,paceSecPerKm,383.48291449550743
821,cadenceSpm,171.46483518334517
821,distanceM,2050.0173650058864
821,motionIntensityG,0.758
821,activeEnergyKcal,40.6152963671125
821,heartRateBpm,146.91674594160543
822,speedMps,2.5773102572631377
822,paceSecPerKm,388.0014046356632
822,cadenceSpm,171.29008302042197
822,distanceM,2052.5946752631494
822,motionIntensityG,0.758
822,activeEnergyKcal,40.66701720841269
822,heartRateBpm,147.99555005974392
823,speedMps,2.5453179166374538
823,paceSecPerKm,392.8782308345479
823,cadenceSpm,167.62824549816176
823,distanceM,2055.139993179787
823,motionIntensityG,0.758
823,activeEnergyKcal,40.718738049712876
823,heartRateBpm,147.92227047007302
824,speedMps,2.5902245893609503
824,paceSecPerKm,386.06690867941916
824,cadenceSpm,170.2245871113592
824,distanceM,2057.7302177691477
824,motionIntensityG,0.758
824,activeEnergyKcal,40.770458891013064
824,heartRateBpm,145.61760597419405
825,speedMps,2.4974635023855214
825,paceSecPerKm,400.40625180100625
825,cadenceSpm,168.40064144414825
825,distanceM,2060.227681271533
825,motionIntensityG,0.758
825,activeEnergyKcal,40.82217973231325
825,heartRateBpm,145.17787508513615
826,speedMps,2.5149873468940056
826,paceSecPerKm,397.61631454527753
826,cadenceSpm,167.95296300306148
826,distanceM,2062.742668618427
826,motionIntensityG,0.758
826,activeEnergyKcal,40.87390057361344
826,heartRateBpm,144.9317029874446
827,speedMps,2.6768140106410785
827,paceSecPerKm,373.5784391536814
827,cadenceSpm,167.42556180644112
827,distanceM,2065.419482629068
827,motionIntensityG,0.758
827,activeEnergyKcal,40.92562141491363
827,heartRateBpm,145.07433245930727
828,speedMps,2.4968687431473473
828,paceSecPerKm,400.50162938860865
828,cadenceSpm,172.4389177072008
828,distanceM,2067.9163513722156
828,motionIntensityG,0.758
828,activeEnergyKcal,40.97734225621382
828,heartRateBpm,144.04152424146966
829,speedMps,2.5489277984449012
829,paceSecPerKm,392.3218227719511
829,cadenceSpm,168.46247697372493
829,distanceM,2070.4652791706603
829,motionIntensityG,0.758
829,activeEnergyKcal,41.029063097514005
829,heartRateBpm,144.03099443265802
830,speedMps,2.711067054030773
830,paceSecPerKm,368.8584531737108
830,cadenceSpm,171.6180992215836
830,distanceM,2073.1763462246913
830,motionIntensityG,0.758
830,activeEnergyKcal,41.08078393881419
830,heartRateBpm,145.05011603259132
831,speedMps,2.55469818922715
831,paceSecPerKm,391.4356710381202
831,cadenceSpm,168.4154072193132
831,distanceM,2075.7310444139184
831,motionIntensityG,0.758
831,activeEnergyKcal,41.13250478011438
831,heartRateBpm,147.13234321339772
832,speedMps,2.566349227136134
832,paceSecPerKm,389.65858170282223
832,cadenceSpm,168.98961845500583
832,distanceM,2078.2973936410544
832,motionIntensityG,0.758
832,activeEnergyKcal,41.18422562141457
832,heartRateBpm,147.43938158089665
833,speedMps,2.5293860642908634
833,paceSecPerKm,395.3528542430549
833,cadenceSpm,170.295352861952
833,distanceM,2080.8267797053454
833,motionIntensityG,0.758
833,activeEnergyKcal,41.23594646271476
833,heartRateBpm,146.38933252124983
834,speedMps,2.654886019969692
834,paceSecPerKm,376.6640045855588
834,cadenceSpm,169.3847185697642
834,distanceM,2083.481665725315
834,motionIntensityG,0.758
834,activeEnergyKcal,41.287667304014946
834,heartRateBpm,147.1606457829392
835,speedMps,2.384824503888981
835,paceSecPerKm,419.31806653666973
835,cadenceSpm,171.1134681159718
835,distanceM,2085.866490229204
835,motionIntensityG,0.758
835,activeEnergyKcal,41.339388145315134
835,heartRateBpm,145.86942776754893
836,speedMps,2.607387765963453
836,paceSecPerKm,383.5256163482424
836,cadenceSpm,166.72023115316077
836,distanceM,2088.473877995167
836,motionIntensityG,0.758
836,activeEnergyKcal,41.39110898661532
836,heartRateBpm,147.59305902156578
837,speedMps,2.5498346775755905
837,paceSecPerKm,392.1822888340394
837,cadenceSpm,170.16210248673565
837,distanceM,2091.023712672743
837,motionIntensityG,0.758
837,activeEnergyKcal,41.44282982791551
837,heartRateBpm,148.8876627043712
838,speedMps,2.548069867265357
838,paceSecPerKm,392.4539169223101
838,cadenceSpm,169.81773364488558
838,distanceM,2093.5717825400084
838,motionIntensityG,0.758
838,activeEnergyKcal,41.4945506692157
838,heartRateBpm,150.27380595624246
839,speedMps,2.502588449030434
839,paceSecPerKm,399.58627651599096
839,cadenceSpm,167.25213334306065
839,distanceM,2096.074370989039
839,motionIntensityG,0.758
839,activeEnergyKcal,41.546271510515886
839,heartRateBpm,148.49784988415402
840,speedMps,2.5253840457056462
840,paceSecPerKm,395.9793765627353
840,cadenceSpm,166.51004623090012
840,distanceM,2098.5997550347447
840,motionIntensityG,0.758
840,activeEnergyKcal,41.597992351816075
840,heartRateBpm,148.09521709278627
841,speedMps,2.5383673064125363
841,paceSecPerKm,393.95401818868197
841,cadenceSpm,167.91163116369103
841,distanceM,2101.138122341157
841,motionIntensityG,0.758
841,activeEnergyKcal,41.64971319311626
841,heartRateBpm,150.0855745624582
842,speedMps,2.5942806508314313
842,paceSecPerKm,385.4633074025795
842,cadenceSpm,166.65561000407394
842,distanceM,2103.7324029919887
842,motionIntensityG,0.758
842,activeEnergyKcal,41.70143403441645
842,heartRateBpm,150.5685592987481
843,speedMps,2.5086711951629592
843,paceSecPerKm,398.6174042768652
843,cadenceSpm,170.2331659277065
843,distanceM,2106.2410741871518
843,motionIntensityG,0.758
843,activeEnergyKcal,41.75315487571664
843,heartRateBpm,149.9076037834415
844,speedMps,2.6205281870764345
844,paceSecPerKm,381.60245897436414
844,cadenceSpm,168.71845338769867
844,distanceM,2108.8616023742284
844,motionIntensityG,0.758
844,activeEnergyKcal,41.80487571701683
844,heartRateBpm,151.53024807505636
845,speedMps,2.7330224877379807
845,paceSecPerKm,365.8952696096043
845,cadenceSpm,169.2045565546263
845,distanceM,2111.594624861966
845,motionIntensityG,0.758
845,activeEnergyKcal,41.856596558317015
845,heartRateBpm,152.31028673680447
846,speedMps,2.4220525297881847
846,paceSecPerKm,412.87296113575735
846,cadenceSpm,170.12785053632902
846,distanceM,2114.0166773917545
846,motionIntensityG,0.758
846,activeEnergyKcal,41.908317399617204
846,heartRateBpm,152.68421947027113
847,speedMps,2.545882170766102
847,paceSecPerKm,392.7911556484493
847,cadenceSpm,169.41501178469773
847,distanceM,2116.5625595625206
847,motionIntensityG,0.758
847,activeEnergyKcal,41.96003824091739
847,heartRateBpm,150.85169174334587
848,speedMps,2.541934236261651
848,paceSecPerKm,393.40120831397707
848,cadenceSpm,168.48326451491417
848,distanceM,2119.104493798782
848,motionIntensityG,0.758
848,activeEnergyKcal,42.01175908221758
848,heartRateBpm,152.31422906401357
849,speedMps,2.6318625352190534
849,paceSecPerKm,379.959054326813
849,cadenceSpm,169.26999522545225
849,distanceM,2121.7363563340014
849,motionIntensityG,0.758
849,activeEnergyKcal,42.06347992351777
849,heartRateBpm,152.27243291267433
850,speedMps,2.515223076092811
850,paceSecPerKm,397.57904955031523
850,cadenceSpm,168.26118532453555
850,distanceM,2124.251579410094
850,motionIntensityG,0.758
850,activeEnergyKcal,42.115200764817956
850,heartRateBpm,153.76144669607524
851,speedMps,2.5738953669350106
851,paceSecPerKm,388.5161816778892
851,cadenceSpm,169.0722608408881
851,distanceM,2126.8254747770293
851,motionIntensityG,0.758
851,activeEnergyKcal,42.166921606118144
851,heartRateBpm,152.01679922154585
852,speedMps,2.571873608434515
852,paceSecPerKm,388.8215955560485
852,cadenceSpm,168.37586132150955
852,distanceM,2129.397348385464
852,motionIntensityG,0.758
852,activeEnergyKcal,42.21864244741833
852,heartRateBpm,150.50328531952698
853,speedMps,2.506296078073915
853,paceSecPerKm,398.9951581333114
853,cadenceSpm,169.31216488709066
853,distanceM,2131.9036444635376
853,motionIntensityG,0.758
853,activeEnergyKcal,42.27036328871852
853,heartRateBpm,152.25002088753547
854,speedMps,2.456657398613374
854,paceSecPerKm,407.05716660550064
854,cadenceSpm,170.7128844401467
854,distanceM,2134.360301862151
854,motionIntensityG,0.758
854,activeEnergyKcal,42.32208413001871
854,heartRateBpm,153.64130438553192
855,speedMps,2.5117114582394433
855,paceSecPerKm,398.1349038798187
855,cadenceSpm,169.96444699858102
855,distanceM,2136.8720133203906
855,motionIntensityG,0.758
855,activeEnergyKcal,42.3738049713189
855,heartRateBpm,153.7936242314889
856,speedMps,2.510985456966289
856,paceSecPerKm,398.2500166321853
856,cadenceSpm,167.8729803302798
856,distanceM,2139.382998777357
856,motionIntensityG,0.758
856,activeEnergyKcal,42.425525812619085
856,heartRateBpm,153.45554671890918
857,speedMps,2.548957085226262
857,paceSecPerKm,392.31731510741906
857,cadenceSpm,172.5701055749793
857,distanceM,2141.9319558625834
857,motionIntensityG,0.758
857,activeEnergyKcal,42.47724665391927
857,heartRateBpm,153.43485676953188
858,speedMps,2.4010180719503476
858,paceSecPerKm,416.489993008549
858,cadenceSpm,168.29249997551508
858,distanceM,2144.3329739345336
858,motionIntensityG,0.758
858,activeEnergyKcal,42.52896749521946
858,heartRateBpm,154.0322638828111
859,speedMps,2.500288581046122
859,paceSecPerKm,399.95383236186257
859,cadenceSpm,171.11964447613695
859,distanceM,2146.83326251558
859,motionIntensityG,0.758
859,activeEnergyKcal,42.58068833651965
859,heartRateBpm,152.76300112255268
860,speedMps,2.6273709925589825
860,paceSecPerKm,380.60860184272235
860,cadenceSpm,169.9444355927149
860,distanceM,2149.460633508139
860,motionIntensityG,0.758
860,activeEnergyKcal,42.63240917781984
860,heartRateBpm,152.4652653804481
861,speedMps,2.6380953728153567
861,paceSecPerKm,379.061352483556
861,cadenceSpm,169.851511322464
861,distanceM,2152.0987288809542
861,motionIntensityG,0.758
861,activeEnergyKcal,42.684130019120026
861,heartRateBpm,151.35221085441376
862,speedMps,2.555823597346222
862,paceSecPerKm,391.26330981462337
862,cadenceSpm,169.70437060026322
862,distanceM,2154.6545524783005
862,motionIntensityG,0.758
862,activeEnergyKcal,42.735850860420214
862,heartRateBpm,152.89653409957012
863,speedMps,2.516344255551004
863,paceSecPerKm,397.4019046853468
863,cadenceSpm,170.34570573976092
863,distanceM,2157.1708967338514
863,motionIntensityG,0.758
863,activeEnergyKcal,42.7875717017204
863,heartRateBpm,153.30691426338913
864,speedMps,2.508028466156377
864,paceSecPerKm,398.71955741097617
864,cadenceSpm,169.62355905346485
864,distanceM,2159.6789252000076
864,motionIntensityG,0.758
864,activeEnergyKcal,42.83929254302059
864,heartRateBpm,152.61032357976305
865,speedMps,2.5629453877824484
865,paceSecPerKm,390.17608598567745
865,cadenceSpm,170.4258561611229
865,distanceM,2162.24187058779
865,motionIntensityG,0.758
865,activeEnergyKcal,42.89101338432078
865,heartRateBpm,150.933343219807
866,speedMps,2.6314497822171865
866,paceSecPerKm,380.0186523633477
866,cadenceSpm,172.08227491791837
866,distanceM,2164.873320370007
866,motionIntensityG,0.758
866,activeEnergyKcal,42.94273422562097
866,heartRateBpm,150.09465825756146
867,speedMps,2.5080894328919943
867,paceSecPerKm,398.70986532044566
867,cadenceSpm,169.51258154270795
867,distanceM,2167.3814098028993
867,motionIntensityG,0.758
867,activeEnergyKcal,42.994455066921155
867,heartRateBpm,149.8573458654952
868,speedMps,2.5313406653084236
868,paceSecPerKm,395.0475784254657
868,cadenceSpm,170.32602210473686
868,distanceM,2169.912750468208
868,motionIntensityG,0.758
868,activeEnergyKcal,43.04617590822134
868,heartRateBpm,150.42538648677345
869,speedMps,2.6557614783592256
869,paceSecPerKm,376.5398391943756
869,cadenceSpm,171.4052042545624
869,distanceM,2172.568511946567
869,motionIntensityG,0.758
869,activeEnergyKcal,43.09789674952153
869,heartRateBpm,148.953807739962
870,speedMps,2.5997385532683155
870,paceSecPerKm,384.6540640568757
870,cadenceSpm,170.90202235607202
870,distanceM,2175.1682504998353
870,motionIntensityG,0.758
870,activeEnergyKcal,43.14961759082172
870,heartRateBpm,148.94485519820213
871,speedMps,2.6102990598912195
871,paceSecPerKm,383.09786620452354
871,cadenceSpm,170.1080927719592
871,distanceM,2177.7785495597263
871,motionIntensityG,0.758
871,activeEnergyKcal,43.20133843212191
871,heartRateBpm,146.84582017394982
872,speedMps,2.5367181082358075
872,paceSecPerKm,394.2101397681363
872,cadenceSpm,170.75714136403994
872,distanceM,2180.315267667962
872,motionIntensityG,0.758
872,activeEnergyKcal,43.253059273422096
872,heartRateBpm,145.75275246068142
873,speedMps,2.6955975875565077
873,paceSecPerKm,370.97525410180947
873,cadenceSpm,167.77326723332064
873,distanceM,2183.0108652555186
873,motionIntensityG,0.758
873,activeEnergyKcal,43.304780114722284
873,heartRateBpm,144.98637230999833
874,speedMps,2.725440550372426
874,paceSecPerKm,366.9131582647627
874,cadenceSpm,168.36458443312313
874,distanceM,2185.736305805891
874,motionIntensityG,0.758
874,activeEnergyKcal,43.35650095602247
874,heartRateBpm,144.3138506765415
875,speedMps,2.591880294072508
875,paceSecPerKm,385.82028741332954
875,cadenceSpm,167.64533260595428
875,distanceM,2188.328186099963
875,motionIntensityG,0.758
875,activeEnergyKcal,43.40822179732266
875,heartRateBpm,142.49199883584507
876,speedMps,2.546881936790293
876,paceSecPerKm,392.63696740503394
876,cadenceSpm,171.0703303801329
876,distanceM,2190.8750680367534
876,motionIntensityG,0.758
876,activeEnergyKcal,43.45994263862285
876,heartRateBpm,140.3567380589397
877,speedMps,2.551026873666804
877,paceSecPerKm,391.99900648738225
877,cadenceSpm,169.14769822081232
877,distanceM,2193.42609491042
877,motionIntensityG,0.758
877,activeEnergyKcal,43.51166347992304
877,heartRateBpm,139.6998075520561
878,speedMps,2.4282794212336105
878,paceSecPerKm,411.8142217307025
878,cadenceSpm,171.3669725843695
878,distanceM,2195.8543743316536
878,motionIntensityG,0.758
878,activeEnergyKcal,43.563384321223225
878,heartRateBpm,141.264862259509
879,speedMps,2.522356290450454
879,paceSecPerKm,396.4546974533147
879,cadenceSpm,171.67126186372232
879,distanceM,2198.376730622104
879,motionIntensityG,0.758
879,activeEnergyKcal,43.61510516252341
879,heartRateBpm,140.38875069767036
880,speedMps,2.5325550257180205
880,paceSecPerKm,394.8581530687507
880,cadenceSpm,168.69453959382594
880,distanceM,2200.909285647822
880,motionIntensityG,0.758
880,activeEnergyKcal,43.6668260038236
880,heartRateBpm,140.88456149856458
881,speedMps,2.6270151851267602
881,paceSecPerKm,380.6601521230824
881,cadenceSpm,169.45864632907092
881,distanceM,2203.5363008329487
881,motionIntensityG,0.758
881,activeEnergyKcal,43.71854684512379
881,heartRateBpm,140.23827701950185
882,speedMps,2.5423925250269575
882,paceSecPerKm,393.33029426264414
882,cadenceSpm,170.4111090255731
882,distanceM,2206.0786933579757
882,motionIntensityG,0.758
882,activeEnergyKcal,43.77026768642398
882,heartRateBpm,139.56280465181473
883,speedMps,2.5573999207951124
883,paceSecPerKm,391.02214396295653
883,cadenceSpm,170.42038170090407
883,distanceM,2208.6360932787707
883,motionIntensityG,0.758
883,activeEnergyKcal,43.821988527724166
883,heartRateBpm,138.76358231508888
884,speedMps,2.5184146394392473
884,paceSecPerKm,397.0752013348608
884,cadenceSpm,168.71540224412183
884,distanceM,2211.15450791821
884,motionIntensityG,0.758
884,activeEnergyKcal,43.873709369024354
884,heartRateBpm,139.6451655405263
885,speedMps,2.61027521468349
885,paceSecPerKm,383.10136585396623
885,cadenceSpm,171.2747441762681
885,distanceM,2213.7647831328936
885,motionIntensityG,0.758
885,activeEnergyKcal,43.92543021032454
885,heartRateBpm,141.7911646836336
886,speedMps,2.6291538731664303
886,paceSecPerKm,380.35050371382283
886,cadenceSpm,167.18757719978572
886,distanceM,2216.3939370060602
886,motionIntensityG,0.758
886,activeEnergyKcal,43.97715105162473
886,heartRateBpm,140.30165470228883
887,speedMps,2.625818359449936
887,paceSecPerKm,380.8336537830754
887,cadenceSpm,171.7964323563344
887,distanceM,2219.0197553655103
887,motionIntensityG,0.758
887,activeEnergyKcal,44.02887189292492
887,heartRateBpm,140.7998243460868
888,speedMps,2.635117489454394
888,paceSecPerKm,379.4897206678446
888,cadenceSpm,169.99910739335766
888,distanceM,2221.6548728549647
888,motionIntensityG,0.758
888,activeEnergyKcal,44.08059273422511
888,heartRateBpm,139.83173082862757
889,speedMps,2.5051490515060078
889,paceSecPerKm,399.17784508623754
889,cadenceSpm,169.86838875961502
889,distanceM,2224.160021906471
889,motionIntensityG,0.758
889,activeEnergyKcal,44.132313575525295
889,heartRateBpm,137.38530728932489
890,speedMps,2.6010097778909764
890,paceSecPerKm,384.46606717905075
890,cadenceSpm,170.27638734556334
890,distanceM,2226.7610316843616
890,motionIntensityG,0.758
890,activeEnergyKcal,44.18403441682548
890,heartRateBpm,138.86619076336004
891,speedMps,2.6239261961936893
891,paceSecPerKm,381.1082801988168
891,cadenceSpm,170.1122471715376
891,distanceM,2229.3849578805552
891,motionIntensityG,0.758
891,activeEnergyKcal,44.23575525812567
891,heartRateBpm,136.90865008005667
892,speedMps,2.5594831192663476
892,paceSecPerKm,390.7038856683848
892,cadenceSpm,168.15958931416327
892,distanceM,2231.9444409998214
892,motionIntensityG,0.758
892,activeEnergyKcal,44.28747609942586
892,heartRateBpm,136.80989669821471
893,speedMps,2.4687852090854974
893,paceSecPerKm,405.0575142462175
893,cadenceSpm,169.5572940965125
893,distanceM,2234.413226208907
893,motionIntensityG,0.758
893,activeEnergyKcal,44.33919694072605
893,heartRateBpm,138.098749738847
894,speedMps,2.5649142206464766
894,paceSecPerKm,389.87658610585186
894,cadenceSpm,170.8415275858289
894,distanceM,2236.9781404295536
894,motionIntensityG,0.758
894,activeEnergyKcal,44.390917782026236
894,heartRateBpm,135.63593464092526
895,speedMps,2.6238844501980534
895,paceSecPerKm,381.1143436306881
895,cadenceSpm,170.15061171969052
895,distanceM,2239.6020248797518
895,motionIntensityG,0.758
895,activeEnergyKcal,44.442638623326424
895,heartRateBpm,137.25175071224294
896,speedMps,2.579278408850206
896,paceSecPerKm,387.7053351699948
896,cadenceSpm,170.33633455829892
896,distanceM,2242.181303288602
896,motionIntensityG,0.758
896,activeEnergyKcal,44.49435946462661
896,heartRateBpm,136.2178581255409
897,speedMps,2.5672507814360834
897,paceSecPerKm,389.5217433493639
897,cadenceSpm,169.09568731233756
897,distanceM,2244.748554070038
897,motionIntensityG,0.758
897,activeEnergyKcal,44.5460803059268
897,heartRateBpm,135.11887053025757
898,speedMps,2.422638474515592
898,paceSecPerKm,412.7731027634862
898,cadenceSpm,169.8568721413511
898,distanceM,2247.171192544554
898,motionIntensityG,0.758
898,activeEnergyKcal,44.59780114722699
898,heartRateBpm,135.00071394738902
899,speedMps,2.5927305148642223
899,paceSecPerKm,385.69376734950356
899,cadenceSpm,168.94575153019198
899,distanceM,2249.763923059418
899,motionIntensityG,0.758
899,activeEnergyKcal,44.64952198852718
899,heartRateBpm,136.9911714384973
900,speedMps,2.6161030734850588
900,paceSecPerKm,382.24793592243424
900,cadenceSpm,170.9497054600269
900,distanceM,2252.3800261329034
900,motionIntensityG,0.758
900,activeEnergyKcal,44.701242829827365
900,heartRateBpm,137.29984653658528
901,speedMps,2.599027114035054
901,paceSecPerKm,384.7593565299422
901,cadenceSpm,168.14017048239288
901,distanceM,2254.9790532469383
901,motionIntensityG,0.758
901,activeEnergyKcal,44.75296367112755
901,heartRateBpm,138.2299821933479
902,speedMps,2.566076558628709
902,paceSecPerKm,389.6999864004027
902,cadenceSpm,169.31893366449114
902,distanceM,2257.545129805567
902,motionIntensityG,0.758
902,activeEnergyKcal,44.80468451242774
902,heartRateBpm,138.34441410610293
903,speedMps,2.567543768655882
903,paceSecPerKm,389.47729429496866
903,cadenceSpm,169.73615356524948
903,distanceM,2260.1126735742228
903,motionIntensityG,0.758
903,activeEnergyKcal,44.85640535372793
903,heartRateBpm,138.4783808251588
904,speedMps,2.588303599676301
904,paceSecPerKm,386.35344019343876
904,cadenceSpm,169.3608650738732
904,distanceM,2262.700977173899
904,motionIntensityG,0.758
904,activeEnergyKcal,44.90812619502812
904,heartRateBpm,137.82647378881538
905,speedMps,2.5484118189825558
905,paceSecPerKm,392.4012565595644
905,cadenceSpm,168.85091483949319
905,distanceM,2265.2493889928814
905,motionIntensityG,0.758
905,activeEnergyKcal,44.959847036328306
905,heartRateBpm,136.9037849192437
906,speedMps,2.445749657043247
906,paceSecPerKm,408.8725913219324
906,cadenceSpm,170.18975994058601
906,distanceM,2267.6951386499245
906,motionIntensityG,0.758
906,activeEnergyKcal,45.011567877628494
906,heartRateBpm,136.66129835157668
907,speedMps,2.5444816114588384
907,paceSecPerKm,393.0073597296173
907,cadenceSpm,170.24141395394798
907,distanceM,2270.239620261383
907,motionIntensityG,0.758
907,activeEnergyKcal,45.06328871892868
907,heartRateBpm,136.4938094178427
908,speedMps,2.655107412821677
908,paceSecPerKm,376.63259692279814
908,cadenceSpm,168.2254409605078
908,distanceM,2272.8947276742047
908,motionIntensityG,0.758
908,activeEnergyKcal,45.11500956022887
908,heartRateBpm,135.78675130554626
909,speedMps,2.567907575312634
909,paceSecPerKm,389.42211534940213
909,cadenceSpm,172.2272657284244
909,distanceM,2275.4626352495175
909,motionIntensityG,0.758
909,activeEnergyKcal,45.16673040152906
909,heartRateBpm,135.39809550184714
910,speedMps,2.526160545947828
910,paceSecPerKm,395.8576590090774
910,cadenceSpm,170.02103328484503
910,distanceM,2277.988795795465
910,motionIntensityG,0.758
910,activeEnergyKcal,45.218451242829246
910,heartRateBpm,134.14405501206676
911,speedMps,2.5801839360324914
911,paceSecPerKm,387.5692682350718
911,cadenceSpm,170.43397950900444
911,distanceM,2280.5689797314976
911,motionIntensityG,0.758
911,activeEnergyKcal,45.270172084129435
911,heartRateBpm,135.05703480808296
912,speedMps,2.659840295939723
912,paceSecPerKm,375.96242207718694
912,cadenceSpm,169.6093381879465
912,distanceM,2283.2288200274375
912,motionIntensityG,0.758
912,activeEnergyKcal,45.32189292542962
912,heartRateBpm,133.9465362422917
913,speedMps,2.5441952162113948
913,paceSecPerKm,393.0515998253929
913,cadenceSpm,170.86487410315527
913,distanceM,2285.773015243649
913,motionIntensityG,0.758
913,activeEnergyKcal,45.37361376672981
913,heartRateBpm,134.45040626914263
914,speedMps,2.6625009449334147
914,paceSecPerKm,375.5867211626505
914,cadenceSpm,168.09618985280335
914,distanceM,2288.4355161885824
914,motionIntensityG,0.758
914,activeEnergyKcal,45.42533460803
914,heartRateBpm,134.0139718666317
915,speedMps,2.6195541721441584
915,paceSecPerKm,381.74434819245585
915,cadenceSpm,172.81963688169708
915,distanceM,2291.0550703607264
915,motionIntensityG,0.758
915,activeEnergyKcal,45.47705544933019
915,heartRateBpm,133.28536722251738
916,speedMps,2.5336455683475196
916,paceSecPerKm,394.6881965231682
916,cadenceSpm,168.06395686215825
916,distanceM,2293.5887159290737
916,motionIntensityG,0.758
916,activeEnergyKcal,45.528776290630375
916,heartRateBpm,134.81611150607245
917,speedMps,2.6547168967976464
917,paceSecPerKm,376.68800059482356
917,cadenceSpm,168.44993306591093
917,distanceM,2296.2434328258714
917,motionIntensityG,0.758
917,activeEnergyKcal,45.580497131930564
917,heartRateBpm,134.9802856834535
918,speedMps,2.6800586186048823
918,paceSecPerKm,373.12616711367116
918,cadenceSpm,169.9049154670148
918,distanceM,2298.9234914444764
918,motionIntensityG,0.758
918,activeEnergyKcal,45.63221797323075
918,heartRateBpm,135.5434444311722
919,speedMps,2.5827929360724466
919,paceSecPerKm,387.17776637590674
919,cadenceSpm,169.88437376018857
919,distanceM,2301.506284380549
919,motionIntensityG,0.758
919,activeEnergyKcal,45.68393881453094
919,heartRateBpm,137.51525976160127
920,speedMps,2.517730252735617
920,paceSecPerKm,397.18313703918795
920,cadenceSpm,169.62415516685905
920,distanceM,2304.0240146332844
920,motionIntensityG,0.758
920,activeEnergyKcal,45.73565965583113
920,heartRateBpm,138.73528581113086
921,speedMps,2.582706145084702
921,paceSecPerKm,387.190777356982
921,cadenceSpm,169.68137200192498
921,distanceM,2306.606720778369
921,motionIntensityG,0.758
921,activeEnergyKcal,45.787380497131316
921,heartRateBpm,137.7413393557751
922,speedMps,2.53708525911056
922,paceSecPerKm,394.15309217892644
922,cadenceSpm,170.04350966235316
922,distanceM,2309.1438060374794
922,motionIntensityG,0.758
922,activeEnergyKcal,45.839101338431504
922,heartRateBpm,136.58350392267158
923,speedMps,2.5736901618282486
923,paceSecPerKm,388.54715879616185
923,cadenceSpm,169.62358306306007
923,distanceM,2311.717496199308
923,motionIntensityG,0.758
923,activeEnergyKcal,45.89082217973169
923,heartRateBpm,137.5713405022165
924,speedMps,2.5659397116715796
924,paceSecPerKm,389.72076991962945
924,cadenceSpm,168.88993265205747
924,distanceM,2314.2834359109793
924,motionIntensityG,0.758
924,activeEnergyKcal,45.94254302103188
924,heartRateBpm,136.71847643819103
925,speedMps,2.645954423222048
925,paceSecPerKm,377.93545921409856
925,cadenceSpm,168.53678307466123
925,distanceM,2316.9293903342013
925,motionIntensityG,0.758
925,activeEnergyKcal,45.99426386233207
925,heartRateBpm,136.16824662718818
926,speedMps,2.5491651978266416
926,paceSecPerKm,392.28528651363064
926,cadenceSpm,168.45572924016275
926,distanceM,2319.478555532028
926,motionIntensityG,0.758
926,activeEnergyKcal,46.04598470363226
926,heartRateBpm,134.99611336255452
927,speedMps,2.579041960591798
927,paceSecPerKm,387.7408802493992
927,cadenceSpm,168.4496236520997
927,distanceM,2322.05759749262
927,motionIntensityG,0.758
927,activeEnergyKcal,46.097705544932445
927,heartRateBpm,134.6986763668104
928,speedMps,2.567627127867946
928,paceSecPerKm,389.46464973298504
928,cadenceSpm,167.85589153984571
928,distanceM,2324.625224620488
928,motionIntensityG,0.758
928,activeEnergyKcal,46.14942638623263
928,heartRateBpm,134.4071111999891
929,speedMps,2.56581294079654
929,paceSecPerKm,389.74002512028665
929,cadenceSpm,167.87660881274203
929,distanceM,2327.1910375612847
929,motionIntensityG,0.758
929,activeEnergyKcal,46.20114722753282
929,heartRateBpm,135.01417534949394
930,speedMps,2.370707499602542
930,paceSecPerKm,421.8150067723048
930,cadenceSpm,168.4719169638812
930,distanceM,2329.5617450608875
930,motionIntensityG,0.758
930,activeEnergyKcal,46.25286806883301
930,heartRateBpm,133.84726564387208
931,speedMps,2.5817280756673346
931,paceSecPerKm,387.3374618438529
931,cadenceSpm,171.39602115083844
931,distanceM,2332.143473136555
931,motionIntensityG,0.758
931,activeEnergyKcal,46.3045889101332
931,heartRateBpm,133.3783385655794
932,speedMps,2.4929504789620425
932,paceSecPerKm,401.1311128877125
932,cadenceSpm,170.1198629276648
932,distanceM,2334.636423615517
932,motionIntensityG,0.758
932,activeEnergyKcal,46.356309751433386
932,heartRateBpm,135.1859038164375
933,speedMps,2.478470752605439
933,paceSecPerKm,403.47460180789767
933,cadenceSpm,169.84972056393084
933,distanceM,2337.1148943681223
933,motionIntensityG,0.758
933,activeEnergyKcal,46.408030592733574
933,heartRateBpm,133.65992624311573
934,speedMps,2.422957462836807
934,paceSecPerKm,412.71876016725304
934,cadenceSpm,169.81303457963264
934,distanceM,2339.537851830959
934,motionIntensityG,0.758
934,activeEnergyKcal,46.45975143403376
934,heartRateBpm,133.53515412110445
935,speedMps,2.397050578120494
935,paceSecPerKm,417.17934912499476
935,cadenceSpm,170.21134168929873
935,distanceM,2341.9349024090793
935,motionIntensityG,0.758
935,activeEnergyKcal,46.51147227533395
935,heartRateBpm,135.97305524918366
936,speedMps,2.5459690621029836
936,paceSecPerKm,392.7777500854605
936,cadenceSpm,168.01395226074263
936,distanceM,2344.480871471182
936,motionIntensityG,0.758
936,activeEnergyKcal,46.56319311663414
936,heartRateBpm,136.25311970279498
937,speedMps,2.6220424183809508
937,paceSecPerKm,381.3820832911911
937,cadenceSpm,170.90123393081552
937,distanceM,2347.1029138895633
937,motionIntensityG,0.758
937,activeEnergyKcal,46.61491395793433
937,heartRateBpm,138.13078102655015
938,speedMps,2.5837761188549133
938,paceSecPerKm,387.03043684883323
938,cadenceSpm,170.85783586430335
938,distanceM,2349.6866900084183
938,motionIntensityG,0.758
938,activeEnergyKcal,46.666634799234515
938,heartRateBpm,139.8671162779922
939,speedMps,2.547050486589885
939,paceSecPerKm,392.6109848489296
939,cadenceSpm,170.47027619981225
939,distanceM,2352.233740495008
939,motionIntensityG,0.758
939,activeEnergyKcal,46.7183556405347
939,heartRateBpm,141.04459846724257
940,speedMps,2.5242869301415736
940,paceSecPerKm,396.15147868468165
940,cadenceSpm,171.23179910716584
940,distanceM,2354.7580274251495
940,motionIntensityG,0.758
940,activeEnergyKcal,46.77007648183489
940,heartRateBpm,140.62922446821656
941,speedMps,2.6147155512839304
941,paceSecPerKm,382.45077920960074
941,cadenceSpm,168.90763031673566
941,distanceM,2357.3727429764335
941,motionIntensityG,0.758
941,activeEnergyKcal,46.82179732313508
941,heartRateBpm,139.61734365217617
942,speedMps,2.5738320208546384
942,paceSecPerKm,388.52574367613585
942,cadenceSpm,172.8516603198078
942,distanceM,2359.9465749972883
942,motionIntensityG,0.758
942,activeEnergyKcal,46.87351816443527
942,heartRateBpm,137.51518205372162
943,speedMps,2.636680250831001
943,paceSecPerKm,379.26479696763784
943,cadenceSpm,171.20703892438587
943,distanceM,2362.5832552481193
943,motionIntensityG,0.758
943,activeEnergyKcal,46.925239005735456
943,heartRateBpm,135.76516624610002
944,speedMps,2.690013573407367
944,paceSecPerKm,371.7453361149131
944,cadenceSpm,167.86134278117856
944,distanceM,2365.2732688215265
944,motionIntensityG,0.758
944,activeEnergyKcal,46.976959847035644
944,heartRateBpm,136.5924423888888
945,speedMps,2.506871077479724
945,paceSecPerKm,398.90364087065353
945,cadenceSpm,168.1331501587947
945,distanceM,2367.7801398990064
945,motionIntensityG,0.758
945,activeEnergyKcal,47.02868068833583
945,heartRateBpm,135.8235415795094
946,speedMps,2.425330781180068
946,paceSecPerKm,412.31489236838877
946,cadenceSpm,170.72650881397013
946,distanceM,2370.2054706801864
946,motionIntensityG,0.758
946,activeEnergyKcal,47.08040152963602
946,heartRateBpm,136.91027276933397
947,speedMps,2.5983057608960567
947,paceSecPerKm,384.8661751244927
947,cadenceSpm,170.73380119123323
947,distanceM,2372.8037764410824
947,motionIntensityG,0.758
947,activeEnergyKcal,47.13212237093621
947,heartRateBpm,136.43407631579467
948,speedMps,2.6417834450045437
948,paceSecPerKm,378.53216238860944
948,cadenceSpm,170.0349533963444
948,distanceM,2375.445559886087
948,motionIntensityG,0.758
948,activeEnergyKcal,47.1838432122364
948,heartRateBpm,139.04186355791543
949,speedMps,2.5570692217733986
949,paceSecPerKm,391.07271382605444
949,cadenceSpm,170.92306567824966
949,distanceM,2378.0026291078602
949,motionIntensityG,0.758
949,activeEnergyKcal,47.235564053536585
949,heartRateBpm,137.7693938559476
950,speedMps,2.485583792017018
950,paceSecPerKm,402.3199713530934
950,cadenceSpm,170.5240360934911
950,distanceM,2380.4882128998775
950,motionIntensityG,0.758
950,activeEnergyKcal,47.28728489483677
950,heartRateBpm,137.79570243863776
951,speedMps,2.5629987491938806
951,paceSecPerKm,390.1679625534433
951,cadenceSpm,169.48754571390842
951,distanceM,2383.0512116490713
951,motionIntensityG,0.758
951,activeEnergyKcal,47.33900573613696
951,heartRateBpm,136.82004325434409
952,speedMps,2.7268078819909065
952,paceSecPerKm,366.72917318614924
952,cadenceSpm,172.2402382153002
952,distanceM,2385.778019531062
952,motionIntensityG,0.758
952,activeEnergyKcal,47.39072657743715
952,heartRateBpm,136.83105787795253
953,speedMps,2.508825680603084
953,paceSecPerKm,398.5928586953937
953,cadenceSpm,171.49441164447074
953,distanceM,2388.286845211665
953,motionIntensityG,0.758
953,activeEnergyKcal,47.44244741873734
953,heartRateBpm,136.6817375307632
954,speedMps,2.6005474578435295
954,paceSecPerKm,384.53441677593423
954,cadenceSpm,172.90872727877718
954,distanceM,2390.8873926695087
954,motionIntensityG,0.758
954,activeEnergyKcal,47.494168260037526
954,heartRateBpm,136.74277816319974
955,speedMps,2.4931960288516937
955,paceSecPerKm,401.0916062868013
955,cadenceSpm,167.99435208308918
955,distanceM,2393.3805886983605
955,motionIntensityG,0.758
955,activeEnergyKcal,47.545889101337714
955,heartRateBpm,136.91717887431287
956,speedMps,2.6401141809785287
956,paceSecPerKm,378.77149678024955
956,cadenceSpm,169.31135111743166
956,distanceM,2396.020702879339
956,motionIntensityG,0.758
956,activeEnergyKcal,47.5976099426379
956,heartRateBpm,135.15963123118263
957,speedMps,2.637598732015428
957,paceSecPerKm,379.13272699971515
957,cadenceSpm,167.1134916572302
957,distanceM,2398.658301611354
957,motionIntensityG,0.758
957,activeEnergyKcal,47.64933078393809
957,heartRateBpm,134.80158770425047
958,speedMps,2.5128404057997473
958,paceSecPerKm,397.9560332172133
958,cadenceSpm,170.62412556839294
958,distanceM,2401.1711420171537
958,motionIntensityG,0.758
958,activeEnergyKcal,47.70105162523828
958,heartRateBpm,137.3908380126638
959,speedMps,2.5564737711070182
959,paceSecPerKm,391.16380199237267
959,cadenceSpm,168.76889321083712
959,distanceM,2403.7276157882607
959,motionIntensityG,0.758
959,activeEnergyKcal,47.75277246653847
959,heartRateBpm,137.37767294693725
960,speedMps,2.5025813670145856
960,paceSecPerKm,399.5874072989419
960,cadenceSpm,169.04324505977002
960,distanceM,2406.230197155275
960,motionIntensityG,0.758
960,activeEnergyKcal,47.804493307838655
960,heartRateBpm,137.49825002872495
961,speedMps,2.489932602634816
961,paceSecPerKm,401.6172963644929
961,cadenceSpm,171.31610629609932
961,distanceM,2408.72012975791
961,motionIntensityG,0.758
961,activeEnergyKcal,47.85621414913884
961,heartRateBpm,136.84498811396955
962,speedMps,2.641403860988045
962,paceSecPerKm,378.5865595070114
962,cadenceSpm,166.70672370524014
962,distanceM,2411.361533618898
962,motionIntensityG,0.758
962,activeEnergyKcal,47.90793499043903
962,heartRateBpm,137.32009406523625
963,speedMps,2.5624828455985718
963,paceSecPerKm,390.2465149055113
963,cadenceSpm,170.7461800470623
963,distanceM,2413.9240164644966
963,motionIntensityG,0.758
963,activeEnergyKcal,47.95965583173922
963,heartRateBpm,137.64944557195312
964,speedMps,2.63442349677501
964,paceSecPerKm,379.58969058094607
964,cadenceSpm,169.07826775178643
964,distanceM,2416.5584399612717
964,motionIntensityG,0.758
964,activeEnergyKcal,48.01137667303941
964,heartRateBpm,138.73553946220719
965,speedMps,2.751421060701136
965,paceSecPerKm,363.44855183494644
965,cadenceSpm,171.33600361643246
965,distanceM,2419.3098610219727
965,motionIntensityG,0.758
965,activeEnergyKcal,48.063097514339596
965,heartRateBpm,138.54218926886196
966,speedMps,2.56119974698579
966,paceSecPerKm,390.4420188924641
966,cadenceSpm,171.3980518818543
966,distanceM,2421.8710607689586
966,motionIntensityG,0.758
966,activeEnergyKcal,48.114818355639784
966,heartRateBpm,138.95889566428613
967,speedMps,2.522763918769146
967,paceSecPerKm,396.39063828370394
967,cadenceSpm,167.1767664976797
967,distanceM,2424.393824687728
967,motionIntensityG,0.758
967,activeEnergyKcal,48.16653919693997
967,heartRateBpm,136.38912971116088
968,speedMps,2.5486744926006955
968,paceSecPerKm,392.360814573692
968,cadenceSpm,172.67099834676725
968,distanceM,2426.9424991803285
968,motionIntensityG,0.758
968,activeEnergyKcal,48.21826003824016
968,heartRateBpm,135.03230304970376
969,speedMps,2.480836967090978
969,paceSecPerKm,403.08976900348154
969,cadenceSpm,171.45147832334862
969,distanceM,2429.4233361474194
969,motionIntensityG,0.758
969,activeEnergyKcal,48.26998087954035
969,heartRateBpm,133.938297182925
970,speedMps,2.5285563465137546
970,paceSecPerKm,395.48258490610635
970,cadenceSpm,171.79340114103513
970,distanceM,2431.951892493933
970,motionIntensityG,0.758
970,activeEnergyKcal,48.32170172084054
970,heartRateBpm,135.00281452833596
971,speedMps,2.541003504625205
971,paceSecPerKm,393.5453053015363
971,cadenceSpm,168.06287395166092
971,distanceM,2434.492895998558
971,motionIntensityG,0.758
971,activeEnergyKcal,48.373422562140725
971,heartRateBpm,136.30596888250534
972,speedMps,2.548636997948566
972,paceSecPerKm,392.3665868481522
972,cadenceSpm,172.19473532035713
972,distanceM,2437.0415329965067
972,motionIntensityG,0.758
972,activeEnergyKcal,48.42514340344091
972,heartRateBpm,136.17499699690936
973,speedMps,2.54347196092543
973,paceSecPerKm,393.16336698917445
973,cadenceSpm,168.8308474269437
973,distanceM,2439.585004957432
973,motionIntensityG,0.758
973,activeEnergyKcal,48.4768642447411
973,heartRateBpm,136.98964244976926
974,speedMps,2.536296867846455
974,paceSecPerKm,394.275612085225
974,cadenceSpm,171.17917158788475
974,distanceM,2442.1213018252784
974,motionIntensityG,0.758
974,activeEnergyKcal,48.52858508604129
974,heartRateBpm,134.2328608865796
975,speedMps,2.593796413369415
975,paceSecPerKm,385.5352697866413
975,cadenceSpm,172.05116683833864
975,distanceM,2444.715098238648
975,motionIntensityG,0.758
975,activeEnergyKcal,48.58030592734148
975,heartRateBpm,134.19865811400226
976,speedMps,2.5400562159664144
976,paceSecPerKm,393.69207410219866
976,cadenceSpm,167.62665171443663
976,distanceM,2447.2551544546145
976,motionIntensityG,0.758
976,activeEnergyKcal,48.632026768641666
976,heartRateBpm,133.48593674285647
977,speedMps,2.440653485453279
977,paceSecPerKm,409.7263318861832
977,cadenceSpm,169.55592516269772
977,distanceM,2449.695807940068
977,motionIntensityG,0.758
977,activeEnergyKcal,48.683747609941854
977,heartRateBpm,131.70349821308395
978,speedMps,2.526427735269603
978,paceSecPerKm,395.81579399233715
978,cadenceSpm,169.4636947397453
978,distanceM,2452.2222356753373
978,motionIntensityG,0.758
978,activeEnergyKcal,48.73546845124204
978,heartRateBpm,131.69405097989622
979,speedMps,2.6190838693408343
979,paceSecPerKm,381.81289713783696
979,cadenceSpm,172.2181164556794
979,distanceM,2454.8413195446783
979,motionIntensityG,0.758
979,activeEnergyKcal,48.78718929254223
979,heartRateBpm,130.02059696289845
980,speedMps,2.5291207727933664
980,paceSecPerKm,395.3943246828497
980,cadenceSpm,170.71730165145448
980,distanceM,2457.3704403174715
980,motionIntensityG,0.758
980,activeEnergyKcal,48.83891013384242
980,heartRateBpm,129.73873932115205
981,speedMps,2.6682583339160733
981,paceSecPerKm,374.7763053108687
981,cadenceSpm,168.78504695148607
981,distanceM,2460.0386986513877
981,motionIntensityG,0.758
981,activeEnergyKcal,48.89063097514261
981,heartRateBpm,128.37224563908399
982,speedMps,2.6211589454648774
982,paceSecPerKm,381.5106297655842
982,cadenceSpm,166.85437747780344
982,distanceM,2462.6598575968524
982,motionIntensityG,0.758
982,activeEnergyKcal,48.942351816442795
982,heartRateBpm,128.1016857773202
983,speedMps,2.587132981774114
983,paceSecPerKm,386.5282561989739
983,cadenceSpm,169.73397178365389
983,distanceM,2465.2469905786265
983,motionIntensityG,0.758
983,activeEnergyKcal,48.99407265774298
983,heartRateBpm,127.1406458319922
984,speedMps,2.6364099550102917
984,paceSecPerKm,379.30368078742
984,cadenceSpm,171.89051560174863
984,distanceM,2467.8834005336366
984,motionIntensityG,0.758
984,activeEnergyKcal,49.04579349904317
984,heartRateBpm,128.85893308372812
985,speedMps,2.460273168442241
985,paceSecPerKm,406.4589301817916
985,cadenceSpm,170.05457804801966
985,distanceM,2470.343673702079
985,motionIntensityG,0.758
985,activeEnergyKcal,49.09751434034336
985,heartRateBpm,129.63112790146198
986,speedMps,2.6112097561787415
986,paceSecPerKm,382.9642554121755
986,cadenceSpm,169.25415692611816
986,distanceM,2472.9548834582574
986,motionIntensityG,0.758
986,activeEnergyKcal,49.14923518164355
986,heartRateBpm,129.75718556582666
987,speedMps,2.591125640921253
987,paceSecPerKm,385.9326557566921
987,cadenceSpm,169.2940953968002
987,distanceM,2475.5460090991787
987,motionIntensityG,0.758
987,activeEnergyKcal,49.200956022943735
987,heartRateBpm,129.3882671666282
988,speedMps,2.6185140040188433
988,paceSecPerKm,381.8959908044104
988,cadenceSpm,170.0083160308328
988,distanceM,2478.1645231031976
988,motionIntensityG,0.758
988,activeEnergyKcal,49.252676864243924
988,heartRateBpm,127.71376985014977
989,speedMps,2.5912215290698923
989,paceSecPerKm,385.91837431936807
989,cadenceSpm,169.47588151438345
989,distanceM,2480.7557446322676
989,motionIntensityG,0.758
989,activeEnergyKcal,49.30439770554411
989,heartRateBpm,129.41455015980972
990,speedMps,2.6179676952568594
990,paceSecPerKm,381.975683585311
990,cadenceSpm,167.43727648478813
990,distanceM,2483.3737123275246
990,motionIntensityG,0.758
990,activeEnergyKcal,49.3561185468443
990,heartRateBpm,130.76768906782877
991,speedMps,2.5237616312882007
991,paceSecPerKm,396.2339341412252
991,cadenceSpm,169.4821349530284
991,distanceM,2485.897473958813
991,motionIntensityG,0.758
991,activeEnergyKcal,49.40783938814449
991,heartRateBpm,131.72026957796
992,speedMps,2.5419919963019155
992,paceSecPerKm,393.39226931272714
992,cadenceSpm,168.94505088568192
992,distanceM,2488.439465955115
992,motionIntensityG,0.758
992,activeEnergyKcal,49.459560229444676
992,heartRateBpm,132.51703338139134
993,speedMps,2.50586800084492
993,paceSecPerKm,399.0633184440774
993,cadenceSpm,170.02082894745215
993,distanceM,2490.94533395596
993,motionIntensityG,0.758
993,activeEnergyKcal,49.511281070744865
993,heartRateBpm,134.03653178102303
994,speedMps,2.5962966136405257
994,paceSecPerKm,385.1640042767689
994,cadenceSpm,169.35524837733084
994,distanceM,2493.5416305696003
994,motionIntensityG,0.758
994,activeEnergyKcal,49.56300191204505
994,heartRateBpm,135.90967835365328
995,speedMps,2.672427426770151
995,paceSecPerKm,374.1916393997582
995,cadenceSpm,166.4511773343466
995,distanceM,2496.2140579963707
995,motionIntensityG,0.758
995,activeEnergyKcal,49.61472275334524
995,heartRateBpm,135.92710185303164
996,speedMps,2.540655462977739
996,paceSecPerKm,393.5992166478033
996,cadenceSpm,169.32847764806078
996,distanceM,2498.7547134593483
996,motionIntensityG,0.758
996,activeEnergyKcal,49.66644359464543
996,heartRateBpm,136.65210810726413
997,speedMps,2.6336366851392135
997,paceSecPerKm,379.70309482803253
997,cadenceSpm,172.952927859673
997,distanceM,2501.3883501444875
997,motionIntensityG,0.758
997,activeEnergyKcal,49.71816443594562
997,heartRateBpm,133.91950943326304
998,speedMps,2.4825082036089587
998,paceSecPerKm,402.81840702328594
998,cadenceSpm,168.22806655301275
998,distanceM,2503.8708583480966
998,motionIntensityG,0.758
998,activeEnergyKcal,49.769885277245805
998,heartRateBpm,133.48280444170746
999,speedMps,2.5750099127990596
999,paceSecPerKm,388.34801956664734
999,cadenceSpm,170.57072766746063
999,distanceM,2506.4458682608956
999,motionIntensityG,0.758
999,activeEnergyKcal,49.82160611854599
999,heartRateBpm,135.54576899912706
1000,speedMps,2.5597932493363493
1000,paceSecPerKm,390.656550195708
1000,cadenceSpm,171.76743164370328
1000,distanceM,2509.005661510232
1000,motionIntensityG,0.758
1000,activeEnergyKcal,49.87332695984618
1000,heartRateBpm,134.6911020903125
1001,speedMps,2.4647486814551063
1001,paceSecPerKm,405.72087836948674
1001,cadenceSpm,170.8132314081757
1001,distanceM,2511.4704101916873
1001,motionIntensityG,0.758
1001,activeEnergyKcal,49.92504780114637
1001,heartRateBpm,134.2203061807927
1002,speedMps,2.5560786684940258
1002,paceSecPerKm,391.2242656401392
1002,cadenceSpm,169.48926083630667
1002,distanceM,2514.0264888601814
1002,motionIntensityG,0.758
1002,activeEnergyKcal,49.97676864244656
1002,heartRateBpm,134.8919373996056
1003,speedMps,2.617210432428652
1003,paceSecPerKm,382.08620430725
1003,cadenceSpm,170.73085970806838
1003,distanceM,2516.64369929261
1003,motionIntensityG,0.758
1003,activeEnergyKcal,50.028489483746746
1003,heartRateBpm,135.49666249066436
1004,speedMps,2.658516081507127
1004,paceSecPerKm,376.149690030498
1004,cadenceSpm,169.6015771084039
1004,distanceM,2519.302215374117
1004,motionIntensityG,0.758
1004,activeEnergyKcal,50.080210325046934
1004,heartRateBpm,134.5450442210552
1005,speedMps,2.6639856791161867
1005,paceSecPerKm,375.37739329430764
1005,cadenceSpm,170.8469682727773
1005,distanceM,2521.9662010532334
1005,motionIntensityG,0.758
1005,activeEnergyKcal,50.13193116634712
1005,heartRateBpm,136.13621956402378
1006,speedMps,2.474483848784344
1006,paceSecPerKm,404.12468260452647
1006,cadenceSpm,169.72752629022847
1006,distanceM,2524.440684902018
1006,motionIntensityG,0.758
1006,activeEnergyKcal,50.18365200764731
1006,heartRateBpm,136.73013350173454
1007,speedMps,2.4800856303443095
1007,paceSecPerKm,403.2118842046475
1007,cadenceSpm,170.68448327887376
1007,distanceM,2526.920770532362
1007,motionIntensityG,0.758
1007,activeEnergyKcal,50.2353728489475
1007,heartRateBpm,135.73186640535448
1008,speedMps,2.4928591646226956
1008,paceSecPerKm,401.1458064665093
1008,cadenceSpm,170.73844153990672
1008,distanceM,2529.4136296969846
1008,motionIntensityG,0.758
1008,activeEnergyKcal,50.28709369024769
1008,heartRateBpm,134.64724897181907
1009,speedMps,2.5623043534757555
1009,paceSecPerKm,390.27369978258207
1009,cadenceSpm,168.64993444581137
1009,distanceM,2531.97593405046
1009,motionIntensityG,0.758
1009,activeEnergyKcal,50.338814531547875
1009,heartRateBpm,133.95743910810344
1010,speedMps,2.4507176118241882
1010,paceSecPerKm,408.04374815572953
1010,cadenceSpm,168.9114916216123
1010,distanceM,2534.4266516622843
1010,motionIntensityG,0.758
1010,activeEnergyKcal,50.39053537284806
1010,heartRateBpm,133.6960572780481
1011,speedMps,2.742857630572663
1011,paceSecPerKm,364.5832685057068
1011,cadenceSpm,169.14113976649747
1011,distanceM,2537.169509292857
1011,motionIntensityG,0.758
1011,activeEnergyKcal,50.44225621414825
1011,heartRateBpm,133.60622445905216
1012,speedMps,2.567195731555273
1012,paceSecPerKm,389.53009609211773
1012,cadenceSpm,169.06961078407522
1012,distanceM,2539.7367050244125
1012,motionIntensityG,0.758
1012,activeEnergyKcal,50.49397705544844
1012,heartRateBpm,132.9297227978624
1013,speedMps,2.6066100561833743
1013,paceSecPerKm,383.6400452871
1013,cadenceSpm,170.85403279010572
1013,distanceM,2542.343315080596
1013,motionIntensityG,0.758
1013,activeEnergyKcal,50.54569789674863
1013,heartRateBpm,133.72676278658722
1014,speedMps,2.5825425958813635
1014,paceSecPerKm,387.21529766626077
1014,cadenceSpm,172.70493446705873
1014,distanceM,2544.9258576764773
1014,motionIntensityG,0.758
1014,activeEnergyKcal,50.597418738048816
1014,heartRateBpm,135.3296134607869
1015,speedMps,2.579082191479479
1015,paceSecPerKm,387.73483191179514
1015,cadenceSpm,166.6930908589197
1015,distanceM,2547.5049398679566
1015,motionIntensityG,0.758
1015,activeEnergyKcal,50.649139579349004
1015,heartRateBpm,136.10153982795015
1016,speedMps,2.502406088519455
1016,paceSecPerKm,399.61539599340114
1016,cadenceSpm,168.1896109395318
1016,distanceM,2550.007345956476
1016,motionIntensityG,0.758
1016,activeEnergyKcal,50.70086042064919
1016,heartRateBpm,135.45271868734451
1017,speedMps,2.6398508234937794
1017,paceSecPerKm,378.80928388086863
1017,cadenceSpm,167.65494543423674
1017,distanceM,2552.64719677997
1017,motionIntensityG,0.758
1017,activeEnergyKcal,50.75258126194938
1017,heartRateBpm,133.85032316030117
1018,speedMps,2.4396109192806468
1018,paceSecPerKm,409.9014281731711
1018,cadenceSpm,168.59141799455804
1018,distanceM,2555.0868076992506
1018,motionIntensityG,0.758
1018,activeEnergyKcal,50.80430210324957
1018,heartRateBpm,133.65993767410825
1019,speedMps,2.6443401162003224
1019,paceSecPerKm,378.16617986225975
1019,cadenceSpm,171.11152903006814
1019,distanceM,2557.731147815451
1019,motionIntensityG,0.758
1019,activeEnergyKcal,50.85602294454976
1019,heartRateBpm,134.70867342577696
1020,speedMps,2.6181855970872947
1020,paceSecPerKm,381.94389317261925
1020,cadenceSpm,170.4047871497996
1020,distanceM,2560.3493334125383
1020,motionIntensityG,0.758
1020,activeEnergyKcal,50.907743785849945
1020,heartRateBpm,132.21041256976375
1021,speedMps,2.4948982940766853
1021,paceSecPerKm,400.81794210776883
1021,cadenceSpm,170.69352854787246
1021,distanceM,2562.844231706615
1021,motionIntensityG,0.758
1021,activeEnergyKcal,50.95946462715013
1021,heartRateBpm,133.29015264676028
1022,speedMps,2.6098068558126832
1022,paceSecPerKm,383.17011765554736
1022,cadenceSpm,167.82197266853836
1022,distanceM,2565.4540385624277
1022,motionIntensityG,0.758
1022,activeEnergyKcal,51.01118546845032
1022,heartRateBpm,132.27858855777615
1023,speedMps,2.57855241030058
1023,paceSecPerKm,387.8144946774344
1023,cadenceSpm,169.54662293170637
1023,distanceM,2568.0325909727285
1023,motionIntensityG,0.758
1023,activeEnergyKcal,51.06290630975051
1023,heartRateBpm,133.85136895013446
1024,speedMps,2.5964849444309666
1024,paceSecPerKm,385.13606718376536
1024,cadenceSpm,169.05891332386878
1024,distanceM,2570.6290759171593
1024,motionIntensityG,0.758
1024,activeEnergyKcal,51.1146271510507
1024,heartRateBpm,135.61037960908732
1025,speedMps,2.548956227883804
1025,paceSecPerKm,392.31744706350673
1025,cadenceSpm,169.78838452953934
1025,distanceM,2573.1780321450433
1025,motionIntensityG,0.758
1025,activeEnergyKcal,51.166347992350886
1025,heartRateBpm,138.03133505148588
1026,speedMps,2.5216497499733346
1026,paceSecPerKm,396.56578000595624
1026,cadenceSpm,170.92840445597136
1026,distanceM,2575.6996818950165
1026,motionIntensityG,0.758
1026,activeEnergyKcal,51.218068833651074
1026,heartRateBpm,139.8604871755625
1027,speedMps,2.4027107626131197
1027,paceSecPerKm,416.19657911401225
1027,cadenceSpm,172.04102939994297
1027,distanceM,2578.1023926576295
1027,motionIntensityG,0.758
1027,activeEnergyKcal,51.26978967495126
1027,heartRateBpm,141.2966433758681
1028,speedMps,2.5653941375338114
1028,paceSecPerKm,389.80365058498546
1028,cadenceSpm,170.79866407880272
1028,distanceM,2580.6677867951635
1028,motionIntensityG,0.758
1028,activeEnergyKcal,51.32151051625145
1028,heartRateBpm,139.23882537148341
1029,speedMps,2.5532420317388573
1029,paceSecPerKm,391.6589134790958
1029,cadenceSpm,167.15300059738473
1029,distanceM,2583.2210288269025
1029,motionIntensityG,0.758
1029,activeEnergyKcal,51.37323135755164
1029,heartRateBpm,140.05132865684334
1030,speedMps,2.57581227646623
1030,paceSecPerKm,388.2270494385193
1030,cadenceSpm,170.02684699926488
1030,distanceM,2585.796841103369
1030,motionIntensityG,0.758
1030,activeEnergyKcal,51.42495219885183
1030,heartRateBpm,141.0281443263686
1031,speedMps,2.5884248064184496
1031,paceSecPerKm,386.33534863378145
1031,cadenceSpm,168.4702576561469
1031,distanceM,2588.3852659097874
1031,motionIntensityG,0.758
1031,activeEnergyKcal,51.476673040152015
1031,heartRateBpm,142.19178263959938
1032,speedMps,2.6290679233832797
1032,paceSecPerKm,380.3629381751103
1032,cadenceSpm,168.53817820096833
1032,distanceM,2591.014333833171
1032,motionIntensityG,0.758
1032,activeEnergyKcal,51.5283938814522
1032,heartRateBpm,141.79095530688926
1033,speedMps,2.661650894406381
1033,paceSecPerKm,375.70667216409186
1033,cadenceSpm,170.11899074835026
1033,distanceM,2593.675984727577
1033,motionIntensityG,0.758
1033,activeEnergyKcal,51.58011472275239
1033,heartRateBpm,140.85599582978404
1034,speedMps,2.4347238406295966
1034,paceSecPerKm,410.7241993167527
1034,cadenceSpm,170.41040021016485
1034,distanceM,2596.1107085682065
1034,motionIntensityG,0.758
1034,activeEnergyKcal,51.63183556405258
1034,heartRateBpm,142.16197103998482
1035,speedMps,2.6240971720856123
1035,paceSecPerKm,381.08344867625755
1035,cadenceSpm,169.70240953086488
1035,distanceM,2598.7348057402924
1035,motionIntensityG,0.758
1035,activeEnergyKcal,51.68355640535277
1035,heartRateBpm,142.1263029609389
1036,speedMps,2.6006653038454166
1036,paceSecPerKm,384.51699206405834
1036,cadenceSpm,168.1136018818658
1036,distanceM,2601.3354710441376
1036,motionIntensityG,0.758
1036,activeEnergyKcal,51.735277246652956
1036,heartRateBpm,143.2609563157927
1037,speedMps,2.642224366670801
1037,paceSecPerKm,378.46899476595115
1037,cadenceSpm,168.38282246819963
1037,distanceM,2603.9776954108083
1037,motionIntensityG,0.758
1037,activeEnergyKcal,51.786998087953144
1037,heartRateBpm,144.56845858138817
1038,speedMps,2.570580421285248
1038,paceSecPerKm,389.017200831249
1038,cadenceSpm,168.83292738150396
1038,distanceM,2606.5482758320936
1038,motionIntensityG,0.758
1038,activeEnergyKcal,51.83871892925333
1038,heartRateBpm,144.48436560906174
1039,speedMps,2.638722757852942
1039,paceSecPerKm,378.9712265238782
1039,cadenceSpm,168.14217857063267
1039,distanceM,2609.1869985899466
1039,motionIntensityG,0.758
1039,activeEnergyKcal,51.89043977055352
1039,heartRateBpm,144.73021360512502
1040,speedMps,2.504214999545021
1040,paceSecPerKm,399.3267351971317
1040,cadenceSpm,168.8415964535742
1040,distanceM,2611.691213589492
1040,motionIntensityG,0.758
1040,activeEnergyKcal,51.94216061185371
1040,heartRateBpm,142.48196292791573
1041,speedMps,2.5654792547901097
1041,paceSecPerKm,389.7907177120453
1041,cadenceSpm,168.52704196150506
1041,distanceM,2614.256692844282
1041,motionIntensityG,0.758
1041,activeEnergyKcal,51.9938814531539
1041,heartRateBpm,142.37153429269696
1042,speedMps,2.4990176288338923
1042,paceSecPerKm,400.1572411742555
1042,cadenceSpm,170.30394874423519
1042,distanceM,2616.755710473116
1042,motionIntensityG,0.758
1042,activeEnergyKcal,52.045602294454085
1042,heartRateBpm,144.33070297124033
1043,speedMps,2.6228058429137566
1043,paceSecPerKm,381.27107376315314
1043,cadenceSpm,169.36152132612395
1043,distanceM,2619.3785163160296
1043,motionIntensityG,0.758
1043,activeEnergyKcal,52.09732313575427
1043,heartRateBpm,142.66862100967975
1044,speedMps,2.5694179529681906
1044,paceSecPerKm,389.1932018474458
1044,cadenceSpm,167.69551408765463
1044,distanceM,2621.947934268998
1044,motionIntensityG,0.758
1044,activeEnergyKcal,52.14904397705446
1044,heartRateBpm,139.5622874774345
1045,speedMps,2.500184731508408
1045,paceSecPerKm,399.9704451425401
1045,cadenceSpm,172.37852621128945
1045,distanceM,2624.4481190005063
1045,motionIntensityG,0.758
1045,activeEnergyKcal,52.20076481835465
1045,heartRateBpm,138.70990979364552
1046,speedMps,2.513305823818046
1046,paceSecPerKm,397.88233907836445
1046,cadenceSpm,172.04942841980892
1046,distanceM,2626.9614248243242
1046,motionIntensityG,0.758
1046,activeEnergyKcal,52.25248565965484
1046,heartRateBpm,140.2221676338821
1047,speedMps,2.5269095250702804
1047,paceSecPerKm,395.7403263071665
1047,cadenceSpm,169.8325079402329
1047,distanceM,2629.4883343493943
1047,motionIntensityG,0.758
1047,activeEnergyKcal,52.304206500955026
1047,heartRateBpm,141.1428804272022
1048,speedMps,2.4136261296021537
1048,paceSecPerKm,414.31437443247825
1048,cadenceSpm,169.991069654954
1048,distanceM,2631.9019604789964
1048,motionIntensityG,0.758
1048,activeEnergyKcal,52.355927342255214
1048,heartRateBpm,140.7859322459966
1049,speedMps,2.5750553805356495
1049,paceSecPerKm,388.34116250811866
1049,cadenceSpm,169.9921321525074
1049,distanceM,2634.477015859532
1049,motionIntensityG,0.758
1049,activeEnergyKcal,52.4076481835554
1049,heartRateBpm,141.63229394411778
1050,speedMps,2.640238977935158
1050,paceSecPerKm,378.75359327588836
1050,cadenceSpm,170.63645344344852
1050,distanceM,2637.117254837467
1050,motionIntensityG,0.758
1050,activeEnergyKcal,52.45936902485559
1050,heartRateBpm,143.1494138108102
1051,speedMps,2.606466111612561
1051,paceSecPerKm,383.6612321735972
1051,cadenceSpm,172.93808073562136
1051,distanceM,2639.7237209490795
1051,motionIntensityG,0.758
1051,activeEnergyKcal,52.51108986615578
1051,heartRateBpm,143.94128658320852
1052,speedMps,2.5378385673023454
1052,paceSecPerKm,394.0360954727602
1052,cadenceSpm,167.57630243591166
1052,distanceM,2642.261559516382
1052,motionIntensityG,0.758
1052,activeEnergyKcal,52.56281070745597
1052,heartRateBpm,142.04929877536233
1053,speedMps,2.4456449756785994
1053,paceSecPerKm,408.89009236613646
1053,cadenceSpm,170.11086613814626
1053,distanceM,2644.7072044920606
1053,motionIntensityG,0.758
1053,activeEnergyKcal,52.614531548756155
1053,heartRateBpm,140.67673178609036
1054,speedMps,2.5939337390566513
1054,paceSecPerKm,385.5148591280805
1054,cadenceSpm,169.50293495718947
1054,distanceM,2647.3011382311174
1054,motionIntensityG,0.758
1054,activeEnergyKcal,52.66625239005634
1054,heartRateBpm,143.326652543465
1055,speedMps,2.5746709288401637
1055,paceSecPerKm,388.3991498868865
1055,cadenceSpm,169.63783728399594
1055,distanceM,2649.8758091599575
1055,motionIntensityG,0.758
1055,activeEnergyKcal,52.71797323135653
1055,heartRateBpm,141.236547830144
1056,speedMps,2.6206012962872736
1056,paceSecPerKm,381.59181307616154
1056,cadenceSpm,169.28824380792807
1056,distanceM,2652.4964104562446
1056,motionIntensityG,0.758
1056,activeEnergyKcal,52.76969407265672
1056,heartRateBpm,141.04018813223541
1057,speedMps,2.583525211428095
1057,paceSecPerKm,387.0680245644788
1057,cadenceSpm,171.47221716038268
1057,distanceM,2655.0799356676725
1057,motionIntensityG,0.758
1057,activeEnergyKcal,52.82141491395691
1057,heartRateBpm,141.352484048751
1058,speedMps,2.6070088117295236
1058,paceSecPerKm,383.5813655484298
1058,cadenceSpm,166.71263251780408
1058,distanceM,2657.686944479402
1058,motionIntensityG,0.758
1058,activeEnergyKcal,52.873135755257096
1058,heartRateBpm,140.59316105212733
1059,speedMps,2.669521928467391
1059,paceSecPerKm,374.59890826748654
1059,cadenceSpm,170.08361435865874
1059,distanceM,2660.3564664078694
1059,motionIntensityG,0.758
1059,activeEnergyKcal,52.924856596557284
1059,heartRateBpm,140.01019032264713
1060,speedMps,2.504404496873047
1060,paceSecPerKm,399.2965198906892
1060,cadenceSpm,168.62128071802468
1060,distanceM,2662.8608709047426
1060,motionIntensityG,0.758
1060,activeEnergyKcal,52.97657743785747
1060,heartRateBpm,140.22187932042237
1061,speedMps,2.542835640040049
1061,paceSecPerKm,393.26175245217587
1061,cadenceSpm,173.58152571343842
1061,distanceM,2665.403706544783
1061,motionIntensityG,0.758
1061,activeEnergyKcal,53.02829827915766
1061,heartRateBpm,141.4614371179627
1062,speedMps,2.3922618607259563
1062,paceSecPerKm,418.0144391452781
1062,cadenceSpm,171.90694555249428
1062,distanceM,2667.7959684055086
1062,motionIntensityG,0.758
1062,activeEnergyKcal,53.08001912045785
1062,heartRateBpm,140.87001676902847
1063,speedMps,2.590899239021612
1063,paceSecPerKm,385.9663799112561
1063,cadenceSpm,169.8273421577993
1063,distanceM,2670.3868676445304
1063,motionIntensityG,0.758
1063,activeEnergyKcal,53.131739961758036
1063,heartRateBpm,141.22229699388046
1064,speedMps,2.6355406451411945
1064,paceSecPerKm,379.42879076578487
1064,cadenceSpm,169.2266150336518
1064,distanceM,2673.0224082896716
1064,motionIntensityG,0.758
1064,activeEnergyKcal,53.183460803058225
1064,heartRateBpm,140.4221651677833
1065,speedMps,2.594192416272087
1065,paceSecPerKm,385.47641791237004
1065,cadenceSpm,172.49930937947354
1065,distanceM,2675.6166007059437
1065,motionIntensityG,0.758
1065,activeEnergyKcal,53.23518164435841
1065,heartRateBpm,139.21071161652
1066,speedMps,2.7431983664479382
1066,paceSecPerKm,364.5379831918103
1066,cadenceSpm,169.1305574163587
1066,distanceM,2678.3597990723915
1066,motionIntensityG,0.758
1066,activeEnergyKcal,53.2869024856586
1066,heartRateBpm,138.5722672467969
1067,speedMps,2.5954019104876385
1067,paceSecPerKm,385.2967804173784
1067,cadenceSpm,168.01104504421835
1067,distanceM,2680.955200982879
1067,motionIntensityG,0.758
1067,activeEnergyKcal,53.33862332695879
1067,heartRateBpm,139.98256682753046
1068,speedMps,2.5149763111513055
1068,paceSecPerKm,397.6180592898786
1068,cadenceSpm,169.24263189476432
1068,distanceM,2683.4701772940302
1068,motionIntensityG,0.758
1068,activeEnergyKcal,53.39034416825898
1068,heartRateBpm,140.54075389843834
1069,speedMps,2.632993423971631
1069,paceSecPerKm,379.79585930434683
1069,cadenceSpm,169.92118202385106
1069,distanceM,2686.103170718002
1069,motionIntensityG,0.758
1069,activeEnergyKcal,53.442065009559165
1069,heartRateBpm,140.35425344961885
1070,speedMps,2.539412269044095
1070,paceSecPerKm,393.79190696610584
1070,cadenceSpm,170.28387187654297
1070,distanceM,2688.642582987046
1070,motionIntensityG,0.758
1070,activeEnergyKcal,53.493785850859354
1070,heartRateBpm,140.1751312352389
1071,speedMps,2.5670508262240297
1071,paceSecPerKm,389.55208435469007
1071,cadenceSpm,171.4596071611931
1071,distanceM,2691.20963381327
1071,motionIntensityG,0.758
1071,activeEnergyKcal,53.54550669215954
1071,heartRateBpm,137.5966160893647
1072,speedMps,2.555643727371095
1072,paceSecPerKm,391.2908475034846
1072,cadenceSpm,172.08777866247453
1072,distanceM,2693.7652775406414
1072,motionIntensityG,0.758
1072,activeEnergyKcal,53.59722753345973
1072,heartRateBpm,140.0403263800797
1073,speedMps,2.614215013100304
1073,paceSecPerKm,382.52400624616536
1073,cadenceSpm,168.44703434554341
1073,distanceM,2696.379492553742
1073,motionIntensityG,0.758
1073,activeEnergyKcal,53.64894837475992
1073,heartRateBpm,140.20617114776556
1074,speedMps,2.639718309449996
1074,paceSecPerKm,378.82830013341726
1074,cadenceSpm,170.14497051483065
1074,distanceM,2699.019210863192
1074,motionIntensityG,0.758
1074,activeEnergyKcal,53.700669216060106
1074,heartRateBpm,139.52136774318137
1075,speedMps,2.4746124181739484
1075,paceSecPerKm,404.1036861594327
1075,cadenceSpm,169.4445652955071
1075,distanceM,2701.4938232813656
1075,motionIntensityG,0.758
1075,activeEnergyKcal,53.752390057360294
1075,heartRateBpm,139.60569654165133
1076,speedMps,2.549231569022425
1076,paceSecPerKm,392.27507306583306
1076,cadenceSpm,170.050401261249
1076,distanceM,2704.043054850388
1076,motionIntensityG,0.758
1076,activeEnergyKcal,53.80411089866048
1076,heartRateBpm,138.43419627266857
1077,speedMps,2.502000863118851
1077,paceSecPerKm,399.6801179170887
1077,cadenceSpm,172.87881599852855
1077,distanceM,2706.5450557135073
1077,motionIntensityG,0.758
1077,activeEnergyKcal,53.85583173996067
1077,heartRateBpm,138.8073833292659
1078,speedMps,2.499536064809846
1078,paceSecPerKm,400.0742434080765
1078,cadenceSpm,171.36031414070064
1078,distanceM,2709.044591778317
1078,motionIntensityG,0.758
1078,activeEnergyKcal,53.90755258126086
1078,heartRateBpm,139.67009492240905
1079,speedMps,2.6112199750646146
1079,paceSecPerKm,382.96275669967446
1079,cadenceSpm,172.36829484935578
1079,distanceM,2711.655811753382
1079,motionIntensityG,0.758
1079,activeEnergyKcal,53.95927342256105
1079,heartRateBpm,139.23267246110328
1080,speedMps,2.5427121297370445
1080,paceSecPerKm,393.2808548419578
1080,cadenceSpm,168.82868036103264
1080,distanceM,2714.198523883119
1080,motionIntensityG,0.758
1080,activeEnergyKcal,54.010994263861235
1080,heartRateBpm,140.1206946000275
1081,speedMps,2.636043077583047
1081,paceSecPerKm,379.35647125952386
1081,cadenceSpm,167.20875997211743
1081,distanceM,2716.834566960702
1081,motionIntensityG,0.758
1081,activeEnergyKcal,54.06271510516142
1081,heartRateBpm,140.95840933498755
1082,speedMps,2.5652354177992103
1082,paceSecPerKm,389.82776904660426
1082,cadenceSpm,170.36973472547655
1082,distanceM,2719.399802378501
1082,motionIntensityG,0.758
1082,activeEnergyKcal,54.11443594646161
1082,heartRateBpm,141.70349504649485
1083,speedMps,2.5128116281907107
1083,paceSecPerKm,397.9605907506986
1083,cadenceSpm,168.89876460208328
1083,distanceM,2721.912614006692
1083,motionIntensityG,0.758
1083,activeEnergyKcal,54.1661567877618
1083,heartRateBpm,143.3798331110423
1084,speedMps,2.4933325927998293
1084,paceSecPerKm,401.0696378364322
1084,cadenceSpm,170.1369809414197
1084,distanceM,2724.405946599492
1084,motionIntensityG,0.758
1084,activeEnergyKcal,54.21787762906199
1084,heartRateBpm,145.11125228783854
1085,speedMps,2.546784150311019
1085,paceSecPerKm,392.6520431179367
1085,cadenceSpm,170.80854926334402
1085,distanceM,2726.952730749803
1085,motionIntensityG,0.758
1085,activeEnergyKcal,54.269598470362176
1085,heartRateBpm,145.68534005926753
1086,speedMps,2.540172960034655
1086,paceSecPerKm,393.67398036799716
1086,cadenceSpm,168.53163466885022
1086,distanceM,2729.4929037098377
1086,motionIntensityG,0.758
1086,activeEnergyKcal,54.321319311662364
1086,heartRateBpm,147.37837486361985
1087,speedMps,2.606012942864041
1087,paceSecPerKm,383.7279483734979
1087,cadenceSpm,169.12410556323493
1087,distanceM,2732.098916652702
1087,motionIntensityG,0.758
1087,activeEnergyKcal,54.37304015296255
1087,heartRateBpm,148.39514969653283
1088,speedMps,2.572092984212716
1088,paceSecPerKm,388.78843266472614
1088,cadenceSpm,168.26603439041108
1088,distanceM,2734.6710096369147
1088,motionIntensityG,0.758
1088,activeEnergyKcal,54.42476099426274
1088,heartRateBpm,148.65564529300946
1089,speedMps,2.679933962515788
1089,paceSecPerKm,373.1435229326509
1089,cadenceSpm,169.96905216278674
1089,distanceM,2737.3509435994306
1089,motionIntensityG,0.758
1089,activeEnergyKcal,54.47648183556293
1089,heartRateBpm,148.20395153789227
1090,speedMps,2.5618752876105537
1090,paceSecPerKm,390.33906327762514
1090,cadenceSpm,171.31497376499692
1090,distanceM,2739.9128188870413
1090,motionIntensityG,0.758
1090,activeEnergyKcal,54.52820267686312
1090,heartRateBpm,148.68118753822293
1091,speedMps,2.50232977604412
1091,paceSecPerKm,399.6275828923231
1091,cadenceSpm,171.59635884011777
1091,distanceM,2742.4151486630853
1091,motionIntensityG,0.758
1091,activeEnergyKcal,54.579923518163305
1091,heartRateBpm,147.5515769939572
1092,speedMps,2.522061637618542
1092,paceSecPerKm,396.5010153139043
1092,cadenceSpm,169.80428721386474
1092,distanceM,2744.937210300704
1092,motionIntensityG,0.758
1092,activeEnergyKcal,54.63164435946349
1092,heartRateBpm,148.36218221295903
1093,speedMps,2.4832331262539484
1093,paceSecPerKm,402.7008134788126
1093,cadenceSpm,169.87490056412815
1093,distanceM,2747.420443426958
1093,motionIntensityG,0.758
1093,activeEnergyKcal,54.68336520076368
1093,heartRateBpm,146.16828806927535
1094,speedMps,2.545440925550276
1094,paceSecPerKm,392.8592449199421
1094,cadenceSpm,169.9668949898414
1094,distanceM,2749.9658843525085
1094,motionIntensityG,0.758
1094,activeEnergyKcal,54.73508604206387
1094,heartRateBpm,144.83068691950393
1095,speedMps,2.5118547799006743
1095,paceSecPerKm,398.1121870586574
1095,cadenceSpm,171.5945402132469
1095,distanceM,2752.477739132409
1095,motionIntensityG,0.758
1095,activeEnergyKcal,54.78680688336406
1095,heartRateBpm,144.3596691060008
1096,speedMps,2.6067092904986406
1096,paceSecPerKm,383.625440567908
1096,cadenceSpm,166.94679375932137
1096,distanceM,2755.084448422908
1096,motionIntensityG,0.758
1096,activeEnergyKcal,54.838527724664246
1096,heartRateBpm,146.30263832167563
1097,speedMps,2.701448347709417
1097,paceSecPerKm,370.1718009333435
1097,cadenceSpm,169.23835223489755
1097,distanceM,2757.7858967706175
1097,motionIntensityG,0.758
1097,activeEnergyKcal,54.890248565964434
1097,heartRateBpm,147.46525973120183
1098,speedMps,2.5465582366007578
1098,paceSecPerKm,392.6868765957765
1098,cadenceSpm,170.32822697368877
1098,distanceM,2760.3324550072184
1098,motionIntensityG,0.758
1098,activeEnergyKcal,54.94196940726462
1098,heartRateBpm,144.82886317902816
1099,speedMps,2.692392733877359
1099,paceSecPerKm,371.41683953361576
1099,cadenceSpm,170.41322241374885
1099,distanceM,2763.024847741096
1099,motionIntensityG,0.758
1099,activeEnergyKcal,54.99369024856481
1099,heartRateBpm,145.45300305301947
1100,speedMps,2.560866605968001
1100,paceSecPerKm,390.49281117163173
1100,cadenceSpm,168.94526387695893
1100,distanceM,2765.585714347064
1100,motionIntensityG,0.758
1100,activeEnergyKcal,55.045411089865
1100,heartRateBpm,144.50358083593366
1101,speedMps,2.5582370657909004
1101,paceSecPerKm,390.8941877874174
1101,cadenceSpm,169.19544682288353
1101,distanceM,2768.1439514128547
1101,motionIntensityG,0.758
1101,activeEnergyKcal,55.09713193116519
1101,heartRateBpm,144.90776693597323
1102,speedMps,2.5883138489182764
1102,paceSecPerKm,386.3519103055937
1102,cadenceSpm,171.50768472591704
1102,distanceM,2770.732265261773
1102,motionIntensityG,0.758
1102,activeEnergyKcal,55.148852772465375
1102,heartRateBpm,144.642355263844
1103,speedMps,2.521578084021352
1103,paceSecPerKm,396.5770508304958
1103,cadenceSpm,166.97852801590642
1103,distanceM,2773.2538433457944
1103,motionIntensityG,0.758
1103,activeEnergyKcal,55.20057361376556
1103,heartRateBpm,144.53405192492397
1104,speedMps,2.6822387835771444
1104,paceSecPerKm,372.8228844213335
1104,cadenceSpm,169.43739484137234
1104,distanceM,2775.9360821293717
1104,motionIntensityG,0.758
1104,activeEnergyKcal,55.25229445506575
1104,heartRateBpm,143.86488540575635
1105,speedMps,2.572438284632526
1105,paceSecPerKm,388.7362452867749
1105,cadenceSpm,166.88806935675203
1105,distanceM,2778.508520414004
1105,motionIntensityG,0.758
1105,activeEnergyKcal,55.30401529636594
1105,heartRateBpm,142.46622313116418
1106,speedMps,2.491929847449942
1106,paceSecPerKm,401.2954060578096
1106,cadenceSpm,168.20799968456134
1106,distanceM,2781.0004502614543
1106,motionIntensityG,0.758
1106,activeEnergyKcal,55.35573613766613
1106,heartRateBpm,144.037990014595
1107,speedMps,2.504938759233065
1107,paceSecPerKm,399.2113564908745
1107,cadenceSpm,167.39324603012332
1107,distanceM,2783.5053890206873
1107,motionIntensityG,0.758
1107,activeEnergyKcal,55.407456978966316
1107,heartRateBpm,144.69573536098508
1108,speedMps,2.606323297451427
1108,paceSecPerKm,383.68225499033144
1108,cadenceSpm,169.50900874076726
1108,distanceM,2786.111712318139
1108,motionIntensityG,0.758
1108,activeEnergyKcal,55.459177820266504
1108,heartRateBpm,144.5760654925428
1109,speedMps,2.598266362044202
1109,paceSecPerKm,384.8720110486455
1109,cadenceSpm,168.52464939799535
1109,distanceM,2788.709978680183
1109,motionIntensityG,0.758
1109,activeEnergyKcal,55.51089866156669
1109,heartRateBpm,144.11815925194594
1110,speedMps,2.4992959703568953
1110,paceSecPerKm,400.1126764739278
1110,cadenceSpm,170.58484142911456
1110,distanceM,2791.20927465054
1110,motionIntensityG,0.758
1110,activeEnergyKcal,55.56261950286688
1110,heartRateBpm,142.70541640031698
1111,speedMps,2.6455916905606265
1111,paceSecPerKm,377.98727731416875
1111,cadenceSpm,167.946219235251
1111,distanceM,2793.8548663411007
1111,motionIntensityG,0.758
1111,activeEnergyKcal,55.61434034416707
1111,heartRateBpm,142.01896394227956
1112,speedMps,2.4975987715403436
1112,paceSecPerKm,400.38456592580326
1112,cadenceSpm,168.67369415026292
1112,distanceM,2796.352465112641
1112,motionIntensityG,0.758
1112,activeEnergyKcal,55.66606118546726
1112,heartRateBpm,143.79653561275174
1113,speedMps,2.4984369312518004
1113,paceSecPerKm,400.25024746130634
1113,cadenceSpm,167.47559432461026
1113,distanceM,2798.850902043893
1113,motionIntensityG,0.758
1113,activeEnergyKcal,55.717782026767445
1113,heartRateBpm,142.84890153588105
1114,speedMps,2.658662595681433
1114,paceSecPerKm,376.1289610890596
1114,cadenceSpm,169.8935032065401
1114,distanceM,2801.5095646395744
1114,motionIntensityG,0.758
1114,activeEnergyKcal,55.76950286806763
1114,heartRateBpm,142.65494719732544
1115,speedMps,2.5634585346039467
1115,paceSecPerKm,390.0979814968997
1115,cadenceSpm,171.1643248418055
1115,distanceM,2804.073023174178
1115,motionIntensityG,0.758
1115,activeEnergyKcal,55.82122370936782
1115,heartRateBpm,142.92905984781444
1116,speedMps,2.5638194677351165
1116,paceSecPerKm,390.04306371204916
1116,cadenceSpm,170.67295748899767
1116,distanceM,2806.636842641913
1116,motionIntensityG,0.758
1116,activeEnergyKcal,55.87294455066801
1116,heartRateBpm,144.21289325034482
1117,speedMps,2.699664636529242
1117,paceSecPerKm,370.41637930466266
1117,cadenceSpm,166.38275642016816
1117,distanceM,2809.3365072784422
1117,motionIntensityG,0.758
1117,activeEnergyKcal,55.9246653919682
1117,heartRateBpm,145.42992241400609
1118,speedMps,2.475844040713202
1118,paceSecPerKm,403.9026625085544
1118,cadenceSpm,170.29720180120586
1118,distanceM,2811.8123513191554
1118,motionIntensityG,0.758
1118,activeEnergyKcal,55.976386233268386
1118,heartRateBpm,143.6471308298348
1119,speedMps,2.64624630691891
1119,paceSecPerKm,377.89377254316315
1119,cadenceSpm,167.9974163530746
1119,distanceM,2814.458597626074
1119,motionIntensityG,0.758
1119,activeEnergyKcal,56.028107074568574
1119,heartRateBpm,142.30985835769513
1120,speedMps,2.5517657368889894
1120,paceSecPerKm,391.88550325907266
1120,cadenceSpm,171.80453089405344
1120,distanceM,2817.0103633629633
1120,motionIntensityG,0.758
1120,activeEnergyKcal,56.07982791586876
1120,heartRateBpm,141.71328416762537
1121,speedMps,2.540827886230391
1121,paceSecPerKm,393.5725065909972
1121,cadenceSpm,170.2751055699248
1121,distanceM,2819.551191249194
1121,motionIntensityG,0.758
1121,activeEnergyKcal,56.13154875716895
1121,heartRateBpm,141.96329012764312
1122,speedMps,2.58891901197369
1122,paceSecPerKm,386.2616000635877
1122,cadenceSpm,168.2531667717076
1122,distanceM,2822.1401102611676
1122,motionIntensityG,0.758
1122,activeEnergyKcal,56.18326959846914
1122,heartRateBpm,141.45864405738328
1123,speedMps,2.525193967887965
1123,paceSecPerKm,396.00918294462156
1123,cadenceSpm,169.38117260653843
1123,distanceM,2824.6653042290554
1123,motionIntensityG,0.758
1123,activeEnergyKcal,56.23499043976933
1123,heartRateBpm,142.69061360462985
1124,speedMps,2.5656163632205025
1124,paceSecPerKm,389.76988700865047
1124,cadenceSpm,168.4863415839061
1124,distanceM,2827.230920592276
1124,motionIntensityG,0.758
1124,activeEnergyKcal,56.286711281069515
1124,heartRateBpm,143.57771844091823
1125,speedMps,2.5989883667977733
1125,paceSecPerKm,384.7650927472619
1125,cadenceSpm,171.25834183517006
1125,distanceM,2829.8299089590737
1125,motionIntensityG,0.758
1125,activeEnergyKcal,56.3384321223697
1125,heartRateBpm,143.03788925250683
1126,speedMps,2.4861891398457145
1126,paceSecPerKm,402.2220127878352
1126,cadenceSpm,167.85509318083217
1126,distanceM,2832.3160980989196
1126,motionIntensityG,0.758
1126,activeEnergyKcal,56.39015296366989
1126,heartRateBpm,142.05646073074604
1127,speedMps,2.523161104838808
1127,paceSecPerKm,396.32824003280797
1127,cadenceSpm,168.45052763733304
1127,distanceM,2834.8392592037585
1127,motionIntensityG,0.758
1127,activeEnergyKcal,56.44187380497008
1127,heartRateBpm,140.88565621027413
1128,speedMps,2.5706378757519714
1128,paceSecPerKm,389.0085061893351
1128,cadenceSpm,168.85518675924556
1128,distanceM,2837.4098970795103
1128,motionIntensityG,0.758
1128,activeEnergyKcal,56.49359464627027
1128,heartRateBpm,139.93859840716922
1129,speedMps,2.600796334590231
1129,paceSecPerKm,384.4976197098321
1129,cadenceSpm,169.44321832248133
1129,distanceM,2840.0106934141004
1129,motionIntensityG,0.758
1129,activeEnergyKcal,56.545315487570456
1129,heartRateBpm,140.3958228753039
1130,speedMps,2.542511528193782
1130,paceSecPerKm,393.3118842967084
1130,cadenceSpm,169.50323168593414
1130,distanceM,2842.553204942294
1130,motionIntensityG,0.758
1130,activeEnergyKcal,56.597036328870644
1130,heartRateBpm,141.450253327767
1131,speedMps,2.650532913722339
1131,paceSecPerKm,377.2826192132156
1131,cadenceSpm,169.9761823065047
1131,distanceM,2845.2037378560162
1131,motionIntensityG,0.758
1131,activeEnergyKcal,56.64875717017083
1131,heartRateBpm,140.60853162648363
1132,speedMps,2.5556698630888652
1132,paceSecPerKm,391.2868459431484
1132,cadenceSpm,172.5334651770548
1132,distanceM,2847.759407719105
1132,motionIntensityG,0.758
1132,activeEnergyKcal,56.70047801147102
1132,heartRateBpm,139.19182710338953
1133,speedMps,2.5668272658233136
1133,paceSecPerKm,389.58601278502806
1133,cadenceSpm,168.9765771157496
1133,distanceM,2850.3262349849283
1133,motionIntensityG,0.758
1133,activeEnergyKcal,56.75219885277121
1133,heartRateBpm,137.36721084924278
1134,speedMps,2.585786356180529
1134,paceSecPerKm,386.72955235060573
1134,cadenceSpm,168.4797304818405
1134,distanceM,2852.912021341109
1134,motionIntensityG,0.758
1134,activeEnergyKcal,56.803919694071396
1134,heartRateBpm,138.93122506980922
1135,speedMps,2.5685585514416673
1135,paceSecPerKm,389.3234201099777
1135,cadenceSpm,173.8861110545994
1135,distanceM,2855.4805798925504
1135,motionIntensityG,0.758
1135,activeEnergyKcal,56.855640535371585
1135,heartRateBpm,139.61484483229347
1136,speedMps,2.5973571258774215
1136,paceSecPerKm,385.00674013481563
1136,cadenceSpm,170.1750900114329
1136,distanceM,2858.0779370184277
1136,motionIntensityG,0.758
1136,activeEnergyKcal,56.90736137667177
1136,heartRateBpm,140.68066672705186
1137,speedMps,2.6530927305247447
1137,paceSecPerKm,376.91860088215384
1137,cadenceSpm,172.03789518705938
1137,distanceM,2860.7310297489526
1137,motionIntensityG,0.758
1137,activeEnergyKcal,56.95908221797196
1137,heartRateBpm,139.9581619695642
1138,speedMps,2.4880686428216117
1138,paceSecPerKm,401.91817170524
1138,cadenceSpm,169.06867956267973
1138,distanceM,2863.219098391774
1138,motionIntensityG,0.758
1138,activeEnergyKcal,57.01080305927215
1138,heartRateBpm,138.38449640967826
1139,speedMps,2.4601242842565068
1139,paceSecPerKm,406.48352865725957
1139,cadenceSpm,169.91817161114307
1139,distanceM,2865.6792226760303
1139,motionIntensityG,0.758
1139,activeEnergyKcal,57.06252390057234
1139,heartRateBpm,139.0223033279002
1140,speedMps,2.639674651104236
1140,paceSecPerKm,378.8345656847056
1140,cadenceSpm,170.77221853415995
1140,distanceM,2868.3188973271344
1140,motionIntensityG,0.758
1140,activeEnergyKcal,57.114244741872525
1140,heartRateBpm,138.45525976668796
1141,speedMps,2.583628293514368
1141,paceSecPerKm,387.0525812518312
1141,cadenceSpm,171.6048162996697
1141,distanceM,2870.9025256206487
1141,motionIntensityG,0.758
1141,activeEnergyKcal,57.165965583172714
1141,heartRateBpm,138.32677335103065
1142,speedMps,2.548444543175332
1142,paceSecPerKm,392.39621779409475
1142,cadenceSpm,170.00242654179792
1142,distanceM,2873.450970163824
1142,motionIntensityG,0.758
1142,activeEnergyKcal,57.2176864244729
1142,heartRateBpm,137.9316992974242
1143,speedMps,2.5708439885151972
1143,paceSecPerKm,388.977318136506
1143,cadenceSpm,169.07009928280706
1143,distanceM,2876.021814152339
1143,motionIntensityG,0.758
1143,activeEnergyKcal,57.26940726577309
1143,heartRateBpm,139.62200336470116
1144,speedMps,2.5086103558474453
1144,paceSecPerKm,398.62707162515295
1144,cadenceSpm,170.08484759219064
1144,distanceM,2878.5304245081866
1144,motionIntensityG,0.758
1144,activeEnergyKcal,57.32112810707328
1144,heartRateBpm,140.80020461542657
1145,speedMps,2.577730811055314
1145,paceSecPerKm,387.93810265650023
1145,cadenceSpm,171.19517588126288
1145,distanceM,2881.108155319242
1145,motionIntensityG,0.758
1145,activeEnergyKcal,57.372848948373466
1145,heartRateBpm,140.91405092434678
1146,speedMps,2.604914413661014
1146,paceSecPerKm,383.8897718695388
1146,cadenceSpm,171.68310890467558
1146,distanceM,2883.713069732903
1146,motionIntensityG,0.758
1146,activeEnergyKcal,57.424569789673654
1146,heartRateBpm,140.4128926343756
1147,speedMps,2.551329570992791
1147,paceSecPerKm,391.9524985597502
1147,cadenceSpm,169.69801357586317
1147,distanceM,2886.264399303896
1147,motionIntensityG,0.758
1147,activeEnergyKcal,57.47629063097384
1147,heartRateBpm,139.73804506042111
1148,speedMps,2.597385276495193
1148,paceSecPerKm,385.0025674086209
1148,cadenceSpm,169.40695250263155
1148,distanceM,2888.861784580391
1148,motionIntensityG,0.758
1148,activeEnergyKcal,57.52801147227403
1148,heartRateBpm,141.54012863912627
1149,speedMps,2.5934373770272368
1149,paceSecPerKm,385.5886434189762
1149,cadenceSpm,167.0249149840668
1149,distanceM,2891.4552219574184
1149,motionIntensityG,0.758
1149,activeEnergyKcal,57.57973231357422
1149,heartRateBpm,138.48222037007992
1150,speedMps,2.596913191711848
1150,paceSecPerKm,385.07255582956714
1150,cadenceSpm,168.09901023395855
1150,distanceM,2894.05213514913
1150,motionIntensityG,0.758
1150,activeEnergyKcal,57.63145315487441
1150,heartRateBpm,137.46815161634083
1151,speedMps,2.5212014104486093
1151,paceSecPerKm,396.63630039857276
1151,cadenceSpm,172.05832600004368
1151,distanceM,2896.573336559579
1151,motionIntensityG,0.758
1151,activeEnergyKcal,57.683173996174595
1151,heartRateBpm,138.17475664493463
1152,speedMps,2.6107175211260047
1152,paceSecPerKm,383.0364610142499
1152,cadenceSpm,173.09041733527658
1152,distanceM,2899.1840540807048
1152,motionIntensityG,0.758
1152,activeEnergyKcal,57.73489483747478
1152,heartRateBpm,138.8614344270741
1153,speedMps,2.6250668188071065
1153,paceSecPerKm,380.9426841387695
1153,cadenceSpm,171.5999441945872
1153,distanceM,2901.809120899512
1153,motionIntensityG,0.758
1153,activeEnergyKcal,57.78661567877497
1153,heartRateBpm,140.65823804554347
1154,speedMps,2.493881165471305
1154,paceSecPerKm,400.98141557238773
1154,cadenceSpm,168.19939219766863
1154,distanceM,2904.3030020649835
1154,motionIntensityG,0.758
1154,activeEnergyKcal,57.83833652007516
1154,heartRateBpm,140.29019485019316
1155,speedMps,2.559297014572297
1155,paceSecPerKm,390.73229652757493
1155,cadenceSpm,166.89835760226066
1155,distanceM,2906.8622990795557
1155,motionIntensityG,0.758
1155,activeEnergyKcal,57.89005736137535
1155,heartRateBpm,140.79067538417144
1156,speedMps,2.595310580416636
1156,paceSecPerKm,385.31033917315045
1156,cadenceSpm,172.31530556154462
1156,distanceM,2909.457609659972
1156,motionIntensityG,0.758
1156,activeEnergyKcal,57.941778202675536
1156,heartRateBpm,141.00584405399186
1157,speedMps,2.432554514842794
1157,paceSecPerKm,411.0904787120982
1157,cadenceSpm,169.79482078941467
1157,distanceM,2911.890164174815
1157,motionIntensityG,0.758
1157,activeEnergyKcal,57.993499043975724
1157,heartRateBpm,142.6110905089588
1158,speedMps,2.623095613109957
1158,paceSecPerKm,381.2289552092973
1158,cadenceSpm,171.84098554329412
1158,distanceM,2914.5132597879247
1158,motionIntensityG,0.758
1158,activeEnergyKcal,58.04521988527591
1158,heartRateBpm,141.43522183639686
1159,speedMps,2.6221303171088928
1159,paceSecPerKm,381.36929864819973
1159,cadenceSpm,166.84019777028047
1159,distanceM,2917.1353901050334
1159,motionIntensityG,0.758
1159,activeEnergyKcal,58.0969407265761
1159,heartRateBpm,143.2017533346808
1160,speedMps,2.3939573057457526
1160,paceSecPerKm,417.7183935569333
1160,cadenceSpm,168.4304411769889
1160,distanceM,2919.5293474107793
1160,motionIntensityG,0.758
1160,activeEnergyKcal,58.14866156787629
1160,heartRateBpm,140.545650146034
1161,speedMps,2.4696664811842814
1161,paceSecPerKm,404.91297412777334
1161,cadenceSpm,170.4254405839993
1161,distanceM,2921.999013891964
1161,motionIntensityG,0.758
1161,activeEnergyKcal,58.20038240917648
1161,heartRateBpm,139.48942075469506
1162,speedMps,2.4631849846481098
1162,paceSecPerKm,405.9784410154075
1162,cadenceSpm,170.10045329894876
1162,distanceM,2924.462198876612
1162,motionIntensityG,0.758
1162,activeEnergyKcal,58.252103250476665
1162,heartRateBpm,141.0069655034023
1163,speedMps,2.647131991343465
1163,paceSecPerKm,377.76733584504143
1163,cadenceSpm,170.8669971542121
1163,distanceM,2927.1093308679556
1163,motionIntensityG,0.758
1163,activeEnergyKcal,58.30382409177685
1163,heartRateBpm,142.68411228241624
1164,speedMps,2.426356765544263
1164,paceSecPerKm,412.14054511710987
1164,cadenceSpm,169.27979425178904
1164,distanceM,2929.5356876335
1164,motionIntensityG,0.758
1164,activeEnergyKcal,58.35554493307704
1164,heartRateBpm,140.67431185087318
1165,speedMps,2.5375663898871763
1165,paceSecPerKm,394.07835948066025
1165,cadenceSpm,169.9737335350367
1165,distanceM,2932.073254023387
1165,motionIntensityG,0.758
1165,activeEnergyKcal,58.40726577437723
1165,heartRateBpm,140.1063177879665
1166,speedMps,2.5718219922100047
1166,paceSecPerKm,388.8293991687524
1166,cadenceSpm,167.74614960597052
1166,distanceM,2934.645076015597
1166,motionIntensityG,0.758
1166,activeEnergyKcal,58.45898661567742
1166,heartRateBpm,139.46756209360146
1167,speedMps,2.489652491441045
1167,paceSecPerKm,401.66248238973554
1167,cadenceSpm,170.63160064546986
1167,distanceM,2937.1347285070383
1167,motionIntensityG,0.758
1167,activeEnergyKcal,58.510707456977606
1167,heartRateBpm,139.82903091858066
1168,speedMps,2.563951281951212
1168,paceSecPerKm,390.02301137289254
1168,cadenceSpm,171.59908916424223
1168,distanceM,2939.6986797889895
1168,motionIntensityG,0.758
1168,activeEnergyKcal,58.562428298277794
1168,heartRateBpm,140.4888545519402
1169,speedMps,2.6058954333855593
1169,paceSecPerKm,383.74525208818824
1169,cadenceSpm,170.6432566186818
1169,distanceM,2942.304575222375
1169,motionIntensityG,0.758
1169,activeEnergyKcal,58.61414913957798
1169,heartRateBpm,140.47058074961575
1170,speedMps,2.4265225675859146
1170,paceSecPerKm,412.11238393503777
1170,cadenceSpm,172.35817821997279
1170,distanceM,2944.731097789961
1170,motionIntensityG,0.758
1170,activeEnergyKcal,58.66586998087817
1170,heartRateBpm,141.42619763219332
1171,speedMps,2.5509081031698506
1171,paceSecPerKm,392.0172579942664
1171,cadenceSpm,172.76235296830725
1171,distanceM,2947.282005893131
1171,motionIntensityG,0.758
1171,activeEnergyKcal,58.71759082217836
1171,heartRateBpm,140.65004434488665
1172,speedMps,2.510313293564168
1172,paceSecPerKm,398.3566523603872
1172,cadenceSpm,170.92572103639708
1172,distanceM,2949.7923191866953
1172,motionIntensityG,0.758
1172,activeEnergyKcal,58.76931166347855
1172,heartRateBpm,140.48237762249218
1173,speedMps,2.545194807319626
1173,paceSecPerKm,392.8972340836698
1173,cadenceSpm,169.74571305608129
1173,distanceM,2952.337513994015
1173,motionIntensityG,0.758
1173,activeEnergyKcal,58.821032504778735
1173,heartRateBpm,141.31440013692946
1174,speedMps,2.58142864926864
1174,paceSecPerKm,387.3823900898117
1174,cadenceSpm,169.78273445232765
1174,distanceM,2954.9189426432836
1174,motionIntensityG,0.758
1174,activeEnergyKcal,58.87275334607892
1174,heartRateBpm,140.98799287412874
1175,speedMps,2.577083214650641
1175,paceSecPerKm,388.0355877974875
1175,cadenceSpm,169.4237665108827
1175,distanceM,2957.496025857934
1175,motionIntensityG,0.758
1175,activeEnergyKcal,58.92447418737911
1175,heartRateBpm,140.33495227717492
1176,speedMps,2.601271727236757
1176,paceSecPerKm,384.4273512564818
1176,cadenceSpm,168.2260328721829
1176,distanceM,2960.097297585171
1176,motionIntensityG,0.758
1176,activeEnergyKcal,58.9761950286793
1176,heartRateBpm,142.66671481835763
1177,speedMps,2.589617381295227
1177,paceSecPerKm,386.15743284046016
1177,cadenceSpm,169.96966130585014
1177,distanceM,2962.6869149664662
1177,motionIntensityG,0.758
1177,activeEnergyKcal,59.02791586997949
1177,heartRateBpm,141.7964304693279
1178,speedMps,2.467676192436002
1178,paceSecPerKm,405.23955414621713
1178,cadenceSpm,169.96954197437438
1178,distanceM,2965.1545911589023
1178,motionIntensityG,0.758
1178,activeEnergyKcal,59.079636711279676
1178,heartRateBpm,141.75587389406334
1179,speedMps,2.509327614036496
1179,paceSecPerKm,398.5131293364294
1179,cadenceSpm,170.16770489646814
1179,distanceM,2967.663918772939
1179,motionIntensityG,0.758
1179,activeEnergyKcal,59.131357552579864
1179,heartRateBpm,141.23236465546626
1180,speedMps,2.585486267551746
1180,paceSecPerKm,386.77443873910886
1180,cadenceSpm,167.63451833677857
1180,distanceM,2970.2494050404907
1180,motionIntensityG,0.758
1180,activeEnergyKcal,59.18307839388005
1180,heartRateBpm,140.34102973747727
1181,speedMps,2.484853363822185
1181,paceSecPerKm,402.43823420703046
1181,cadenceSpm,170.72959235037249
1181,distanceM,2972.734258404313
1181,motionIntensityG,0.758
1181,activeEnergyKcal,59.23479923518024
1181,heartRateBpm,141.01014887370556
1182,speedMps,2.5647462423244014
1182,paceSecPerKm,389.9021211134365
1182,cadenceSpm,169.72139694272047
1182,distanceM,2975.2990046466375
1182,motionIntensityG,0.758
1182,activeEnergyKcal,59.28652007648043
1182,heartRateBpm,141.14362941045093
1183,speedMps,2.523455512854492
1183,paceSecPerKm,396.28200097287083
1183,cadenceSpm,170.4118251517514
1183,distanceM,2977.822460159492
1183,motionIntensityG,0.758
1183,activeEnergyKcal,59.33824091778062
1183,heartRateBpm,139.76360188858672
1184,speedMps,2.531881590105729
1184,paceSecPerKm,394.96317833656707
1184,cadenceSpm,173.52331602978367
1184,distanceM,2980.3543417495976
1184,motionIntensityG,0.758
1184,activeEnergyKcal,59.389961759080805
1184,heartRateBpm,138.71577844942314
1185,speedMps,2.511633191306218
1185,paceSecPerKm,398.14731046770913
1185,cadenceSpm,167.92636615098604
1185,distanceM,2982.865974940904
1185,motionIntensityG,0.758
1185,activeEnergyKcal,59.44168260038099
1185,heartRateBpm,137.71683340407503
1186,speedMps,2.424325337788229
1186,paceSecPerKm,412.4858922244835
1186,cadenceSpm,169.55428478732148
1186,distanceM,2985.290300278692
1186,motionIntensityG,0.758
1186,activeEnergyKcal,59.49340344168118
1186,heartRateBpm,138.43898874732884
1187,speedMps,2.6162624551919462
1187,paceSecPerKm,382.2246495245575
1187,cadenceSpm,169.5269083168509
1187,distanceM,2987.906562733884
1187,motionIntensityG,0.758
1187,activeEnergyKcal,59.54512428298137
1187,heartRateBpm,137.9460346457124
1188,speedMps,2.577603634645507
1188,paceSecPerKm,387.9572431381709
1188,cadenceSpm,168.3295846368681
1188,distanceM,2990.4841663685297
1188,motionIntensityG,0.758
1188,activeEnergyKcal,59.59684512428156
1188,heartRateBpm,138.8624420683598
1189,speedMps,2.604046227629148
1189,paceSecPerKm,384.0177602801043
1189,cadenceSpm,171.04177866097555
1189,distanceM,2993.088212596159
1189,motionIntensityG,0.758
1189,activeEnergyKcal,59.648565965581746
1189,heartRateBpm,139.81094877391075
1190,speedMps,2.576015613239367
1190,paceSecPerKm,388.196404889988
1190,cadenceSpm,168.29984025527565
1190,distanceM,2995.664228209398
1190,motionIntensityG,0.758
1190,activeEnergyKcal,59.700286806881934
1190,heartRateBpm,140.41423217618717
1191,speedMps,2.521491231347684
1191,paceSecPerKm,396.5907109125742
1191,cadenceSpm,168.2580069202842
1191,distanceM,2998.1857194407457
1191,motionIntensityG,0.758
1191,activeEnergyKcal,59.75200764818212
1191,heartRateBpm,141.55775730471845
1192,speedMps,2.508550199990554
1192,paceSecPerKm,398.63663083312645
1192,cadenceSpm,170.0337836355222
1192,distanceM,3000.6942696407364
1192,motionIntensityG,0.758
1192,activeEnergyKcal,59.80372848948231
1192,heartRateBpm,141.9338800283545
1193,speedMps,2.5534269535799554
1193,paceSecPerKm,391.6305491324042
1193,cadenceSpm,169.9889796854937
1193,distanceM,3003.2476965943165
1193,motionIntensityG,0.758
1193,activeEnergyKcal,59.8554493307825
1193,heartRateBpm,144.5445274761702
1194,speedMps,2.498073134225943
1194,paceSecPerKm,400.3085363270846
1194,cadenceSpm,166.12014749752558
1194,distanceM,3005.7457697285427
1194,motionIntensityG,0.758
1194,activeEnergyKcal,59.90717017208269
1194,heartRateBpm,144.3959943804712
1195,speedMps,2.658232781667403
1195,paceSecPerKm,376.18977799707216
1195,cadenceSpm,171.4622137100125
1195,distanceM,3008.40400251021
1195,motionIntensityG,0.758
1195,activeEnergyKcal,59.958891013382875
1195,heartRateBpm,145.18182184711918
1196,speedMps,2.589212470101094
1196,paceSecPerKm,386.2178216532982
1196,cadenceSpm,167.70078466479575
1196,distanceM,3010.993214980311
1196,motionIntensityG,0.758
1196,activeEnergyKcal,60.01061185468306
1196,heartRateBpm,145.41179305794634
1197,speedMps,2.5009760782028136
1197,paceSecPerKm,399.84388843838684
1197,cadenceSpm,168.57532008122166
1197,distanceM,3013.494191058514
1197,motionIntensityG,0.758
1197,activeEnergyKcal,60.06233269598325
1197,heartRateBpm,145.84790867032842
1198,speedMps,2.4360076130461232
1198,paceSecPerKm,410.5077482699419
1198,cadenceSpm,169.74087900772494
1198,distanceM,3015.93019867156
1198,motionIntensityG,0.758
1198,activeEnergyKcal,60.11405353728344
1198,heartRateBpm,146.72481861177968
1199,speedMps,2.681628028369395
1199,paceSecPerKm,372.9077968386485
1199,cadenceSpm,169.7997082816176
1199,distanceM,3018.611826699929
1199,motionIntensityG,0.758
1199,activeEnergyKcal,60.16577437858363
1199,heartRateBpm,145.5679791031653
1200,speedMps,2.553126793900685
1200,paceSecPerKm,391.6765913815792
1200,cadenceSpm,171.1495602170072
1200,distanceM,3021.16495349383
1200,motionIntensityG,0.758
1200,activeEnergyKcal,60.217495219883816
1200,heartRateBpm,145.75938554612623
1201,speedMps,2.5815079162730687
1201,paceSecPerKm,387.3704952428359
1201,cadenceSpm,168.71073964992945
1201,distanceM,3023.746461410103
1201,motionIntensityG,0.758
1201,activeEnergyKcal,60.269216061184004
1201,heartRateBpm,143.5496823286442
1202,speedMps,2.6578533107443096
1202,paceSecPerKm,376.24348791467287
1202,cadenceSpm,169.12907147741834
1202,distanceM,3026.4043147208477
1202,motionIntensityG,0.758
1202,activeEnergyKcal,60.32093690248419
1202,heartRateBpm,142.91268863893265
1203,speedMps,2.5710414628579215
1203,paceSecPerKm,388.94744190100255
1203,cadenceSpm,169.49584431852475
1203,distanceM,3028.9753561837056
1203,motionIntensityG,0.758
1203,activeEnergyKcal,60.37265774378438
1203,heartRateBpm,143.51240323730406
1204,speedMps,2.63835843146947
1204,paceSecPerKm,379.0235580095295
1204,cadenceSpm,170.79041251956787
1204,distanceM,3031.613714615175
1204,motionIntensityG,0.758
1204,activeEnergyKcal,60.42437858508457
1204,heartRateBpm,144.87807075086818
1205,speedMps,2.519675929909746
1205,paceSecPerKm,396.87643483414934
1205,cadenceSpm,171.0476382119289
1205,distanceM,3034.1333905450847
1205,motionIntensityG,0.758
1205,activeEnergyKcal,60.476099426384756
1205,heartRateBpm,146.23271008426593
1206,speedMps,2.4584018659281317
1206,paceSecPerKm,406.7683212656794
1206,cadenceSpm,171.13787927957569
1206,distanceM,3036.5917924110126
1206,motionIntensityG,0.758
1206,activeEnergyKcal,60.527820267684945
1206,heartRateBpm,147.3099340227738
1207,speedMps,2.499027821786804
1207,paceSecPerKm,400.15560902599333
1207,cadenceSpm,170.36107977067797
1207,distanceM,3039.0908202327996
1207,motionIntensityG,0.758
1207,activeEnergyKcal,60.57954110898513
1207,heartRateBpm,147.86338968684458
1208,speedMps,2.4259566589070585
1208,paceSecPerKm,412.20851837085985
1208,cadenceSpm,169.6197898443403
1208,distanceM,3041.5167768917067
1208,motionIntensityG,0.758
1208,activeEnergyKcal,60.63126195028532
1208,heartRateBpm,147.86351028917093
1209,speedMps,2.565170168915287
1209,paceSecPerKm,389.8376848904578
1209,cadenceSpm,170.52345231028994
1209,distanceM,3044.081947060622
1209,motionIntensityG,0.758
1209,activeEnergyKcal,60.68298279158551
1209,heartRateBpm,148.59627620444678
1210,speedMps,2.7116511454354693
1210,paceSecPerKm,368.7790008251257
1210,cadenceSpm,169.4162541193019
1210,distanceM,3046.7935982060576
1210,motionIntensityG,0.758
1210,activeEnergyKcal,60.7347036328857
1210,heartRateBpm,148.25990235817287
1211,speedMps,2.547595770254865
1211,paceSecPerKm,392.5269509691322
1211,cadenceSpm,168.54807577012318
1211,distanceM,3049.3411939763123
1211,motionIntensityG,0.758
1211,activeEnergyKcal,60.786424474185885
1211,heartRateBpm,149.2810812281171
1212,speedMps,2.5540076061552126
1212,paceSecPerKm,391.54151208867927
1212,cadenceSpm,171.52592725669882
1212,distanceM,3051.8952015824675
1212,motionIntensityG,0.758
1212,activeEnergyKcal,60.838145315486074
1212,heartRateBpm,147.98683301137697
1213,speedMps,2.548846281600276
1213,paceSecPerKm,392.3343699535135
1213,cadenceSpm,171.64776009442429
1213,distanceM,3054.4440478640677
1213,motionIntensityG,0.758
1213,activeEnergyKcal,60.88986615678626
1213,heartRateBpm,148.78933625735186
1214,speedMps,2.5196138800295746
1214,paceSecPerKm,396.8862086075912
1214,cadenceSpm,172.93307501637807
1214,distanceM,3056.9636617440974
1214,motionIntensityG,0.758
1214,activeEnergyKcal,60.94158699808645
1214,heartRateBpm,148.3191454796282
1215,speedMps,2.559502712904378
1215,paceSecPerKm,390.700894731718
1215,cadenceSpm,172.82720629478294
1215,distanceM,3059.5231644570017
1215,motionIntensityG,0.758
1215,activeEnergyKcal,60.99330783938664
1215,heartRateBpm,148.22253096700808
1216,speedMps,2.5927212874143724
1216,paceSecPerKm,385.69514002689584
1216,cadenceSpm,172.73142807537468
1216,distanceM,3062.115885744416
1216,motionIntensityG,0.758
1216,activeEnergyKcal,61.045028680686826
1216,heartRateBpm,148.55085212748713
1217,speedMps,2.5874614294475906
1217,paceSecPerKm,386.47919100131077
1217,cadenceSpm,172.17869837860485
1217,distanceM,3064.7033471738637
1217,motionIntensityG,0.758
1217,activeEnergyKcal,61.096749521987014
1217,heartRateBpm,148.38412901362454
1218,speedMps,2.5728375283413976
1218,paceSecPerKm,388.6759225891185
1218,cadenceSpm,172.38339005370395
1218,distanceM,3067.2761847022052
1218,motionIntensityG,0.758
1218,activeEnergyKcal,61.1484703632872
1218,heartRateBpm,149.31065305611165
1219,speedMps,2.650898893461286
1219,paceSecPerKm,377.23053205333576
1219,cadenceSpm,169.33506441813705
1219,distanceM,3069.9270835956663
1219,motionIntensityG,0.758
1219,activeEnergyKcal,61.20019120458739
1219,heartRateBpm,148.58623709476888
1220,speedMps,2.554793574898623
1220,paceSecPerKm,391.42105641144843
1220,cadenceSpm,171.7675892938527
1220,distanceM,3072.481877170565
1220,motionIntensityG,0.758
1220,activeEnergyKcal,61.25191204588758
1220,heartRateBpm,148.16261189431256
1221,speedMps,2.51300154937195
1221,paceSecPerKm,397.93051470657474
1221,cadenceSpm,169.29607249762526
1221,distanceM,3074.994878719937
1221,motionIntensityG,0.758
1221,activeEnergyKcal,61.30363288718777
1221,heartRateBpm,148.2039356592891
1222,speedMps,2.531381877096592
1222,paceSecPerKm,395.0411469118068
1222,cadenceSpm,167.81897268658358
1222,distanceM,3077.5262605970333
1222,motionIntensityG,0.758
1222,activeEnergyKcal,61.355353728487955
1222,heartRateBpm,149.48085185669117
1223,speedMps,2.520526526503671
1223,paceSecPerKm,396.74250180859724
1223,cadenceSpm,170.21771718023277
1223,distanceM,3080.046787123537
1223,motionIntensityG,0.758
1223,activeEnergyKcal,61.40707456978814
1223,heartRateBpm,147.88455132891275
1224,speedMps,2.583325629045862
1224,paceSecPerKm,387.09792863756974
1224,cadenceSpm,169.10017215392944
1224,distanceM,3082.6301127525826
1224,motionIntensityG,0.758
1224,activeEnergyKcal,61.45879541108833
1224,heartRateBpm,150.14942337910176
1225,speedMps,2.620608282943976
1225,paceSecPerKm,381.5907957356396
1225,cadenceSpm,171.2517611800513
1225,distanceM,3085.2507210355266
1225,motionIntensityG,0.758
1225,activeEnergyKcal,61.51051625238852
1225,heartRateBpm,147.85311002618243
1226,speedMps,2.528808414852703
1226,paceSecPerKm,395.4431637156062
1226,cadenceSpm,170.2494576045705
1226,distanceM,3087.7795294503794
1226,motionIntensityG,0.758
1226,activeEnergyKcal,61.56223709368871
1226,heartRateBpm,148.52513766454618
1227,speedMps,2.51589114176084
1227,paceSecPerKm,397.4734770519971
1227,cadenceSpm,168.59524651183338
1227,distanceM,3090.29542059214
1227,motionIntensityG,0.758
1227,activeEnergyKcal,61.613957934988896
1227,heartRateBpm,148.15524920324063
1228,speedMps,2.5671182244932957
1228,paceSecPerKm,389.54185688015303
1228,cadenceSpm,168.54723923312392
1228,distanceM,3092.8625388166333
1228,motionIntensityG,0.758
1228,activeEnergyKcal,61.665678776289084
1228,heartRateBpm,149.40277714633734
1229,speedMps,2.5034663975665037
1229,paceSecPerKm,399.44614434292015
1229,cadenceSpm,171.34287073818928
1229,distanceM,3095.3660052142
1229,motionIntensityG,0.758
1229,activeEnergyKcal,61.71739961758927
1229,heartRateBpm,149.24335057942181
1230,speedMps,2.4498928670610782
1230,paceSecPerKm,408.18111413974293
1230,cadenceSpm,169.2932313928617
1230,distanceM,3097.815898081261
1230,motionIntensityG,0.758
1230,activeEnergyKcal,61.76912045888946
1230,heartRateBpm,147.97305198172828
1231,speedMps,2.6206213404491163
1231,paceSecPerKm,381.5888944217413
1231,cadenceSpm,169.50377093240567
1231,distanceM,3100.43651942171
1231,motionIntensityG,0.758
1231,activeEnergyKcal,61.82084130018965
1231,heartRateBpm,149.52291497786177
1232,speedMps,2.4060616424056755
1232,paceSecPerKm,415.6169494477957
1232,cadenceSpm,169.38555747151827
1232,distanceM,3102.8425810641156
1232,motionIntensityG,0.758
1232,activeEnergyKcal,61.87256214148984
1232,heartRateBpm,149.7338781401543
1233,speedMps,2.615434350466229
1233,paceSecPerKm,382.3456703555719
1233,cadenceSpm,170.44700111505563
1233,distanceM,3105.458015414582
1233,motionIntensityG,0.758
1233,activeEnergyKcal,61.924282982790025
1233,heartRateBpm,149.5942929709285
1234,speedMps,2.529803595036446
1234,paceSecPerKm,395.28760333886447
1234,cadenceSpm,169.33007802294887
1234,distanceM,3107.9878190096183
1234,motionIntensityG,0.758
1234,activeEnergyKcal,61.97600382409021
1234,heartRateBpm,150.7069130473351
1235,speedMps,2.5858051321832702
1235,paceSecPerKm,386.72674423678285
1235,cadenceSpm,170.1320504905421
1235,distanceM,3110.5736241418017
1235,motionIntensityG,0.758
1235,activeEnergyKcal,62.0277246653904
1235,heartRateBpm,148.9308644301367
1236,speedMps,2.4652659626291418
1236,paceSecPerKm,405.63574687638413
1236,cadenceSpm,169.3085658134308
1236,distanceM,3113.0388901044307
1236,motionIntensityG,0.758
1236,activeEnergyKcal,62.07944550669059
1236,heartRateBpm,149.264823429402
1237,speedMps,2.585558121797238
1237,paceSecPerKm,386.7636900403127
1237,cadenceSpm,170.05489482343467
1237,distanceM,3115.6244482262277
1237,motionIntensityG,0.758
1237,activeEnergyKcal,62.13116634799078
1237,heartRateBpm,149.930979268586
1238,speedMps,2.5189364532518814
1238,paceSecPerKm,396.9929446648112
1238,cadenceSpm,166.99286718504104
1238,distanceM,3118.14338467948
1238,motionIntensityG,0.758
1238,activeEnergyKcal,62.182887189290966
1238,heartRateBpm,148.4553479029582
1239,speedMps,2.4641006694253345
1239,paceSecPerKm,405.8275753129904
1239,cadenceSpm,167.614867485962
1239,distanceM,3120.6074853489054
1239,motionIntensityG,0.758
1239,activeEnergyKcal,62.234608030591154
1239,heartRateBpm,146.1516107860709
1240,speedMps,2.4489849358076783
1240,paceSecPerKm,408.33244230234465
1240,cadenceSpm,167.3977355706039
1240,distanceM,3123.056470284713
1240,motionIntensityG,0.758
1240,activeEnergyKcal,62.28632887189134
1240,heartRateBpm,145.53740446643653
1241,speedMps,2.558707667391788
1241,paceSecPerKm,390.8222939040736
1241,cadenceSpm,169.02430176104085
1241,distanceM,3125.615177952105
1241,motionIntensityG,0.758
1241,activeEnergyKcal,62.33804971319153
1241,heartRateBpm,143.60099063745213
1242,speedMps,2.4474240796303284
1242,paceSecPerKm,408.5928582311919
1242,cadenceSpm,167.45105349330876
1242,distanceM,3128.0626020317354
1242,motionIntensityG,0.758
1242,activeEnergyKcal,62.38977055449172
1242,heartRateBpm,143.4288769005278
1243,speedMps,2.422052201690026
1243,paceSecPerKm,412.8730170647164
1243,cadenceSpm,169.79786494068705
1243,distanceM,3130.4846542334253
1243,motionIntensityG,0.758
1243,activeEnergyKcal,62.44149139579191
1243,heartRateBpm,143.16755553250653
1244,speedMps,2.5401420455839814
1244,paceSecPerKm,393.6787715232275
1244,cadenceSpm,172.90090335297873
1244,distanceM,3133.0247962790095
1244,motionIntensityG,0.758
1244,activeEnergyKcal,62.493212237092095
1244,heartRateBpm,140.97251908515582
1245,speedMps,2.5239779220239376
1245,paceSecPerKm,396.19997911792984
1245,cadenceSpm,170.08934080202664
1245,distanceM,3135.548774201033
1245,motionIntensityG,0.758
1245,activeEnergyKcal,62.54493307839228
1245,heartRateBpm,140.6033513009375
1246,speedMps,2.561885907823796
1246,paceSecPerKm,390.337445139957
1246,cadenceSpm,168.9987679701145
1246,distanceM,3138.110660108857
1246,motionIntensityG,0.758
1246,activeEnergyKcal,62.59665391969247
1246,heartRateBpm,141.84370628203158
1247,speedMps,2.6512104578698907
1247,paceSecPerKm,377.18620075278665
1247,cadenceSpm,166.49710412951518
1247,distanceM,3140.761870566727
1247,motionIntensityG,0.758
1247,activeEnergyKcal,62.64837476099266
1247,heartRateBpm,140.9614240442165
1248,speedMps,2.552299837313808
1248,paceSecPerKm,391.80349635270886
1248,cadenceSpm,171.22604467445578
1248,distanceM,3143.314170404041
1248,motionIntensityG,0.758
1248,activeEnergyKcal,62.70009560229285
1248,heartRateBpm,141.0255607713093
1249,speedMps,2.573417106437979
1249,paceSecPerKm,388.588386040598
1249,cadenceSpm,169.3427968305893
1249,distanceM,3145.8875875104786
1249,motionIntensityG,0.758
1249,activeEnergyKcal,62.751816443593036
1249,heartRateBpm,139.90399168881976
1250,speedMps,2.614004227678248
1250,paceSecPerKm,382.5548518290644
1250,cadenceSpm,171.74156009688087
1250,distanceM,3148.501591738157
1250,motionIntensityG,0.758
1250,activeEnergyKcal,62.803537284893224
1250,heartRateBpm,140.73520418399556
1251,speedMps,2.614846059280864
1251,paceSecPerKm,382.43169094054446
1251,cadenceSpm,169.41708402777726
1251,distanceM,3151.116437797438
1251,motionIntensityG,0.758
1251,activeEnergyKcal,62.85525812619341
1251,heartRateBpm,141.359058808597
1252,speedMps,2.659175796129455
1252,paceSecPerKm,376.0563710964665
1252,cadenceSpm,169.67333121717468
1252,distanceM,3153.7756135935674
1252,motionIntensityG,0.758
1252,activeEnergyKcal,62.9069789674936
1252,heartRateBpm,140.4662287375106
1253,speedMps,2.6838998457100987
1253,paceSecPerKm,372.5921448217911
1253,cadenceSpm,169.82256929805604
1253,distanceM,3156.4595134392775
1253,motionIntensityG,0.758
1253,activeEnergyKcal,62.95869980879379
1253,heartRateBpm,142.14044951661688
1254,speedMps,2.644293003389849
1254,paceSecPerKm,378.1729175692901
1254,cadenceSpm,170.46450728776716
1254,distanceM,3159.1038064426675
1254,motionIntensityG,0.758
1254,activeEnergyKcal,63.01042065009398
1254,heartRateBpm,142.1575718248197
1255,speedMps,2.4561275515277727
1255,paceSecPerKm,407.14497884198846
1255,cadenceSpm,171.81271512885735
1255,distanceM,3161.5599339941955
1255,motionIntensityG,0.758
1255,activeEnergyKcal,63.062141491394165
1255,heartRateBpm,143.1000892383627
1256,speedMps,2.5634140887547145
1256,paceSecPerKm,390.10474522506496
1256,cadenceSpm,170.5050487537562
1256,distanceM,3164.12334808295
1256,motionIntensityG,0.758
1256,activeEnergyKcal,63.11386233269435
1256,heartRateBpm,144.254860166001
1257,speedMps,2.524984009539941
1257,paceSecPerKm,396.04211203785115
1257,cadenceSpm,171.64525853669647
1257,distanceM,3166.64833209249
1257,motionIntensityG,0.758
1257,activeEnergyKcal,63.16558317399454
1257,heartRateBpm,143.6990661059959
1258,speedMps,2.5736350013595874
1258,paceSecPerKm,388.5554864896245
1258,cadenceSpm,164.96337897446145
1258,distanceM,3169.2219670938493
1258,motionIntensityG,0.758
1258,activeEnergyKcal,63.21730401529473
1258,heartRateBpm,144.89112754897658
1259,speedMps,2.582018860918258
1259,paceSecPerKm,387.293840155902
1259,cadenceSpm,168.05343513723182
1259,distanceM,3171.8039859547675
1259,motionIntensityG,0.758
1259,activeEnergyKcal,63.26902485659492
1259,heartRateBpm,147.16195667040282
1260,speedMps,2.5741696397193032
1260,paceSecPerKm,388.4747860319896
1260,cadenceSpm,168.4713945760701
1260,distanceM,3174.378155594487
1260,motionIntensityG,0.758
1260,activeEnergyKcal,63.320745697895106
1260,heartRateBpm,148.37739999656017
1261,speedMps,2.4909171995705304
1261,paceSecPerKm,401.45854714577194
1261,cadenceSpm,173.57024109402252
1261,distanceM,3176.8690727940575
1261,motionIntensityG,0.758
1261,activeEnergyKcal,63.372466539195294
1261,heartRateBpm,148.02798413241266
1262,speedMps,2.598609406131959
1262,paceSecPerKm,384.82120384860156
1262,cadenceSpm,170.5843332514922
1262,distanceM,3179.4676822001893
1262,motionIntensityG,0.758
1262,activeEnergyKcal,63.42418738049548
1262,heartRateBpm,149.4268201708725
1263,speedMps,2.4856736652968627
1263,paceSecPerKm,402.3054248678177
1263,cadenceSpm,169.84257621444593
1263,distanceM,3181.953355865486
1263,motionIntensityG,0.758
1263,activeEnergyKcal,63.47590822179567
1263,heartRateBpm,150.10920183636168
1264,speedMps,2.444554180926122
1264,paceSecPerKm,409.0725449256145
1264,cadenceSpm,170.39880491039273
1264,distanceM,3184.397910046412
1264,motionIntensityG,0.758
1264,activeEnergyKcal,63.52762906309586
1264,heartRateBpm,149.50001517489474
1265,speedMps,2.59174608857929
1265,paceSecPerKm,385.8402659143849
1265,cadenceSpm,167.66220315839152
1265,distanceM,3186.9896561349915
1265,motionIntensityG,0.758
1265,activeEnergyKcal,63.57934990439605
1265,heartRateBpm,149.58800078679266
1266,speedMps,2.429299382886536
1266,paceSecPerKm,411.6413180872678
1266,cadenceSpm,171.6938440757547
1266,distanceM,3189.418955517878
1266,motionIntensityG,0.758
1266,activeEnergyKcal,63.631070745696235
1266,heartRateBpm,147.7120768774057
1267,speedMps,2.5295703405466474
1267,paceSecPerKm,395.3240532476741
1267,cadenceSpm,168.0206390674251
1267,distanceM,3191.948525858425
1267,motionIntensityG,0.758
1267,activeEnergyKcal,63.68279158699642
1267,heartRateBpm,147.7564195109053
1268,speedMps,2.515490002241334
1268,paceSecPerKm,397.5368612512819
1268,cadenceSpm,168.94091731608
1268,distanceM,3194.464015860666
1268,motionIntensityG,0.758
1268,activeEnergyKcal,63.73451242829661
1268,heartRateBpm,146.99167707630338
1269,speedMps,2.4629035244405184
1269,paceSecPerKm,406.024836164528
1269,cadenceSpm,169.8000851189388
1269,distanceM,3196.926919385107
1269,motionIntensityG,0.758
1269,activeEnergyKcal,63.7862332695968
1269,heartRateBpm,144.37140477190727
1270,speedMps,2.557862939365656
1270,paceSecPerKm,390.95136201785607
1270,cadenceSpm,170.88511611758707
1270,distanceM,3199.4847823244727
1270,motionIntensityG,0.758
1270,activeEnergyKcal,63.83795411089699
1270,heartRateBpm,141.75333466959876
1271,speedMps,2.6490740149089933
1271,paceSecPerKm,377.4903964071967
1271,cadenceSpm,168.67051001840863
1271,distanceM,3202.1338563393815
1271,motionIntensityG,0.758
1271,activeEnergyKcal,63.889674952197176
1271,heartRateBpm,140.61492864578267
1272,speedMps,2.535083664095494
1272,paceSecPerKm,394.4642988170552
1272,cadenceSpm,172.34611436011724
1272,distanceM,3204.668940003477
1272,motionIntensityG,0.758
1272,activeEnergyKcal,63.941395793497364
1272,heartRateBpm,141.13993882879063
1273,speedMps,2.6823922255525283
1273,paceSecPerKm,372.8015576819742
1273,cadenceSpm,172.06308111974505
1273,distanceM,3207.3513322290296
1273,motionIntensityG,0.758
1273,activeEnergyKcal,63.99311663479755
1273,heartRateBpm,142.45180918935438
1274,speedMps,2.6108895312595677
1274,paceSecPerKm,383.01122587809044
1274,cadenceSpm,173.44779860170846
1274,distanceM,3209.962221760289
1274,motionIntensityG,0.758
1274,activeEnergyKcal,64.04483747609774
1274,heartRateBpm,141.65044144601057
1275,speedMps,2.515949544333879
1275,paceSecPerKm,397.4642505260412
1275,cadenceSpm,167.69773959055945
1275,distanceM,3212.478171304623
1275,motionIntensityG,0.758
1275,activeEnergyKcal,64.09655831739794
1275,heartRateBpm,144.17545062267044
1276,speedMps,2.5766506036407604
1276,paceSecPerKm,388.1007376735589
1276,cadenceSpm,168.9382626379297
1276,distanceM,3215.054821908264
1276,motionIntensityG,0.758
1276,activeEnergyKcal,64.14827915869813
1276,heartRateBpm,129.5257825326431
1277,speedMps,2.5311170083364876
1277,paceSecPerKm,395.08248599586653
1277,cadenceSpm,169.9061109840013
1277,distanceM,3217.5859389166003
1277,motionIntensityG,0.758
1277,activeEnergyKcal,64.19999999999833
1277,heartRateBpm,115.4200269772692
1278,speedMps,2.5917343798816073
1278,paceSecPerKm,385.8420090278236
1278,cadenceSpm,169.9760861199185
1278,distanceM,3220.1776732964818
1278,motionIntensityG,0.758
1278,activeEnergyKcal,64.25172084129852
1278,heartRateBpm,100.63923489029118
1279,speedMps,2.527529238796706
1279,paceSecPerKm,395.64329648509835
1279,cadenceSpm,169.22110244680235
1279,distanceM,3222.7052025352787
1279,motionIntensityG,0.758
1279,activeEnergyKcal,64.30344168259872
1279,heartRateBpm,102.64242830816839
1280,speedMps,2.547681614579562
1280,paceSecPerKm,392.5137247438305
1280,cadenceSpm,168.876054122925
1280,distanceM,3225.2528841498583
1280,motionIntensityG,0.758
1280,activeEnergyKcal,64.35516252389891
1280,heartRateBpm,103.40393508083868
1281,speedMps,2.525188220286936
1281,paceSecPerKm,396.01008430427834
1281,cadenceSpm,171.56800541605367
1281,distanceM,3227.7780723701453
1281,motionIntensityG,0.758
1281,activeEnergyKcal,64.4068833651991
1281,heartRateBpm,104.51158616999064
1282,speedMps,2.6268842771057392
1282,paceSecPerKm,380.6791219222587
1282,cadenceSpm,170.43380965145974
1282,distanceM,3230.404956647251
1282,motionIntensityG,0.758
1282,activeEnergyKcal,64.4586042064993
1282,heartRateBpm,102.92754017153011
1283,speedMps,2.6543051830386775
1283,paceSecPerKm,376.74642930666664
1283,cadenceSpm,171.59904370316457
1283,distanceM,3233.0592618302894
1283,motionIntensityG,0.758
1283,activeEnergyKcal,64.5103250477995
1283,heartRateBpm,105.5118843655764
1284,speedMps,2.5986932734005372
1284,paceSecPerKm,384.8087845671157
1284,cadenceSpm,172.3835969158401
1284,distanceM,3235.65795510369
1284,motionIntensityG,0.758
1284,activeEnergyKcal,64.56204588909969
1284,heartRateBpm,106.3561795705045
1285,speedMps,2.503795611267404
1285,paceSecPerKm,399.3936228260289
1285,cadenceSpm,168.92359222158066
1285,distanceM,3238.161750714957
1285,motionIntensityG,0.758
1285,activeEnergyKcal,64.61376673039989
1285,heartRateBpm,108.23232364129407
1286,speedMps,2.581893894299348
1286,paceSecPerKm,387.31258562094064
1286,cadenceSpm,173.50052570890844
1286,distanceM,3240.7436446092565
1286,motionIntensityG,0.758
1286,activeEnergyKcal,64.66548757170008
1286,heartRateBpm,108.38739385804276
1287,speedMps,2.655262766838381
1287,paceSecPerKm,376.6105609166128
1287,cadenceSpm,167.50830543537248
1287,distanceM,3243.398907376095
1287,motionIntensityG,0.758
1287,activeEnergyKcal,64.71720841300028
1287,heartRateBpm,109.14717563513264
1288,speedMps,2.5895864988171047
1288,paceSecPerKm,386.16203801525427
1288,cadenceSpm,169.7629223071804
1288,distanceM,3245.988493874912
1288,motionIntensityG,0.758
1288,activeEnergyKcal,64.76892925430047
1288,heartRateBpm,108.85706615339517
1289,speedMps,2.581737454230786
1289,paceSecPerKm,387.3360547801885
1289,cadenceSpm,170.12297651631158
1289,distanceM,3248.5702313291426
1289,motionIntensityG,0.758
1289,activeEnergyKcal,64.82065009560067
1289,heartRateBpm,113.48725619873447
1290,speedMps,2.5403604501190236
1290,paceSecPerKm,393.644925448728
1290,cadenceSpm,170.87187906787386
1290,distanceM,3251.1105917792615
1290,motionIntensityG,0.758
1290,activeEnergyKcal,64.87237093690086
1290,heartRateBpm,113.87024628301485
1291,speedMps,2.5352620199152045
1291,paceSecPerKm,394.43654823237813
1291,cadenceSpm,169.79609842405725
1291,distanceM,3253.6458537991766
1291,motionIntensityG,0.758
1291,activeEnergyKcal,64.92409177820106
1291,heartRateBpm,114.44369651474912
1292,speedMps,2.5733076404775996
1292,paceSecPerKm,388.60491620597776
1292,cadenceSpm,171.3512851678083
1292,distanceM,3256.2191614396543
1292,motionIntensityG,0.758
1292,activeEnergyKcal,64.97581261950126
1292,heartRateBpm,114.97339457424401
1293,speedMps,2.533581795676535
1293,paceSecPerKm,394.69813120163064
1293,cadenceSpm,169.01316168353844
1293,distanceM,3258.752743235331
1293,motionIntensityG,0.758
1293,activeEnergyKcal,65.02753346080145
1293,heartRateBpm,114.70669893659144
1294,speedMps,2.713728433930099
1294,paceSecPerKm,368.49671009702746
1294,cadenceSpm,171.076951590873
1294,distanceM,3261.466471669261
1294,motionIntensityG,0.758
1294,activeEnergyKcal,65.07925430210165
1294,heartRateBpm,115.96593899516006
1295,speedMps,2.4664046945869256
1295,paceSecPerKm,405.4484660180556
1295,cadenceSpm,169.6401103991355
1295,distanceM,3263.9328763638478
1295,motionIntensityG,0.758
1295,activeEnergyKcal,65.13097514340184
1295,heartRateBpm,116.17424602311111
1296,speedMps,2.487254549073974
1296,paceSecPerKm,402.0497220006326
1296,cadenceSpm,170.6465490034053
1296,distanceM,3266.4201309129216
1296,motionIntensityG,0.758
1296,activeEnergyKcal,65.18269598470204
1296,heartRateBpm,118.39336124869979
1297,speedMps,2.4984037404785746
1297,paceSecPerKm,400.2555647024639
1297,cadenceSpm,170.8063718331089
1297,distanceM,3268.9185346534
1297,motionIntensityG,0.758
1297,activeEnergyKcal,65.23441682600223
1297,heartRateBpm,118.35363068678203
1298,speedMps,2.554111164110308
1298,paceSecPerKm,391.5256368053727
1298,cadenceSpm,170.92002655419063
1298,distanceM,3271.4726458175105
1298,motionIntensityG,0.758
1298,activeEnergyKcal,65.28613766730243
1298,heartRateBpm,117.12812061658163
1299,speedMps,2.5326464834715807
1299,paceSecPerKm,394.8438941345132
1299,cadenceSpm,171.95537016004198
1299,distanceM,3274.005292300982
1299,motionIntensityG,0.758
1299,activeEnergyKcal,65.33785850860262
1299,heartRateBpm,116.51817678155471
1300,speedMps,2.5099387527257386
1300,paceSecPerKm,398.41609637447203
1300,cadenceSpm,169.09972344046668
1300,distanceM,3276.515231053708
1300,motionIntensityG,0.758
1300,activeEnergyKcal,65.38957934990282
1300,heartRateBpm,115.66966656082225
1301,speedMps,2.537642277331433
1301,paceSecPerKm,394.0665746834866
1301,cadenceSpm,169.86350369719088
1301,distanceM,3279.0528733310393
1301,motionIntensityG,0.758
1301,activeEnergyKcal,65.44130019120301
1301,heartRateBpm,115.31513169592525
1302,speedMps,2.565456508076658
1302,paceSecPerKm,389.79417380562325
1302,cadenceSpm,168.9569903327272
1302,distanceM,3281.618329839116
1302,motionIntensityG,0.758
1302,activeEnergyKcal,65.49302103250321
1302,heartRateBpm,115.93684842787978
1303,speedMps,2.605463562129008
1303,paceSecPerKm,383.8088601718413
1303,cadenceSpm,168.13580753551784
1303,distanceM,3284.223793401245
1303,motionIntensityG,0.758
1303,activeEnergyKcal,65.5447418738034
1303,heartRateBpm,116.33709282181708
1304,speedMps,2.6013572631012445
1304,paceSecPerKm,384.41471080671016
1304,cadenceSpm,169.08824950681517
1304,distanceM,3286.8251506643464
1304,motionIntensityG,0.758
1304,activeEnergyKcal,65.5964627151036
1304,heartRateBpm,114.70688991947787
1305,speedMps,2.5563371919297113
1305,paceSecPerKm,391.1847009686255
1305,cadenceSpm,170.73268694293063
1305,distanceM,3289.381487856276
1305,motionIntensityG,0.758
1305,activeEnergyKcal,65.6481835564038
1305,heartRateBpm,116.31877638902127
1306,speedMps,2.4752510387581452
1306,paceSecPerKm,403.9994264588648
1306,cadenceSpm,168.26070903942238
1306,distanceM,3291.856738895034
1306,motionIntensityG,0.758
1306,activeEnergyKcal,65.69990439770399
1306,heartRateBpm,115.89295503371535
1307,speedMps,2.5865062814802684
1307,paceSecPerKm,386.6219104744241
1307,cadenceSpm,171.64115001646712
1307,distanceM,3294.443245176514
1307,motionIntensityG,0.758
1307,activeEnergyKcal,65.75162523900418
1307,heartRateBpm,118.03528977503338
1308,speedMps,2.5786547246320057
1308,paceSecPerKm,387.79910720412863
1308,cadenceSpm,167.63989106227996
1308,distanceM,3297.0218999011463
1308,motionIntensityG,0.758
1308,activeEnergyKcal,65.80334608030438
1308,heartRateBpm,117.86994811656132
1309,speedMps,2.680097112036244
1309,paceSecPerKm,373.12080801439134
1309,cadenceSpm,169.96058726968866
1309,distanceM,3299.7019970131823
1309,motionIntensityG,0.758
1309,activeEnergyKcal,65.85506692160457
1309,heartRateBpm,118.26245835092722
1310,speedMps,2.4563585406795703
1310,paceSecPerKm,407.10669205617774
1310,cadenceSpm,169.689064405183
1310,distanceM,3302.158355553862
1310,motionIntensityG,0.758
1310,activeEnergyKcal,65.90678776290477
1310,heartRateBpm,118.22845162434791
1311,speedMps,2.5866493467549203
1311,paceSecPerKm,386.6005267604399
1311,cadenceSpm,169.6199390938064
1311,distanceM,3304.7450049006166
1311,motionIntensityG,0.758
1311,activeEnergyKcal,65.95850860420497
1311,heartRateBpm,118.81944624549907
1312,speedMps,2.5202894051471345
1312,paceSecPerKm,396.7798293155226
1312,cadenceSpm,170.7147085835689
1312,distanceM,3307.2652943057637
1312,motionIntensityG,0.758
1312,activeEnergyKcal,66.01022944550516
1312,heartRateBpm,117.79756538708956
1313,speedMps,2.5838243041405375
1313,paceSecPerKm,387.0232191861946
1313,cadenceSpm,168.72324660326456
1313,distanceM,3309.8491186099045
1313,motionIntensityG,0.758
1313,activeEnergyKcal,66.06195028680536
1313,heartRateBpm,118.18452130308538
1314,speedMps,2.629205492357025
1314,paceSecPerKm,380.34303629250445
1314,cadenceSpm,170.49666276557014
1314,distanceM,3312.4783241022615
1314,motionIntensityG,0.758
1314,activeEnergyKcal,66.11367112810555
1314,heartRateBpm,119.41518437446344
1315,speedMps,2.5729658784304767
1315,paceSecPerKm,388.656533840241
1315,cadenceSpm,165.0521936619214
1315,distanceM,3315.0512899806918
1315,motionIntensityG,0.758
1315,activeEnergyKcal,66.16539196940575
1315,heartRateBpm,118.6676838371215
1316,speedMps,2.6456729433475608
1316,paceSecPerKm,377.9756687289939
1316,cadenceSpm,167.5351200242227
1316,distanceM,3317.6969629240393
1316,motionIntensityG,0.758
1316,activeEnergyKcal,66.21711281070594
1316,heartRateBpm,118.94494931025643
1317,speedMps,2.644296535138938
1317,paceSecPerKm,378.172412477732
1317,cadenceSpm,168.4885385165058
1317,distanceM,3320.341259459178
1317,motionIntensityG,0.758
1317,activeEnergyKcal,66.26883365200614
1317,heartRateBpm,119.94167658411347
1318,speedMps,2.6054848608072683
1318,paceSecPerKm,383.80572270535697
1318,cadenceSpm,168.4317539283506
1318,distanceM,3322.9467443199856
1318,motionIntensityG,0.758
1318,activeEnergyKcal,66.32055449330633
1318,heartRateBpm,120.77630054087977
1319,speedMps,2.484865046589861
1319,paceSecPerKm,402.43634211538523
1319,cadenceSpm,170.48998208958378
1319,distanceM,3325.4316093665752
1319,motionIntensityG,0.758
1319,activeEnergyKcal,66.37227533460653
1319,heartRateBpm,122.30568044629393
1320,speedMps,2.655342483675241
1320,paceSecPerKm,376.5992545774762
1320,cadenceSpm,169.0501258038582
1320,distanceM,3328.0869518502504
1320,motionIntensityG,0.758
1320,activeEnergyKcal,66.42399617590672
1320,heartRateBpm,124.14000568523016
1321,speedMps,2.5072422274307624
1321,paceSecPerKm,398.8445907058316
1321,cadenceSpm,170.75802396852896
1321,distanceM,3330.594194077681
1321,motionIntensityG,0.758
1321,activeEnergyKcal,66.47571701720692
1321,heartRateBpm,126.43414249533751
1322,speedMps,2.509746772235749
1322,paceSecPerKm,398.4465728027109
1322,cadenceSpm,169.21717872470282
1322,distanceM,3333.103940849917
1322,motionIntensityG,0.758
1322,activeEnergyKcal,66.52743785850711
1322,heartRateBpm,127.74381482530276
1323,speedMps,2.509418292333619
1323,paceSecPerKm,398.4987289903175
1323,cadenceSpm,167.83159443147213
1323,distanceM,3335.6133591422504
1323,motionIntensityG,0.758
1323,activeEnergyKcal,66.57915869980731
1323,heartRateBpm,130.84854084437842
1324,speedMps,2.4830344182626507
1324,paceSecPerKm,402.73304012422346
1324,cadenceSpm,170.81074152532395
1324,distanceM,3338.096393560513
1324,motionIntensityG,0.758
1324,activeEnergyKcal,66.6308795411075
1324,heartRateBpm,132.56307056288327
1325,speedMps,2.601652092568616
1325,paceSecPerKm,384.37114741683166
1325,cadenceSpm,170.51476843321328
1325,distanceM,3340.698045653082
1325,motionIntensityG,0.758
1325,activeEnergyKcal,66.6826003824077
1325,heartRateBpm,132.19542431170734
1326,speedMps,2.5968989666657047
1326,paceSecPerKm,385.07466514338546
1326,cadenceSpm,169.9957930487325
1326,distanceM,3343.2949446197476
1326,motionIntensityG,0.758
1326,activeEnergyKcal,66.7343212237079
1326,heartRateBpm,130.8452946675462
1327,speedMps,2.5611856707406093
1327,paceSecPerKm,390.44416475703355
1327,cadenceSpm,170.62487267108384
1327,distanceM,3345.856130290488
1327,motionIntensityG,0.758
1327,activeEnergyKcal,66.78604206500809
1327,heartRateBpm,130.12160786657589
1328,speedMps,2.5457402230257826
1328,paceSecPerKm,392.81305726137015
1328,cadenceSpm,167.67422489090663
1328,distanceM,3348.401870513514
1328,motionIntensityG,0.758
1328,activeEnergyKcal,66.83776290630828
1328,heartRateBpm,130.05683460514092
1329,speedMps,2.6736054554420092
1329,paceSecPerKm,374.0267652299044
1329,cadenceSpm,171.98266791047095
1329,distanceM,3351.075475968956
1329,motionIntensityG,0.758
1329,activeEnergyKcal,66.88948374760848
1329,heartRateBpm,130.6726783146529
1330,speedMps,2.447121720366426
1330,paceSecPerKm,408.643342779967
1330,cadenceSpm,169.47511039281136
1330,distanceM,3353.5225976893225
1330,motionIntensityG,0.758
1330,activeEnergyKcal,66.94120458890868
1330,heartRateBpm,131.81115374214662
1331,speedMps,2.538331071731166
1331,paceSecPerKm,393.9596418831175
1331,cadenceSpm,170.39542285588857
1331,distanceM,3356.0609287610537
1331,motionIntensityG,0.758
1331,activeEnergyKcal,66.99292543020887
1331,heartRateBpm,131.70554377154414
1332,speedMps,2.650406587936101
1332,paceSecPerKm,377.30060155740495
1332,cadenceSpm,168.0674726512332
1332,distanceM,3358.71133534899
1332,motionIntensityG,0.758
1332,activeEnergyKcal,67.04464627150907
1332,heartRateBpm,131.05084460297732
1333,speedMps,2.555976209356906
1333,paceSecPerKm,391.2399482981119
1333,cadenceSpm,168.9726860193546
1333,distanceM,3361.2673115583466
1333,motionIntensityG,0.758
1333,activeEnergyKcal,67.09636711280926
1333,heartRateBpm,133.00429430070105
1334,speedMps,2.5772770987985107
1334,paceSecPerKm,388.0063965439283
1334,cadenceSpm,168.18507729625833
1334,distanceM,3363.8445886571453
1334,motionIntensityG,0.758
1334,activeEnergyKcal,67.14808795410946
1334,heartRateBpm,132.8277869741049
1335,speedMps,2.5883400283723974
1335,paceSecPerKm,386.3480025956331
1335,cadenceSpm,168.067089971848
1335,distanceM,3366.4329286855177
1335,motionIntensityG,0.758
1335,activeEnergyKcal,67.19980879540965
1335,heartRateBpm,134.00204439926526
1336,speedMps,2.56735727419388
1336,paceSecPerKm,389.50558617284315
1336,cadenceSpm,171.38381482955361
1336,distanceM,3369.0002859597116
1336,motionIntensityG,0.758
1336,activeEnergyKcal,67.25152963670985
1336,heartRateBpm,135.1754293663559
1337,speedMps,2.6627245613801356
1337,paceSecPerKm,375.5551792715965
1337,cadenceSpm,167.9249501968465
1337,distanceM,3371.6630105210916
1337,motionIntensityG,0.758
1337,activeEnergyKcal,67.30325047801004
1337,heartRateBpm,135.77682466417215
1338,speedMps,2.6432225261111184
1338,paceSecPerKm,378.3260736171409
1338,cadenceSpm,170.17615908281297
1338,distanceM,3374.3062330472026
1338,motionIntensityG,0.758
1338,activeEnergyKcal,67.35497131931024
1338,heartRateBpm,136.9927127042105
1339,speedMps,2.547676628754886
1339,paceSecPerKm,392.5144928965044
1339,cadenceSpm,166.82869032937043
1339,distanceM,3376.8539096759573
1339,motionIntensityG,0.758
1339,activeEnergyKcal,67.40669216061043
1339,heartRateBpm,137.34110524071798
1340,speedMps,2.5482226606113416
1340,paceSecPerKm,392.4303850904814
1340,cadenceSpm,169.84936930192592
1340,distanceM,3379.4021323365687
1340,motionIntensityG,0.758
1340,activeEnergyKcal,67.45841300191063
1340,heartRateBpm,138.13507945343807
1341,speedMps,2.5552533027943722
1341,paceSecPerKm,391.35063396901614
1341,cadenceSpm,167.56827491716467
1341,distanceM,3381.957385639363
1341,motionIntensityG,0.758
1341,activeEnergyKcal,67.51013384321082
1341,heartRateBpm,139.26419588091414
1342,speedMps,2.5159933876287846
1342,paceSecPerKm,397.4573243781284
1342,cadenceSpm,169.9124475814425
1342,distanceM,3384.473379026992
1342,motionIntensityG,0.758
1342,activeEnergyKcal,67.56185468451102
1342,heartRateBpm,138.06744505335894
1343,speedMps,2.568472211726689
1343,paceSecPerKm,389.33650729580484
1343,cadenceSpm,171.42890216800015
1343,distanceM,3387.0418512387187
1343,motionIntensityG,0.758
1343,activeEnergyKcal,67.61357552581121
1343,heartRateBpm,139.95749983876394
1344,speedMps,2.507527034734351
1344,paceSecPerKm,398.7992895581844
1344,cadenceSpm,170.13696489861675
1344,distanceM,3389.549378273453
1344,motionIntensityG,0.758
1344,activeEnergyKcal,67.66529636711141
1344,heartRateBpm,139.6560136598035
1345,speedMps,2.522840317855117
1345,paceSecPerKm,396.3786343997332
1345,cadenceSpm,169.91075330311583
1345,distanceM,3392.0722185913082
1345,motionIntensityG,0.758
1345,activeEnergyKcal,67.7170172084116
1345,heartRateBpm,140.26592430660628
1346,speedMps,2.5340899152348353
1346,paceSecPerKm,394.6189888480455
1346,cadenceSpm,169.1572444929763
1346,distanceM,3394.606308506543
1346,motionIntensityG,0.758
1346,activeEnergyKcal,67.7687380497118
1346,heartRateBpm,139.80347527155084
1347,speedMps,2.527840645670818
1347,paceSecPerKm,395.5945568454249
1347,cadenceSpm,172.26700093917702
1347,distanceM,3397.134149152214
1347,motionIntensityG,0.758
1347,activeEnergyKcal,67.820458891012
1347,heartRateBpm,140.0556818620187
1348,speedMps,2.5644794604781893
1348,paceSecPerKm,389.94268248634506
1348,cadenceSpm,171.43754671188285
1348,distanceM,3399.698628612692
1348,motionIntensityG,0.758
1348,activeEnergyKcal,67.87217973231219
1348,heartRateBpm,140.41489573386428
1349,speedMps,2.43645752899224
1349,paceSecPerKm,410.431943959892
1349,cadenceSpm,171.31314390045608
1349,distanceM,3402.1350861416845
1349,motionIntensityG,0.758
1349,activeEnergyKcal,67.92390057361239
1349,heartRateBpm,138.76312027115625
1350,speedMps,2.638070423821765
1350,paceSecPerKm,379.06493737619894
1350,cadenceSpm,171.04647178151774
1350,distanceM,3404.7731565655063
1350,motionIntensityG,0.758
1350,activeEnergyKcal,67.97562141491258
1350,heartRateBpm,136.30657554578403
1351,speedMps,2.668881498592781
1351,paceSecPerKm,374.6887977331587
1351,cadenceSpm,168.8403019289885
1351,distanceM,3407.442038064099
1351,motionIntensityG,0.758
1351,activeEnergyKcal,68.02734225621278
1351,heartRateBpm,135.66491425401293
1352,speedMps,2.5577109227966144
1352,paceSecPerKm,390.97459806231535
1352,cadenceSpm,170.97400748508218
1352,distanceM,3409.9997489868956
1352,motionIntensityG,0.758
1352,activeEnergyKcal,68.07906309751297
1352,heartRateBpm,135.7666034080556
1353,speedMps,2.6058230246534717
1353,paceSecPerKm,383.7559153246726
1353,cadenceSpm,170.48236250111518
1353,distanceM,3412.605572011549
1353,motionIntensityG,0.758
1353,activeEnergyKcal,68.13078393881317
1353,heartRateBpm,136.69015537854057
1354,speedMps,2.465945339554451
1354,paceSecPerKm,405.5239927502533
1354,cadenceSpm,170.50825780464018
1354,distanceM,3415.0715173511035
1354,motionIntensityG,0.758
1354,activeEnergyKcal,68.18250478011336
1354,heartRateBpm,134.41760754319444
1355,speedMps,2.6059510487523165
1355,paceSecPerKm,383.7370623207916
1355,cadenceSpm,171.37565643157703
1355,distanceM,3417.6774683998556
1355,motionIntensityG,0.758
1355,activeEnergyKcal,68.23422562141356
1355,heartRateBpm,134.78466717163812
1356,speedMps,2.671534190015942
1356,paceSecPerKm,374.3167516766958
1356,cadenceSpm,169.48370318438032
1356,distanceM,3420.3490025898714
1356,motionIntensityG,0.758
1356,activeEnergyKcal,68.28594646271375
1356,heartRateBpm,135.65111147574717
1357,speedMps,2.5904213406320675
1357,paceSecPerKm,386.03758559061214
1357,cadenceSpm,171.22384354374182
1357,distanceM,3422.9394239305034
1357,motionIntensityG,0.758
1357,activeEnergyKcal,68.33766730401395
1357,heartRateBpm,136.21539826701252
1358,speedMps,2.5321659198747883
1358,paceSecPerKm,394.91882903528233
1358,cadenceSpm,171.95949531979255
1358,distanceM,3425.471589850378
1358,motionIntensityG,0.758
1358,activeEnergyKcal,68.38938814531414
1358,heartRateBpm,136.56764903277968
1359,speedMps,2.538281895762077
1359,paceSecPerKm,393.96727434789767
1359,cadenceSpm,169.61118893512455
1359,distanceM,3428.00987174614
1359,motionIntensityG,0.758
1359,activeEnergyKcal,68.44110898661434
1359,heartRateBpm,135.00950860758354
1360,speedMps,2.6173920354265467
1360,paceSecPerKm,382.0596939491465
1360,cadenceSpm,170.8490339481758
1360,distanceM,3430.627263781567
1360,motionIntensityG,0.758
1360,activeEnergyKcal,68.49282982791453
1360,heartRateBpm,136.44950700449553
1361,speedMps,2.5497564466491256
1361,paceSecPerKm,392.1943216632294
1361,cadenceSpm,170.03730602248385
1361,distanceM,3433.177020228216
1361,motionIntensityG,0.758
1361,activeEnergyKcal,68.54455066921473
1361,heartRateBpm,137.12401112013973
1362,speedMps,2.55934568716359
1362,paceSecPerKm,390.72486574029625
1362,cadenceSpm,169.927021924558
1362,distanceM,3435.7363659153793
1362,motionIntensityG,0.758
1362,activeEnergyKcal,68.59627151051492
1362,heartRateBpm,137.2554093613357
1363,speedMps,2.576270189121784
1363,paceSecPerKm,388.1580449994985
1363,cadenceSpm,169.56893646210713
1363,distanceM,3438.312636104501
1363,motionIntensityG,0.758
1363,activeEnergyKcal,68.64799235181512
1363,heartRateBpm,137.93862945149883
1364,speedMps,2.545955882521467
1364,paceSecPerKm,392.7797833675023
1364,cadenceSpm,169.80713321113086
1364,distanceM,3440.8585919870225
1364,motionIntensityG,0.758
1364,activeEnergyKcal,68.69971319311531
1364,heartRateBpm,137.61997528482095
1365,speedMps,2.6052795692201633
1365,paceSecPerKm,383.8359659417777
1365,cadenceSpm,167.5993417250585
1365,distanceM,3443.463871556243
1365,motionIntensityG,0.758
1365,activeEnergyKcal,68.75143403441551
1365,heartRateBpm,135.40717079329337
1366,speedMps,2.5499791079317062
1366,paceSecPerKm,392.1600757000328
1366,cadenceSpm,171.90638979979553
1366,distanceM,3446.0138506641747
1366,motionIntensityG,0.758
1366,activeEnergyKcal,68.8031548757157
1366,heartRateBpm,135.69352066117767
1367,speedMps,2.6410162582440795
1367,paceSecPerKm,378.64212190229586
1367,cadenceSpm,168.27540440504055
1367,distanceM,3448.654866922419
1367,motionIntensityG,0.758
1367,activeEnergyKcal,68.8548757170159
1367,heartRateBpm,135.18848915883962
1368,speedMps,2.574715879157196
1368,paceSecPerKm,388.3923690746564
1368,cadenceSpm,169.19368668864155
1368,distanceM,3451.2295828015763
1368,motionIntensityG,0.758
1368,activeEnergyKcal,68.9065965583161
1368,heartRateBpm,137.1544443649811
1369,speedMps,2.600440638752991
1369,paceSecPerKm,384.5502124130538
1369,cadenceSpm,167.79187720983037
1369,distanceM,3453.830023440329
1369,motionIntensityG,0.758
1369,activeEnergyKcal,68.95831739961629
1369,heartRateBpm,137.16013766251535
1370,speedMps,2.566386205097869
1370,paceSecPerKm,389.6529672788921
1370,cadenceSpm,168.59157895077092
1370,distanceM,3456.396409645427
1370,motionIntensityG,0.758
1370,activeEnergyKcal,69.01003824091649
1370,heartRateBpm,138.2220259474714
1371,speedMps,2.578916047126563
1371,paceSecPerKm,387.759811380523
1371,cadenceSpm,168.27562397413632
1371,distanceM,3458.9753256925537
1371,motionIntensityG,0.758
1371,activeEnergyKcal,69.06175908221668
1371,heartRateBpm,138.15085556582883
1372,speedMps,2.516271252451656
1372,paceSecPerKm,397.4134342733038
1372,cadenceSpm,168.74117498435137
1372,distanceM,3461.4915969450053
1372,motionIntensityG,0.758
1372,activeEnergyKcal,69.11347992351688
1372,heartRateBpm,139.16202773868338
1373,speedMps,2.6759951101749997
1373,paceSecPerKm,373.6927605725721
1373,cadenceSpm,172.21168733841242
1373,distanceM,3464.16759205518
1373,motionIntensityG,0.758
1373,activeEnergyKcal,69.16520076481707
1373,heartRateBpm,138.49988599519153
1374,speedMps,2.6131352161901966
1374,paceSecPerKm,382.6820724026457
1374,cadenceSpm,171.17986170410614
1374,distanceM,3466.7807272713703
1374,motionIntensityG,0.758
1374,activeEnergyKcal,69.21692160611727
1374,heartRateBpm,137.88634906364572
1375,speedMps,2.5060600142895613
1375,paceSecPerKm,399.03274235173825
1375,cadenceSpm,171.01567368206915
1375,distanceM,3469.28678728566
1375,motionIntensityG,0.758
1375,activeEnergyKcal,69.26864244741746
1375,heartRateBpm,136.4372819559127
1376,speedMps,2.564091617493434
1376,paceSecPerKm,390.0016649863568
1376,cadenceSpm,172.36059588938392
1376,distanceM,3471.8508789031534
1376,motionIntensityG,0.758
1376,activeEnergyKcal,69.32036328871766
1376,heartRateBpm,137.43359858125658
1377,speedMps,2.4817183430412797
1377,paceSecPerKm,402.9466126984123
1377,cadenceSpm,170.7167242786418
1377,distanceM,3474.332597246195
1377,motionIntensityG,0.758
1377,activeEnergyKcal,69.37208413001785
1377,heartRateBpm,136.7831589248086
1378,speedMps,2.6057313693515414
1378,paceSecPerKm,383.7694137476875
1378,cadenceSpm,167.9674368959004
1378,distanceM,3476.938328615546
1378,motionIntensityG,0.758
1378,activeEnergyKcal,69.42380497131805
1378,heartRateBpm,136.51196680640564
1379,speedMps,2.507969367575025
1379,paceSecPerKm,398.7289529644087
1379,cadenceSpm,168.19911438937137
1379,distanceM,3479.4462979831214
1379,motionIntensityG,0.758
1379,activeEnergyKcal,69.47552581261824
1379,heartRateBpm,136.80167516361269
1380,speedMps,2.5188745107357424
1380,paceSecPerKm,397.0027072559118
1380,cadenceSpm,169.0941282798461
1380,distanceM,3481.965172493857
1380,motionIntensityG,0.758
1380,activeEnergyKcal,69.52724665391844
1380,heartRateBpm,137.68492080044857
1381,speedMps,2.677649893229751
1381,paceSecPerKm,373.46181908562033
1381,cadenceSpm,170.61057995960093
1381,distanceM,3484.642822387087
1381,motionIntensityG,0.758
1381,activeEnergyKcal,69.57896749521863
1381,heartRateBpm,138.0336489535781
1382,speedMps,2.6536138118281194
1382,paceSecPerKm,376.84458663225115
1382,cadenceSpm,170.91458226526996
1382,distanceM,3487.296436198915
1382,motionIntensityG,0.758
1382,activeEnergyKcal,69.63068833651883
1382,heartRateBpm,138.46586830218666
1383,speedMps,2.585280066277128
1383,paceSecPerKm,386.80528776908363
1383,cadenceSpm,170.05576264173274
1383,distanceM,3489.881716265192
1383,motionIntensityG,0.758
1383,activeEnergyKcal,69.68240917781903
1383,heartRateBpm,136.1477877900946
1384,speedMps,2.5574878235682377
1384,paceSecPerKm,391.0087042388292
1384,cadenceSpm,168.23458622750914
1384,distanceM,3492.4392040887606
1384,motionIntensityG,0.758
1384,activeEnergyKcal,69.73413001911922
1384,heartRateBpm,135.17310656246926
1385,speedMps,2.533394013216602
1385,paceSecPerKm,394.72738736376783
1385,cadenceSpm,168.74685560868784
1385,distanceM,3494.9725981019774
1385,motionIntensityG,0.758
1385,activeEnergyKcal,69.78585086041942
1385,heartRateBpm,135.4627697363675
1386,speedMps,2.605777486159736
1386,paceSecPerKm,383.76262183220786
1386,cadenceSpm,168.42134699752071
1386,distanceM,3497.578375588137
1386,motionIntensityG,0.758
1386,activeEnergyKcal,69.83757170171961
1386,heartRateBpm,137.065160050226
1387,speedMps,2.5356702242651985
1387,paceSecPerKm,394.3730499457144
1387,cadenceSpm,171.81678841183083
1387,distanceM,3500.1140458124023
1387,motionIntensityG,0.758
1387,activeEnergyKcal,69.8892925430198
1387,heartRateBpm,137.33477113248966
1388,speedMps,2.671275820917765
1388,paceSecPerKm,374.3529560554447
1388,cadenceSpm,167.81646092353023
1388,distanceM,3502.78532163332
1388,motionIntensityG,0.758
1388,activeEnergyKcal,69.94101338432
1388,heartRateBpm,138.14770538047927
1389,speedMps,2.5069367252735013
1389,paceSecPerKm,398.8931949971343
1389,cadenceSpm,168.6838168710233
1389,distanceM,3505.2922583585937
1389,motionIntensityG,0.758
1389,activeEnergyKcal,69.9927342256202
1389,heartRateBpm,136.14450260939685
1390,speedMps,2.4472057715767783
1390,paceSecPerKm,408.62930760239345
1390,cadenceSpm,170.56199195417975
1390,distanceM,3507.7394641301703
1390,motionIntensityG,0.758
1390,activeEnergyKcal,70.04445506692039
1390,heartRateBpm,135.32902072342128
1391,speedMps,2.5099536261073694
1391,paceSecPerKm,398.4137354564903
1391,cadenceSpm,169.470636295073
1391,distanceM,3510.2494177562776
1391,motionIntensityG,0.758
1391,activeEnergyKcal,70.09617590822059
1391,heartRateBpm,136.24969005522257
1392,speedMps,2.5196058126311134
1392,paceSecPerKm,396.88747937747615
1392,cadenceSpm,168.76446409324654
1392,distanceM,3512.769023568909
1392,motionIntensityG,0.758
1392,activeEnergyKcal,70.14789674952078
1392,heartRateBpm,135.46959101166416
1393,speedMps,2.407938312546127
1393,paceSecPerKm,415.2930308844213
1393,cadenceSpm,166.77010394361756
1393,distanceM,3515.176961881455
1393,motionIntensityG,0.758
1393,activeEnergyKcal,70.19961759082098
1393,heartRateBpm,134.7989286527031
1394,speedMps,2.484420735517784
1394,paceSecPerKm,402.5083133882263
1394,cadenceSpm,170.74897099192347
1394,distanceM,3517.661382616973
1394,motionIntensityG,0.758
1394,activeEnergyKcal,70.25133843212117
1394,heartRateBpm,136.05215521849607
1395,speedMps,2.660124198028101
1395,paceSecPerKm,375.9222974405784
1395,cadenceSpm,169.45692752245824
1395,distanceM,3520.3215068150007
1395,motionIntensityG,0.758
1395,activeEnergyKcal,70.30305927342137
1395,heartRateBpm,137.96452047533447
1396,speedMps,2.7138148602693057
1396,paceSecPerKm,368.48497465326903
1396,cadenceSpm,173.4129187885457
1396,distanceM,3523.03532167527
1396,motionIntensityG,0.758
1396,activeEnergyKcal,70.35478011472156
1396,heartRateBpm,135.55276949768492
1397,speedMps,2.585086247336031
1397,paceSecPerKm,386.83428880971167
1397,cadenceSpm,169.23403325226428
1397,distanceM,3525.6204079226063
1397,motionIntensityG,0.758
1397,activeEnergyKcal,70.40650095602176
1397,heartRateBpm,136.60099507220608
1398,speedMps,2.604599701701985
1398,paceSecPerKm,383.936157001994
1398,cadenceSpm,169.406802125437
1398,distanceM,3528.225007624308
1398,motionIntensityG,0.758
1398,activeEnergyKcal,70.45822179732195
1398,heartRateBpm,137.19140289036702
1399,speedMps,2.6131855174194754
1399,paceSecPerKm,382.6747061523215
1399,cadenceSpm,171.584857970379
1399,distanceM,3530.8381931417275
1399,motionIntensityG,0.758
1399,activeEnergyKcal,70.50994263862215
1399,heartRateBpm,139.8433787696646
1400,speedMps,2.5592609383621463
1400,paceSecPerKm,390.7378044225421
1400,cadenceSpm,168.26453372537068
1400,distanceM,3533.3974540800896
1400,motionIntensityG,0.758
1400,activeEnergyKcal,70.56166347992234
1400,heartRateBpm,142.14987632276012
1401,speedMps,2.5803610272008632
1401,paceSecPerKm,387.54266920733374
1401,cadenceSpm,169.30430577901214
1401,distanceM,3535.9778151072906
1401,motionIntensityG,0.758
1401,activeEnergyKcal,70.61338432122254
1401,heartRateBpm,143.0441701045609
1402,speedMps,2.4726314863924967
1402,paceSecPerKm,404.42743106008623
1402,cadenceSpm,172.36086548382448
1402,distanceM,3538.450446593683
1402,motionIntensityG,0.758
1402,activeEnergyKcal,70.66510516252274
1402,heartRateBpm,142.30646803447738
1403,speedMps,2.5104149554765596
1403,paceSecPerKm,398.3405204858521
1403,cadenceSpm,170.66550383372916
1403,distanceM,3540.9608615491593
1403,motionIntensityG,0.758
1403,activeEnergyKcal,70.71682600382293
1403,heartRateBpm,139.7469402937778
1404,speedMps,2.5099138566146326
1404,paceSecPerKm,398.4200483074739
1404,cadenceSpm,169.28321173358495
1404,distanceM,3543.470775405774
1404,motionIntensityG,0.758
1404,activeEnergyKcal,70.76854684512313
1404,heartRateBpm,138.22858863072292
1405,speedMps,2.6297652011161317
1405,paceSecPerKm,380.2620855944011
1405,cadenceSpm,166.04625071150335
1405,distanceM,3546.1005406068903
1405,motionIntensityG,0.758
1405,activeEnergyKcal,70.82026768642332
1405,heartRateBpm,137.08934468699664
1406,speedMps,2.47402990898466
1406,paceSecPerKm,404.19883218404556
1406,cadenceSpm,170.33848045290603
1406,distanceM,3548.5745705158747
1406,motionIntensityG,0.758
1406,activeEnergyKcal,70.87198852772352
1406,heartRateBpm,136.51505578764178
1407,speedMps,2.5312835218111363
1407,paceSecPerKm,395.0564965889316
1407,cadenceSpm,172.11877049145258
1407,distanceM,3551.1058540376857
1407,motionIntensityG,0.758
1407,activeEnergyKcal,70.92370936902371
1407,heartRateBpm,140.20866308809167
1408,speedMps,2.5416865377396105
1408,paceSecPerKm,393.43954699045094
1408,cadenceSpm,167.83960992262462
1408,distanceM,3553.6475405754254
1408,motionIntensityG,0.758
1408,activeEnergyKcal,70.9754302103239
1408,heartRateBpm,140.6524919364146
1409,speedMps,2.6258276739519055
1409,paceSecPerKm,380.83230286585666
1409,cadenceSpm,170.04242581155296
1409,distanceM,3556.273368249377
1409,motionIntensityG,0.758
1409,activeEnergyKcal,71.0271510516241
1409,heartRateBpm,141.56873064626387
1410,speedMps,2.6760807256996157
1410,paceSecPerKm,373.68080506561216
1410,cadenceSpm,168.6324244071402
1410,distanceM,3558.949448975077
1410,motionIntensityG,0.758
1410,activeEnergyKcal,71.0788718929243
1410,heartRateBpm,140.3556263979232
1411,speedMps,2.6183103167889255
1411,paceSecPerKm,381.9256997873315
1411,cadenceSpm,168.14916238428486
1411,distanceM,3561.567759291866
1411,motionIntensityG,0.758
1411,activeEnergyKcal,71.13059273422449
1411,heartRateBpm,138.78066435064963
1412,speedMps,2.6492448006698703
1412,paceSecPerKm,377.4660611760554
1412,cadenceSpm,170.34216508150195
1412,distanceM,3564.2170040925357
1412,motionIntensityG,0.758
1412,activeEnergyKcal,71.18231357552469
1412,heartRateBpm,150.98182433127752
1413,speedMps,2.5194237720654686
1413,paceSecPerKm,396.91615641944276
1413,cadenceSpm,169.2581459932269
1413,distanceM,3566.7364278646014
1413,motionIntensityG,0.758
1413,activeEnergyKcal,71.23403441682488
1413,heartRateBpm,161.31837909529256
1414,speedMps,2.548179381333578
1414,paceSecPerKm,392.4370502820153
1414,cadenceSpm,169.3045092522301
1414,distanceM,3569.284607245935
1414,motionIntensityG,0.758
1414,activeEnergyKcal,71.28575525812508
1414,heartRateBpm,172.99255708116715
1415,speedMps,2.5899881024338964
1415,paceSecPerKm,386.10215972045097
1415,cadenceSpm,171.46191069716411
1415,distanceM,3571.874595348369
1415,motionIntensityG,0.758
1415,activeEnergyKcal,71.33747609942527
1415,heartRateBpm,172.60147268157732
1416,speedMps,2.5889730451620956
1416,paceSecPerKm,386.2535385869149
1416,cadenceSpm,171.5825752771042
1416,distanceM,3574.463568393531
1416,motionIntensityG,0.758
1416,activeEnergyKcal,71.38919694072547
1416,heartRateBpm,174.13765644329013
1417,speedMps,2.5770585376312773
1417,paceSecPerKm,388.03930349178546
1417,cadenceSpm,171.34548577979552
1417,distanceM,3577.0406269311625
1417,motionIntensityG,0.758
1417,activeEnergyKcal,71.44091778202566
1417,heartRateBpm,173.67471881224492
1418,speedMps,2.606730178412138
1418,paceSecPerKm,383.62236655008894
1418,cadenceSpm,169.80287477154755
1418,distanceM,3579.647357109575
1418,motionIntensityG,0.758
1418,activeEnergyKcal,71.49263862332586
1418,heartRateBpm,175.0894454061612
1419,speedMps,2.5858939326048995
1419,paceSecPerKm,386.713463917157
1419,cadenceSpm,169.6858301914234
1419,distanceM,3582.2332510421797
1419,motionIntensityG,0.758
1419,activeEnergyKcal,71.54435946462606
1419,heartRateBpm,176.082135425377
1420,speedMps,2.523427090502496
1420,paceSecPerKm,396.28646445293873
1420,cadenceSpm,169.75514488965763
1420,distanceM,3584.7566781326823
1420,motionIntensityG,0.758
1420,activeEnergyKcal,71.59608030592625
1420,heartRateBpm,175.92760550936578
1421,speedMps,2.5818511559997566
1421,paceSecPerKm,387.3189969437937
1421,cadenceSpm,168.89637229957438
1421,distanceM,3587.338529288682
1421,motionIntensityG,0.758
1421,activeEnergyKcal,71.64780114722645
1421,heartRateBpm,175.56969004589752
1422,speedMps,2.639269481499911
1422,paceSecPerKm,378.89272278164435
1422,cadenceSpm,171.74643328376783
1422,distanceM,3589.977798770182
1422,motionIntensityG,0.758
1422,activeEnergyKcal,71.69952198852664
1422,heartRateBpm,174.75922104586306
1423,speedMps,2.5113708310644394
1423,paceSecPerKm,398.1889044941053
1423,cadenceSpm,167.426970917975
1423,distanceM,3592.4891696012464
1423,motionIntensityG,0.758
1423,activeEnergyKcal,71.75124282982684
1423,heartRateBpm,175.0445612593051
1424,speedMps,2.5019806029238683
1424,paceSecPerKm,399.683354391868
1424,cadenceSpm,170.23446016360475
1424,distanceM,3594.9911502041705
1424,motionIntensityG,0.758
1424,activeEnergyKcal,71.80296367112703
1424,heartRateBpm,174.6897270284189
1425,speedMps,2.7025159978469238
1425,paceSecPerKm,370.025561660576
1425,cadenceSpm,169.71969803794795
1425,distanceM,3597.6936662020175
1425,motionIntensityG,0.758
1425,activeEnergyKcal,71.85468451242723
1425,heartRateBpm,174.00100517495449
1426,speedMps,2.522873340126323
1426,paceSecPerKm,396.37344613976103
1426,cadenceSpm,169.14508100539297
1426,distanceM,3600.216539542144
1426,motionIntensityG,0.758
1426,activeEnergyKcal,71.90640535372742
1426,heartRateBpm,173.0929955807917
1427,speedMps,2.4765982533290027
1427,paceSecPerKm,403.77965972309653
1427,cadenceSpm,168.630748200971
1427,distanceM,3602.693137795473
1427,motionIntensityG,0.758
1427,activeEnergyKcal,71.95812619502762
1427,heartRateBpm,172.82321101007153
1428,speedMps,2.5985511139139623
1428,paceSecPerKm,384.8298363828566
1428,cadenceSpm,170.83060883812556
1428,distanceM,3605.2916889093867
1428,motionIntensityG,0.758
1428,activeEnergyKcal,72.00984703632781
1428,heartRateBpm,173.4278840970659
1429,speedMps,2.5154031802817634
1429,paceSecPerKm,397.5505826815345
1429,cadenceSpm,170.43242782363376
1429,distanceM,3607.8070920896685
1429,motionIntensityG,0.758
1429,activeEnergyKcal,72.06156787762801
1429,heartRateBpm,172.84967206774
1430,speedMps,2.4585311318682868
1430,paceSecPerKm,406.7469339874009
1430,cadenceSpm,167.97049974185356
1430,distanceM,3610.2656232215368
1430,motionIntensityG,0.758
1430,activeEnergyKcal,72.1132887189282
1430,heartRateBpm,174.74484015107438
1431,speedMps,2.528621650046203
1431,paceSecPerKm,395.47237127457487
1431,cadenceSpm,171.10045667418183
1431,distanceM,3612.794244871583
1431,motionIntensityG,0.758
1431,activeEnergyKcal,72.1650095602284
1431,heartRateBpm,174.37506066703253
1432,speedMps,2.6014003383779216
1432,paceSecPerKm,384.40834547732106
1432,cadenceSpm,171.4772714042715
1432,distanceM,3615.395645209961
1432,motionIntensityG,0.758
1432,activeEnergyKcal,72.2167304015286
1432,heartRateBpm,173.21306198304086
1433,speedMps,2.4848368250629846
1433,paceSecPerKm,402.4409127849481
1433,cadenceSpm,170.4864555742221
1433,distanceM,3617.880482035024
1433,motionIntensityG,0.758
1433,activeEnergyKcal,72.26845124282879
1433,heartRateBpm,171.35995300295286
1434,speedMps,2.5831905331001024
1434,paceSecPerKm,387.1181731220941
1434,cadenceSpm,170.56082850952038
1434,distanceM,3620.4636725681244
1434,motionIntensityG,0.758
1434,activeEnergyKcal,72.32017208412898
1434,heartRateBpm,170.09855513867745
1435,speedMps,2.653726857880715
1435,paceSecPerKm,376.82853343791646
1435,cadenceSpm,168.53450568662421
1435,distanceM,3623.1173994260052
1435,motionIntensityG,0.758
1435,activeEnergyKcal,72.37189292542918
1435,heartRateBpm,168.55917645782813
1436,speedMps,2.578786986192769
1436,paceSecPerKm,387.7792176531669
1436,cadenceSpm,170.10942499512953
1436,distanceM,3625.696186412198
1436,motionIntensityG,0.758
1436,activeEnergyKcal,72.42361376672937
1436,heartRateBpm,167.6459108147361
1437,speedMps,2.502960895637214
1437,paceSecPerKm,399.52681711610035
1437,cadenceSpm,169.01842387506264
1437,distanceM,3628.199147307835
1437,motionIntensityG,0.758
1437,activeEnergyKcal,72.47533460802957
1437,heartRateBpm,168.2707304472109
1438,speedMps,2.403526455167218
1438,paceSecPerKm,416.0553331335927
1438,cadenceSpm,172.58044598459196
1438,distanceM,3630.6026737630023
1438,motionIntensityG,0.758
1438,activeEnergyKcal,72.52705544932977
1438,heartRateBpm,168.94007833425664
1439,speedMps,2.518629718531412
1439,paceSecPerKm,397.04129298652526
1439,cadenceSpm,168.08037854756512
1439,distanceM,3633.1213034815337
1439,motionIntensityG,0.758
1439,activeEnergyKcal,72.57877629062996
1439,heartRateBpm,169.8891756052132
1440,speedMps,2.59399368475182
1440,paceSecPerKm,385.50595010244785
1440,cadenceSpm,168.4725254243864
1440,distanceM,3635.7152971662854
1440,motionIntensityG,0.758
1440,activeEnergyKcal,72.63049713193016
1440,heartRateBpm,168.56238849582184
1441,speedMps,2.506378048852574
1441,paceSecPerKm,398.98210904687835
1441,cadenceSpm,168.15265849242599
1441,distanceM,3638.221675215138
1441,motionIntensityG,0.758
1441,activeEnergyKcal,72.68221797323035
1441,heartRateBpm,168.27500568041367
1442,speedMps,2.634882995018972
1442,paceSecPerKm,379.5234937909642
1442,cadenceSpm,169.2615547709519
1442,distanceM,3640.856558210157
1442,motionIntensityG,0.758
1442,activeEnergyKcal,72.73393881453055
1442,heartRateBpm,167.4402319471997
1443,speedMps,2.740944331395732
1443,paceSecPerKm,364.83776359324463
1443,cadenceSpm,171.01089143586827
1443,distanceM,3643.597502541553
1443,motionIntensityG,0.758
1443,activeEnergyKcal,72.78565965583074
1443,heartRateBpm,166.26910391240384
1444,speedMps,2.5457319814851194
1444,paceSecPerKm,392.81432895250185
1444,cadenceSpm,170.1820531382886
1444,distanceM,3646.143234523038
1444,motionIntensityG,0.758
1444,activeEnergyKcal,72.83738049713094
1444,heartRateBpm,166.0819035362653
1445,speedMps,2.6706210720721573
1445,paceSecPerKm,374.44473514323454
1445,cadenceSpm,171.22031108083686
1445,distanceM,3648.81385559511
1445,motionIntensityG,0.758
1445,activeEnergyKcal,72.88910133843113
1445,heartRateBpm,167.5871483702936
1446,speedMps,2.6810661911423472
1446,paceSecPerKm,372.9859424223766
1446,cadenceSpm,168.55686544695092
1446,distanceM,3651.4949217862522
1446,motionIntensityG,0.758
1446,activeEnergyKcal,72.94082217973133
1446,heartRateBpm,165.90951123531386
1447,speedMps,2.473221129108072
1447,paceSecPerKm,404.3310111783794
1447,cadenceSpm,168.26503324677373
1447,distanceM,3653.96814291536
1447,motionIntensityG,0.758
1447,activeEnergyKcal,72.99254302103152
1447,heartRateBpm,164.34727601799247
1448,speedMps,2.572612722653136
1448,paceSecPerKm,388.70988672119285
1448,cadenceSpm,171.5163788288158
1448,distanceM,3656.5407556380133
1448,motionIntensityG,0.758
1448,activeEnergyKcal,73.04426386233172
1448,heartRateBpm,165.66555073727073
1449,speedMps,2.63299648011107
1449,paceSecPerKm,379.7954184723468
1449,cadenceSpm,172.16727121337948
1449,distanceM,3659.1737521181244
1449,motionIntensityG,0.758
1449,activeEnergyKcal,73.09598470363191
1449,heartRateBpm,166.07712154004972
1450,speedMps,2.47796233016449
1450,paceSecPerKm,403.5573857709204
1450,cadenceSpm,171.20496067733814
1450,distanceM,3661.651714448289
1450,motionIntensityG,0.758
1450,activeEnergyKcal,73.14770554493211
1450,heartRateBpm,164.98445660559963
1451,speedMps,2.617235953981585
1451,paceSecPerKm,382.08247845545077
1451,cadenceSpm,171.53419346137477
1451,distanceM,3664.2689504022705
1451,motionIntensityG,0.758
1451,activeEnergyKcal,73.1994263862323
1451,heartRateBpm,164.23597649394532
1452,speedMps,2.5465019739439887
1452,paceSecPerKm,392.6955526569701
1452,cadenceSpm,172.40244513400344
1452,distanceM,3666.8154523762146
1452,motionIntensityG,0.758
1452,activeEnergyKcal,73.2511472275325
1452,heartRateBpm,164.35394459810067
1453,speedMps,2.5607501623631843
1453,paceSecPerKm,390.51056783968005
1453,cadenceSpm,170.1098845648012
1453,distanceM,3669.3762025385777
1453,motionIntensityG,0.758
1453,activeEnergyKcal,73.3028680688327
1453,heartRateBpm,161.86065975037536
1454,speedMps,2.5995894890273292
1454,paceSecPerKm,384.6761206801783
1454,cadenceSpm,172.87844251059576
1454,distanceM,3671.975792027605
1454,motionIntensityG,0.758
1454,activeEnergyKcal,73.35458891013289
1454,heartRateBpm,160.5187560206726
1455,speedMps,2.5356140280106714
1455,paceSecPerKm,394.38179034864976
1455,cadenceSpm,169.90326148622614
1455,distanceM,3674.5114060556157
1455,motionIntensityG,0.758
1455,activeEnergyKcal,73.40630975143308
1455,heartRateBpm,159.12008842613182
1456,speedMps,2.5382063852539245
1456,paceSecPerKm,393.97899469863603
1456,cadenceSpm,169.98947913179333
1456,distanceM,3677.0496124408696
1456,motionIntensityG,0.758
1456,activeEnergyKcal,73.45803059273328
1456,heartRateBpm,159.13656914486708
1457,speedMps,2.5827499442032793
1457,paceSecPerKm,387.18421124909855
1457,cadenceSpm,169.74147923574444
1457,distanceM,3679.632362385073
1457,motionIntensityG,0.758
1457,activeEnergyKcal,73.50975143403348
1457,heartRateBpm,158.6094360998883
1458,speedMps,2.551477701947492
1458,paceSecPerKm,391.92974300215127
1458,cadenceSpm,167.94912323008836
1458,distanceM,3682.1838400870206
1458,motionIntensityG,0.758
1458,activeEnergyKcal,73.56147227533367
1458,heartRateBpm,158.06965739873613
1459,speedMps,2.5047649667240437
1459,paceSecPerKm,399.23905567391006
1459,cadenceSpm,170.37705136338457
1459,distanceM,3684.6886050537446
1459,motionIntensityG,0.758
1459,activeEnergyKcal,73.61319311663387
1459,heartRateBpm,156.07157507883454
1460,speedMps,2.6824443826444377
1460,paceSecPerKm,372.79430897805554
1460,cadenceSpm,171.70654522661548
1460,distanceM,3687.371049436389
1460,motionIntensityG,0.758
1460,activeEnergyKcal,73.66491395793406
1460,heartRateBpm,156.32374953541526
1461,speedMps,2.494836584736888
1461,paceSecPerKm,400.8278562683746
1461,cadenceSpm,168.64817049770468
1461,distanceM,3689.865886021126
1461,motionIntensityG,0.758
1461,activeEnergyKcal,73.71663479923426
1461,heartRateBpm,156.36632930341824
1462,speedMps,2.4739744508899424
1462,paceSecPerKm,404.2078929474305
1462,cadenceSpm,170.91089716233208
1462,distanceM,3692.3398604720155
1462,motionIntensityG,0.758
1462,activeEnergyKcal,73.76835564053445
1462,heartRateBpm,156.14224008290253
1463,speedMps,2.6645734971821162
1463,paceSecPerKm,375.2945831884677
1463,cadenceSpm,169.3872101068736
1463,distanceM,3695.0044339691976
1463,motionIntensityG,0.758
1463,activeEnergyKcal,73.82007648183465
1463,heartRateBpm,157.65980776718186
1464,speedMps,2.6187990288711154
1464,paceSecPerKm,381.85442600804294
1464,cadenceSpm,169.66212017956911
1464,distanceM,3697.623232998069
1464,motionIntensityG,0.758
1464,activeEnergyKcal,73.87179732313484
1464,heartRateBpm,159.12745203207123
1465,speedMps,2.4618147414710543
1465,paceSecPerKm,406.2044081361099
1465,cadenceSpm,171.19695607113994
1465,distanceM,3700.08504773954
1465,motionIntensityG,0.758
1465,activeEnergyKcal,73.92351816443504
1465,heartRateBpm,159.9286597691088
1466,speedMps,2.557610449790074
1466,paceSecPerKm,390.98995708360474
1466,cadenceSpm,169.73631167207992
1466,distanceM,3702.64265818933
1466,motionIntensityG,0.758
1466,activeEnergyKcal,73.97523900573523
1466,heartRateBpm,160.5310212270828
1467,speedMps,2.5359594970252584
1467,paceSecPerKm,394.32806445569184
1467,cadenceSpm,169.54072141354885
1467,distanceM,3705.178617686355
1467,motionIntensityG,0.758
1467,activeEnergyKcal,74.02695984703543
1467,heartRateBpm,160.45618434092424
1468,speedMps,2.5212946124122646
1468,paceSecPerKm,396.6216383745982
1468,cadenceSpm,169.48468003339795
1468,distanceM,3707.6999122987677
1468,motionIntensityG,0.758
1468,activeEnergyKcal,74.07868068833562
1468,heartRateBpm,160.2504180077549
1469,speedMps,2.585863066323346
1469,paceSecPerKm,386.7180799414211
1469,cadenceSpm,171.65453561741273
1469,distanceM,3710.285775365091
1469,motionIntensityG,0.758
1469,activeEnergyKcal,74.13040152963582
1469,heartRateBpm,157.67731790941406
1470,speedMps,2.6247395962107536
1470,paceSecPerKm,380.99017572778104
1470,cadenceSpm,172.882710536512
1470,distanceM,3712.910514961302
1470,motionIntensityG,0.758
1470,activeEnergyKcal,74.18212237093601
1470,heartRateBpm,157.60117651713833
1471,speedMps,2.511388622139924
1471,paceSecPerKm,398.1860836607247
1471,cadenceSpm,168.5285160712743
1471,distanceM,3715.4219035834417
1471,motionIntensityG,0.758
1471,activeEnergyKcal,74.23384321223621
1471,heartRateBpm,156.49433727031828
1472,speedMps,2.649433760092372
1472,paceSecPerKm,377.43914003916643
1472,cadenceSpm,169.3298846277607
1472,distanceM,3718.071337343534
1472,motionIntensityG,0.758
1472,activeEnergyKcal,74.2855640535364
1472,heartRateBpm,156.40589651161216
1473,speedMps,2.5826607859889634
1473,paceSecPerKm,387.197577562272
1473,cadenceSpm,169.0482336445583
1473,distanceM,3720.653998129523
1473,motionIntensityG,0.758
1473,activeEnergyKcal,74.3372848948366
1473,heartRateBpm,157.47450309221142
1474,speedMps,2.504586257928796
1474,paceSecPerKm,399.2675424271331
1474,cadenceSpm,169.5849554934282
1474,distanceM,3723.158584387452
1474,motionIntensityG,0.758
1474,activeEnergyKcal,74.3890057361368
1474,heartRateBpm,156.12240284628353
1475,speedMps,2.5093327181330567
1475,paceSecPerKm,398.5123187426496
1475,cadenceSpm,168.49539320212136
1475,distanceM,3725.667917105585
1475,motionIntensityG,0.758
1475,activeEnergyKcal,74.44072657743699
1475,heartRateBpm,157.38227960505284
1476,speedMps,2.499898906930619
1476,paceSecPerKm,400.01617554519515
1476,cadenceSpm,172.75948969203293
1476,distanceM,3728.1678160125152
1476,motionIntensityG,0.758
1476,activeEnergyKcal,74.49244741873719
1476,heartRateBpm,155.32113770733272
1477,speedMps,2.578267067374179
1477,paceSecPerKm,387.85741502661483
1477,cadenceSpm,171.15372465117713
1477,distanceM,3730.7460830798896
1477,motionIntensityG,0.758
1477,activeEnergyKcal,74.54416826003738
1477,heartRateBpm,153.66159816060235
1478,speedMps,2.6565555227572992
1478,paceSecPerKm,376.4272914431983
1478,cadenceSpm,170.04093733457344
1478,distanceM,3733.4026386026467
1478,motionIntensityG,0.758
1478,activeEnergyKcal,74.59588910133758
1478,heartRateBpm,154.00520489576672
1479,speedMps,2.594050008539096
1479,paceSecPerKm,385.497579733698
1479,cadenceSpm,169.02721704472594
1479,distanceM,3735.9966886111856
1479,motionIntensityG,0.758
1479,activeEnergyKcal,74.64760994263777
1479,heartRateBpm,155.03782748886135
1480,speedMps,2.5362516657598793
1480,paceSecPerKm,394.2826390220991
1480,cadenceSpm,170.89642038151396
1480,distanceM,3738.5329402769453
1480,motionIntensityG,0.758
1480,activeEnergyKcal,74.69933078393797
1480,heartRateBpm,156.24909357983685
1481,speedMps,2.573464796232148
1481,paceSecPerKm,388.5811849705954
1481,cadenceSpm,169.2650300392744
1481,distanceM,3741.1064050731775
1481,motionIntensityG,0.758
1481,activeEnergyKcal,74.75105162523816
1481,heartRateBpm,155.7122698977572
1482,speedMps,2.443910423389391
1482,paceSecPerKm,409.18029991178156
1482,cadenceSpm,170.63229561725282
1482,distanceM,3743.550315496567
1482,motionIntensityG,0.758
1482,activeEnergyKcal,74.80277246653836
1482,heartRateBpm,154.7487921623179
1483,speedMps,2.4693854151896018
1483,paceSecPerKm,404.95906141213646
1483,cadenceSpm,169.6152604289737
1483,distanceM,3746.0197009117564
1483,motionIntensityG,0.758
1483,activeEnergyKcal,74.85449330783855
1483,heartRateBpm,156.05902823574672
1484,speedMps,2.5970951018075916
1484,paceSecPerKm,385.04558393106004
1484,cadenceSpm,169.41193468291758
1484,distanceM,3748.616796013564
1484,motionIntensityG,0.758
1484,activeEnergyKcal,74.90621414913875
1484,heartRateBpm,156.5596411073822
1485,speedMps,2.54970993500588
1485,paceSecPerKm,392.20147604660525
1485,cadenceSpm,170.20619888355128
1485,distanceM,3751.16650594857
1485,motionIntensityG,0.758
1485,activeEnergyKcal,74.95793499043894
1485,heartRateBpm,155.25603210810883
1486,speedMps,2.613279534201104
1486,paceSecPerKm,382.6609388366508
1486,cadenceSpm,168.11638809997666
1486,distanceM,3753.779785482771
1486,motionIntensityG,0.758
1486,activeEnergyKcal,75.00965583173914
1486,heartRateBpm,155.53409336448826
1487,speedMps,2.535883779995038
1487,paceSecPerKm,394.33983839825527
1487,cadenceSpm,170.32586554486355
1487,distanceM,3756.315669262766
1487,motionIntensityG,0.758
1487,activeEnergyKcal,75.06137667303933
1487,heartRateBpm,154.5623804802344
1488,speedMps,2.552109094401904
1488,paceSecPerKm,391.83277948169126
1488,cadenceSpm,170.3181998002949
1488,distanceM,3758.867778357168
1488,motionIntensityG,0.758
1488,activeEnergyKcal,75.11309751433953
1488,heartRateBpm,154.22525877183236
1489,speedMps,2.578371949473054
1489,paceSecPerKm,387.84163790037024
1489,cadenceSpm,171.10984430699355
1489,distanceM,3761.446150306641
1489,motionIntensityG,0.758
1489,activeEnergyKcal,75.16481835563972
1489,heartRateBpm,157.1033049533962
1490,speedMps,2.7153816496326693
1490,paceSecPerKm,368.27235690249205
1490,cadenceSpm,169.0957383570617
1490,distanceM,3764.1615319562734
1490,motionIntensityG,0.758
1490,activeEnergyKcal,75.21653919693992
1490,heartRateBpm,158.3636351735682
1491,speedMps,2.6811707149526716
1491,paceSecPerKm,372.9714017921653
1491,cadenceSpm,170.86442907405385
1491,distanceM,3766.842702671226
1491,motionIntensityG,0.758
1491,activeEnergyKcal,75.26826003824011
1491,heartRateBpm,159.59040705007635
1492,speedMps,2.5846663185440866
1492,paceSecPerKm,386.8971374855416
1492,cadenceSpm,169.08553711352232
1492,distanceM,3769.42736898977
1492,motionIntensityG,0.758
1492,activeEnergyKcal,75.31998087954031
1492,heartRateBpm,156.45593547635946
1493,speedMps,2.583586049431841
1493,paceSecPerKm,387.0589099286672
1493,cadenceSpm,168.5679900854236
1493,distanceM,3772.0109550392017
1493,motionIntensityG,0.758
1493,activeEnergyKcal,75.3717017208405
1493,heartRateBpm,155.39100399939028
1494,speedMps,2.6984253640522864
1494,paceSecPerKm,370.58649585856153
1494,cadenceSpm,168.3995263300665
1494,distanceM,3774.709380403254
1494,motionIntensityG,0.758
1494,activeEnergyKcal,75.4234225621407
1494,heartRateBpm,151.91846004847594
1495,speedMps,2.6566912383492345
1495,paceSecPerKm,376.40806186471315
1495,cadenceSpm,168.83575214724635
1495,distanceM,3777.366071641603
1495,motionIntensityG,0.758
1495,activeEnergyKcal,75.4751434034409
1495,heartRateBpm,153.57319496247493
1496,speedMps,2.52473388643334
1496,paceSecPerKm,396.0813475723129
1496,cadenceSpm,169.83512956007047
1496,distanceM,3779.8908055280363
1496,motionIntensityG,0.758
1496,activeEnergyKcal,75.52686424474109
1496,heartRateBpm,153.16628254495072
1497,speedMps,2.542136055073049
1497,paceSecPerKm,393.3699764040618
1497,cadenceSpm,170.3605817808732
1497,distanceM,3782.4329415831094
1497,motionIntensityG,0.758
1497,activeEnergyKcal,75.57858508604129
1497,heartRateBpm,153.48038191896367
1498,speedMps,2.5902146561894055
1498,paceSecPerKm,386.0683892010518
1498,cadenceSpm,169.06902426877213
1498,distanceM,3785.0231562392987
1498,motionIntensityG,0.758
1498,activeEnergyKcal,75.63030592734148
1498,heartRateBpm,151.84173730929652
1499,speedMps,2.497648573230697
1499,paceSecPerKm,400.3765824855434
1499,cadenceSpm,170.8066966681089
1499,distanceM,3787.5208048125296
1499,motionIntensityG,0.758
1499,activeEnergyKcal,75.68202676864168
1499,heartRateBpm,150.8962732939917
1500,speedMps,2.5160216655564804
1500,paceSecPerKm,397.4528572983593
1500,cadenceSpm,168.76517106900835
1500,distanceM,3790.036826478086
1500,motionIntensityG,0.758
1500,activeEnergyKcal,75.73374760994187
1500,heartRateBpm,152.4404949495741
1501,speedMps,2.599723679841276
1501,paceSecPerKm,384.656264723124
1501,cadenceSpm,170.93495663193733
1501,distanceM,3792.636550157927
1501,motionIntensityG,0.758
1501,activeEnergyKcal,75.78546845124207
1501,heartRateBpm,153.11138106172515
1502,speedMps,2.574733034721974
1502,paceSecPerKm,388.38978119841556
1502,cadenceSpm,169.3612509672168
1502,distanceM,3795.2112831926493
1502,motionIntensityG,0.758
1502,activeEnergyKcal,75.83718929254226
1502,heartRateBpm,154.09569526252986
1503,speedMps,2.609686262506424
1503,paceSecPerKm,383.1878239032338
1503,cadenceSpm,170.64585007192667
1503,distanceM,3797.8209694551556
1503,motionIntensityG,0.758
1503,activeEnergyKcal,75.88891013384246
1503,heartRateBpm,154.4929625107916
1504,speedMps,2.594104746193222
1504,paceSecPerKm,385.4894454310192
1504,cadenceSpm,171.04932430299382
1504,distanceM,3800.415074201349
1504,motionIntensityG,0.758
1504,activeEnergyKcal,75.94063097514265
1504,heartRateBpm,151.73389587013097
1505,speedMps,2.5887086804312425
1505,paceSecPerKm,386.29298366373695
1505,cadenceSpm,168.40051542709048
1505,distanceM,3803.0037828817804
1505,motionIntensityG,0.758
1505,activeEnergyKcal,75.99235181644285
1505,heartRateBpm,151.03897819135193
1506,speedMps,2.5388989217028266
1506,paceSecPerKm,393.8715288946222
1506,cadenceSpm,170.06910886417825
1506,distanceM,3805.542681803483
1506,motionIntensityG,0.758
1506,activeEnergyKcal,76.04407265774304
1506,heartRateBpm,150.32768606237144
1507,speedMps,2.523203773381492
1507,paceSecPerKm,396.3215379389838
1507,cadenceSpm,170.90828959199825
1507,distanceM,3808.0658855768643
1507,motionIntensityG,0.758
1507,activeEnergyKcal,76.09579349904324
1507,heartRateBpm,151.30942488984715
1508,speedMps,2.5732814138633198
1508,paceSecPerKm,388.60887682652617
1508,cadenceSpm,170.52157166801797
1508,distanceM,3810.6391669907275
1508,motionIntensityG,0.758
1508,activeEnergyKcal,76.14751434034343
1508,heartRateBpm,152.30652664115942
1509,speedMps,2.534664549954028
1509,paceSecPerKm,394.5295246339944
1509,cadenceSpm,170.58019400779745
1509,distanceM,3813.1738315406815
1509,motionIntensityG,0.758
1509,activeEnergyKcal,76.19923518164363
1509,heartRateBpm,152.0679829779744
1510,speedMps,2.692102654145637
1510,paceSecPerKm,371.4568604804407
1510,cadenceSpm,167.75579929023363
1510,distanceM,3815.8659341948273
1510,motionIntensityG,0.758
1510,activeEnergyKcal,76.25095602294383
1510,heartRateBpm,150.92649371834062
1511,speedMps,2.6552024186285976
1511,paceSecPerKm,376.6191206305455
1511,cadenceSpm,169.86025258399545
1511,distanceM,3818.521136613456
1511,motionIntensityG,0.758
1511,activeEnergyKcal,76.30267686424402
1511,heartRateBpm,150.5128979884389
1512,speedMps,2.570493455034177
1512,paceSecPerKm,389.03036226042605
1512,cadenceSpm,171.20101556483104
1512,distanceM,3821.09163006849
1512,motionIntensityG,0.758
1512,activeEnergyKcal,76.35439770554422
1512,heartRateBpm,152.32114779761093
1513,speedMps,2.498686761855094
1513,paceSecPerKm,400.2102285352376
1513,cadenceSpm,168.42481984249468
1513,distanceM,3823.590316830345
1513,motionIntensityG,0.758
1513,activeEnergyKcal,76.40611854684441
1513,heartRateBpm,151.79642635579611
1514,speedMps,2.571688770791971
1514,paceSecPerKm,388.8495417320823
1514,cadenceSpm,169.99959871688785
1514,distanceM,3826.1620056011366
1514,motionIntensityG,0.758
1514,activeEnergyKcal,76.4578393881446
1514,heartRateBpm,148.86006249858028
1515,speedMps,2.524323537846804
1515,paceSecPerKm,396.1457337013858
1515,cadenceSpm,169.54667550886631
1515,distanceM,3828.686329138983
1515,motionIntensityG,0.758
1515,activeEnergyKcal,76.5095602294448
1515,heartRateBpm,149.77334455728945
1516,speedMps,2.572208552576312
1516,paceSecPerKm,388.7709645465585
1516,cadenceSpm,169.61801086154352
1516,distanceM,3831.2585376915595
1516,motionIntensityG,0.758
1516,activeEnergyKcal,76.561281070745
1516,heartRateBpm,150.6112673691132
1517,speedMps,2.554044418620874
1517,paceSecPerKm,391.53586864396715
1517,cadenceSpm,167.7806372620694
1517,distanceM,3833.8125821101803
1517,motionIntensityG,0.758
1517,activeEnergyKcal,76.61300191204519
1517,heartRateBpm,150.33587520479838
1518,speedMps,2.642998135405452
1518,paceSecPerKm,378.3581935242621
1518,cadenceSpm,168.96811791406702
1518,distanceM,3836.4555802455857
1518,motionIntensityG,0.758
1518,activeEnergyKcal,76.66472275334539
1518,heartRateBpm,150.77448274673256
1519,speedMps,2.530393821904691
1519,paceSecPerKm,395.19540055123707
1519,cadenceSpm,169.5235584149382
1519,distanceM,3838.9859740674906
1519,motionIntensityG,0.758
1519,activeEnergyKcal,76.71644359464558
1519,heartRateBpm,149.50301827931017
1520,speedMps,2.5704875256717803
1520,paceSecPerKm,389.03125963961116
1520,cadenceSpm,171.13543019945826
1520,distanceM,3841.5564615931626
1520,motionIntensityG,0.758
1520,activeEnergyKcal,76.76816443594578
1520,heartRateBpm,150.72426720442346
1521,speedMps,2.503800672879108
1521,paceSecPerKm,399.392815423324
1521,cadenceSpm,172.70696386085655
1521,distanceM,3844.0602622660417
1521,motionIntensityG,0.758
1521,activeEnergyKcal,76.81988527724597
1521,heartRateBpm,150.4524549734526
1522,speedMps,2.505324287968636
1522,paceSecPerKm,399.1499243440532
1522,cadenceSpm,169.24227472572545
1522,distanceM,3846.56558655401
1522,motionIntensityG,0.758
1522,activeEnergyKcal,76.87160611854617
1522,heartRateBpm,149.12861011882146
1523,speedMps,2.5308035538474036
1523,paceSecPerKm,395.1314192204962
1523,cadenceSpm,167.50689610828977
1523,distanceM,3849.0963901078576
1523,motionIntensityG,0.758
1523,activeEnergyKcal,76.92332695984636
1523,heartRateBpm,150.43825395617375
1524,speedMps,2.4671162798133843
1524,paceSecPerKm,405.3315233587779
1524,cadenceSpm,171.4012810675266
1524,distanceM,3851.563506387671
1524,motionIntensityG,0.758
1524,activeEnergyKcal,76.97504780114656
1524,heartRateBpm,150.26223331638198
1525,speedMps,2.6575637116633053
1525,paceSecPerKm,376.2844877852896
1525,cadenceSpm,170.5437024142217
1525,distanceM,3854.2210700993346
1525,motionIntensityG,0.758
1525,activeEnergyKcal,77.02676864244675
1525,heartRateBpm,150.7220379968327
1526,speedMps,2.5971243415392786
1526,paceSecPerKm,385.0412488942729
1526,cadenceSpm,169.8457683285342
1526,distanceM,3856.818194440874
1526,motionIntensityG,0.758
1526,activeEnergyKcal,77.07848948374695
1526,heartRateBpm,150.35830938865163
1527,speedMps,2.465397534455099
1527,paceSecPerKm,405.6140991562318
1527,cadenceSpm,169.44742882231483
1527,distanceM,3859.283591975329
1527,motionIntensityG,0.758
1527,activeEnergyKcal,77.13021032504714
1527,heartRateBpm,149.99450158516757
1528,speedMps,2.642811283657187
1528,paceSecPerKm,378.3849441630109
1528,cadenceSpm,168.43070282272933
1528,distanceM,3861.926403258986
1528,motionIntensityG,0.758
1528,activeEnergyKcal,77.18193116634734
1528,heartRateBpm,150.07154106678573
1529,speedMps,2.6227205537352107
1529,paceSecPerKm,381.2834724522313
1529,cadenceSpm,170.86890813216422
1529,distanceM,3864.549123812721
1529,motionIntensityG,0.758
1529,activeEnergyKcal,77.23365200764754
1529,heartRateBpm,152.01852821107497
1530,speedMps,2.5250656682547863
1530,paceSecPerKm,396.0293043353426
1530,cadenceSpm,170.0401160324281
1530,distanceM,3867.0741894809757
1530,motionIntensityG,0.758
1530,activeEnergyKcal,77.28537284894773
1530,heartRateBpm,149.71826680752676
1531,speedMps,2.504935812761215
1531,paceSecPerKm,399.2118260697827
1531,cadenceSpm,171.87990834361216
1531,distanceM,3869.579125293737
1531,motionIntensityG,0.758
1531,activeEnergyKcal,77.33709369024793
1531,heartRateBpm,149.88683277826203
1532,speedMps,2.5630121858759565
1532,paceSecPerKm,390.1659170840936
1532,cadenceSpm,171.95522073682426
1532,distanceM,3872.1421374796128
1532,motionIntensityG,0.758
1532,activeEnergyKcal,77.38881453154812
1532,heartRateBpm,148.72767872312744
1533,speedMps,2.448117965755273
1533,paceSecPerKm,408.4770480786404
1533,cadenceSpm,169.74273951545445
1533,distanceM,3874.590255445368
1533,motionIntensityG,0.758
1533,activeEnergyKcal,77.44053537284832
1533,heartRateBpm,148.49545146371753
1534,speedMps,2.5895644695763065
1534,paceSecPerKm,386.1653230682516
1534,cadenceSpm,170.65251811026928
1534,distanceM,3877.179819914944
1534,motionIntensityG,0.758
1534,activeEnergyKcal,77.49225621414851
1534,heartRateBpm,149.83982885413556
1535,speedMps,2.5205624994659748
1535,paceSecPerKm,396.736839579208
1535,cadenceSpm,171.37863173910264
1535,distanceM,3879.70038241441
1535,motionIntensityG,0.758
1535,activeEnergyKcal,77.5439770554487
1535,heartRateBpm,150.47276697931156
1536,speedMps,2.581134891664804
1536,paceSecPerKm,387.4264778757886
1536,cadenceSpm,167.68563782793578
1536,distanceM,3882.281517306075
1536,motionIntensityG,0.758
1536,activeEnergyKcal,77.5956978967489
1536,heartRateBpm,150.28233728671682
1537,speedMps,2.5502487388735005
1537,paceSecPerKm,392.11861366970874
1537,cadenceSpm,169.25687378068557
1537,distanceM,3884.8317660449484
1537,motionIntensityG,0.758
1537,activeEnergyKcal,77.6474187380491
1537,heartRateBpm,151.6270725676997
1538,speedMps,2.568822947059743
1538,paceSecPerKm,389.2833490702787
1538,cadenceSpm,169.2660833730002
1538,distanceM,3887.400588992008
1538,motionIntensityG,0.758
1538,activeEnergyKcal,77.69913957934929
1538,heartRateBpm,151.19578790738032
1539,speedMps,2.5986497560340793
1539,paceSecPerKm,384.8152286309436
1539,cadenceSpm,169.9640711694351
1539,distanceM,3889.999238748042
1539,motionIntensityG,0.758
1539,activeEnergyKcal,77.75086042064949
1539,heartRateBpm,150.3713706022975
1540,speedMps,2.533607108938641
1540,paceSecPerKm,394.69418777361744
1540,cadenceSpm,169.85738112226167
1540,distanceM,3892.5328458569807
1540,motionIntensityG,0.758
1540,activeEnergyKcal,77.80258126194968
1540,heartRateBpm,150.05766743550737
1541,speedMps,2.5359181167428804
1541,paceSecPerKm,394.3344989720704
1541,cadenceSpm,168.19855261214974
1541,distanceM,3895.0687639737234
1541,motionIntensityG,0.758
1541,activeEnergyKcal,77.85430210324988
1541,heartRateBpm,148.77672280106916
1542,speedMps,2.5512202052902877
1542,paceSecPerKm,391.9693007786508
1542,cadenceSpm,169.43123038730212
1542,distanceM,3897.6199841790135
1542,motionIntensityG,0.758
1542,activeEnergyKcal,77.90602294455007
1542,heartRateBpm,150.38550358332645
1543,speedMps,2.5396701760541207
1543,paceSecPerKm,393.75191685469076
1543,cadenceSpm,169.71879940154008
1543,distanceM,3900.1596543550677
1543,motionIntensityG,0.758
1543,activeEnergyKcal,77.95774378585027
1543,heartRateBpm,147.74855874169046
1544,speedMps,2.4998473705252264
1544,paceSecPerKm,400.0244222069832
1544,cadenceSpm,168.13593094625378
1544,distanceM,3902.6595017255927
1544,motionIntensityG,0.758
1544,activeEnergyKcal,78.00946462715046
1544,heartRateBpm,145.1264665042106
1545,speedMps,2.5512258313922698
1545,paceSecPerKm,391.9684363866268
1545,cadenceSpm,168.95536941222997
1545,distanceM,3905.210727556985
1545,motionIntensityG,0.758
1545,activeEnergyKcal,78.06118546845066
1545,heartRateBpm,145.5569332759267
1546,speedMps,2.647106965935208
1546,paceSecPerKm,377.7709072087707
1546,cadenceSpm,171.89449953168224
1546,distanceM,3907.8578345229203
1546,motionIntensityG,0.758
1546,activeEnergyKcal,78.11290630975085
1546,heartRateBpm,146.14216096547705
1547,speedMps,2.519036576897343
1547,paceSecPerKm,396.9771654652526
1547,cadenceSpm,170.2590143902081
1547,distanceM,3910.3768710998174
1547,motionIntensityG,0.758
1547,activeEnergyKcal,78.16462715105105
1547,heartRateBpm,142.40304340941256
1548,speedMps,2.5806200641730386
1548,paceSecPerKm,387.5037685256666
1548,cadenceSpm,170.05775411959112
1548,distanceM,3912.9574911639907
1548,motionIntensityG,0.758
1548,activeEnergyKcal,78.21634799235125
1548,heartRateBpm,141.5436547134891
1549,speedMps,2.577256570955363
1549,paceSecPerKm,388.00948701405775
1549,cadenceSpm,170.47996547520307
1549,distanceM,3915.534747734946
1549,motionIntensityG,0.758
1549,activeEnergyKcal,78.26806883365144
1549,heartRateBpm,141.51576530449205
1550,speedMps,2.591477066472232
1550,paceSecPerKm,385.88032012233714
1550,cadenceSpm,171.06205170065863
1550,distanceM,3918.126224801418
1550,motionIntensityG,0.758
1550,activeEnergyKcal,78.31978967495164
1550,heartRateBpm,142.07943049188162
1551,speedMps,2.4616023857331446
1551,paceSecPerKm,406.23945028480614
1551,cadenceSpm,170.96936310951872
1551,distanceM,3920.587827187151
1551,motionIntensityG,0.758
1551,activeEnergyKcal,78.37151051625183
1551,heartRateBpm,143.04627258718625
1552,speedMps,2.546006539711967
1552,paceSecPerKm,392.77196833639374
1552,cadenceSpm,170.7129513192894
1552,distanceM,3923.133833726863
1552,motionIntensityG,0.758
1552,activeEnergyKcal,78.42323135755203
1552,heartRateBpm,143.26203345342014
1553,speedMps,2.5232653307099717
1553,paceSecPerKm,396.31186931840807
1553,cadenceSpm,170.3654399358304
1553,distanceM,3925.657099057573
1553,motionIntensityG,0.758
1553,activeEnergyKcal,78.47495219885222
1553,heartRateBpm,142.46416824449437
1554,speedMps,2.565688616987253
1554,paceSecPerKm,389.75891048472005
1554,cadenceSpm,168.94688762113995
1554,distanceM,3928.22278767456
1554,motionIntensityG,0.758
1554,activeEnergyKcal,78.52667304015242
1554,heartRateBpm,140.2948788394024
1555,speedMps,2.595292281550817
1555,paceSecPerKm,385.3130559161722
1555,cadenceSpm,168.4676683463078
1555,distanceM,3930.818079956111
1555,motionIntensityG,0.758
1555,activeEnergyKcal,78.57839388145261
1555,heartRateBpm,139.07524419441907
1556,speedMps,2.5953545636719784
1556,paceSecPerKm,385.3038093512636
1556,cadenceSpm,170.88436013655667
1556,distanceM,3933.413434519783
1556,motionIntensityG,0.758
1556,activeEnergyKcal,78.63011472275281
1556,heartRateBpm,139.60967349049946
1557,speedMps,2.6260479255467404
1557,paceSecPerKm,380.80036174198955
1557,cadenceSpm,172.51791947445028
1557,distanceM,3936.0394824453297
1557,motionIntensityG,0.758
1557,activeEnergyKcal,78.681835564053
1557,heartRateBpm,138.7379775555782
1558,speedMps,2.5052204616485194
1558,paceSecPerKm,399.166466707671
1558,cadenceSpm,172.03621457667273
1558,distanceM,3938.5447029069783
1558,motionIntensityG,0.758
1558,activeEnergyKcal,78.7335564053532
1558,heartRateBpm,137.25289417124685
1559,speedMps,2.6076883238243727
1559,paceSecPerKm,383.48141181743074
1559,cadenceSpm,170.76128473792295
1559,distanceM,3941.1523912308026
1559,motionIntensityG,0.758
1559,activeEnergyKcal,78.7852772466534
1559,heartRateBpm,138.16786339012208
1560,speedMps,2.554611995175757
1560,paceSecPerKm,391.448878298718
1560,cadenceSpm,167.71300341871972
1560,distanceM,3943.7070032259785
1560,motionIntensityG,0.758
1560,activeEnergyKcal,78.83699808795359
1560,heartRateBpm,136.05016294513763
1561,speedMps,2.639744993886583
1561,paceSecPerKm,378.8244706651256
1561,cadenceSpm,168.98526356341654
1561,distanceM,3946.3467482198653
1561,motionIntensityG,0.758
1561,activeEnergyKcal,78.88871892925378
1561,heartRateBpm,137.34038564054325
1562,speedMps,2.508612116603835
1562,paceSecPerKm,398.626791834922
1562,cadenceSpm,169.4979551355928
1562,distanceM,3948.855360336469
1562,motionIntensityG,0.758
1562,activeEnergyKcal,78.94043977055398
1562,heartRateBpm,135.88073545013182
1563,speedMps,2.5377911006308786
1563,paceSecPerKm,394.04346549698533
1563,cadenceSpm,169.73601661617016
1563,distanceM,3951.3931514370997
1563,motionIntensityG,0.758
1563,activeEnergyKcal,78.99216061185417
1563,heartRateBpm,134.25719696608877
1564,speedMps,2.6086953131711885
1564,paceSecPerKm,383.33338314790683
1564,cadenceSpm,168.14025106166568
1564,distanceM,3954.001846750271
1564,motionIntensityG,0.758
1564,activeEnergyKcal,79.04388145315437
1564,heartRateBpm,135.99660607650992
1565,speedMps,2.659737045771002
1565,paceSecPerKm,375.97701682202234
1565,cadenceSpm,171.27568725576495
1565,distanceM,3956.661583796042
1565,motionIntensityG,0.758
1565,activeEnergyKcal,79.09560229445457
1565,heartRateBpm,135.85987751877056
1566,speedMps,2.5743439647326016
1566,paceSecPerKm,388.4484799621058
1566,cadenceSpm,168.5181002432436
1566,distanceM,3959.2359277607748
1566,motionIntensityG,0.758
1566,activeEnergyKcal,79.14732313575476
1566,heartRateBpm,136.0043072515931
1567,speedMps,2.5390632107169644
1567,paceSecPerKm,393.84604360347
1567,cadenceSpm,170.71387436972364
1567,distanceM,3961.7749909714917
1567,motionIntensityG,0.758
1567,activeEnergyKcal,79.19904397705496
1567,heartRateBpm,137.93050719984228
1568,speedMps,2.488083329107347
1568,paceSecPerKm,401.9157993228351
1568,cadenceSpm,170.62207348201096
1568,distanceM,3964.263074300599
1568,motionIntensityG,0.758
1568,activeEnergyKcal,79.25076481835515
1568,heartRateBpm,138.24997688035737
1569,speedMps,2.3948152601022503
1569,paceSecPerKm,417.56874388603296
1569,cadenceSpm,169.62632037673737
1569,distanceM,3966.6578895607013
1569,motionIntensityG,0.758
1569,activeEnergyKcal,79.30248565965535
1569,heartRateBpm,138.43092363850573
1570,speedMps,2.651354713105711
1570,paceSecPerKm,377.1656787592304
1570,cadenceSpm,169.94299141060029
1570,distanceM,3969.309244273807
1570,motionIntensityG,0.758
1570,activeEnergyKcal,79.35420650095554
1570,heartRateBpm,137.45909085403733
1571,speedMps,2.5042758349580625
1571,paceSecPerKm,399.3170345058041
1571,cadenceSpm,170.38527583746313
1571,distanceM,3971.8135201087653
1571,motionIntensityG,0.758
1571,activeEnergyKcal,79.40592734225574
1571,heartRateBpm,136.37852629701914
1572,speedMps,2.6585117441545845
1572,paceSecPerKm,376.1503037173918
1572,cadenceSpm,169.57752799194387
1572,distanceM,3974.47203185292
1572,motionIntensityG,0.758
1572,activeEnergyKcal,79.45764818355593
1572,heartRateBpm,136.24524515634036
1573,speedMps,2.4909566689289044
1573,paceSecPerKm,401.4521860109247
1573,cadenceSpm,168.54637991378522
1573,distanceM,3976.9629885218487
1573,motionIntensityG,0.758
1573,activeEnergyKcal,79.50936902485613
1573,heartRateBpm,138.47024524713518
1574,speedMps,2.5877525420395124
1574,paceSecPerKm,386.4357135214558
1574,cadenceSpm,167.57523066428436
1574,distanceM,3979.5507410638884
1574,motionIntensityG,0.758
1574,activeEnergyKcal,79.56108986615632
1574,heartRateBpm,138.20052200527527
1575,speedMps,2.547872143822668
1575,paceSecPerKm,392.4843726654441
1575,cadenceSpm,169.56082985077467
1575,distanceM,3982.098613207711
1575,motionIntensityG,0.758
1575,activeEnergyKcal,79.61281070745652
1575,heartRateBpm,138.06502423034203
1576,speedMps,2.549319858132816
1576,paceSecPerKm,392.26148763161655
1576,cadenceSpm,169.05596875401105
1576,distanceM,3984.647933065844
1576,motionIntensityG,0.758
1576,activeEnergyKcal,79.66453154875671
1576,heartRateBpm,139.26374587810005
1577,speedMps,2.561554064053762
1577,paceSecPerKm,390.388012508883
1577,cadenceSpm,169.11988874719862
1577,distanceM,3987.2094871298978
1577,motionIntensityG,0.758
1577,activeEnergyKcal,79.71625239005691
1577,heartRateBpm,138.92156883547898
1578,speedMps,2.4934831612248676
1578,paceSecPerKm,401.04541933572654
1578,cadenceSpm,170.67786225576685
1578,distanceM,3989.7029702911227
1578,motionIntensityG,0.758
1578,activeEnergyKcal,79.7679732313571
1578,heartRateBpm,138.0860966092685
1579,speedMps,2.512517020877879
1579,paceSecPerKm,398.0072539570688
1579,cadenceSpm,167.85397680697457
1579,distanceM,3992.2154873120007
1579,motionIntensityG,0.758
1579,activeEnergyKcal,79.8196940726573
1579,heartRateBpm,137.1790697317082
1580,speedMps,2.5943161924122116
1580,paceSecPerKm,385.4580266371439
1580,cadenceSpm,169.798710136409
1580,distanceM,3994.809803504413
1580,motionIntensityG,0.758
1580,activeEnergyKcal,79.8714149139575
1580,heartRateBpm,137.24790128277803
1581,speedMps,2.5516762330766456
1581,paceSecPerKm,391.8992492218595
1581,cadenceSpm,171.7702571719152
1581,distanceM,3997.36147973749
1581,motionIntensityG,0.758
1581,activeEnergyKcal,79.92313575525769
1581,heartRateBpm,137.01466733174018
1582,speedMps,2.5665590636158155
1582,paceSecPerKm,389.62672403540233
1582,cadenceSpm,172.3304631255418
1582,distanceM,3999.9280388011057
1582,motionIntensityG,0.758
1582,activeEnergyKcal,79.97485659655788
1582,heartRateBpm,138.2585843986029
1583,speedMps,2.6543000496670244
1583,paceSecPerKm,376.7471579279244
1583,cadenceSpm,168.41916799966398
1583,distanceM,4002.582338850773
1583,motionIntensityG,0.758
1583,activeEnergyKcal,80.02657743785808
1583,heartRateBpm,139.36373031168148
1584,speedMps,2.714153823778418
1584,paceSecPerKm,368.43895553711974
1584,cadenceSpm,169.78394154388053
1584,distanceM,4005.2964926745512
1584,motionIntensityG,0.758
1584,activeEnergyKcal,80.07829827915828
1584,heartRateBpm,137.8864424880171
1585,speedMps,2.4544858702011814
1585,paceSecPerKm,407.41729750435894
1585,cadenceSpm,170.01596184188367
1585,distanceM,4007.7509785447523
1585,motionIntensityG,0.758
1585,activeEnergyKcal,80.13001912045847
1585,heartRateBpm,138.43106325847424
1586,speedMps,2.4666398042146387
1586,paceSecPerKm,405.4098203926427
1586,cadenceSpm,171.69457473131573
1586,distanceM,4010.217618348967
1586,motionIntensityG,0.758
1586,activeEnergyKcal,80.18173996175867
1586,heartRateBpm,138.86514094405015
1587,speedMps,2.55392020111179
1587,paceSecPerKm,391.5549121560937
1587,cadenceSpm,167.56817545821085
1587,distanceM,4012.7715385500787
1587,motionIntensityG,0.758
1587,activeEnergyKcal,80.23346080305886
1587,heartRateBpm,137.77142351241312
1588,speedMps,2.49328872847461
1588,paceSecPerKm,401.0766938379408
1588,cadenceSpm,167.37902670737273
1588,distanceM,4015.264827278553
1588,motionIntensityG,0.758
1588,activeEnergyKcal,80.28518164435906
1588,heartRateBpm,139.48113016342808
1589,speedMps,2.4213139293249553
1589,paceSecPerKm,412.99890439187817
1589,cadenceSpm,169.58940149611084
1589,distanceM,4017.6861412078783
1589,motionIntensityG,0.758
1589,activeEnergyKcal,80.33690248565925
1589,heartRateBpm,139.98312238937507
1590,speedMps,2.5984971226591664
1590,paceSecPerKm,384.8378323300401
1590,cadenceSpm,168.92965030008756
1590,distanceM,4020.2846383305373
1590,motionIntensityG,0.758
1590,activeEnergyKcal,80.38862332695945
1590,heartRateBpm,140.37521688651182
1591,speedMps,2.539321489848315
1591,paceSecPerKm,393.8059847868001
1591,cadenceSpm,170.14092139264162
1591,distanceM,4022.8239598203854
1591,motionIntensityG,0.758
1591,activeEnergyKcal,80.44034416825964
1591,heartRateBpm,140.87828229460757
1592,speedMps,2.5910455543946544
1592,paceSecPerKm,385.9445845341881
1592,cadenceSpm,169.125620115238
1592,distanceM,4025.41500537478
1592,motionIntensityG,0.758
1592,activeEnergyKcal,80.49206500955984
1592,heartRateBpm,139.99432457055184
1593,speedMps,2.6079299662592876
1593,paceSecPerKm,383.445879658479
1593,cadenceSpm,171.3542582897663
1593,distanceM,4028.022935341039
1593,motionIntensityG,0.758
1593,activeEnergyKcal,80.54378585086003
1593,heartRateBpm,138.9186501567444
1594,speedMps,2.6925598525099512
1594,paceSecPerKm,371.3937868708173
1594,cadenceSpm,170.84498218703519
1594,distanceM,4030.715495193549
1594,motionIntensityG,0.758
1594,activeEnergyKcal,80.59550669216023
1594,heartRateBpm,139.29209571851396
1595,speedMps,2.4879902486757426
1595,paceSecPerKm,401.93083575478636
1595,cadenceSpm,168.20088208393395
1595,distanceM,4033.203485442225
1595,motionIntensityG,0.758
1595,activeEnergyKcal,80.64722753346042
1595,heartRateBpm,139.89276890267908
1596,speedMps,2.4187512270608407
1596,paceSecPerKm,413.43648276518115
1596,cadenceSpm,170.52500821540397
1596,distanceM,4035.622236669286
1596,motionIntensityG,0.758
1596,activeEnergyKcal,80.69894837476062
1596,heartRateBpm,139.88132646253118
1597,speedMps,2.5553991200159367
1597,paceSecPerKm,391.328302560331
1597,cadenceSpm,169.46733361588127
1597,distanceM,4038.177635789302
1597,motionIntensityG,0.758
1597,activeEnergyKcal,80.75066921606081
1597,heartRateBpm,139.59091907506556
1598,speedMps,2.5134811814441878
1598,paceSecPerKm,397.8545800869785
1598,cadenceSpm,168.7081548941979
1598,distanceM,4040.691116970746
1598,motionIntensityG,0.758
1598,activeEnergyKcal,80.80239005736101
1598,heartRateBpm,139.2766780545652
1599,speedMps,2.541698723460352
1599,paceSecPerKm,393.43766071478655
1599,cadenceSpm,170.19540301925534
1599,distanceM,4043.2328156942062
1599,motionIntensityG,0.758
1599,activeEnergyKcal,80.8541108986612
1599,heartRateBpm,128.28970749071433
1600,speedMps,2.584565510979637
1600,paceSecPerKm,386.9122278974335
1600,cadenceSpm,170.7874926790445
1600,distanceM,4045.817381205186
1600,motionIntensityG,0.758
1600,activeEnergyKcal,80.9058317399614
1600,heartRateBpm,117.15298808557847
1601,speedMps,2.5949321207933256
1601,paceSecPerKm,385.36653501914293
1601,cadenceSpm,173.1738696781109
1601,distanceM,4048.412313325979
1601,motionIntensityG,0.758
1601,activeEnergyKcal,80.9575525812616
1601,heartRateBpm,104.43594987702835
1602,speedMps,2.547047381661795
1602,paceSecPerKm,392.6114634536403
1602,cadenceSpm,169.74241745288592
1602,distanceM,4050.959360707641
1602,motionIntensityG,0.758
1602,activeEnergyKcal,81.00927342256179
1602,heartRateBpm,104.04982229677626
1603,speedMps,2.570568383741985
1603,paceSecPerKm,389.01902253395673
1603,cadenceSpm,173.21946383500185
1603,distanceM,4053.5299290913827
1603,motionIntensityG,0.758
1603,activeEnergyKcal,81.06099426386199
1603,heartRateBpm,107.53898565522445
1604,speedMps,2.5711296449943717
1604,paceSecPerKm,388.9341021550039
1604,cadenceSpm,170.8882322070173
1604,distanceM,4056.101058736377
1604,motionIntensityG,0.758
1604,activeEnergyKcal,81.11271510516218
1604,heartRateBpm,107.63391663032834
1605,speedMps,2.6205069249665747
1605,paceSecPerKm,381.60555519720873
1605,cadenceSpm,169.28651090195189
1605,distanceM,4058.721565661344
1605,motionIntensityG,0.758
1605,activeEnergyKcal,81.16443594646238
1605,heartRateBpm,107.11939066229323
1606,speedMps,2.6644651827536725
1606,paceSecPerKm,375.3098394652392
1606,cadenceSpm,169.6559871420173
1606,distanceM,4061.3860308440976
1606,motionIntensityG,0.758
1606,activeEnergyKcal,81.21615678776257
1606,heartRateBpm,109.30380449340717
1607,speedMps,2.506673888479655
1607,paceSecPerKm,398.9350208640498
1607,cadenceSpm,168.46062312469041
1607,distanceM,4063.8927047325774
1607,motionIntensityG,0.758
1607,activeEnergyKcal,81.26787762906277
1607,heartRateBpm,110.86351548980653
1608,speedMps,2.459558358195905
1608,paceSecPerKm,406.57705748990793
1608,cadenceSpm,169.088616425879
1608,distanceM,4066.3522630907732
1608,motionIntensityG,0.758
1608,activeEnergyKcal,81.31959847036296
1608,heartRateBpm,112.43877800652547
1609,speedMps,2.5487418635157377
1609,paceSecPerKm,392.35044329699156
1609,cadenceSpm,170.03876919367912
1609,distanceM,4068.901004954289
1609,motionIntensityG,0.758
1609,activeEnergyKcal,81.37131931166316
1609,heartRateBpm,112.79965140269043
1610,speedMps,2.468697774314604
1610,paceSecPerKm,405.07186031616794
1610,cadenceSpm,171.60633466935508
1610,distanceM,4071.3697027286034
1610,motionIntensityG,0.758
1610,activeEnergyKcal,81.42304015296335
1610,heartRateBpm,113.12260732538135
1611,speedMps,2.559683151446847
1611,paceSecPerKm,390.6733532370033
1611,cadenceSpm,170.18498617616922
1611,distanceM,4073.92938588005
1611,motionIntensityG,0.758
1611,activeEnergyKcal,81.47476099426355
1611,heartRateBpm,113.14261579618496
1612,speedMps,2.684985811361618
1612,paceSecPerKm,372.44144671769305
1612,cadenceSpm,169.26257613227264
1612,distanceM,4076.6143716914116
1612,motionIntensityG,0.758
1612,activeEnergyKcal,81.52648183556374
1612,heartRateBpm,110.90501531646782
1613,speedMps,2.59337322913432
1613,paceSecPerKm,385.598181073923
1613,cadenceSpm,170.06155090346942
1613,distanceM,4079.207744920546
1613,motionIntensityG,0.758
1613,activeEnergyKcal,81.57820267686394
1613,heartRateBpm,112.26296878092364
1614,speedMps,2.612189056363071
1614,paceSecPerKm,382.82068350454375
1614,cadenceSpm,168.14367701569037
1614,distanceM,4081.819933976909
1614,motionIntensityG,0.758
1614,activeEnergyKcal,81.62992351816413
1614,heartRateBpm,111.59421465012889
1615,speedMps,2.6344486782799006
1615,paceSecPerKm,379.5860622545609
1615,cadenceSpm,170.28278401119744
1615,distanceM,4084.454382655189
1615,motionIntensityG,0.758
1615,activeEnergyKcal,81.68164435946433
1615,heartRateBpm,114.23474857954523
1616,speedMps,2.6248520952526353
1616,paceSecPerKm,380.9738467964049
1616,cadenceSpm,168.6672983714868
1616,distanceM,4087.0792347504416
1616,motionIntensityG,0.758
1616,activeEnergyKcal,81.73336520076452
1616,heartRateBpm,114.46891585989695
1617,speedMps,2.5515551572677744
1617,paceSecPerKm,391.91784553495916
1617,cadenceSpm,170.99452854416037
1617,distanceM,4089.630789907709
1617,motionIntensityG,0.758
1617,activeEnergyKcal,81.78508604206472
1617,heartRateBpm,114.40897166077664
1618,speedMps,2.5583514137756915
1618,paceSecPerKm,390.8767163945512
1618,cadenceSpm,171.2336640847734
1618,distanceM,4092.189141321485
1618,motionIntensityG,0.758
1618,activeEnergyKcal,81.83680688336491
1618,heartRateBpm,115.42815060987347
1619,speedMps,2.696427014812859
1619,paceSecPerKm,370.8611412459845
1619,cadenceSpm,169.2434184985865
1619,distanceM,4094.8855683362976
1619,motionIntensityG,0.758
1619,activeEnergyKcal,81.88852772466511
1619,heartRateBpm,116.871417906275
1620,speedMps,2.4929649676209236
1620,paceSecPerKm,401.12878158665666
1620,cadenceSpm,170.35393760615136
1620,distanceM,4097.378533303919
1620,motionIntensityG,0.758
1620,activeEnergyKcal,81.9402485659653
1620,heartRateBpm,118.59354288426435
1621,speedMps,2.569627679380513
1621,paceSecPerKm,389.16143689776897
1621,cadenceSpm,167.53601994756986
1621,distanceM,4099.948160983299
1621,motionIntensityG,0.758
1621,activeEnergyKcal,81.9919694072655
1621,heartRateBpm,119.77933848935541
1622,speedMps,2.541381538022877
1622,paceSecPerKm,393.4867649892396
1622,cadenceSpm,171.24172088809692
1622,distanceM,4102.489542521322
1622,motionIntensityG,0.758
1622,activeEnergyKcal,82.0436902485657
1622,heartRateBpm,119.91628087208238
1623,speedMps,2.5872748445817524
1623,paceSecPerKm,386.5070624770271
1623,cadenceSpm,168.85463941824992
1623,distanceM,4105.0768173659035
1623,motionIntensityG,0.758
1623,activeEnergyKcal,82.09541108986589
1623,heartRateBpm,120.79500668096723
1624,speedMps,2.6881036504756275
1624,paceSecPerKm,372.0094646733812
1624,cadenceSpm,169.1908765100499
1624,distanceM,4107.764921016379
1624,motionIntensityG,0.758
1624,activeEnergyKcal,82.14713193116609
1624,heartRateBpm,120.30859911925552
1625,speedMps,2.5712892810269703
1625,paceSecPerKm,388.90995555373723
1625,cadenceSpm,170.52903881571496
1625,distanceM,4110.336210297406
1625,motionIntensityG,0.758
1625,activeEnergyKcal,82.19885277246628
1625,heartRateBpm,120.1218515765433
1626,speedMps,2.540343851226904
1626,paceSecPerKm,393.64749756889495
1626,cadenceSpm,170.1920897326723
1626,distanceM,4112.876554148633
1626,motionIntensityG,0.758
1626,activeEnergyKcal,82.25057361376648
1626,heartRateBpm,119.57593029546665
1627,speedMps,2.648804768671925
1627,paceSecPerKm,377.52876762653466
1627,cadenceSpm,170.94954583517395
1627,distanceM,4115.525358917304
1627,motionIntensityG,0.758
1627,activeEnergyKcal,82.30229445506667
1627,heartRateBpm,119.07303642643717
1628,speedMps,2.548167895097068
1628,paceSecPerKm,392.4388192489596
1628,cadenceSpm,170.51274964412593
1628,distanceM,4118.073526812402
1628,motionIntensityG,0.758
1628,activeEnergyKcal,82.35401529636687
1628,heartRateBpm,118.82287997536457
1629,speedMps,2.3895244636146256
1629,paceSecPerKm,418.4933091194653
1629,cadenceSpm,169.27944624941978
1629,distanceM,4120.463051276016
1629,motionIntensityG,0.758
1629,activeEnergyKcal,82.40573613766706
1629,heartRateBpm,119.9721405741727
1630,speedMps,2.5143261957338083
1630,paceSecPerKm,397.7208691922128
1630,cadenceSpm,170.4776406283961
1630,distanceM,4122.97737747175
1630,motionIntensityG,0.758
1630,activeEnergyKcal,82.45745697896726
1630,heartRateBpm,121.513397849069
1631,speedMps,2.5368949034238124
1631,paceSecPerKm,394.1826674216549
1631,cadenceSpm,170.03646205786512
1631,distanceM,4125.514272375173
1631,motionIntensityG,0.758
1631,activeEnergyKcal,82.50917782026745
1631,heartRateBpm,121.30964081509079
1632,speedMps,2.4976145167818924
1632,paceSecPerKm,400.3820418566723
1632,cadenceSpm,170.4225102248964
1632,distanceM,4128.011886891955
1632,motionIntensityG,0.758
1632,activeEnergyKcal,82.56089866156765
1632,heartRateBpm,122.39951400802468
1633,speedMps,2.6011735692497764
1633,paceSecPerKm,384.44185802196097
1633,cadenceSpm,170.39576056186598
1633,distanceM,4130.613060461205
1633,motionIntensityG,0.758
1633,activeEnergyKcal,82.61261950286784
1633,heartRateBpm,121.69647503276519
1634,speedMps,2.7433490138256484
1634,paceSecPerKm,364.5179650712697
1634,cadenceSpm,168.52052950459034
1634,distanceM,4133.356409475031
1634,motionIntensityG,0.758
1634,activeEnergyKcal,82.66434034416804
1634,heartRateBpm,125.11156603411247
1635,speedMps,2.6400285489861752
1635,paceSecPerKm,378.78378261629797
1635,cadenceSpm,171.56760718282692
1635,distanceM,4135.996438024017
1635,motionIntensityG,0.758
1635,activeEnergyKcal,82.71606118546823
1635,heartRateBpm,125.5446658528708
1636,speedMps,2.597813395033122
1636,paceSecPerKm,384.9391191499534
1636,cadenceSpm,170.2148108309905
1636,distanceM,4138.59425141905
1636,motionIntensityG,0.758
1636,activeEnergyKcal,82.76778202676843
1636,heartRateBpm,127.86656807094155
1637,speedMps,2.6496046428909628
1637,paceSecPerKm,377.4147975936923
1637,cadenceSpm,169.33352941962562
1637,distanceM,4141.243856061941
1637,motionIntensityG,0.758
1637,activeEnergyKcal,82.81950286806862
1637,heartRateBpm,131.36151434286575
1638,speedMps,2.6712896195848725
1638,paceSecPerKm,374.35102231835253
1638,cadenceSpm,171.18885207321784
1638,distanceM,4143.915145681526
1638,motionIntensityG,0.758
1638,activeEnergyKcal,82.87122370936882
1638,heartRateBpm,131.27551006429346
1639,speedMps,2.582798969576163
1639,paceSecPerKm,387.176861915854
1639,cadenceSpm,169.10772979637943
1639,distanceM,4146.497944651102
1639,motionIntensityG,0.758
1639,activeEnergyKcal,82.92294455066902
1639,heartRateBpm,131.41315685903567
1640,speedMps,2.3957366659284327
1640,paceSecPerKm,417.40814598772465
1640,cadenceSpm,169.8648925917146
1640,distanceM,4148.893681317031
1640,motionIntensityG,0.758
1640,activeEnergyKcal,82.97466539196921
1640,heartRateBpm,132.32903707952963
1641,speedMps,2.6308522550271034
1641,paceSecPerKm,380.1049633589925
1641,cadenceSpm,168.57673135172618
1641,distanceM,4151.524533572058
1641,motionIntensityG,0.758
1641,activeEnergyKcal,83.0263862332694
1641,heartRateBpm,132.33934765140472
1642,speedMps,2.5216704196779447
1642,paceSecPerKm,396.56252942353785
1642,cadenceSpm,167.44798502081403
1642,distanceM,4154.046203991737
1642,motionIntensityG,0.758
1642,activeEnergyKcal,83.0781070745696
1642,heartRateBpm,133.25967245654056
1643,speedMps,2.5717722105463094
1643,paceSecPerKm,388.8369257196285
1643,cadenceSpm,169.74008189060115
1643,distanceM,4156.617976202283
1643,motionIntensityG,0.758
1643,activeEnergyKcal,83.1298279158698
1643,heartRateBpm,132.09826855699032
1644,speedMps,2.5250523486331122
1644,paceSecPerKm,396.03139338530167
1644,cadenceSpm,169.03166047601582
1644,distanceM,4159.143028550916
1644,motionIntensityG,0.758
1644,activeEnergyKcal,83.18154875716999
1644,heartRateBpm,132.81688520333134
1645,speedMps,2.491665235718213
1645,paceSecPerKm,401.3380231280362
1645,cadenceSpm,170.49387853996734
1645,distanceM,4161.634693786634
1645,motionIntensityG,0.758
1645,activeEnergyKcal,83.23326959847019
1645,heartRateBpm,132.85440496045155
1646,speedMps,2.543088821182015
1646,paceSecPerKm,393.2226006700014
1646,cadenceSpm,169.72626570068584
1646,distanceM,4164.177782607816
1646,motionIntensityG,0.758
1646,activeEnergyKcal,83.28499043977038
1646,heartRateBpm,133.35194639618052
1647,speedMps,2.5685794297171483
1647,paceSecPerKm,389.3202555585832
1647,cadenceSpm,168.32812464169876
1647,distanceM,4166.746362037533
1647,motionIntensityG,0.758
1647,activeEnergyKcal,83.33671128107058
1647,heartRateBpm,135.08200180319523
1648,speedMps,2.471135959339951
1648,paceSecPerKm,404.67218981634
1648,cadenceSpm,169.12176890214698
1648,distanceM,4169.217497996873
1648,motionIntensityG,0.758
1648,activeEnergyKcal,83.38843212237077
1648,heartRateBpm,134.83977954780303
1649,speedMps,2.618487821550136
1649,paceSecPerKm,381.8998094129013
1649,cadenceSpm,169.9704619047226
1649,distanceM,4171.835985818423
1649,motionIntensityG,0.758
1649,activeEnergyKcal,83.44015296367097
1649,heartRateBpm,136.69609564783633
1650,speedMps,2.57018625654057
1650,paceSecPerKm,389.07686065755564
1650,cadenceSpm,168.11421112841253
1650,distanceM,4174.406172074963
1650,motionIntensityG,0.758
1650,activeEnergyKcal,83.49187380497116
1650,heartRateBpm,136.27267614432918
1651,speedMps,2.5048644494102033
1651,paceSecPerKm,399.22319957691144
1651,cadenceSpm,169.05015316629235
1651,distanceM,4176.911036524373
1651,motionIntensityG,0.758
1651,activeEnergyKcal,83.54359464627136
1651,heartRateBpm,136.05645993462565
1652,speedMps,2.588652054186059
1652,paceSecPerKm,386.3014337453809
1652,cadenceSpm,172.56220357129354
1652,distanceM,4179.4996885785595
1652,motionIntensityG,0.758
1652,activeEnergyKcal,83.59531548757155
1652,heartRateBpm,136.19897728571536
1653,speedMps,2.545969942048713
1653,paceSecPerKm,392.77761433244234
1653,cadenceSpm,170.70823645710666
1653,distanceM,4182.045658520608
1653,motionIntensityG,0.758
1653,activeEnergyKcal,83.64703632887175
1653,heartRateBpm,137.9127713128974
1654,speedMps,2.5722895507926395
1654,paceSecPerKm,388.75872262975
1654,cadenceSpm,172.0394979018612
1654,distanceM,4184.617948071401
1654,motionIntensityG,0.758
1654,activeEnergyKcal,83.69875717017194
1654,heartRateBpm,139.5059251335988
1655,speedMps,2.5610067705790387
1655,paceSecPerKm,390.47143939174435
1655,cadenceSpm,168.83219369266735
1655,distanceM,4187.17895484198
1655,motionIntensityG,0.758
1655,activeEnergyKcal,83.75047801147214
1655,heartRateBpm,140.05187233534724
1656,speedMps,2.409854146713767
1656,paceSecPerKm,414.9628729040156
1656,cadenceSpm,169.49672952008402
1656,distanceM,4189.588808988694
1656,motionIntensityG,0.758
1656,activeEnergyKcal,83.80219885277234
1656,heartRateBpm,139.8218417814892
1657,speedMps,2.542460048192431
1657,paceSecPerKm,393.3198481175556
1657,cadenceSpm,168.49405177129663
1657,distanceM,4192.131269036887
1657,motionIntensityG,0.758
1657,activeEnergyKcal,83.85391969407253
1657,heartRateBpm,139.77008476201547
1658,speedMps,2.5194303108206064
1658,paceSecPerKm,396.9151262907085
1658,cadenceSpm,170.97181115645057
1658,distanceM,4194.650699347708
1658,motionIntensityG,0.758
1658,activeEnergyKcal,83.90564053537273
1658,heartRateBpm,139.38899896623892
1659,speedMps,2.616384306912339
1659,paceSecPerKm,382.2068483433633
1659,cadenceSpm,169.65519135854868
1659,distanceM,4197.26708365462
1659,motionIntensityG,0.758
1659,activeEnergyKcal,83.95736137667292
1659,heartRateBpm,137.93085558512533
1660,speedMps,2.5473103464885605
1660,paceSecPerKm,392.57093325063005
1660,cadenceSpm,168.32892563233352
1660,distanceM,4199.814394001109
1660,motionIntensityG,0.758
1660,activeEnergyKcal,84.00908221797312
1660,heartRateBpm,137.46658538966093
1661,speedMps,2.5433400594831737
1661,paceSecPerKm,393.1837570329497
1661,cadenceSpm,171.8690889458604
1661,distanceM,4202.357734060592
1661,motionIntensityG,0.758
1661,activeEnergyKcal,84.06080305927331
1661,heartRateBpm,137.76557559845716
1662,speedMps,2.5524292365729386
1662,paceSecPerKm,391.78363328209895
1662,cadenceSpm,170.05172021917457
1662,distanceM,4204.910163297164
1662,motionIntensityG,0.758
1662,activeEnergyKcal,84.1125239005735
1662,heartRateBpm,136.7305315356373
1663,speedMps,2.641655846741179
1663,paceSecPerKm,378.5504463927912
1663,cadenceSpm,168.20264919205317
1663,distanceM,4207.551819143905
1663,motionIntensityG,0.758
1663,activeEnergyKcal,84.1642447418737
1663,heartRateBpm,136.48704339088846
1664,speedMps,2.548139311066567
1664,paceSecPerKm,392.4432214741952
1664,cadenceSpm,168.97639414763282
1664,distanceM,4210.099958454972
1664,motionIntensityG,0.758
1664,activeEnergyKcal,84.2159655831739
1664,heartRateBpm,137.3079287791431
1665,speedMps,2.4906288758455304
1665,paceSecPerKm,401.50502136152875
1665,cadenceSpm,170.57394971776318
1665,distanceM,4212.5905873308175
1665,motionIntensityG,0.758
1665,activeEnergyKcal,84.26768642447409
1665,heartRateBpm,136.43163578573834
1666,speedMps,2.6119032973729723
1666,paceSecPerKm,382.8625665451667
1666,cadenceSpm,168.52175875274207
1666,distanceM,4215.20249062819
1666,motionIntensityG,0.758
1666,activeEnergyKcal,84.31940726577429
1666,heartRateBpm,136.93852036670555
1667,speedMps,2.5917487313293326
1667,paceSecPerKm,385.8398724814232
1667,cadenceSpm,170.95827608286885
1667,distanceM,4217.794239359519
1667,motionIntensityG,0.758
1667,activeEnergyKcal,84.37112810707448
1667,heartRateBpm,134.69853661895243
1668,speedMps,2.595806300313577
1668,paceSecPerKm,385.23675664058544
1668,cadenceSpm,168.29582484124103
1668,distanceM,4220.390045659833
1668,motionIntensityG,0.758
1668,activeEnergyKcal,84.42284894837468
1668,heartRateBpm,135.17618289950187
1669,speedMps,2.5133552324870245
1669,paceSecPerKm,397.8745173281679
1669,cadenceSpm,170.67100558162937
1669,distanceM,4222.90340089232
1669,motionIntensityG,0.758
1669,activeEnergyKcal,84.47456978967487
1669,heartRateBpm,134.74647441025053
1670,speedMps,2.5188895045212907
1670,paceSecPerKm,397.0003440822021
1670,cadenceSpm,172.8671219725906
1670,distanceM,4225.422290396841
1670,motionIntensityG,0.758
1670,activeEnergyKcal,84.52629063097507
1670,heartRateBpm,134.1904112421334
1671,speedMps,2.4550796055382427
1671,paceSecPerKm,407.31876789012045
1671,cadenceSpm,172.18481244597774
1671,distanceM,4227.877370002379
1671,motionIntensityG,0.758
1671,activeEnergyKcal,84.57801147227526
1671,heartRateBpm,135.50821390131912
1672,speedMps,2.600254409558028
1672,paceSecPerKm,384.5777537475545
1672,cadenceSpm,170.26245853074587
1672,distanceM,4230.4776244119375
1672,motionIntensityG,0.758
1672,activeEnergyKcal,84.62973231357546
1672,heartRateBpm,135.67046275611435
1673,speedMps,2.712348553762387
1673,paceSecPerKm,368.68417910849524
1673,cadenceSpm,173.10052761221587
1673,distanceM,4233.1899729657
1673,motionIntensityG,0.758
1673,activeEnergyKcal,84.68145315487565
1673,heartRateBpm,135.4110847532443
1674,speedMps,2.677027681490601
1674,paceSecPerKm,373.54862144839234
1674,cadenceSpm,169.64432077468078
1674,distanceM,4235.86700064719
1674,motionIntensityG,0.758
1674,activeEnergyKcal,84.73317399617585
1674,heartRateBpm,136.28299356649654
1675,speedMps,2.596243139321983
1675,paceSecPerKm,385.17193742538035
1675,cadenceSpm,166.8074359459497
1675,distanceM,4238.463243786512
1675,motionIntensityG,0.758
1675,activeEnergyKcal,84.78489483747605
1675,heartRateBpm,138.02404161893364
1676,speedMps,2.404117432809495
1676,paceSecPerKm,415.9530588451255
1676,cadenceSpm,168.57487256221248
1676,distanceM,4240.8673612193215
1676,motionIntensityG,0.758
1676,activeEnergyKcal,84.83661567877624
1676,heartRateBpm,136.42868611424936
1677,speedMps,2.5693625373210547
1677,paceSecPerKm,389.201595911276
1677,cadenceSpm,171.57583856245708
1677,distanceM,4243.436723756643
1677,motionIntensityG,0.758
1677,activeEnergyKcal,84.88833652007644
1677,heartRateBpm,135.20119456546846
1678,speedMps,2.663154003864418
1678,paceSecPerKm,375.49461974370683
1678,cadenceSpm,170.14214905384486
1678,distanceM,4246.099877760507
1678,motionIntensityG,0.758
1678,activeEnergyKcal,84.94005736137663
1678,heartRateBpm,135.20708804058083
1679,speedMps,2.668624197725876
1679,paceSecPerKm,374.7249241208901
1679,cadenceSpm,169.80078247883856
1679,distanceM,4248.768501958233
1679,motionIntensityG,0.758
1679,activeEnergyKcal,84.99177820267683
1679,heartRateBpm,135.75019329868132
1680,speedMps,2.514160001092623
1680,paceSecPerKm,397.747159912421
1680,cadenceSpm,169.47640192193586
1680,distanceM,4251.282661959326
1680,motionIntensityG,0.758
1680,activeEnergyKcal,85.04349904397702
1680,heartRateBpm,135.92660441724257
1681,speedMps,2.615129139068422
1681,paceSecPerKm,382.3902938713865
1681,cadenceSpm,169.26956393983025
1681,distanceM,4253.897791098395
1681,motionIntensityG,0.758
1681,activeEnergyKcal,85.09521988527722
1681,heartRateBpm,138.41023314691805
1682,speedMps,2.610905341564404
1682,paceSecPerKm,383.00890655837384
1682,cadenceSpm,169.87487179554884
1682,distanceM,4256.50869643996
1682,motionIntensityG,0.758
1682,activeEnergyKcal,85.14694072657741
1682,heartRateBpm,139.04830490689352
1683,speedMps,2.5957290419984207
1683,paceSecPerKm,385.24822268433377
1683,cadenceSpm,168.2304592972889
1683,distanceM,4259.104425481958
1683,motionIntensityG,0.758
1683,activeEnergyKcal,85.19866156787761
1683,heartRateBpm,138.45096733034683
1684,speedMps,2.5784342986602633
1684,paceSecPerKm,387.83225949158106
1684,cadenceSpm,171.29831938863057
1684,distanceM,4261.682859780618
1684,motionIntensityG,0.758
1684,activeEnergyKcal,85.2503824091778
1684,heartRateBpm,137.822905509944
1685,speedMps,2.5663052969379536
1685,paceSecPerKm,389.66525190637805
1685,cadenceSpm,169.46588450415234
1685,distanceM,4264.2491650775555
1685,motionIntensityG,0.758
1685,activeEnergyKcal,85.302103250478
1685,heartRateBpm,138.27356878307643
1686,speedMps,2.552239463336701
1686,paceSecPerKm,391.81276457994966
1686,cadenceSpm,169.91420570547922
1686,distanceM,4266.801404540892
1686,motionIntensityG,0.758
1686,activeEnergyKcal,85.3538240917782
1686,heartRateBpm,139.92128048817975
1687,speedMps,2.6039710067027024
1687,paceSecPerKm,384.0288534035014
1687,cadenceSpm,173.22942767699652
1687,distanceM,4269.405375547594
1687,motionIntensityG,0.758
1687,activeEnergyKcal,85.40554493307839
1687,heartRateBpm,141.1437724179727
1688,speedMps,2.5293784994154036
1688,paceSecPerKm,395.3540366659725
1688,cadenceSpm,170.45752911895173
1688,distanceM,4271.93475404701
1688,motionIntensityG,0.758
1688,activeEnergyKcal,85.45726577437858
1688,heartRateBpm,141.7881499376106
1689,speedMps,2.630339172882789
1689,paceSecPerKm,380.1791078159794
1689,cadenceSpm,169.4719990576299
1689,distanceM,4274.565093219892
1689,motionIntensityG,0.758
1689,activeEnergyKcal,85.50898661567878
1689,heartRateBpm,140.57607803367878
1690,speedMps,2.527071175600756
1690,paceSecPerKm,395.71501177139254
1690,cadenceSpm,170.79714494376708
1690,distanceM,4277.0921643954935
1690,motionIntensityG,0.758
1690,activeEnergyKcal,85.56070745697897
1690,heartRateBpm,139.20163059181326
1691,speedMps,2.6749654209126033
1691,paceSecPerKm,373.83660819766243
1691,cadenceSpm,167.40736289428457
1691,distanceM,4279.767129816406
1691,motionIntensityG,0.758
1691,activeEnergyKcal,85.61242829827917
1691,heartRateBpm,139.38227533724302
1692,speedMps,2.5695870871540283
1692,paceSecPerKm,389.16758455054344
1692,cadenceSpm,169.3582991140533
1692,distanceM,4282.33671690356
1692,motionIntensityG,0.758
1692,activeEnergyKcal,85.66414913957937
1692,heartRateBpm,140.28498466176922
1693,speedMps,2.481586141445239
1693,paceSecPerKm,402.9680788826515
1693,cadenceSpm,170.51263775652288
1693,distanceM,4284.818303045005
1693,motionIntensityG,0.758
1693,activeEnergyKcal,85.71586998087956
1693,heartRateBpm,140.942021379466
1694,speedMps,2.5801133531956086
1694,paceSecPerKm,387.5798707686414
1694,cadenceSpm,172.33851173050022
1694,distanceM,4287.398416398201
1694,motionIntensityG,0.758
1694,activeEnergyKcal,85.76759082217976
1694,heartRateBpm,140.52522677481397
1695,speedMps,2.589448048144338
1695,paceSecPerKm,386.1826850384678
1695,cadenceSpm,168.43335680773782
1695,distanceM,4289.987864446346
1695,motionIntensityG,0.758
1695,activeEnergyKcal,85.81931166347995
1695,heartRateBpm,141.36354010576287
1696,speedMps,2.631948840044839
1696,paceSecPerKm,379.94659500408966
1696,cadenceSpm,168.73161475563805
1696,distanceM,4292.619813286391
1696,motionIntensityG,0.758
1696,activeEnergyKcal,85.87103250478015
1696,heartRateBpm,141.01104235827592
1697,speedMps,2.5890178197182663
1697,paceSecPerKm,386.2468587059856
1697,cadenceSpm,169.3140352579302
1697,distanceM,4295.20883110611
1697,motionIntensityG,0.758
1697,activeEnergyKcal,85.92275334608034
1697,heartRateBpm,141.544123491412
1698,speedMps,2.6481445410651867
1698,paceSecPerKm,377.62289198827534
1698,cadenceSpm,170.89065259676477
1698,distanceM,4297.856975647175
1698,motionIntensityG,0.758
1698,activeEnergyKcal,85.97447418738054
1698,heartRateBpm,142.336396237593
1699,speedMps,2.6113752523323375
1699,paceSecPerKm,382.9399850162686
1699,cadenceSpm,169.33626769742753
1699,distanceM,4300.468350899508
1699,motionIntensityG,0.758
1699,activeEnergyKcal,86.02619502868073
1699,heartRateBpm,143.2453589975925
1700,speedMps,2.544694958836575
1700,paceSecPerKm,392.97440996904254
1700,cadenceSpm,170.26441058576512
1700,distanceM,4303.013045858344
1700,motionIntensityG,0.758
1700,activeEnergyKcal,86.07791586998093
1700,heartRateBpm,141.7087631241268
1701,speedMps,2.489354897956953
1701,paceSecPerKm,401.71049970444693
1701,cadenceSpm,166.6334905017094
1701,distanceM,4305.5024007563015
1701,motionIntensityG,0.758
1701,activeEnergyKcal,86.12963671128112
1701,heartRateBpm,142.3292358675762
1702,speedMps,2.5808437569647
1702,paceSecPerKm,387.4701819129447
1702,cadenceSpm,170.3556586772422
1702,distanceM,4308.083244513266
1702,motionIntensityG,0.758
1702,activeEnergyKcal,86.18135755258132
1702,heartRateBpm,143.195788553616
1703,speedMps,2.5188596642998324
1703,paceSecPerKm,397.0050472335346
1703,cadenceSpm,168.01305940705163
1703,distanceM,4310.602104177567
1703,motionIntensityG,0.758
1703,activeEnergyKcal,86.23307839388151
1703,heartRateBpm,142.13027494641386
1704,speedMps,2.5114709027256645
1704,paceSecPerKm,398.17303832376234
1704,cadenceSpm,170.6467084150121
1704,distanceM,4313.113575080292
1704,motionIntensityG,0.758
1704,activeEnergyKcal,86.28479923518171
1704,heartRateBpm,143.13659622187404
1705,speedMps,2.451454531798788
1705,paceSecPerKm,407.9210880840757
1705,cadenceSpm,170.33928507370757
1705,distanceM,4315.565029612091
1705,motionIntensityG,0.758
1705,activeEnergyKcal,86.3365200764819
1705,heartRateBpm,143.11027137799067
1706,speedMps,2.6180231583151983
1706,paceSecPerKm,381.96759139576886
1706,cadenceSpm,167.9120190663049
1706,distanceM,4318.183052770406
1706,motionIntensityG,0.758
1706,activeEnergyKcal,86.3882409177821
1706,heartRateBpm,143.65617275878515
1707,speedMps,2.5239958018403117
1707,paceSecPerKm,396.1971724639453
1707,cadenceSpm,171.6938736738797
1707,distanceM,4320.707048572246
1707,motionIntensityG,0.758
1707,activeEnergyKcal,86.4399617590823
1707,heartRateBpm,143.80424520554703
1708,speedMps,2.5558032047339836
1708,paceSecPerKm,391.2664316829055
1708,cadenceSpm,171.77458512801448
1708,distanceM,4323.26285177698
1708,motionIntensityG,0.758
1708,activeEnergyKcal,86.49168260038249
1708,heartRateBpm,141.90091784548193
1709,speedMps,2.512487281191686
1709,paceSecPerKm,398.0119650698071
1709,cadenceSpm,170.43175416292902
1709,distanceM,4325.775339058172
1709,motionIntensityG,0.758
1709,activeEnergyKcal,86.54340344168268
1709,heartRateBpm,142.29767682702933
1710,speedMps,2.562360963177413
1710,paceSecPerKm,390.2650775478435
1710,cadenceSpm,169.9885089860932
1710,distanceM,4328.3377000213495
1710,motionIntensityG,0.758
1710,activeEnergyKcal,86.59512428298288
1710,heartRateBpm,142.68832714078866
1711,speedMps,2.6458657157088328
1711,paceSecPerKm,377.94813019529903
1711,cadenceSpm,169.15818081769186
1711,distanceM,4330.983565737059
1711,motionIntensityG,0.758
1711,activeEnergyKcal,86.64684512428308
1711,heartRateBpm,142.24570330090478
1712,speedMps,2.6234386245010732
1712,paceSecPerKm,381.1791099897298
1712,cadenceSpm,169.06175300946893
1712,distanceM,4333.60700436156
1712,motionIntensityG,0.758
1712,activeEnergyKcal,86.69856596558327
1712,heartRateBpm,141.99409014258444
1713,speedMps,2.4602502373253543
1713,paceSecPerKm,406.46271864082564
1713,cadenceSpm,167.1075166141937
1713,distanceM,4336.0672545988855
1713,motionIntensityG,0.758
1713,activeEnergyKcal,86.75028680688347
1713,heartRateBpm,142.7321335700394
1714,speedMps,2.5240374998059845
1714,paceSecPerKm,396.19062715069293
1714,cadenceSpm,168.65699024679697
1714,distanceM,4338.591292098691
1714,motionIntensityG,0.758
1714,activeEnergyKcal,86.80200764818366
1714,heartRateBpm,143.315762971948
1715,speedMps,2.5532518434634146
1715,paceSecPerKm,391.65740839866703
1715,cadenceSpm,171.6263710491673
1715,distanceM,4341.144543942155
1715,motionIntensityG,0.758
1715,activeEnergyKcal,86.85372848948386
1715,heartRateBpm,143.2706249787433
1716,speedMps,2.49760367990027
1716,paceSecPerKm,400.3837790789651
1716,cadenceSpm,166.8773233362535
1716,distanceM,4343.642147622055
1716,motionIntensityG,0.758
1716,activeEnergyKcal,86.90544933078405
1716,heartRateBpm,145.60169323483416
1717,speedMps,2.647009897820018
1717,paceSecPerKm,377.78476039079567
1717,cadenceSpm,170.15438437683767
1717,distanceM,4346.289157519875
1717,motionIntensityG,0.758
1717,activeEnergyKcal,86.95717017208425
1717,heartRateBpm,146.04949604708332
1718,speedMps,2.601940210487097
1718,paceSecPerKm,384.3285852493877
1718,cadenceSpm,168.6926554680379
1718,distanceM,4348.891097730361
1718,motionIntensityG,0.758
1718,activeEnergyKcal,87.00889101338444
1718,heartRateBpm,143.86050302630994
1719,speedMps,2.5826992488249734
1719,paceSecPerKm,387.1918112242301
1719,cadenceSpm,168.48504506583427
1719,distanceM,4351.473796979186
1719,motionIntensityG,0.758
1719,activeEnergyKcal,87.06061185468464
1719,heartRateBpm,143.5856404767458
1720,speedMps,2.577829479468335
1720,paceSecPerKm,387.9232540261915
1720,cadenceSpm,173.384237539174
1720,distanceM,4354.051626458654
1720,motionIntensityG,0.758
1720,activeEnergyKcal,87.11233269598483
1720,heartRateBpm,144.02802517195303
1721,speedMps,2.5521878012821815
1721,paceSecPerKm,391.8206957566425
1721,cadenceSpm,169.65767961754972
1721,distanceM,4356.603814259936
1721,motionIntensityG,0.758
1721,activeEnergyKcal,87.16405353728503
1721,heartRateBpm,144.46277671894566
1722,speedMps,2.6357050259495978
1722,paceSecPerKm,379.40512696018317
1722,cadenceSpm,170.22655730911202
1722,distanceM,4359.239519285886
1722,motionIntensityG,0.758
1722,activeEnergyKcal,87.21577437858522
1722,heartRateBpm,143.14360215743974
1723,speedMps,2.54602757772254
1723,paceSecPerKm,392.7687228331262
1723,cadenceSpm,172.05130705315315
1723,distanceM,4361.785546863608
1723,motionIntensityG,0.758
1723,activeEnergyKcal,87.26749521988542
1723,heartRateBpm,143.6422043422584
1724,speedMps,2.504609124052277
1724,paceSecPerKm,399.26389726716
1724,cadenceSpm,171.1683010595606
1724,distanceM,4364.29015598766
1724,motionIntensityG,0.758
1724,activeEnergyKcal,87.31921606118561
1724,heartRateBpm,142.12074108743766
1725,speedMps,2.52767464772827
1725,paceSecPerKm,395.6205364083321
1725,cadenceSpm,171.03175807759982
1725,distanceM,4366.817830635388
1725,motionIntensityG,0.758
1725,activeEnergyKcal,87.37093690248581
1725,heartRateBpm,141.2621767526026
1726,speedMps,2.643368110808512
1726,paceSecPerKm,378.3052371370765
1726,cadenceSpm,169.83492583009254
1726,distanceM,4369.461198746197
1726,motionIntensityG,0.758
1726,activeEnergyKcal,87.422657743786
1726,heartRateBpm,141.93816639864104
1727,speedMps,2.5995182269013073
1727,paceSecPerKm,384.68666603350795
1727,cadenceSpm,171.6151163914297
1727,distanceM,4372.060716973098
1727,motionIntensityG,0.758
1727,activeEnergyKcal,87.4743785850862
1727,heartRateBpm,140.8323681917166
1728,speedMps,2.5752030030538746
1728,paceSecPerKm,388.31890100086196
1728,cadenceSpm,169.03520028104074
1728,distanceM,4374.635919976152
1728,motionIntensityG,0.758
1728,activeEnergyKcal,87.5260994263864
1728,heartRateBpm,139.4087542494202
1729,speedMps,2.57677212201496
1729,paceSecPerKm,388.08243517398404
1729,cadenceSpm,172.1677122075804
1729,distanceM,4377.212692098166
1729,motionIntensityG,0.758
1729,activeEnergyKcal,87.57782026768659
1729,heartRateBpm,140.9270324598965
1730,speedMps,2.5288665663813585
1730,paceSecPerKm,395.4340704622206
1730,cadenceSpm,171.7761925512444
1730,distanceM,4379.7415586645475
1730,motionIntensityG,0.758
1730,activeEnergyKcal,87.62954110898679
1730,heartRateBpm,141.22201597565032
1731,speedMps,2.600068295536371
1731,paceSecPerKm,384.6052819907597
1731,cadenceSpm,170.64127714398185
1731,distanceM,4382.341626960084
1731,motionIntensityG,0.758
1731,activeEnergyKcal,87.68126195028698
1731,heartRateBpm,141.66879532282536
1732,speedMps,2.5530309262265787
1732,paceSecPerKm,391.6912990466654
1732,cadenceSpm,173.77909025702
1732,distanceM,4384.894657886311
1732,motionIntensityG,0.758
1732,activeEnergyKcal,87.73298279158718
1732,heartRateBpm,142.07398145188264
1733,speedMps,2.5753691388050237
1733,paceSecPerKm,388.29385074638344
1733,cadenceSpm,169.56298133356333
1733,distanceM,4387.470027025116
1733,motionIntensityG,0.758
1733,activeEnergyKcal,87.78470363288737
1733,heartRateBpm,142.07008946482637
1734,speedMps,2.540360589033478
1734,paceSecPerKm,393.64490392305544
1734,cadenceSpm,170.09124146538798
1734,distanceM,4390.010387614149
1734,motionIntensityG,0.758
1734,activeEnergyKcal,87.83642447418757
1734,heartRateBpm,140.9529065138663
1735,speedMps,2.6863797931177404
1735,paceSecPerKm,372.2481841777952
1735,cadenceSpm,169.16140220061303
1735,distanceM,4392.696767407267
1735,motionIntensityG,0.758
1735,activeEnergyKcal,87.88814531548776
1735,heartRateBpm,140.22187412602196
1736,speedMps,2.580037422349828
1736,paceSecPerKm,387.59127729598094
1736,cadenceSpm,169.8136685416773
1736,distanceM,4395.276804829617
1736,motionIntensityG,0.758
1736,activeEnergyKcal,87.93986615678796
1736,heartRateBpm,138.8007189749953
1737,speedMps,2.465086171490259
1737,paceSecPerKm,405.6653319325764
1737,cadenceSpm,170.3411894500925
1737,distanceM,4397.7418910011065
1737,motionIntensityG,0.758
1737,activeEnergyKcal,87.99158699808815
1737,heartRateBpm,140.44955056293546
1738,speedMps,2.58762764872689
1738,paceSecPerKm,386.4543650598257
1738,cadenceSpm,168.83539327821464
1738,distanceM,4400.3295186498335
1738,motionIntensityG,0.758
1738,activeEnergyKcal,88.04330783938835
1738,heartRateBpm,139.85875698303067
1739,speedMps,2.598970816366391
1739,paceSecPerKm,384.7676910039703
1739,cadenceSpm,169.20468307129
1739,distanceM,4402.9284894662
1739,motionIntensityG,0.758
1739,activeEnergyKcal,88.09502868068854
1739,heartRateBpm,137.83548388651803
1740,speedMps,2.593026637088607
1740,paceSecPerKm,385.6497213321256
1740,cadenceSpm,169.86049331680402
1740,distanceM,4405.521516103288
1740,motionIntensityG,0.758
1740,activeEnergyKcal,88.14674952198874
1740,heartRateBpm,139.26191656382505
1741,speedMps,2.5226924791919982
1741,paceSecPerKm,396.4018635835841
1741,cadenceSpm,169.37730923945676
1741,distanceM,4408.044208582481
1741,motionIntensityG,0.758
1741,activeEnergyKcal,88.19847036328893
1741,heartRateBpm,139.06625205717424
1742,speedMps,2.580185470065755
1742,paceSecPerKm,387.5690378081679
1742,cadenceSpm,168.61800284177036
1742,distanceM,4410.624394052546
1742,motionIntensityG,0.758
1742,activeEnergyKcal,88.25019120458913
1742,heartRateBpm,138.33734487067255
1743,speedMps,2.507258899689743
1743,paceSecPerKm,398.8419385504
1743,cadenceSpm,167.52882452244086
1743,distanceM,4413.131652952236
1743,motionIntensityG,0.758
1743,activeEnergyKcal,88.30191204588932
1743,heartRateBpm,138.17249920589822
1744,speedMps,2.5225962634010615
1744,paceSecPerKm,396.41698297442235
1744,cadenceSpm,168.62300766018643
1744,distanceM,4415.654249215638
1744,motionIntensityG,0.758
1744,activeEnergyKcal,88.35363288718952
1744,heartRateBpm,137.71370789801298
1745,speedMps,2.4324150454234146
1745,paceSecPerKm,411.11404975129494
1745,cadenceSpm,168.48042671545664
1745,distanceM,4418.086664261061
1745,motionIntensityG,0.758
1745,activeEnergyKcal,88.40535372848971
1745,heartRateBpm,136.8604418700521
1746,speedMps,2.534449762881153
1746,paceSecPerKm,394.5629598367749
1746,cadenceSpm,169.2398608714313
1746,distanceM,4420.621114023942
1746,motionIntensityG,0.758
1746,activeEnergyKcal,88.45707456978991
1746,heartRateBpm,138.1719601564251
1747,speedMps,2.5333440547208386
1747,paceSecPerKm,394.7351715360253
1747,cadenceSpm,172.0012669419413
1747,distanceM,4423.154458078663
1747,motionIntensityG,0.758
1747,activeEnergyKcal,88.5087954110901
1747,heartRateBpm,138.89964175065137
1748,speedMps,2.5776726396784495
1748,paceSecPerKm,387.9468574119422
1748,cadenceSpm,170.49653232742043
1748,distanceM,4425.732130718342
1748,motionIntensityG,0.758
1748,activeEnergyKcal,88.5605162523903
1748,heartRateBpm,139.85629139432427
1749,speedMps,2.5246750763812327
1749,paceSecPerKm,396.09057393371967
1749,cadenceSpm,168.8652057875385
1749,distanceM,4428.256805794723
1749,motionIntensityG,0.758
1749,activeEnergyKcal,88.6122370936905
1749,heartRateBpm,138.27294986691882
1750,speedMps,2.5255774336121974
1750,paceSecPerKm,395.94905572534907
1750,cadenceSpm,171.4984099651879
1750,distanceM,4430.782383228335
1750,motionIntensityG,0.758
1750,activeEnergyKcal,88.66395793499069
1750,heartRateBpm,138.9843093423642
1751,speedMps,2.49045295451067
1751,paceSecPerKm,401.5333829891528
1751,cadenceSpm,171.51592489098792
1751,distanceM,4433.272836182846
1751,motionIntensityG,0.758
1751,activeEnergyKcal,88.71567877629089
1751,heartRateBpm,141.75275221031146
1752,speedMps,2.516869975203698
1752,paceSecPerKm,397.3188960304026
1752,cadenceSpm,168.18209718727508
1752,distanceM,4435.78970615805
1752,motionIntensityG,0.758
1752,activeEnergyKcal,88.76739961759108
1752,heartRateBpm,141.51502896747033
1753,speedMps,2.541838192196552
1753,paceSecPerKm,393.4160730883665
1753,cadenceSpm,170.8394008695384
1753,distanceM,4438.331544350246
1753,motionIntensityG,0.758
1753,activeEnergyKcal,88.81912045889128
1753,heartRateBpm,142.61729135803918
1754,speedMps,2.4791830687226697
1754,paceSecPerKm,403.35867593482004
1754,cadenceSpm,170.83372154820285
1754,distanceM,4440.810727418969
1754,motionIntensityG,0.758
1754,activeEnergyKcal,88.87084130019147
1754,heartRateBpm,143.78050368557004
1755,speedMps,2.4272556403672696
1755,paceSecPerKm,411.9879189357613
1755,cadenceSpm,168.48596078952644
1755,distanceM,4443.237983059336
1755,motionIntensityG,0.758
1755,activeEnergyKcal,88.92256214149167
1755,heartRateBpm,143.65579929882924
1756,speedMps,2.5505789332323485
1756,paceSecPerKm,392.0678505458759
1756,cadenceSpm,169.3097842267351
1756,distanceM,4445.788561992568
1756,motionIntensityG,0.758
1756,activeEnergyKcal,88.97428298279186
1756,heartRateBpm,141.01421855883257
1757,speedMps,2.605089966604177
1757,paceSecPerKm,383.86390213752725
1757,cadenceSpm,165.4498814491298
1757,distanceM,4448.3936519591725
1757,motionIntensityG,0.758
1757,activeEnergyKcal,89.02600382409206
1757,heartRateBpm,138.84703547002434
1758,speedMps,2.602504493348488
1758,paceSecPerKm,384.24525396817256
1758,cadenceSpm,168.81653434975354
1758,distanceM,4450.996156452521
1758,motionIntensityG,0.758
1758,activeEnergyKcal,89.07772466539225
1758,heartRateBpm,140.1523979162289
1759,speedMps,2.5780422155889644
1759,paceSecPerKm,387.89124318957124
1759,cadenceSpm,170.5286103244535
1759,distanceM,4453.57419866811
1759,motionIntensityG,0.758
1759,activeEnergyKcal,89.12944550669245
1759,heartRateBpm,139.7919622650363
1760,speedMps,2.5755217741272016
1760,paceSecPerKm,388.27083895995486
1760,cadenceSpm,170.40420299745688
1760,distanceM,4456.149720442237
1760,motionIntensityG,0.758
1760,activeEnergyKcal,89.18116634799264
1760,heartRateBpm,137.97137653973124
1761,speedMps,2.565858405612406
1761,paceSecPerKm,389.7331192604625
1761,cadenceSpm,170.60356719205672
1761,distanceM,4458.715578847849
1761,motionIntensityG,0.758
1761,activeEnergyKcal,89.23288718929284
1761,heartRateBpm,137.50396695429743
1762,speedMps,2.625661834463905
1762,paceSecPerKm,380.8563566237673
1762,cadenceSpm,171.22493232832457
1762,distanceM,4461.341240682314
1762,motionIntensityG,0.758
1762,activeEnergyKcal,89.28460803059303
1762,heartRateBpm,137.80313037260706
1763,speedMps,2.5070971391840184
1763,paceSecPerKm,398.8676722456269
1763,cadenceSpm,167.52301664677842
1763,distanceM,4463.848337821498
1763,motionIntensityG,0.758
1763,activeEnergyKcal,89.33632887189323
1763,heartRateBpm,139.13100211465962
1764,speedMps,2.534439707110777
1764,paceSecPerKm,394.56452532460713
1764,cadenceSpm,170.56726064366455
1764,distanceM,4466.382777528608
1764,motionIntensityG,0.758
1764,activeEnergyKcal,89.38804971319342
1764,heartRateBpm,139.29038260666852
1765,speedMps,2.6319990148438133
1765,paceSecPerKm,379.9393519375392
1765,cadenceSpm,168.5143416691019
1765,distanceM,4469.014776543452
1765,motionIntensityG,0.758
1765,activeEnergyKcal,89.43977055449362
1765,heartRateBpm,138.4790292645258
1766,speedMps,2.5364913479487554
1766,paceSecPerKm,394.2453818376687
1766,cadenceSpm,168.10355619085612
1766,distanceM,4471.551267891401
1766,motionIntensityG,0.758
1766,activeEnergyKcal,89.49149139579382
1766,heartRateBpm,138.10785656062205
1767,speedMps,2.60759859774256
1767,paceSecPerKm,383.49460720899145
1767,cadenceSpm,170.59307555015954
1767,distanceM,4474.158866489143
1767,motionIntensityG,0.758
1767,activeEnergyKcal,89.54321223709401
1767,heartRateBpm,136.280953860349
1768,speedMps,2.663693101085792
1768,paceSecPerKm,375.41862446254544
1768,cadenceSpm,172.7469370947867
1768,distanceM,4476.8225595902295
1768,motionIntensityG,0.758
1768,activeEnergyKcal,89.5949330783942
1768,heartRateBpm,137.05515551177308
1769,speedMps,2.622449302122445
1769,paceSecPerKm,381.32291030017745
1769,cadenceSpm,167.4349485500241
1769,distanceM,4479.445008892352
1769,motionIntensityG,0.758
1769,activeEnergyKcal,89.6466539196944
1769,heartRateBpm,138.80931823872754
1770,speedMps,2.525489586361161
1770,paceSecPerKm,395.96282851470596
1770,cadenceSpm,166.75219953918
1770,distanceM,4481.970498478713
1770,motionIntensityG,0.758
1770,activeEnergyKcal,89.6983747609946
1770,heartRateBpm,137.9835697411146
1771,speedMps,2.5834645160970178
1771,paceSecPerKm,387.0771182531104
1771,cadenceSpm,169.91846440702267
1771,distanceM,4484.55396299481
1771,motionIntensityG,0.758
1771,activeEnergyKcal,89.75009560229479
1771,heartRateBpm,150.10100645337866
1772,speedMps,2.5313123132025392
1772,paceSecPerKm,395.05200317807896
1772,cadenceSpm,170.76328788644085
1772,distanceM,4487.085275308013
1772,motionIntensityG,0.758
1772,activeEnergyKcal,89.80181644359499
1772,heartRateBpm,164.9442127561207
1773,speedMps,2.60966776888979
1773,paceSecPerKm,383.1905393939942
1773,cadenceSpm,168.1954588902431
1773,distanceM,4489.694943076903
1773,motionIntensityG,0.758
1773,activeEnergyKcal,89.85353728489518
1773,heartRateBpm,178.17211380556822
1774,speedMps,2.581320844620125
1774,paceSecPerKm,387.39856848254874
1774,cadenceSpm,170.80447021664693
1774,distanceM,4492.2762639215225
1774,motionIntensityG,0.758
1774,activeEnergyKcal,89.90525812619538
1774,heartRateBpm,177.8208221394493
1775,speedMps,2.5379707098875146
1775,paceSecPerKm,394.0155794959198
1775,cadenceSpm,166.92149477993843
1775,distanceM,4494.81423463141
1775,motionIntensityG,0.758
1775,activeEnergyKcal,89.95697896749557
1775,heartRateBpm,175.89999759310442
1776,speedMps,2.5444112257362064
1776,paceSecPerKm,393.018231441994
1776,cadenceSpm,169.26120090808328
1776,distanceM,4497.358645857146
1776,motionIntensityG,0.758
1776,activeEnergyKcal,90.00869980879577
1776,heartRateBpm,176.01185499461505
1777,speedMps,2.4413744614590858
1777,paceSecPerKm,409.60533330161513
1777,cadenceSpm,169.27308167886787
1777,distanceM,4499.800020318606
1777,motionIntensityG,0.758
1777,activeEnergyKcal,90.06042065009596
1777,heartRateBpm,174.8060172202678
1778,speedMps,2.5570192004215286
1778,paceSecPerKm,391.08036413459405
1778,cadenceSpm,170.8068346169069
1778,distanceM,4502.357039519027
1778,motionIntensityG,0.758
1778,activeEnergyKcal,90.11214149139616
1778,heartRateBpm,176.6690897374281
1779,speedMps,2.6941168062485183
1779,paceSecPerKm,371.1791551430436
1779,cadenceSpm,167.76644857474662
1779,distanceM,4505.051156325276
1779,motionIntensityG,0.758
1779,activeEnergyKcal,90.16386233269635
1779,heartRateBpm,175.78717986715148
1780,speedMps,2.47222027772823
1780,paceSecPerKm,404.49470017247774
1780,cadenceSpm,170.45041298651844
1780,distanceM,4507.523376603004
1780,motionIntensityG,0.758
1780,activeEnergyKcal,90.21558317399655
1780,heartRateBpm,176.3765132495129
1781,speedMps,2.5261605786821377
1781,paceSecPerKm,395.8576538795035
1781,cadenceSpm,169.01703276795186
1781,distanceM,4510.049537181686
1781,motionIntensityG,0.758
1781,activeEnergyKcal,90.26730401529674
1781,heartRateBpm,174.21275918727832
1782,speedMps,2.514804937830526
1782,paceSecPerKm,397.64515527899385
1782,cadenceSpm,164.87731894762595
1782,distanceM,4512.564342119516
1782,motionIntensityG,0.758
1782,activeEnergyKcal,90.31902485659694
1782,heartRateBpm,173.46142088589943
1783,speedMps,2.7238332009666304
1783,paceSecPerKm,367.12967579847447
1783,cadenceSpm,167.96720974966954
1783,distanceM,4515.288175320483
1783,motionIntensityG,0.758
1783,activeEnergyKcal,90.37074569789714
1783,heartRateBpm,174.7720668384014
1784,speedMps,2.533342077209875
1784,paceSecPerKm,394.7354796638286
1784,cadenceSpm,168.3348250637145
1784,distanceM,4517.821517397692
1784,motionIntensityG,0.758
1784,activeEnergyKcal,90.42246653919733
1784,heartRateBpm,174.38710104198694
1785,speedMps,2.578793081106459
1785,paceSecPerKm,387.77830114657326
1785,cadenceSpm,166.4976177388478
1785,distanceM,4520.400310478799
1785,motionIntensityG,0.758
1785,activeEnergyKcal,90.47418738049753
1785,heartRateBpm,170.88816741295227
1786,speedMps,2.529087700425675
1786,paceSecPerKm,395.399495174362
1786,cadenceSpm,170.34521421029373
1786,distanceM,4522.929398179224
1786,motionIntensityG,0.758
1786,activeEnergyKcal,90.52590822179772
1786,heartRateBpm,171.4150976322066
1787,speedMps,2.54885817132755
1787,paceSecPerKm,392.33253982082454
1787,cadenceSpm,168.9356927206893
1787,distanceM,4525.478256350552
1787,motionIntensityG,0.758
1787,activeEnergyKcal,90.57762906309792
1787,heartRateBpm,172.23454224396835
1788,speedMps,2.5783265913168942
1788,paceSecPerKm,387.8484608457785
1788,cadenceSpm,168.55288115236155
1788,distanceM,4528.056582941869
1788,motionIntensityG,0.758
1788,activeEnergyKcal,90.62934990439811
1788,heartRateBpm,170.04385562440038
1789,speedMps,2.476785780030597
1789,paceSecPerKm,403.7490880570408
1789,cadenceSpm,168.09966294965804
1789,distanceM,4530.5333687219
1789,motionIntensityG,0.758
1789,activeEnergyKcal,90.6810707456983
1789,heartRateBpm,169.29018037402193
1790,speedMps,2.544508515426511
1790,paceSecPerKm,393.0032043270171
1790,cadenceSpm,171.34626230207027
1790,distanceM,4533.077877237326
1790,motionIntensityG,0.758
1790,activeEnergyKcal,90.7327915869985
1790,heartRateBpm,167.44541771654931
1791,speedMps,2.5935742503070265
1791,paceSecPerKm,385.5682943650525
1791,cadenceSpm,169.36876314567363
1791,distanceM,4535.671451487633
1791,motionIntensityG,0.758
1791,activeEnergyKcal,90.7845124282987
1791,heartRateBpm,169.2253200991803
1792,speedMps,2.556037623412901
1792,paceSecPerKm,391.2305479544424
1792,cadenceSpm,169.60201050094653
1792,distanceM,4538.2274891110455
1792,motionIntensityG,0.758
1792,activeEnergyKcal,90.83623326959889
1792,heartRateBpm,167.17941750492088
1793,speedMps,2.523193815361481
1793,paceSecPerKm,396.3231020589422
1793,cadenceSpm,168.95694121135503
1793,distanceM,4540.750682926407
1793,motionIntensityG,0.758
1793,activeEnergyKcal,90.88795411089909
1793,heartRateBpm,167.26397495440378
1794,speedMps,2.483399494167627
1794,paceSecPerKm,402.6738357435217
1794,cadenceSpm,168.9719610909378
1794,distanceM,4543.234082420574
1794,motionIntensityG,0.758
1794,activeEnergyKcal,90.93967495219928
1794,heartRateBpm,167.1012575178393
1795,speedMps,2.5694385298857676
1795,paceSecPerKm,389.19008505895573
1795,cadenceSpm,167.7424018169876
1795,distanceM,4545.80352095046
1795,motionIntensityG,0.758
1795,activeEnergyKcal,90.99139579349948
1795,heartRateBpm,165.84443631071423
1796,speedMps,2.562072146791803
1796,paceSecPerKm,390.30907121494937
1796,cadenceSpm,170.2305016340478
1796,distanceM,4548.365593097252
1796,motionIntensityG,0.758
1796,activeEnergyKcal,91.04311663479967
1796,heartRateBpm,166.18909486712175
1797,speedMps,2.534805058428985
1797,paceSecPerKm,394.50765520397744
1797,cadenceSpm,170.5237706544046
1797,distanceM,4550.900398155681
1797,motionIntensityG,0.758
1797,activeEnergyKcal,91.09483747609987
1797,heartRateBpm,165.82529987899585
1798,speedMps,2.480602595284907
1798,paceSecPerKm,403.12785365168344
1798,cadenceSpm,170.49519500016464
1798,distanceM,4553.3810007509655
1798,motionIntensityG,0.758
1798,activeEnergyKcal,91.14655831740006
1798,heartRateBpm,165.43086980044848
1799,speedMps,2.65027896744773
1799,paceSecPerKm,377.31876994179953
1799,cadenceSpm,171.12845035715827
1799,distanceM,4556.031279718413
1799,motionIntensityG,0.758
1799,activeEnergyKcal,91.19827915870026
1799,heartRateBpm,165.5160724973917
1800,speedMps,2.4838924166074667
1800,paceSecPerKm,402.5939260951621
1800,cadenceSpm,168.09176920313303
1800,distanceM,4558.515172135021
1800,motionIntensityG,0.758
1800,activeEnergyKcal,91.25000000000045
1800,heartRateBpm,166.29336395449513
1801,speedMps,2.5414417096884994
1801,paceSecPerKm,393.47744872046206
1801,cadenceSpm,169.4351849047708
1801,distanceM,4561.056613844709
1801,motionIntensityG,0.758
1801,activeEnergyKcal,91.30172084130065
1801,heartRateBpm,166.41585601466798
1802,speedMps,2.5941963656642377
1802,paceSecPerKm,385.4758310649134
1802,cadenceSpm,170.07674760194502
1802,distanceM,4563.6508102103735
1802,motionIntensityG,0.758
1802,activeEnergyKcal,91.35344168260085
1802,heartRateBpm,164.52066757278195
1803,speedMps,2.60277893605078
1803,paceSecPerKm,384.20473830839785
1803,cadenceSpm,171.06528418188026
1803,distanceM,4566.253589146424
1803,motionIntensityG,0.758
1803,activeEnergyKcal,91.40516252390104
1803,heartRateBpm,165.9434125400393
1804,speedMps,2.5553370460928257
1804,paceSecPerKm,391.3378086577757
1804,cadenceSpm,169.2621983579642
1804,distanceM,4568.808926192517
1804,motionIntensityG,0.758
1804,activeEnergyKcal,91.45688336520124
1804,heartRateBpm,165.27032474462814
1805,speedMps,2.632147581256241
1805,paceSecPerKm,379.9179070053251
1805,cadenceSpm,170.55647449718677
1805,distanceM,4571.4410737737735
1805,motionIntensityG,0.758
1805,activeEnergyKcal,91.50860420650143
1805,heartRateBpm,165.74924472605883
1806,speedMps,2.553327790594152
1806,paceSecPerKm,391.6457587951537
1806,cadenceSpm,170.38250875324061
1806,distanceM,4573.994401564368
1806,motionIntensityG,0.758
1806,activeEnergyKcal,91.56032504780163
1806,heartRateBpm,164.5725626479295
1807,speedMps,2.528347090408263
1807,paceSecPerKm,395.51531662471456
1807,cadenceSpm,169.92387429509228
1807,distanceM,4576.5227486547765
1807,motionIntensityG,0.758
1807,activeEnergyKcal,91.61204588910182
1807,heartRateBpm,165.11782394491593
1808,speedMps,2.450346488521533
1808,paceSecPerKm,408.10554943328464
1808,cadenceSpm,168.95526739013482
1808,distanceM,4578.973095143298
1808,motionIntensityG,0.758
1808,activeEnergyKcal,91.66376673040202
1808,heartRateBpm,164.57055883863444
1809,speedMps,2.6332714310848133
1809,paceSecPerKm,379.755762431234
1809,cadenceSpm,169.02507628629314
1809,distanceM,4581.606366574383
1809,motionIntensityG,0.758
1809,activeEnergyKcal,91.71548757170221
1809,heartRateBpm,165.06864041068144
1810,speedMps,2.426890137346589
1810,paceSecPerKm,412.0499665853593
1810,cadenceSpm,170.33323351770403
1810,distanceM,4584.033256711729
1810,motionIntensityG,0.758
1810,activeEnergyKcal,91.76720841300241
1810,heartRateBpm,164.3954541703593
1811,speedMps,2.457930769961804
1811,paceSecPerKm,406.8462839641085
1811,cadenceSpm,169.12746336859576
1811,distanceM,4586.491187481691
1811,motionIntensityG,0.758
1811,activeEnergyKcal,91.8189292543026
1811,heartRateBpm,164.99033970562175
1812,speedMps,2.5901604725334377
1812,paceSecPerKm,386.0764653789575
1812,cadenceSpm,170.51845695668456
1812,distanceM,4589.081347954224
1812,motionIntensityG,0.758
1812,activeEnergyKcal,91.8706500956028
1812,heartRateBpm,162.8743538641371
1813,speedMps,2.5764526618186006
1813,paceSecPerKm,388.13055439339826
1813,cadenceSpm,170.35477795777655
1813,distanceM,4591.657800616043
1813,motionIntensityG,0.758
1813,activeEnergyKcal,91.922370936903
1813,heartRateBpm,163.15030637233437
1814,speedMps,2.518599740601393
1814,paceSecPerKm,397.04601881727314
1814,cadenceSpm,170.72911836288054
1814,distanceM,4594.176400356644
1814,motionIntensityG,0.758
1814,activeEnergyKcal,91.97409177820319
1814,heartRateBpm,163.73571848241787
1815,speedMps,2.492954346438297
1815,paceSecPerKm,401.1304905878873
1815,cadenceSpm,172.0594009934468
1815,distanceM,4596.669354703083
1815,motionIntensityG,0.758
1815,activeEnergyKcal,92.02581261950338
1815,heartRateBpm,164.18645568470708
1816,speedMps,2.5862988260867286
1816,paceSecPerKm,386.6529226682896
1816,cadenceSpm,169.7149686709679
1816,distanceM,4599.25565352917
1816,motionIntensityG,0.758
1816,activeEnergyKcal,92.07753346080358
1816,heartRateBpm,162.22083722213944
1817,speedMps,2.50958218901384
1817,paceSecPerKm,398.4727036945372
1817,cadenceSpm,169.82828795617272
1817,distanceM,4601.765235718183
1817,motionIntensityG,0.758
1817,activeEnergyKcal,92.12925430210377
1817,heartRateBpm,161.52861948357923
1818,speedMps,2.5370938429582326
1818,paceSecPerKm,394.1517586255333
1818,cadenceSpm,169.04527468820027
1818,distanceM,4604.302329561141
1818,motionIntensityG,0.758
1818,activeEnergyKcal,92.18097514340397
1818,heartRateBpm,161.72317830785505
1819,speedMps,2.5400518846326854
1819,paceSecPerKm,393.6927454316978
1819,cadenceSpm,169.02992587600139
1819,distanceM,4606.842381445774
1819,motionIntensityG,0.758
1819,activeEnergyKcal,92.23269598470416
1819,heartRateBpm,160.988326378431
1820,speedMps,2.540029216376763
1820,paceSecPerKm,393.6962589062085
1820,cadenceSpm,169.25330087614068
1820,distanceM,4609.3824106621505
1820,motionIntensityG,0.758
1820,activeEnergyKcal,92.28441682600436
1820,heartRateBpm,160.4565399366539
1821,speedMps,2.6101614283897487
1821,paceSecPerKm,383.1180666158707
1821,cadenceSpm,171.36962196248444
1821,distanceM,4611.99257209054
1821,motionIntensityG,0.758
1821,activeEnergyKcal,92.33613766730456
1821,heartRateBpm,159.74639898336963
1822,speedMps,2.571777244166386
1822,paceSecPerKm,388.8361646671849
1822,cadenceSpm,171.21903458085268
1822,distanceM,4614.564349334707
1822,motionIntensityG,0.758
1822,activeEnergyKcal,92.38785850860475
1822,heartRateBpm,160.11642194994286
1823,speedMps,2.5899812083413303
1823,paceSecPerKm,386.10318745919307
1823,cadenceSpm,171.3496057714939
1823,distanceM,4617.154330543049
1823,motionIntensityG,0.758
1823,activeEnergyKcal,92.43957934990495
1823,heartRateBpm,159.86339279149402
1824,speedMps,2.5234402720970883
1824,paceSecPerKm,396.28439438709466
1824,cadenceSpm,171.6281995051972
1824,distanceM,4619.677770815146
1824,motionIntensityG,0.758
1824,activeEnergyKcal,92.49130019120514
1824,heartRateBpm,159.7175131672876
1825,speedMps,2.548102250211363
1825,paceSecPerKm,392.4489293618617
1825,cadenceSpm,171.94508566059656
1825,distanceM,4622.2258730653575
1825,motionIntensityG,0.758
1825,activeEnergyKcal,92.54302103250534
1825,heartRateBpm,161.0627625489312
1826,speedMps,2.629279946770714
1826,paceSecPerKm,380.33226596057284
1826,cadenceSpm,169.02448856112824
1826,distanceM,4624.8551530121285
1826,motionIntensityG,0.758
1826,activeEnergyKcal,92.59474187380553
1826,heartRateBpm,162.06941707639973
1827,speedMps,2.5010636312274652
1827,paceSecPerKm,399.8298913767431
1827,cadenceSpm,172.26102566849465
1827,distanceM,4627.356216643356
1827,motionIntensityG,0.758
1827,activeEnergyKcal,92.64646271510573
1827,heartRateBpm,158.80837274712968
1828,speedMps,2.6191292478948163
1828,paceSecPerKm,381.80628191746257
1828,cadenceSpm,168.4736608140249
1828,distanceM,4629.975345891251
1828,motionIntensityG,0.758
1828,activeEnergyKcal,92.69818355640592
1828,heartRateBpm,157.15786923127632
1829,speedMps,2.607884583101954
1829,paceSecPerKm,383.45255249392505
1829,cadenceSpm,170.0996256571964
1829,distanceM,4632.583230474353
1829,motionIntensityG,0.758
1829,activeEnergyKcal,92.74990439770612
1829,heartRateBpm,158.22899176986832
1830,speedMps,2.5979334929424156
1830,paceSecPerKm,384.9213240895561
1830,cadenceSpm,170.7193051835664
1830,distanceM,4635.181163967295
1830,motionIntensityG,0.758
1830,activeEnergyKcal,92.80162523900631
1830,heartRateBpm,155.3634989987467
1831,speedMps,2.610988998149517
1831,paceSecPerKm,382.9966348800124
1831,cadenceSpm,172.08135025487593
1831,distanceM,4637.792152965445
1831,motionIntensityG,0.758
1831,activeEnergyKcal,92.85334608030651
1831,heartRateBpm,155.64411011002014
1832,speedMps,2.6370618471654272
1832,paceSecPerKm,379.2099154120705
1832,cadenceSpm,169.32120240621964
1832,distanceM,4640.429214812611
1832,motionIntensityG,0.758
1832,activeEnergyKcal,92.9050669216067
1832,heartRateBpm,156.41646502251092
1833,speedMps,2.5531046754161046
1833,paceSecPerKm,391.67998461990993
1833,cadenceSpm,169.50312010100615
1833,distanceM,4642.982319488026
1833,motionIntensityG,0.758
1833,activeEnergyKcal,92.9567877629069
1833,heartRateBpm,155.6661173001947
1834,speedMps,2.5104566773504273
1834,paceSecPerKm,398.33390037043563
1834,cadenceSpm,170.00062678985645
1834,distanceM,4645.492776165377
1834,motionIntensityG,0.758
1834,activeEnergyKcal,93.0085086042071
1834,heartRateBpm,154.338211664532
1835,speedMps,2.4663769124553108
1835,paceSecPerKm,405.4530331312933
1835,cadenceSpm,170.86739292581558
1835,distanceM,4647.9591530778325
1835,motionIntensityG,0.758
1835,activeEnergyKcal,93.06022944550729
1835,heartRateBpm,155.3205253411963
1836,speedMps,2.452491576208086
1836,paceSecPerKm,407.7485972637458
1836,cadenceSpm,170.5683398477795
1836,distanceM,4650.41164465404
1836,motionIntensityG,0.758
1836,activeEnergyKcal,93.11195028680748
1836,heartRateBpm,155.06310437042802
1837,speedMps,2.576277580837331
1837,paceSecPerKm,388.15693131754233
1837,cadenceSpm,169.93394222943942
1837,distanceM,4652.987922234877
1837,motionIntensityG,0.758
1837,activeEnergyKcal,93.16367112810768
1837,heartRateBpm,154.96687647870493
1838,speedMps,2.4147084117526965
1838,paceSecPerKm,414.1286770414479
1838,cadenceSpm,169.17338744251148
1838,distanceM,4655.40263064663
1838,motionIntensityG,0.758
1838,activeEnergyKcal,93.21539196940788
1838,heartRateBpm,155.3351691315998
1839,speedMps,2.510702385795809
1839,paceSecPerKm,398.29491765231
1839,cadenceSpm,169.75872833584046
1839,distanceM,4657.913333032426
1839,motionIntensityG,0.758
1839,activeEnergyKcal,93.26711281070807
1839,heartRateBpm,155.0518242629217
1840,speedMps,2.5701960591501285
1840,paceSecPerKm,389.07537673630395
1840,cadenceSpm,169.23024178483942
1840,distanceM,4660.483529091576
1840,motionIntensityG,0.758
1840,activeEnergyKcal,93.31883365200827
1840,heartRateBpm,155.05086447467855
1841,speedMps,2.5874139022051303
1841,paceSecPerKm,386.486290093652
1841,cadenceSpm,170.0187728405723
1841,distanceM,4663.0709429937815
1841,motionIntensityG,0.758
1841,activeEnergyKcal,93.37055449330846
1841,heartRateBpm,155.5755267033786
1842,speedMps,2.5689895082144947
1842,paceSecPerKm,389.25810977524094
1842,cadenceSpm,169.2923802175338
1842,distanceM,4665.639932501996
1842,motionIntensityG,0.758
1842,activeEnergyKcal,93.42227533460866
1842,heartRateBpm,156.21350707847222
1843,speedMps,2.545743307606324
1843,paceSecPerKm,392.812581304698
1843,cadenceSpm,168.711259634516
1843,distanceM,4668.185675809602
1843,motionIntensityG,0.758
1843,activeEnergyKcal,93.47399617590885
1843,heartRateBpm,154.6021517134701
1844,speedMps,2.560954803715928
1844,paceSecPerKm,390.479362833349
1844,cadenceSpm,169.72058132952927
1844,distanceM,4670.746630613317
1844,motionIntensityG,0.758
1844,activeEnergyKcal,93.52571701720905
1844,heartRateBpm,153.43930560835315
1845,speedMps,2.571668509346374
1845,paceSecPerKm,388.85260536715293
1845,cadenceSpm,169.13004015647635
1845,distanceM,4673.318299122664
1845,motionIntensityG,0.758
1845,activeEnergyKcal,93.57743785850924
1845,heartRateBpm,152.36021617181603
1846,speedMps,2.562558244175907
1846,paceSecPerKm,390.23503261741075
1846,cadenceSpm,170.42814755475555
1846,distanceM,4675.88085736684
1846,motionIntensityG,0.758
1846,activeEnergyKcal,93.62915869980944
1846,heartRateBpm,152.54268743964087
1847,speedMps,2.496814383119878
1847,paceSecPerKm,400.5103490113897
1847,cadenceSpm,174.46359488634826
1847,distanceM,4678.37767174996
1847,motionIntensityG,0.758
1847,activeEnergyKcal,93.68087954110963
1847,heartRateBpm,151.15284798497618
1848,speedMps,2.6107947451294082
1848,paceSecPerKm,383.0251312806413
1848,cadenceSpm,171.9600697003732
1848,distanceM,4680.98846649509
1848,motionIntensityG,0.758
1848,activeEnergyKcal,93.73260038240983
1848,heartRateBpm,151.6536390242093
1849,speedMps,2.5968798370634576
1849,paceSecPerKm,385.07750174948274
1849,cadenceSpm,169.58344939786457
1849,distanceM,4683.585346332153
1849,motionIntensityG,0.758
1849,activeEnergyKcal,93.78432122371002
1849,heartRateBpm,150.20378778606485
1850,speedMps,2.5458381931831697
1850,paceSecPerKm,392.79794084228797
1850,cadenceSpm,167.8193013478329
1850,distanceM,4686.131184525336
1850,motionIntensityG,0.758
1850,activeEnergyKcal,93.83604206501022
1850,heartRateBpm,152.05767168452928
1851,speedMps,2.5670536349863333
1851,paceSecPerKm,389.5516581231556
1851,cadenceSpm,170.37844918468966
1851,distanceM,4688.698238160322
1851,motionIntensityG,0.758
1851,activeEnergyKcal,93.88776290631041
1851,heartRateBpm,152.44574475990328
1852,speedMps,2.5332664242149763
1852,paceSecPerKm,394.74726797039756
1852,cadenceSpm,168.72512307572816
1852,distanceM,4691.231504584537
1852,motionIntensityG,0.758
1852,activeEnergyKcal,93.93948374761061
1852,heartRateBpm,151.691072558389
1853,speedMps,2.577872614810404
1853,paceSecPerKm,387.9167629365377
1853,cadenceSpm,170.57092778685995
1853,distanceM,4693.809377199347
1853,motionIntensityG,0.758
1853,activeEnergyKcal,93.9912045889108
1853,heartRateBpm,151.05166645279417
1854,speedMps,2.5623236547144015
1854,paceSecPerKm,390.2707599643421
1854,cadenceSpm,169.832851656418
1854,distanceM,4696.371700854062
1854,motionIntensityG,0.758
1854,activeEnergyKcal,94.042925430211
1854,heartRateBpm,152.43642742847635
1855,speedMps,2.565830021765532
1855,paceSecPerKm,389.7374305847065
1855,cadenceSpm,169.9672005428717
1855,distanceM,4698.937530875827
1855,motionIntensityG,0.758
1855,activeEnergyKcal,94.0946462715112
1855,heartRateBpm,153.65092254731815
1856,speedMps,2.56225309610418
1856,paceSecPerKm,390.28150713154236
1856,cadenceSpm,171.35565013406523
1856,distanceM,4701.499783971932
1856,motionIntensityG,0.758
1856,activeEnergyKcal,94.14636711281139
1856,heartRateBpm,151.5864712816258
1857,speedMps,2.5572669373505104
1857,paceSecPerKm,391.0424779651916
1857,cadenceSpm,170.00921654209282
1857,distanceM,4704.057050909282
1857,motionIntensityG,0.758
1857,activeEnergyKcal,94.19808795411159
1857,heartRateBpm,151.89079622051787
1858,speedMps,2.5791250698620596
1858,paceSecPerKm,387.72838575582665
1858,cadenceSpm,169.36581036923792
1858,distanceM,4706.636175979144
1858,motionIntensityG,0.758
1858,activeEnergyKcal,94.24980879541178
1858,heartRateBpm,152.92191951800007
1859,speedMps,2.604451725436132
1859,paceSecPerKm,383.9579709746947
1859,cadenceSpm,170.21014171587848
1859,distanceM,4709.24062770458
1859,motionIntensityG,0.758
1859,activeEnergyKcal,94.30152963671198
1859,heartRateBpm,153.55128792244994
1860,speedMps,2.549914448318211
1860,paceSecPerKm,392.17001992343205
1860,cadenceSpm,171.5702146145471
1860,distanceM,4711.7905421528985
1860,motionIntensityG,0.758
1860,activeEnergyKcal,94.35325047801217
1860,heartRateBpm,153.56398903250553
1861,speedMps,2.6315669793294356
1861,paceSecPerKm,380.0017281926891
1861,cadenceSpm,171.1407665621236
1861,distanceM,4714.422109132228
1861,motionIntensityG,0.758
1861,activeEnergyKcal,94.40497131931237
1861,heartRateBpm,154.58526101915427
1862,speedMps,2.5288731875991135
1862,paceSecPerKm,395.43303511766436
1862,cadenceSpm,170.29011657536753
1862,distanceM,4716.950982319827
1862,motionIntensityG,0.758
1862,activeEnergyKcal,94.45669216061256
1862,heartRateBpm,153.1406759511525
1863,speedMps,2.549503903719649
1863,paceSecPerKm,392.2331707517805
1863,cadenceSpm,171.6827243354452
1863,distanceM,4719.500486223546
1863,motionIntensityG,0.758
1863,activeEnergyKcal,94.50841300191276
1863,heartRateBpm,154.54906589751963
1864,speedMps,2.432962900444466
1864,paceSecPerKm,411.02147501604526
1864,cadenceSpm,170.33803496342514
1864,distanceM,4721.933449123991
1864,motionIntensityG,0.758
1864,activeEnergyKcal,94.56013384321295
1864,heartRateBpm,154.85995464614822
1865,speedMps,2.464199824947959
1865,paceSecPerKm,405.81124545007987
1865,cadenceSpm,172.20544555329045
1865,distanceM,4724.397648948939
1865,motionIntensityG,0.758
1865,activeEnergyKcal,94.61185468451315
1865,heartRateBpm,156.07078969186605
1866,speedMps,2.6255186495963083
1866,paceSecPerKm,380.87712694547304
1866,cadenceSpm,171.08351344323705
1866,distanceM,4727.023167598535
1866,motionIntensityG,0.758
1866,activeEnergyKcal,94.66357552581334
1866,heartRateBpm,156.6282050969962
1867,speedMps,2.515972162184771
1867,paceSecPerKm,397.46067743914915
1867,cadenceSpm,167.02797807716
1867,distanceM,4729.53913976072
1867,motionIntensityG,0.758
1867,activeEnergyKcal,94.71529636711354
1867,heartRateBpm,156.57250676125528
1868,speedMps,2.6945880425472026
1868,paceSecPerKm,371.1142424037096
1868,cadenceSpm,170.4109756706309
1868,distanceM,4732.233727803267
1868,motionIntensityG,0.758
1868,activeEnergyKcal,94.76701720841373
1868,heartRateBpm,155.8312526344283
1869,speedMps,2.6503575701686377
1869,paceSecPerKm,377.3075796472141
1869,cadenceSpm,168.5467993982252
1869,distanceM,4734.884085373436
1869,motionIntensityG,0.758
1869,activeEnergyKcal,94.81873804971393
1869,heartRateBpm,156.09970764496262
1870,speedMps,2.614787900479271
1870,paceSecPerKm,382.4401970870018
1870,cadenceSpm,169.14187524439427
1870,distanceM,4737.498873273916
1870,motionIntensityG,0.758
1870,activeEnergyKcal,94.87045889101412
1870,heartRateBpm,154.5306299541652
1871,speedMps,2.5145631443887266
1871,paceSecPerKm,397.6833917380481
1871,cadenceSpm,168.7005494469984
1871,distanceM,4740.013436418304
1871,motionIntensityG,0.758
1871,activeEnergyKcal,94.92217973231432
1871,heartRateBpm,153.06681687222581
1872,speedMps,2.4332162385964735
1872,paceSecPerKm,410.9786808659552
1872,cadenceSpm,169.80051511220475
1872,distanceM,4742.4466526569
1872,motionIntensityG,0.758
1872,activeEnergyKcal,94.97390057361451
1872,heartRateBpm,153.28175502504467
1873,speedMps,2.5660858641039166
1873,paceSecPerKm,389.69857321949064
1873,cadenceSpm,168.6796704377411
1873,distanceM,4745.012738521004
1873,motionIntensityG,0.758
1873,activeEnergyKcal,95.02562141491471
1873,heartRateBpm,152.64320793039158
1874,speedMps,2.535984870934373
1874,paceSecPerKm,394.32411898875176
1874,cadenceSpm,170.08644449359957
1874,distanceM,4747.548723391938
1874,motionIntensityG,0.758
1874,activeEnergyKcal,95.0773422562149
1874,heartRateBpm,153.48661401989918
1875,speedMps,2.570116694020804
1875,paceSecPerKm,389.08739137270686
1875,cadenceSpm,166.9044216602006
1875,distanceM,4750.118840085959
1875,motionIntensityG,0.758
1875,activeEnergyKcal,95.1290630975151
1875,heartRateBpm,154.13602901317049
1876,speedMps,2.5789254651909506
1876,paceSecPerKm,387.75839530746475
1876,cadenceSpm,169.15042325297705
1876,distanceM,4752.69776555115
1876,motionIntensityG,0.758
1876,activeEnergyKcal,95.1807839388153
1876,heartRateBpm,153.55858510484072
1877,speedMps,2.6127745426247033
1877,paceSecPerKm,382.73489873926684
1877,cadenceSpm,168.14861743944044
1877,distanceM,4755.310540093775
1877,motionIntensityG,0.758
1877,activeEnergyKcal,95.23250478011549
1877,heartRateBpm,152.32400363285032
1878,speedMps,2.5533447396624602
1878,paceSecPerKm,391.6431590558332
1878,cadenceSpm,169.79766598758243
1878,distanceM,4757.863884833438
1878,motionIntensityG,0.758
1878,activeEnergyKcal,95.28422562141569
1878,heartRateBpm,152.8990776653483
1879,speedMps,2.569223735108978
1879,paceSecPerKm,389.2226225123143
1879,cadenceSpm,171.3140568292017
1879,distanceM,4760.433108568546
1879,motionIntensityG,0.758
1879,activeEnergyKcal,95.33594646271588
1879,heartRateBpm,155.19091469293792
1880,speedMps,2.5509432511297865
1880,paceSecPerKm,392.0118566170025
1880,cadenceSpm,169.4485640858844
1880,distanceM,4762.984051819676
1880,motionIntensityG,0.758
1880,activeEnergyKcal,95.38766730401608
1880,heartRateBpm,154.03996493805585
1881,speedMps,2.624389276282237
1881,paceSecPerKm,381.04103268422904
1881,cadenceSpm,170.59860572320974
1881,distanceM,4765.608441095958
1881,motionIntensityG,0.758
1881,activeEnergyKcal,95.43938814531627
1881,heartRateBpm,153.98330251268783
1882,speedMps,2.6612051095869576
1882,paceSecPerKm,375.76960768544774
1882,cadenceSpm,167.40198961568134
1882,distanceM,4768.2696462055455
1882,motionIntensityG,0.758
1882,activeEnergyKcal,95.49110898661647
1882,heartRateBpm,156.49218029393302
1883,speedMps,2.6710448380142022
1883,paceSecPerKm,374.3853288301418
1883,cadenceSpm,169.19803385300514
1883,distanceM,4770.94069104356
1883,motionIntensityG,0.758
1883,activeEnergyKcal,95.54282982791666
1883,heartRateBpm,155.2593429743209
1884,speedMps,2.5602742319945313
1884,paceSecPerKm,390.58316000039173
1884,cadenceSpm,171.06457009616912
1884,distanceM,4773.500965275554
1884,motionIntensityG,0.758
1884,activeEnergyKcal,95.59455066921686
1884,heartRateBpm,153.4626121943087
1885,speedMps,2.605748306492018
1885,paceSecPerKm,383.76691927941704
1885,cadenceSpm,170.7646871869964
1885,distanceM,4776.106713582047
1885,motionIntensityG,0.758
1885,activeEnergyKcal,95.64627151051705
1885,heartRateBpm,153.07951596087318
1886,speedMps,2.618486218809437
1886,paceSecPerKm,381.9000431687114
1886,cadenceSpm,166.59592145493983
1886,distanceM,4778.725199800856
1886,motionIntensityG,0.758
1886,activeEnergyKcal,95.69799235181725
1886,heartRateBpm,152.8893138540232
1887,speedMps,2.4643359540508984
1887,paceSecPerKm,405.78882857111694
1887,cadenceSpm,169.1253424446766
1887,distanceM,4781.1895357549065
1887,motionIntensityG,0.758
1887,activeEnergyKcal,95.74971319311744
1887,heartRateBpm,153.2749903913546
1888,speedMps,2.5528292753051245
1888,paceSecPerKm,391.722239193013
1888,cadenceSpm,171.10954823056127
1888,distanceM,4783.742365030212
1888,motionIntensityG,0.758
1888,activeEnergyKcal,95.80143403441764
1888,heartRateBpm,153.15421230512672
1889,speedMps,2.6266367946080127
1889,paceSecPerKm,380.7149896220179
1889,cadenceSpm,172.5074851300505
1889,distanceM,4786.36900182482
1889,motionIntensityG,0.758
1889,activeEnergyKcal,95.85315487571783
1889,heartRateBpm,152.7485126490602
1890,speedMps,2.499641822737004
1890,paceSecPerKm,400.0573165738768
1890,cadenceSpm,166.7591394046653
1890,distanceM,4788.868643647557
1890,motionIntensityG,0.758
1890,activeEnergyKcal,95.90487571701803
1890,heartRateBpm,152.4994467973552
1891,speedMps,2.5477715321227272
1891,paceSecPerKm,392.4998719044599
1891,cadenceSpm,170.76705842970347
1891,distanceM,4791.41641517968
1891,motionIntensityG,0.758
1891,activeEnergyKcal,95.95659655831822
1891,heartRateBpm,151.28841458544602
1892,speedMps,2.5490091879743892
1892,paceSecPerKm,392.3092959875386
1892,cadenceSpm,170.75409049104942
1892,distanceM,4793.965424367655
1892,motionIntensityG,0.758
1892,activeEnergyKcal,96.00831739961842
1892,heartRateBpm,150.50288462119494
1893,speedMps,2.647926183485867
1893,paceSecPerKm,377.65403213904864
1893,cadenceSpm,168.01310065079153
1893,distanceM,4796.613350551141
1893,motionIntensityG,0.758
1893,activeEnergyKcal,96.06003824091862
1893,heartRateBpm,149.27631289098798
1894,speedMps,2.6811921554714995
1894,paceSecPerKm,372.9684192754717
1894,cadenceSpm,170.80767899031443
1894,distanceM,4799.294542706612
1894,motionIntensityG,0.758
1894,activeEnergyKcal,96.11175908221881
1894,heartRateBpm,149.2286576069352
1895,speedMps,2.6583060084011465
1895,paceSecPerKm,376.1794153267764
1895,cadenceSpm,168.13833194313492
1895,distanceM,4801.952848715014
1895,motionIntensityG,0.758
1895,activeEnergyKcal,96.163479923519
1895,heartRateBpm,149.26146422486838
1896,speedMps,2.4386232176022977
1896,paceSecPerKm,410.067448214989
1896,cadenceSpm,170.50547738399808
1896,distanceM,4804.391471932616
1896,motionIntensityG,0.758
1896,activeEnergyKcal,96.2152007648192
1896,heartRateBpm,149.96266447446473
1897,speedMps,2.6368205393738147
1897,paceSecPerKm,379.2446186866693
1897,cadenceSpm,169.18974674258524
1897,distanceM,4807.0282924719895
1897,motionIntensityG,0.758
1897,activeEnergyKcal,96.2669216061194
1897,heartRateBpm,150.39705158791838
1898,speedMps,2.6659364265111645
1898,paceSecPerKm,375.10271815021173
1898,cadenceSpm,170.3853770213988
1898,distanceM,4809.694228898501
1898,motionIntensityG,0.758
1898,activeEnergyKcal,96.31864244741959
1898,heartRateBpm,149.68777514087517
1899,speedMps,2.533841774633085
1899,paceSecPerKm,394.6576341156132
1899,cadenceSpm,170.13734811811057
1899,distanceM,4812.228070673134
1899,motionIntensityG,0.758
1899,activeEnergyKcal,96.37036328871979
1899,heartRateBpm,148.41295944595373
1900,speedMps,2.618093779443366
1900,paceSecPerKm,381.95728810471047
1900,cadenceSpm,171.2559670305088
1900,distanceM,4814.846164452578
1900,motionIntensityG,0.758
1900,activeEnergyKcal,96.42208413001998
1900,heartRateBpm,148.75958450351894
1901,speedMps,2.509524069538174
1901,paceSecPerKm,398.4819321474088
1901,cadenceSpm,169.08246829338702
1901,distanceM,4817.355688522116
1901,motionIntensityG,0.758
1901,activeEnergyKcal,96.47380497132018
1901,heartRateBpm,149.45138580119462
1902,speedMps,2.6134266866220894
1902,paceSecPerKm,382.6393926100608
1902,cadenceSpm,170.79190674484053
1902,distanceM,4819.969115208738
1902,motionIntensityG,0.758
1902,activeEnergyKcal,96.52552581262037
1902,heartRateBpm,148.8475480457144
1903,speedMps,2.615445180237851
1903,paceSecPerKm,382.34408717718145
1903,cadenceSpm,169.30106871869074
1903,distanceM,4822.584560388976
1903,motionIntensityG,0.758
1903,activeEnergyKcal,96.57724665392057
1903,heartRateBpm,149.3016403759084
1904,speedMps,2.576511858619263
1904,paceSecPerKm,388.12163687687973
1904,cadenceSpm,169.01493884442047
1904,distanceM,4825.161072247595
1904,motionIntensityG,0.758
1904,activeEnergyKcal,96.62896749522076
1904,heartRateBpm,149.02925989255377
1905,speedMps,2.4798806563693763
1905,paceSecPerKm,403.2452115917673
1905,cadenceSpm,169.47366379650148
1905,distanceM,4827.640952903965
1905,motionIntensityG,0.758
1905,activeEnergyKcal,96.68068833652096
1905,heartRateBpm,148.37407861134744
1906,speedMps,2.61348345850347
1906,paceSecPerKm,382.63108065456015
1906,cadenceSpm,168.67082496483468
1906,distanceM,4830.254436362468
1906,motionIntensityG,0.758
1906,activeEnergyKcal,96.73240917782115
1906,heartRateBpm,147.21850453742817
1907,speedMps,2.693952897046349
1907,paceSecPerKm,371.20173893775217
1907,cadenceSpm,170.7162185770754
1907,distanceM,4832.948389259514
1907,motionIntensityG,0.758
1907,activeEnergyKcal,96.78413001912135
1907,heartRateBpm,146.48780862991458
1908,speedMps,2.4893667469726477
1908,paceSecPerKm,401.70858762217875
1908,cadenceSpm,169.06361399233333
1908,distanceM,4835.437756006487
1908,motionIntensityG,0.758
1908,activeEnergyKcal,96.83585086042154
1908,heartRateBpm,146.38929607335507
1909,speedMps,2.573351571231601
1909,paceSecPerKm,388.5982821699726
1909,cadenceSpm,169.0818191489026
1909,distanceM,4838.011107577719
1909,motionIntensityG,0.758
1909,activeEnergyKcal,96.88757170172174
1909,heartRateBpm,146.12377793157407
1910,speedMps,2.5660499337626654
1910,paceSecPerKm,389.704029856377
1910,cadenceSpm,169.45409066959755
1910,distanceM,4840.577157511481
1910,motionIntensityG,0.758
1910,activeEnergyKcal,96.93929254302193
1910,heartRateBpm,148.35624567415337
1911,speedMps,2.6095786770567884
1911,paceSecPerKm,383.20362163897255
1911,cadenceSpm,170.98657058896225
1911,distanceM,4843.186736188538
1911,motionIntensityG,0.758
1911,activeEnergyKcal,96.99101338432213
1911,heartRateBpm,151.7188397647409
1912,speedMps,2.5479248231466323
1912,paceSecPerKm,392.4762579003495
1912,cadenceSpm,168.26758928277337
1912,distanceM,4845.734661011685
1912,motionIntensityG,0.758
1912,activeEnergyKcal,97.04273422562233
1912,heartRateBpm,153.37687006270414
1913,speedMps,2.722338175388908
1913,paceSecPerKm,367.3312922841197
1913,cadenceSpm,172.61578931191283
1913,distanceM,4848.456999187074
1913,motionIntensityG,0.758
1913,activeEnergyKcal,97.09445506692252
1913,heartRateBpm,153.97960628827627
1914,speedMps,2.5800460803958214
1914,paceSecPerKm,387.5899766280855
1914,cadenceSpm,168.813145888811
1914,distanceM,4851.03704526747
1914,motionIntensityG,0.758
1914,activeEnergyKcal,97.14617590822272
1914,heartRateBpm,153.949817462507
1915,speedMps,2.532195372675587
1915,paceSecPerKm,394.9142356039347
1915,cadenceSpm,168.29800148677683
1915,distanceM,4853.569240640145
1915,motionIntensityG,0.758
1915,activeEnergyKcal,97.19789674952291
1915,heartRateBpm,153.5157867450154
1916,speedMps,2.5474975889312885
1916,paceSecPerKm,392.5420790759273
1916,cadenceSpm,169.32359095634948
1916,distanceM,4856.116738229076
1916,motionIntensityG,0.758
1916,activeEnergyKcal,97.2496175908231
1916,heartRateBpm,152.37838662972035
1917,speedMps,2.4669741365294207
1917,paceSecPerKm,405.3548779424239
1917,cadenceSpm,172.11629614819773
1917,distanceM,4858.583712365606
1917,motionIntensityG,0.758
1917,activeEnergyKcal,97.3013384321233
1917,heartRateBpm,151.8141300896899
1918,speedMps,2.632463345397161
1918,paceSecPerKm,379.87233582890764
1918,cadenceSpm,168.92370951206902
1918,distanceM,4861.2161757110025
1918,motionIntensityG,0.758
1918,activeEnergyKcal,97.3530592734235
1918,heartRateBpm,150.6861238142029
1919,speedMps,2.558132320900584
1919,paceSecPerKm,390.91019328036657
1919,cadenceSpm,170.4606634023299
1919,distanceM,4863.774308031903
1919,motionIntensityG,0.758
1919,activeEnergyKcal,97.40478011472369
1919,heartRateBpm,150.89375683453395
1920,speedMps,2.62391882991758
1920,paceSecPerKm,381.10935010570086
1920,cadenceSpm,170.39546297649593
1920,distanceM,4866.398226861821
1920,motionIntensityG,0.758
1920,activeEnergyKcal,97.45650095602389
1920,heartRateBpm,151.36468533588996
1921,speedMps,2.593724363780931
1921,paceSecPerKm,385.5459793508194
1921,cadenceSpm,171.55100685082277
1921,distanceM,4868.991951225602
1921,motionIntensityG,0.758
1921,activeEnergyKcal,97.50822179732408
1921,heartRateBpm,152.08346835595648
1922,speedMps,2.584910584953716
1922,paceSecPerKm,386.86057684966516
1922,cadenceSpm,167.60383426100773
1922,distanceM,4871.576861810556
1922,motionIntensityG,0.758
1922,activeEnergyKcal,97.55994263862428
1922,heartRateBpm,150.7508692060645
1923,speedMps,2.59341847421846
1923,paceSecPerKm,385.5914538826424
1923,cadenceSpm,171.24525029624354
1923,distanceM,4874.170280284774
1923,motionIntensityG,0.758
1923,activeEnergyKcal,97.61166347992447
1923,heartRateBpm,152.80118247678325
1924,speedMps,2.520661013411667
1924,paceSecPerKm,396.721334078365
1924,cadenceSpm,169.3648449517529
1924,distanceM,4876.690941298186
1924,motionIntensityG,0.758
1924,activeEnergyKcal,97.66338432122467
1924,heartRateBpm,151.91183944884006
1925,speedMps,2.6210335929701003
1925,paceSecPerKm,381.528875738987
1925,cadenceSpm,170.53762594231603
1925,distanceM,4879.311974891156
1925,motionIntensityG,0.758
1925,activeEnergyKcal,97.71510516252486
1925,heartRateBpm,152.90033310493263
1926,speedMps,2.6586067527449804
1926,paceSecPerKm,376.1368615224917
1926,cadenceSpm,169.47507275570092
1926,distanceM,4881.970581643901
1926,motionIntensityG,0.758
1926,activeEnergyKcal,97.76682600382506
1926,heartRateBpm,152.86275484087312
1927,speedMps,2.6433008696905675
1927,paceSecPerKm,378.31486058454743
1927,cadenceSpm,169.95011610587872
1927,distanceM,4884.613882513591
1927,motionIntensityG,0.758
1927,activeEnergyKcal,97.81854684512525
1927,heartRateBpm,150.07876550426704
1928,speedMps,2.5165577975735576
1928,paceSecPerKm,397.3681832240019
1928,cadenceSpm,167.0602436062236
1928,distanceM,4887.130440311164
1928,motionIntensityG,0.758
1928,activeEnergyKcal,97.87026768642545
1928,heartRateBpm,151.49291350386216
1929,speedMps,2.5549906474741166
1929,paceSecPerKm,391.39086516367786
1929,cadenceSpm,168.13289075316663
1929,distanceM,4889.685430958639
1929,motionIntensityG,0.758
1929,activeEnergyKcal,97.92198852772565
1929,heartRateBpm,150.10691375959087
1930,speedMps,2.592555758922936
1930,paceSecPerKm,385.7197657401378
1930,cadenceSpm,170.6957422090341
1930,distanceM,4892.277986717561
1930,motionIntensityG,0.758
1930,activeEnergyKcal,97.97370936902584
1930,heartRateBpm,149.56721387315815
1931,speedMps,2.505628771312647
1931,paceSecPerKm,399.10141975106745
1931,cadenceSpm,170.40038725075664
1931,distanceM,4894.783615488874
1931,motionIntensityG,0.758
1931,activeEnergyKcal,98.02543021032604
1931,heartRateBpm,148.06788307079503
1932,speedMps,2.582495502175458
1932,paceSecPerKm,387.22235882216023
1932,cadenceSpm,168.33824241068754
1932,distanceM,4897.366110991049
1932,motionIntensityG,0.758
1932,activeEnergyKcal,98.07715105162623
1932,heartRateBpm,147.62938389149556
1933,speedMps,2.623203570827474
1933,paceSecPerKm,381.2132657644088
1933,cadenceSpm,172.75726070953604
1933,distanceM,4899.989314561876
1933,motionIntensityG,0.758
1933,activeEnergyKcal,98.12887189292643
1933,heartRateBpm,147.26563626688284
1934,speedMps,2.736848942771375
1934,paceSecPerKm,365.38370253909034
1934,cadenceSpm,170.9603940882178
1934,distanceM,4902.726163504648
1934,motionIntensityG,0.758
1934,activeEnergyKcal,98.18059273422662
1934,heartRateBpm,147.70176244020053
1935,speedMps,2.54030268452266
1935,paceSecPerKm,393.6538767969325
1935,cadenceSpm,170.14768598408236
1935,distanceM,4905.26646618917
1935,motionIntensityG,0.758
1935,activeEnergyKcal,98.23231357552682
1935,heartRateBpm,148.43170279353714
1936,speedMps,2.506889760144246
1936,paceSecPerKm,398.90066803035654
1936,cadenceSpm,169.03834387096512
1936,distanceM,4907.7733559493145
1936,motionIntensityG,0.758
1936,activeEnergyKcal,98.28403441682701
1936,heartRateBpm,150.24171078259022
1937,speedMps,2.590269096450373
1937,paceSecPerKm,386.06027511595994
1937,cadenceSpm,169.54255329738572
1937,distanceM,4910.363625045765
1937,motionIntensityG,0.758
1937,activeEnergyKcal,98.33575525812721
1937,heartRateBpm,152.11641538336175
1938,speedMps,2.566383229760051
1938,paceSecPerKm,389.6534190232754
1938,cadenceSpm,172.28904224212343
1938,distanceM,4912.930008275525
1938,motionIntensityG,0.758
1938,activeEnergyKcal,98.3874760994274
1938,heartRateBpm,152.58047065823334
1939,speedMps,2.4889600867389174
1939,paceSecPerKm,401.774221020241
1939,cadenceSpm,168.5092295385575
1939,distanceM,4915.418968362264
1939,motionIntensityG,0.758
1939,activeEnergyKcal,98.4391969407276
1939,heartRateBpm,152.44598114758412
1940,speedMps,2.607628089298672
1940,paceSecPerKm,383.49026999051557
1940,cadenceSpm,170.33270360408054
1940,distanceM,4918.026596451563
1940,motionIntensityG,0.758
1940,activeEnergyKcal,98.4909177820278
1940,heartRateBpm,152.46387777617363
1941,speedMps,2.5768812696592467
1941,paceSecPerKm,388.0659973644167
1941,cadenceSpm,169.02646889750426
1941,distanceM,4920.603477721223
1941,motionIntensityG,0.758
1941,activeEnergyKcal,98.54263862332799
1941,heartRateBpm,150.86554259868606
1942,speedMps,2.420675503235536
1942,paceSecPerKm,413.1078282336376
1942,cadenceSpm,166.6971397369138
1942,distanceM,4923.024153224458
1942,motionIntensityG,0.758
1942,activeEnergyKcal,98.59435946462818
1942,heartRateBpm,150.99224837009268
1943,speedMps,2.6056239563993238
1943,paceSecPerKm,383.78523406803737
1943,cadenceSpm,169.2455277965787
1943,distanceM,4925.629777180858
1943,motionIntensityG,0.758
1943,activeEnergyKcal,98.64608030592838
1943,heartRateBpm,151.30547321882602
1944,speedMps,2.5041512245590436
1944,paceSecPerKm,399.33690513283204
1944,cadenceSpm,170.58331502678968
1944,distanceM,4928.133928405417
1944,motionIntensityG,0.758
1944,activeEnergyKcal,98.69780114722857
1944,heartRateBpm,151.67953421269408
1945,speedMps,2.51233738866087
1945,paceSecPerKm,398.03571149057393
1945,cadenceSpm,172.8785165706895
1945,distanceM,4930.646265794077
1945,motionIntensityG,0.758
1945,activeEnergyKcal,98.74952198852877
1945,heartRateBpm,151.63808542672675
1946,speedMps,2.5915557370902844
1946,paceSecPerKm,385.86860613801343
1946,cadenceSpm,168.35147660964304
1946,distanceM,4933.237821531167
1946,motionIntensityG,0.758
1946,activeEnergyKcal,98.80124282982896
1946,heartRateBpm,151.94916089148694
1947,speedMps,2.5586290545362007
1947,paceSecPerKm,390.83430176292933
1947,cadenceSpm,171.47303883209472
1947,distanceM,4935.7964505857035
1947,motionIntensityG,0.758
1947,activeEnergyKcal,98.85296367112916
1947,heartRateBpm,151.56244272555838
1948,speedMps,2.6030365377170663
1948,paceSecPerKm,384.1667166443338
1948,cadenceSpm,169.56721507872876
1948,distanceM,4938.399487123421
1948,motionIntensityG,0.758
1948,activeEnergyKcal,98.90468451242936
1948,heartRateBpm,151.1310633119517
1949,speedMps,2.5212340568937135
1949,paceSecPerKm,396.63116451474957
1949,cadenceSpm,170.09181933323728
1949,distanceM,4940.920721180314
1949,motionIntensityG,0.758
1949,activeEnergyKcal,98.95640535372955
1949,heartRateBpm,152.52055067634737
1950,speedMps,2.6083231569063834
1950,paceSecPerKm,383.38807726035594
1950,cadenceSpm,167.76090550527266
1950,distanceM,4943.5290443372205
1950,motionIntensityG,0.758
1950,activeEnergyKcal,99.00812619502975
1950,heartRateBpm,150.9459790836486
1951,speedMps,2.54323743433346
1951,paceSecPerKm,393.1996228508186
1951,cadenceSpm,169.57018724141963
1951,distanceM,4946.072281771554
1951,motionIntensityG,0.758
1951,activeEnergyKcal,99.05984703632994
1951,heartRateBpm,148.21027596545332
1952,speedMps,2.537801941005503
1952,paceSecPerKm,394.0417823164679
1952,cadenceSpm,168.17830860201522
1952,distanceM,4948.61008371256
1952,motionIntensityG,0.758
1952,activeEnergyKcal,99.11156787763014
1952,heartRateBpm,148.1749812202108
1953,speedMps,2.525578736909928
1953,paceSecPerKm,395.94885140009944
1953,cadenceSpm,170.90060862265148
1953,distanceM,4951.135662449469
1953,motionIntensityG,0.758
1953,activeEnergyKcal,99.16328871893033
1953,heartRateBpm,148.4585749556638
1954,speedMps,2.496510498500828
1954,paceSecPerKm,400.55910063286615
1954,cadenceSpm,170.55421847325522
1954,distanceM,4953.6321729479705
1954,motionIntensityG,0.758
1954,activeEnergyKcal,99.21500956023053
1954,heartRateBpm,147.55253131067855
1955,speedMps,2.4619763093918756
1955,paceSecPerKm,406.17775085212196
1955,cadenceSpm,168.3132506748413
1955,distanceM,4956.094149257362
1955,motionIntensityG,0.758
1955,activeEnergyKcal,99.26673040153072
1955,heartRateBpm,146.05884016690666
1956,speedMps,2.5084289197982805
1956,paceSecPerKm,398.6559045414038
1956,cadenceSpm,168.8474924080683
1956,distanceM,4958.6025781771605
1956,motionIntensityG,0.758
1956,activeEnergyKcal,99.31845124283092
1956,heartRateBpm,144.6629825548985
1957,speedMps,2.55198525202501
1957,paceSecPerKm,391.85179428701485
1957,cadenceSpm,170.2050631219552
1957,distanceM,4961.154563429185
1957,motionIntensityG,0.758
1957,activeEnergyKcal,99.37017208413111
1957,heartRateBpm,145.4182806443291
1958,speedMps,2.4134498130826705
1958,paceSecPerKm,414.34464250272185
1958,cadenceSpm,168.99211816408274
1958,distanceM,4963.568013242268
1958,motionIntensityG,0.758
1958,activeEnergyKcal,99.42189292543131
1958,heartRateBpm,144.88656913043562
1959,speedMps,2.5978479112394424
1959,paceSecPerKm,384.9340046711574
1959,cadenceSpm,172.12343355098275
1959,distanceM,4966.165861153507
1959,motionIntensityG,0.758
1959,activeEnergyKcal,99.4736137667315
1959,heartRateBpm,144.83095009540597
1960,speedMps,2.5776236338186322
1960,paceSecPerKm,387.95423306952904
1960,cadenceSpm,170.3968435129447
1960,distanceM,4968.7434847873255
1960,motionIntensityG,0.758
1960,activeEnergyKcal,99.5253346080317
1960,heartRateBpm,144.02398118026915
1961,speedMps,2.4719391634541887
1961,paceSecPerKm,404.54070018561464
1961,cadenceSpm,168.51033571633056
1961,distanceM,4971.21542395078
1961,motionIntensityG,0.758
1961,activeEnergyKcal,99.5770554493319
1961,heartRateBpm,141.5946806625055
1962,speedMps,2.7461222256573055
1962,paceSecPerKm,364.14985125457855
1962,cadenceSpm,168.15883623599186
1962,distanceM,4973.961546176437
1962,motionIntensityG,0.758
1962,activeEnergyKcal,99.62877629063209
1962,heartRateBpm,142.14075645380694
1963,speedMps,2.568086024712901
1963,paceSecPerKm,389.3950554525505
1963,cadenceSpm,168.90729484611336
1963,distanceM,4976.52963220115
1963,motionIntensityG,0.758
1963,activeEnergyKcal,99.68049713193228
1963,heartRateBpm,141.53546703619116
1964,speedMps,2.5836892446439133
1964,paceSecPerKm,387.0434503967682
1964,cadenceSpm,170.19715067306151
1964,distanceM,4979.113321445794
1964,motionIntensityG,0.758
1964,activeEnergyKcal,99.73221797323248
1964,heartRateBpm,139.20657367021818
1965,speedMps,2.5668676724690864
1965,paceSecPerKm,389.57988007153233
1965,cadenceSpm,170.85244495712195
1965,distanceM,4981.680189118263
1965,motionIntensityG,0.758
1965,activeEnergyKcal,99.78393881453268
1965,heartRateBpm,139.93575324030607
1966,speedMps,2.554234539176327
1966,paceSecPerKm,391.5067252682573
1966,cadenceSpm,171.2761799780236
1966,distanceM,4984.234423657439
1966,motionIntensityG,0.758
1966,activeEnergyKcal,99.83565965583287
1966,heartRateBpm,140.35814275775374
1967,speedMps,2.4685468068091874
1967,paceSecPerKm,405.0966330642875
1967,cadenceSpm,169.56217913817392
1967,distanceM,4986.702970464248
1967,motionIntensityG,0.758
1967,activeEnergyKcal,99.88738049713307
1967,heartRateBpm,140.58455279292676
1968,speedMps,2.4869038792953075
1968,paceSecPerKm,402.1064136517256
1968,cadenceSpm,168.4314801290959
1968,distanceM,4989.189874343543
1968,motionIntensityG,0.758
1968,activeEnergyKcal,99.93910133843326
1968,heartRateBpm,142.7369056783849
1969,speedMps,2.5822324390282727
1969,paceSecPerKm,387.26180683266176
1969,cadenceSpm,170.5839706293156
1969,distanceM,4991.772106782571
1969,motionIntensityG,0.758
1969,activeEnergyKcal,99.99082217973346
1969,heartRateBpm,143.49615566545168
1970,speedMps,2.4947435735878902
1970,paceSecPerKm,400.8428002729836
1970,cadenceSpm,169.11928507062214
1970,distanceM,4994.266850356159
1970,motionIntensityG,0.758
1970,activeEnergyKcal,100.04254302103365
1970,heartRateBpm,142.195570731716
1971,speedMps,2.4965524040804823
1971,paceSecPerKm,400.5523770963322
1971,cadenceSpm,169.0096050688455
1971,distanceM,4996.76340276024
1971,motionIntensityG,0.758
1971,activeEnergyKcal,100.09426386233385
1971,heartRateBpm,141.20553873674183
1972,speedMps,2.660050509127914
1972,paceSecPerKm,375.93271126563894
1972,cadenceSpm,168.741390653957
1972,distanceM,4999.423453269368
1972,motionIntensityG,0.758
1972,activeEnergyKcal,100.14598470363404
1972,heartRateBpm,140.766341507877
1973,speedMps,2.629771210765513
1973,paceSecPerKm,380.26121660557124
1973,cadenceSpm,169.58727981591665
1973,distanceM,5002.053224480133
1973,motionIntensityG,0.758
1973,activeEnergyKcal,100.19770554493424
1973,heartRateBpm,141.33805803056208
1974,speedMps,2.5290370359418906
1974,paceSecPerKm,395.40741625698234
1974,cadenceSpm,169.11135411477713
1974,distanceM,5004.582261516075
1974,motionIntensityG,0.758
1974,activeEnergyKcal,100.24942638623443
1974,heartRateBpm,139.70232128850293
1975,speedMps,2.577223154413971
1975,paceSecPerKm,388.01451798510936
1975,cadenceSpm,170.1278554804379
1975,distanceM,5007.159484670489
1975,motionIntensityG,0.758
1975,activeEnergyKcal,100.30114722753463
1975,heartRateBpm,139.1662576058345
1976,speedMps,2.5956653072166787
1976,paceSecPerKm,385.2576821902728
1976,cadenceSpm,171.71623845008162
1976,distanceM,5009.755149977706
1976,motionIntensityG,0.758
1976,activeEnergyKcal,100.35286806883482
1976,heartRateBpm,138.40203044752857
1977,speedMps,2.4627886745317085
1977,paceSecPerKm,406.0437707632982
1977,cadenceSpm,170.0286512564678
1977,distanceM,5012.217938652238
1977,motionIntensityG,0.758
1977,activeEnergyKcal,100.40458891013502
1977,heartRateBpm,139.6790383516154
1978,speedMps,2.5856590831412323
1978,paceSecPerKm,386.7485882110695
1978,cadenceSpm,169.65596874255604
1978,distanceM,5014.803597735379
1978,motionIntensityG,0.758
1978,activeEnergyKcal,100.45630975143521
1978,heartRateBpm,139.83718162670715
1979,speedMps,2.5107033778154833
1979,paceSecPerKm,398.2947602795204
1979,cadenceSpm,170.79869824887714
1979,distanceM,5017.314301113195
1979,motionIntensityG,0.758
1979,activeEnergyKcal,100.50803059273541
1979,heartRateBpm,139.62927807009316
1980,speedMps,2.6950126278617614
1980,paceSecPerKm,371.0557752723429
1980,cadenceSpm,169.7233368271724
1980,distanceM,5020.009313741057
1980,motionIntensityG,0.758
1980,activeEnergyKcal,100.5597514340356
1980,heartRateBpm,137.96067614352978
1981,speedMps,2.5288609690881207
1981,paceSecPerKm,395.4349457022894
1981,cadenceSpm,170.03598275835077
1981,distanceM,5022.538174710145
1981,motionIntensityG,0.758
1981,activeEnergyKcal,100.6114722753358
1981,heartRateBpm,136.75631104100086
1982,speedMps,2.520430319555045
1982,paceSecPerKm,396.7576458041258
1982,cadenceSpm,170.558987166241
1982,distanceM,5025.0586050297
1982,motionIntensityG,0.758
1982,activeEnergyKcal,100.663193116636
1982,heartRateBpm,136.60315650800496
1983,speedMps,2.614644950447647
1983,paceSecPerKm,382.46110617382004
1983,cadenceSpm,168.28416758557842
1983,distanceM,5027.673249980147
1983,motionIntensityG,0.758
1983,activeEnergyKcal,100.71491395793619
1983,heartRateBpm,136.79121682170148
1984,speedMps,2.611808761509301
1984,paceSecPerKm,382.87642446766444
1984,cadenceSpm,172.7237377514959
1984,distanceM,5030.285058741657
1984,motionIntensityG,0.758
1984,activeEnergyKcal,100.76663479923639
1984,heartRateBpm,138.70412244868888
1985,speedMps,2.523163007219379
1985,paceSecPerKm,396.32794121456214
1985,cadenceSpm,172.46423210980117
1985,distanceM,5032.808221748876
1985,motionIntensityG,0.758
1985,activeEnergyKcal,100.81835564053658
1985,heartRateBpm,138.67941251386486
1986,speedMps,2.6450338096414256
1986,paceSecPerKm,378.0670010171118
1986,cadenceSpm,167.39856093956897
1986,distanceM,5035.453255558517
1986,motionIntensityG,0.758
1986,activeEnergyKcal,100.87007648183678
1986,heartRateBpm,137.5556126112231
1987,speedMps,2.6777582150749772
1987,paceSecPerKm,373.44671164494963
1987,cadenceSpm,170.06689236175762
1987,distanceM,5038.131013773593
1987,motionIntensityG,0.758
1987,activeEnergyKcal,100.92179732313697
1987,heartRateBpm,136.56638018675176
1988,speedMps,2.5728928665065793
1988,paceSecPerKm,388.6675628891534
1988,cadenceSpm,171.03161417167675
1988,distanceM,5040.703906640099
1988,motionIntensityG,0.758
1988,activeEnergyKcal,100.97351816443717
1988,heartRateBpm,137.31224257353247
1989,speedMps,2.7747096805218403
1989,paceSecPerKm,360.3980650732187
1989,cadenceSpm,169.11600231602245
1989,distanceM,5043.478616320621
1989,motionIntensityG,0.758
1989,activeEnergyKcal,101.02523900573736
1989,heartRateBpm,139.4492256624616
1990,speedMps,2.582737941654851
1990,paceSecPerKm,387.1860105788607
1990,cadenceSpm,171.2117609701957
1990,distanceM,5046.061354262276
1990,motionIntensityG,0.758
1990,activeEnergyKcal,101.07695984703756
1990,heartRateBpm,138.2733135504872
1991,speedMps,2.49536449383249
1991,paceSecPerKm,400.74305876820273
1991,cadenceSpm,167.5122814067096
1991,distanceM,5048.556718756108
1991,motionIntensityG,0.758
1991,activeEnergyKcal,101.12868068833775
1991,heartRateBpm,138.15681163280462
1992,speedMps,2.4939047563610863
1992,paceSecPerKm,400.97762252120765
1992,cadenceSpm,168.46123108868292
1992,distanceM,5051.050623512469
1992,motionIntensityG,0.758
1992,activeEnergyKcal,101.18040152963795
1992,heartRateBpm,138.63622653188966
1993,speedMps,2.5024166575557705
1993,paceSecPerKm,399.6137082050707
1993,cadenceSpm,169.08109001782074
1993,distanceM,5053.553040170025
1993,motionIntensityG,0.758
1993,activeEnergyKcal,101.23212237093814
1993,heartRateBpm,137.0830982180692
1994,speedMps,2.605870400824067
1994,paceSecPerKm,383.74893842908114
1994,cadenceSpm,169.68323948444802
1994,distanceM,5056.158910570849
1994,motionIntensityG,0.758
1994,activeEnergyKcal,101.28384321223834
1994,heartRateBpm,136.56168954297638
1995,speedMps,2.6327582035271764
1995,paceSecPerKm,379.8297916839736
1995,cadenceSpm,168.31321025237585
1995,distanceM,5058.791668774376
1995,motionIntensityG,0.758
1995,activeEnergyKcal,101.33556405353853
1995,heartRateBpm,139.00452396494728
1996,speedMps,2.519870195072956
1996,paceSecPerKm,396.84583831154356
1996,cadenceSpm,168.76720411071398
1996,distanceM,5061.311538969449
1996,motionIntensityG,0.758
1996,activeEnergyKcal,101.38728489483873
1996,heartRateBpm,139.33805382403042
1997,speedMps,2.5282624971277494
1997,paceSecPerKm,395.5285501944743
1997,cadenceSpm,167.7035146325892
1997,distanceM,5063.839801466577
1997,motionIntensityG,0.758
1997,activeEnergyKcal,101.43900573613892
1997,heartRateBpm,140.89843207217817
1998,speedMps,2.493874332990001
1998,paceSecPerKm,400.9825141433899
1998,cadenceSpm,168.90631897271837
1998,distanceM,5066.333675799568
1998,motionIntensityG,0.758
1998,activeEnergyKcal,101.49072657743912
1998,heartRateBpm,141.3211046282125
1999,speedMps,2.558144548717389
1999,paceSecPerKm,390.9083247470841
1999,cadenceSpm,171.40292271717183
1999,distanceM,5068.891820348285
1999,motionIntensityG,0.758
1999,activeEnergyKcal,101.54244741873931
1999,heartRateBpm,141.11624522913806
2000,speedMps,2.5874233001511153
2000,paceSecPerKm,386.4848863120295
2000,cadenceSpm,170.57249210261736
2000,distanceM,5071.479243648437
2000,motionIntensityG,0.758
2000,activeEnergyKcal,101.59416826003951
2000,heartRateBpm,140.9285859672199
2001,speedMps,2.4607964959184505
2001,paceSecPerKm,406.3724902317723
2001,cadenceSpm,168.88118231700037
2001,distanceM,5073.940040144355
2001,motionIntensityG,0.758
2001,activeEnergyKcal,101.6458891013397
2001,heartRateBpm,140.95007794766224
2002,speedMps,2.6215483159781505
2002,paceSecPerKm,381.45396516443014
2002,cadenceSpm,168.35565598862138
2002,distanceM,5076.561588460334
2002,motionIntensityG,0.758
2002,activeEnergyKcal,101.6976099426399
2002,heartRateBpm,140.50151673000025
2003,speedMps,2.524759715337259
2003,paceSecPerKm,396.07729556411243
2003,cadenceSpm,168.17402751539663
2003,distanceM,5079.086348175671
2003,motionIntensityG,0.758
2003,activeEnergyKcal,101.7493307839401
2003,heartRateBpm,140.25159843033902
2004,speedMps,2.519753014728216
2004,paceSecPerKm,396.8642935061083
2004,cadenceSpm,170.018296303891
2004,distanceM,5081.606101190399
2004,motionIntensityG,0.758
2004,activeEnergyKcal,101.80105162524029
2004,heartRateBpm,140.2819477586091
2005,speedMps,2.5860052748896565
2005,paceSecPerKm,386.6968136956602
2005,cadenceSpm,170.83972266595418
2005,distanceM,5084.192106465289
2005,motionIntensityG,0.758
2005,activeEnergyKcal,101.85277246654049
2005,heartRateBpm,140.94618384538938
2006,speedMps,2.594240036904726
2006,paceSecPerKm,385.46934199394025
2006,cadenceSpm,172.8680110393219
2006,distanceM,5086.786346502194
2006,motionIntensityG,0.758
2006,activeEnergyKcal,101.90449330784068
2006,heartRateBpm,140.66887746941623
2007,speedMps,2.683425330486643
2007,paceSecPerKm,372.6580310019838
2007,cadenceSpm,167.21025036220837
2007,distanceM,5089.469771832681
2007,motionIntensityG,0.758
2007,activeEnergyKcal,101.95621414914088
2007,heartRateBpm,139.91092478581277
2008,speedMps,2.491278885945006
2008,paceSecPerKm,401.40026299009645
2008,cadenceSpm,168.06956691049012
2008,distanceM,5091.961050718625
2008,motionIntensityG,0.758
2008,activeEnergyKcal,102.00793499044107
2008,heartRateBpm,141.0450660831645
2009,speedMps,2.5241829317507514
2009,paceSecPerKm,396.1678004479686
2009,cadenceSpm,167.62433271370116
2009,distanceM,5094.485233650376
2009,motionIntensityG,0.758
2009,activeEnergyKcal,102.05965583174127
2009,heartRateBpm,140.95764679432776
2010,speedMps,2.574908068588328
2010,paceSecPerKm,388.3633797257242
2010,cadenceSpm,167.89568022074425
2010,distanceM,5097.060141718965
2010,motionIntensityG,0.758
2010,activeEnergyKcal,102.11137667304146
2010,heartRateBpm,141.6877317016675
2011,speedMps,2.562042913602093
2011,paceSecPerKm,390.31352468411797
2011,cadenceSpm,168.26281658428283
2011,distanceM,5099.622184632567
2011,motionIntensityG,0.758
2011,activeEnergyKcal,102.16309751434166
2011,heartRateBpm,139.55431456495154
2012,speedMps,2.5102822916848724
2012,paceSecPerKm,398.361572048063
2012,cadenceSpm,171.59190567191214
2012,distanceM,5102.132466924252
2012,motionIntensityG,0.758
2012,activeEnergyKcal,102.21481835564185
2012,heartRateBpm,139.42523905594126
2013,speedMps,2.6701775507427565
2013,paceSecPerKm,374.5069310922161
2013,cadenceSpm,170.73394355351095
2013,distanceM,5104.802644474995
2013,motionIntensityG,0.758
2013,activeEnergyKcal,102.26653919694205
2013,heartRateBpm,138.64750544325878
2014,speedMps,2.5168098562710353
2014,paceSecPerKm,397.32838677039496
2014,cadenceSpm,170.00170228576
2014,distanceM,5107.319454331266
2014,motionIntensityG,0.758
2014,activeEnergyKcal,102.31826003824224
2014,heartRateBpm,137.97877115782336
2015,speedMps,2.610971084484644
2015,paceSecPerKm,382.99926258945186
2015,cadenceSpm,168.34774975605993
2015,distanceM,5109.9304254157505
2015,motionIntensityG,0.758
2015,activeEnergyKcal,102.36998087954244
2015,heartRateBpm,135.92852626364956
2016,speedMps,2.4675398042846393
2016,paceSecPerKm,405.2619529231499
2016,cadenceSpm,169.664676633087
2016,distanceM,5112.397965220035
2016,motionIntensityG,0.758
2016,activeEnergyKcal,102.42170172084263
2016,heartRateBpm,136.21465910763908
2017,speedMps,2.6101068371508838
2017,paceSecPerKm,383.12607965563996
2017,cadenceSpm,168.36928588826308
2017,distanceM,5115.008072057186
2017,motionIntensityG,0.758
2017,activeEnergyKcal,102.47342256214283
2017,heartRateBpm,134.91090181100694
2018,speedMps,2.5832163375445707
2018,paceSecPerKm,387.1143060942901
2018,cadenceSpm,169.86900547760916
2018,distanceM,5117.59128839473
2018,motionIntensityG,0.758
2018,activeEnergyKcal,102.52514340344302
2018,heartRateBpm,135.7741454894531
2019,speedMps,2.607670238955994
2019,paceSecPerKm,383.4840713603265
2019,cadenceSpm,166.46620091620684
2019,distanceM,5120.198958633687
2019,motionIntensityG,0.758
2019,activeEnergyKcal,102.57686424474322
2019,heartRateBpm,135.69217755298956
2020,speedMps,2.518391058046778
2020,paceSecPerKm,397.0789194175361
2020,cadenceSpm,170.54288577930956
2020,distanceM,5122.717349691734
2020,motionIntensityG,0.758
2020,activeEnergyKcal,102.62858508604342
2020,heartRateBpm,135.4224812362847
2021,speedMps,2.62429116429975
2021,paceSecPerKm,381.05527831811065
2021,cadenceSpm,170.17147892287366
2021,distanceM,5125.341640856033
2021,motionIntensityG,0.758
2021,activeEnergyKcal,102.68030592734361
2021,heartRateBpm,136.71793225879617
2022,speedMps,2.5595173639777293
2022,paceSecPerKm,390.69865829935475
2022,cadenceSpm,171.11884183180524
2022,distanceM,5127.901158220011
2022,motionIntensityG,0.758
2022,activeEnergyKcal,102.7320267686438
2022,heartRateBpm,135.52568335409143
2023,speedMps,2.522009687805652
2023,paceSecPerKm,396.5091826709354
2023,cadenceSpm,169.06766856893725
2023,distanceM,5130.423167907817
2023,motionIntensityG,0.758
2023,activeEnergyKcal,102.783747609944
2023,heartRateBpm,136.2284683932173
2024,speedMps,2.5134169031700613
2024,paceSecPerKm,397.86475484379224
2024,cadenceSpm,170.65377364860242
2024,distanceM,5132.9365848109865
2024,motionIntensityG,0.758
2024,activeEnergyKcal,102.8354684512442
2024,heartRateBpm,137.38587938774873
2025,speedMps,2.614200908172426
2025,paceSecPerKm,382.5260701554475
2025,cadenceSpm,169.74284138638424
2025,distanceM,5135.550785719159
2025,motionIntensityG,0.758
2025,activeEnergyKcal,102.88718929254439
2025,heartRateBpm,134.83427894700006
2026,speedMps,2.502760202110526
2026,paceSecPerKm,399.5588547223664
2026,cadenceSpm,169.12039076893353
2026,distanceM,5138.05354592127
2026,motionIntensityG,0.758
2026,activeEnergyKcal,102.93891013384459
2026,heartRateBpm,134.29040050320896
2027,speedMps,2.5818336983180314
2027,paceSecPerKm,387.3216158931781
2027,cadenceSpm,169.4515669035504
2027,distanceM,5140.635379619588
2027,motionIntensityG,0.758
2027,activeEnergyKcal,102.99063097514478
2027,heartRateBpm,132.94933111031145
2028,speedMps,2.58748588490749
2028,paceSecPerKm,386.4755382175748
2028,cadenceSpm,169.13555282273714
2028,distanceM,5143.2228655044955
2028,motionIntensityG,0.758
2028,activeEnergyKcal,103.04235181644498
2028,heartRateBpm,132.36213382382974
2029,speedMps,2.5109583589746527
2029,paceSecPerKm,398.25431450338704
2029,cadenceSpm,167.427889170525
2029,distanceM,5145.73382386347
2029,motionIntensityG,0.758
2029,activeEnergyKcal,103.09407265774517
2029,heartRateBpm,132.5920557956652
2030,speedMps,2.5310377105359647
2030,paceSecPerKm,395.0948639908819
2030,cadenceSpm,170.5379460719456
2030,distanceM,5148.264861574006
2030,motionIntensityG,0.758
2030,activeEnergyKcal,103.14579349904537
2030,heartRateBpm,132.68397012973477
2031,speedMps,2.575250625508398
2031,paceSecPerKm,388.31172006902557
2031,cadenceSpm,170.4802838814293
2031,distanceM,5150.840112199515
2031,motionIntensityG,0.758
2031,activeEnergyKcal,103.19751434034556
2031,heartRateBpm,135.11553479330848
2032,speedMps,2.571088833088771
2032,paceSecPerKm,388.94027585917854
2032,cadenceSpm,167.44925121678227
2032,distanceM,5153.4112010326035
2032,motionIntensityG,0.758
2032,activeEnergyKcal,103.24923518164576
2032,heartRateBpm,134.46894235279646
2033,speedMps,2.512155305715556
2033,paceSecPerKm,398.0645614245424
2033,cadenceSpm,171.7794423217991
2033,distanceM,5155.923356338319
2033,motionIntensityG,0.758
2033,activeEnergyKcal,103.30095602294595
2033,heartRateBpm,135.23916105907765
2034,speedMps,2.411780596148199
2034,paceSecPerKm,414.6314144815153
2034,cadenceSpm,172.07351849740908
2034,distanceM,5158.335136934466
2034,motionIntensityG,0.758
2034,activeEnergyKcal,103.35267686424615
2034,heartRateBpm,135.67248967861346
2035,speedMps,2.5565711833105262
2035,paceSecPerKm,391.1488976047564
2035,cadenceSpm,168.77746519147718
2035,distanceM,5160.891708117777
2035,motionIntensityG,0.758
2035,activeEnergyKcal,103.40439770554634
2035,heartRateBpm,136.47408728251506
2036,speedMps,2.5694728992833946
2036,paceSecPerKm,389.18487923297107
2036,cadenceSpm,171.1584846336618
2036,distanceM,5163.46118101706
2036,motionIntensityG,0.758
2036,activeEnergyKcal,103.45611854684654
2036,heartRateBpm,136.14973446931697
2037,speedMps,2.483451127198656
2037,paceSecPerKm,402.6654638168799
2037,cadenceSpm,167.58685800866056
2037,distanceM,5165.944632144258
2037,motionIntensityG,0.758
2037,activeEnergyKcal,103.50783938814673
2037,heartRateBpm,136.1424486561813
2038,speedMps,2.6118225995456976
2038,paceSecPerKm,382.8743959003727
2038,cadenceSpm,168.50036161648467
2038,distanceM,5168.556454743804
2038,motionIntensityG,0.758
2038,activeEnergyKcal,103.55956022944693
2038,heartRateBpm,136.17389265986492
2039,speedMps,2.521170305206269
2039,paceSecPerKm,396.64119394670774
2039,cadenceSpm,167.95741077990357
2039,distanceM,5171.077625049011
2039,motionIntensityG,0.758
2039,activeEnergyKcal,103.61128107074713
2039,heartRateBpm,134.24330276250615
2040,speedMps,2.4832035199548668
2040,paceSecPerKm,402.70561472874175
2040,cadenceSpm,168.01961654930903
2040,distanceM,5173.560828568966
2040,motionIntensityG,0.758
2040,activeEnergyKcal,103.66300191204732
2040,heartRateBpm,133.68060972339808
2041,speedMps,2.4916029443025134
2041,paceSecPerKm,401.34805679479354
2041,cadenceSpm,171.33814931121952
2041,distanceM,5176.052431513269
2041,motionIntensityG,0.758
2041,activeEnergyKcal,103.71472275334752
2041,heartRateBpm,134.08656562007994
2042,speedMps,2.5337593166414645
2042,paceSecPerKm,394.6704777490527
2042,cadenceSpm,169.67910348934464
2042,distanceM,5178.58619082991
2042,motionIntensityG,0.758
2042,activeEnergyKcal,103.76644359464771
2042,heartRateBpm,135.7617508162657
2043,speedMps,2.4727206518838387
2043,paceSecPerKm,404.41284754027976
2043,cadenceSpm,170.85374094609313
2043,distanceM,5181.058911481794
2043,motionIntensityG,0.758
2043,activeEnergyKcal,103.8181644359479
2043,heartRateBpm,136.3013928091839
2044,speedMps,2.408364331583168
2044,paceSecPerKm,415.21956910175527
2044,cadenceSpm,169.6349866891987
2044,distanceM,5183.4672758133775
2044,motionIntensityG,0.758
2044,activeEnergyKcal,103.8698852772481
2044,heartRateBpm,137.65899414036173
2045,speedMps,2.532605925753953
2045,paceSecPerKm,394.85021725292756
2045,cadenceSpm,171.61843247545895
2045,distanceM,5185.9998817391315
2045,motionIntensityG,0.758
2045,activeEnergyKcal,103.9216061185483
2045,heartRateBpm,138.0853185842315
2046,speedMps,2.592481513042325
2046,paceSecPerKm,385.7308123391328
2046,cadenceSpm,170.7755182219461
2046,distanceM,5188.5923632521735
2046,motionIntensityG,0.758
2046,activeEnergyKcal,103.97332695984849
2046,heartRateBpm,138.82841193534742
2047,speedMps,2.6025996631589394
2047,paceSecPerKm,384.2312031909806
2047,cadenceSpm,169.3589550037911
2047,distanceM,5191.194962915332
2047,motionIntensityG,0.758
2047,activeEnergyKcal,104.02504780114869
2047,heartRateBpm,138.88271608329046
2048,speedMps,2.528560467733377
2048,paceSecPerKm,395.48194032172324
2048,cadenceSpm,171.42945200362843
2048,distanceM,5193.723523383066
2048,motionIntensityG,0.758
2048,activeEnergyKcal,104.07676864244888
2048,heartRateBpm,137.75628444583975
2049,speedMps,2.5979870374171012
2049,paceSecPerKm,384.9133908667198
2049,cadenceSpm,168.0475335564515
2049,distanceM,5196.321510420483
2049,motionIntensityG,0.758
2049,activeEnergyKcal,104.12848948374908
2049,heartRateBpm,138.0940839312489
2050,speedMps,2.6996179572205867
2050,paceSecPerKm,370.42278420371673
2050,cadenceSpm,168.21224425387487
2050,distanceM,5199.0211283777035
2050,motionIntensityG,0.758
2050,activeEnergyKcal,104.18021032504927
2050,heartRateBpm,136.8680652074075
2051,speedMps,2.629621742606086
2051,paceSecPerKm,380.28283071958106
2051,cadenceSpm,168.2922509915701
2051,distanceM,5201.65075012031
2051,motionIntensityG,0.758
2051,activeEnergyKcal,104.23193116634947
2051,heartRateBpm,135.82173072636954
2052,speedMps,2.6607787731581403
2052,paceSecPerKm,375.82981722793767
2052,cadenceSpm,171.82213510675862
2052,distanceM,5204.311528893468
2052,motionIntensityG,0.758
2052,activeEnergyKcal,104.28365200764966
2052,heartRateBpm,135.85439237622774
2053,speedMps,2.6276979229246247
2053,paceSecPerKm,380.5612476517092
2053,cadenceSpm,166.96503180144154
2053,distanceM,5206.939226816392
2053,motionIntensityG,0.758
2053,activeEnergyKcal,104.33537284894986
2053,heartRateBpm,136.1663844498235
2054,speedMps,2.5434253285866952
2054,paceSecPerKm,393.1705754285579
2054,cadenceSpm,170.65309940598203
2054,distanceM,5209.482652144979
2054,motionIntensityG,0.758
2054,activeEnergyKcal,104.38709369025005
2054,heartRateBpm,135.66830666179493
2055,speedMps,2.4907047446719774
2055,paceSecPerKm,401.4927912026356
2055,cadenceSpm,170.61107079673988
2055,distanceM,5211.973356889651
2055,motionIntensityG,0.758
2055,activeEnergyKcal,104.43881453155025
2055,heartRateBpm,135.2420705804345
2056,speedMps,2.4568160268192147
2056,paceSecPerKm,407.0308843168358
2056,cadenceSpm,169.8958082679625
2056,distanceM,5214.43017291647
2056,motionIntensityG,0.758
2056,activeEnergyKcal,104.49053537285045
2056,heartRateBpm,135.22687155707752
2057,speedMps,2.505021957618504
2057,paceSecPerKm,399.198097628928
2057,cadenceSpm,169.368626094491
2057,distanceM,5216.935194874089
2057,motionIntensityG,0.758
2057,activeEnergyKcal,104.54225621415064
2057,heartRateBpm,134.93432470515523
2058,speedMps,2.643760816774527
2058,paceSecPerKm,378.24904342898617
2058,cadenceSpm,169.49606569786377
2058,distanceM,5219.578955690863
2058,motionIntensityG,0.758
2058,activeEnergyKcal,104.59397705545084
2058,heartRateBpm,134.3009905602257
2059,speedMps,2.5310260762380232
2059,paceSecPerKm,395.096680112575
2059,cadenceSpm,171.77042681742094
2059,distanceM,5222.109981767101
2059,motionIntensityG,0.758
2059,activeEnergyKcal,104.64569789675103
2059,heartRateBpm,134.6224323966171
2060,speedMps,2.56151344536914
2060,paceSecPerKm,390.39420300832734
2060,cadenceSpm,168.5502037221721
2060,distanceM,5224.67149521247
2060,motionIntensityG,0.758
2060,activeEnergyKcal,104.69741873805123
2060,heartRateBpm,135.56145111979927
2061,speedMps,2.426496164357188
2061,paceSecPerKm,412.1168682188763
2061,cadenceSpm,172.01475130886578
2061,distanceM,5227.097991376828
2061,motionIntensityG,0.758
2061,activeEnergyKcal,104.74913957935142
2061,heartRateBpm,135.38448838690394
2062,speedMps,2.5856147635648203
2062,paceSecPerKm,386.7552174018712
2062,cadenceSpm,168.64899801992618
2062,distanceM,5229.683606140393
2062,motionIntensityG,0.758
2062,activeEnergyKcal,104.80086042065162
2062,heartRateBpm,136.49265435808496
2063,speedMps,2.531114316971892
2063,paceSecPerKm,395.08290609187253
2063,cadenceSpm,168.91715514325526
2063,distanceM,5232.214720457365
2063,motionIntensityG,0.758
2063,activeEnergyKcal,104.85258126195181
2063,heartRateBpm,137.2144048070599
2064,speedMps,2.532635263469159
2064,paceSecPerKm,394.8456433597224
2064,cadenceSpm,171.0887264380227
2064,distanceM,5234.747355720834
2064,motionIntensityG,0.758
2064,activeEnergyKcal,104.90430210325201
2064,heartRateBpm,136.47447017964416
2065,speedMps,2.5066315033446083
2065,paceSecPerKm,398.94176653636407
2065,cadenceSpm,171.42620356463613
2065,distanceM,5237.253987224179
2065,motionIntensityG,0.758
2065,activeEnergyKcal,104.9560229445522
2065,heartRateBpm,136.18550295882997
2066,speedMps,2.598393243265829
2066,paceSecPerKm,384.8532174995711
2066,cadenceSpm,170.1817152453995
2066,distanceM,5239.852380467444
2066,motionIntensityG,0.758
2066,activeEnergyKcal,105.0077437858524
2066,heartRateBpm,133.32205664768682
2067,speedMps,2.530671567045848
2067,paceSecPerKm,395.1520272412667
2067,cadenceSpm,169.1965353954603
2067,distanceM,5242.38305203449
2067,motionIntensityG,0.758
2067,activeEnergyKcal,105.0594646271526
2067,heartRateBpm,132.9446030525583
2068,speedMps,2.6191578351244686
2068,paceSecPerKm,381.80211462990263
2068,cadenceSpm,167.99199670388433
2068,distanceM,5245.0022098696145
2068,motionIntensityG,0.758
2068,activeEnergyKcal,105.11118546845279
2068,heartRateBpm,132.59435156891905
2069,speedMps,2.507158017828588
2069,paceSecPerKm,398.8579869672854
2069,cadenceSpm,166.1802460504671
2069,distanceM,5247.509367887443
2069,motionIntensityG,0.758
2069,activeEnergyKcal,105.16290630975298
2069,heartRateBpm,131.1159771295731
2070,speedMps,2.5333849443107628
2070,paceSecPerKm,394.72880039241795
2070,cadenceSpm,169.83693012168314
2070,distanceM,5250.042752831753
2070,motionIntensityG,0.758
2070,activeEnergyKcal,105.21462715105318
2070,heartRateBpm,131.08466927832896
2071,speedMps,2.5906903045691108
2071,paceSecPerKm,385.99750739651694
2071,cadenceSpm,171.84173124773884
2071,distanceM,5252.633443136322
2071,motionIntensityG,0.758
2071,activeEnergyKcal,105.26634799235337
2071,heartRateBpm,132.26176119090027
2072,speedMps,2.621364688347907
2072,paceSecPerKm,381.4806861651293
2072,cadenceSpm,170.1865400193844
2072,distanceM,5255.25480782467
2072,motionIntensityG,0.758
2072,activeEnergyKcal,105.31806883365357
2072,heartRateBpm,130.7729866939564
2073,speedMps,2.4076238264491456
2073,paceSecPerKm,415.3472768521475
2073,cadenceSpm,168.17992674554415
2073,distanceM,5257.662431651119
2073,motionIntensityG,0.758
2073,activeEnergyKcal,105.36978967495376
2073,heartRateBpm,129.95211462396594
2074,speedMps,2.5040990197754995
2074,paceSecPerKm,399.3452304013334
2074,cadenceSpm,166.44312269404261
2074,distanceM,5260.166530670895
2074,motionIntensityG,0.758
2074,activeEnergyKcal,105.42151051625396
2074,heartRateBpm,129.31358898379335
2075,speedMps,2.5692281228365657
2075,paceSecPerKm,389.22195779795
2075,cadenceSpm,172.89843514195698
2075,distanceM,5262.735758793731
2075,motionIntensityG,0.758
2075,activeEnergyKcal,105.47323135755416
2075,heartRateBpm,127.57645182315254
2076,speedMps,2.4694395209404747
2076,paceSecPerKm,404.95018870482585
2076,cadenceSpm,167.55992563015337
2076,distanceM,5265.205198314672
2076,motionIntensityG,0.758
2076,activeEnergyKcal,105.52495219885435
2076,heartRateBpm,127.06007951210937
2077,speedMps,2.524906452683488
2077,paceSecPerKm,396.05427715438447
2077,cadenceSpm,170.17837762003873
2077,distanceM,5267.730104767355
2077,motionIntensityG,0.758
2077,activeEnergyKcal,105.57667304015455
2077,heartRateBpm,127.71433061184317
2078,speedMps,2.566689862606856
2078,paceSecPerKm,389.60686858534245
2078,cadenceSpm,173.70923926628853
2078,distanceM,5270.296794629962
2078,motionIntensityG,0.758
2078,activeEnergyKcal,105.62839388145474
2078,heartRateBpm,129.36396414502906
2079,speedMps,2.5741334112237544
2079,paceSecPerKm,388.4802534475459
2079,cadenceSpm,166.95394881558843
2079,distanceM,5272.870928041186
2079,motionIntensityG,0.758
2079,activeEnergyKcal,105.68011472275494
2079,heartRateBpm,130.5181518553823
2080,speedMps,2.422551938243077
2080,paceSecPerKm,412.7878474817083
2080,cadenceSpm,171.2274726830638
2080,distanceM,5275.293479979429
2080,motionIntensityG,0.758
2080,activeEnergyKcal,105.73183556405513
2080,heartRateBpm,129.43026287484378
2081,speedMps,2.6307159673660716
2081,paceSecPerKm,380.12465519081525
2081,cadenceSpm,170.4685620174197
2081,distanceM,5277.924195946795
2081,motionIntensityG,0.758
2081,activeEnergyKcal,105.78355640535533
2081,heartRateBpm,130.6116631600078
2082,speedMps,2.639055797827658
2082,paceSecPerKm,378.92340162839724
2082,cadenceSpm,172.72335117594884
2082,distanceM,5280.563251744623
2082,motionIntensityG,0.758
2082,activeEnergyKcal,105.83527724665552
2082,heartRateBpm,130.7645884674127
2083,speedMps,2.587436198864936
2083,paceSecPerKm,386.48295963343287
2083,cadenceSpm,170.15660214149355
2083,distanceM,5283.150687943488
2083,motionIntensityG,0.758
2083,activeEnergyKcal,105.88699808795572
2083,heartRateBpm,130.87698204662843
2084,speedMps,2.5403232053180242
2084,paceSecPerKm,393.65069685091885
2084,cadenceSpm,171.1009964709084
2084,distanceM,5285.691011148806
2084,motionIntensityG,0.758
2084,activeEnergyKcal,105.93871892925591
2084,heartRateBpm,132.42579780807839
2085,speedMps,2.5531375429402368
2085,paceSecPerKm,391.6749423724281
2085,cadenceSpm,169.20142121346723
2085,distanceM,5288.244148691746
2085,motionIntensityG,0.758
2085,activeEnergyKcal,105.99043977055611
2085,heartRateBpm,132.1415668551954
2086,speedMps,2.5888344749961614
2086,paceSecPerKm,386.2742132254256
2086,cadenceSpm,171.56423023818087
2086,distanceM,5290.832983166742
2086,motionIntensityG,0.758
2086,activeEnergyKcal,106.0421606118563
2086,heartRateBpm,133.9168095056328
2087,speedMps,2.5557469942991546
2087,paceSecPerKm,391.27503709506396
2087,cadenceSpm,169.3390670532095
2087,distanceM,5293.388730161041
2087,motionIntensityG,0.758
2087,activeEnergyKcal,106.0938814531565
2087,heartRateBpm,133.66666656298997
2088,speedMps,2.589639163373232
2088,paceSecPerKm,386.15418477739286
2088,cadenceSpm,169.37420322431404
2088,distanceM,5295.978369324414
2088,motionIntensityG,0.758
2088,activeEnergyKcal,106.1456022944567
2088,heartRateBpm,134.22389959812176
2089,speedMps,2.671880968998968
2089,paceSecPerKm,374.2681697286292
2089,cadenceSpm,175.00890851524423
2089,distanceM,5298.650250293414
2089,motionIntensityG,0.758
2089,activeEnergyKcal,106.19732313575689
2089,heartRateBpm,133.6005354417832
2090,speedMps,2.513784736855373
2090,paceSecPerKm,397.8065366292872
2090,cadenceSpm,170.3363425018257
2090,distanceM,5301.164035030269
2090,motionIntensityG,0.758
2090,activeEnergyKcal,106.24904397705708
2090,heartRateBpm,134.01781105323383
2091,speedMps,2.5478446814751354
2091,paceSecPerKm,392.4886031204328
2091,cadenceSpm,170.97423787625172
2091,distanceM,5303.711879711744
2091,motionIntensityG,0.758
2091,activeEnergyKcal,106.30076481835728
2091,heartRateBpm,132.33295380463642
2092,speedMps,2.5500189576446273
2092,paceSecPerKm,392.15394732738326
2092,cadenceSpm,169.6785256576507
2092,distanceM,5306.261898669389
2092,motionIntensityG,0.758
2092,activeEnergyKcal,106.35248565965748
2092,heartRateBpm,133.51064411170984
2093,speedMps,2.7005966240811348
2093,paceSecPerKm,370.28854701329016
2093,cadenceSpm,170.0343022744086
2093,distanceM,5308.96249529347
2093,motionIntensityG,0.758
2093,activeEnergyKcal,106.40420650095767
2093,heartRateBpm,131.32078178621683
2094,speedMps,2.5525786739341116
2094,paceSecPerKm,391.76069682458393
2094,cadenceSpm,174.1976377948962
2094,distanceM,5311.5150739674045
2094,motionIntensityG,0.758
2094,activeEnergyKcal,106.45592734225787
2094,heartRateBpm,131.37364042442584
2095,speedMps,2.565873566107002
2095,paceSecPerKm,389.73081651767484
2095,cadenceSpm,169.12782854632974
2095,distanceM,5314.080947533512
2095,motionIntensityG,0.758
2095,activeEnergyKcal,106.50764818355806
2095,heartRateBpm,129.7116786435161
2096,speedMps,2.632481220485676
2096,paceSecPerKm,379.86975641767594
2096,cadenceSpm,169.12870523196432
2096,distanceM,5316.7134287539975
2096,motionIntensityG,0.758
2096,activeEnergyKcal,106.55936902485826
2096,heartRateBpm,128.32677863798574
2097,speedMps,2.5633290099879145
2097,paceSecPerKm,390.1176930872072
2097,cadenceSpm,170.66485860772477
2097,distanceM,5319.276757763985
2097,motionIntensityG,0.758
2097,activeEnergyKcal,106.61108986615845
2097,heartRateBpm,128.99380991254736
2098,speedMps,2.5486626520361972
2098,paceSecPerKm,392.3626374016476
2098,cadenceSpm,172.22717481770127
2098,distanceM,5321.825420416021
2098,motionIntensityG,0.758
2098,activeEnergyKcal,106.66281070745865
2098,heartRateBpm,129.77750902997684
2099,speedMps,2.61889051569019
2099,paceSecPerKm,381.84108652455717
2099,cadenceSpm,169.23553156590742
2099,distanceM,5324.444310931712
2099,motionIntensityG,0.758
2099,activeEnergyKcal,106.71453154875884
2099,heartRateBpm,129.77917284000438
2100,speedMps,2.5673969744001286
2100,paceSecPerKm,389.4995631650028
2100,cadenceSpm,169.783851040674
2100,distanceM,5327.011707906112
2100,motionIntensityG,0.758
2100,activeEnergyKcal,106.76625239005904
2100,heartRateBpm,128.64304738374017
2101,speedMps,2.1861386370891176
2101,paceSecPerKm,457.42753137171474
2101,cadenceSpm,164.66409996241347
2101,distanceM,5329.197846543201
2101,motionIntensityG,0.605
2101,activeEnergyKcal,106.80903441682769
2101,heartRateBpm,129.41625921729405
2102,speedMps,2.113671928050203
2102,paceSecPerKm,473.1103189332079
2102,cadenceSpm,166.11655625909148
2102,distanceM,5331.3115184712515
2102,motionIntensityG,0.605
2102,activeEnergyKcal,106.85181644359633
2102,heartRateBpm,128.14419002375584
2103,speedMps,2.230391902210919
2103,paceSecPerKm,448.3516995415607
2103,cadenceSpm,163.40420187442274
2103,distanceM,5333.541910373462
2103,motionIntensityG,0.605
2103,activeEnergyKcal,106.89459847036498
2103,heartRateBpm,126.88429687797185
2104,speedMps,2.4122259086631956
2104,paceSecPerKm,414.55487083885055
2104,cadenceSpm,164.09672330990833
2104,distanceM,5335.954136282126
2104,motionIntensityG,0.605
2104,activeEnergyKcal,106.93738049713363
2104,heartRateBpm,125.81794852132035
2105,speedMps,2.1974997103712033
2105,paceSecPerKm,455.0626310804288
2105,cadenceSpm,163.9538431499225
2105,distanceM,5338.151635992497
2105,motionIntensityG,0.605
2105,activeEnergyKcal,106.98016252390228
2105,heartRateBpm,127.35585717648661
2106,speedMps,2.3366725257853447
2106,paceSecPerKm,427.9589839675565
2106,cadenceSpm,162.90263578428218
2106,distanceM,5340.488308518283
2106,motionIntensityG,0.605
2106,activeEnergyKcal,107.02294455067093
2106,heartRateBpm,129.37516577683422
2107,speedMps,2.2823157643767464
2107,paceSecPerKm,438.15146686027447
2107,cadenceSpm,163.72321438564376
2107,distanceM,5342.77062428266
2107,motionIntensityG,0.605
2107,activeEnergyKcal,107.06572657743958
2107,heartRateBpm,129.63256366585003
2108,speedMps,2.3306007111796125
2108,paceSecPerKm,429.07392725108156
2108,cadenceSpm,165.5901146369751
2108,distanceM,5345.101224993839
2108,motionIntensityG,0.605
2108,activeEnergyKcal,107.10850860420823
2108,heartRateBpm,127.26037250868158
2109,speedMps,2.247807145143993
2109,paceSecPerKm,444.8780235263202
2109,cadenceSpm,168.14222676833276
2109,distanceM,5347.349032138984
2109,motionIntensityG,0.605
2109,activeEnergyKcal,107.15129063097687
2109,heartRateBpm,127.87874668468734
2110,speedMps,2.256749027884275
2110,paceSecPerKm,443.1152900229717
2110,cadenceSpm,166.9067681401615
2110,distanceM,5349.605781166868
2110,motionIntensityG,0.605
2110,activeEnergyKcal,107.19407265774552
2110,heartRateBpm,127.30951622855396
2111,speedMps,2.2296800347196264
2111,paceSecPerKm,448.4948442953368
2111,cadenceSpm,162.4669285747092
2111,distanceM,5351.835461201587
2111,motionIntensityG,0.605
2111,activeEnergyKcal,107.23685468451417
2111,heartRateBpm,127.86895073837108
2112,speedMps,2.226980510524747
2112,paceSecPerKm,449.0385053995683
2112,cadenceSpm,164.86981377178085
2112,distanceM,5354.062441712112
2112,motionIntensityG,0.605
2112,activeEnergyKcal,107.27963671128282
2112,heartRateBpm,126.76166525298866
2113,speedMps,2.2202116813959885
2113,paceSecPerKm,450.40750320313435
2113,cadenceSpm,164.26821230829032
2113,distanceM,5356.282653393508
2113,motionIntensityG,0.605
2113,activeEnergyKcal,107.32241873805147
2113,heartRateBpm,128.4510884632643
2114,speedMps,2.3199091570582944
2114,paceSecPerKm,431.0513611955505
2114,cadenceSpm,167.43245573351413
2114,distanceM,5358.602562550566
2114,motionIntensityG,0.605
2114,activeEnergyKcal,107.36520076482012
2114,heartRateBpm,127.49188169803894
2115,speedMps,2.291239005281896
2115,paceSecPerKm,436.4450839457353
2115,cadenceSpm,167.4399388661686
2115,distanceM,5360.893801555848
2115,motionIntensityG,0.605
2115,activeEnergyKcal,107.40798279158876
2115,heartRateBpm,126.83563979214313
2116,speedMps,2.3047732535118115
2116,paceSecPerKm,433.8821610656439
2116,cadenceSpm,163.52714239350632
2116,distanceM,5363.198574809359
2116,motionIntensityG,0.605
2116,activeEnergyKcal,107.45076481835741
2116,heartRateBpm,126.3111820741943
2117,speedMps,2.1460312270312194
2117,paceSecPerKm,465.9764440536039
2117,cadenceSpm,164.04730612613244
2117,distanceM,5365.34460603639
2117,motionIntensityG,0.605
2117,activeEnergyKcal,107.49354684512606
2117,heartRateBpm,125.74455466960741
2118,speedMps,2.2936726362255073
2118,paceSecPerKm,435.98200728662437
2118,cadenceSpm,164.2805513521619
2118,distanceM,5367.638278672616
2118,motionIntensityG,0.605
2118,activeEnergyKcal,107.53632887189471
2118,heartRateBpm,125.54409197529242
2119,speedMps,2.356270893893211
2119,paceSecPerKm,424.399419689696
2119,cadenceSpm,164.11903454904134
2119,distanceM,5369.99454956651
2119,motionIntensityG,0.605
2119,activeEnergyKcal,107.57911089866336
2119,heartRateBpm,125.17458656366323
2120,speedMps,2.240007231593358
2120,paceSecPerKm,446.4271301877368
2120,cadenceSpm,162.34352922895002
2120,distanceM,5372.234556798103
2120,motionIntensityG,0.605
2120,activeEnergyKcal,107.62189292543201
2120,heartRateBpm,126.09067138501344
2121,speedMps,2.2944869703450452
2121,paceSecPerKm,435.82727334015755
2121,cadenceSpm,162.12542827114268
2121,distanceM,5374.529043768448
2121,motionIntensityG,0.605
2121,activeEnergyKcal,107.66467495220066
2121,heartRateBpm,124.19303760292958
2122,speedMps,2.1859456986506456
2122,paceSecPerKm,457.467905363471
2122,cadenceSpm,164.02161839061245
2122,distanceM,5376.714989467098
2122,motionIntensityG,0.605
2122,activeEnergyKcal,107.7074569789693
2122,heartRateBpm,125.66780628065887
2123,speedMps,2.2902819957947487
2123,paceSecPerKm,436.62745541209694
2123,cadenceSpm,161.94717063664518
2123,distanceM,5379.005271462893
2123,motionIntensityG,0.605
2123,activeEnergyKcal,107.75023900573795
2123,heartRateBpm,125.94127078777217
2124,speedMps,2.3146820039753613
2124,paceSecPerKm,432.02478711224495
2124,cadenceSpm,165.70870203572227
2124,distanceM,5381.319953466868
2124,motionIntensityG,0.605
2124,activeEnergyKcal,107.7930210325066
2124,heartRateBpm,126.34948465782617
2125,speedMps,2.3105978175264994
2125,paceSecPerKm,432.78842921720684
2125,cadenceSpm,163.9249024280882
2125,distanceM,5383.630551284395
2125,motionIntensityG,0.605
2125,activeEnergyKcal,107.83580305927525
2125,heartRateBpm,126.06172465890411
2126,speedMps,2.194592568575748
2126,paceSecPerKm,455.66544529446867
2126,cadenceSpm,164.4698104659822
2126,distanceM,5385.8251438529705
2126,motionIntensityG,0.605
2126,activeEnergyKcal,107.8785850860439
2126,heartRateBpm,126.86275082657086
2127,speedMps,2.1324543627961194
2127,paceSecPerKm,468.94321278171634
2127,cadenceSpm,163.19893941494493
2127,distanceM,5387.957598215767
2127,motionIntensityG,0.605
2127,activeEnergyKcal,107.92136711281255
2127,heartRateBpm,127.37802873975824
2128,speedMps,2.216404864566709
2128,paceSecPerKm,451.1811068396534
2128,cadenceSpm,164.40709134133607
2128,distanceM,5390.174003080333
2128,motionIntensityG,0.605
2128,activeEnergyKcal,107.9641491395812
2128,heartRateBpm,128.17967140580146
2129,speedMps,2.224672817976921
2129,paceSecPerKm,449.504301000712
2129,cadenceSpm,166.5775535922829
2129,distanceM,5392.39867589831
2129,motionIntensityG,0.605
2129,activeEnergyKcal,108.00693116634984
2129,heartRateBpm,127.5360765006849
2130,speedMps,2.3119486551732735
2130,paceSecPerKm,432.5355572937899
2130,cadenceSpm,164.80775545719786
2130,distanceM,5394.710624553483
2130,motionIntensityG,0.605
2130,activeEnergyKcal,108.04971319311849
2130,heartRateBpm,126.17206688519136
2131,speedMps,2.2338738310305706
2131,paceSecPerKm,447.65285581892607
2131,cadenceSpm,165.22258661962633
2131,distanceM,5396.944498384514
2131,motionIntensityG,0.605
2131,activeEnergyKcal,108.09249521988714
2131,heartRateBpm,127.18860009119892
2132,speedMps,2.263013144526739
2132,paceSecPerKm,441.88872805205415
2132,cadenceSpm,164.25117855889113
2132,distanceM,5399.207511529041
2132,motionIntensityG,0.605
2132,activeEnergyKcal,108.13527724665579
2132,heartRateBpm,125.99411401743943
2133,speedMps,2.22409592206785
2133,paceSecPerKm,449.6208954289397
2133,cadenceSpm,165.75746396290737
2133,distanceM,5401.431607451109
2133,motionIntensityG,0.605
2133,activeEnergyKcal,108.17805927342444
2133,heartRateBpm,124.14112187896814
2134,speedMps,2.2005656920359002
2134,paceSecPerKm,454.42860607120923
2134,cadenceSpm,164.2366039315076
2134,distanceM,5403.632173143144
2134,motionIntensityG,0.605
2134,activeEnergyKcal,108.22084130019309
2134,heartRateBpm,123.0615633799833
2135,speedMps,2.2875610789638645
2135,paceSecPerKm,437.146797607233
2135,cadenceSpm,164.73217300757113
2135,distanceM,5405.919734222109
2135,motionIntensityG,0.605
2135,activeEnergyKcal,108.26362332696173
2135,heartRateBpm,122.85222952591734
2136,speedMps,2.2462641030952573
2136,paceSecPerKm,445.1836267258343
2136,cadenceSpm,162.13208660781558
2136,distanceM,5408.165998325204
2136,motionIntensityG,0.605
2136,activeEnergyKcal,108.30640535373038
2136,heartRateBpm,123.50915156321797
2137,speedMps,2.295836947962794
2137,paceSecPerKm,435.5710020641265
2137,cadenceSpm,163.76395208379654
2137,distanceM,5410.461835273167
2137,motionIntensityG,0.605
2137,activeEnergyKcal,108.34918738049903
2137,heartRateBpm,123.91267206082149
2138,speedMps,2.285730387532766
2138,paceSecPerKm,437.4969180330176
2138,cadenceSpm,162.8649516156456
2138,distanceM,5412.747565660699
2138,motionIntensityG,0.605
2138,activeEnergyKcal,108.39196940726768
2138,heartRateBpm,122.52210626822729
2139,speedMps,2.2806929273820358
2139,paceSecPerKm,438.463235446554
2139,cadenceSpm,163.65343801448
2139,distanceM,5415.028258588081
2139,motionIntensityG,0.605
2139,activeEnergyKcal,108.43475143403633
2139,heartRateBpm,120.46646407169015
2140,speedMps,2.3297213731209485
2140,paceSecPerKm,429.23587839191987
2140,cadenceSpm,165.06461214090697
2140,distanceM,5417.357979961203
2140,motionIntensityG,0.605
2140,activeEnergyKcal,108.47753346080498
2140,heartRateBpm,118.47750088309826
2141,speedMps,2.338365003115193
2141,paceSecPerKm,427.64923297594265
2141,cadenceSpm,164.52364705792746
2141,distanceM,5419.696344964318
2141,motionIntensityG,0.605
2141,activeEnergyKcal,108.52031548757363
2141,heartRateBpm,116.70455041516148
2142,speedMps,2.3834925439989667
2142,paceSecPerKm,419.55239277662014
2142,cadenceSpm,164.52119278266886
2142,distanceM,5422.079837508317
2142,motionIntensityG,0.605
2142,activeEnergyKcal,108.56309751434227
2142,heartRateBpm,117.01948964546347
2143,speedMps,2.3110621351734006
2143,paceSecPerKm,432.7014772906438
2143,cadenceSpm,167.11309546922493
2143,distanceM,5424.39089964349
2143,motionIntensityG,0.605
2143,activeEnergyKcal,108.60587954111092
2143,heartRateBpm,117.4840905885921
2144,speedMps,2.368959591814646
2144,paceSecPerKm,422.12623780298014
2144,cadenceSpm,163.19869534853513
2144,distanceM,5426.759859235305
2144,motionIntensityG,0.605
2144,activeEnergyKcal,108.64866156787957
2144,heartRateBpm,118.5218917274737
2145,speedMps,2.355821403367966
2145,paceSecPerKm,424.48039506321004
2145,cadenceSpm,163.78815128228888
2145,distanceM,5429.115680638673
2145,motionIntensityG,0.605
2145,activeEnergyKcal,108.69144359464822
2145,heartRateBpm,119.25810758202233
2146,speedMps,2.3780286303305087
2146,paceSecPerKm,420.51638371612694
2146,cadenceSpm,160.86999667476059
2146,distanceM,5431.493709269004
2146,motionIntensityG,0.605
2146,activeEnergyKcal,108.73422562141687
2146,heartRateBpm,118.5583301626013
2147,speedMps,2.27149095444596
2147,paceSecPerKm,440.2394814924149
2147,cadenceSpm,162.60868061414143
2147,distanceM,5433.76520022345
2147,motionIntensityG,0.605
2147,activeEnergyKcal,108.77700764818552
2147,heartRateBpm,118.97613246872234
2148,speedMps,2.2509512667523173
2148,paceSecPerKm,444.256619310468
2148,cadenceSpm,163.8117195605009
2148,distanceM,5436.016151490202
2148,motionIntensityG,0.605
2148,activeEnergyKcal,108.81978967495417
2148,heartRateBpm,119.32736913656468
2149,speedMps,2.265492190239421
2149,paceSecPerKm,441.405185287493
2149,cadenceSpm,162.10796406429534
2149,distanceM,5438.281643680441
2149,motionIntensityG,0.605
2149,activeEnergyKcal,108.86257170172281
2149,heartRateBpm,120.06843086150734
2150,speedMps,2.213221492895551
2150,paceSecPerKm,451.8300600324024
2150,cadenceSpm,161.75320637937799
2150,distanceM,5440.494865173337
2150,motionIntensityG,0.605
2150,activeEnergyKcal,108.90535372849146
2150,heartRateBpm,120.28406000695657
2151,speedMps,2.1850648609836494
2151,paceSecPerKm,457.65231863635876
2151,cadenceSpm,163.33409724890885
2151,distanceM,5442.67993003432
2151,motionIntensityG,0.605
2151,activeEnergyKcal,108.94813575526011
2151,heartRateBpm,120.2575740629029
2152,speedMps,2.152478197404474
2152,paceSecPerKm,464.5807800542795
2152,cadenceSpm,166.7914579910739
2152,distanceM,5444.832408231725
2152,motionIntensityG,0.605
2152,activeEnergyKcal,108.99091778202876
2152,heartRateBpm,120.34919862461679
2153,speedMps,2.2934374939905027
2153,paceSecPerKm,436.0267077783028
2153,cadenceSpm,163.11978250432696
2153,distanceM,5447.125845725715
2153,motionIntensityG,0.605
2153,activeEnergyKcal,109.03369980879741
2153,heartRateBpm,119.92851914815901
2154,speedMps,2.2131524434755896
2154,paceSecPerKm,451.8441569391285
2154,cadenceSpm,161.12028025688127
2154,distanceM,5449.338998169191
2154,motionIntensityG,0.605
2154,activeEnergyKcal,109.07648183556606
2154,heartRateBpm,121.08219162589342
2155,speedMps,2.2270006855236355
2155,paceSecPerKm,449.0344374388325
2155,cadenceSpm,164.46977906466284
2155,distanceM,5451.565998854714
2155,motionIntensityG,0.605
2155,activeEnergyKcal,109.1192638623347
2155,heartRateBpm,122.26104020076164
2156,speedMps,2.3612287341598357
2156,paceSecPerKm,423.508313926993
2156,cadenceSpm,165.1316282429228
2156,distanceM,5453.927227588874
2156,motionIntensityG,0.605
2156,activeEnergyKcal,109.16204588910335
2156,heartRateBpm,122.05052004702168
2157,speedMps,2.24311811826728
2157,paceSecPerKm,445.8079990778464
2157,cadenceSpm,166.88397269969394
2157,distanceM,5456.170345707142
2157,motionIntensityG,0.605
2157,activeEnergyKcal,109.204827915872
2157,heartRateBpm,120.47123767007126
2158,speedMps,2.284543089047061
2158,paceSecPerKm,437.7242892875899
2158,cadenceSpm,164.28917127216016
2158,distanceM,5458.454888796189
2158,motionIntensityG,0.605
2158,activeEnergyKcal,109.24760994264065
2158,heartRateBpm,119.96572637985398
2159,speedMps,2.3863578909962726
2159,paceSecPerKm,419.04862794176836
2159,cadenceSpm,163.6731885236331
2159,distanceM,5460.841246687185
2159,motionIntensityG,0.605
2159,activeEnergyKcal,109.2903919694093
2159,heartRateBpm,123.19651718995634
2160,speedMps,2.360442293751894
2160,paceSecPerKm,423.64941631786826
2160,cadenceSpm,161.76916447237141
2160,distanceM,5463.2016889809365
2160,motionIntensityG,0.605
2160,activeEnergyKcal,109.33317399617795
2160,heartRateBpm,124.2033446813798
2161,speedMps,2.305504879830346
2161,paceSecPerKm,433.74447338996157
2161,cadenceSpm,163.68696578042022
2161,distanceM,5465.507193860767
2161,motionIntensityG,0.605
2161,activeEnergyKcal,109.3759560229466
2161,heartRateBpm,124.7761769545613
2162,speedMps,2.3181207192952145
2162,paceSecPerKm,431.3839187391557
2162,cadenceSpm,164.03318297936565
2162,distanceM,5467.825314580063
2162,motionIntensityG,0.605
2162,activeEnergyKcal,109.41873804971524
2162,heartRateBpm,123.64294082812724
2163,speedMps,2.368767957057644
2163,paceSecPerKm,422.16038807032254
2163,cadenceSpm,163.8808416944749
2163,distanceM,5470.19408253712
2163,motionIntensityG,0.605
2163,activeEnergyKcal,109.4615200764839
2163,heartRateBpm,124.37770539596265
2164,speedMps,2.3287049328145932
2164,paceSecPerKm,429.4232325910644
2164,cadenceSpm,162.9914731392826
2164,distanceM,5472.522787469935
2164,motionIntensityG,0.605
2164,activeEnergyKcal,109.50430210325254
2164,heartRateBpm,122.73805798426041
2165,speedMps,2.111711233354218
2165,paceSecPerKm,473.5495953258777
2165,cadenceSpm,164.17809758027454
2165,distanceM,5474.634498703289
2165,motionIntensityG,0.605
2165,activeEnergyKcal,109.54708413002119
2165,heartRateBpm,124.08656322248373
2166,speedMps,2.3056424885358733
2166,paceSecPerKm,433.71858602198944
2166,cadenceSpm,164.2313359347644
2166,distanceM,5476.940141191825
2166,motionIntensityG,0.605
2166,activeEnergyKcal,109.58986615678984
2166,heartRateBpm,124.0042656863734
2167,speedMps,2.2384328256394355
2167,paceSecPerKm,446.74112555257847
2167,cadenceSpm,163.8589189121718
2167,distanceM,5479.178574017465
2167,motionIntensityG,0.605
2167,activeEnergyKcal,109.63264818355849
2167,heartRateBpm,125.90642970170725
2168,speedMps,2.2548449685115313
2168,paceSecPerKm,443.48946999230736
2168,cadenceSpm,163.6123669105504
2168,distanceM,5481.4334189859765
2168,motionIntensityG,0.605
2168,activeEnergyKcal,109.67543021032714
2168,heartRateBpm,125.49193081023004
2169,speedMps,2.2440526348092105
2169,paceSecPerKm,445.6223461465377
2169,cadenceSpm,165.48821427177523
2169,distanceM,5483.677471620786
2169,motionIntensityG,0.605
2169,activeEnergyKcal,109.71821223709578
2169,heartRateBpm,124.74157284564666
2170,speedMps,2.28600717851715
2170,paceSecPerKm,437.4439456697873
2170,cadenceSpm,164.60756002865404
2170,distanceM,5485.963478799303
2170,motionIntensityG,0.605
2170,activeEnergyKcal,109.76099426386443
2170,heartRateBpm,124.50094639897145
2171,speedMps,2.222000788124967
2171,paceSecPerKm,450.044844873277
2171,cadenceSpm,163.00339966789713
2171,distanceM,5488.185479587428
2171,motionIntensityG,0.605
2171,activeEnergyKcal,109.80377629063308
2171,heartRateBpm,125.72601204762657
2172,speedMps,2.2014595001977577
2172,paceSecPerKm,454.24410483598257
2172,cadenceSpm,163.58998791373074
2172,distanceM,5490.386939087625
2172,motionIntensityG,0.605
2172,activeEnergyKcal,109.84655831740173
2172,heartRateBpm,125.5332842372887
2173,speedMps,2.264359710451085
2173,paceSecPerKm,441.6259463478924
2173,cadenceSpm,167.38913699661208
2173,distanceM,5492.651298798076
2173,motionIntensityG,0.605
2173,activeEnergyKcal,109.88934034417038
2173,heartRateBpm,123.98932431236038
2174,speedMps,2.162792808687226
2174,paceSecPerKm,462.36514010187636
2174,cadenceSpm,162.9742135581181
2174,distanceM,5494.814091606763
2174,motionIntensityG,0.605
2174,activeEnergyKcal,109.93212237093903
2174,heartRateBpm,123.60760195207226
2175,speedMps,2.321250407793558
2175,paceSecPerKm,430.8022937303607
2175,cadenceSpm,166.56747812868147
2175,distanceM,5497.135342014557
2175,motionIntensityG,0.605
2175,activeEnergyKcal,109.97490439770768
2175,heartRateBpm,124.24544739853015
2176,speedMps,2.3202936036095876
2176,paceSecPerKm,430.9799408334963
2176,cadenceSpm,167.56166894615893
2176,distanceM,5499.4556356181665
2176,motionIntensityG,0.605
2176,activeEnergyKcal,110.01768642447632
2176,heartRateBpm,125.62683671339981
2177,speedMps,2.283505214287828
2177,paceSecPerKm,437.92323912510824
2177,cadenceSpm,163.69948812680857
2177,distanceM,5501.739140832455
2177,motionIntensityG,0.605
2177,activeEnergyKcal,110.06046845124497
2177,heartRateBpm,123.7192959760561
2178,speedMps,2.2783986595165753
2178,paceSecPerKm,438.9047526090879
2178,cadenceSpm,164.59576907398846
2178,distanceM,5504.017539491972
2178,motionIntensityG,0.605
2178,activeEnergyKcal,110.10325047801362
2178,heartRateBpm,124.74638202851509
2179,speedMps,2.244618234496045
2179,paceSecPerKm,445.51005807208776
2179,cadenceSpm,166.66400758589432
2179,distanceM,5506.262157726467
2179,motionIntensityG,0.605
2179,activeEnergyKcal,110.14603250478227
2179,heartRateBpm,123.36084720369354
2180,speedMps,2.2757977893760386
2180,paceSecPerKm,439.40635001415154
2180,cadenceSpm,163.03455169723404
2180,distanceM,5508.537955515843
2180,motionIntensityG,0.605
2180,activeEnergyKcal,110.18881453155092
2180,heartRateBpm,122.77935257332699
2181,speedMps,2.3325153782730492
2181,paceSecPerKm,428.7217178994041
2181,cadenceSpm,164.39144702657956
2181,distanceM,5510.870470894117
2181,motionIntensityG,0.605
2181,activeEnergyKcal,110.23159655831957
2181,heartRateBpm,122.42186260683977
2182,speedMps,2.2477045295093574
2182,paceSecPerKm,444.89833377623086
2182,cadenceSpm,166.1072535858735
2182,distanceM,5513.118175423626
2182,motionIntensityG,0.605
2182,activeEnergyKcal,110.27437858508821
2182,heartRateBpm,123.56449353540968
2183,speedMps,2.2813222557922206
2183,paceSecPerKm,438.34228043014303
2183,cadenceSpm,165.07974521493588
2183,distanceM,5515.399497679418
2183,motionIntensityG,0.605
2183,activeEnergyKcal,110.31716061185686
2183,heartRateBpm,124.04622280438726
2184,speedMps,2.2397706682645055
2184,paceSecPerKm,446.47428157225295
2184,cadenceSpm,166.36300898235174
2184,distanceM,5517.639268347682
2184,motionIntensityG,0.605
2184,activeEnergyKcal,110.35994263862551
2184,heartRateBpm,121.76189688555971
2185,speedMps,2.2188937120467203
2185,paceSecPerKm,450.67503439702585
2185,cadenceSpm,166.00609082540967
2185,distanceM,5519.858162059729
2185,motionIntensityG,0.605
2185,activeEnergyKcal,110.40272466539416
2185,heartRateBpm,122.37511134846942
2186,speedMps,2.2213951193231174
2186,paceSecPerKm,450.16755069881964
2186,cadenceSpm,166.28751303791236
2186,distanceM,5522.079557179052
2186,motionIntensityG,0.605
2186,activeEnergyKcal,110.44550669216281
2186,heartRateBpm,121.46809992080937
2187,speedMps,2.250047770749669
2187,paceSecPerKm,444.4350084473188
2187,cadenceSpm,165.47056027493517
2187,distanceM,5524.329604949802
2187,motionIntensityG,0.605
2187,activeEnergyKcal,110.48828871893146
2187,heartRateBpm,121.01473041583063
2188,speedMps,2.3325007885103606
2188,paceSecPerKm,428.7243995482826
2188,cadenceSpm,162.50413371160735
2188,distanceM,5526.662105738313
2188,motionIntensityG,0.605
2188,activeEnergyKcal,110.5310707457001
2188,heartRateBpm,122.14956254415472
2189,speedMps,2.2829167751154715
2189,paceSecPerKm,438.03611717269865
2189,cadenceSpm,165.63096424469174
2189,distanceM,5528.945022513428
2189,motionIntensityG,0.605
2189,activeEnergyKcal,110.57385277246875
2189,heartRateBpm,121.52278777657858
2190,speedMps,2.2923360237470973
2190,paceSecPerKm,436.2362191409357
2190,cadenceSpm,164.08923255835523
2190,distanceM,5531.237358537175
2190,motionIntensityG,0.605
2190,activeEnergyKcal,110.6166347992374
2190,heartRateBpm,121.21365363728675
2191,speedMps,2.317840780610127
2191,paceSecPerKm,431.43601940456375
2191,cadenceSpm,163.57272055058849
2191,distanceM,5533.555199317785
2191,motionIntensityG,0.605
2191,activeEnergyKcal,110.65941682600605
2191,heartRateBpm,121.37000523681388
2192,speedMps,2.3546158119463594
2192,paceSecPerKm,424.6977340959014
2192,cadenceSpm,161.85038825050825
2192,distanceM,5535.909815129731
2192,motionIntensityG,0.605
2192,activeEnergyKcal,110.7021988527747
2192,heartRateBpm,118.60000150410076
2193,speedMps,2.356235753715981
2193,paceSecPerKm,424.4057490524521
2193,cadenceSpm,162.4032377159653
2193,distanceM,5538.266050883447
2193,motionIntensityG,0.605
2193,activeEnergyKcal,110.74498087954335
2193,heartRateBpm,119.68809205202045
2194,speedMps,2.3205579037443007
2194,paceSecPerKm,430.9308543374269
2194,cadenceSpm,165.77902315524278
2194,distanceM,5540.586608787191
2194,motionIntensityG,0.605
2194,activeEnergyKcal,110.787762906312
2194,heartRateBpm,121.027435622247
2195,speedMps,2.313586316402876
2195,paceSecPerKm,432.2293890269816
2195,cadenceSpm,166.58276953246153
2195,distanceM,5542.900195103593
2195,motionIntensityG,0.605
2195,activeEnergyKcal,110.83054493308065
2195,heartRateBpm,119.37653364796887
2196,speedMps,2.300940184022608
2196,paceSecPerKm,434.6049527683743
2196,cadenceSpm,163.69636774662672
2196,distanceM,5545.201135287616
2196,motionIntensityG,0.605
2196,activeEnergyKcal,110.8733269598493
2196,heartRateBpm,119.11426754814407
2197,speedMps,2.3197704536375414
2197,paceSecPerKm,431.0771345638699
2197,cadenceSpm,165.50570143727046
2197,distanceM,5547.520905741254
2197,motionIntensityG,0.605
2197,activeEnergyKcal,110.91610898661794
2197,heartRateBpm,116.16844053019332
2198,speedMps,2.3809311921547898
2198,paceSecPerKm,420.0037377371583
2198,cadenceSpm,164.50574147240363
2198,distanceM,5549.901836933409
2198,motionIntensityG,0.605
2198,activeEnergyKcal,110.95889101338659
2198,heartRateBpm,117.37075893547879
2199,speedMps,2.2721008910280007
2199,paceSecPerKm,440.121300928479
2199,cadenceSpm,163.20255478109095
2199,distanceM,5552.1739378244365
2199,motionIntensityG,0.605
2199,activeEnergyKcal,111.00167304015524
2199,heartRateBpm,117.42930393629649
2200,speedMps,2.2807939679107956
2200,paceSecPerKm,438.44381126454783
2200,cadenceSpm,166.08578801839965
2200,distanceM,5554.454731792347
2200,motionIntensityG,0.605
2200,activeEnergyKcal,111.04445506692389
2200,heartRateBpm,117.35235118441236
2201,speedMps,2.314779273406725
2201,paceSecPerKm,432.0066329815854
2201,cadenceSpm,163.923915142536
2201,distanceM,5556.769511065754
2201,motionIntensityG,0.605
2201,activeEnergyKcal,111.08723709369254
2201,heartRateBpm,117.35279783680629
2202,speedMps,2.2277669457056053
2202,paceSecPerKm,448.8799880650298
2202,cadenceSpm,162.8234032053441
2202,distanceM,5558.9972780114595
2202,motionIntensityG,0.605
2202,activeEnergyKcal,111.13001912046118
2202,heartRateBpm,117.32780091668265
2203,speedMps,2.2516144261141036
2203,paceSecPerKm,444.1257741121453
2203,cadenceSpm,164.97027168900732
2203,distanceM,5561.248892437574
2203,motionIntensityG,0.605
2203,activeEnergyKcal,111.17280114722983
2203,heartRateBpm,117.85221986141346
2204,speedMps,2.3140416571812232
2204,paceSecPerKm,432.1443379796881
2204,cadenceSpm,164.06404776607226
2204,distanceM,5563.562934094755
2204,motionIntensityG,0.605
2204,activeEnergyKcal,111.21558317399848
2204,heartRateBpm,116.21546827083975
2205,speedMps,2.2080982962718694
2205,paceSecPerKm,452.8783893762292
2205,cadenceSpm,164.42165601384286
2205,distanceM,5565.771032391027
2205,motionIntensityG,0.605
2205,activeEnergyKcal,111.25836520076713
2205,heartRateBpm,116.5603137347059
2206,speedMps,2.304055246790547
2206,paceSecPerKm,434.0173706307426
2206,cadenceSpm,165.1106345091257
2206,distanceM,5568.075087637818
2206,motionIntensityG,0.605
2206,activeEnergyKcal,111.30114722753578
2206,heartRateBpm,116.36138179592902
2207,speedMps,2.2914907675013207
2207,paceSecPerKm,436.39713246168407
2207,cadenceSpm,164.45168236362065
2207,distanceM,5570.366578405319
2207,motionIntensityG,0.605
2207,activeEnergyKcal,111.34392925430443
2207,heartRateBpm,116.18479406179104
2208,speedMps,2.3321814680634385
2208,paceSecPerKm,428.78310015487983
2208,cadenceSpm,162.5766913559381
2208,distanceM,5572.698759873382
2208,motionIntensityG,0.605
2208,activeEnergyKcal,111.38671128107308
2208,heartRateBpm,116.01842228678606
2209,speedMps,2.2366705039443633
2209,paceSecPerKm,447.09312267341227
2209,cadenceSpm,164.61659412053794
2209,distanceM,5574.935430377326
2209,motionIntensityG,0.605
2209,activeEnergyKcal,111.42949330784172
2209,heartRateBpm,115.69035695567406
2210,speedMps,2.3312771883738175
2210,paceSecPerKm,428.94942093846424
2210,cadenceSpm,163.1831237188312
2210,distanceM,5577.2667075657
2210,motionIntensityG,0.605
2210,activeEnergyKcal,111.47227533461037
2210,heartRateBpm,116.72301621932442
2211,speedMps,2.2473161613462405
2211,paceSecPerKm,444.9752185295354
2211,cadenceSpm,164.27341597707138
2211,distanceM,5579.514023727046
2211,motionIntensityG,0.605
2211,activeEnergyKcal,111.51505736137902
2211,heartRateBpm,116.20242505324096
2212,speedMps,2.3133920517516615
2212,paceSecPerKm,432.2656850328576
2212,cadenceSpm,165.23436968700162
2212,distanceM,5581.827415778798
2212,motionIntensityG,0.605
2212,activeEnergyKcal,111.55783938814767
2212,heartRateBpm,115.5986799844523
2213,speedMps,2.248391736407755
2213,paceSecPerKm,444.7623533778395
2213,cadenceSpm,167.72150999246136
2213,distanceM,5584.075807515206
2213,motionIntensityG,0.605
2213,activeEnergyKcal,111.60062141491632
2213,heartRateBpm,116.58846446413732
2214,speedMps,2.2062920362604417
2214,paceSecPerKm,453.249154493143
2214,cadenceSpm,162.84934708569668
2214,distanceM,5586.282099551467
2214,motionIntensityG,0.605
2214,activeEnergyKcal,111.64340344168497
2214,heartRateBpm,117.9848707778564
2215,speedMps,2.2541664276693405
2215,paceSecPerKm,443.6229675525485
2215,cadenceSpm,164.7119270080497
2215,distanceM,5588.536265979136
2215,motionIntensityG,0.605
2215,activeEnergyKcal,111.68618546845362
2215,heartRateBpm,118.14024345138719
2216,speedMps,2.2291334843933783
2216,paceSecPerKm,448.6048085505895
2216,cadenceSpm,166.4945940122556
2216,distanceM,5590.765399463529
2216,motionIntensityG,0.605
2216,activeEnergyKcal,111.72896749522226
2216,heartRateBpm,117.39361259770394
2217,speedMps,2.2956174497877786
2217,paceSecPerKm,435.61264970016947
2217,cadenceSpm,165.61816991850003
2217,distanceM,5593.061016913317
2217,motionIntensityG,0.605
2217,activeEnergyKcal,111.77174952199091
2217,heartRateBpm,117.76014781372547
2218,speedMps,2.2257188283690184
2218,paceSecPerKm,449.2930496224398
2218,cadenceSpm,164.19917224107525
2218,distanceM,5595.286735741686
2218,motionIntensityG,0.605
2218,activeEnergyKcal,111.81453154875956
2218,heartRateBpm,118.76910633152437
2219,speedMps,2.305473178143479
2219,paceSecPerKm,433.7504376456319
2219,cadenceSpm,163.4806500948214
2219,distanceM,5597.592208919829
2219,motionIntensityG,0.605
2219,activeEnergyKcal,111.85731357552821
2219,heartRateBpm,118.07800451599165
2220,speedMps,2.2927592312508227
2220,paceSecPerKm,436.1556967560203
2220,cadenceSpm,164.7624265116534
2220,distanceM,5599.88496815108
2220,motionIntensityG,0.605
2220,activeEnergyKcal,111.90009560229686
2220,heartRateBpm,119.83523967544258
2221,speedMps,2.1794470787852234
2221,paceSecPerKm,458.83197152801637
2221,cadenceSpm,161.3366629605408
2221,distanceM,5602.0644152298655
2221,motionIntensityG,0.605
2221,activeEnergyKcal,111.9428776290655
2221,heartRateBpm,119.45198851650426
2222,speedMps,2.2592972055061624
2222,paceSecPerKm,442.61551670266624
2222,cadenceSpm,167.2795183987852
2222,distanceM,5604.323712435372
2222,motionIntensityG,0.605
2222,activeEnergyKcal,111.98565965583416
2222,heartRateBpm,120.26697903974066
2223,speedMps,2.2062932907629373
2223,paceSecPerKm,453.2488967748252
2223,cadenceSpm,165.47626178591977
2223,distanceM,5606.530005726135
2223,motionIntensityG,0.605
2223,activeEnergyKcal,112.0284416826028
2223,heartRateBpm,116.63945180003797
2224,speedMps,2.25610062322796
2224,paceSecPerKm,443.2426416199604
2224,cadenceSpm,164.73995173355866
2224,distanceM,5608.786106349363
2224,motionIntensityG,0.605
2224,activeEnergyKcal,112.07122370937145
2224,heartRateBpm,116.1937624227185
2225,speedMps,2.2105952649207836
2225,paceSecPerKm,452.3668424829612
2225,cadenceSpm,162.90907701811804
2225,distanceM,5610.996701614284
2225,motionIntensityG,0.605
2225,activeEnergyKcal,112.1140057361401
2225,heartRateBpm,115.09650878265818
2226,speedMps,2.2580165944037978
2226,paceSecPerKm,442.86654158271944
2226,cadenceSpm,165.11481642261919
2226,distanceM,5613.254718208687
2226,motionIntensityG,0.605
2226,activeEnergyKcal,112.15678776290875
2226,heartRateBpm,116.20736572904585
2227,speedMps,2.1955300398655098
2227,paceSecPerKm,455.470880307908
2227,cadenceSpm,162.9993111526126
2227,distanceM,5615.450248248553
2227,motionIntensityG,0.605
2227,activeEnergyKcal,112.1995697896774
2227,heartRateBpm,115.22035074050002
2228,speedMps,2.1950825112899004
2228,paceSecPerKm,455.563740705295
2228,cadenceSpm,162.6935045867153
2228,distanceM,5617.645330759843
2228,motionIntensityG,0.605
2228,activeEnergyKcal,112.24235181644605
2228,heartRateBpm,114.82179376075989
2229,speedMps,2.2516241420772407
2229,paceSecPerKm,444.1238576690015
2229,cadenceSpm,162.8089739205299
2229,distanceM,5619.89695490192
2229,motionIntensityG,0.605
2229,activeEnergyKcal,112.2851338432147
2229,heartRateBpm,115.52448289708948
2230,speedMps,2.317640062219299
2230,paceSecPerKm,431.47338376712025
2230,cadenceSpm,163.50359917515746
2230,distanceM,5622.21459496414
2230,motionIntensityG,0.605
2230,activeEnergyKcal,112.32791586998334
2230,heartRateBpm,116.72862315304798
2231,speedMps,2.281847578674917
2231,paceSecPerKm,438.2413660515863
2231,cadenceSpm,167.90589998951927
2231,distanceM,5624.496442542815
2231,motionIntensityG,0.605
2231,activeEnergyKcal,112.37069789675199
2231,heartRateBpm,118.56579433903052
2232,speedMps,2.4147051702828852
2232,paceSecPerKm,414.12923296256866
2232,cadenceSpm,164.31755861411233
2232,distanceM,5626.911147713098
2232,motionIntensityG,0.605
2232,activeEnergyKcal,112.41347992352064
2232,heartRateBpm,118.16349826932814
2233,speedMps,2.3178263113343403
2233,paceSecPerKm,431.4387126895259
2233,cadenceSpm,165.78794912313234
2233,distanceM,5629.228974024432
2233,motionIntensityG,0.605
2233,activeEnergyKcal,112.45626195028929
2233,heartRateBpm,118.18077017936147
2234,speedMps,2.220956963249835
2234,paceSecPerKm,450.25636090522937
2234,cadenceSpm,164.81200535800735
2234,distanceM,5631.449930987682
2234,motionIntensityG,0.605
2234,activeEnergyKcal,112.49904397705794
2234,heartRateBpm,115.88014541407006
2235,speedMps,2.254965953938724
2235,paceSecPerKm,443.4656755031317
2235,cadenceSpm,162.90920517672188
2235,distanceM,5633.704896941621
2235,motionIntensityG,0.605
2235,activeEnergyKcal,112.54182600382659
2235,heartRateBpm,117.6757481093488
2236,speedMps,2.3117264596372835
2236,paceSecPerKm,432.57713118744283
2236,cadenceSpm,164.80992428908596
2236,distanceM,5636.016623401259
2236,motionIntensityG,0.605
2236,activeEnergyKcal,112.58460803059523
2236,heartRateBpm,117.2827329205277
2237,speedMps,2.2797850100222687
2237,paceSecPerKm,438.6378520798468
2237,cadenceSpm,166.52664898450465
2237,distanceM,5638.296408411281
2237,motionIntensityG,0.605
2237,activeEnergyKcal,112.62739005736388
2237,heartRateBpm,116.79895562147307
2238,speedMps,2.2809550227382074
2238,paceSecPerKm,438.4128534018767
2238,cadenceSpm,164.89643865794676
2238,distanceM,5640.577363434019
2238,motionIntensityG,0.605
2238,activeEnergyKcal,112.67017208413253
2238,heartRateBpm,117.64791454132074
2239,speedMps,2.3292973975089066
2239,paceSecPerKm,429.31400733519956
2239,cadenceSpm,164.99098045246268
2239,distanceM,5642.906660831528
2239,motionIntensityG,0.605
2239,activeEnergyKcal,112.71295411090118
2239,heartRateBpm,115.7650268868456
2240,speedMps,2.3471130215944727
2240,paceSecPerKm,426.0553244771598
2240,cadenceSpm,164.10000412069667
2240,distanceM,5645.253773853123
2240,motionIntensityG,0.605
2240,activeEnergyKcal,112.75573613766983
2240,heartRateBpm,115.89067569459272
2241,speedMps,2.1538600106725942
2241,paceSecPerKm,464.28272731045604
2241,cadenceSpm,165.90633779695045
2241,distanceM,5647.407633863795
2241,motionIntensityG,0.605
2241,activeEnergyKcal,112.79851816443848
2241,heartRateBpm,117.28788406717207
2242,speedMps,2.254623571392849
2242,paceSecPerKm,443.53301929786244
2242,cadenceSpm,164.81603229617565
2242,distanceM,5649.662257435188
2242,motionIntensityG,0.605
2242,activeEnergyKcal,112.84130019120713
2242,heartRateBpm,116.12164552591526
2243,speedMps,2.313228180284203
2243,paceSecPerKm,432.2963071793203
2243,cadenceSpm,165.92480765363862
2243,distanceM,5651.975485615472
2243,motionIntensityG,0.605
2243,activeEnergyKcal,112.88408221797577
2243,heartRateBpm,115.69026814429097
2244,speedMps,2.228890133521773
2244,paceSecPerKm,448.6537873537729
2244,cadenceSpm,161.70365751666006
2244,distanceM,5654.204375748994
2244,motionIntensityG,0.605
2244,activeEnergyKcal,112.92686424474442
2244,heartRateBpm,114.71143930251145
2245,speedMps,2.312797601835855
2245,paceSecPerKm,432.3767887022275
2245,cadenceSpm,163.3889357849677
2245,distanceM,5656.51717335083
2245,motionIntensityG,0.605
2245,activeEnergyKcal,112.96964627151307
2245,heartRateBpm,115.29950394103648
2246,speedMps,2.2798301769556866
2246,paceSecPerKm,438.62916199105877
2246,cadenceSpm,168.23934778568676
2246,distanceM,5658.797003527785
2246,motionIntensityG,0.605
2246,activeEnergyKcal,113.01242829828172
2246,heartRateBpm,114.33925860834272
2247,speedMps,2.2885794638539174
2247,paceSecPerKm,436.95227358023305
2247,cadenceSpm,161.7044277049204
2247,distanceM,5661.085582991639
2247,motionIntensityG,0.605
2247,activeEnergyKcal,113.05521032505037
2247,heartRateBpm,114.17180764416264
2248,speedMps,2.416676451095011
2248,paceSecPerKm,413.79142811893325
2248,cadenceSpm,167.23468527925309
2248,distanceM,5663.502259442734
2248,motionIntensityG,0.605
2248,activeEnergyKcal,113.09799235181902
2248,heartRateBpm,114.76300800615861
2249,speedMps,2.2704819645577388
2249,paceSecPerKm,440.4351215336729
2249,cadenceSpm,166.1569549833271
2249,distanceM,5665.7727414072915
2249,motionIntensityG,0.605
2249,activeEnergyKcal,113.14077437858766
2249,heartRateBpm,114.94697647725538
2250,speedMps,2.2817454183129704
2250,paceSecPerKm,438.2609873889258
2250,cadenceSpm,161.67124113489956
2250,distanceM,5668.054486825605
2250,motionIntensityG,0.605
2250,activeEnergyKcal,113.18355640535631
2250,heartRateBpm,113.15731190774328
2251,speedMps,2.301103652491248
2251,paceSecPerKm,434.5740787979577
2251,cadenceSpm,166.62871556530715
2251,distanceM,5670.355590478096
2251,motionIntensityG,0.605
2251,activeEnergyKcal,113.22633843212496
2251,heartRateBpm,113.2162041363057
2252,speedMps,2.3092251511489326
2252,paceSecPerKm,433.04569045701743
2252,cadenceSpm,166.84934954799476
2252,distanceM,5672.664815629245
2252,motionIntensityG,0.605
2252,activeEnergyKcal,113.26912045889361
2252,heartRateBpm,112.59139918184395
2253,speedMps,2.292142254406642
2253,paceSecPerKm,436.2730969587514
2253,cadenceSpm,167.95847512105655
2253,distanceM,5674.956957883652
2253,motionIntensityG,0.605
2253,activeEnergyKcal,113.31190248566226
2253,heartRateBpm,112.0621662028992
2254,speedMps,2.28144422643034
2254,paceSecPerKm,438.3188457622956
2254,cadenceSpm,164.67725714044573
2254,distanceM,5677.2384021100825
2254,motionIntensityG,0.605
2254,activeEnergyKcal,113.35468451243091
2254,heartRateBpm,111.73978039410862
2255,speedMps,2.2798922493275455
2255,paceSecPerKm,438.61721986859254
2255,cadenceSpm,166.18645450947847
2255,distanceM,5679.51829435941
2255,motionIntensityG,0.605
2255,activeEnergyKcal,113.39746653919956
2255,heartRateBpm,111.84151026391169
2256,speedMps,2.3463398808380522
2256,paceSecPerKm,426.19571365885224
2256,cadenceSpm,165.01838749150613
2256,distanceM,5681.864634240248
2256,motionIntensityG,0.605
2256,activeEnergyKcal,113.4402485659682
2256,heartRateBpm,112.92662682949542
2257,speedMps,2.2425741506529637
2257,paceSecPerKm,445.91613602111346
2257,cadenceSpm,163.5178333206379
2257,distanceM,5684.107208390901
2257,motionIntensityG,0.605
2257,activeEnergyKcal,113.48303059273685
2257,heartRateBpm,113.72856493273731
2258,speedMps,2.3241907951943825
2258,paceSecPerKm,430.25727580870375
2258,cadenceSpm,163.91189307645803
2258,distanceM,5686.431399186095
2258,motionIntensityG,0.605
2258,activeEnergyKcal,113.5258126195055
2258,heartRateBpm,114.08271410817294
2259,speedMps,2.2288638979265105
2259,paceSecPerKm,448.65906838470033
2259,cadenceSpm,162.56785116468646
2259,distanceM,5688.660263084022
2259,motionIntensityG,0.605
2259,activeEnergyKcal,113.56859464627415
2259,heartRateBpm,113.6131500419885
2260,speedMps,2.2926507369459115
2260,paceSecPerKm,436.1763367987403
2260,cadenceSpm,163.815801890028
2260,distanceM,5690.952913820967
2260,motionIntensityG,0.605
2260,activeEnergyKcal,113.6113766730428
2260,heartRateBpm,114.97787455026202
2261,speedMps,2.3222097256817817
2261,paceSecPerKm,430.62432688176267
2261,cadenceSpm,164.0132752436952
2261,distanceM,5693.275123546649
2261,motionIntensityG,0.605
2261,activeEnergyKcal,113.65415869981145
2261,heartRateBpm,114.48471796832646
2262,speedMps,2.2926366210949705
2262,paceSecPerKm,436.1790223530482
2262,cadenceSpm,162.31199665091057
2262,distanceM,5695.567760167744
2262,motionIntensityG,0.605
2262,activeEnergyKcal,113.6969407265801
2262,heartRateBpm,112.9669725289991
2263,speedMps,2.2757018050397413
2263,paceSecPerKm,439.4248832537779
2263,cadenceSpm,165.57407047726264
2263,distanceM,5697.843461972784
2263,motionIntensityG,0.605
2263,activeEnergyKcal,113.73972275334874
2263,heartRateBpm,112.97472895167866
2264,speedMps,2.1620446555072816
2264,paceSecPerKm,462.52513677399946
2264,cadenceSpm,164.9905309657729
2264,distanceM,5700.005506628291
2264,motionIntensityG,0.605
2264,activeEnergyKcal,113.78250478011739
2264,heartRateBpm,111.77128563786819
2265,speedMps,2.319552211582195
2265,paceSecPerKm,431.1176937542991
2265,cadenceSpm,165.44797942833605
2265,distanceM,5702.325058839873
2265,motionIntensityG,0.605
2265,activeEnergyKcal,113.82528680688604
2265,heartRateBpm,114.0384513777073
2266,speedMps,2.3144470902923877
2266,paceSecPerKm,432.06863712476076
2266,cadenceSpm,167.02176985568613
2266,distanceM,5704.639505930166
2266,motionIntensityG,0.605
2266,activeEnergyKcal,113.86806883365469
2266,heartRateBpm,114.64005146842037
2267,speedMps,2.253780426292222
2267,paceSecPerKm,443.6989461502855
2267,cadenceSpm,166.16237426887764
2267,distanceM,5706.893286356458
2267,motionIntensityG,0.605
2267,activeEnergyKcal,113.91085086042334
2267,heartRateBpm,114.41309322397245
2268,speedMps,2.354956959661557
2268,paceSecPerKm,424.63621082217793
2268,cadenceSpm,162.35400987750577
2268,distanceM,5709.248243316119
2268,motionIntensityG,0.605
2268,activeEnergyKcal,113.95363288719199
2268,heartRateBpm,112.58308775562716
2269,speedMps,2.3341070751897286
2269,paceSecPerKm,428.4293598307673
2269,cadenceSpm,165.21072939003892
2269,distanceM,5711.582350391309
2269,motionIntensityG,0.605
2269,activeEnergyKcal,113.99641491396063
2269,heartRateBpm,112.11248254549679
2270,speedMps,2.40510836992163
2270,paceSecPerKm,415.7816805704205
2270,cadenceSpm,162.703797288857
2270,distanceM,5713.98745876123
2270,motionIntensityG,0.605
2270,activeEnergyKcal,114.03919694072928
2270,heartRateBpm,110.81370615556371
2271,speedMps,2.2015022551890655
2271,paceSecPerKm,454.23528304045266
2271,cadenceSpm,165.2522253463517
2271,distanceM,5716.188961016419
2271,motionIntensityG,0.605
2271,activeEnergyKcal,114.08197896749793
2271,heartRateBpm,111.91632789895253
2272,speedMps,2.23471494990611
2272,paceSecPerKm,447.48436485915767
2272,cadenceSpm,164.88418437341042
2272,distanceM,5718.423675966325
2272,motionIntensityG,0.605
2272,activeEnergyKcal,114.12476099426658
2272,heartRateBpm,110.93438404414854
2273,speedMps,2.249560923880512
2273,paceSecPerKm,444.53119245821154
2273,cadenceSpm,166.05128443273452
2273,distanceM,5720.673236890206
2273,motionIntensityG,0.605
2273,activeEnergyKcal,114.16754302103523
2273,heartRateBpm,110.12286883117139
2274,speedMps,2.0677509897309676
2274,paceSecPerKm,483.61722710630096
2274,cadenceSpm,163.9448361083759
2274,distanceM,5722.740987879937
2274,motionIntensityG,0.605
2274,activeEnergyKcal,114.21032504780388
2274,heartRateBpm,110.51396837520582
2275,speedMps,2.344220537333679
2275,paceSecPerKm,426.5810251527794
2275,cadenceSpm,161.7440105666508
2275,distanceM,5725.085208417271
2275,motionIntensityG,0.605
2275,activeEnergyKcal,114.25310707457253
2275,heartRateBpm,111.3141267974842
2276,speedMps,2.315998388192329
2276,paceSecPerKm,431.7792296826747
2276,cadenceSpm,163.25307010193401
2276,distanceM,5727.4012068054635
2276,motionIntensityG,0.605
2276,activeEnergyKcal,114.29588910134117
2276,heartRateBpm,112.12664579706043
2277,speedMps,2.2656757420598845
2277,paceSecPerKm,441.3694252165272
2277,cadenceSpm,163.67570622295162
2277,distanceM,5729.6668825475235
2277,motionIntensityG,0.605
2277,activeEnergyKcal,114.33867112810982
2277,heartRateBpm,111.51648829998643
2278,speedMps,2.2500294713969544
2278,paceSecPerKm,444.4386230101864
2278,cadenceSpm,165.24407217452568
2278,distanceM,5731.916912018921
2278,motionIntensityG,0.605
2278,activeEnergyKcal,114.38145315487847
2278,heartRateBpm,114.24753829447903
2279,speedMps,2.2154474167939693
2279,paceSecPerKm,451.37609334331466
2279,cadenceSpm,166.0547417938915
2279,distanceM,5734.1323594357145
2279,motionIntensityG,0.605
2279,activeEnergyKcal,114.42423518164712
2279,heartRateBpm,113.07316046356354
2280,speedMps,2.1726064342286646
2280,paceSecPerKm,460.27664479187075
2280,cadenceSpm,164.67628322014508
2280,distanceM,5736.304965869943
2280,motionIntensityG,0.605
2280,activeEnergyKcal,114.46701720841577
2280,heartRateBpm,112.90029617642504
2281,speedMps,2.2539022300898823
2281,paceSecPerKm,443.6749680841841
2281,cadenceSpm,162.42979520118524
2281,distanceM,5738.558868100033
2281,motionIntensityG,0.605
2281,activeEnergyKcal,114.50979923518442
2281,heartRateBpm,113.32374704457784
2282,speedMps,2.171206603163723
2282,paceSecPerKm,460.57339662788115
2282,cadenceSpm,163.72010233231364
2282,distanceM,5740.730074703197
2282,motionIntensityG,0.605
2282,activeEnergyKcal,114.55258126195307
2282,heartRateBpm,113.86024920918591
2283,speedMps,2.265517341050061
2283,paceSecPerKm,441.40028499473004
2283,cadenceSpm,160.6607240013008
2283,distanceM,5742.995592044247
2283,motionIntensityG,0.605
2283,activeEnergyKcal,114.59536328872171
2283,heartRateBpm,113.82375650502645
2284,speedMps,2.2211804928952863
2284,paceSecPerKm,450.21104912393236
2284,cadenceSpm,163.6808646437467
2284,distanceM,5745.216772537143
2284,motionIntensityG,0.605
2284,activeEnergyKcal,114.63814531549036
2284,heartRateBpm,114.46664288937505
2285,speedMps,2.2451429152345104
2285,paceSecPerKm,445.40594418932466
2285,cadenceSpm,167.08366801893865
2285,distanceM,5747.461915452377
2285,motionIntensityG,0.605
2285,activeEnergyKcal,114.68092734225901
2285,heartRateBpm,115.79327867654852
2286,speedMps,2.3222099722670593
2286,paceSecPerKm,430.6242811556568
2286,cadenceSpm,167.07217386405702
2286,distanceM,5749.784125424644
2286,motionIntensityG,0.605
2286,activeEnergyKcal,114.72370936902766
2286,heartRateBpm,116.22567150079219
2287,speedMps,2.2710922154421183
2287,paceSecPerKm,440.3167749863155
2287,cadenceSpm,165.61066155602512
2287,distanceM,5752.055217640086
2287,motionIntensityG,0.605
2287,activeEnergyKcal,114.76649139579631
2287,heartRateBpm,118.27710347849458
2288,speedMps,2.3036277735018174
2288,paceSecPerKm,434.0979091773444
2288,cadenceSpm,160.5754663550209
2288,distanceM,5754.358845413588
2288,motionIntensityG,0.605
2288,activeEnergyKcal,114.80927342256496
2288,heartRateBpm,120.30477403211574
2289,speedMps,2.365294395312775
2289,paceSecPerKm,422.7803532539825
2289,cadenceSpm,165.31735222621987
2289,distanceM,5756.724139808901
2289,motionIntensityG,0.605
2289,activeEnergyKcal,114.8520554493336
2289,heartRateBpm,119.46326932851369
2290,speedMps,2.2650622576663824
2290,paceSecPerKm,441.4889686212274
2290,cadenceSpm,164.41050521264856
2290,distanceM,5758.9892020665675
2290,motionIntensityG,0.605
2290,activeEnergyKcal,114.89483747610225
2290,heartRateBpm,118.15594575580523
2291,speedMps,2.2367409021200797
2291,paceSecPerKm,447.0790510658417
2291,cadenceSpm,164.95001709080356
2291,distanceM,5761.225942968687
2291,motionIntensityG,0.605
2291,activeEnergyKcal,114.9376195028709
2291,heartRateBpm,116.4513134565722
2292,speedMps,2.2230473128028296
2292,paceSecPerKm,449.83298116997554
2292,cadenceSpm,164.24962246412247
2292,distanceM,5763.44899028149
2292,motionIntensityG,0.605
2292,activeEnergyKcal,114.98040152963955
2292,heartRateBpm,117.43133661304084
2293,speedMps,2.2181847340382856
2293,paceSecPerKm,450.81907951799116
2293,cadenceSpm,164.8444328479751
2293,distanceM,5765.667175015528
2293,motionIntensityG,0.605
2293,activeEnergyKcal,115.0231835564082
2293,heartRateBpm,117.77999677949522
2294,speedMps,2.2280644558610594
2294,paceSecPerKm,448.8200497833171
2294,cadenceSpm,161.02728302259203
2294,distanceM,5767.89523947139
2294,motionIntensityG,0.605
2294,activeEnergyKcal,115.06596558317685
2294,heartRateBpm,121.16669480035826
2295,speedMps,2.2766367524607984
2295,paceSecPerKm,439.24442444281374
2295,cadenceSpm,164.95688903904627
2295,distanceM,5770.171876223851
2295,motionIntensityG,0.605
2295,activeEnergyKcal,115.1087476099455
2295,heartRateBpm,120.58115303342979
2296,speedMps,2.218524568790505
2296,paceSecPerKm,450.7500228159204
2296,cadenceSpm,161.27075269173517
2296,distanceM,5772.390400792641
2296,motionIntensityG,0.605
2296,activeEnergyKcal,115.15152963671414
2296,heartRateBpm,121.7505001474908
2297,speedMps,2.303972309304262
2297,paceSecPerKm,434.03299421683295
2297,cadenceSpm,165.52620865437115
2297,distanceM,5774.6943731019455
2297,motionIntensityG,0.605
2297,activeEnergyKcal,115.1943116634828
2297,heartRateBpm,123.26155967069539
2298,speedMps,2.2451357054360765
2298,paceSecPerKm,445.4073745202713
2298,cadenceSpm,164.4182684999437
2298,distanceM,5776.939508807382
2298,motionIntensityG,0.605
2298,activeEnergyKcal,115.23709369025144
2298,heartRateBpm,122.894036062144
2299,speedMps,2.3176535271895893
2299,paceSecPerKm,431.4708770178476
2299,cadenceSpm,163.8002239990803
2299,distanceM,5779.257162334571
2299,motionIntensityG,0.605
2299,activeEnergyKcal,115.27987571702009
2299,heartRateBpm,122.70939384062085
2300,speedMps,2.2649015793487526
2300,paceSecPerKm,441.5202890571249
2300,cadenceSpm,163.69861264502885
2300,distanceM,5781.52206391392
2300,motionIntensityG,0.605
2300,activeEnergyKcal,115.32265774378874
2300,heartRateBpm,122.42825980389246
2301,speedMps,2.2892851316031306
2301,paceSecPerKm,436.8175838803113
2301,cadenceSpm,164.33146515698823
2301,distanceM,5783.811349045523
2301,motionIntensityG,0.605
2301,activeEnergyKcal,115.36543977055739
2301,heartRateBpm,121.64320887108194
2302,speedMps,2.3207687204105305
2302,paceSecPerKm,430.891708943365
2302,cadenceSpm,163.56252616085493
2302,distanceM,5786.132117765933
2302,motionIntensityG,0.605
2302,activeEnergyKcal,115.40822179732604
2302,heartRateBpm,121.70737501691751
2303,speedMps,2.358341652756643
2303,paceSecPerKm,424.02677272443094
2303,cadenceSpm,163.46948872454433
2303,distanceM,5788.490459418689
2303,motionIntensityG,0.605
2303,activeEnergyKcal,115.45100382409468
2303,heartRateBpm,123.84015686748285
2304,speedMps,2.2556117301074057
2304,paceSecPerKm,443.33871235559803
2304,cadenceSpm,164.71328373292945
2304,distanceM,5790.746071148797
2304,motionIntensityG,0.605
2304,activeEnergyKcal,115.49378585086333
2304,heartRateBpm,122.99640851625132
2305,speedMps,2.2710843100208127
2305,paceSecPerKm,440.3183076857397
2305,cadenceSpm,163.65821907505602
2305,distanceM,5793.017155458818
2305,motionIntensityG,0.605
2305,activeEnergyKcal,115.53656787763198
2305,heartRateBpm,124.72046275949829
2306,speedMps,2.3978592983194393
2306,paceSecPerKm,417.0386480561469
2306,cadenceSpm,164.89731262321243
2306,distanceM,5795.415014757137
2306,motionIntensityG,0.605
2306,activeEnergyKcal,115.57934990440063
2306,heartRateBpm,124.51478129715409
2307,speedMps,2.26570063760148
2307,paceSecPerKm,441.3645754448045
2307,cadenceSpm,168.6773609593635
2307,distanceM,5797.680715394738
2307,motionIntensityG,0.605
2307,activeEnergyKcal,115.62213193116928
2307,heartRateBpm,123.8045015223808
2308,speedMps,2.1756938418768232
2308,paceSecPerKm,459.62349148231624
2308,cadenceSpm,164.66178212991784
2308,distanceM,5799.856409236615
2308,motionIntensityG,0.605
2308,activeEnergyKcal,115.66491395793793
2308,heartRateBpm,124.24572401684237
2309,speedMps,2.2820537676152464
2309,paceSecPerKm,438.2017699105325
2309,cadenceSpm,165.4829906085113
2309,distanceM,5802.13846300423
2309,motionIntensityG,0.605
2309,activeEnergyKcal,115.70769598470658
2309,heartRateBpm,122.58036179782262
2310,speedMps,2.2474898517484467
2310,paceSecPerKm,444.94082997618193
2310,cadenceSpm,162.87889911093814
2310,distanceM,5804.385952855979
2310,motionIntensityG,0.605
2310,activeEnergyKcal,115.75047801147522
2310,heartRateBpm,122.37522242368232
2311,speedMps,2.2006045740427163
2311,paceSecPerKm,454.42057687034
2311,cadenceSpm,161.9972092487877
2311,distanceM,5806.5865574300215
2311,motionIntensityG,0.605
2311,activeEnergyKcal,115.79326003824387
2311,heartRateBpm,123.02249169442291
2312,speedMps,2.255973283107792
2312,paceSecPerKm,443.2676607864861
2312,cadenceSpm,163.34195368262166
2312,distanceM,5808.842530713129
2312,motionIntensityG,0.605
2312,activeEnergyKcal,115.83604206501252
2312,heartRateBpm,125.35899509166222
2313,speedMps,2.185275604089415
2313,paceSecPerKm,457.6081836673829
2313,cadenceSpm,164.7799892685966
2313,distanceM,5811.027806317219
2313,motionIntensityG,0.605
2313,activeEnergyKcal,115.87882409178117
2313,heartRateBpm,125.05724879707316
2314,speedMps,2.200933961347802
2314,paceSecPerKm,454.35256921003787
2314,cadenceSpm,165.2735371620032
2314,distanceM,5813.228740278567
2314,motionIntensityG,0.605
2314,activeEnergyKcal,115.92160611854982
2314,heartRateBpm,125.37204681620463
2315,speedMps,2.350667841467648
2315,paceSecPerKm,425.41101824732766
2315,cadenceSpm,164.41827682195193
2315,distanceM,5815.579408120035
2315,motionIntensityG,0.605
2315,activeEnergyKcal,115.96438814531847
2315,heartRateBpm,126.62195498379826
2316,speedMps,2.203361603235274
2316,paceSecPerKm,453.8519680708172
2316,cadenceSpm,165.03694322852883
2316,distanceM,5817.78276972327
2316,motionIntensityG,0.605
2316,activeEnergyKcal,116.00717017208711
2316,heartRateBpm,127.4374775679791
2317,speedMps,2.307094768185637
2317,paceSecPerKm,433.44556703512774
2317,cadenceSpm,164.37648110918303
2317,distanceM,5820.089864491455
2317,motionIntensityG,0.605
2317,activeEnergyKcal,116.04995219885576
2317,heartRateBpm,127.95662611269641
2318,speedMps,2.273793425079657
2318,paceSecPerKm,439.793689686198
2318,cadenceSpm,164.2864792242551
2318,distanceM,5822.363657916535
2318,motionIntensityG,0.605
2318,activeEnergyKcal,116.09273422562441
2318,heartRateBpm,126.80272463296849
2319,speedMps,2.215771134761735
2319,paceSecPerKm,451.31014855806916
2319,cadenceSpm,162.60183792796406
2319,distanceM,5824.579429051297
2319,motionIntensityG,0.605
2319,activeEnergyKcal,116.13551625239306
2319,heartRateBpm,126.55362943112749
2320,speedMps,2.28969014388066
2320,paceSecPerKm,436.7403173187265
2320,cadenceSpm,165.67473200992637
2320,distanceM,5826.8691191951775
2320,motionIntensityG,0.605
2320,activeEnergyKcal,116.17829827916171
2320,heartRateBpm,126.44219195283166
2321,speedMps,2.209453564815495
2321,paceSecPerKm,452.6005958778803
2321,cadenceSpm,165.61229834598365
2321,distanceM,5829.078572759993
2321,motionIntensityG,0.605
2321,activeEnergyKcal,116.22108030593036
2321,heartRateBpm,124.30227089890998
2322,speedMps,2.273717013102702
2322,paceSecPerKm,439.8084696720483
2322,cadenceSpm,162.08338767428907
2322,distanceM,5831.352289773096
2322,motionIntensityG,0.605
2322,activeEnergyKcal,116.263862332699
2322,heartRateBpm,125.15923796729962
2323,speedMps,2.2278222775408745
2323,paceSecPerKm,448.86883935096694
2323,cadenceSpm,166.39941151656353
2323,distanceM,5833.580112050638
2323,motionIntensityG,0.605
2323,activeEnergyKcal,116.30664435946765
2323,heartRateBpm,124.33590356690151
2324,speedMps,2.4236767485953656
2324,paceSecPerKm,412.5962757119104
2324,cadenceSpm,163.91318982611233
2324,distanceM,5836.003788799233
2324,motionIntensityG,0.605
2324,activeEnergyKcal,116.3494263862363
2324,heartRateBpm,125.8920662423648
2325,speedMps,2.2265449461873463
2325,paceSecPerKm,449.1263478477554
2325,cadenceSpm,163.4521894999259
2325,distanceM,5838.2303337454205
2325,motionIntensityG,0.605
2325,activeEnergyKcal,116.39220841300495
2325,heartRateBpm,127.69022385981827
2326,speedMps,2.1730629861181554
2326,paceSecPerKm,460.1799424996636
2326,cadenceSpm,162.37746040251784
2326,distanceM,5840.403396731539
2326,motionIntensityG,0.605
2326,activeEnergyKcal,116.4349904397736
2326,heartRateBpm,128.06725286221086
2327,speedMps,2.359955107484786
2327,paceSecPerKm,423.7368739890094
2327,cadenceSpm,164.92432263829
2327,distanceM,5842.763351839024
2327,motionIntensityG,0.605
2327,activeEnergyKcal,116.47777246654225
2327,heartRateBpm,126.9170330708584
2328,speedMps,2.264150908319303
2328,paceSecPerKm,441.6666735091027
2328,cadenceSpm,163.49202932742094
2328,distanceM,5845.0275027473435
2328,motionIntensityG,0.605
2328,activeEnergyKcal,116.5205544933109
2328,heartRateBpm,127.60492954338748
2329,speedMps,2.3327056139097895
2329,paceSecPerKm,428.68675500117007
2329,cadenceSpm,166.63837207973774
2329,distanceM,5847.360208361253
2329,motionIntensityG,0.605
2329,activeEnergyKcal,116.56333652007955
2329,heartRateBpm,126.25233995296367
2330,speedMps,2.3263480500376588
2330,paceSecPerKm,429.85829226362415
2330,cadenceSpm,163.6534460490391
2330,distanceM,5849.68655641129
2330,motionIntensityG,0.605
2330,activeEnergyKcal,116.6061185468482
2330,heartRateBpm,124.87079514396487
2331,speedMps,2.355535776668792
2331,paceSecPerKm,424.53186655233225
2331,cadenceSpm,164.52524039802935
2331,distanceM,5852.0420921879595
2331,motionIntensityG,0.605
2331,activeEnergyKcal,116.64890057361684
2331,heartRateBpm,124.08939145779483
2332,speedMps,2.3151209095276375
2332,paceSecPerKm,431.9428829330705
2332,cadenceSpm,168.1098173007129
2332,distanceM,5854.357213097487
2332,motionIntensityG,0.605
2332,activeEnergyKcal,116.69168260038549
2332,heartRateBpm,123.42959410070856
2333,speedMps,2.300846919868094
2333,paceSecPerKm,434.62256935256227
2333,cadenceSpm,162.5571500139992
2333,distanceM,5856.658060017356
2333,motionIntensityG,0.605
2333,activeEnergyKcal,116.73446462715414
2333,heartRateBpm,122.81498826937845
2334,speedMps,2.3017353686394126
2334,paceSecPerKm,434.4548090213836
2334,cadenceSpm,164.05458659341426
2334,distanceM,5858.959795385995
2334,motionIntensityG,0.605
2334,activeEnergyKcal,116.77724665392279
2334,heartRateBpm,123.20348370044275
2335,speedMps,2.2950036482528677
2335,paceSecPerKm,435.7291548365409
2335,cadenceSpm,165.14130536521398
2335,distanceM,5861.254799034247
2335,motionIntensityG,0.605
2335,activeEnergyKcal,116.82002868069144
2335,heartRateBpm,124.54226340092707
2336,speedMps,2.2844965616843735
2336,paceSecPerKm,437.7332042306484
2336,cadenceSpm,164.97421643062637
2336,distanceM,5863.539295595931
2336,motionIntensityG,0.605
2336,activeEnergyKcal,116.86281070746008
2336,heartRateBpm,125.06125406097233
2337,speedMps,2.271896849787683
2337,paceSecPerKm,440.16082864565516
2337,cadenceSpm,166.6083756433502
2337,distanceM,5865.811192445719
2337,motionIntensityG,0.605
2337,activeEnergyKcal,116.90559273422873
2337,heartRateBpm,126.09574057890615
2338,speedMps,2.2088559309432076
2338,paceSecPerKm,452.72305268591606
2338,cadenceSpm,166.64552147383324
2338,distanceM,5868.020048376662
2338,motionIntensityG,0.605
2338,activeEnergyKcal,116.94837476099738
2338,heartRateBpm,125.58338416557454
2339,speedMps,2.340595028170836
2339,paceSecPerKm,427.24178594085765
2339,cadenceSpm,162.42925988103664
2339,distanceM,5870.360643404833
2339,motionIntensityG,0.605
2339,activeEnergyKcal,116.99115678776603
2339,heartRateBpm,123.71475917981995
2340,speedMps,2.22334400794293
2340,paceSecPerKm,449.77295300569097
2340,cadenceSpm,164.17102959910048
2340,distanceM,5872.583987412776
2340,motionIntensityG,0.605
2340,activeEnergyKcal,117.03393881453468
2340,heartRateBpm,124.36025036354494
2341,speedMps,2.2666211163468155
2341,paceSecPerKm,441.1853365293496
2341,cadenceSpm,163.67125725593246
2341,distanceM,5874.850608529123
2341,motionIntensityG,0.605
2341,activeEnergyKcal,117.07672084130333
2341,heartRateBpm,125.70328356652229
2342,speedMps,2.263317147843366
2342,paceSecPerKm,441.8293746207262
2342,cadenceSpm,162.61381226735432
2342,distanceM,5877.113925676967
2342,motionIntensityG,0.605
2342,activeEnergyKcal,117.11950286807198
2342,heartRateBpm,124.22778110771941
2343,speedMps,2.2794008919897935
2343,paceSecPerKm,438.71177005948005
2343,cadenceSpm,166.81344479206487
2343,distanceM,5879.393326568957
2343,motionIntensityG,0.605
2343,activeEnergyKcal,117.16228489484062
2343,heartRateBpm,124.31971926501198
2344,speedMps,2.192086771402452
2344,paceSecPerKm,456.18632120124545
2344,cadenceSpm,162.6273250658457
2344,distanceM,5881.585413340359
2344,motionIntensityG,0.605
2344,activeEnergyKcal,117.20506692160927
2344,heartRateBpm,124.38964390379425
2345,speedMps,2.322358921188484
2345,paceSecPerKm,430.5966622455769
2345,cadenceSpm,164.11172319812664
2345,distanceM,5883.9077722615475
2345,motionIntensityG,0.605
2345,activeEnergyKcal,117.24784894837792
2345,heartRateBpm,126.69981509946592
2346,speedMps,2.336615512274038
2346,paceSecPerKm,427.96942618376323
2346,cadenceSpm,161.66013158586892
2346,distanceM,5886.2443877738215
2346,motionIntensityG,0.605
2346,activeEnergyKcal,117.29063097514657
2346,heartRateBpm,126.01098204745873
2347,speedMps,2.287610035528976
2347,paceSecPerKm,437.13744233892766
2347,cadenceSpm,164.1966431919288
2347,distanceM,5888.53199780935
2347,motionIntensityG,0.605
2347,activeEnergyKcal,117.33341300191522
2347,heartRateBpm,126.66519124688539
2348,speedMps,2.3118917602626183
2348,paceSecPerKm,432.54620185436596
2348,cadenceSpm,161.61495743471494
2348,distanceM,5890.843889569613
2348,motionIntensityG,0.605
2348,activeEnergyKcal,117.37619502868387
2348,heartRateBpm,127.16580954537474
2349,speedMps,2.2993712895378877
2349,paceSecPerKm,434.9014900507753
2349,cadenceSpm,162.56637652790002
2349,distanceM,5893.14326085915
2349,motionIntensityG,0.605
2349,activeEnergyKcal,117.41897705545252
2349,heartRateBpm,126.93848666027112
2350,speedMps,2.1836535461021005
2350,paceSecPerKm,457.9481034365711
2350,cadenceSpm,162.54590969111547
2350,distanceM,5895.326914405253
2350,motionIntensityG,0.605
2350,activeEnergyKcal,117.46175908222116
2350,heartRateBpm,125.09278137504799
2351,speedMps,2.365781359662747
2351,paceSecPerKm,422.69332959092833
2351,cadenceSpm,165.28429904741716
2351,distanceM,5897.692695764916
2351,motionIntensityG,0.605
2351,activeEnergyKcal,117.50454110898981
2351,heartRateBpm,124.02180512768726
2352,speedMps,2.2574908062336765
2352,paceSecPerKm,442.96968884155376
2352,cadenceSpm,164.16598875206972
2352,distanceM,5899.950186571149
2352,motionIntensityG,0.605
2352,activeEnergyKcal,117.54732313575846
2352,heartRateBpm,122.57680699931477
2353,speedMps,2.265932536861256
2353,paceSecPerKm,441.3194054687915
2353,cadenceSpm,162.36001871330606
2353,distanceM,5902.21611910801
2353,motionIntensityG,0.605
2353,activeEnergyKcal,117.59010516252711
2353,heartRateBpm,122.05937786698475
2354,speedMps,2.178658767985204
2354,paceSecPerKm,458.99799211089277
2354,cadenceSpm,164.41898715991474
2354,distanceM,5904.394777875996
2354,motionIntensityG,0.605
2354,activeEnergyKcal,117.63288718929576
2354,heartRateBpm,122.98844769876261
2355,speedMps,2.2613736060135445
2355,paceSecPerKm,442.20910571378204
2355,cadenceSpm,165.9502084835253
2355,distanceM,5906.65615148201
2355,motionIntensityG,0.605
2355,activeEnergyKcal,117.6756692160644
2355,heartRateBpm,122.41263010420423
2356,speedMps,2.258543608150078
2356,paceSecPerKm,442.76320208803827
2356,cadenceSpm,162.79199906432933
2356,distanceM,5908.9146950901595
2356,motionIntensityG,0.605
2356,activeEnergyKcal,117.71845124283305
2356,heartRateBpm,121.94998430101768
2357,speedMps,2.283563257715765
2357,paceSecPerKm,437.9121080273003
2357,cadenceSpm,165.22548262361937
2357,distanceM,5911.198258347876
2357,motionIntensityG,0.605
2357,activeEnergyKcal,117.7612332696017
2357,heartRateBpm,121.01699772709988
2358,speedMps,2.274850275201781
2358,paceSecPerKm,439.5893702987987
2358,cadenceSpm,163.58421815948745
2358,distanceM,5913.473108623078
2358,motionIntensityG,0.605
2358,activeEnergyKcal,117.80401529637035
2358,heartRateBpm,121.78558410003708
2359,speedMps,2.2265434696268707
2359,paceSecPerKm,449.1266456915761
2359,cadenceSpm,162.74972579324407
2359,distanceM,5915.699652092704
2359,motionIntensityG,0.605
2359,activeEnergyKcal,117.846797323139
2359,heartRateBpm,122.3438224587581
2360,speedMps,2.2643888752960617
2360,paceSecPerKm,441.6202583000471
2360,cadenceSpm,162.92312554367268
2360,distanceM,5917.9640409680005
2360,motionIntensityG,0.605
2360,activeEnergyKcal,117.88957934990765
2360,heartRateBpm,121.01482935426337
2361,speedMps,2.2664362336337858
2361,paceSecPerKm,441.2213258683639
2361,cadenceSpm,163.30862643558484
2361,distanceM,5920.230477201634
2361,motionIntensityG,0.605
2361,activeEnergyKcal,117.9323613766763
2361,heartRateBpm,120.32598725346831
2362,speedMps,2.3175833041297054
2362,paceSecPerKm,431.4839506386236
2362,cadenceSpm,163.1548732555527
2362,distanceM,5922.548060505764
2362,motionIntensityG,0.605
2362,activeEnergyKcal,117.97514340344495
2362,heartRateBpm,121.2573848297453
2363,speedMps,2.2749711943844466
2363,paceSecPerKm,439.56600526125624
2363,cadenceSpm,165.39441064426492
2363,distanceM,5924.823031700148
2363,motionIntensityG,0.605
2363,activeEnergyKcal,118.0179254302136
2363,heartRateBpm,122.49694732340355
2364,speedMps,2.250750540114416
2364,paceSecPerKm,444.2962390444058
2364,cadenceSpm,165.38193610345255
2364,distanceM,5927.0737822402625
2364,motionIntensityG,0.605
2364,activeEnergyKcal,118.06070745698224
2364,heartRateBpm,123.28963068449922
2365,speedMps,2.2131716706444133
2365,paceSecPerKm,451.84023149402964
2365,cadenceSpm,163.83101338008566
2365,distanceM,5929.286953910907
2365,motionIntensityG,0.605
2365,activeEnergyKcal,118.10348948375089
2365,heartRateBpm,124.41326498344864
2366,speedMps,2.2831835125147943
2366,paceSecPerKm,437.9849427427574
2366,cadenceSpm,164.62737311355662
2366,distanceM,5931.570137423421
2366,motionIntensityG,0.605
2366,activeEnergyKcal,118.14627151051954
2366,heartRateBpm,122.32876079483317
2367,speedMps,2.214238448749817
2367,paceSecPerKm,451.62254343682406
2367,cadenceSpm,163.0422137529012
2367,distanceM,5933.784375872171
2367,motionIntensityG,0.605
2367,activeEnergyKcal,118.18905353728819
2367,heartRateBpm,125.27845793482332
2368,speedMps,2.279467900155887
2368,paceSecPerKm,438.69887350973994
2368,cadenceSpm,164.2926970397326
2368,distanceM,5936.063843772327
2368,motionIntensityG,0.605
2368,activeEnergyKcal,118.23183556405684
2368,heartRateBpm,124.66595695980872
2369,speedMps,2.2368784951814833
2369,paceSecPerKm,447.0515507007311
2369,cadenceSpm,164.723689246641
2369,distanceM,5938.300722267509
2369,motionIntensityG,0.605
2369,activeEnergyKcal,118.27461759082549
2369,heartRateBpm,123.99298406836867
2370,speedMps,2.2505052594374955
2370,paceSecPerKm,444.3446625181164
2370,cadenceSpm,163.86396310503355
2370,distanceM,5940.551227526947
2370,motionIntensityG,0.605
2370,activeEnergyKcal,118.31739961759413
2370,heartRateBpm,124.4946957415607
2371,speedMps,2.114267953555706
2371,paceSecPerKm,472.97694614262736
2371,cadenceSpm,168.0575624912287
2371,distanceM,5942.665495480503
2371,motionIntensityG,0.605
2371,activeEnergyKcal,118.36018164436278
2371,heartRateBpm,124.7444280600349
2372,speedMps,2.266457657034486
2372,paceSecPerKm,441.21715528029574
2372,cadenceSpm,163.37165838248384
2372,distanceM,5944.931953137537
2372,motionIntensityG,0.605
2372,activeEnergyKcal,118.40296367113143
2372,heartRateBpm,124.43784509207335
2373,speedMps,2.113047178999639
2373,paceSecPerKm,473.25019996639213
2373,cadenceSpm,164.42398899861894
2373,distanceM,5947.045000316536
2373,motionIntensityG,0.605
2373,activeEnergyKcal,118.44574569790008
2373,heartRateBpm,127.20010196666144
2374,speedMps,2.3220457389473674
2374,paceSecPerKm,430.6547382883686
2374,cadenceSpm,162.97649789880904
2374,distanceM,5949.367046055483
2374,motionIntensityG,0.605
2374,activeEnergyKcal,118.48852772466873
2374,heartRateBpm,125.27156918613889
2375,speedMps,2.218192182467044
2375,paceSecPerKm,450.81756572048386
2375,cadenceSpm,163.81887480981405
2375,distanceM,5951.58523823795
2375,motionIntensityG,0.605
2375,activeEnergyKcal,118.53130975143738
2375,heartRateBpm,123.81972515123573
2376,speedMps,2.2587202381209397
2376,paceSecPerKm,442.7285783882265
2376,cadenceSpm,164.20215258541927
2376,distanceM,5953.843958476071
2376,motionIntensityG,0.605
2376,activeEnergyKcal,118.57409177820603
2376,heartRateBpm,124.67643896666056
2377,speedMps,2.209980717084683
2377,paceSecPerKm,452.492635917276
2377,cadenceSpm,166.39613213738852
2377,distanceM,5956.053939193155
2377,motionIntensityG,0.605
2377,activeEnergyKcal,118.61687380497467
2377,heartRateBpm,123.231082723147
2378,speedMps,2.229898207939065
2378,paceSecPerKm,448.45096356404014
2378,cadenceSpm,164.28053342211376
2378,distanceM,5958.283837401094
2378,motionIntensityG,0.605
2378,activeEnergyKcal,118.65965583174332
2378,heartRateBpm,122.56705701455888
2379,speedMps,2.263068013628714
2379,paceSecPerKm,441.87801426106995
2379,cadenceSpm,163.10244413748495
2379,distanceM,5960.546905414723
2379,motionIntensityG,0.605
2379,activeEnergyKcal,118.70243785851197
2379,heartRateBpm,120.16503338186598
2380,speedMps,2.286267208387101
2380,paceSecPerKm,437.39419273982094
2380,cadenceSpm,165.82590278213124
2380,distanceM,5962.833172623111
2380,motionIntensityG,0.605
2380,activeEnergyKcal,118.74521988528062
2380,heartRateBpm,119.56845715488728
2381,speedMps,2.3842410742135893
2381,paceSecPerKm,419.4206747024677
2381,cadenceSpm,164.91432072164756
2381,distanceM,5965.217413697324
2381,motionIntensityG,0.605
2381,activeEnergyKcal,118.78800191204927
2381,heartRateBpm,120.66683018483765
2382,speedMps,2.265734088133742
2382,paceSecPerKm,441.3580592873932
2382,cadenceSpm,165.51564016758275
2382,distanceM,5967.483147785459
2382,motionIntensityG,0.605
2382,activeEnergyKcal,118.83078393881792
2382,heartRateBpm,120.0118041847183
2383,speedMps,2.2024177012979687
2383,paceSecPerKm,454.0464778369071
2383,cadenceSpm,164.61645514215007
2383,distanceM,5969.685565486757
2383,motionIntensityG,0.605
2383,activeEnergyKcal,118.87356596558656
2383,heartRateBpm,120.27209161589909
2384,speedMps,2.349536053767121
2384,paceSecPerKm,425.61594166501646
2384,cadenceSpm,162.74231799508217
2384,distanceM,5972.035101540524
2384,motionIntensityG,0.605
2384,activeEnergyKcal,118.91634799235521
2384,heartRateBpm,122.38520677766489
2385,speedMps,2.234054321567285
2385,paceSecPerKm,447.61668968660405
2385,cadenceSpm,161.59946858853024
2385,distanceM,5974.269155862091
2385,motionIntensityG,0.605
2385,activeEnergyKcal,118.95913001912386
2385,heartRateBpm,120.87677483205721
2386,speedMps,2.275522856976275
2386,paceSecPerKm,439.4594398092773
2386,cadenceSpm,164.9180519611092
2386,distanceM,5976.544678719067
2386,motionIntensityG,0.605
2386,activeEnergyKcal,119.00191204589251
2386,heartRateBpm,119.46249935331282
2387,speedMps,2.249220737303131
2387,paceSecPerKm,444.59842620828033
2387,cadenceSpm,164.00037911669162
2387,distanceM,5978.79389945637
2387,motionIntensityG,0.605
2387,activeEnergyKcal,119.04469407266116
2387,heartRateBpm,120.87793932108406
2388,speedMps,2.3356033391112265
2388,paceSecPerKm,428.15489396437187
2388,cadenceSpm,162.85341543280873
2388,distanceM,5981.129502795481
2388,motionIntensityG,0.605
2388,activeEnergyKcal,119.08747609942981
2388,heartRateBpm,121.8900706700461
2389,speedMps,2.216359421913509
2389,paceSecPerKm,451.190357535351
2389,cadenceSpm,166.0752704050337
2389,distanceM,5983.345862217395
2389,motionIntensityG,0.605
2389,activeEnergyKcal,119.13025812619846
2389,heartRateBpm,122.48456563719535
2390,speedMps,2.2743186465130454
2390,paceSecPerKm,439.6921256100971
2390,cadenceSpm,165.52594766891477
2390,distanceM,5985.620180863908
2390,motionIntensityG,0.605
2390,activeEnergyKcal,119.1730401529671
2390,heartRateBpm,121.07485547031867
2391,speedMps,2.372808308089725
2391,paceSecPerKm,421.44154527386553
2391,cadenceSpm,165.66364977350977
2391,distanceM,5987.992989171998
2391,motionIntensityG,0.605
2391,activeEnergyKcal,119.21582217973575
2391,heartRateBpm,121.0481479307186
2392,speedMps,2.2368294645114593
2392,paceSecPerKm,447.06134994444363
2392,cadenceSpm,165.191147215847
2392,distanceM,5990.229818636509
2392,motionIntensityG,0.605
2392,activeEnergyKcal,119.2586042065044
2392,heartRateBpm,121.53170405768529
2393,speedMps,2.3415398071796845
2393,paceSecPerKm,427.06939977436065
2393,cadenceSpm,163.30471902981338
2393,distanceM,5992.571358443688
2393,motionIntensityG,0.605
2393,activeEnergyKcal,119.30138623327305
2393,heartRateBpm,122.41545637915156
2394,speedMps,2.2814221007371978
2394,paceSecPerKm,438.3230966671486
2394,cadenceSpm,167.86800353429987
2394,distanceM,5994.8527805444255
2394,motionIntensityG,0.605
2394,activeEnergyKcal,119.3441682600417
2394,heartRateBpm,123.87824361570623
2395,speedMps,2.3012186323372483
2395,paceSecPerKm,434.55236540664686
2395,cadenceSpm,162.92649137598272
2395,distanceM,5997.153999176763
2395,motionIntensityG,0.605
2395,activeEnergyKcal,119.38695028681035
2395,heartRateBpm,122.84016112153279
2396,speedMps,2.297288444056952
2396,paceSecPerKm,435.2957951740818
2396,cadenceSpm,160.69996812642938
2396,distanceM,5999.45128762082
2396,motionIntensityG,0.605
2396,activeEnergyKcal,119.429732313579
2396,heartRateBpm,122.492621181618
2397,speedMps,2.3049036268863436
2397,paceSecPerKm,433.8576191798889
2397,cadenceSpm,166.2941433136755
2397,distanceM,6001.756191247707
2397,motionIntensityG,0.605
2397,activeEnergyKcal,119.47251434034764
2397,heartRateBpm,122.08488378800956
2398,speedMps,2.2750631275348367
2398,paceSecPerKm,439.5482428145008
2398,cadenceSpm,165.89605280120918
2398,distanceM,6004.031254375242
2398,motionIntensityG,0.605
2398,activeEnergyKcal,119.51529636711629
2398,heartRateBpm,122.5605086565482
2399,speedMps,2.1907997377344492
2399,paceSecPerKm,456.45431792598276
2399,cadenceSpm,164.86090633534366
2399,distanceM,6006.222054112976
2399,motionIntensityG,0.605
2399,activeEnergyKcal,119.55807839388494
2399,heartRateBpm,121.53796399848335
