t,kind,value
# event: gradual_fade-0-690 kind=gradual_fade atSec=690
# event: sudden_stop-1-1020 kind=sudden_stop atSec=1020
# event: pause_resume-2-480 kind=pause_resume atSec=480
0,speedMps,2.693829182694208
0,paceSecPerKm,371.2187864116386
0,cadenceSpm,167.35294414605903
0,distanceM,2.693829182694208
0,motionIntensityG,0.6950000000000001
0,activeEnergyKcal,0.048040152963671125
0,heartRateBpm,58.8975385973446
1,speedMps,2.7485727115375407
1,paceSecPerKm,363.82519400063603
1,cadenceSpm,167.19722341005914
1,distanceM,5.4424018942317485
1,motionIntensityG,0.6950000000000001
1,activeEnergyKcal,0.09608030592734225
1,heartRateBpm,61.689527333202186
2,speedMps,2.7328644466558445
2,paceSecPerKm,365.9164292702777
2,cadenceSpm,168.5604349673039
2,distanceM,8.175266340887593
2,motionIntensityG,0.6950000000000001
2,activeEnergyKcal,0.14412045889101338
2,heartRateBpm,61.46838512711972
3,speedMps,2.7669534118128767
3,paceSecPerKm,361.4083257530568
3,cadenceSpm,168.17590775918018
3,distanceM,10.942219752700469
3,motionIntensityG,0.6950000000000001
3,activeEnergyKcal,0.1921606118546845
3,heartRateBpm,60.96864702892243
4,speedMps,2.6277771132428174
4,paceSecPerKm,380.5497791119531
4,cadenceSpm,167.18719032560017
4,distanceM,13.569996865943287
4,motionIntensityG,0.6950000000000001
4,activeEnergyKcal,0.24020076481835562
4,heartRateBpm,64.26191011036248
5,speedMps,2.6074230452494143
5,paceSecPerKm,383.5204271213092
5,cadenceSpm,166.06712638413813
5,distanceM,16.1774199111927
5,motionIntensityG,0.6950000000000001
5,activeEnergyKcal,0.28824091778202676
5,heartRateBpm,67.60538897363213
6,speedMps,2.6299166083212175
6,paceSecPerKm,380.2401934859602
6,cadenceSpm,167.02973916718423
6,distanceM,18.807336519513917
6,motionIntensityG,0.6950000000000001
6,activeEnergyKcal,0.3362810707456979
6,heartRateBpm,68.67829808670285
7,speedMps,2.64620326867514
7,paceSecPerKm,377.8999186637179
7,cadenceSpm,168.0941017406455
7,distanceM,21.453539788189058
7,motionIntensityG,0.6950000000000001
7,activeEnergyKcal,0.38432122370936905
7,heartRateBpm,72.09944691018774
8,speedMps,2.768527579198341
8,paceSecPerKm,361.20283124994603
8,cadenceSpm,164.83773974345837
8,distanceM,24.2220673673874
8,motionIntensityG,0.6950000000000001
8,activeEnergyKcal,0.4323613766730402
8,heartRateBpm,73.37648667543299
9,speedMps,2.638046194123751
9,paceSecPerKm,379.0684189789779
9,cadenceSpm,167.50278940887443
9,distanceM,26.86011356151115
9,motionIntensityG,0.6950000000000001
9,activeEnergyKcal,0.48040152963671134
9,heartRateBpm,73.88204048152473
10,speedMps,2.6969985104562464
10,paceSecPerKm,370.7825555420243
10,cadenceSpm,167.47053064716854
10,distanceM,29.557112071967396
10,motionIntensityG,0.6950000000000001
10,activeEnergyKcal,0.5284416826003825
10,heartRateBpm,75.90760017859111
11,speedMps,2.5857708822427137
11,paceSecPerKm,386.7318666426745
11,cadenceSpm,167.30910869320374
11,distanceM,32.14288295421011
11,motionIntensityG,0.6950000000000001
11,activeEnergyKcal,0.5764818355640536
11,heartRateBpm,76.98840989200423
12,speedMps,2.723488796033849
12,paceSecPerKm,367.17610201160943
12,cadenceSpm,166.94177545996476
12,distanceM,34.86637175024396
12,motionIntensityG,0.6950000000000001
12,activeEnergyKcal,0.6245219885277248
12,heartRateBpm,76.71658926715635
13,speedMps,2.6447129218831145
13,paceSecPerKm,378.1128725638661
13,cadenceSpm,168.46026023541776
13,distanceM,37.51108467212707
13,motionIntensityG,0.6950000000000001
13,activeEnergyKcal,0.6725621414913959
13,heartRateBpm,77.85817522999537
14,speedMps,2.7993696048632613
14,paceSecPerKm,357.22328279292947
14,cadenceSpm,166.89770572797028
14,distanceM,40.31045427699033
14,motionIntensityG,0.6950000000000001
14,activeEnergyKcal,0.7206022944550671
14,heartRateBpm,76.76327795339968
15,speedMps,2.5951249817554505
15,paceSecPerKm,385.3378958741164
15,cadenceSpm,168.1919597294276
15,distanceM,42.905579258745774
15,motionIntensityG,0.6950000000000001
15,activeEnergyKcal,0.7686424474187382
15,heartRateBpm,78.44978159313423
16,speedMps,2.6310965398598314
16,paceSecPerKm,380.0696724162291
16,cadenceSpm,169.57999359845667
16,distanceM,45.53667579860561
16,motionIntensityG,0.6950000000000001
16,activeEnergyKcal,0.8166826003824094
16,heartRateBpm,80.794580721893
17,speedMps,2.7118320095531216
17,paceSecPerKm,368.75440531612736
17,cadenceSpm,167.7677846504
17,distanceM,48.24850780815873
17,motionIntensityG,0.6950000000000001
17,activeEnergyKcal,0.8647227533460805
17,heartRateBpm,83.88726294588899
18,speedMps,2.6212960562111567
18,paceSecPerKm,381.4906742908729
18,cadenceSpm,167.27893161615995
18,distanceM,50.869803864369885
18,motionIntensityG,0.6950000000000001
18,activeEnergyKcal,0.9127629063097517
18,heartRateBpm,84.00063802238219
19,speedMps,2.782427500052821
19,paceSecPerKm,359.3984030063734
19,cadenceSpm,169.18052710919378
19,distanceM,53.652231364422704
19,motionIntensityG,0.6950000000000001
19,activeEnergyKcal,0.9608030592734228
19,heartRateBpm,84.3157110026308
20,speedMps,2.584208810655145
20,paceSecPerKm,386.96563368905214
20,cadenceSpm,165.91233256781913
20,distanceM,56.236440175077846
20,motionIntensityG,0.6950000000000001
20,activeEnergyKcal,1.0088432122370938
20,heartRateBpm,86.70843516480967
21,speedMps,2.6520523200716477
21,paceSecPerKm,377.0664675171205
21,cadenceSpm,166.23608693868977
21,distanceM,58.88849249514949
21,motionIntensityG,0.6950000000000001
21,activeEnergyKcal,1.056883365200765
21,heartRateBpm,87.10785433491003
22,speedMps,2.6365241987591403
22,paceSecPerKm,379.2872451049917
22,cadenceSpm,166.50120476054505
22,distanceM,61.52501669390863
22,motionIntensityG,0.6950000000000001
22,activeEnergyKcal,1.1049235181644361
22,heartRateBpm,87.2157675802961
23,speedMps,2.7384356031859527
23,paceSecPerKm,365.17199777733657
23,cadenceSpm,169.80314133177384
23,distanceM,64.26345229709459
23,motionIntensityG,0.6950000000000001
23,activeEnergyKcal,1.1529636711281073
23,heartRateBpm,89.45041850808408
24,speedMps,2.644759839388977
24,paceSecPerKm,378.1061649178065
24,cadenceSpm,167.84247782184153
24,distanceM,66.90821213648357
24,motionIntensityG,0.6950000000000001
24,activeEnergyKcal,1.2010038240917784
24,heartRateBpm,90.93984925280353
25,speedMps,2.707328568136283
25,paceSecPerKm,369.36780107499
25,cadenceSpm,166.92623380787597
25,distanceM,69.61554070461985
25,motionIntensityG,0.6950000000000001
25,activeEnergyKcal,1.2490439770554496
25,heartRateBpm,92.92886835860907
26,speedMps,2.575862644156227
26,paceSecPerKm,388.2194581565389
26,cadenceSpm,169.24319704160553
26,distanceM,72.19140334877608
26,motionIntensityG,0.6950000000000001
26,activeEnergyKcal,1.2970841300191207
26,heartRateBpm,92.2630967890694
27,speedMps,2.7151037445889985
27,paceSecPerKm,368.3100515009514
27,cadenceSpm,169.28280341842583
27,distanceM,74.90650709336508
27,motionIntensityG,0.6950000000000001
27,activeEnergyKcal,1.3451242829827919
27,heartRateBpm,94.25037970107476
28,speedMps,2.6701841621417697
28,paceSecPerKm,374.506003809825
28,cadenceSpm,168.34727696482983
28,distanceM,77.57669125550684
28,motionIntensityG,0.6950000000000001
28,activeEnergyKcal,1.393164435946463
28,heartRateBpm,94.65186452542011
29,speedMps,2.7277533388522817
29,paceSecPerKm,366.6020624946814
29,cadenceSpm,166.83215025372883
29,distanceM,80.30444459435913
29,motionIntensityG,0.6950000000000001
29,activeEnergyKcal,1.4412045889101341
29,heartRateBpm,95.11537163041292
30,speedMps,2.6891203726390684
30,paceSecPerKm,371.86881263281373
30,cadenceSpm,169.71074310081548
30,distanceM,82.99356496699819
30,motionIntensityG,0.6950000000000001
30,activeEnergyKcal,1.4892447418738053
30,heartRateBpm,95.81190554839104
31,speedMps,2.681209297850468
31,paceSecPerKm,372.96603469251824
31,cadenceSpm,167.11078697600462
31,distanceM,85.67477426484866
31,motionIntensityG,0.6950000000000001
31,activeEnergyKcal,1.5372848948374764
31,heartRateBpm,95.19598166518398
32,speedMps,2.6247787962829396
32,paceSecPerKm,380.9844857845325
32,cadenceSpm,165.85691837571588
32,distanceM,88.2995530611316
32,motionIntensityG,0.6950000000000001
32,activeEnergyKcal,1.5853250478011476
32,heartRateBpm,95.8522088049627
33,speedMps,2.606278560300924
33,paceSecPerKm,383.688840952035
33,cadenceSpm,165.98618257955184
33,distanceM,90.90583162143253
33,motionIntensityG,0.6950000000000001
33,activeEnergyKcal,1.6333652007648187
33,heartRateBpm,97.0959411737878
34,speedMps,2.6316133510100808
34,paceSecPerKm,379.9950321790906
34,cadenceSpm,164.66724435108776
34,distanceM,93.5374449724426
34,motionIntensityG,0.6950000000000001
34,activeEnergyKcal,1.6814053537284899
34,heartRateBpm,96.61161155775498
35,speedMps,2.6092752590787467
35,paceSecPerKm,383.24818223780215
35,cadenceSpm,170.6019899402893
35,distanceM,96.14672023152134
35,motionIntensityG,0.6950000000000001
35,activeEnergyKcal,1.729445506692161
35,heartRateBpm,95.65574238611335
36,speedMps,2.6348804479516676
36,paceSecPerKm,379.52386066600894
36,cadenceSpm,169.03155207214434
36,distanceM,98.78160067947302
36,motionIntensityG,0.6950000000000001
36,activeEnergyKcal,1.7774856596558322
36,heartRateBpm,98.83744742513612
37,speedMps,2.6332260980910194
37,paceSecPerKm,379.7623002160577
37,cadenceSpm,168.92981799983895
37,distanceM,101.41482677756403
37,motionIntensityG,0.6950000000000001
37,activeEnergyKcal,1.8255258126195033
37,heartRateBpm,100.43693811334008
38,speedMps,2.6237791916291107
38,paceSecPerKm,381.12963285568924
38,cadenceSpm,166.62582556890916
38,distanceM,104.03860596919314
38,motionIntensityG,0.6950000000000001
38,activeEnergyKcal,1.8735659655831745
38,heartRateBpm,101.28675912365323
39,speedMps,2.6539706675432524
39,paceSecPerKm,376.7939157088302
39,cadenceSpm,166.9438512245681
39,distanceM,106.69257663673639
39,motionIntensityG,0.6950000000000001
39,activeEnergyKcal,1.9216061185468456
39,heartRateBpm,104.08269971872798
40,speedMps,2.619139708778591
40,paceSecPerKm,381.804756977374
40,cadenceSpm,168.7867902855425
40,distanceM,109.31171634551498
40,motionIntensityG,0.6950000000000001
40,activeEnergyKcal,1.9696462715105167
40,heartRateBpm,106.10599519008593
41,speedMps,2.6645371612598407
41,paceSecPerKm,375.2997010284451
41,cadenceSpm,168.6962192299473
41,distanceM,111.97625350677482
41,motionIntensityG,0.6950000000000001
41,activeEnergyKcal,2.0176864244741877
41,heartRateBpm,107.16971147694639
42,speedMps,2.650232275401082
42,paceSecPerKm,377.32541758011064
42,cadenceSpm,167.60280461213083
42,distanceM,114.6264857821759
42,motionIntensityG,0.6950000000000001
42,activeEnergyKcal,2.0657265774378586
42,heartRateBpm,107.65538124249608
43,speedMps,2.738433115359348
43,paceSecPerKm,365.1723295307784
43,cadenceSpm,167.6277052755435
43,distanceM,117.36491889753525
43,motionIntensityG,0.6950000000000001
43,activeEnergyKcal,2.1137667304015295
43,heartRateBpm,107.79761640710521
44,speedMps,2.6394263827597917
44,paceSecPerKm,378.87019942355704
44,cadenceSpm,167.28739856188963
44,distanceM,120.00434528029504
44,motionIntensityG,0.6950000000000001
44,activeEnergyKcal,2.1618068833652004
44,heartRateBpm,107.19360573713024
45,speedMps,2.705453544282333
45,paceSecPerKm,369.6237926958257
45,cadenceSpm,168.59226295637603
45,distanceM,122.70979882457738
45,motionIntensityG,0.6950000000000001
45,activeEnergyKcal,2.2098470363288714
45,heartRateBpm,107.33377584010269
46,speedMps,2.6480373693579877
46,paceSecPerKm,377.6381751902725
46,cadenceSpm,165.95812697812926
46,distanceM,125.35783619393537
46,motionIntensityG,0.6950000000000001
46,activeEnergyKcal,2.2578871892925423
46,heartRateBpm,108.590429991565
47,speedMps,2.7365040167463737
47,paceSecPerKm,365.42975777867554
47,cadenceSpm,166.9474276737495
47,distanceM,128.09434021068174
47,motionIntensityG,0.6950000000000001
47,activeEnergyKcal,2.305927342256213
47,heartRateBpm,109.14684307781947
48,speedMps,2.6523279673169564
48,paceSecPerKm,377.02728030711097
48,cadenceSpm,165.75337153377365
48,distanceM,130.74666817799869
48,motionIntensityG,0.6950000000000001
48,activeEnergyKcal,2.353967495219884
48,heartRateBpm,111.07284013482862
49,speedMps,2.7493463583929665
49,paceSecPerKm,363.7228161331098
49,cadenceSpm,169.9429654209541
49,distanceM,133.49601453639164
49,motionIntensityG,0.6950000000000001
49,activeEnergyKcal,2.402007648183555
49,heartRateBpm,111.38161202989305
50,speedMps,2.716787606269634
50,paceSecPerKm,368.0817733753872
50,cadenceSpm,167.1019691005695
50,distanceM,136.21280214266127
50,motionIntensityG,0.6950000000000001
50,activeEnergyKcal,2.450047801147226
50,heartRateBpm,112.71532059996096
51,speedMps,2.7209090041018
51,paceSecPerKm,367.5242349128505
51,cadenceSpm,167.18902611255555
51,distanceM,138.93371114676307
51,motionIntensityG,0.6950000000000001
51,activeEnergyKcal,2.498087954110897
51,heartRateBpm,113.09412790502726
52,speedMps,2.6521675667102627
52,paceSecPerKm,377.0500825633713
52,cadenceSpm,167.14564063069668
52,distanceM,141.58587871347333
52,motionIntensityG,0.6950000000000001
52,activeEnergyKcal,2.546128107074568
52,heartRateBpm,111.79101989589724
53,speedMps,2.6946407800674996
53,paceSecPerKm,371.10697922969547
53,cadenceSpm,168.72890451801698
53,distanceM,144.28051949354082
53,motionIntensityG,0.6950000000000001
53,activeEnergyKcal,2.5941682600382387
53,heartRateBpm,110.95039591677053
54,speedMps,2.6727167410638004
54,paceSecPerKm,374.15113417592386
54,cadenceSpm,170.16726062693772
54,distanceM,146.95323623460462
54,motionIntensityG,0.6950000000000001
54,activeEnergyKcal,2.6422084130019097
54,heartRateBpm,113.82388686771812
55,speedMps,2.727386953874674
55,paceSecPerKm,366.6513101778043
55,cadenceSpm,167.95421474467798
55,distanceM,149.6806231884793
55,motionIntensityG,0.6950000000000001
55,activeEnergyKcal,2.6902485659655806
55,heartRateBpm,114.96631461570163
56,speedMps,2.7170448889608236
56,paceSecPerKm,368.04691893863617
56,cadenceSpm,168.07326300381507
56,distanceM,152.39766807744013
56,motionIntensityG,0.6950000000000001
56,activeEnergyKcal,2.7382887189292515
56,heartRateBpm,115.88071192110799
57,speedMps,2.7422569413574363
57,paceSecPerKm,364.6631301824668
57,cadenceSpm,169.30840336682033
57,distanceM,155.13992501879756
57,motionIntensityG,0.6950000000000001
57,activeEnergyKcal,2.7863288718929224
57,heartRateBpm,117.36280085294575
58,speedMps,2.6692997821026987
58,paceSecPerKm,374.6300834042199
58,cadenceSpm,165.98972064564435
58,distanceM,157.80922480090027
58,motionIntensityG,0.6950000000000001
58,activeEnergyKcal,2.8343690248565934
58,heartRateBpm,117.13907376427213
59,speedMps,2.6400557763962493
59,paceSecPerKm,378.7798761452791
59,cadenceSpm,168.69466224580515
59,distanceM,160.44928057729652
59,motionIntensityG,0.6950000000000001
59,activeEnergyKcal,2.8824091778202643
59,heartRateBpm,116.38331584847491
60,speedMps,2.590668016194215
60,paceSecPerKm,386.00082826090403
60,cadenceSpm,167.6854024265574
60,distanceM,163.03994859349075
60,motionIntensityG,0.6950000000000001
60,activeEnergyKcal,2.930449330783935
60,heartRateBpm,116.47430810437744
61,speedMps,2.5898977074572898
61,paceSecPerKm,386.1156358108754
61,cadenceSpm,168.25959467788337
61,distanceM,165.62984630094803
61,motionIntensityG,0.6950000000000001
61,activeEnergyKcal,2.978489483747606
61,heartRateBpm,118.17056318175482
62,speedMps,2.6682609128607244
62,paceSecPerKm,374.7759430796703
62,cadenceSpm,165.76360690482
62,distanceM,168.29810721380875
62,motionIntensityG,0.6950000000000001
62,activeEnergyKcal,3.026529636711277
62,heartRateBpm,119.09878996088462
63,speedMps,2.793547765806948
63,paceSecPerKm,357.96774704911434
63,cadenceSpm,167.0778437252761
63,distanceM,171.0916549796157
63,motionIntensityG,0.6950000000000001
63,activeEnergyKcal,3.074569789674948
63,heartRateBpm,118.25420754978946
64,speedMps,2.5823112114300386
64,paceSecPerKm,387.24999356147225
64,cadenceSpm,165.110211034233
64,distanceM,173.67396619104574
64,motionIntensityG,0.6950000000000001
64,activeEnergyKcal,3.122609942638619
64,heartRateBpm,116.47898843195453
65,speedMps,2.6658232673074207
65,paceSecPerKm,375.1186405579079
65,cadenceSpm,169.29812607640548
65,distanceM,176.33978945835315
65,motionIntensityG,0.6950000000000001
65,activeEnergyKcal,3.17065009560229
65,heartRateBpm,118.88429588972159
66,speedMps,2.6398657332813205
66,paceSecPerKm,378.8071443910188
66,cadenceSpm,168.51855276565763
66,distanceM,178.97965519163446
66,motionIntensityG,0.6950000000000001
66,activeEnergyKcal,3.2186902485659608
66,heartRateBpm,120.20816633450242
67,speedMps,2.5904976266751576
67,paceSecPerKm,386.02621739649163
67,cadenceSpm,165.92425970741598
67,distanceM,181.57015281830962
67,motionIntensityG,0.6950000000000001
67,activeEnergyKcal,3.2667304015296317
67,heartRateBpm,119.31967792288337
68,speedMps,2.7151221713401688
68,paceSecPerKm,368.30755188684776
68,cadenceSpm,165.83345540594416
68,distanceM,184.2852749896498
68,motionIntensityG,0.6950000000000001
68,activeEnergyKcal,3.3147705544933026
68,heartRateBpm,118.74518963665344
69,speedMps,2.515644733024199
69,paceSecPerKm,397.5124097900117
69,cadenceSpm,165.93768678667752
69,distanceM,186.800919722674
69,motionIntensityG,0.6950000000000001
69,activeEnergyKcal,3.3628107074569735
69,heartRateBpm,127.83384637864361
70,speedMps,2.6366703551875172
70,paceSecPerKm,379.2662203800145
70,cadenceSpm,169.039870108265
70,distanceM,189.4375900778615
70,motionIntensityG,0.6950000000000001
70,activeEnergyKcal,3.4108508604206444
70,heartRateBpm,137.22973852523313
71,speedMps,2.8413519254017454
71,paceSecPerKm,351.9451395865395
71,cadenceSpm,164.08311432917688
71,distanceM,192.27894200326324
71,motionIntensityG,0.6950000000000001
71,activeEnergyKcal,3.4588910133843154
71,heartRateBpm,145.6837838674944
72,speedMps,2.7062675147480193
72,paceSecPerKm,369.5126200755915
72,cadenceSpm,168.95004673364792
72,distanceM,194.98520951801126
72,motionIntensityG,0.6950000000000001
72,activeEnergyKcal,3.5069311663479863
72,heartRateBpm,144.83691366620036
73,speedMps,2.6740500672084857
73,paceSecPerKm,373.96457615467443
73,cadenceSpm,170.03475414553174
73,distanceM,197.65925958521976
73,motionIntensityG,0.6950000000000001
73,activeEnergyKcal,3.554971319311657
73,heartRateBpm,144.8408262765546
74,speedMps,2.6517935227639122
74,paceSecPerKm,377.10326668183416
74,cadenceSpm,167.0994671467043
74,distanceM,200.31105310798367
74,motionIntensityG,0.6950000000000001
74,activeEnergyKcal,3.603011472275328
74,heartRateBpm,144.74476302891526
75,speedMps,2.666460877457388
75,paceSecPerKm,375.0289413409857
75,cadenceSpm,165.56285496181272
75,distanceM,202.97751398544105
75,motionIntensityG,0.6950000000000001
75,activeEnergyKcal,3.651051625238999
75,heartRateBpm,143.83342045000532
76,speedMps,2.5849186125514643
76,paceSecPerKm,386.8593754342393
76,cadenceSpm,166.21352100853656
76,distanceM,205.5624325979925
76,motionIntensityG,0.6950000000000001
76,activeEnergyKcal,3.69909177820267
76,heartRateBpm,144.5299800180754
77,speedMps,2.7181994072813143
77,paceSecPerKm,367.8905960031015
77,cadenceSpm,168.5258109002064
77,distanceM,208.28063200527382
77,motionIntensityG,0.6950000000000001
77,activeEnergyKcal,3.747131931166341
77,heartRateBpm,144.0696809822177
78,speedMps,2.6062165919827502
78,paceSecPerKm,383.697963966695
78,cadenceSpm,167.00245081967347
78,distanceM,210.88684859725657
78,motionIntensityG,0.6950000000000001
78,activeEnergyKcal,3.795172084130012
78,heartRateBpm,142.1869847140889
79,speedMps,2.669506274915737
79,paceSecPerKm,374.6011048547039
79,cadenceSpm,168.96479707570603
79,distanceM,213.5563548721723
79,motionIntensityG,0.6950000000000001
79,activeEnergyKcal,3.8432122370936828
79,heartRateBpm,140.2166536141137
80,speedMps,2.701101733028063
80,paceSecPerKm,370.2193026543108
80,cadenceSpm,165.85853971234275
80,distanceM,216.25745660520036
80,motionIntensityG,0.6950000000000001
80,activeEnergyKcal,3.8912523900573537
80,heartRateBpm,140.37487173631536
81,speedMps,2.6514631732789558
81,paceSecPerKm,377.15025050238245
81,cadenceSpm,166.06952003129032
81,distanceM,218.90891977847932
81,motionIntensityG,0.6950000000000001
81,activeEnergyKcal,3.9392925430210246
81,heartRateBpm,142.4514538804082
82,speedMps,2.9270529625096726
82,paceSecPerKm,341.6405554693462
82,cadenceSpm,170.33998627970425
82,distanceM,221.83597274098898
82,motionIntensityG,0.6950000000000001
82,activeEnergyKcal,3.9873326959846955
82,heartRateBpm,143.17145004723096
83,speedMps,2.6617623612058927
83,paceSecPerKm,375.69093867078243
83,cadenceSpm,169.03186195300106
83,distanceM,224.49773510219487
83,motionIntensityG,0.6950000000000001
83,activeEnergyKcal,4.0353728489483665
83,heartRateBpm,148.10518234431908
84,speedMps,2.6610945890526083
84,paceSecPerKm,375.7852141422811
84,cadenceSpm,168.91809909350047
84,distanceM,227.15882969124746
84,motionIntensityG,0.6950000000000001
84,activeEnergyKcal,4.083413001912038
84,heartRateBpm,148.55659271033994
85,speedMps,2.6067501072263455
85,paceSecPerKm,383.61943372624535
85,cadenceSpm,166.288835498279
85,distanceM,229.7655797984738
85,motionIntensityG,0.6950000000000001
85,activeEnergyKcal,4.131453154875709
85,heartRateBpm,147.27794618447734
86,speedMps,2.6606205094425497
86,paceSecPerKm,375.852172999117
86,cadenceSpm,169.71505928712114
86,distanceM,232.42620030791633
86,motionIntensityG,0.6950000000000001
86,activeEnergyKcal,4.1794933078393806
86,heartRateBpm,147.42245214149048
87,speedMps,2.6173256815460815
87,paceSecPerKm,382.06937984473126
87,cadenceSpm,167.84050005413644
87,distanceM,235.0435259894624
87,motionIntensityG,0.6950000000000001
87,activeEnergyKcal,4.227533460803052
87,heartRateBpm,146.77234255622466
88,speedMps,2.734012735686448
88,paceSecPerKm,365.762743877242
88,cadenceSpm,169.0944647384397
88,distanceM,237.77753872514884
88,motionIntensityG,0.6950000000000001
88,activeEnergyKcal,4.275573613766723
88,heartRateBpm,145.93639515563194
89,speedMps,2.6812445455289255
89,paceSecPerKm,372.96113167578727
89,cadenceSpm,166.49536093032665
89,distanceM,240.45878327067777
89,motionIntensityG,0.6950000000000001
89,activeEnergyKcal,4.323613766730395
89,heartRateBpm,147.48398805350809
90,speedMps,2.7753647388669767
90,paceSecPerKm,360.31300174558066
90,cadenceSpm,165.29951675085255
90,distanceM,243.23414800954475
90,motionIntensityG,0.6950000000000001
90,activeEnergyKcal,4.371653919694066
90,heartRateBpm,147.2042323085409
91,speedMps,2.6509092787638275
91,paceSecPerKm,377.2290542007232
91,cadenceSpm,165.32780693051407
91,distanceM,245.8850572883086
91,motionIntensityG,0.6950000000000001
91,activeEnergyKcal,4.419694072657737
91,heartRateBpm,147.2699869677491
92,speedMps,2.7237763249671567
92,paceSecPerKm,367.1373419445732
92,cadenceSpm,166.2745621452651
92,distanceM,248.60883361327575
92,motionIntensityG,0.6950000000000001
92,activeEnergyKcal,4.467734225621409
92,heartRateBpm,145.38697769651156
93,speedMps,2.6088442987420217
93,paceSecPerKm,383.311491790521
93,cadenceSpm,165.9981491967114
93,distanceM,251.21767791201776
93,motionIntensityG,0.6950000000000001
93,activeEnergyKcal,4.51577437858508
93,heartRateBpm,144.64482031091174
94,speedMps,2.7914604771927585
94,paceSecPerKm,358.2354141032487
94,cadenceSpm,166.68383501704494
94,distanceM,254.00913838921053
94,motionIntensityG,0.6950000000000001
94,activeEnergyKcal,4.5638145315487515
94,heartRateBpm,143.64276373678555
95,speedMps,2.654621824027372
95,paceSecPerKm,376.70149131934846
95,cadenceSpm,163.95824370065952
95,distanceM,256.6637602132379
95,motionIntensityG,0.6950000000000001
95,activeEnergyKcal,4.611854684512423
95,heartRateBpm,145.2097520703776
96,speedMps,2.6456501396988217
96,paceSecPerKm,377.978926614174
96,cadenceSpm,166.81341013345448
96,distanceM,259.3094103529367
96,motionIntensityG,0.6950000000000001
96,activeEnergyKcal,4.659894837476094
96,heartRateBpm,145.63125739639193
97,speedMps,2.703363894869475
97,paceSecPerKm,369.9095049311822
97,cadenceSpm,166.07560798694368
97,distanceM,262.0127742478062
97,motionIntensityG,0.6950000000000001
97,activeEnergyKcal,4.707934990439766
97,heartRateBpm,144.08520963175593
98,speedMps,2.7044355334590597
98,paceSecPerKm,369.7629274678875
98,cadenceSpm,166.56035738168725
98,distanceM,264.71720978126524
98,motionIntensityG,0.6950000000000001
98,activeEnergyKcal,4.755975143403437
98,heartRateBpm,144.23662195397387
99,speedMps,2.715441514643937
99,paceSecPerKm,368.26423791754
99,cadenceSpm,166.98902800286584
99,distanceM,267.4326512959092
99,motionIntensityG,0.6950000000000001
99,activeEnergyKcal,4.804015296367108
99,heartRateBpm,144.85419926544373
100,speedMps,2.525403195703914
100,paceSecPerKm,395.97637387215974
100,cadenceSpm,166.20588262554583
100,distanceM,269.9580544916131
100,motionIntensityG,0.6950000000000001
100,activeEnergyKcal,4.85205544933078
100,heartRateBpm,146.8099855842137
101,speedMps,2.7281704736232277
101,paceSecPerKm,366.54600937452426
101,cadenceSpm,168.23311964612614
101,distanceM,272.6862249652363
101,motionIntensityG,0.6950000000000001
101,activeEnergyKcal,4.900095602294451
101,heartRateBpm,146.28171305456632
102,speedMps,2.6121690446012904
102,paceSecPerKm,382.82361628423456
102,cadenceSpm,166.7337189413457
102,distanceM,275.2983940098376
102,motionIntensityG,0.6950000000000001
102,activeEnergyKcal,4.948135755258122
102,heartRateBpm,147.83898409360518
103,speedMps,2.692338209819432
103,paceSecPerKm,371.42436130528614
103,cadenceSpm,165.45295396919323
103,distanceM,277.990732219657
103,motionIntensityG,0.6950000000000001
103,activeEnergyKcal,4.996175908221794
103,heartRateBpm,146.68535489143747
104,speedMps,2.6074574432939297
104,paceSecPerKm,383.5153676513038
104,cadenceSpm,167.62026645770172
104,distanceM,280.5981896629509
104,motionIntensityG,0.6950000000000001
104,activeEnergyKcal,5.044216061185465
104,heartRateBpm,144.99911932857552
105,speedMps,2.785420323711136
105,paceSecPerKm,359.01224367734085
105,cadenceSpm,167.81757202415216
105,distanceM,283.38360998666207
105,motionIntensityG,0.6950000000000001
105,activeEnergyKcal,5.0922562141491365
105,heartRateBpm,146.26744337606428
106,speedMps,2.665893792665937
106,paceSecPerKm,375.10871691553166
106,cadenceSpm,166.4824741672795
106,distanceM,286.049503779328
106,motionIntensityG,0.6950000000000001
106,activeEnergyKcal,5.140296367112808
106,heartRateBpm,144.71304024632906
107,speedMps,2.749280921663412
107,paceSecPerKm,363.7314732446347
107,cadenceSpm,166.97222237358193
107,distanceM,288.7987847009914
107,motionIntensityG,0.6950000000000001
107,activeEnergyKcal,5.188336520076479
107,heartRateBpm,144.24465224688586
108,speedMps,2.62186834286098
108,paceSecPerKm,381.4074046558726
108,cadenceSpm,165.04104111116925
108,distanceM,291.4206530438524
108,motionIntensityG,0.6950000000000001
108,activeEnergyKcal,5.236376673040151
108,heartRateBpm,146.3704567132057
109,speedMps,2.7809710067305766
109,paceSecPerKm,359.5866327192102
109,cadenceSpm,165.95596369802698
109,distanceM,294.20162405058295
109,motionIntensityG,0.6950000000000001
109,activeEnergyKcal,5.284416826003822
109,heartRateBpm,146.33796025109237
110,speedMps,2.5748772741800043
110,paceSecPerKm,388.36802438223395
110,cadenceSpm,169.61827726757602
110,distanceM,296.77650132476293
110,motionIntensityG,0.6950000000000001
110,activeEnergyKcal,5.332456978967493
110,heartRateBpm,143.443447563369
111,speedMps,2.7167660048767273
111,paceSecPerKm,368.084700045919
111,cadenceSpm,167.94428487033144
111,distanceM,299.49326732963965
111,motionIntensityG,0.6950000000000001
111,activeEnergyKcal,5.380497131931165
111,heartRateBpm,143.2637948354982
112,speedMps,2.6364777321717177
112,paceSecPerKm,379.2939298509761
112,cadenceSpm,168.36960954871714
112,distanceM,302.1297450618114
112,motionIntensityG,0.6950000000000001
112,activeEnergyKcal,5.428537284894836
112,heartRateBpm,143.21315909718638
113,speedMps,2.6933062210342116
113,paceSecPerKm,371.29086629295597
113,cadenceSpm,169.30400127171015
113,distanceM,304.8230512828456
113,motionIntensityG,0.6950000000000001
113,activeEnergyKcal,5.4765774378585075
113,heartRateBpm,145.12063159175187
114,speedMps,2.720327879540391
114,paceSecPerKm,367.60274653691874
114,cadenceSpm,167.0573075435796
114,distanceM,307.543379162386
114,motionIntensityG,0.6950000000000001
114,activeEnergyKcal,5.524617590822179
114,heartRateBpm,148.34339392267648
115,speedMps,2.5532270477690164
115,paceSecPerKm,391.6612119841789
115,cadenceSpm,169.46926505053247
115,distanceM,310.096606210155
115,motionIntensityG,0.6950000000000001
115,activeEnergyKcal,5.57265774378585
115,heartRateBpm,148.86248444135097
116,speedMps,2.686553654306212
116,paceSecPerKm,372.2240940161847
116,cadenceSpm,169.04861427430427
116,distanceM,312.78315986446125
116,motionIntensityG,0.6950000000000001
116,activeEnergyKcal,5.620697896749522
116,heartRateBpm,150.12325920307973
117,speedMps,2.68644006898568
117,paceSecPerKm,372.2398320158954
117,cadenceSpm,168.25434514635026
117,distanceM,315.46959993344694
117,motionIntensityG,0.6950000000000001
117,activeEnergyKcal,5.668738049713193
117,heartRateBpm,152.5279769583572
118,speedMps,2.6058376721550274
118,paceSecPerKm,383.75375821971295
118,cadenceSpm,166.7723116637009
118,distanceM,318.07543760560196
118,motionIntensityG,0.6950000000000001
118,activeEnergyKcal,5.716778202676864
118,heartRateBpm,151.8196651374549
119,speedMps,2.6253630248546056
119,paceSecPerKm,380.8997043581737
119,cadenceSpm,168.30852211592708
119,distanceM,320.70080063045657
119,motionIntensityG,0.6950000000000001
119,activeEnergyKcal,5.764818355640536
119,heartRateBpm,152.60230031273875
120,speedMps,2.6741202665426242
120,paceSecPerKm,373.9547590703174
120,cadenceSpm,165.58568038287723
120,distanceM,323.3749208969992
120,motionIntensityG,0.6950000000000001
120,activeEnergyKcal,5.812858508604207
120,heartRateBpm,150.38798919019442
121,speedMps,2.6130593057592226
121,paceSecPerKm,382.69318947181364
121,cadenceSpm,167.2865762727641
121,distanceM,325.9879802027584
121,motionIntensityG,0.6950000000000001
121,activeEnergyKcal,5.860898661567878
121,heartRateBpm,148.94542625913934
122,speedMps,2.7113693426412326
122,paceSecPerKm,368.81732941107447
122,cadenceSpm,166.76270912275336
122,distanceM,328.6993495453996
122,motionIntensityG,0.6950000000000001
122,activeEnergyKcal,5.90893881453155
122,heartRateBpm,146.7076856043813
123,speedMps,2.6168152578973425
123,paceSecPerKm,382.143904496918
123,cadenceSpm,170.2898855214686
123,distanceM,331.31616480329694
123,motionIntensityG,0.6950000000000001
123,activeEnergyKcal,5.956978967495221
123,heartRateBpm,146.95449106875841
124,speedMps,2.691010120049176
124,paceSecPerKm,371.60766975552133
124,cadenceSpm,168.7782636491516
124,distanceM,334.0071749233461
124,motionIntensityG,0.6950000000000001
124,activeEnergyKcal,6.0050191204588925
124,heartRateBpm,146.24354200904858
125,speedMps,2.6506793446819006
125,paceSecPerKm,377.26177706342173
125,cadenceSpm,169.68048273311638
125,distanceM,336.657854268028
125,motionIntensityG,0.6950000000000001
125,activeEnergyKcal,6.053059273422564
125,heartRateBpm,144.04735584734235
126,speedMps,2.642608192899213
126,paceSecPerKm,378.4140239506701
126,cadenceSpm,165.95408359190023
126,distanceM,339.30046246092724
126,motionIntensityG,0.6950000000000001
126,activeEnergyKcal,6.101099426386235
126,heartRateBpm,146.51071129336214
127,speedMps,2.6976088608890327
127,paceSecPerKm,370.69866373082596
127,cadenceSpm,170.00045698857522
127,distanceM,341.99807132181627
127,motionIntensityG,0.6950000000000001
127,activeEnergyKcal,6.149139579349907
127,heartRateBpm,146.7644562257761
128,speedMps,2.596875320019112
128,paceSecPerKm,385.07817155913375
128,cadenceSpm,166.21650729843844
128,distanceM,344.5949466418354
128,motionIntensityG,0.6950000000000001
128,activeEnergyKcal,6.197179732313578
128,heartRateBpm,147.18012402062334
129,speedMps,2.6644181360596346
129,paceSecPerKm,375.3164664608101
129,cadenceSpm,166.25688272945237
129,distanceM,347.25936477789503
129,motionIntensityG,0.6950000000000001
129,activeEnergyKcal,6.245219885277249
129,heartRateBpm,146.52019031008388
130,speedMps,2.578810582797702
130,paceSecPerKm,387.77566939992903
130,cadenceSpm,167.0778805150299
130,distanceM,349.83817536069273
130,motionIntensityG,0.6950000000000001
130,activeEnergyKcal,6.293260038240921
130,heartRateBpm,144.87325617506394
131,speedMps,2.6824992088668274
131,paceSecPerKm,372.7866896268095
131,cadenceSpm,169.20979920665354
131,distanceM,352.52067456955956
131,motionIntensityG,0.6950000000000001
131,activeEnergyKcal,6.341300191204592
131,heartRateBpm,143.9942455028247
132,speedMps,2.6073578360239145
132,paceSecPerKm,383.5300188504038
132,cadenceSpm,167.5892864889225
132,distanceM,355.1280324055835
132,motionIntensityG,0.6950000000000001
132,activeEnergyKcal,6.3893403441682635
132,heartRateBpm,144.29780203305117
133,speedMps,2.6472128175218717
133,paceSecPerKm,377.75580164201807
133,cadenceSpm,167.81122417413442
133,distanceM,357.77524522310534
133,motionIntensityG,0.6950000000000001
133,activeEnergyKcal,6.437380497131935
133,heartRateBpm,141.83657619802375
134,speedMps,2.649974638659065
134,paceSecPerKm,377.3621020411041
134,cadenceSpm,167.90827792116653
134,distanceM,360.4252198617644
134,motionIntensityG,0.6950000000000001
134,activeEnergyKcal,6.485420650095606
134,heartRateBpm,139.98195755007393
135,speedMps,2.7693873892471976
135,paceSecPerKm,361.0906888226388
135,cadenceSpm,167.61827193017723
135,distanceM,363.1946072510116
135,motionIntensityG,0.6950000000000001
135,activeEnergyKcal,6.533460803059278
135,heartRateBpm,140.70961175603497
136,speedMps,2.623484051665556
136,paceSecPerKm,381.17250964995793
136,cadenceSpm,169.4821172160731
136,distanceM,365.81809130267715
136,motionIntensityG,0.6950000000000001
136,activeEnergyKcal,6.581500956022949
136,heartRateBpm,139.96710089282794
137,speedMps,2.732489528311904
137,paceSecPerKm,365.96663578717784
137,cadenceSpm,169.5413748719762
137,distanceM,368.5505808309891
137,motionIntensityG,0.6950000000000001
137,activeEnergyKcal,6.62954110898662
137,heartRateBpm,139.24820237618948
138,speedMps,2.694284924950108
138,paceSecPerKm,371.1559942081915
138,cadenceSpm,169.4541417952626
138,distanceM,371.2448657559392
138,motionIntensityG,0.6950000000000001
138,activeEnergyKcal,6.677581261950292
138,heartRateBpm,139.75503717371626
139,speedMps,2.636516774118668
139,paceSecPerKm,379.2883132079745
139,cadenceSpm,165.52602639317132
139,distanceM,373.88138253005786
139,motionIntensityG,0.6950000000000001
139,activeEnergyKcal,6.725621414913963
139,heartRateBpm,139.04988108816715
140,speedMps,2.6494308888247633
140,paceSecPerKm,377.43954908126733
140,cadenceSpm,168.15770597255766
140,distanceM,376.53081341888264
140,motionIntensityG,0.6950000000000001
140,activeEnergyKcal,6.773661567877634
140,heartRateBpm,138.20572059511883
141,speedMps,2.7718752139518092
141,paceSecPerKm,360.76660124043576
141,cadenceSpm,167.62572051597903
141,distanceM,379.3026886328345
141,motionIntensityG,0.6950000000000001
141,activeEnergyKcal,6.821701720841306
141,heartRateBpm,139.9907108116179
142,speedMps,2.6979103294227835
142,paceSecPerKm,370.65724130792347
142,cadenceSpm,166.53274895578653
142,distanceM,382.00059896225724
142,motionIntensityG,0.6950000000000001
142,activeEnergyKcal,6.869741873804977
142,heartRateBpm,140.32384275306694
143,speedMps,2.5974232664700247
143,paceSecPerKm,384.99693635185986
143,cadenceSpm,165.44205665658444
143,distanceM,384.59802222872725
143,motionIntensityG,0.6950000000000001
143,activeEnergyKcal,6.9177820267686485
143,heartRateBpm,140.5718623434943
144,speedMps,2.6195890719231327
144,paceSecPerKm,381.7392623591397
144,cadenceSpm,166.8829919144884
144,distanceM,387.2176113006504
144,motionIntensityG,0.6950000000000001
144,activeEnergyKcal,6.96582217973232
144,heartRateBpm,138.9473127187024
145,speedMps,2.6947448786767123
145,paceSecPerKm,371.09264328245513
145,cadenceSpm,167.66335357290856
145,distanceM,389.9123561793271
145,motionIntensityG,0.6950000000000001
145,activeEnergyKcal,7.013862332695991
145,heartRateBpm,137.64824902807493
146,speedMps,2.7067039693211337
146,paceSecPerKm,369.4530363624542
146,cadenceSpm,167.76462484428944
146,distanceM,392.61906014864826
146,motionIntensityG,0.6950000000000001
146,activeEnergyKcal,7.061902485659663
146,heartRateBpm,139.4182850552098
147,speedMps,2.7057964415787112
147,paceSecPerKm,369.5769514045723
147,cadenceSpm,170.42052227190553
147,distanceM,395.32485659022694
147,motionIntensityG,0.6950000000000001
147,activeEnergyKcal,7.109942638623334
147,heartRateBpm,138.18187878453028
148,speedMps,2.6459121754530996
148,paceSecPerKm,377.9414937794581
148,cadenceSpm,168.48537721055493
148,distanceM,397.97076876568
148,motionIntensityG,0.6950000000000001
148,activeEnergyKcal,7.157982791587005
148,heartRateBpm,138.2325417255004
149,speedMps,2.6586197454613223
149,paceSecPerKm,376.13502333575747
149,cadenceSpm,168.75142826480257
149,distanceM,400.6293885111413
149,motionIntensityG,0.6950000000000001
149,activeEnergyKcal,7.206022944550677
149,heartRateBpm,139.11804845164755
150,speedMps,2.7007678706715565
150,paceSecPerKm,370.2650682642141
150,cadenceSpm,168.32079488514464
150,distanceM,403.33015638181286
150,motionIntensityG,0.6950000000000001
150,activeEnergyKcal,7.254063097514348
150,heartRateBpm,139.87440193395668
151,speedMps,2.771337715551906
151,paceSecPerKm,360.83657159078933
151,cadenceSpm,167.5363810378366
151,distanceM,406.10149409736476
151,motionIntensityG,0.6950000000000001
151,activeEnergyKcal,7.3021032504780194
151,heartRateBpm,136.87430225751652
152,speedMps,2.619135405313655
152,paceSecPerKm,381.8053843154569
152,cadenceSpm,166.45868445839042
152,distanceM,408.72062950267843
152,motionIntensityG,0.6950000000000001
152,activeEnergyKcal,7.350143403441691
152,heartRateBpm,136.78234275636694
153,speedMps,2.709666746774526
153,paceSecPerKm,369.04907261764134
153,cadenceSpm,168.22829658676207
153,distanceM,411.43029624945297
153,motionIntensityG,0.6950000000000001
153,activeEnergyKcal,7.398183556405362
153,heartRateBpm,136.6818975049199
154,speedMps,2.73634283449535
154,paceSecPerKm,365.4512831483066
154,cadenceSpm,168.25352394900494
154,distanceM,414.1666390839483
154,motionIntensityG,0.6950000000000001
154,activeEnergyKcal,7.4462237093690335
154,heartRateBpm,137.58274116961425
155,speedMps,2.687645232962543
155,paceSecPerKm,372.07291637137615
155,cadenceSpm,169.91576932628664
155,distanceM,416.8542843169109
155,motionIntensityG,0.6950000000000001
155,activeEnergyKcal,7.494263862332705
155,heartRateBpm,137.70010916407148
156,speedMps,2.657495301732853
156,paceSecPerKm,376.2941741977634
156,cadenceSpm,169.39129090433912
156,distanceM,419.51177961864374
156,motionIntensityG,0.6950000000000001
156,activeEnergyKcal,7.542304015296376
156,heartRateBpm,138.45316274206473
157,speedMps,2.557060292170591
157,paceSecPerKm,391.0740795052345
157,cadenceSpm,167.3937031590371
157,distanceM,422.06883991081435
157,motionIntensityG,0.6950000000000001
157,activeEnergyKcal,7.590344168260048
157,heartRateBpm,138.46447493115883
158,speedMps,2.6683069769625383
158,paceSecPerKm,374.76947316547063
158,cadenceSpm,165.50479340875464
158,distanceM,424.7371468877769
158,motionIntensityG,0.6950000000000001
158,activeEnergyKcal,7.638384321223719
158,heartRateBpm,138.7515081359205
159,speedMps,2.6979585384817026
159,paceSecPerKm,370.65061813839355
159,cadenceSpm,169.45009411952148
159,distanceM,427.4351054262586
159,motionIntensityG,0.6950000000000001
159,activeEnergyKcal,7.68642447418739
159,heartRateBpm,140.61768336458226
160,speedMps,2.546877261808224
160,paceSecPerKm,392.6376881193023
160,cadenceSpm,167.00559611666205
160,distanceM,429.9819826880668
160,motionIntensityG,0.6950000000000001
160,activeEnergyKcal,7.734464627151062
160,heartRateBpm,140.36603921091634
161,speedMps,2.6170966553623916
161,paceSecPerKm,382.10281532820545
161,cadenceSpm,165.52203600050788
161,distanceM,432.5990793434292
161,motionIntensityG,0.6950000000000001
161,activeEnergyKcal,7.782504780114733
161,heartRateBpm,140.87639524067814
162,speedMps,2.7262451153565563
162,paceSecPerKm,366.80487545567354
162,cadenceSpm,169.9373156329847
162,distanceM,435.32532445878576
162,motionIntensityG,0.6950000000000001
162,activeEnergyKcal,7.8305449330784045
162,heartRateBpm,140.8984431636505
163,speedMps,2.5678537927061433
163,paceSecPerKm,389.430271630125
163,cadenceSpm,167.3947595400532
163,distanceM,437.8931782514919
163,motionIntensityG,0.6950000000000001
163,activeEnergyKcal,7.878585086042076
163,heartRateBpm,140.2887360417441
164,speedMps,2.6517773274125216
164,paceSecPerKm,377.10556978619036
164,cadenceSpm,170.38467009910514
164,distanceM,440.5449555789044
164,motionIntensityG,0.6950000000000001
164,activeEnergyKcal,7.926625239005747
164,heartRateBpm,139.10683664242885
165,speedMps,2.5421640082330943
165,paceSecPerKm,393.36565098136214
165,cadenceSpm,167.44873570086236
165,distanceM,443.0871195871375
165,motionIntensityG,0.6950000000000001
165,activeEnergyKcal,7.974665391969419
165,heartRateBpm,138.16074957371558
166,speedMps,2.6186463035483003
166,paceSecPerKm,381.87669661419596
166,cadenceSpm,165.98352320246266
166,distanceM,445.7057658906858
166,motionIntensityG,0.6950000000000001
166,activeEnergyKcal,8.022705544933089
166,heartRateBpm,138.43024891874006
167,speedMps,2.7989981031209266
167,paceSecPerKm,357.270695855415
167,cadenceSpm,167.96579680313127
167,distanceM,448.50476399380676
167,motionIntensityG,0.6950000000000001
167,activeEnergyKcal,8.07074569789676
167,heartRateBpm,135.53659814233387
168,speedMps,2.6111888661606355
168,paceSecPerKm,382.96731920060273
168,cadenceSpm,167.87699488088103
168,distanceM,451.1159528599674
168,motionIntensityG,0.6950000000000001
168,activeEnergyKcal,8.11878585086043
168,heartRateBpm,136.81620334510416
169,speedMps,2.625470800015423
169,paceSecPerKm,380.88406848559333
169,cadenceSpm,166.78395574192638
169,distanceM,453.74142365998284
169,motionIntensityG,0.6950000000000001
169,activeEnergyKcal,8.1668260038241
169,heartRateBpm,136.87157260306634
170,speedMps,2.6781455689352147
170,paceSecPerKm,373.3926981413423
170,cadenceSpm,165.55316430933266
170,distanceM,456.4195692289181
170,motionIntensityG,0.6950000000000001
170,activeEnergyKcal,8.214866156787771
170,heartRateBpm,135.77473479209456
171,speedMps,2.5921308106914975
171,paceSecPerKm,385.7829997912922
171,cadenceSpm,167.70153268399864
171,distanceM,459.0117000396096
171,motionIntensityG,0.6950000000000001
171,activeEnergyKcal,8.262906309751441
171,heartRateBpm,133.2906165502148
172,speedMps,2.6448895284798994
172,paceSecPerKm,378.0876249204749
172,cadenceSpm,169.19498951682684
172,distanceM,461.6565895680895
172,motionIntensityG,0.6950000000000001
172,activeEnergyKcal,8.310946462715112
172,heartRateBpm,134.05856258125212
173,speedMps,2.673508552326516
173,paceSecPerKm,374.0403220815543
173,cadenceSpm,166.25776072880737
173,distanceM,464.330098120416
173,motionIntensityG,0.6950000000000001
173,activeEnergyKcal,8.358986615678782
173,heartRateBpm,134.90296352398082
174,speedMps,2.636834741131376
174,paceSecPerKm,379.2425761088592
174,cadenceSpm,167.75153769133792
174,distanceM,466.9669328615474
174,motionIntensityG,0.6950000000000001
174,activeEnergyKcal,8.407026768642453
174,heartRateBpm,134.04901105739438
175,speedMps,2.6819079262354135
175,paceSecPerKm,372.8688782406103
175,cadenceSpm,168.144280307608
175,distanceM,469.6488407877828
175,motionIntensityG,0.6950000000000001
175,activeEnergyKcal,8.455066921606123
175,heartRateBpm,134.9275136289676
176,speedMps,2.61226000537572
176,paceSecPerKm,382.810286090251
176,cadenceSpm,167.19006127152653
176,distanceM,472.2611007931585
176,motionIntensityG,0.6950000000000001
176,activeEnergyKcal,8.503107074569794
176,heartRateBpm,136.4451261780603
177,speedMps,2.754898817984793
177,paceSecPerKm,362.98973794307966
177,cadenceSpm,167.52074498589664
177,distanceM,475.0159996111433
177,motionIntensityG,0.6950000000000001
177,activeEnergyKcal,8.551147227533464
177,heartRateBpm,137.19199081558384
178,speedMps,2.755721609305998
178,paceSecPerKm,362.88135805265193
178,cadenceSpm,164.3629002861609
178,distanceM,477.7717212204493
178,motionIntensityG,0.6950000000000001
178,activeEnergyKcal,8.599187380497135
178,heartRateBpm,133.5816523602495
179,speedMps,2.7294327391344306
179,paceSecPerKm,366.3764948892363
179,cadenceSpm,167.31218598933626
179,distanceM,480.50115395958375
179,motionIntensityG,0.6950000000000001
179,activeEnergyKcal,8.647227533460805
179,heartRateBpm,134.5115170378957
180,speedMps,2.661479019641265
180,paceSecPerKm,375.7309347998497
180,cadenceSpm,167.25358238549182
180,distanceM,483.162632979225
180,motionIntensityG,0.6950000000000001
180,activeEnergyKcal,8.695267686424476
180,heartRateBpm,133.86089159751955
181,speedMps,3.1799218199749015
181,paceSecPerKm,314.47314009999553
181,cadenceSpm,174.93146942866002
181,distanceM,486.3425547991999
181,motionIntensityG,0.9379856500000001
181,activeEnergyKcal,8.757503941735715
181,heartRateBpm,136.57354172938653
182,speedMps,3.225198730857942
182,paceSecPerKm,310.0584129691716
182,cadenceSpm,179.83087286733078
182,distanceM,489.5677535300578
182,motionIntensityG,0.9379712999999998
182,activeEnergyKcal,8.819739358667944
182,heartRateBpm,137.1231021108359
183,speedMps,3.1156214538550104
183,paceSecPerKm,320.96325398025596
183,cadenceSpm,174.52831438173033
183,distanceM,492.6833749839128
183,motionIntensityG,0.93795695
183,activeEnergyKcal,8.881973937221161
183,heartRateBpm,138.7616859620344
184,speedMps,3.0632767495374225
184,paceSecPerKm,326.4478144689367
184,cadenceSpm,178.03819667739756
184,distanceM,495.7466517334502
184,motionIntensityG,0.9379426
184,activeEnergyKcal,8.94420767739537
184,heartRateBpm,139.38315861907452
185,speedMps,3.2898418593913377
185,paceSecPerKm,303.9659785303518
185,cadenceSpm,177.65687576171067
185,distanceM,499.03649359284157
185,motionIntensityG,0.9379282499999999
185,activeEnergyKcal,9.006440579190569
185,heartRateBpm,140.00389915080945
186,speedMps,3.0419678721534984
186,paceSecPerKm,328.7345698664696
186,cadenceSpm,177.06862229831256
186,distanceM,502.0784614649951
186,motionIntensityG,0.9379139000000001
186,activeEnergyKcal,9.068672642606758
186,heartRateBpm,140.56775760147156
187,speedMps,3.2542879070124546
187,paceSecPerKm,307.28688689318625
187,cadenceSpm,179.3698883739641
187,distanceM,505.3327493720075
187,motionIntensityG,0.93789955
187,activeEnergyKcal,9.130903867643937
187,heartRateBpm,139.1775449132998
188,speedMps,3.0683973660789907
188,paceSecPerKm,325.9030303750615
188,cadenceSpm,177.15892139979678
188,distanceM,508.40114673808654
188,motionIntensityG,0.9378852
188,activeEnergyKcal,9.193134254302105
188,heartRateBpm,141.21057648135059
189,speedMps,3.135419085584316
189,paceSecPerKm,318.93663102252896
189,cadenceSpm,175.89204730697145
189,distanceM,511.53656582367086
189,motionIntensityG,0.9378708499999999
189,activeEnergyKcal,9.255363802581265
189,heartRateBpm,142.39857968941288
190,speedMps,3.2213538537846005
190,paceSecPerKm,310.4284860929364
190,cadenceSpm,178.16456393691877
190,distanceM,514.7579196774554
190,motionIntensityG,0.9378564999999999
190,activeEnergyKcal,9.317592512481413
190,heartRateBpm,143.3286641661281
191,speedMps,3.0713335451641126
191,paceSecPerKm,325.59146875288866
191,cadenceSpm,174.0938028323179
191,distanceM,517.8292532226195
191,motionIntensityG,0.93784215
191,activeEnergyKcal,9.379820384002551
191,heartRateBpm,145.8460352647551
192,speedMps,3.2720735896418196
192,paceSecPerKm,305.61659834474136
192,cadenceSpm,177.23641265827152
192,distanceM,521.1013268122613
192,motionIntensityG,0.9378278
192,activeEnergyKcal,9.44204741714468
192,heartRateBpm,146.46873542270072
193,speedMps,3.1530326130743696
193,paceSecPerKm,317.15498147827543
193,cadenceSpm,175.16490840116577
193,distanceM,524.2543594253357
193,motionIntensityG,0.9378134499999999
193,activeEnergyKcal,9.504273611907799
193,heartRateBpm,148.41124161113552
194,speedMps,3.1091187554799378
194,paceSecPerKm,321.63454619977534
194,cadenceSpm,177.92382050273633
194,distanceM,527.3634781808156
194,motionIntensityG,0.9377990999999999
194,activeEnergyKcal,9.566498968291908
194,heartRateBpm,149.63458739951042
195,speedMps,3.2117370709503765
195,paceSecPerKm,311.35799036752803
195,cadenceSpm,176.93793163216625
195,distanceM,530.5752152517659
195,motionIntensityG,0.9377847500000001
195,activeEnergyKcal,9.628723486297007
195,heartRateBpm,149.35370540031184
196,speedMps,3.131799493960009
196,paceSecPerKm,319.3052434961436
196,cadenceSpm,177.53020333844182
196,distanceM,533.7070147457259
196,motionIntensityG,0.9377704
196,activeEnergyKcal,9.690947165923095
196,heartRateBpm,151.0778439532198
197,speedMps,3.1645711350806938
197,paceSecPerKm,315.9985847417207
197,cadenceSpm,175.67278280879407
197,distanceM,536.8715858808066
197,motionIntensityG,0.93775605
197,activeEnergyKcal,9.753170007170175
197,heartRateBpm,149.28905030231155
198,speedMps,3.1216573643528043
198,paceSecPerKm,320.34265240616
198,cadenceSpm,179.38125769093114
198,distanceM,539.9932432451594
198,motionIntensityG,0.9377417000000001
198,activeEnergyKcal,9.815392010038243
198,heartRateBpm,148.37445413582503
199,speedMps,3.290554558975296
199,paceSecPerKm,303.90014268944617
199,cadenceSpm,174.3138511353035
199,distanceM,543.2837978041347
199,motionIntensityG,0.9377273500000001
199,activeEnergyKcal,9.877613174527301
199,heartRateBpm,146.54354966438493
200,speedMps,3.099134201519435
200,paceSecPerKm,322.6707638248523
200,cadenceSpm,178.0356694875159
200,distanceM,546.3829320056541
200,motionIntensityG,0.937713
200,activeEnergyKcal,9.93983350063735
200,heartRateBpm,148.13211406584384
201,speedMps,3.161323667949914
201,paceSecPerKm,316.32319402729485
201,cadenceSpm,176.03244419640978
201,distanceM,549.544255673604
201,motionIntensityG,0.93769865
201,activeEnergyKcal,10.002052988368389
201,heartRateBpm,150.04720643343694
202,speedMps,3.2928613801109305
202,paceSecPerKm,303.6872447896096
202,cadenceSpm,176.74133793124793
202,distanceM,552.8371170537149
202,motionIntensityG,0.9376842999999999
202,activeEnergyKcal,10.064271637720418
202,heartRateBpm,148.866208694568
203,speedMps,3.290057341026715
203,paceSecPerKm,303.9460703405048
203,cadenceSpm,177.14212579840205
203,distanceM,556.1271743947416
203,motionIntensityG,0.9376699500000001
203,activeEnergyKcal,10.126489448693437
203,heartRateBpm,150.61854538062641
204,speedMps,3.1868741816390616
204,paceSecPerKm,313.7870976398835
204,cadenceSpm,178.643569531966
204,distanceM,559.3140485763806
204,motionIntensityG,0.9376556
204,activeEnergyKcal,10.188706421287446
204,heartRateBpm,151.43611355423408
205,speedMps,3.2037454304732575
205,paceSecPerKm,312.1346629130517
205,cadenceSpm,178.6932923344343
205,distanceM,562.5177940068539
205,motionIntensityG,0.93764125
205,activeEnergyKcal,10.250922555502445
205,heartRateBpm,150.1389544234839
206,speedMps,3.2658888352654962
206,paceSecPerKm,306.19535766247424
206,cadenceSpm,175.64921028741927
206,distanceM,565.7836828421194
206,motionIntensityG,0.9376268999999999
206,activeEnergyKcal,10.313137851338434
206,heartRateBpm,149.76990567446066
207,speedMps,3.1972590054338346
207,paceSecPerKm,312.76790472729016
207,cadenceSpm,177.44076259530536
207,distanceM,568.9809418475533
207,motionIntensityG,0.9376125499999999
207,activeEnergyKcal,10.375352308795414
207,heartRateBpm,152.1354789105628
208,speedMps,3.1100756447691227
208,paceSecPerKm,321.5355876253085
208,cadenceSpm,176.75487826379174
208,distanceM,572.0910174923224
208,motionIntensityG,0.9375982
208,activeEnergyKcal,10.437565927873383
208,heartRateBpm,154.82062092524268
209,speedMps,3.1170056133731014
209,paceSecPerKm,320.8207247717591
209,cadenceSpm,174.9672748608038
209,distanceM,575.2080231056955
209,motionIntensityG,0.93758385
209,activeEnergyKcal,10.499778708572341
209,heartRateBpm,156.51594331125557
210,speedMps,3.137503364903535
210,paceSecPerKm,318.7247577759158
210,cadenceSpm,177.4250831873023
210,distanceM,578.345526470599
210,motionIntensityG,0.9375695
210,activeEnergyKcal,10.561990650892291
210,heartRateBpm,157.99534701849896
211,speedMps,3.278716643112975
211,paceSecPerKm,304.99738429684817
211,cadenceSpm,176.40691023562187
211,distanceM,581.6242431137119
211,motionIntensityG,0.9375551499999999
211,activeEnergyKcal,10.62420175483323
211,heartRateBpm,156.45995918547936
212,speedMps,3.3007012196977352
212,paceSecPerKm,302.96592555310895
212,cadenceSpm,177.0999187408699
212,distanceM,584.9249443334097
212,motionIntensityG,0.9375408000000001
212,activeEnergyKcal,10.686412020395158
212,heartRateBpm,155.57555786814393
213,speedMps,3.3702101560544095
213,paceSecPerKm,296.71740149603175
213,cadenceSpm,176.4376185683775
213,distanceM,588.2951544894642
213,motionIntensityG,0.93752645
213,activeEnergyKcal,10.748621447578078
213,heartRateBpm,156.0215132692089
214,speedMps,3.0787646212386695
214,paceSecPerKm,324.8056032285031
214,cadenceSpm,175.1232002653208
214,distanceM,591.3739191107028
214,motionIntensityG,0.9375121
214,activeEnergyKcal,10.810830036381986
214,heartRateBpm,158.88610806123003
215,speedMps,3.3065440092215876
215,paceSecPerKm,302.4305731939784
215,cadenceSpm,175.52319303485862
215,distanceM,594.6804631199244
215,motionIntensityG,0.9374977499999999
215,activeEnergyKcal,10.873037786806886
215,heartRateBpm,161.04351835992452
216,speedMps,3.1708737808753336
216,paceSecPerKm,315.37048432244615
216,cadenceSpm,177.0799688091886
216,distanceM,597.8513369007998
216,motionIntensityG,0.9374833999999999
216,activeEnergyKcal,10.935244698852776
216,heartRateBpm,162.03823468929016
217,speedMps,3.1184460308707274
217,paceSecPerKm,320.6725369304473
217,cadenceSpm,175.76114956243745
217,distanceM,600.9697829316705
217,motionIntensityG,0.93746905
217,activeEnergyKcal,10.997450772519654
217,heartRateBpm,162.27047967960635
218,speedMps,3.136699290996178
218,paceSecPerKm,318.80646094143503
218,cadenceSpm,174.71649873258093
218,distanceM,604.1064822226666
218,motionIntensityG,0.9374547
218,activeEnergyKcal,11.059656007807524
218,heartRateBpm,163.7475681048399
219,speedMps,3.0834156470632177
219,paceSecPerKm,324.31566628146436
219,cadenceSpm,178.41942865795215
219,distanceM,607.1898978697299
219,motionIntensityG,0.9374403499999999
219,activeEnergyKcal,11.121860404716383
219,heartRateBpm,164.52011155064787
220,speedMps,3.198492876630065
220,paceSecPerKm,312.64724936752117
220,cadenceSpm,174.18460679393442
220,distanceM,610.38839074636
220,motionIntensityG,0.9374260000000001
220,activeEnergyKcal,11.184063963246231
220,heartRateBpm,162.0398640275153
221,speedMps,3.1999141354393412
221,paceSecPerKm,312.50838543600554
221,cadenceSpm,176.1726639073217
221,distanceM,613.5883048817993
221,motionIntensityG,0.93741165
221,activeEnergyKcal,11.24626668339707
221,heartRateBpm,164.64402122046718
222,speedMps,3.150349729832949
222,paceSecPerKm,317.42507523221116
222,cadenceSpm,175.21636242570102
222,distanceM,616.7386546116322
222,motionIntensityG,0.9373973
222,activeEnergyKcal,11.3084685651689
222,heartRateBpm,162.83677954118818
223,speedMps,3.228231407853323
223,paceSecPerKm,309.7671367570796
223,cadenceSpm,178.86463729444247
223,distanceM,619.9668860194855
223,motionIntensityG,0.9373829499999999
223,activeEnergyKcal,11.37066960856172
223,heartRateBpm,161.8078552826498
224,speedMps,2.976697244993234
224,paceSecPerKm,335.9427975693487
224,cadenceSpm,174.83977114142283
224,distanceM,622.9435832644788
224,motionIntensityG,0.9373685999999999
224,activeEnergyKcal,11.432869813575529
224,heartRateBpm,162.12843380101833
225,speedMps,3.2227756730304535
225,paceSecPerKm,310.29153172788966
225,cadenceSpm,176.69097059159958
225,distanceM,626.1663589375092
225,motionIntensityG,0.93735425
225,activeEnergyKcal,11.495069180210328
225,heartRateBpm,163.0272055830768
226,speedMps,3.2588753255972533
226,paceSecPerKm,306.85432859163774
226,cadenceSpm,177.07858333774922
226,distanceM,629.4252342631065
226,motionIntensityG,0.9373399
226,activeEnergyKcal,11.557267708466117
226,heartRateBpm,162.93202272587683
227,speedMps,3.1925524116865156
227,paceSecPerKm,313.22900020041783
227,cadenceSpm,175.46464479400544
227,distanceM,632.617786674793
227,motionIntensityG,0.93732555
227,activeEnergyKcal,11.619465398342896
227,heartRateBpm,162.188709821966
228,speedMps,3.1197835176275066
228,paceSecPerKm,320.53506095848195
228,cadenceSpm,177.52869649579856
228,distanceM,635.7375701924205
228,motionIntensityG,0.9373112000000001
228,activeEnergyKcal,11.681662249840665
228,heartRateBpm,162.37457912236064
229,speedMps,3.1196498986570016
229,paceSecPerKm,320.54878992366946
229,cadenceSpm,177.48566526614994
229,distanceM,638.8572200910776
229,motionIntensityG,0.9372968499999998
229,activeEnergyKcal,11.743858262959424
229,heartRateBpm,163.42873095130332
230,speedMps,3.2151440769431803
230,paceSecPerKm,311.0280522640704
230,cadenceSpm,176.66912001404194
230,distanceM,642.0723641680207
230,motionIntensityG,0.9372825
230,activeEnergyKcal,11.806053437699173
230,heartRateBpm,161.65834055264395
231,speedMps,3.267895012154706
231,paceSecPerKm,306.00738282000196
231,cadenceSpm,175.3906321828805
231,distanceM,645.3402591801754
231,motionIntensityG,0.93726815
231,activeEnergyKcal,11.868247774059913
231,heartRateBpm,161.7785549166594
232,speedMps,3.1905126849794394
232,paceSecPerKm,313.4292506367027
232,cadenceSpm,177.15109332311172
232,distanceM,648.5307718651549
232,motionIntensityG,0.9372538000000001
232,activeEnergyKcal,11.930441272041643
232,heartRateBpm,162.5506655401602
233,speedMps,3.265635502351028
233,paceSecPerKm,306.21911088364584
233,cadenceSpm,174.64000535813835
233,distanceM,651.7964073675059
233,motionIntensityG,0.9372394499999999
233,activeEnergyKcal,11.992633931644361
233,heartRateBpm,161.6314277961584
234,speedMps,3.1774724901250204
234,paceSecPerKm,314.71554926370237
234,cadenceSpm,177.66055530302063
234,distanceM,654.973879857631
234,motionIntensityG,0.9372251
234,activeEnergyKcal,12.054825752868071
234,heartRateBpm,160.8380443223861
235,speedMps,3.1905424738950448
235,paceSecPerKm,313.4263242636574
235,cadenceSpm,178.08162214581503
235,distanceM,658.164422331526
235,motionIntensityG,0.93721075
235,activeEnergyKcal,12.11701673571277
235,heartRateBpm,161.69389892857723
236,speedMps,3.029674137947333
236,paceSecPerKm,330.06850059377035
236,cadenceSpm,177.94032703458552
236,distanceM,661.1940964694734
236,motionIntensityG,0.9371963999999999
236,activeEnergyKcal,12.17920688017846
236,heartRateBpm,160.37307249065387
237,speedMps,3.189443944038525
237,paceSecPerKm,313.53427667826764
237,cadenceSpm,175.60343381789983
237,distanceM,664.3835404135119
237,motionIntensityG,0.9371820499999999
237,activeEnergyKcal,12.24139618626514
237,heartRateBpm,160.3965449339
238,speedMps,3.1823426633639595
238,paceSecPerKm,314.2339168915675
238,cadenceSpm,175.27226008110546
238,distanceM,667.5658830768759
238,motionIntensityG,0.9371677
238,activeEnergyKcal,12.303584653972809
238,heartRateBpm,159.80112133625343
239,speedMps,3.154626098054411
239,paceSecPerKm,316.99477811863073
239,cadenceSpm,172.80105035733246
239,distanceM,670.7205091749304
239,motionIntensityG,0.93715335
239,activeEnergyKcal,12.36577228330147
239,heartRateBpm,160.2724121627635
240,speedMps,3.127297566279385
240,paceSecPerKm,319.7649020619813
240,cadenceSpm,174.91400679519305
240,distanceM,673.8478067412098
240,motionIntensityG,0.9371389999999999
240,activeEnergyKcal,12.427959074251119
240,heartRateBpm,159.9291761721318
241,speedMps,3.0279867645023617
241,paceSecPerKm,330.2524342983204
241,cadenceSpm,177.30052814635442
241,distanceM,676.8757935057121
241,motionIntensityG,0.9371246499999999
241,activeEnergyKcal,12.490145026821757
241,heartRateBpm,159.94232529809884
242,speedMps,3.2257928742032256
242,paceSecPerKm,310.0013047945619
242,cadenceSpm,175.23820081434886
242,distanceM,680.1015863799153
242,motionIntensityG,0.9371103000000001
242,activeEnergyKcal,12.552330141013387
242,heartRateBpm,159.71175273824917
243,speedMps,3.2042283787543724
243,paceSecPerKm,312.08761729672494
243,cadenceSpm,176.0494022658843
243,distanceM,683.3058147586696
243,motionIntensityG,0.93709595
243,activeEnergyKcal,12.614514416826006
243,heartRateBpm,160.3625367786894
244,speedMps,3.2922920642804785
244,paceSecPerKm,303.73975955822357
244,cadenceSpm,176.97039033279614
244,distanceM,686.5981068229501
244,motionIntensityG,0.9370816
244,activeEnergyKcal,12.676697854259617
244,heartRateBpm,161.67240657430506
245,speedMps,3.3490153003158323
245,paceSecPerKm,298.5952318299931
245,cadenceSpm,176.14086483010988
245,distanceM,689.9471221232659
245,motionIntensityG,0.9370672500000001
245,activeEnergyKcal,12.738880453314216
245,heartRateBpm,162.02065140375865
246,speedMps,3.196046786464751
246,paceSecPerKm,312.8865335247898
246,cadenceSpm,176.6942350696101
246,distanceM,693.1431689097307
246,motionIntensityG,0.9370529000000001
246,activeEnergyKcal,12.801062213989805
246,heartRateBpm,162.74020645380708
247,speedMps,3.126091578161096
247,paceSecPerKm,319.88826142714726
247,cadenceSpm,176.02330978084066
247,distanceM,696.2692604878918
247,motionIntensityG,0.93703855
247,activeEnergyKcal,12.863243136286385
247,heartRateBpm,163.628200597677
248,speedMps,3.131877251298598
248,paceSecPerKm,319.2973158783158
248,cadenceSpm,174.85201465574508
248,distanceM,699.4011377391904
248,motionIntensityG,0.9370242
248,activeEnergyKcal,12.925423220203955
248,heartRateBpm,164.50195116412488
249,speedMps,3.2011083518442462
249,paceSecPerKm,312.3917999913601
249,cadenceSpm,174.89692839727206
249,distanceM,702.6022460910347
249,motionIntensityG,0.9370098499999999
249,activeEnergyKcal,12.987602465742514
249,heartRateBpm,163.48533706946023
250,speedMps,3.1265386841481937
250,paceSecPerKm,319.8425162848877
250,cadenceSpm,175.67986289152282
250,distanceM,705.7287847751828
250,motionIntensityG,0.9369955000000001
250,activeEnergyKcal,13.049780872902064
250,heartRateBpm,163.8115543177752
251,speedMps,3.3087012551597694
251,paceSecPerKm,302.23339095379055
251,cadenceSpm,176.4296946922439
251,distanceM,709.0374860303426
251,motionIntensityG,0.9369811499999998
251,activeEnergyKcal,13.111958441682603
251,heartRateBpm,164.76913715703918
252,speedMps,3.1084952357914206
252,paceSecPerKm,321.699061489924
252,cadenceSpm,175.84577853886285
252,distanceM,712.1459812661341
252,motionIntensityG,0.9369668
252,activeEnergyKcal,13.174135172084133
252,heartRateBpm,162.6749164121246
253,speedMps,3.3027674717805655
253,paceSecPerKm,302.7763863318197
253,cadenceSpm,173.60477477831748
253,distanceM,715.4487487379147
253,motionIntensityG,0.9369524499999999
253,activeEnergyKcal,13.236311064106653
253,heartRateBpm,161.98600774687648
254,speedMps,3.0386580381547246
254,paceSecPerKm,329.0926413711451
254,cadenceSpm,174.31630027815115
254,distanceM,718.4874067760694
254,motionIntensityG,0.9369381000000001
254,activeEnergyKcal,13.298486117750162
254,heartRateBpm,164.58209655859767
255,speedMps,3.1192653834965904
255,paceSecPerKm,320.58830431382984
255,cadenceSpm,175.9383013661508
255,distanceM,721.606672159566
255,motionIntensityG,0.93692375
255,activeEnergyKcal,13.360660333014662
255,heartRateBpm,166.26049315909944
256,speedMps,3.1616777940955063
256,paceSecPerKm,316.28776400540215
256,cadenceSpm,178.36580578315477
256,distanceM,724.7683499536614
256,motionIntensityG,0.9369094
256,activeEnergyKcal,13.422833709900152
256,heartRateBpm,164.57229455007254
257,speedMps,3.165895361061504
257,paceSecPerKm,315.86640932589336
257,cadenceSpm,174.8311922589817
257,distanceM,727.934245314723
257,motionIntensityG,0.93689505
257,activeEnergyKcal,13.48500624840663
257,heartRateBpm,164.12343553962856
258,speedMps,3.2162336656927604
258,paceSecPerKm,310.9226828469893
258,cadenceSpm,176.201991948832
258,distanceM,731.1504789804158
258,motionIntensityG,0.9368806999999999
258,activeEnergyKcal,13.5471779485341
258,heartRateBpm,165.85411213708934
259,speedMps,3.205999652015228
259,paceSecPerKm,311.9151929325444
259,cadenceSpm,175.24844751583063
259,distanceM,734.3564786324309
259,motionIntensityG,0.9368663500000001
259,activeEnergyKcal,13.60934881028256
259,heartRateBpm,167.74765861185128
260,speedMps,3.0984534218660893
260,paceSecPerKm,322.7416597399535
260,cadenceSpm,177.41916328141426
260,distanceM,737.454932054297
260,motionIntensityG,0.936852
260,activeEnergyKcal,13.67151883365201
260,heartRateBpm,169.00603247726923
261,speedMps,3.1466664828403292
261,paceSecPerKm,317.79662873497574
261,cadenceSpm,176.44009609223508
261,distanceM,740.6015985371374
261,motionIntensityG,0.93683765
261,activeEnergyKcal,13.73368801864245
261,heartRateBpm,169.42035246615907
262,speedMps,3.095828350822341
262,paceSecPerKm,323.01532471410155
262,cadenceSpm,176.6805129382696
262,distanceM,743.6974268879598
262,motionIntensityG,0.9368232999999999
262,activeEnergyKcal,13.79585636525388
262,heartRateBpm,172.0489193703718
263,speedMps,3.190605321465346
263,paceSecPerKm,313.4201504875354
263,cadenceSpm,174.44024235202468
263,distanceM,746.8880322094251
263,motionIntensityG,0.9368089499999999
263,activeEnergyKcal,13.8580238734863
263,heartRateBpm,171.40881175026888
264,speedMps,3.240119715495489
264,paceSecPerKm,308.63057164759016
264,cadenceSpm,174.7175834914052
264,distanceM,750.1281519249205
264,motionIntensityG,0.9367946
264,activeEnergyKcal,13.920190543339709
264,heartRateBpm,172.20540715906637
265,speedMps,3.300785753474435
265,paceSecPerKm,302.9581665357685
265,cadenceSpm,176.38216308563642
265,distanceM,753.428937678395
265,motionIntensityG,0.93678025
265,activeEnergyKcal,13.98235637481411
265,heartRateBpm,170.77113173315615
266,speedMps,3.0291693415558
266,paceSecPerKm,330.12350490989513
266,cadenceSpm,176.66011874107826
266,distanceM,756.4581070199507
266,motionIntensityG,0.9367658999999999
266,activeEnergyKcal,14.0445213679095
266,heartRateBpm,170.44631211723475
267,speedMps,3.027972385453834
267,paceSecPerKm,330.25400258071363
267,cadenceSpm,176.240513783121
267,distanceM,759.4860794054046
267,motionIntensityG,0.9367515500000001
267,activeEnergyKcal,14.10668552262588
267,heartRateBpm,170.6696178160728
268,speedMps,3.0193563151790572
268,paceSecPerKm,331.1964192409987
268,cadenceSpm,178.5231227134342
268,distanceM,762.5054357205836
268,motionIntensityG,0.9367372
268,activeEnergyKcal,14.16884883896325
268,heartRateBpm,170.59568189184353
269,speedMps,3.082742944861928
269,paceSecPerKm,324.38643697708267
269,cadenceSpm,174.2665248566349
269,distanceM,765.5881786654455
269,motionIntensityG,0.93672285
269,activeEnergyKcal,14.23101131692161
269,heartRateBpm,171.43324231662234
270,speedMps,3.1865722421263585
270,paceSecPerKm,313.81683012863783
270,cadenceSpm,176.3627244230533
270,distanceM,768.7747509075718
270,motionIntensityG,0.9367084999999999
270,activeEnergyKcal,14.293172956500959
270,heartRateBpm,171.69453861780707
271,speedMps,3.1423306773501323
271,paceSecPerKm,318.23512630544695
271,cadenceSpm,177.92156980197348
271,distanceM,771.917081584922
271,motionIntensityG,0.9366941499999999
271,activeEnergyKcal,14.355333757701299
271,heartRateBpm,170.9407991440302
272,speedMps,3.217026397888876
272,paceSecPerKm,310.84606599940696
272,cadenceSpm,179.34960353437666
272,distanceM,775.1341079828109
272,motionIntensityG,0.9366798000000001
272,activeEnergyKcal,14.417493720522629
272,heartRateBpm,170.6533754267696
273,speedMps,3.126993164353474
273,paceSecPerKm,319.79603006479755
273,cadenceSpm,176.50362959881255
273,distanceM,778.2611011471644
273,motionIntensityG,0.93666545
273,activeEnergyKcal,14.47965284496495
273,heartRateBpm,172.27852787514357
274,speedMps,3.1041413546266408
274,paceSecPerKm,322.1502778890937
274,cadenceSpm,173.29168974704496
274,distanceM,781.365242501791
274,motionIntensityG,0.9366511
274,activeEnergyKcal,14.54181113102826
274,heartRateBpm,168.93498933887415
275,speedMps,3.104732063076633
275,paceSecPerKm,322.08898535645307
275,cadenceSpm,177.39487733017836
275,distanceM,784.4699745648677
275,motionIntensityG,0.9366367499999999
275,activeEnergyKcal,14.603968578712559
275,heartRateBpm,168.78970343497917
276,speedMps,3.2101364454173162
276,paceSecPerKm,311.51323845675364
276,cadenceSpm,175.9283665482247
276,distanceM,787.680111010285
276,motionIntensityG,0.9366224000000001
276,activeEnergyKcal,14.66612518801785
276,heartRateBpm,169.58410830205395
277,speedMps,3.2432187707295297
277,paceSecPerKm,308.3356599391721
277,cadenceSpm,175.6393330353121
277,distanceM,790.9233297810146
277,motionIntensityG,0.93660805
277,activeEnergyKcal,14.72828095894413
277,heartRateBpm,169.73692280413127
278,speedMps,3.1925174346141842
278,paceSecPerKm,313.2324319227563
278,cadenceSpm,175.37767356816
278,distanceM,794.1158472156287
278,motionIntensityG,0.9365937
278,activeEnergyKcal,14.790435891491398
278,heartRateBpm,168.85413843407616
279,speedMps,3.1931562661832524
279,paceSecPerKm,313.1697657864048
279,cadenceSpm,176.81173927512984
279,distanceM,797.3090034818119
279,motionIntensityG,0.9365793500000001
279,activeEnergyKcal,14.852589985659659
279,heartRateBpm,167.6724248117212
280,speedMps,3.2853701437621163
280,paceSecPerKm,304.37970646889977
280,cadenceSpm,178.1897885021393
280,distanceM,800.594373625574
280,motionIntensityG,0.9365649999999999
280,activeEnergyKcal,14.914743241448909
280,heartRateBpm,167.8716291819515
281,speedMps,3.230418045929917
281,paceSecPerKm,309.55745844099795
281,cadenceSpm,175.4060203576093
281,distanceM,803.8247916715039
281,motionIntensityG,0.93655065
281,activeEnergyKcal,14.97689565885915
281,heartRateBpm,166.3410803678354
282,speedMps,3.216583057662773
282,paceSecPerKm,310.8889097757724
282,cadenceSpm,175.25311678182362
282,distanceM,807.0413747291667
282,motionIntensityG,0.9365363
282,activeEnergyKcal,15.03904723789038
282,heartRateBpm,165.6389597653085
283,speedMps,3.1340033895685795
283,paceSecPerKm,319.08070148502867
283,cadenceSpm,177.72469981767645
283,distanceM,810.1753781187352
283,motionIntensityG,0.9365219499999999
283,activeEnergyKcal,15.101197978542599
283,heartRateBpm,164.50536557339123
284,speedMps,3.1900269773406382
284,paceSecPerKm,313.4769727977814
284,cadenceSpm,175.9846464534295
284,distanceM,813.3654050960758
284,motionIntensityG,0.9365075999999999
284,activeEnergyKcal,15.16334788081581
284,heartRateBpm,163.9120290933179
285,speedMps,3.2143885973782615
285,paceSecPerKm,311.1011533626102
285,cadenceSpm,176.80939353984772
285,distanceM,816.5797936934541
285,motionIntensityG,0.93649325
285,activeEnergyKcal,15.22549694471001
285,heartRateBpm,162.93144392902937
286,speedMps,3.023260606943102
286,paceSecPerKm,330.76870637729314
286,cadenceSpm,175.58604350011797
286,distanceM,819.6030543003973
286,motionIntensityG,0.9364789
286,activeEnergyKcal,15.287645170225199
286,heartRateBpm,163.6098027671291
287,speedMps,3.2847510686215795
287,paceSecPerKm,304.43707273673016
287,cadenceSpm,176.22807685061272
287,distanceM,822.8878053690189
287,motionIntensityG,0.93646455
287,activeEnergyKcal,15.34979255736138
287,heartRateBpm,163.18131739923274
288,speedMps,3.0444383673591253
288,paceSecPerKm,328.4678089467918
288,cadenceSpm,178.39400118327637
288,distanceM,825.932243736378
288,motionIntensityG,0.9364501999999999
288,activeEnergyKcal,15.411939106118549
288,heartRateBpm,165.1833764082846
289,speedMps,3.312979380845566
289,paceSecPerKm,301.84311009649923
289,cadenceSpm,177.57396818212283
289,distanceM,829.2452231172236
289,motionIntensityG,0.9364358500000001
289,activeEnergyKcal,15.47408481649671
289,heartRateBpm,166.08886767630727
290,speedMps,3.2287789476665703
290,paceSecPerKm,309.7146061122262
290,cadenceSpm,179.34358992872575
290,distanceM,832.4740020648902
290,motionIntensityG,0.9364215
290,activeEnergyKcal,15.53622968849586
290,heartRateBpm,167.06008114007616
291,speedMps,3.247019161107495
291,paceSecPerKm,307.97477636655503
291,cadenceSpm,176.1846398911137
291,distanceM,835.7210212259977
291,motionIntensityG,0.93640715
291,activeEnergyKcal,15.598373722116
291,heartRateBpm,165.9288499953082
292,speedMps,3.168075452228651
292,paceSecPerKm,315.64904784591806
292,cadenceSpm,174.1302035991891
292,distanceM,838.8890966782263
292,motionIntensityG,0.9363927999999999
292,activeEnergyKcal,15.66051691735713
292,heartRateBpm,162.9829187712657
293,speedMps,3.038247164875229
293,paceSecPerKm,329.13714577301903
293,cadenceSpm,179.45293927199583
293,distanceM,841.9273438431015
293,motionIntensityG,0.9363784500000001
293,activeEnergyKcal,15.72265927421925
293,heartRateBpm,163.53785830439807
294,speedMps,3.2287140473893956
294,paceSecPerKm,309.7208316755578
294,cadenceSpm,176.8204591600565
294,distanceM,845.156057890491
294,motionIntensityG,0.9363641
294,activeEnergyKcal,15.784800792702361
294,heartRateBpm,162.38134368989267
295,speedMps,3.0570455092815214
295,paceSecPerKm,327.11321992554304
295,cadenceSpm,174.09706567796658
295,distanceM,848.2131033997724
295,motionIntensityG,0.93634975
295,activeEnergyKcal,15.846941472806462
295,heartRateBpm,161.83970530068584
296,speedMps,3.226353655405217
296,paceSecPerKm,309.94742263442413
296,cadenceSpm,177.58125931545797
296,distanceM,851.4394570551776
296,motionIntensityG,0.9363353999999999
296,activeEnergyKcal,15.909081314531551
296,heartRateBpm,161.11607390033987
297,speedMps,3.1169585872794268
297,paceSecPerKm,320.8255650495599
297,cadenceSpm,176.53095243875185
297,distanceM,854.5564156424571
297,motionIntensityG,0.9363210499999999
297,activeEnergyKcal,15.971220317877632
297,heartRateBpm,161.28094104679292
298,speedMps,3.1245587697230817
298,paceSecPerKm,320.04518836066774
298,cadenceSpm,174.87896588585923
298,distanceM,857.6809744121801
298,motionIntensityG,0.9363067
298,activeEnergyKcal,16.033358482844704
298,heartRateBpm,161.70014062411863
299,speedMps,3.173966159570301
299,paceSecPerKm,315.06322050244614
299,cadenceSpm,176.74524431147125
299,distanceM,860.8549405717505
299,motionIntensityG,0.93629235
299,activeEnergyKcal,16.095495809432766
299,heartRateBpm,161.73510057644614
300,speedMps,3.274845375010208
300,paceSecPerKm,305.3579285394148
300,cadenceSpm,178.07356078619864
300,distanceM,864.1297859467606
300,motionIntensityG,0.9362779999999999
300,activeEnergyKcal,16.157632297641815
300,heartRateBpm,160.48081902176983
301,speedMps,2.972678383587656
301,paceSecPerKm,336.3969696557363
301,cadenceSpm,176.96168425802855
301,distanceM,867.1024643303483
301,motionIntensityG,0.9362636500000001
301,activeEnergyKcal,16.219767947471855
301,heartRateBpm,160.82056341429197
302,speedMps,3.0602468372349505
302,paceSecPerKm,326.77102638672704
302,cadenceSpm,175.5645437569889
302,distanceM,870.1627111675832
302,motionIntensityG,0.9362492999999998
302,activeEnergyKcal,16.281902758922886
302,heartRateBpm,160.80307840741395
303,speedMps,3.119985516199806
303,paceSecPerKm,320.51430841833417
303,cadenceSpm,174.48663266463117
303,distanceM,873.282696683783
303,motionIntensityG,0.93623495
303,activeEnergyKcal,16.344036731994905
303,heartRateBpm,161.26941376376357
304,speedMps,3.111747663630143
304,paceSecPerKm,321.3628186140926
304,cadenceSpm,175.01141363779638
304,distanceM,876.3944443474131
304,motionIntensityG,0.9362206
304,activeEnergyKcal,16.406169866687915
304,heartRateBpm,162.3297680878569
305,speedMps,3.2663960666680425
305,paceSecPerKm,306.14780926431604
305,cadenceSpm,177.810051451839
305,distanceM,879.6608404140811
305,motionIntensityG,0.9362062500000001
305,activeEnergyKcal,16.468302163001916
305,heartRateBpm,162.65742627316894
306,speedMps,3.1016106833201915
306,paceSecPerKm,322.4131272753828
306,cadenceSpm,177.61079664725776
306,distanceM,882.7624510974014
306,motionIntensityG,0.9361919000000001
306,activeEnergyKcal,16.530433620936908
306,heartRateBpm,161.9544794871882
307,speedMps,3.16894259361062
307,paceSecPerKm,315.5626744442294
307,cadenceSpm,176.99709755617258
307,distanceM,885.931393691012
307,motionIntensityG,0.93617755
307,activeEnergyKcal,16.592564240492887
307,heartRateBpm,161.76231870466162
308,speedMps,3.2287236215583457
308,paceSecPerKm,309.7199132570379
308,cadenceSpm,173.9636029712848
308,distanceM,889.1601173125704
308,motionIntensityG,0.9361632
308,activeEnergyKcal,16.654694021669858
308,heartRateBpm,162.3733316482505
309,speedMps,3.0879308876892178
309,paceSecPerKm,323.84144476378714
309,cadenceSpm,174.84992014606803
309,distanceM,892.2480482002596
309,motionIntensityG,0.9361488499999999
309,activeEnergyKcal,16.71682296446782
309,heartRateBpm,161.9107692302025
310,speedMps,3.129960281955684
310,paceSecPerKm,319.4928720869176
310,cadenceSpm,176.0201562099569
310,distanceM,895.3780084822154
310,motionIntensityG,0.9361344999999999
310,activeEnergyKcal,16.77895106888677
310,heartRateBpm,163.1778937852373
311,speedMps,3.2171420812137623
311,paceSecPerKm,310.8348884680655
311,cadenceSpm,175.80959385042812
311,distanceM,898.5951505634291
311,motionIntensityG,0.93612015
311,activeEnergyKcal,16.84107833492671
311,heartRateBpm,164.05812074036672
312,speedMps,3.2151186380043897
312,paceSecPerKm,311.0305132070323
312,cadenceSpm,173.0008363545471
312,distanceM,901.8102692014335
312,motionIntensityG,0.9361058
312,activeEnergyKcal,16.90320476258764
312,heartRateBpm,162.30488256418553
313,speedMps,3.119015930706081
313,paceSecPerKm,320.6139443390469
313,cadenceSpm,179.3442753979227
313,distanceM,904.9292851321395
313,motionIntensityG,0.9360914499999999
313,activeEnergyKcal,16.96533035186956
313,heartRateBpm,163.1554927024069
314,speedMps,3.1184857355282176
314,paceSecPerKm,320.66845411772175
314,cadenceSpm,175.73577478902246
314,distanceM,908.0477708676677
314,motionIntensityG,0.9360770999999999
314,activeEnergyKcal,17.02745510277247
314,heartRateBpm,164.37544614108936
315,speedMps,3.1277081030577656
315,paceSecPerKm,319.72293035349503
315,cadenceSpm,175.95461270527323
315,distanceM,911.1754789707255
315,motionIntensityG,0.93606275
315,activeEnergyKcal,17.089579015296373
315,heartRateBpm,165.12226393680544
316,speedMps,3.322574439727552
316,paceSecPerKm,300.97143589715904
316,cadenceSpm,177.50538984278504
316,distanceM,914.498053410453
316,motionIntensityG,0.9360484
316,activeEnergyKcal,17.15170208944126
316,heartRateBpm,164.7945818223373
317,speedMps,3.145902226257357
317,paceSecPerKm,317.873833348498
317,cadenceSpm,175.48178726789007
317,distanceM,917.6439556367104
317,motionIntensityG,0.93603405
317,activeEnergyKcal,17.213824325207142
317,heartRateBpm,162.56411114669584
318,speedMps,3.1727631092641175
318,paceSecPerKm,315.1826863720492
318,cadenceSpm,175.89478618219354
318,distanceM,920.8167187459745
318,motionIntensityG,0.9360196999999999
318,activeEnergyKcal,17.275945722594013
318,heartRateBpm,163.4090330524143
319,speedMps,3.2102576761404924
319,paceSecPerKm,311.50147461129734
319,cadenceSpm,176.68543873074458
319,distanceM,924.026976422115
319,motionIntensityG,0.9360053500000001
319,activeEnergyKcal,17.338066281601876
319,heartRateBpm,162.70654737015641
320,speedMps,3.075292638794526
320,paceSecPerKm,325.1723063311421
320,cadenceSpm,176.70551641908793
320,distanceM,927.1022690609095
320,motionIntensityG,0.935991
320,activeEnergyKcal,17.400186002230726
320,heartRateBpm,163.78584272901807
321,speedMps,3.1358826820942327
321,paceSecPerKm,318.8894806907034
321,cadenceSpm,178.43483888130956
321,distanceM,930.2381517430038
321,motionIntensityG,0.93597665
321,activeEnergyKcal,17.462304884480567
321,heartRateBpm,165.16568232376636
322,speedMps,3.3363044312681303
322,paceSecPerKm,299.732839314037
322,cadenceSpm,175.62567003603175
322,distanceM,933.5744561742719
322,motionIntensityG,0.9359622999999999
322,activeEnergyKcal,17.5244229283514
322,heartRateBpm,164.5996698416554
323,speedMps,3.0629226838254753
323,paceSecPerKm,326.485550967626
323,cadenceSpm,173.3170391618313
323,distanceM,936.6373788580973
323,motionIntensityG,0.9359479500000001
323,activeEnergyKcal,17.58654013384322
323,heartRateBpm,163.2691727637419
324,speedMps,3.2022046010143006
324,paceSecPerKm,312.284855153618
324,cadenceSpm,176.2471970674651
324,distanceM,939.8395834591116
324,motionIntensityG,0.9359336
324,activeEnergyKcal,17.64865650095603
324,heartRateBpm,165.05917555260004
325,speedMps,3.2741953585425074
325,paceSecPerKm,305.418550359544
325,cadenceSpm,177.43350779619294
325,distanceM,943.1137788176542
325,motionIntensityG,0.93591925
325,activeEnergyKcal,17.71077202968983
325,heartRateBpm,163.50982032338956
326,speedMps,3.0441263374991996
326,paceSecPerKm,328.5014776428486
326,cadenceSpm,176.91526003325387
326,distanceM,946.1579051551533
326,motionIntensityG,0.9359049000000002
326,activeEnergyKcal,17.77288672004462
326,heartRateBpm,161.4533699754903
327,speedMps,3.203267950605333
327,paceSecPerKm,312.18118977871535
327,cadenceSpm,175.79220858613942
327,distanceM,949.3611731057587
327,motionIntensityG,0.9358905500000001
327,activeEnergyKcal,17.8350005720204
327,heartRateBpm,162.54186798190528
328,speedMps,3.223606850189804
328,paceSecPerKm,310.2115259313091
328,cadenceSpm,177.01262000172738
328,distanceM,952.5847799559484
328,motionIntensityG,0.9358762
328,activeEnergyKcal,17.897113585617173
328,heartRateBpm,161.9822113482772
329,speedMps,3.2313947454719836
329,paceSecPerKm,309.4638936952093
329,cadenceSpm,176.24476580184054
329,distanceM,955.8161747014204
329,motionIntensityG,0.93586185
329,activeEnergyKcal,17.959225760834933
329,heartRateBpm,161.14919476636732
330,speedMps,3.0557413683351844
330,paceSecPerKm,327.25282655214227
330,cadenceSpm,176.89149054385788
330,distanceM,958.8719160697556
330,motionIntensityG,0.9358474999999999
330,activeEnergyKcal,18.021337097673683
330,heartRateBpm,162.48786691503437
331,speedMps,3.139205020496163
331,paceSecPerKm,318.5519879940643
331,cadenceSpm,177.17066623785956
331,distanceM,962.0111210902518
331,motionIntensityG,0.9358331499999999
331,activeEnergyKcal,18.083447596133425
331,heartRateBpm,162.90978235743503
332,speedMps,3.1205205803741576
332,paceSecPerKm,320.4593510099836
332,cadenceSpm,176.97812482557316
332,distanceM,965.131641670626
332,motionIntensityG,0.9358188000000001
332,activeEnergyKcal,18.145557256214154
332,heartRateBpm,163.6764825833506
333,speedMps,3.1147768156392024
333,paceSecPerKm,321.0502900172589
333,cadenceSpm,174.9398008240528
333,distanceM,968.2464184862652
333,motionIntensityG,0.93580445
333,activeEnergyKcal,18.207666077915874
333,heartRateBpm,162.14777079694048
334,speedMps,3.2244300172159233
334,paceSecPerKm,310.1323318108272
334,cadenceSpm,176.12113508765933
334,distanceM,971.4708485034811
334,motionIntensityG,0.9357901
334,activeEnergyKcal,18.269774061238586
334,heartRateBpm,161.12629670170887
335,speedMps,3.12727085166606
335,paceSecPerKm,319.7676336436442
335,cadenceSpm,176.81366787545048
335,distanceM,974.5981193551471
335,motionIntensityG,0.9357757499999999
335,activeEnergyKcal,18.33188120618229
335,heartRateBpm,160.82753957148344
336,speedMps,3.31083060904265
336,paceSecPerKm,302.0390101712745
336,cadenceSpm,175.14302806467472
336,distanceM,977.9089499641898
336,motionIntensityG,0.9357614000000001
336,activeEnergyKcal,18.39398751274698
336,heartRateBpm,159.12355241991654
337,speedMps,3.1064450574417357
337,paceSecPerKm,321.9113750634091
337,cadenceSpm,174.3215023105849
337,distanceM,981.0153950216315
337,motionIntensityG,0.93574705
337,activeEnergyKcal,18.45609298093266
337,heartRateBpm,161.3695329741806
338,speedMps,3.193628723936419
338,paceSecPerKm,313.123436204386
338,cadenceSpm,175.8305910843424
338,distanceM,984.209023745568
338,motionIntensityG,0.9357327
338,activeEnergyKcal,18.518197610739332
338,heartRateBpm,160.97473213682161
339,speedMps,3.120369055088845
339,paceSecPerKm,320.47491253291105
339,cadenceSpm,174.3504065699193
339,distanceM,987.3293928006568
339,motionIntensityG,0.9357183499999999
339,activeEnergyKcal,18.58030140216699
339,heartRateBpm,161.8129240980871
340,speedMps,3.109956107743049
340,paceSecPerKm,321.5479464517967
340,cadenceSpm,176.14459302917118
340,distanceM,990.4393489083999
340,motionIntensityG,0.9357040000000001
340,activeEnergyKcal,18.642404355215643
340,heartRateBpm,163.8942318530604
341,speedMps,3.1106267719644505
341,paceSecPerKm,321.4786193614836
341,cadenceSpm,173.8697885872199
341,distanceM,993.5499756803644
341,motionIntensityG,0.93568965
341,activeEnergyKcal,18.704506469885285
341,heartRateBpm,163.40495971007147
342,speedMps,3.117741685252551
342,paceSecPerKm,320.74498177003255
342,cadenceSpm,174.45091422447018
342,distanceM,996.6677173656169
342,motionIntensityG,0.9356753
342,activeEnergyKcal,18.766607746175914
342,heartRateBpm,164.08060657723053
343,speedMps,3.210043220200308
343,paceSecPerKm,311.52228534094303
343,cadenceSpm,175.91305985511877
343,distanceM,999.8777605858172
343,motionIntensityG,0.9356609499999999
343,activeEnergyKcal,18.828708184087535
343,heartRateBpm,163.90218005098927
344,speedMps,3.1126500077271704
344,paceSecPerKm,321.2696568896261
344,cadenceSpm,175.84054104568213
344,distanceM,1002.9904105935444
344,motionIntensityG,0.9356465999999999
344,activeEnergyKcal,18.890807783620147
344,heartRateBpm,165.45652475218665
345,speedMps,3.1825779711138935
345,paceSecPerKm,314.2106836270229
345,cadenceSpm,177.3304513120224
345,distanceM,1006.1729885646583
345,motionIntensityG,0.93563225
345,activeEnergyKcal,18.952906544773747
345,heartRateBpm,166.54350931188722
346,speedMps,3.2416318125402217
346,paceSecPerKm,308.4866073104014
346,cadenceSpm,174.62306577399028
346,distanceM,1009.4146203771986
346,motionIntensityG,0.9356179
346,activeEnergyKcal,19.015004467548337
346,heartRateBpm,166.70592449565117
347,speedMps,3.188672743735152
347,paceSecPerKm,313.61010688999664
347,cadenceSpm,175.50119497183917
347,distanceM,1012.6032931209338
347,motionIntensityG,0.93560355
347,activeEnergyKcal,19.07710155194392
347,heartRateBpm,169.645684556524
348,speedMps,3.0954483198996816
348,paceSecPerKm,323.05498159064996
348,cadenceSpm,175.6708297351386
348,distanceM,1015.6987414408335
348,motionIntensityG,0.9355892000000001
348,activeEnergyKcal,19.13919779796049
348,heartRateBpm,169.0153684306248
349,speedMps,3.147422428408205
349,paceSecPerKm,317.7203005780656
349,cadenceSpm,176.02111361373633
349,distanceM,1018.8461638692416
349,motionIntensityG,0.9355748500000001
349,activeEnergyKcal,19.201293205598052
349,heartRateBpm,169.896849878033
350,speedMps,3.112265582501561
350,paceSecPerKm,321.3093399298607
350,cadenceSpm,177.49725388165243
350,distanceM,1021.9584294517432
350,motionIntensityG,0.9355605
350,activeEnergyKcal,19.263387774856604
350,heartRateBpm,171.05315067371777
351,speedMps,3.068653455606224
351,paceSecPerKm,325.87583266304216
351,cadenceSpm,175.65684363502984
351,distanceM,1025.0270829073495
351,motionIntensityG,0.93554615
351,activeEnergyKcal,19.325481505736146
351,heartRateBpm,169.51387803346606
352,speedMps,3.197147886547711
352,paceSecPerKm,312.77877517258133
352,cadenceSpm,174.94188041129752
352,distanceM,1028.2242307938973
352,motionIntensityG,0.9355317999999999
352,activeEnergyKcal,19.387574398236676
352,heartRateBpm,170.16338875838673
353,speedMps,3.16676357629899
353,paceSecPerKm,315.7798098614941
353,cadenceSpm,176.7786096934272
353,distanceM,1031.3909943701963
353,motionIntensityG,0.9355174500000001
353,activeEnergyKcal,19.449666452358198
353,heartRateBpm,170.80369208908775
354,speedMps,3.106722907925779
354,paceSecPerKm,321.8825848448955
354,cadenceSpm,177.01366276789116
354,distanceM,1034.497717278122
354,motionIntensityG,0.9355031
354,activeEnergyKcal,19.51175766810071
354,heartRateBpm,169.86493315703436
355,speedMps,3.144865662295134
355,paceSecPerKm,317.9786062054544
355,cadenceSpm,171.29417758906837
355,distanceM,1037.6425829404172
355,motionIntensityG,0.93548875
355,activeEnergyKcal,19.57384804546421
355,heartRateBpm,167.94115487539722
356,speedMps,3.16857484010351
356,paceSecPerKm,315.59929951578243
356,cadenceSpm,174.46220621636976
356,distanceM,1040.8111577805207
356,motionIntensityG,0.9354743999999999
356,activeEnergyKcal,19.6359375844487
356,heartRateBpm,167.98920749858777
357,speedMps,3.1924798885925805
357,paceSecPerKm,313.23611577733527
357,cadenceSpm,176.68873730562746
357,distanceM,1044.0036376691132
357,motionIntensityG,0.9354600499999999
357,activeEnergyKcal,19.698026285054183
357,heartRateBpm,168.16624108916488
358,speedMps,3.1900749726603674
358,paceSecPerKm,313.4722564736617
358,cadenceSpm,176.4286933137449
358,distanceM,1047.1937126417736
358,motionIntensityG,0.9354457
358,activeEnergyKcal,19.760114147280653
358,heartRateBpm,168.91721076650546
359,speedMps,3.2405134563121654
359,paceSecPerKm,308.59307127767346
359,cadenceSpm,176.25723039216476
359,distanceM,1050.4342260980857
359,motionIntensityG,0.93543135
359,activeEnergyKcal,19.822201171128114
359,heartRateBpm,168.9168663476354
360,speedMps,3.0683910788680606
360,paceSecPerKm,325.90369815861385
360,cadenceSpm,175.59161587242883
360,distanceM,1053.5026171769537
360,motionIntensityG,0.9354169999999999
360,activeEnergyKcal,19.884287356596566
360,heartRateBpm,169.33812938032378
361,speedMps,3.185204603360432
361,paceSecPerKm,313.9515743965041
361,cadenceSpm,174.10044183366412
361,distanceM,1056.6878217803142
361,motionIntensityG,0.9354026499999999
361,activeEnergyKcal,19.946372703686006
361,heartRateBpm,170.13911498231147
362,speedMps,3.0893561906437914
362,paceSecPerKm,323.6920375282495
362,cadenceSpm,176.20329133908317
362,distanceM,1059.7771779709578
362,motionIntensityG,0.9353883000000001
362,activeEnergyKcal,20.008457212396436
362,heartRateBpm,170.5446484126743
363,speedMps,3.1531828438083878
363,paceSecPerKm,317.1398708969913
363,cadenceSpm,175.29959575676847
363,distanceM,1062.9303608147661
363,motionIntensityG,0.93537395
363,activeEnergyKcal,20.070540882727858
363,heartRateBpm,170.7221559474216
364,speedMps,3.3180623218108063
364,paceSecPerKm,301.3807165183859
364,cadenceSpm,174.24682796595917
364,distanceM,1066.248423136577
364,motionIntensityG,0.9353596
364,activeEnergyKcal,20.13262371468027
364,heartRateBpm,172.47373726659504
365,speedMps,3.2187160091125673
365,paceSecPerKm,310.6828925474883
365,cadenceSpm,175.1402653270145
365,distanceM,1069.4671391456895
365,motionIntensityG,0.9353452499999999
365,activeEnergyKcal,20.19470570825367
365,heartRateBpm,172.53222783639853
366,speedMps,3.218127864313706
366,paceSecPerKm,310.7396729288315
366,cadenceSpm,177.0849104617949
366,distanceM,1072.6852670100031
366,motionIntensityG,0.9353309000000001
366,activeEnergyKcal,20.256786863448063
366,heartRateBpm,171.91782051962184
367,speedMps,3.2463406906234025
367,paceSecPerKm,308.039141698331
367,cadenceSpm,178.4494352579453
367,distanceM,1075.9316077006265
367,motionIntensityG,0.93531655
367,activeEnergyKcal,20.318867180263446
367,heartRateBpm,171.31477380205416
368,speedMps,3.3527282771527527
368,paceSecPerKm,298.2645527269609
368,cadenceSpm,175.67320896088555
368,distanceM,1079.2843359777792
368,motionIntensityG,0.9353022
368,activeEnergyKcal,20.380946658699816
368,heartRateBpm,169.09703077081102
369,speedMps,3.11176934333965
369,paceSecPerKm,321.3605796780452
369,cadenceSpm,176.32674166644202
369,distanceM,1082.3961053211187
369,motionIntensityG,0.9352878499999999
369,activeEnergyKcal,20.443025298757178
369,heartRateBpm,172.72413177154135
370,speedMps,3.1984184554761623
370,paceSecPerKm,312.65452407825285
370,cadenceSpm,175.79880343191218
370,distanceM,1085.594523776595
370,motionIntensityG,0.9352735000000001
370,activeEnergyKcal,20.50510310043553
370,heartRateBpm,172.9640303180647
371,speedMps,3.0882211797716628
371,paceSecPerKm,323.8110037422702
371,cadenceSpm,177.0218838182065
371,distanceM,1088.6827449563666
371,motionIntensityG,0.93525915
371,activeEnergyKcal,20.56718006373487
371,heartRateBpm,171.8797448833867
372,speedMps,3.14681566502493
372,paceSecPerKm,317.78156283967706
372,cadenceSpm,176.21473249288394
372,distanceM,1091.8295606213915
372,motionIntensityG,0.9352448
372,activeEnergyKcal,20.6292561886552
372,heartRateBpm,173.2762910805206
373,speedMps,3.0375211112020573
373,paceSecPerKm,329.2158188833999
373,cadenceSpm,174.75072909018024
373,distanceM,1094.8670817325935
373,motionIntensityG,0.9352304499999999
373,activeEnergyKcal,20.691331475196524
373,heartRateBpm,175.52976809139693
374,speedMps,3.093516982134259
374,paceSecPerKm,323.2566705711396
374,cadenceSpm,177.29698773157895
374,distanceM,1097.960598714728
374,motionIntensityG,0.9352161000000001
374,activeEnergyKcal,20.753405923358834
374,heartRateBpm,175.12085176491573
375,speedMps,3.119685255461337
375,paceSecPerKm,320.5451569992181
375,cadenceSpm,177.10982485411148
375,distanceM,1101.0802839701892
375,motionIntensityG,0.93520175
375,activeEnergyKcal,20.815479533142135
375,heartRateBpm,175.11860694412655
376,speedMps,3.1234710952446494
376,paceSecPerKm,320.15663648127145
376,cadenceSpm,176.36690973102145
376,distanceM,1104.2037550654338
376,motionIntensityG,0.9351874
376,activeEnergyKcal,20.877552304546427
376,heartRateBpm,174.81144991383948
377,speedMps,3.0821799558426273
377,paceSecPerKm,324.4456891961758
377,cadenceSpm,177.063473800969
377,distanceM,1107.2859350212764
377,motionIntensityG,0.93517305
377,activeEnergyKcal,20.93962423757171
377,heartRateBpm,174.5626476070018
378,speedMps,3.147861040494828
378,paceSecPerKm,317.67603052859187
378,cadenceSpm,174.53222585633216
378,distanceM,1110.433796061771
378,motionIntensityG,0.9351587000000001
378,activeEnergyKcal,21.00169533221798
378,heartRateBpm,174.15617881089082
379,speedMps,3.066448359811004
379,paceSecPerKm,326.11017133242495
379,cadenceSpm,178.0800476333916
379,distanceM,1113.500244421582
379,motionIntensityG,0.9351443499999998
379,activeEnergyKcal,21.063765588485243
379,heartRateBpm,171.5389362800056
380,speedMps,3.184944559163509
380,paceSecPerKm,313.9772078992292
380,cadenceSpm,176.02723741828322
380,distanceM,1116.6851889807456
380,motionIntensityG,0.93513
380,activeEnergyKcal,21.125835006373496
380,heartRateBpm,171.71234120109693
381,speedMps,3.2834992241385867
381,paceSecPerKm,304.55314033532204
381,cadenceSpm,175.78217543236505
381,distanceM,1119.968688204884
381,motionIntensityG,0.93511565
381,activeEnergyKcal,21.187903585882736
381,heartRateBpm,171.1857490236241
382,speedMps,3.0725961462572724
382,paceSecPerKm,325.4576756591
382,cadenceSpm,176.89012917634108
382,distanceM,1123.0412843511413
382,motionIntensityG,0.9351012999999999
382,activeEnergyKcal,21.249971327012968
382,heartRateBpm,171.8240192458774
383,speedMps,3.1152005523114656
383,paceSecPerKm,321.00662002579713
383,cadenceSpm,176.02067030798707
383,distanceM,1126.1564849034528
383,motionIntensityG,0.9350869499999999
383,activeEnergyKcal,21.31203822976419
383,heartRateBpm,169.72491167427373
384,speedMps,3.2173573200599708
384,paceSecPerKm,310.81409384188646
384,cadenceSpm,175.86576376282386
384,distanceM,1129.3738422235128
384,motionIntensityG,0.9350726
384,activeEnergyKcal,21.3741042941364
384,heartRateBpm,170.4502894556381
385,speedMps,3.07971276189176
385,paceSecPerKm,324.7056064364051
385,cadenceSpm,176.93097818683532
385,distanceM,1132.4535549854047
385,motionIntensityG,0.93505825
385,activeEnergyKcal,21.436169520129603
385,heartRateBpm,170.39415258668373
386,speedMps,3.168909856077785
386,paceSecPerKm,315.56593447492935
386,cadenceSpm,176.9961184803578
386,distanceM,1135.6224648414825
386,motionIntensityG,0.9350438999999999
386,activeEnergyKcal,21.498233907743796
386,heartRateBpm,170.03569093055282
387,speedMps,3.215616263658754
387,paceSecPerKm,310.9823803609551
387,cadenceSpm,174.12511819259498
387,distanceM,1138.8380811051413
387,motionIntensityG,0.9350295500000001
387,activeEnergyKcal,21.560297456978976
387,heartRateBpm,168.14608095166204
388,speedMps,3.258446592034664
388,paceSecPerKm,306.89470327502664
388,cadenceSpm,172.58049610313793
388,distanceM,1142.096527697176
388,motionIntensityG,0.9350152
388,activeEnergyKcal,21.622360167835147
388,heartRateBpm,167.53039768909701
389,speedMps,3.1919555272506295
389,paceSecPerKm,313.2875729197091
389,cadenceSpm,177.24765448785934
389,distanceM,1145.2884832244267
389,motionIntensityG,0.93500085
389,activeEnergyKcal,21.68442204031231
389,heartRateBpm,166.90148498118342
390,speedMps,3.0621368055576745
390,paceSecPerKm,326.569341443215
390,cadenceSpm,175.28355756298382
390,distanceM,1148.3506200299844
390,motionIntensityG,0.9349864999999999
390,activeEnergyKcal,21.74648307441046
390,heartRateBpm,165.6615859555535
391,speedMps,3.165445874001362
391,paceSecPerKm,315.9112617319609
391,cadenceSpm,175.8796957616965
391,distanceM,1151.5160659039857
391,motionIntensityG,0.9349721499999999
391,activeEnergyKcal,21.8085432701296
391,heartRateBpm,164.67758026188895
392,speedMps,3.1486008441171496
392,paceSecPerKm,317.60138852417623
392,cadenceSpm,176.05396001475015
392,distanceM,1154.664666748103
392,motionIntensityG,0.9349578000000001
392,activeEnergyKcal,21.870602627469733
392,heartRateBpm,163.68898656752822
393,speedMps,3.078022614500513
393,paceSecPerKm,324.88390283067343
393,cadenceSpm,175.78484244399007
393,distanceM,1157.7426893626034
393,motionIntensityG,0.93494345
393,activeEnergyKcal,21.932661146430856
393,heartRateBpm,162.9982506142187
394,speedMps,3.135898831303425
394,paceSecPerKm,318.8878384779887
394,cadenceSpm,174.28799780328467
394,distanceM,1160.8785881939068
394,motionIntensityG,0.9349291
394,activeEnergyKcal,21.994718827012967
394,heartRateBpm,162.4928057383232
395,speedMps,3.2283188613395244
395,paceSecPerKm,309.75874532575466
395,cadenceSpm,178.76341978096977
395,distanceM,1164.1069070552464
395,motionIntensityG,0.9349147500000001
395,activeEnergyKcal,22.05677566921607
395,heartRateBpm,163.2546972982082
396,speedMps,3.1867659939345496
396,paceSecPerKm,313.7977504163546
396,cadenceSpm,177.25103329697703
396,distanceM,1167.293673049181
396,motionIntensityG,0.9349004000000001
396,activeEnergyKcal,22.118831673040162
396,heartRateBpm,162.02978365319893
397,speedMps,3.1292847828599766
397,paceSecPerKm,319.56183901104095
397,cadenceSpm,173.83408948856467
397,distanceM,1170.422957832041
397,motionIntensityG,0.93488605
397,activeEnergyKcal,22.180886838485243
397,heartRateBpm,163.1688577202814
398,speedMps,3.2075419550565494
398,paceSecPerKm,311.7652127429055
398,cadenceSpm,176.39032441743836
398,distanceM,1173.6304997870975
398,motionIntensityG,0.9348717
398,activeEnergyKcal,22.242941165551315
398,heartRateBpm,162.83541145673775
399,speedMps,3.20269619651166
399,paceSecPerKm,312.2369212194365
399,cadenceSpm,174.51934395202272
399,distanceM,1176.8331959836091
399,motionIntensityG,0.9348573499999999
399,activeEnergyKcal,22.304994654238378
399,heartRateBpm,161.54958971465066
400,speedMps,3.2792603737917636
400,paceSecPerKm,304.94681300457813
400,cadenceSpm,174.45199466550358
400,distanceM,1180.1124563574008
400,motionIntensityG,0.9348430000000001
400,activeEnergyKcal,22.36704730454643
400,heartRateBpm,160.7086455525629
401,speedMps,3.118151459541576
401,paceSecPerKm,320.70283081984024
401,cadenceSpm,176.35115136820934
401,distanceM,1183.2306078169424
401,motionIntensityG,0.93482865
401,activeEnergyKcal,22.42909911647547
401,heartRateBpm,159.41852917524727
402,speedMps,3.049112637177006
402,paceSecPerKm,327.9642699345608
402,cadenceSpm,173.2967063625405
402,distanceM,1186.2797204541193
402,motionIntensityG,0.9348143
402,activeEnergyKcal,22.491150090025503
402,heartRateBpm,160.159429517951
403,speedMps,3.1352087714074792
403,paceSecPerKm,318.95802573653594
403,cadenceSpm,176.964097255759
403,distanceM,1189.4149292255267
403,motionIntensityG,0.9347999499999999
403,activeEnergyKcal,22.553200225196523
403,heartRateBpm,160.97799566793307
404,speedMps,3.1269277660382016
404,paceSecPerKm,319.8027184577384
404,cadenceSpm,176.27567471507987
404,distanceM,1192.541856991565
404,motionIntensityG,0.9347855999999999
404,activeEnergyKcal,22.615249521988535
404,heartRateBpm,159.110610566065
405,speedMps,3.027158492309236
405,paceSecPerKm,330.34279590599186
405,cadenceSpm,175.73109107396928
405,distanceM,1195.5690154838742
405,motionIntensityG,0.93477125
405,activeEnergyKcal,22.677297980401537
405,heartRateBpm,158.63261134412085
406,speedMps,3.0621853079615
406,paceSecPerKm,326.56416886334716
406,cadenceSpm,176.3197966118099
406,distanceM,1198.6312007918357
406,motionIntensityG,0.9347569
406,activeEnergyKcal,22.73934560043553
406,heartRateBpm,158.86865015648277
407,speedMps,3.1423666074701675
407,paceSecPerKm,318.2314875746062
407,cadenceSpm,175.63936910972092
407,distanceM,1201.7735673993059
407,motionIntensityG,0.9347425500000002
407,activeEnergyKcal,22.801392382090512
407,heartRateBpm,156.4966171396101
408,speedMps,3.2148046113589808
408,paceSecPerKm,311.06089510593125
408,cadenceSpm,174.95212034405807
408,distanceM,1204.9883720106648
408,motionIntensityG,0.9347281999999999
408,activeEnergyKcal,22.863438325366484
408,heartRateBpm,157.04248537055147
409,speedMps,3.0846519604749876
409,paceSecPerKm,324.185682149378
409,cadenceSpm,174.88276636930306
409,distanceM,1208.0730239711397
409,motionIntensityG,0.9347138500000001
409,activeEnergyKcal,22.925483430263448
409,heartRateBpm,156.2070353397135
410,speedMps,3.2337303912622035
410,paceSecPerKm,309.24037535784663
410,cadenceSpm,175.7234493231042
410,distanceM,1211.306754362402
410,motionIntensityG,0.9346995
410,activeEnergyKcal,22.9875276967814
410,heartRateBpm,156.96029521717873
411,speedMps,3.0301716909149237
411,paceSecPerKm,330.0143034793062
411,cadenceSpm,174.89162974298844
411,distanceM,1214.3369260533168
411,motionIntensityG,0.93468515
411,activeEnergyKcal,23.04957112492034
411,heartRateBpm,157.9521149867158
412,speedMps,3.1030031626714982
412,paceSecPerKm,322.2684436902283
412,cadenceSpm,176.89145709098383
412,distanceM,1217.4399292159883
412,motionIntensityG,0.9346707999999999
412,activeEnergyKcal,23.111613714680274
412,heartRateBpm,157.71303645515417
413,speedMps,3.081010446523538
413,paceSecPerKm,324.56884433103795
413,cadenceSpm,176.71065532759783
413,distanceM,1220.5209396625119
413,motionIntensityG,0.9346564500000001
413,activeEnergyKcal,23.173655466061195
413,heartRateBpm,158.23034624927905
414,speedMps,3.167912672790121
414,paceSecPerKm,315.66526709817913
414,cadenceSpm,174.04630685422143
414,distanceM,1223.688852335302
414,motionIntensityG,0.9346421
414,activeEnergyKcal,23.235696379063107
414,heartRateBpm,159.36231345563013
415,speedMps,3.092742487598787
415,paceSecPerKm,323.33762154779413
415,cadenceSpm,174.15209533480154
415,distanceM,1226.7815948229008
415,motionIntensityG,0.93462775
415,activeEnergyKcal,23.29773645368601
415,heartRateBpm,160.49547849554116
416,speedMps,3.1270448034732485
416,paceSecPerKm,319.7907490450048
416,cadenceSpm,176.7306247199971
416,distanceM,1229.908639626374
416,motionIntensityG,0.9346133999999999
416,activeEnergyKcal,23.3597756899299
416,heartRateBpm,159.439528977472
417,speedMps,3.302938412014754
417,paceSecPerKm,302.7607164464237
417,cadenceSpm,178.37849381409058
417,distanceM,1233.2115780383888
417,motionIntensityG,0.9345990500000001
417,activeEnergyKcal,23.421814087794782
417,heartRateBpm,160.26490870006415
418,speedMps,3.0992476852005857
418,paceSecPerKm,322.65894874267826
418,cadenceSpm,177.68417435155098
418,distanceM,1236.3108257235895
418,motionIntensityG,0.9345847
418,activeEnergyKcal,23.483851647280655
418,heartRateBpm,160.43732915445094
419,speedMps,3.2574516447803252
419,paceSecPerKm,306.98844036637655
419,cadenceSpm,175.22010171300226
419,distanceM,1239.5682773683698
419,motionIntensityG,0.93457035
419,activeEnergyKcal,23.545888368387516
419,heartRateBpm,159.97325009033543
420,speedMps,3.0878107773839805
420,paceSecPerKm,323.8540416155968
420,cadenceSpm,178.10300661138575
420,distanceM,1242.6560881457538
420,motionIntensityG,0.9345559999999999
420,activeEnergyKcal,23.607924251115367
420,heartRateBpm,161.18936783267563
421,speedMps,3.3180247340289375
421,paceSecPerKm,301.3841306679297
421,cadenceSpm,175.16489115692758
421,distanceM,1245.9741128797828
421,motionIntensityG,0.9345416500000001
421,activeEnergyKcal,23.66995929546421
421,heartRateBpm,159.1452834573952
422,speedMps,3.1888780084453163
422,paceSecPerKm,313.5899201385672
422,cadenceSpm,177.3088978061851
422,distanceM,1249.162990888228
422,motionIntensityG,0.9345273000000001
422,activeEnergyKcal,23.731993501434044
422,heartRateBpm,159.4591771715584
423,speedMps,3.205690256985267
423,paceSecPerKm,311.9452972167161
423,cadenceSpm,174.80561358544384
423,distanceM,1252.3686811452133
423,motionIntensityG,0.93451295
423,activeEnergyKcal,23.794026869024865
423,heartRateBpm,158.171942846425
424,speedMps,3.202701006545953
424,paceSecPerKm,312.23645228078266
424,cadenceSpm,175.50043233447133
424,distanceM,1255.5713821517593
424,motionIntensityG,0.9344986
424,activeEnergyKcal,23.856059398236678
424,heartRateBpm,157.49017950110382
425,speedMps,3.16566312858139
425,paceSecPerKm,315.889581229107
425,cadenceSpm,173.72902698766785
425,distanceM,1258.7370452803407
425,motionIntensityG,0.9344842499999999
425,activeEnergyKcal,23.91809108906948
425,heartRateBpm,156.8743039291769
426,speedMps,3.224868625896079
426,paceSecPerKm,310.0901512606997
426,cadenceSpm,178.5047787951321
426,distanceM,1261.9619139062368
426,motionIntensityG,0.9344698999999999
426,activeEnergyKcal,23.980121941523272
426,heartRateBpm,155.7896428356224
427,speedMps,3.1129976636106065
427,paceSecPerKm,321.2337778757441
427,cadenceSpm,176.92951363555886
427,distanceM,1265.0749115698475
427,motionIntensityG,0.93445555
427,activeEnergyKcal,24.042151955598055
427,heartRateBpm,158.12534104073802
428,speedMps,3.2442248802784075
428,paceSecPerKm,308.24003788362035
428,cadenceSpm,174.48043181923987
428,distanceM,1268.3191364501258
428,motionIntensityG,0.9344412
428,activeEnergyKcal,24.104181131293828
428,heartRateBpm,158.83321353126547
429,speedMps,3.1512188950962634
429,paceSecPerKm,317.3375234440678
429,cadenceSpm,178.886649589648
429,distanceM,1271.470355345222
429,motionIntensityG,0.9344268500000001
429,activeEnergyKcal,24.16620946861059
429,heartRateBpm,158.70640877611584
430,speedMps,3.2376392452085283
430,paceSecPerKm,308.8670244777665
430,cadenceSpm,176.0013432627029
430,distanceM,1274.7079945904306
430,motionIntensityG,0.9344124999999999
430,activeEnergyKcal,24.22823696754834
430,heartRateBpm,159.01451835879456
431,speedMps,3.037355685347489
431,paceSecPerKm,329.23374921946123
431,cadenceSpm,175.70246861483557
431,distanceM,1277.745350275778
431,motionIntensityG,0.93439815
431,activeEnergyKcal,24.290263628107084
431,heartRateBpm,158.6000355655704
432,speedMps,3.0952091239136803
432,paceSecPerKm,323.07994709435604
432,cadenceSpm,174.7601651121838
432,distanceM,1280.8405593996918
432,motionIntensityG,0.9343838
432,activeEnergyKcal,24.352289450286815
432,heartRateBpm,157.38920987776768
433,speedMps,3.1247406984109256
433,paceSecPerKm,320.02655468613636
433,cadenceSpm,177.54072319260393
433,distanceM,1283.9653000981027
433,motionIntensityG,0.9343694499999999
433,activeEnergyKcal,24.414314434087537
433,heartRateBpm,156.43489825566112
434,speedMps,3.1746069059344357
434,paceSecPerKm,314.9996297590908
434,cadenceSpm,178.5333151267531
434,distanceM,1287.1399070040372
434,motionIntensityG,0.9343551000000001
434,activeEnergyKcal,24.47633857950925
434,heartRateBpm,156.18075492868715
435,speedMps,3.1773806065791383
435,paceSecPerKm,314.7246502132552
435,cadenceSpm,177.53106569495736
435,distanceM,1290.3172876106164
435,motionIntensityG,0.93434075
435,activeEnergyKcal,24.538361886551954
435,heartRateBpm,157.38782945532216
436,speedMps,3.036227910172779
436,paceSecPerKm,329.3560396601104
436,cadenceSpm,177.04564604355346
436,distanceM,1293.3535155207892
436,motionIntensityG,0.9343264
436,activeEnergyKcal,24.600384355215645
436,heartRateBpm,159.44038559942192
437,speedMps,3.1259688496494187
437,paceSecPerKm,319.90082054469326
437,cadenceSpm,179.84991226272516
437,distanceM,1296.4794843704385
437,motionIntensityG,0.93431205
437,activeEnergyKcal,24.662405985500328
437,heartRateBpm,159.16556070354036
438,speedMps,3.1156404874818864
438,paceSecPerKm,320.96129319728317
438,cadenceSpm,176.1365623880019
438,distanceM,1299.5951248579204
438,motionIntensityG,0.9342976999999999
438,activeEnergyKcal,24.724426777406002
438,heartRateBpm,161.25441505841013
439,speedMps,3.2750871749767656
439,paceSecPerKm,305.33538393740446
439,cadenceSpm,175.61662669587548
439,distanceM,1302.8702120328971
439,motionIntensityG,0.9342833500000001
439,activeEnergyKcal,24.786446730932663
439,heartRateBpm,160.6693682361856
440,speedMps,3.021551608486277
440,paceSecPerKm,330.95579012829614
440,cadenceSpm,173.37972219901107
440,distanceM,1305.8917636413835
440,motionIntensityG,0.934269
440,activeEnergyKcal,24.848465846080316
440,heartRateBpm,159.01857137391738
441,speedMps,3.149271659926282
441,paceSecPerKm,317.5337373160777
441,cadenceSpm,175.3016089478202
441,distanceM,1309.0410353013096
441,motionIntensityG,0.93425465
441,activeEnergyKcal,24.91048412284896
441,heartRateBpm,158.63293903240796
442,speedMps,3.2003626643393606
442,paceSecPerKm,312.4645875739918
442,cadenceSpm,172.48486773585276
442,distanceM,1312.241397965649
442,motionIntensityG,0.9342402999999999
442,activeEnergyKcal,24.97250156123859
442,heartRateBpm,160.1629700598169
443,speedMps,3.204786254701517
443,paceSecPerKm,312.0332903740367
443,cadenceSpm,176.89504198922597
443,distanceM,1315.4461842203505
443,motionIntensityG,0.9342259500000001
443,activeEnergyKcal,25.034518161249213
443,heartRateBpm,159.99384550049933
444,speedMps,3.1575324858662728
444,paceSecPerKm,316.70299655702473
444,cadenceSpm,177.40943475273667
444,distanceM,1318.6037167062168
444,motionIntensityG,0.9342116
444,activeEnergyKcal,25.096533922880827
444,heartRateBpm,158.89192941990214
445,speedMps,3.206310029254154
445,paceSecPerKm,311.88499891653277
445,cadenceSpm,178.14970781991153
445,distanceM,1321.810026735471
445,motionIntensityG,0.93419725
445,activeEnergyKcal,25.158548846133428
445,heartRateBpm,157.61687843184149
446,speedMps,3.2377973604865464
446,paceSecPerKm,308.8519412004614
446,cadenceSpm,174.8932093230706
446,distanceM,1325.0478240959576
446,motionIntensityG,0.9341828999999999
446,activeEnergyKcal,25.22056293100702
446,heartRateBpm,159.068884779422
447,speedMps,3.238306368312452
447,paceSecPerKm,308.8033948193483
447,cadenceSpm,174.3701543762411
447,distanceM,1328.28613046427
447,motionIntensityG,0.9341685500000001
447,activeEnergyKcal,25.282576177501603
447,heartRateBpm,158.7298601090439
448,speedMps,3.2346533236274513
448,paceSecPerKm,309.15214087875285
448,cadenceSpm,174.5546882296504
448,distanceM,1331.5207837878975
448,motionIntensityG,0.9341542
448,activeEnergyKcal,25.344588585617174
448,heartRateBpm,157.65275576384573
449,speedMps,3.293077945603816
449,paceSecPerKm,303.6672731463819
449,cadenceSpm,177.01327121306463
449,distanceM,1334.8138617335012
449,motionIntensityG,0.93413985
449,activeEnergyKcal,25.406600155353736
449,heartRateBpm,156.71610538347775
450,speedMps,3.0693757622913527
450,paceSecPerKm,325.79914531333867
450,cadenceSpm,174.24218925422457
450,distanceM,1337.8832374957926
450,motionIntensityG,0.9341254999999999
450,activeEnergyKcal,25.46861088671129
450,heartRateBpm,158.69783669897873
451,speedMps,3.1558533284201236
451,paceSecPerKm,316.8715069849643
451,cadenceSpm,173.72480766376987
451,distanceM,1341.0390908242127
451,motionIntensityG,0.9341111500000001
451,activeEnergyKcal,25.530620779689833
451,heartRateBpm,157.32552299897856
452,speedMps,3.0424724732568618
452,paceSecPerKm,328.6800484769989
452,cadenceSpm,171.7512406251585
452,distanceM,1344.0815632974695
452,motionIntensityG,0.9340967999999998
452,activeEnergyKcal,25.592629834289365
452,heartRateBpm,156.6711934051863
453,speedMps,3.0441722487619933
453,paceSecPerKm,328.49652328533017
453,cadenceSpm,172.3134817455921
453,distanceM,1347.1257355462315
453,motionIntensityG,0.93408245
453,activeEnergyKcal,25.654638050509888
453,heartRateBpm,158.18310934562527
454,speedMps,3.026967906750109
454,paceSecPerKm,330.3635951243519
454,cadenceSpm,179.1633955918321
454,distanceM,1350.1527034529815
454,motionIntensityG,0.9340681000000002
454,activeEnergyKcal,25.716645428351402
454,heartRateBpm,157.393917086665
455,speedMps,3.163305339977274
455,paceSecPerKm,316.1250314227283
455,cadenceSpm,175.3517083850749
455,distanceM,1353.3160087929589
455,motionIntensityG,0.9340537499999999
455,activeEnergyKcal,25.778651967813904
455,heartRateBpm,159.04672028707498
456,speedMps,3.151236813493477
456,paceSecPerKm,317.33571901611384
456,cadenceSpm,175.43447539677337
456,distanceM,1356.4672456064523
456,motionIntensityG,0.9340394000000001
456,activeEnergyKcal,25.840657668897396
456,heartRateBpm,161.25864084105407
457,speedMps,2.96232919258766
457,paceSecPerKm,337.5722058514631
457,cadenceSpm,177.14458664108358
457,distanceM,1359.42957479904
457,motionIntensityG,0.93402505
457,activeEnergyKcal,25.90266253160188
457,heartRateBpm,159.97790557476915
458,speedMps,3.191192815350335
458,paceSecPerKm,313.3624503006467
458,cadenceSpm,175.8851702660684
458,distanceM,1362.6207676143904
458,motionIntensityG,0.9340107
458,activeEnergyKcal,25.96466655592735
458,heartRateBpm,158.0923697028219
459,speedMps,3.139521475842935
459,paceSecPerKm,318.5198788078073
459,cadenceSpm,173.73920239688456
459,distanceM,1365.7602890902333
459,motionIntensityG,0.9339963499999999
459,activeEnergyKcal,26.026669741873814
459,heartRateBpm,157.7648839012863
460,speedMps,3.0325390189021326
460,paceSecPerKm,329.75668038132255
460,cadenceSpm,176.78285625007615
460,distanceM,1368.7928281091354
460,motionIntensityG,0.9339820000000001
460,activeEnergyKcal,26.088672089441268
460,heartRateBpm,159.89258136780052
461,speedMps,3.0535348035583096
461,paceSecPerKm,327.4893080749208
461,cadenceSpm,177.54277541889894
461,distanceM,1371.8463629126936
461,motionIntensityG,0.93396765
461,activeEnergyKcal,26.15067359862971
461,heartRateBpm,160.6383535404635
462,speedMps,3.2091634163921
462,paceSecPerKm,311.6076903071048
462,cadenceSpm,176.8411529069647
462,distanceM,1375.0555263290858
462,motionIntensityG,0.9339533
462,activeEnergyKcal,26.21267426943914
462,heartRateBpm,160.01794322801868
463,speedMps,3.2238174883004564
463,paceSecPerKm,310.1912572994892
463,cadenceSpm,175.2330664493787
463,distanceM,1378.2793438173862
463,motionIntensityG,0.9339389499999999
463,activeEnergyKcal,26.274674101869564
463,heartRateBpm,161.7851883664246
464,speedMps,3.1366314288031916
464,paceSecPerKm,318.81335843834177
464,cadenceSpm,175.45486164557292
464,distanceM,1381.4159752461894
464,motionIntensityG,0.9339246000000001
464,activeEnergyKcal,26.33667309592098
464,heartRateBpm,162.74954511340232
465,speedMps,3.0574994193836087
465,paceSecPerKm,327.064657366836
465,cadenceSpm,175.96246391696056
465,distanceM,1384.4734746655731
465,motionIntensityG,0.93391025
465,activeEnergyKcal,26.39867125159338
465,heartRateBpm,161.50686233029987
466,speedMps,3.2766205721293056
466,paceSecPerKm,305.1924926877182
466,cadenceSpm,174.8171120774522
466,distanceM,1387.7500952377025
466,motionIntensityG,0.9338959
466,activeEnergyKcal,26.460668568886774
466,heartRateBpm,162.74440673058461
467,speedMps,3.121682169074262
467,paceSecPerKm,320.340106980382
467,cadenceSpm,175.1025173026831
467,distanceM,1390.8717774067768
467,motionIntensityG,0.93388155
467,activeEnergyKcal,26.52266504780116
467,heartRateBpm,161.66826221601704
468,speedMps,3.211067865875842
468,paceSecPerKm,311.42287916958827
468,cadenceSpm,173.35539058228937
468,distanceM,1394.0828452726525
468,motionIntensityG,0.9338672000000001
468,activeEnergyKcal,26.58466068833653
468,heartRateBpm,161.941281356139
469,speedMps,3.0014771192928293
469,paceSecPerKm,333.1692897381165
469,cadenceSpm,176.28813425626123
469,distanceM,1397.0843223919453
469,motionIntensityG,0.9338528500000001
469,activeEnergyKcal,26.646655490492893
469,heartRateBpm,161.26682289968232
470,speedMps,3.1266210119800464
470,paceSecPerKm,319.83409443241527
470,cadenceSpm,175.8329079710501
470,distanceM,1400.2109434039253
470,motionIntensityG,0.9338385
470,activeEnergyKcal,26.708649454270248
470,heartRateBpm,161.1833250574598
471,speedMps,3.200530707976235
471,paceSecPerKm,312.4481816430756
471,cadenceSpm,174.9701628843547
471,distanceM,1403.4114741119015
471,motionIntensityG,0.93382415
471,activeEnergyKcal,26.77064257966859
471,heartRateBpm,162.52485728922758
472,speedMps,3.134779641543074
472,paceSecPerKm,319.0016889058769
472,cadenceSpm,178.39049109369438
472,distanceM,1406.5462537534445
472,motionIntensityG,0.9338097999999999
472,activeEnergyKcal,26.832634866687922
472,heartRateBpm,161.66090980734188
473,speedMps,3.184240605000339
473,paceSecPerKm,314.0466202301611
473,cadenceSpm,176.48904085183423
473,distanceM,1409.7304943584447
473,motionIntensityG,0.9337954500000001
473,activeEnergyKcal,26.894626315328246
473,heartRateBpm,161.27606536706
474,speedMps,3.212843711542558
474,paceSecPerKm,311.2507453778004
474,cadenceSpm,176.5514596039179
474,distanceM,1412.9433380699872
474,motionIntensityG,0.9337811
474,activeEnergyKcal,26.956616925589557
474,heartRateBpm,162.80518202062558
475,speedMps,3.045671208122008
475,paceSecPerKm,328.33485024032194
475,cadenceSpm,175.25824415922492
475,distanceM,1415.9890092781093
475,motionIntensityG,0.93376675
475,activeEnergyKcal,27.01860669747186
475,heartRateBpm,163.71304920332472
476,speedMps,3.1203640653746465
476,paceSecPerKm,320.47542499818366
476,cadenceSpm,179.1373667704413
476,distanceM,1419.1093733434839
476,motionIntensityG,0.9337524000000001
476,activeEnergyKcal,27.080595630975154
476,heartRateBpm,153.28194002778764
477,speedMps,3.2231818367196694
477,paceSecPerKm,310.2524308767297
477,cadenceSpm,177.07500542600795
477,distanceM,1422.3325551802036
477,motionIntensityG,0.9337380499999999
477,activeEnergyKcal,27.142583726099435
477,heartRateBpm,143.8038736494813
478,speedMps,3.1239019933936083
478,paceSecPerKm,320.11247539608746
478,cadenceSpm,178.06112446888014
478,distanceM,1425.4564571735973
478,motionIntensityG,0.9337237
478,activeEnergyKcal,27.204570982844707
478,heartRateBpm,133.74802829770832
479,speedMps,3.2114454946702304
479,paceSecPerKm,311.38625944597754
479,cadenceSpm,177.52445107557608
479,distanceM,1428.6679026682675
479,motionIntensityG,0.93370935
479,activeEnergyKcal,27.26655740121097
479,heartRateBpm,133.6573829095276
480,speedMps,3.334215217629849
480,paceSecPerKm,299.92065140619724
480,cadenceSpm,175.68346257317074
480,distanceM,1432.0021178858974
480,motionIntensityG,0.9336949999999999
480,activeEnergyKcal,27.328542981198225
480,heartRateBpm,134.7785987283446
481,speedMps,1.742201073552481
481,paceSecPerKm,573.9865594049506
481,cadenceSpm,148.63797230813515
481,distanceM,1433.7443189594499
481,motionIntensityG,0.2
481,activeEnergyKcal,27.34766344008924
481,heartRateBpm,132.43269641028465
482,speedMps,1.6438126471789714
482,paceSecPerKm,608.3418336731681
482,cadenceSpm,150.59081105923366
482,distanceM,1435.3881316066288
482,motionIntensityG,0.2
482,activeEnergyKcal,27.366783898980252
482,heartRateBpm,131.5197039632679
483,speedMps,1.6556979996099497
483,paceSecPerKm,603.9748796190976
483,cadenceSpm,152.49276612919874
483,distanceM,1437.0438296062387
483,motionIntensityG,0.2
483,activeEnergyKcal,27.385904357871265
483,heartRateBpm,130.20950436185322
484,speedMps,1.6015322298062977
484,paceSecPerKm,624.402045359367
484,cadenceSpm,151.87366739420995
484,distanceM,1438.645361836045
484,motionIntensityG,0.2
484,activeEnergyKcal,27.40502481676228
484,heartRateBpm,130.73526629720308
485,speedMps,1.6161902737003147
485,paceSecPerKm,618.7390286110749
485,cadenceSpm,150.12432593804894
485,distanceM,1440.2615521097453
485,motionIntensityG,0.2
485,activeEnergyKcal,27.42414527565329
485,heartRateBpm,130.3661279880901
486,speedMps,3.100242452047502
486,paceSecPerKm,322.5554179930564
486,cadenceSpm,174.06966679405394
486,distanceM,1443.3617945617927
486,motionIntensityG,0.934065025
486,activeEnergyKcal,27.48615247384216
486,heartRateBpm,129.98752735610387
487,speedMps,3.1949755074753567
487,paceSecPerKm,312.9914447419948
487,cadenceSpm,177.6933839047017
487,distanceM,1446.5567700692682
487,motionIntensityG,0.9340506749999999
487,activeEnergyKcal,27.548158833652018
487,heartRateBpm,131.58045988609953
488,speedMps,3.074174406278083
488,paceSecPerKm,325.2905879242891
488,cadenceSpm,174.62444742205423
488,distanceM,1449.6309444755464
488,motionIntensityG,0.9340363250000001
488,activeEnergyKcal,27.610164355082865
488,heartRateBpm,130.18261996563214
489,speedMps,3.1837996103986916
489,paceSecPerKm,314.09011947041944
489,cadenceSpm,174.65833678995185
489,distanceM,1452.814744085945
489,motionIntensityG,0.9340219749999998
489,activeEnergyKcal,27.672169038134705
489,heartRateBpm,130.86933739366853
490,speedMps,3.1255127357947567
490,paceSecPerKm,319.9475044678452
490,cadenceSpm,174.8108673405264
490,distanceM,1455.9402568217397
490,motionIntensityG,0.934007625
490,activeEnergyKcal,27.73417288280753
490,heartRateBpm,129.94442137557266
491,speedMps,3.0065849885014857
491,paceSecPerKm,332.6032704295549
491,cadenceSpm,176.78479626859058
491,distanceM,1458.9468418102413
491,motionIntensityG,0.9339932750000002
491,activeEnergyKcal,27.79617588910135
491,heartRateBpm,130.900597568672
492,speedMps,3.164740940675945
492,paceSecPerKm,315.9816296958619
492,cadenceSpm,177.12611379561525
492,distanceM,1462.1115827509173
492,motionIntensityG,0.9339789249999999
492,activeEnergyKcal,27.858178057016158
492,heartRateBpm,133.72902892321343
493,speedMps,3.212543556271778
493,paceSecPerKm,311.27982624475925
493,cadenceSpm,175.41648833814412
493,distanceM,1465.324126307189
493,motionIntensityG,0.9339645750000001
493,activeEnergyKcal,27.920179386551954
493,heartRateBpm,133.5493971572012
494,speedMps,3.187411019033786
494,paceSecPerKm,313.7342482749948
494,cadenceSpm,177.8442103684563
494,distanceM,1468.5115373262229
494,motionIntensityG,0.933950225
494,activeEnergyKcal,27.98217987770874
494,heartRateBpm,133.69896896759053
495,speedMps,3.023100838348557
495,paceSecPerKm,330.7861872534409
495,cadenceSpm,175.39830741145468
495,distanceM,1471.5346381645713
495,motionIntensityG,0.933935875
495,activeEnergyKcal,28.04417953048652
495,heartRateBpm,135.31451485757304
496,speedMps,3.2616049273689653
496,paceSecPerKm,306.5975255337466
496,cadenceSpm,175.24693713353454
496,distanceM,1474.7962430919404
496,motionIntensityG,0.9339215249999999
496,activeEnergyKcal,28.106178344885286
496,heartRateBpm,136.2623711842754
497,speedMps,3.112736436757119
497,paceSecPerKm,321.2607364347912
497,cadenceSpm,175.2421767057867
497,distanceM,1477.9089795286975
497,motionIntensityG,0.9339071750000001
497,activeEnergyKcal,28.168176320905044
497,heartRateBpm,139.0305049917056
498,speedMps,3.1271813628733467
498,paceSecPerKm,319.7767842544221
498,cadenceSpm,176.3232164840805
498,distanceM,1481.036160891571
498,motionIntensityG,0.933892825
498,activeEnergyKcal,28.230173458545792
498,heartRateBpm,141.37507603632164
499,speedMps,3.2042104069982122
499,paceSecPerKm,312.08936773188566
499,cadenceSpm,174.97565483740615
499,distanceM,1484.2403712985692
499,motionIntensityG,0.933878475
499,activeEnergyKcal,28.29216975780753
499,heartRateBpm,142.5301172443808
500,speedMps,3.0854956642152347
500,paceSecPerKm,324.09703620644694
500,cadenceSpm,176.30540590904303
500,distanceM,1487.3258669627844
500,motionIntensityG,0.9338641249999999
500,activeEnergyKcal,28.35416521869026
500,heartRateBpm,142.71760468127192
501,speedMps,3.138038680599271
501,paceSecPerKm,318.670386755408
501,cadenceSpm,172.90590616663553
501,distanceM,1490.4639056433837
501,motionIntensityG,0.9338497750000001
501,activeEnergyKcal,28.416159841193977
501,heartRateBpm,144.0717514682016
502,speedMps,3.1872686321190264
502,paceSecPerKm,313.7482639281519
502,cadenceSpm,174.0616047337494
502,distanceM,1493.6511742755026
502,motionIntensityG,0.933835425
502,activeEnergyKcal,28.478153625318686
502,heartRateBpm,145.63854537066658
503,speedMps,3.3076347866384626
503,paceSecPerKm,302.3308389546527
503,cadenceSpm,176.30240552026734
503,distanceM,1496.9588090621412
503,motionIntensityG,0.933821075
503,activeEnergyKcal,28.540146571064383
503,heartRateBpm,147.39656416406507
504,speedMps,3.1047894209902216
504,paceSecPerKm,322.0830350810286
504,cadenceSpm,175.49050351746192
504,distanceM,1500.0635984831315
504,motionIntensityG,0.933806725
504,activeEnergyKcal,28.60213867843107
504,heartRateBpm,149.15037427200826
505,speedMps,3.256286847525593
505,paceSecPerKm,307.09825234219954
505,cadenceSpm,174.37660821278382
505,distanceM,1503.3198853306571
505,motionIntensityG,0.9337923750000001
505,activeEnergyKcal,28.66412994741875
505,heartRateBpm,149.65255668401446
506,speedMps,3.138564817859726
506,paceSecPerKm,318.61696604434877
506,cadenceSpm,176.04363774813382
506,distanceM,1506.458450148517
506,motionIntensityG,0.9337780250000001
506,activeEnergyKcal,28.726120378027417
506,heartRateBpm,150.3553482850149
507,speedMps,3.066020497580463
507,paceSecPerKm,326.1556799079281
507,cadenceSpm,173.7949078586613
507,distanceM,1509.5244706460974
507,motionIntensityG,0.933763675
507,activeEnergyKcal,28.788109970257075
507,heartRateBpm,149.26643739712918
508,speedMps,3.029363984410629
508,paceSecPerKm,330.1022937970106
508,cadenceSpm,174.5263559844899
508,distanceM,1512.553834630508
508,motionIntensityG,0.933749325
508,activeEnergyKcal,28.850098724107724
508,heartRateBpm,148.53529087109894
509,speedMps,3.1251358567965397
509,paceSecPerKm,319.9860888688093
509,cadenceSpm,177.6413634348318
509,distanceM,1515.6789704873045
509,motionIntensityG,0.9337349749999999
509,activeEnergyKcal,28.91208663957936
509,heartRateBpm,149.39417348876745
510,speedMps,3.1667297493934483
510,paceSecPerKm,315.7831830112875
510,cadenceSpm,177.62479303508118
510,distanceM,1518.845700236698
510,motionIntensityG,0.9337206250000001
510,activeEnergyKcal,28.974073716671988
510,heartRateBpm,148.6856128577932
511,speedMps,3.1631005579151847
511,paceSecPerKm,316.1454976502881
511,cadenceSpm,176.77793849652423
511,distanceM,1522.008800794613
511,motionIntensityG,0.933706275
511,activeEnergyKcal,29.036059955385607
511,heartRateBpm,148.45422385532675
512,speedMps,3.135681522496119
512,paceSecPerKm,318.90993802328586
512,cadenceSpm,175.6134660352559
512,distanceM,1525.1444823171091
512,motionIntensityG,0.933691925
512,activeEnergyKcal,29.098045355720213
512,heartRateBpm,147.63801714974304
513,speedMps,3.0649385599090606
513,paceSecPerKm,326.27081439103006
513,cadenceSpm,176.4401824151963
513,distanceM,1528.2094208770181
513,motionIntensityG,0.9336775750000001
513,activeEnergyKcal,29.16002991767581
513,heartRateBpm,147.53146495829085
514,speedMps,3.121897628150739
514,paceSecPerKm,320.3179985733073
514,cadenceSpm,172.803478428798
514,distanceM,1531.3313185051688
514,motionIntensityG,0.9336632249999999
514,activeEnergyKcal,29.2220136412524
514,heartRateBpm,149.05223421660813
515,speedMps,3.0772254087843756
515,paceSecPerKm,324.968069334589
515,cadenceSpm,177.58941366363717
515,distanceM,1534.4085439139533
515,motionIntensityG,0.933648875
515,activeEnergyKcal,29.28399652644998
515,heartRateBpm,149.50426443405848
516,speedMps,3.0937426743250134
516,paceSecPerKm,323.23308861431985
516,cadenceSpm,175.68161951282218
516,distanceM,1537.5022865882784
516,motionIntensityG,0.933634525
516,activeEnergyKcal,29.345978573268546
516,heartRateBpm,149.89392533119297
517,speedMps,3.1366134417858196
517,paceSecPerKm,318.8151866844815
517,cadenceSpm,173.70032640304686
517,distanceM,1540.6389000300642
517,motionIntensityG,0.9336201749999999
517,activeEnergyKcal,29.407959781708104
517,heartRateBpm,149.14925186742286
518,speedMps,3.1616990107924936
518,paceSecPerKm,316.28564154477993
518,cadenceSpm,176.45338857745062
518,distanceM,1543.8005990408567
518,motionIntensityG,0.9336058250000001
518,activeEnergyKcal,29.469940151768654
518,heartRateBpm,147.63070782439485
519,speedMps,3.175501655995834
519,paceSecPerKm,314.91087340856734
519,cadenceSpm,174.46412309742118
519,distanceM,1546.9761006968524
519,motionIntensityG,0.9335914750000001
519,activeEnergyKcal,29.53191968345019
519,heartRateBpm,145.6895800529464
520,speedMps,3.2362832599560725
520,paceSecPerKm,308.99643809719345
520,cadenceSpm,176.1560634967495
520,distanceM,1550.2123839568085
520,motionIntensityG,0.933577125
520,activeEnergyKcal,29.59389837675272
520,heartRateBpm,148.04240235020882
521,speedMps,3.147279807823533
521,paceSecPerKm,317.7346982350257
521,cadenceSpm,174.8364217086569
521,distanceM,1553.359663764632
521,motionIntensityG,0.933562775
521,activeEnergyKcal,29.65587623167624
521,heartRateBpm,148.91094854893143
522,speedMps,3.216232146751763
522,paceSecPerKm,310.92282968751215
522,cadenceSpm,176.458949741523
522,distanceM,1556.5758959113837
522,motionIntensityG,0.9335484249999999
522,activeEnergyKcal,29.717853248220745
522,heartRateBpm,150.51371093792739
523,speedMps,3.148151412973495
523,paceSecPerKm,317.6467294041233
523,cadenceSpm,175.0491856112381
523,distanceM,1559.7240473243571
523,motionIntensityG,0.9335340750000001
523,activeEnergyKcal,29.779829426386243
523,heartRateBpm,151.0894290052483
524,speedMps,3.247683390788933
524,paceSecPerKm,307.9117880875322
524,cadenceSpm,174.30965001674494
524,distanceM,1562.9717307151461
524,motionIntensityG,0.933519725
524,activeEnergyKcal,29.841804766172732
524,heartRateBpm,153.24339267076107
525,speedMps,3.268135610354415
525,paceSecPerKm,305.98485473849547
525,cadenceSpm,173.67805157881526
525,distanceM,1566.2398663255005
525,motionIntensityG,0.933505375
525,activeEnergyKcal,29.90377926758021
525,heartRateBpm,155.67597499446583
526,speedMps,3.1035747722628932
526,paceSecPerKm,322.2090889954216
526,cadenceSpm,177.33968267741955
526,distanceM,1569.3434410977634
526,motionIntensityG,0.9334910249999999
526,activeEnergyKcal,29.965752930608677
526,heartRateBpm,153.8688084471769
527,speedMps,3.1391773497843887
527,paceSecPerKm,318.55479591450415
527,cadenceSpm,175.80715518820017
527,distanceM,1572.4826184475478
527,motionIntensityG,0.9334766750000001
527,activeEnergyKcal,30.027725755258135
527,heartRateBpm,153.68009328277546
528,speedMps,3.1144393569130835
528,paceSecPerKm,321.0850767668062
528,cadenceSpm,175.01014624375296
528,distanceM,1575.597057804461
528,motionIntensityG,0.933462325
528,activeEnergyKcal,30.089697741528585
528,heartRateBpm,154.55683959205555
529,speedMps,3.1681685252719007
529,paceSecPerKm,315.63977484883867
529,cadenceSpm,176.22238877527212
529,distanceM,1578.765226329733
529,motionIntensityG,0.933447975
529,activeEnergyKcal,30.151668889420023
529,heartRateBpm,153.8286779206352
530,speedMps,3.221942777679954
530,paceSecPerKm,310.3717443175936
530,cadenceSpm,176.07618490263826
530,distanceM,1581.987169107413
530,motionIntensityG,0.9334336249999999
530,activeEnergyKcal,30.21363919893245
530,heartRateBpm,153.57854267877394
531,speedMps,3.226109860808143
531,paceSecPerKm,309.97084511855377
531,cadenceSpm,174.78148087325573
531,distanceM,1585.213278968221
531,motionIntensityG,0.9334192750000001
531,activeEnergyKcal,30.27560867006587
531,heartRateBpm,152.17441783948598
532,speedMps,3.0731887041410735
532,paceSecPerKm,325.39492243106184
532,cadenceSpm,176.0731600537343
532,distanceM,1588.286467672362
532,motionIntensityG,0.933404925
532,activeEnergyKcal,30.33757730282028
532,heartRateBpm,150.4354015186755
533,speedMps,3.057693172678389
533,paceSecPerKm,327.04393264025543
533,cadenceSpm,174.0861493293805
533,distanceM,1591.3441608450405
533,motionIntensityG,0.933390575
533,activeEnergyKcal,30.399545097195677
533,heartRateBpm,150.30725706919938
534,speedMps,3.2247072541928405
534,paceSecPerKm,310.10566887886534
534,cadenceSpm,176.42055819637798
534,distanceM,1594.5688680992334
534,motionIntensityG,0.933376225
534,activeEnergyKcal,30.461512053192067
534,heartRateBpm,149.80480945532915
535,speedMps,3.115803618353561
535,paceSecPerKm,320.9444889625026
535,cadenceSpm,176.72075740194086
535,distanceM,1597.684671717587
535,motionIntensityG,0.9333618750000001
535,activeEnergyKcal,30.523478170809444
535,heartRateBpm,149.76830246915068
536,speedMps,3.0406097955168865
536,paceSecPerKm,328.8813978940713
536,cadenceSpm,178.7459334009491
536,distanceM,1600.725281513104
536,motionIntensityG,0.9333475249999998
536,activeEnergyKcal,30.585443450047812
536,heartRateBpm,151.32060073818866
537,speedMps,3.069472136223699
537,paceSecPerKm,325.7889160154674
537,cadenceSpm,172.79293122693215
537,distanceM,1603.7947536493277
537,motionIntensityG,0.933333175
537,activeEnergyKcal,30.64740789090717
537,heartRateBpm,151.87671401186824
538,speedMps,3.082607481774109
538,paceSecPerKm,324.400691918284
538,cadenceSpm,173.6989769903449
538,distanceM,1606.877361131102
538,motionIntensityG,0.933318825
538,activeEnergyKcal,30.70937149338752
538,heartRateBpm,153.76392923602845
539,speedMps,2.9811779923901582
539,paceSecPerKm,335.4378713893062
539,cadenceSpm,174.68576683204824
539,distanceM,1609.8585391234922
539,motionIntensityG,0.9333044750000001
539,activeEnergyKcal,30.771334257488856
539,heartRateBpm,152.29038201909677
540,speedMps,3.203293309167637
540,paceSecPerKm,312.1787184264578
540,cadenceSpm,178.28087472377453
540,distanceM,1613.06183243266
540,motionIntensityG,0.9332901250000001
540,activeEnergyKcal,30.833296183211186
540,heartRateBpm,152.4674360288168
541,speedMps,3.3290008438036747
541,paceSecPerKm,300.39043151981076
541,cadenceSpm,175.58591258327985
541,distanceM,1616.3908332764636
541,motionIntensityG,0.933275775
541,activeEnergyKcal,30.895257270554502
541,heartRateBpm,154.84671006403218
542,speedMps,3.1123744479548474
542,paceSecPerKm,321.298101087131
542,cadenceSpm,176.1506068972223
542,distanceM,1619.5032077244184
542,motionIntensityG,0.933261425
542,activeEnergyKcal,30.95721751951881
542,heartRateBpm,154.99738736829764
543,speedMps,3.161018342161129
543,paceSecPerKm,316.35374798752946
543,cadenceSpm,174.90711667991977
543,distanceM,1622.6642260665797
543,motionIntensityG,0.9332470749999999
543,activeEnergyKcal,31.01917693010411
543,heartRateBpm,154.47269005751838
544,speedMps,3.0677006787376127
544,paceSecPerKm,325.9770442830522
544,cadenceSpm,176.0530039417491
544,distanceM,1625.7319267453172
544,motionIntensityG,0.9332327249999999
544,activeEnergyKcal,31.0811355023104
544,heartRateBpm,155.06710615684327
545,speedMps,3.1281941022159026
545,paceSecPerKm,319.67325790034425
545,cadenceSpm,172.3222068070072
545,distanceM,1628.8601208475332
545,motionIntensityG,0.933218375
545,activeEnergyKcal,31.143093236137677
545,heartRateBpm,154.3594376486649
546,speedMps,3.1981831677375427
546,paceSecPerKm,312.6775258177034
546,cadenceSpm,176.3622001634486
546,distanceM,1632.0583040152708
546,motionIntensityG,0.933204025
546,activeEnergyKcal,31.205050131585946
546,heartRateBpm,153.76526426449223
547,speedMps,3.0519731448353364
547,paceSecPerKm,327.65688049786337
547,cadenceSpm,175.70698166542434
547,distanceM,1635.110277160106
547,motionIntensityG,0.9331896749999999
547,activeEnergyKcal,31.267006188655206
547,heartRateBpm,154.36892008750553
548,speedMps,3.291733170396479
548,paceSecPerKm,303.7913306562309
548,cadenceSpm,176.525678595069
548,distanceM,1638.4020103305027
548,motionIntensityG,0.9331753249999999
548,activeEnergyKcal,31.328961407345453
548,heartRateBpm,157.55210917991337
549,speedMps,3.2054798498549264
549,paceSecPerKm,311.96577325084667
549,cadenceSpm,175.35933091123954
549,distanceM,1641.6074901803577
549,motionIntensityG,0.9331609750000001
549,activeEnergyKcal,31.39091578765669
549,heartRateBpm,157.68481758412779
550,speedMps,3.154300706073266
550,paceSecPerKm,317.02747872915467
550,cadenceSpm,174.31345460678818
550,distanceM,1644.7617908864308
550,motionIntensityG,0.933146625
550,activeEnergyKcal,31.45286932958892
550,heartRateBpm,158.54460445213553
551,speedMps,3.1944388467465292
551,paceSecPerKm,313.0440268150632
551,cadenceSpm,175.08735823728034
551,distanceM,1647.9562297331775
551,motionIntensityG,0.933132275
551,activeEnergyKcal,31.51482203314214
551,heartRateBpm,157.37224025409614
552,speedMps,3.3394299552938724
552,paceSecPerKm,299.45230574899097
552,cadenceSpm,175.79111297098885
552,distanceM,1651.2956596884712
552,motionIntensityG,0.9331179250000001
552,activeEnergyKcal,31.576773898316347
552,heartRateBpm,157.22076571627227
553,speedMps,3.014877075716268
553,paceSecPerKm,331.68848178077775
553,cadenceSpm,175.1361362143203
553,distanceM,1654.3105367641874
553,motionIntensityG,0.9331035750000001
553,activeEnergyKcal,31.638724925111546
553,heartRateBpm,157.9326568305744
554,speedMps,3.225610951124818
554,paceSecPerKm,310.0187887355991
554,cadenceSpm,175.09318513530562
554,distanceM,1657.5361477153122
554,motionIntensityG,0.933089225
554,activeEnergyKcal,31.700675113527733
554,heartRateBpm,158.33527723717287
555,speedMps,3.2027061116928057
555,paceSecPerKm,312.2359545726302
555,cadenceSpm,173.81215707520587
555,distanceM,1660.738853827005
555,motionIntensityG,0.933074875
555,activeEnergyKcal,31.76262446356491
555,heartRateBpm,159.05499385147905
556,speedMps,3.135732751084594
556,paceSecPerKm,318.90472797916783
556,cadenceSpm,179.21793525581367
556,distanceM,1663.8745865780895
556,motionIntensityG,0.9330605249999999
556,activeEnergyKcal,31.82457297522308
556,heartRateBpm,158.37587270107846
557,speedMps,3.1130439059834893
557,paceSecPerKm,321.22900614345
557,cadenceSpm,174.31367422376206
557,distanceM,1666.987630484073
557,motionIntensityG,0.9330461750000001
557,activeEnergyKcal,31.88652064850224
557,heartRateBpm,158.62355803073027
558,speedMps,3.2934493588155838
558,paceSecPerKm,303.6330275804295
558,cadenceSpm,174.763935035398
558,distanceM,1670.2810798428886
558,motionIntensityG,0.933031825
558,activeEnergyKcal,31.94846748340239
558,heartRateBpm,159.20163331578382
559,speedMps,3.2562204351060027
559,paceSecPerKm,307.10451578117625
559,cadenceSpm,176.6207482776413
559,distanceM,1673.5373002779947
559,motionIntensityG,0.933017475
559,activeEnergyKcal,32.01041347992353
559,heartRateBpm,160.75970527152595
560,speedMps,3.176553042999206
560,paceSecPerKm,314.80664306988245
560,cadenceSpm,177.2826395855849
560,distanceM,1676.7138533209938
560,motionIntensityG,0.9330031250000002
560,activeEnergyKcal,32.07235863806566
560,heartRateBpm,161.96816265219093
561,speedMps,3.05029684282381
561,paceSecPerKm,327.8369455591249
561,cadenceSpm,176.54923497301718
561,distanceM,1679.7641501638177
561,motionIntensityG,0.9329887750000001
561,activeEnergyKcal,32.13430295782878
561,heartRateBpm,159.67546857658388
562,speedMps,3.129693563944762
562,paceSecPerKm,319.52009983353423
562,cadenceSpm,176.65645224595198
562,distanceM,1682.8938437277625
562,motionIntensityG,0.932974425
562,activeEnergyKcal,32.196246439212885
562,heartRateBpm,160.96577511471529
563,speedMps,3.073515052221191
563,paceSecPerKm,325.36037175979095
563,cadenceSpm,174.4922160154185
563,distanceM,1685.9673587799837
563,motionIntensityG,0.932960075
563,activeEnergyKcal,32.25818908221798
563,heartRateBpm,161.68626054101694
564,speedMps,3.1192215216561685
564,paceSecPerKm,320.5928123594903
564,cadenceSpm,176.6143228326897
564,distanceM,1689.0865803016397
564,motionIntensityG,0.932945725
564,activeEnergyKcal,32.32013088684407
564,heartRateBpm,165.01725259563247
565,speedMps,3.078248796500632
565,paceSecPerKm,324.8600311764289
565,cadenceSpm,175.61286313181807
565,distanceM,1692.1648290981404
565,motionIntensityG,0.9329313749999999
565,activeEnergyKcal,32.38207185309115
565,heartRateBpm,164.841569807011
566,speedMps,3.102943106543452
566,paceSecPerKm,322.27468105722306
566,cadenceSpm,175.35274230186943
566,distanceM,1695.267772204684
566,motionIntensityG,0.9329170250000001
566,activeEnergyKcal,32.44401198095922
566,heartRateBpm,164.80927491498673
567,speedMps,3.149201395003602
567,paceSecPerKm,317.5408221228913
567,cadenceSpm,177.77520609682352
567,distanceM,1698.4169735996875
567,motionIntensityG,0.932902675
567,activeEnergyKcal,32.50595127044828
567,heartRateBpm,165.79475299897805
568,speedMps,3.209522493967665
568,paceSecPerKm,311.57282800775243
568,cadenceSpm,175.01592749620877
568,distanceM,1701.626496093655
568,motionIntensityG,0.932888325
568,activeEnergyKcal,32.56788972155833
568,heartRateBpm,166.60142297160584
569,speedMps,3.1277620061405553
569,paceSecPerKm,319.7174203269806
569,cadenceSpm,174.97594184579054
569,distanceM,1704.7542580997956
569,motionIntensityG,0.9328739749999999
569,activeEnergyKcal,32.62982733428937
569,heartRateBpm,164.40458140942258
570,speedMps,3.246874498918277
570,paceSecPerKm,307.9884979641678
570,cadenceSpm,174.7979315453648
570,distanceM,1708.0011325987139
570,motionIntensityG,0.9328596250000001
570,activeEnergyKcal,32.691764108641394
570,heartRateBpm,165.21875373850156
571,speedMps,3.1021325360304
571,paceSecPerKm,322.35888969451827
571,cadenceSpm,175.6744121810769
571,distanceM,1711.1032651347443
571,motionIntensityG,0.932845275
571,activeEnergyKcal,32.75370004461441
571,heartRateBpm,166.0785864343731
572,speedMps,3.299198838018524
572,paceSecPerKm,303.1038894886957
572,cadenceSpm,176.51844858055654
572,distanceM,1714.402463972763
572,motionIntensityG,0.932830925
572,activeEnergyKcal,32.81563514220842
572,heartRateBpm,165.4953994678918
573,speedMps,3.130798591495386
573,paceSecPerKm,319.4073239704515
573,cadenceSpm,175.9089255098947
573,distanceM,1717.5332625642584
573,motionIntensityG,0.9328165749999999
573,activeEnergyKcal,32.87756940142342
573,heartRateBpm,167.2401741315512
574,speedMps,3.1787951431531343
574,paceSecPerKm,314.58460044332156
574,cadenceSpm,177.58716385660514
574,distanceM,1720.7120577074115
574,motionIntensityG,0.9328022250000001
574,activeEnergyKcal,32.93950282225941
574,heartRateBpm,167.7602263552619
575,speedMps,3.0723029930235204
575,paceSecPerKm,325.48873020361776
575,cadenceSpm,172.9971748693823
575,distanceM,1723.784360700435
575,motionIntensityG,0.932787875
575,activeEnergyKcal,33.00143540471639
575,heartRateBpm,166.67521249379104
576,speedMps,3.2169562992276592
576,paceSecPerKm,310.85283944953943
576,cadenceSpm,174.8817637288182
576,distanceM,1727.0013169996625
576,motionIntensityG,0.932773525
576,activeEnergyKcal,33.063367148794356
576,heartRateBpm,166.25471387190322
577,speedMps,3.2398152128393862
577,paceSecPerKm,308.6595791133397
577,cadenceSpm,176.29504014573098
577,distanceM,1730.241132212502
577,motionIntensityG,0.9327591749999999
577,activeEnergyKcal,33.125298054493314
577,heartRateBpm,166.46790183042853
578,speedMps,3.3258948624967113
578,paceSecPerKm,300.67095964943144
578,cadenceSpm,175.73919167458357
578,distanceM,1733.5670270749986
578,motionIntensityG,0.9327448250000001
578,activeEnergyKcal,33.18722812181326
578,heartRateBpm,165.51160955742387
579,speedMps,3.1622787843206375
579,paceSecPerKm,316.2276536016521
579,cadenceSpm,176.83124474368222
579,distanceM,1736.7293058593193
579,motionIntensityG,0.9327304750000001
579,activeEnergyKcal,33.2491573507542
579,heartRateBpm,164.03554773965794
580,speedMps,3.1269787613402733
580,paceSecPerKm,319.7975030605529
580,cadenceSpm,177.55395290688244
580,distanceM,1739.8562846206596
580,motionIntensityG,0.932716125
580,activeEnergyKcal,33.311085741316134
580,heartRateBpm,165.4670160436182
581,speedMps,3.2629938883886513
581,paceSecPerKm,306.4670159384899
581,cadenceSpm,178.4664756346408
581,distanceM,1743.1192785090482
581,motionIntensityG,0.932701775
581,activeEnergyKcal,33.373013293499056
581,heartRateBpm,166.99003388646057
582,speedMps,3.1037815633153825
582,paceSecPerKm,322.1876216481629
582,cadenceSpm,177.6120059865511
582,distanceM,1746.2230600723635
582,motionIntensityG,0.9326874250000001
582,activeEnergyKcal,33.43494000730296
582,heartRateBpm,165.67295198536803
583,speedMps,3.0647678409628756
583,paceSecPerKm,326.28898888661803
583,cadenceSpm,176.06158724175106
583,distanceM,1749.2878279133265
583,motionIntensityG,0.9326730750000001
583,activeEnergyKcal,33.49686588272786
583,heartRateBpm,166.319520153874
584,speedMps,3.2424755930431024
584,paceSecPerKm,308.4063306892892
584,cadenceSpm,175.49657684977188
584,distanceM,1752.5303035063696
584,motionIntensityG,0.932658725
584,activeEnergyKcal,33.55879091977375
584,heartRateBpm,166.71190863582135
585,speedMps,3.0931021955816065
585,paceSecPerKm,323.3000194524664
585,cadenceSpm,174.61764274924653
585,distanceM,1755.6234057019512
585,motionIntensityG,0.932644375
585,activeEnergyKcal,33.62071511844063
585,heartRateBpm,167.491633340804
586,speedMps,3.095643068544865
586,paceSecPerKm,323.0346580202023
586,cadenceSpm,173.15253315926665
586,distanceM,1758.719048770496
586,motionIntensityG,0.9326300250000001
586,activeEnergyKcal,33.6826384787285
586,heartRateBpm,167.8191476878008
587,speedMps,3.0983522981628786
587,paceSecPerKm,322.7521933490052
587,cadenceSpm,175.51690320862926
587,distanceM,1761.817401068659
587,motionIntensityG,0.9326156750000001
587,activeEnergyKcal,33.74456100063736
587,heartRateBpm,168.49365700285082
588,speedMps,3.2578814940595766
588,paceSecPerKm,306.9479358974231
588,cadenceSpm,176.7879029931854
588,distanceM,1765.0752825627185
588,motionIntensityG,0.932601325
588,activeEnergyKcal,33.80648268416721
588,heartRateBpm,168.42038019790618
589,speedMps,3.2449310293301714
589,paceSecPerKm,308.1729599061534
589,cadenceSpm,176.5811177603671
589,distanceM,1768.3202135920487
589,motionIntensityG,0.932586975
589,activeEnergyKcal,33.868403529318044
589,heartRateBpm,168.62121274529213
590,speedMps,3.082984799732079
590,paceSecPerKm,324.3609894174318
590,cadenceSpm,175.0701931488118
590,distanceM,1771.4031983917807
590,motionIntensityG,0.9325726249999999
590,activeEnergyKcal,33.93032353608987
590,heartRateBpm,170.47598134666094
591,speedMps,3.093931061202344
591,paceSecPerKm,323.2134072216161
591,cadenceSpm,177.2214904702305
591,distanceM,1774.497129452983
591,motionIntensityG,0.9325582749999999
591,activeEnergyKcal,33.99224270448269
591,heartRateBpm,168.74847045274421
592,speedMps,3.0440293552741253
592,paceSecPerKm,328.5119436405522
592,cadenceSpm,176.2170118274818
592,distanceM,1777.5411588082573
592,motionIntensityG,0.932543925
592,activeEnergyKcal,34.0541610344965
592,heartRateBpm,171.33699932209703
593,speedMps,3.2227631605238325
593,paceSecPerKm,310.29273644714823
593,cadenceSpm,176.06856360426275
593,distanceM,1780.763921968781
593,motionIntensityG,0.932529575
593,activeEnergyKcal,34.116078526131304
593,heartRateBpm,170.19082363711055
594,speedMps,3.1722455295931264
594,paceSecPerKm,315.2341111907124
594,cadenceSpm,176.35502491691383
594,distanceM,1783.936167498374
594,motionIntensityG,0.932515225
594,activeEnergyKcal,34.177995179387096
594,heartRateBpm,172.85229057255174
595,speedMps,3.1288945947620688
595,paceSecPerKm,319.60168989842344
595,cadenceSpm,175.32615231551506
595,distanceM,1787.065062093136
595,motionIntensityG,0.9325008749999999
595,activeEnergyKcal,34.23991099426387
595,heartRateBpm,173.03723254553802
596,speedMps,3.0170126215474156
596,paceSecPerKm,331.4537012069586
596,cadenceSpm,176.5920295216308
596,distanceM,1790.0820747146834
596,motionIntensityG,0.9324865250000001
596,activeEnergyKcal,34.30182597076164
596,heartRateBpm,174.55736006581262
597,speedMps,3.1913097568269535
597,paceSecPerKm,313.35096753324166
597,cadenceSpm,174.52580414321014
597,distanceM,1793.2733844715103
597,motionIntensityG,0.932472175
597,activeEnergyKcal,34.3637401088804
597,heartRateBpm,173.7970097903215
598,speedMps,3.07733727845602
598,paceSecPerKm,324.9562558517232
598,cadenceSpm,176.32480672919075
598,distanceM,1796.3507217499664
598,motionIntensityG,0.932457825
598,activeEnergyKcal,34.42565340862015
598,heartRateBpm,172.57704313588573
599,speedMps,3.1247619632838295
599,paceSecPerKm,320.0243768165606
599,cadenceSpm,175.05849710181405
599,distanceM,1799.4754837132502
599,motionIntensityG,0.9324434750000001
599,activeEnergyKcal,34.48756586998089
599,heartRateBpm,172.6295720956825
600,speedMps,3.138361012085501
600,paceSecPerKm,318.63765709206314
600,cadenceSpm,176.61157490445808
600,distanceM,1802.6138447253356
600,motionIntensityG,0.9324291250000001
600,activeEnergyKcal,34.54947749296262
600,heartRateBpm,173.30967411084728
601,speedMps,3.1834687618154436
601,paceSecPerKm,314.12276193648836
601,cadenceSpm,175.92203287895975
601,distanceM,1805.797313487151
601,motionIntensityG,0.932414775
601,activeEnergyKcal,34.61138827756534
601,heartRateBpm,174.87693802186539
602,speedMps,3.208729707129267
602,paceSecPerKm,311.64980888797373
602,cadenceSpm,175.30437406333044
602,distanceM,1809.0060431942804
602,motionIntensityG,0.932400425
602,activeEnergyKcal,34.67329822378905
602,heartRateBpm,173.95492181739624
603,speedMps,3.1590610334082205
603,paceSecPerKm,316.5497562170012
603,cadenceSpm,173.32657233500285
603,distanceM,1812.1651042276887
603,motionIntensityG,0.9323860749999999
603,activeEnergyKcal,34.735207331633745
603,heartRateBpm,174.79473707152837
604,speedMps,3.130850677961927
604,paceSecPerKm,319.40201014344274
604,cadenceSpm,174.82214496507027
604,distanceM,1815.2959549056507
604,motionIntensityG,0.9323717250000001
604,activeEnergyKcal,34.797115601099435
604,heartRateBpm,174.77701996056973
605,speedMps,3.177073846897056
605,paceSecPerKm,314.7550381860551
605,cadenceSpm,175.67369443299
605,distanceM,1818.4730287525476
605,motionIntensityG,0.932357375
605,activeEnergyKcal,34.859023032186116
605,heartRateBpm,174.39125704852944
606,speedMps,3.284430930335119
606,paceSecPerKm,304.46674666346763
606,cadenceSpm,174.70980639944267
606,distanceM,1821.7574596828827
606,motionIntensityG,0.932343025
606,activeEnergyKcal,34.92092962489379
606,heartRateBpm,172.36773097649495
607,speedMps,3.125917014120201
607,paceSecPerKm,319.90612530110724
607,cadenceSpm,175.4143970799448
607,distanceM,1824.8833766970029
607,motionIntensityG,0.9323286749999999
607,activeEnergyKcal,34.98283537922245
607,heartRateBpm,172.63221642375208
608,speedMps,3.0484717863380117
608,paceSecPerKm,328.03321470173546
608,cadenceSpm,172.87560752691184
608,distanceM,1827.931848483341
608,motionIntensityG,0.9323143250000001
608,activeEnergyKcal,35.0447402951721
608,heartRateBpm,172.23202477076538
609,speedMps,3.089407664378779
609,paceSecPerKm,323.68664437850447
609,cadenceSpm,174.65190599584258
609,distanceM,1831.0212561477197
609,motionIntensityG,0.9322999750000001
609,activeEnergyKcal,35.106644372742736
609,heartRateBpm,170.7859465559367
610,speedMps,3.2549139912495555
610,paceSecPerKm,307.2277801159661
610,cadenceSpm,174.10673830641764
610,distanceM,1834.2761701389693
610,motionIntensityG,0.932285625
610,activeEnergyKcal,35.168547611934365
610,heartRateBpm,171.4379047334333
611,speedMps,3.2062870183771985
611,paceSecPerKm,311.88723725243136
611,cadenceSpm,174.15773656891773
611,distanceM,1837.4824571573465
611,motionIntensityG,0.932271275
611,activeEnergyKcal,35.230450012746985
611,heartRateBpm,172.73624304035602
612,speedMps,3.1762104923307293
612,paceSecPerKm,314.8405946062447
612,cadenceSpm,175.92198289069296
612,distanceM,1840.6586676496772
612,motionIntensityG,0.9322569250000001
612,activeEnergyKcal,35.2923515751806
612,heartRateBpm,172.07068375728636
613,speedMps,3.1125653274282237
613,paceSecPerKm,321.27839733608295
613,cadenceSpm,177.58682266131038
613,distanceM,1843.7712329771055
613,motionIntensityG,0.9322425750000001
613,activeEnergyKcal,35.3542522992352
613,heartRateBpm,171.4066065575304
614,speedMps,3.1456881893063113
614,paceSecPerKm,317.89546192132934
614,cadenceSpm,174.6841777978318
614,distanceM,1846.9169211664118
614,motionIntensityG,0.932228225
614,activeEnergyKcal,35.416152184910786
614,heartRateBpm,170.53249266339006
615,speedMps,3.086203207837971
615,paceSecPerKm,324.02273364900896
615,cadenceSpm,173.30278646198954
615,distanceM,1850.0031243742499
615,motionIntensityG,0.932213875
615,activeEnergyKcal,35.47805123220736
615,heartRateBpm,169.66891260153315
616,speedMps,3.2503525077684974
616,paceSecPerKm,307.6589377951937
616,cadenceSpm,174.73992840423352
616,distanceM,1853.2534768820183
616,motionIntensityG,0.9321995249999999
616,activeEnergyKcal,35.53994944112493
616,heartRateBpm,168.02320451100007
617,speedMps,3.182349133576083
617,paceSecPerKm,314.233278005005
617,cadenceSpm,175.58963717176812
617,distanceM,1856.4358260155943
617,motionIntensityG,0.9321851749999999
617,activeEnergyKcal,35.60184681166349
617,heartRateBpm,168.59030664935716
618,speedMps,3.0251041190631764
618,paceSecPerKm,330.5671344329408
618,cadenceSpm,176.08112594206125
618,distanceM,1859.4609301346575
618,motionIntensityG,0.932170825
618,activeEnergyKcal,35.66374334382304
618,heartRateBpm,167.55688674640052
619,speedMps,3.0632065702795965
619,paceSecPerKm,326.45529351575016
619,cadenceSpm,179.42013120247677
619,distanceM,1862.524136704937
619,motionIntensityG,0.932156475
619,activeEnergyKcal,35.725639037603585
619,heartRateBpm,165.0352192611987
620,speedMps,3.180204706312474
620,paceSecPerKm,314.44516700924095
620,cadenceSpm,177.77747805206738
620,distanceM,1865.7043414112495
620,motionIntensityG,0.9321421249999999
620,activeEnergyKcal,35.78753389300511
620,heartRateBpm,164.96430653224724
621,speedMps,3.224287095194482
621,paceSecPerKm,310.14607895506964
621,cadenceSpm,174.54117252207323
621,distanceM,1868.928628506444
621,motionIntensityG,0.9321277750000001
621,activeEnergyKcal,35.84942791002763
621,heartRateBpm,166.97536931433402
622,speedMps,3.1581788542565548
622,paceSecPerKm,316.6381785668067
622,cadenceSpm,177.29766420032254
622,distanceM,1872.0868073607005
622,motionIntensityG,0.932113425
622,activeEnergyKcal,35.91132108867114
622,heartRateBpm,167.66540107265587
623,speedMps,3.095594530200691
623,paceSecPerKm,323.03972314331776
623,cadenceSpm,174.74551932248372
623,distanceM,1875.1824018909012
623,motionIntensityG,0.932099075
623,activeEnergyKcal,35.97321342893564
623,heartRateBpm,170.1360124510673
624,speedMps,3.2057628890250762
624,paceSecPerKm,311.93822956261
624,cadenceSpm,174.05996246460543
624,distanceM,1878.3881647799262
624,motionIntensityG,0.932084725
624,activeEnergyKcal,36.03510493082113
624,heartRateBpm,170.8625896678743
625,speedMps,3.250672924394218
625,paceSecPerKm,307.6286120623335
625,cadenceSpm,175.6460336230399
625,distanceM,1881.6388377043204
625,motionIntensityG,0.9320703749999999
625,activeEnergyKcal,36.09699559432761
625,heartRateBpm,171.27077560263547
626,speedMps,3.049444268458997
626,paceSecPerKm,327.9286033665862
626,cadenceSpm,178.80710037269907
626,distanceM,1884.6882819727794
626,motionIntensityG,0.9320560250000001
626,activeEnergyKcal,36.15888541945508
626,heartRateBpm,172.04467635331787
627,speedMps,3.1057833336269733
627,paceSecPerKm,321.9799620832491
627,cadenceSpm,179.0194261608236
627,distanceM,1887.7940653064063
627,motionIntensityG,0.932041675
627,activeEnergyKcal,36.22077440620354
627,heartRateBpm,173.19407683003547
628,speedMps,3.2052073727704093
628,paceSecPerKm,311.99229369538534
628,cadenceSpm,176.37979192371233
628,distanceM,1890.9992726791768
628,motionIntensityG,0.932027325
628,activeEnergyKcal,36.28266255457299
628,heartRateBpm,171.95727429877502
629,speedMps,3.2018474982171696
629,paceSecPerKm,312.319684356239
629,cadenceSpm,175.13312693032384
629,distanceM,1894.201120177394
629,motionIntensityG,0.9320129749999999
629,activeEnergyKcal,36.344549864563426
629,heartRateBpm,171.30986549258495
630,speedMps,3.115891244239661
630,paceSecPerKm,320.9354632799515
630,cadenceSpm,175.52551590977814
630,distanceM,1897.3170114216337
630,motionIntensityG,0.9319986250000001
630,activeEnergyKcal,36.406436336174856
630,heartRateBpm,170.87575518171556
631,speedMps,3.1229434633255844
631,paceSecPerKm,320.2107280338377
631,cadenceSpm,176.83795318197065
631,distanceM,1900.4399548849592
631,motionIntensityG,0.931984275
631,activeEnergyKcal,36.46832196940728
631,heartRateBpm,173.4244184444769
632,speedMps,3.222370902117643
632,paceSecPerKm,310.33050830456256
632,cadenceSpm,176.1744060055476
632,distanceM,1903.662325787077
632,motionIntensityG,0.931969925
632,activeEnergyKcal,36.53020676426069
632,heartRateBpm,172.8409151294564
633,speedMps,3.1581080112351687
633,paceSecPerKm,316.6452814287658
633,cadenceSpm,172.8006052673865
633,distanceM,1906.820433798312
633,motionIntensityG,0.9319555750000001
633,activeEnergyKcal,36.59209072073509
633,heartRateBpm,172.71274178036174
634,speedMps,3.0680091880984484
634,paceSecPerKm,325.9442650560639
634,cadenceSpm,176.86014120941022
634,distanceM,1909.8884429864104
634,motionIntensityG,0.9319412250000001
634,activeEnergyKcal,36.653973838830474
634,heartRateBpm,170.78906959098668
635,speedMps,3.1494059387452977
635,paceSecPerKm,317.52019887229693
635,cadenceSpm,174.07947542422122
635,distanceM,1913.0378489251557
635,motionIntensityG,0.931926875
635,activeEnergyKcal,36.71585611854685
635,heartRateBpm,170.96518375693492
636,speedMps,3.1580294997183427
636,paceSecPerKm,316.6531535215829
636,cadenceSpm,177.6044433986853
636,distanceM,1916.195878424874
636,motionIntensityG,0.931912525
636,activeEnergyKcal,36.77773755988422
636,heartRateBpm,172.29856713547406
637,speedMps,3.2121517905700254
637,paceSecPerKm,311.31779106321153
637,cadenceSpm,173.07769036792928
637,distanceM,1919.4080302154441
637,motionIntensityG,0.9318981749999999
637,activeEnergyKcal,36.839618162842584
637,heartRateBpm,171.7048602525058
638,speedMps,3.201959853686904
638,paceSecPerKm,312.3087251854666
638,cadenceSpm,173.9876777104938
638,distanceM,1922.609990069131
638,motionIntensityG,0.9318838249999999
638,activeEnergyKcal,36.901497927421936
638,heartRateBpm,169.78970920847323
639,speedMps,3.185588161388147
639,paceSecPerKm,313.91377332474815
639,cadenceSpm,177.2797917696847
639,distanceM,1925.7955782305191
639,motionIntensityG,0.9318694750000001
639,activeEnergyKcal,36.96337685362228
639,heartRateBpm,170.89370716374222
640,speedMps,2.9771070323080995
640,paceSecPerKm,335.89655633735055
640,cadenceSpm,174.7590962523728
640,distanceM,1928.7726852628273
640,motionIntensityG,0.931855125
640,activeEnergyKcal,37.025254941443606
640,heartRateBpm,172.29939197494724
641,speedMps,3.1547681321272636
641,paceSecPerKm,316.98050636948045
641,cadenceSpm,175.82786846838965
641,distanceM,1931.9274533949545
641,motionIntensityG,0.9318407750000002
641,activeEnergyKcal,37.087132190885924
641,heartRateBpm,172.51977555172334
642,speedMps,3.2589954233780687
642,paceSecPerKm,306.8430206518864
642,cadenceSpm,174.43105044463562
642,distanceM,1935.1864488183326
642,motionIntensityG,0.9318264249999999
642,activeEnergyKcal,37.149008601949234
642,heartRateBpm,174.30792778651818
643,speedMps,3.192762479982544
643,paceSecPerKm,313.20839125040936
643,cadenceSpm,178.79430956876416
643,distanceM,1938.379211298315
643,motionIntensityG,0.9318120750000001
643,activeEnergyKcal,37.210884174633534
643,heartRateBpm,172.05539527461028
644,speedMps,3.098725226069472
644,paceSecPerKm,322.7133505052443
644,cadenceSpm,176.92185593666278
644,distanceM,1941.4779365243846
644,motionIntensityG,0.931797725
644,activeEnergyKcal,37.272758908938826
644,heartRateBpm,173.0992532534675
645,speedMps,3.1665113258434987
645,paceSecPerKm,315.80496549577913
645,cadenceSpm,174.17394309327403
645,distanceM,1944.644447850228
645,motionIntensityG,0.931783375
645,activeEnergyKcal,37.33463280486511
645,heartRateBpm,174.359895161717
646,speedMps,3.0873913775052997
646,paceSecPerKm,323.8980348542751
646,cadenceSpm,178.55153224360978
646,distanceM,1947.7318392277334
646,motionIntensityG,0.9317690249999999
646,activeEnergyKcal,37.396505862412376
646,heartRateBpm,173.77374550867165
647,speedMps,3.108683230775663
647,paceSecPerKm,321.6796070117717
647,cadenceSpm,174.92598562330832
647,distanceM,1950.840522458509
647,motionIntensityG,0.9317546750000001
647,activeEnergyKcal,37.45837808158063
647,heartRateBpm,172.78000840094774
648,speedMps,3.078591575423299
648,paceSecPerKm,324.82386035974986
648,cadenceSpm,177.6470310871602
648,distanceM,1953.9191140339324
648,motionIntensityG,0.931740325
648,activeEnergyKcal,37.52024946236988
648,heartRateBpm,172.27243266924302
649,speedMps,3.1957402837661224
649,paceSecPerKm,312.916542398595
649,cadenceSpm,173.67892987967426
649,distanceM,1957.1148543176985
649,motionIntensityG,0.931725975
649,activeEnergyKcal,37.58212000478012
649,heartRateBpm,172.43342066857667
650,speedMps,3.0801276422516968
650,paceSecPerKm,324.661869944117
650,cadenceSpm,171.76201862102175
650,distanceM,1960.1949819599502
650,motionIntensityG,0.9317116249999999
650,activeEnergyKcal,37.643989708811354
650,heartRateBpm,172.11922695123977
651,speedMps,3.291235759054522
651,paceSecPerKm,303.8372432752345
651,cadenceSpm,177.0884311587985
651,distanceM,1963.4862177190046
651,motionIntensityG,0.9316972750000001
651,activeEnergyKcal,37.705858574463576
651,heartRateBpm,174.96207675889855
652,speedMps,3.317146899186457
652,paceSecPerKm,301.46388760933496
652,cadenceSpm,175.57448406457036
652,distanceM,1966.803364618191
652,motionIntensityG,0.931682925
652,activeEnergyKcal,37.76772660173679
652,heartRateBpm,173.85128157744504
653,speedMps,3.155042143976815
653,paceSecPerKm,316.95297697023364
653,cadenceSpm,177.88964375810602
653,distanceM,1969.9584067621677
653,motionIntensityG,0.931668575
653,activeEnergyKcal,37.82959379063099
653,heartRateBpm,172.94828869953878
654,speedMps,3.188243147905973
654,paceSecPerKm,313.6523638910026
654,cadenceSpm,174.76729885497969
654,distanceM,1973.1466499100736
654,motionIntensityG,0.931654225
654,activeEnergyKcal,37.891460141146176
654,heartRateBpm,174.1590877995681
655,speedMps,3.0964443605768817
655,paceSecPerKm,322.9510637206139
655,cadenceSpm,176.16024724763997
655,distanceM,1976.2430942706505
655,motionIntensityG,0.9316398750000001
655,activeEnergyKcal,37.953325653282356
655,heartRateBpm,170.3743501313583
656,speedMps,3.0299223267617243
656,paceSecPerKm,330.04146382483844
656,cadenceSpm,177.24526051034752
656,distanceM,1979.2730165974124
656,motionIntensityG,0.9316255250000001
656,activeEnergyKcal,38.01519032703953
656,heartRateBpm,168.88938545891932
657,speedMps,3.0960305324752313
657,paceSecPerKm,322.99423068044314
657,cadenceSpm,176.57963994394777
657,distanceM,1982.3690471298876
657,motionIntensityG,0.931611175
657,activeEnergyKcal,38.07705416241769
657,heartRateBpm,168.2202175840219
658,speedMps,3.281294410313338
658,paceSecPerKm,304.7577799958852
658,cadenceSpm,177.41135957600125
658,distanceM,1985.650341540201
658,motionIntensityG,0.931596825
658,activeEnergyKcal,38.13891715941684
658,heartRateBpm,166.59265755942099
659,speedMps,3.285884077836476
659,paceSecPerKm,304.3320994629944
659,cadenceSpm,174.97253706510364
659,distanceM,1988.9362256180375
659,motionIntensityG,0.9315824749999999
659,activeEnergyKcal,38.20077931803698
659,heartRateBpm,166.81511375459144
660,speedMps,3.1235681758353473
660,paceSecPerKm,320.1466860036011
660,cadenceSpm,175.38837927408778
660,distanceM,1992.0597937938728
660,motionIntensityG,0.9315681249999999
660,activeEnergyKcal,38.26264063827811
660,heartRateBpm,167.73884894611632
661,speedMps,3.098280309962004
661,paceSecPerKm,322.75969246057775
661,cadenceSpm,174.63787043833844
661,distanceM,1995.158074103835
661,motionIntensityG,0.931553775
661,activeEnergyKcal,38.324501120140226
661,heartRateBpm,168.21373536695478
662,speedMps,3.151142143638393
662,paceSecPerKm,317.34525274235114
662,cadenceSpm,173.19803783716375
662,distanceM,1998.3092162474734
662,motionIntensityG,0.931539425
662,activeEnergyKcal,38.38636076362334
662,heartRateBpm,168.4469071427361
663,speedMps,3.1693756620339784
663,paceSecPerKm,315.51955546924347
663,cadenceSpm,175.49294811196395
663,distanceM,2001.4785919095073
663,motionIntensityG,0.9315250750000001
663,activeEnergyKcal,38.44821956872744
663,heartRateBpm,169.53929693071234
664,speedMps,3.177867230224484
664,paceSecPerKm,314.6764567408816
664,cadenceSpm,176.6589418469037
664,distanceM,2004.6564591397319
664,motionIntensityG,0.9315107249999999
664,activeEnergyKcal,38.51007753545253
664,heartRateBpm,170.28977072413954
665,speedMps,3.1042218293977295
665,paceSecPerKm,322.1419263693589
665,cadenceSpm,176.1666978328996
665,distanceM,2007.7606809691297
665,motionIntensityG,0.931496375
665,activeEnergyKcal,38.571934663798615
665,heartRateBpm,169.78376670366333
666,speedMps,3.115289712636515
666,paceSecPerKm,320.9974327407532
666,cadenceSpm,176.36949233161207
666,distanceM,2010.8759706817661
666,motionIntensityG,0.931482025
666,activeEnergyKcal,38.63379095376568
666,heartRateBpm,171.81059370879976
667,speedMps,3.158668112439018
667,paceSecPerKm,316.5891332685261
667,cadenceSpm,176.35755388108893
667,distanceM,2014.0346387942052
667,motionIntensityG,0.9314676749999999
667,activeEnergyKcal,38.69564640535374
667,heartRateBpm,169.3056570074431
668,speedMps,3.1658787047999715
668,paceSecPerKm,315.86807115630876
668,cadenceSpm,177.3572533422298
668,distanceM,2017.2005174990052
668,motionIntensityG,0.9314533249999999
668,activeEnergyKcal,38.75750101856279
668,heartRateBpm,169.04176369710066
669,speedMps,3.212780970645643
669,paceSecPerKm,311.2568236480308
669,cadenceSpm,173.7835279893603
669,distanceM,2020.4132984696507
669,motionIntensityG,0.9314389750000001
669,activeEnergyKcal,38.81935479339283
669,heartRateBpm,170.03300068650094
670,speedMps,3.2002356878049185
670,paceSecPerKm,312.47698530788915
670,cadenceSpm,176.24168232590466
670,distanceM,2023.6135341574557
670,motionIntensityG,0.931424625
670,activeEnergyKcal,38.881207729843865
670,heartRateBpm,171.01167790625257
671,speedMps,3.0404562001340083
671,paceSecPerKm,328.8980120667171
671,cadenceSpm,173.8273628204006
671,distanceM,2026.6539903575897
671,motionIntensityG,0.931410275
671,activeEnergyKcal,38.94305982791589
671,heartRateBpm,171.3651881854918
672,speedMps,3.078120739686041
672,paceSecPerKm,324.8735460916315
672,cadenceSpm,174.30915815248363
672,distanceM,2029.7321110972757
672,motionIntensityG,0.9313959249999999
672,activeEnergyKcal,39.004911087608896
672,heartRateBpm,171.41263276331335
673,speedMps,3.2241387287435144
673,paceSecPerKm,310.1603510683028
673,cadenceSpm,177.25787229541032
673,distanceM,2032.9562498260193
673,motionIntensityG,0.9313815750000001
673,activeEnergyKcal,39.066761508922895
673,heartRateBpm,173.44696101604555
674,speedMps,3.110272443437806
674,paceSecPerKm,321.5152428559258
674,cadenceSpm,175.8865916316011
674,distanceM,2036.0665222694572
674,motionIntensityG,0.931367225
674,activeEnergyKcal,39.128611091857884
674,heartRateBpm,172.6822381377529
675,speedMps,3.2043009811425844
675,paceSecPerKm,312.0805460801069
675,cadenceSpm,173.16772295545002
675,distanceM,2039.2708232505997
675,motionIntensityG,0.931352875
675,activeEnergyKcal,39.190459836413865
675,heartRateBpm,172.82902487795127
676,speedMps,3.051201875351975
676,paceSecPerKm,327.73970417301337
676,cadenceSpm,178.50124670464044
676,distanceM,2042.3220251259518
676,motionIntensityG,0.9313385249999999
676,activeEnergyKcal,39.25230774259084
676,heartRateBpm,172.80565529044856
677,speedMps,3.1430228438778163
677,paceSecPerKm,318.1650435496722
677,cadenceSpm,176.8171847886514
677,distanceM,2045.4650479698296
677,motionIntensityG,0.9313241750000001
677,activeEnergyKcal,39.3141548103888
677,heartRateBpm,172.43480405422946
678,speedMps,3.1850053686710984
678,paceSecPerKm,313.971213309834
678,cadenceSpm,175.61803186369744
678,distanceM,2048.6500533385006
678,motionIntensityG,0.931309825
678,activeEnergyKcal,39.37600103980775
678,heartRateBpm,170.26958853451188
679,speedMps,3.246910722819815
679,paceSecPerKm,307.9850619149575
679,cadenceSpm,173.7907200842541
679,distanceM,2051.8969640613204
679,motionIntensityG,0.931295475
679,activeEnergyKcal,39.437846430847685
679,heartRateBpm,168.74147193222018
680,speedMps,3.2217241388266253
680,paceSecPerKm,310.3928073631428
680,cadenceSpm,177.7098311335333
680,distanceM,2055.118688200147
680,motionIntensityG,0.9312811249999999
680,activeEnergyKcal,39.499690983508614
680,heartRateBpm,168.32748463093395
681,speedMps,3.1438576102219042
681,paceSecPerKm,318.08056342902137
681,cadenceSpm,177.5860550062273
681,distanceM,2058.262545810369
681,motionIntensityG,0.9312667749999999
681,activeEnergyKcal,39.561534697790535
681,heartRateBpm,168.7160426951527
682,speedMps,3.2301180961488924
682,paceSecPerKm,309.5862040438242
682,cadenceSpm,177.91805515279094
682,distanceM,2061.492663906518
682,motionIntensityG,0.9312524249999998
682,activeEnergyKcal,39.623377573693446
682,heartRateBpm,168.75633530888837
683,speedMps,3.257119233171551
683,paceSecPerKm,307.01977066595475
683,cadenceSpm,176.3365608135161
683,distanceM,2064.7497831396895
683,motionIntensityG,0.931238075
683,activeEnergyKcal,39.68521961121735
683,heartRateBpm,167.62355638719785
684,speedMps,3.2036619427258084
684,paceSecPerKm,312.14279717327435
684,cadenceSpm,175.33885803405727
684,distanceM,2067.9534450824153
684,motionIntensityG,0.931223725
684,activeEnergyKcal,39.74706081036224
684,heartRateBpm,167.73761933320853
685,speedMps,3.141056879131358
685,paceSecPerKm,318.36418074560453
685,cadenceSpm,176.69443589240836
685,distanceM,2071.0945019615465
685,motionIntensityG,0.9312093750000001
685,activeEnergyKcal,39.80890117112812
685,heartRateBpm,168.44065476146528
686,speedMps,3.053687116761601
686,paceSecPerKm,327.47297341336275
686,cadenceSpm,175.4837355756117
686,distanceM,2074.148189078308
686,motionIntensityG,0.9311950249999998
686,activeEnergyKcal,39.87074069351499
686,heartRateBpm,168.20409130666525
687,speedMps,3.2893379419333306
687,paceSecPerKm,304.0125452759783
687,cadenceSpm,175.801604163942
687,distanceM,2077.4375270202413
687,motionIntensityG,0.931180675
687,activeEnergyKcal,39.93257937752285
687,heartRateBpm,169.80929446424562
688,speedMps,3.198086065249462
688,paceSecPerKm,312.6870195477358
688,cadenceSpm,173.21558100077308
688,distanceM,2080.6356130854906
688,motionIntensityG,0.931166325
688,activeEnergyKcal,39.9944172231517
688,heartRateBpm,168.69136932890513
689,speedMps,3.240945564180952
689,paceSecPerKm,308.5519272683985
689,cadenceSpm,174.83792570496092
689,distanceM,2083.8765586496716
689,motionIntensityG,0.9311519749999999
689,activeEnergyKcal,40.05625423040154
689,heartRateBpm,168.80921202333968
690,speedMps,3.069090292468596
690,paceSecPerKm,325.82944934984585
690,cadenceSpm,173.94926692642008
690,distanceM,2086.94564894214
690,motionIntensityG,0.9311376250000001
690,activeEnergyKcal,40.118090399272376
690,heartRateBpm,168.82507376033152
691,speedMps,3.1082331527138276
691,paceSecPerKm,321.7261868296111
691,cadenceSpm,171.86061907363418
691,distanceM,2090.0538820948536
691,motionIntensityG,0.9267256524155554
691,activeEnergyKcal,40.17966880471412
691,heartRateBpm,169.77019675179272
692,speedMps,3.2109903167167957
692,paceSecPerKm,311.43040039513096
692,cadenceSpm,176.01180707377677
692,distanceM,2093.2648724115707
692,motionIntensityG,0.9223148394933334
692,activeEnergyKcal,40.24098951447844
692,heartRateBpm,169.9776813568444
693,speedMps,2.984304165840321
693,paceSecPerKm,335.08648731132934
693,cadenceSpm,179.01716703563233
693,distanceM,2096.249176577411
693,motionIntensityG,0.9179051679799999
693,activeEnergyKcal,40.30205259525059
693,heartRateBpm,170.30377721312368
694,speedMps,3.155372260994426
694,paceSecPerKm,316.9198171517318
694,cadenceSpm,175.24482207384864
694,distanceM,2099.4045488384054
694,motionIntensityG,0.9134966196222221
694,activeEnergyKcal,40.362858112649384
694,heartRateBpm,170.46680155638396
695,speedMps,3.122250040676264
695,paceSecPerKm,320.2818438536732
695,cadenceSpm,175.18748558018652
695,distanceM,2102.5267988790815
695,motionIntensityG,0.9090891761666666
695,activeEnergyKcal,40.42340613122721
695,heartRateBpm,169.77521383489113
696,speedMps,3.0339164379067505
696,paceSecPerKm,329.6069685722622
696,cadenceSpm,178.93408019889839
696,distanceM,2105.560715316988
696,motionIntensityG,0.9046828193600001
696,activeEnergyKcal,40.48369671447004
696,heartRateBpm,170.00221818863423
697,speedMps,3.100612714099047
697,paceSecPerKm,322.51689978978
697,cadenceSpm,177.2429380110851
697,distanceM,2108.661328031087
697,motionIntensityG,0.9002775309488888
697,activeEnergyKcal,40.54372992479742
697,heartRateBpm,170.53658230254243
698,speedMps,3.0921158017040558
698,paceSecPerKm,323.4031530930708
698,cadenceSpm,176.1774077890449
698,distanceM,2111.753443832791
698,motionIntensityG,0.8958732926799999
698,activeEnergyKcal,40.60350582356245
698,heartRateBpm,171.33952043091924
699,speedMps,3.0107551888970048
699,paceSecPerKm,332.14258126591545
699,cadenceSpm,178.64134355809554
699,distanceM,2114.764199021688
699,motionIntensityG,0.8914700863
699,activeEnergyKcal,40.66302447105183
699,heartRateBpm,170.0568658229386
700,speedMps,3.1350318849867542
700,paceSecPerKm,318.976022154309
700,cadenceSpm,174.98871670493997
700,distanceM,2117.899230906675
700,motionIntensityG,0.8870678935555556
700,activeEnergyKcal,40.72228592648582
700,heartRateBpm,168.09521034647008
701,speedMps,3.1146377586226976
701,paceSecPerKm,321.06462372118773
701,cadenceSpm,172.13826216380218
701,distanceM,2121.0138686652977
701,motionIntensityG,0.8826666961933334
701,activeEnergyKcal,40.78129024801825
701,heartRateBpm,167.93505371797943
702,speedMps,3.093259063120641
702,paceSecPerKm,323.28362403346455
702,cadenceSpm,166.0387553656169
702,distanceM,2124.107127728418
702,motionIntensityG,0.8782664759599998
702,activeEnergyKcal,40.84003749273654
702,heartRateBpm,168.34892777094572
703,speedMps,3.180038217623794
703,paceSecPerKm,314.46162956721497
703,cadenceSpm,179.77499969485783
703,distanceM,2127.287165946042
703,motionIntensityG,0.8738672146022224
703,activeEnergyKcal,40.898527716661675
703,heartRateBpm,168.25297434411513
704,speedMps,3.1792893616950866
704,paceSecPerKm,314.5356984640224
704,cadenceSpm,176.03452043585426
704,distanceM,2130.4664553077373
704,motionIntensityG,0.8694688938666666
704,activeEnergyKcal,40.956760974748214
704,heartRateBpm,168.32627004053762
705,speedMps,3.0793601837930193
705,paceSecPerKm,324.74278431704744
705,cadenceSpm,166.94426498402402
705,distanceM,2133.5458154915304
705,motionIntensityG,0.8650711225000001
705,activeEnergyKcal,41.014737299092275
705,heartRateBpm,167.7641503951696
706,speedMps,2.9252326411383063
706,paceSecPerKm,341.8531524422161
706,cadenceSpm,172.0945030696196
706,distanceM,2136.471048132669
706,motionIntensityG,0.8606738031911112
706,activeEnergyKcal,41.07245671610472
706,heartRateBpm,168.03109780532537
707,speedMps,2.8807633321511577
707,paceSecPerKm,347.1302167864197
707,cadenceSpm,173.19413135432904
707,distanceM,2139.35181146482
707,motionIntensityG,0.8562769268133334
707,activeEnergyKcal,41.129919251663175
707,heartRateBpm,168.10875650773792
708,speedMps,3.097350846937086
708,paceSecPerKm,322.85654722934663
708,cadenceSpm,173.20465836451712
708,distanceM,2142.449162311757
708,motionIntensityG,0.8518804842399998
708,activeEnergyKcal,41.18712493111208
708,heartRateBpm,169.04569441245792
709,speedMps,2.979550838464792
709,paceSecPerKm,335.6210563989733
709,cadenceSpm,161.67924393462803
709,distanceM,2145.428713150222
709,motionIntensityG,0.8474844663444445
709,activeEnergyKcal,41.24407377926265
709,heartRateBpm,170.3622192973599
710,speedMps,2.9851323786850017
710,paceSecPerKm,334.9935189274641
710,cadenceSpm,171.88281439037692
710,distanceM,2148.413845528907
710,motionIntensityG,0.843088864
710,activeEnergyKcal,41.30076582039288
710,heartRateBpm,171.08636357968606
711,speedMps,3.094204944695412
711,paceSecPerKm,323.18479799289383
711,cadenceSpm,170.75327475911462
711,distanceM,2151.5080504736025
711,motionIntensityG,0.8386936680799999
711,activeEnergyKcal,41.35720107824757
711,heartRateBpm,170.26512449439846
712,speedMps,2.8901733107182865
712,paceSecPerKm,346.00001193405
712,cadenceSpm,176.28466764740983
712,distanceM,2154.3982237843206
712,motionIntensityG,0.8342988694577778
712,activeEnergyKcal,41.41337957603828
712,heartRateBpm,170.62718861902707
713,speedMps,2.9675743410432887
713,paceSecPerKm,336.97555143586976
713,cadenceSpm,178.13179057894672
713,distanceM,2157.365798125364
713,motionIntensityG,0.8299044590066667
713,activeEnergyKcal,41.46930133644339
713,heartRateBpm,169.29907571890962
714,speedMps,2.917553258830953
714,paceSecPerKm,342.75295471407924
714,cadenceSpm,177.09008241222986
714,distanceM,2160.283351384195
714,motionIntensityG,0.8255104276
714,activeEnergyKcal,41.52496638160804
714,heartRateBpm,169.08041119161211
715,speedMps,2.844407609827036
715,paceSecPerKm,351.56705267737925
715,cadenceSpm,173.58551243741107
715,distanceM,2163.1277589940223
715,motionIntensityG,0.8211167661111112
715,activeEnergyKcal,41.58037473314417
715,heartRateBpm,169.09062914147873
716,speedMps,2.8439577583169675
716,paceSecPerKm,351.6226628456649
716,cadenceSpm,166.46752549985567
716,distanceM,2165.9717167523395
716,motionIntensityG,0.8167234654133335
716,activeEnergyKcal,41.6355264121305
716,heartRateBpm,167.8186679513593
717,speedMps,2.8942208563379355
717,paceSecPerKm,345.51613357707
717,cadenceSpm,167.8193396859171
717,distanceM,2168.8659376086775
717,motionIntensityG,0.8123305163800001
717,activeEnergyKcal,41.69042143911255
717,heartRateBpm,170.47978001642232
718,speedMps,2.930408052694591
718,paceSecPerKm,341.24940350217526
718,cadenceSpm,170.55870976812005
718,distanceM,2171.796345661372
718,motionIntensityG,0.8079379098844444
718,activeEnergyKcal,41.74505983410261
718,heartRateBpm,171.58675153336432
719,speedMps,2.9386075076398246
719,paceSecPerKm,340.2972317331215
719,cadenceSpm,162.90150140793244
719,distanceM,2174.734953169012
719,motionIntensityG,0.8035456368
719,activeEnergyKcal,41.79944161657978
719,heartRateBpm,169.2144603828078
720,speedMps,2.8546410234224817
720,paceSecPerKm,350.3067432279389
720,cadenceSpm,172.15870462818955
720,distanceM,2177.5895941924346
720,motionIntensityG,0.7991536880000001
720,activeEnergyKcal,41.85356680548991
720,heartRateBpm,167.69395415334603
721,speedMps,2.816319615441315
721,paceSecPerKm,355.07333561048995
721,cadenceSpm,169.92246855124955
721,distanceM,2180.405913807876
721,motionIntensityG,0.7947620543577778
721,activeEnergyKcal,41.90743541924568
721,heartRateBpm,169.14360456837647
722,speedMps,2.8413089662861335
722,paceSecPerKm,351.95046081422714
722,cadenceSpm,168.1336836895221
722,distanceM,2183.2472227741623
722,motionIntensityG,0.7903707267466666
722,activeEnergyKcal,41.961047475726524
722,heartRateBpm,169.57211871401003
723,speedMps,2.9232566773111
723,paceSecPerKm,342.08422673298406
723,cadenceSpm,175.08484679986876
723,distanceM,2186.1704794514735
723,motionIntensityG,0.7859796960400001
723,activeEnergyKcal,42.01440299227868
723,heartRateBpm,172.36731008469854
724,speedMps,2.959453617427645
724,paceSecPerKm,337.90021040072907
724,cadenceSpm,178.4677530768263
724,distanceM,2189.129933068901
724,motionIntensityG,0.7815889531111111
724,activeEnergyKcal,42.067501985715175
724,heartRateBpm,171.4886887655551
725,speedMps,2.8568150243980255
725,paceSecPerKm,350.0401641197316
725,cadenceSpm,176.50556186014103
725,distanceM,2191.9867480932994
725,motionIntensityG,0.7771984888333332
725,activeEnergyKcal,42.12034447231581
725,heartRateBpm,172.55756177677117
726,speedMps,2.900343774862087
726,paceSecPerKm,344.7867141361719
726,cadenceSpm,169.19456990273574
726,distanceM,2194.8870918681614
726,motionIntensityG,0.7728082940800001
726,activeEnergyKcal,42.17293046782717
726,heartRateBpm,172.73473088928287
727,speedMps,2.7840431002055057
727,paceSecPerKm,359.1898415387982
727,cadenceSpm,172.79845675885844
727,distanceM,2197.671134968367
727,motionIntensityG,0.7684183597244443
727,activeEnergyKcal,42.22525998746266
727,heartRateBpm,171.7010133501012
728,speedMps,2.7852662013579392
728,paceSecPerKm,359.0321095744659
728,cadenceSpm,164.58156865274242
728,distanceM,2200.456401169725
728,motionIntensityG,0.76402867664
728,activeEnergyKcal,42.27733304590243
728,heartRateBpm,170.93108973679372
729,speedMps,2.7564444890539797
729,paceSecPerKm,362.78619212941345
729,cadenceSpm,174.77565704491732
729,distanceM,2203.212845658779
729,motionIntensityG,0.7596392356999999
729,activeEnergyKcal,42.32914965729344
729,heartRateBpm,171.78274780503938
730,speedMps,2.7582655336355177
730,paceSecPerKm,362.5466757299306
730,cadenceSpm,163.7783669811025
730,distanceM,2205.9711111924144
730,motionIntensityG,0.7552500277777778
730,activeEnergyKcal,42.38070983524944
730,heartRateBpm,172.3878028236597
731,speedMps,2.8082713273194613
731,paceSecPerKm,356.0909482897137
731,cadenceSpm,167.92927103701612
731,distanceM,2208.7793825197336
731,motionIntensityG,0.7508610437466667
731,activeEnergyKcal,42.43201359285096
731,heartRateBpm,173.77719242849767
732,speedMps,2.5990443656839366
732,paceSecPerKm,384.7568026168921
732,cadenceSpm,170.07383726340242
732,distanceM,2211.3784268854174
732,motionIntensityG,0.7464722744800001
732,activeEnergyKcal,42.48306094264531
732,heartRateBpm,173.35694842303698
733,speedMps,2.704691972628647
733,paceSecPerKm,369.72786924350424
733,cadenceSpm,166.3702518452921
733,distanceM,2214.083118858046
733,motionIntensityG,0.7420837108511111
733,activeEnergyKcal,42.533851896646595
733,heartRateBpm,173.3707192575015
734,speedMps,2.6987487548370797
734,paceSecPerKm,370.54208851700565
734,cadenceSpm,170.977468970013
734,distanceM,2216.781867612883
734,motionIntensityG,0.7376953437333333
734,activeEnergyKcal,42.58438646633571
734,heartRateBpm,172.96977128209252
735,speedMps,2.6102588215517324
735,paceSecPerKm,383.1037718342143
735,cadenceSpm,163.17719643126276
735,distanceM,2219.392126434435
735,motionIntensityG,0.733307164
735,activeEnergyKcal,42.634664662660334
735,heartRateBpm,173.70310820347854
736,speedMps,2.715502905250148
736,paceSecPerKm,368.25591240083077
736,cadenceSpm,170.91250720083931
736,distanceM,2222.107629339685
736,motionIntensityG,0.7289191625244444
736,activeEnergyKcal,42.68468649603493
736,heartRateBpm,172.24157923986644
737,speedMps,2.7121797334268063
737,paceSecPerKm,368.70712795147693
737,cadenceSpm,169.0167004053279
737,distanceM,2224.8198090731116
737,motionIntensityG,0.72453133018
737,activeEnergyKcal,42.73445197634075
737,heartRateBpm,172.68898187524988
738,speedMps,2.5238931028599794
738,paceSecPerKm,396.2132940047414
738,cadenceSpm,171.48912001017757
738,distanceM,2227.3437021759714
738,motionIntensityG,0.72014365784
738,activeEnergyKcal,42.78396111292584
738,heartRateBpm,172.27089067830377
739,speedMps,2.734877185098378
739,paceSecPerKm,365.6471323278191
739,cadenceSpm,165.0103832842235
739,distanceM,2230.07857936107
739,motionIntensityG,0.7157561363777778
739,activeEnergyKcal,42.83321391460502
739,heartRateBpm,174.70642912359963
740,speedMps,2.782552283204931
740,paceSecPerKm,359.38228583730495
740,cadenceSpm,163.72218022992226
740,distanceM,2232.861131644275
740,motionIntensityG,0.7113687566666667
740,activeEnergyKcal,42.8822103896599
740,heartRateBpm,173.34684429548176
741,speedMps,2.6796145523251327
741,paceSecPerKm,373.1880016595254
741,cadenceSpm,171.4771833419632
741,distanceM,2235.5407461966
741,motionIntensityG,0.7069815095800001
741,activeEnergyKcal,42.93095054583889
741,heartRateBpm,171.90885966926905
742,speedMps,2.748975249151153
742,paceSecPerKm,363.77191839351286
742,cadenceSpm,170.82890778222853
742,distanceM,2238.289721445751
742,motionIntensityG,0.7025943859911112
742,activeEnergyKcal,42.97943439035717
742,heartRateBpm,173.1761384720643
743,speedMps,2.7768710886446955
743,paceSecPerKm,360.11754527937734
743,cadenceSpm,169.53882217932696
743,distanceM,2241.066592534396
743,motionIntensityG,0.6982073767733333
743,activeEnergyKcal,43.02766192989672
743,heartRateBpm,173.36452367019604
744,speedMps,2.641247547330856
744,paceSecPerKm,378.60896492286827
744,cadenceSpm,173.58823520845985
744,distanceM,2243.7078400817268
744,motionIntensityG,0.6938204727999999
744,activeEnergyKcal,43.0756331706063
744,heartRateBpm,171.47536909338626
745,speedMps,2.5417167821463518
745,paceSecPerKm,393.4348653729824
745,cadenceSpm,164.63793347577763
745,distanceM,2246.2495568638733
745,motionIntensityG,0.6894336649444445
745,activeEnergyKcal,43.12334811810146
745,heartRateBpm,169.52255523418572
746,speedMps,2.705058581797995
746,paceSecPerKm,369.6777610395858
746,cadenceSpm,169.46560154417554
746,distanceM,2248.954615445671
746,motionIntensityG,0.68504694408
746,activeEnergyKcal,43.170806777464534
746,heartRateBpm,169.05395965060308
747,speedMps,2.6736099781437255
747,paceSecPerKm,374.02613252299994
747,cadenceSpm,163.0511089376098
747,distanceM,2251.628225423815
747,motionIntensityG,0.68066030108
747,activeEnergyKcal,43.21800915324465
747,heartRateBpm,167.35343078668504
748,speedMps,2.649372527832846
748,paceSecPerKm,377.4478634071093
748,cadenceSpm,170.04339558731095
748,distanceM,2254.2775979516477
748,motionIntensityG,0.6762737268177779
748,activeEnergyKcal,43.264955249457714
748,heartRateBpm,164.34059100503222
749,speedMps,2.6191246023359196
749,paceSecPerKm,381.80695912982895
749,cadenceSpm,162.72369462076014
749,distanceM,2256.8967225539836
749,motionIntensityG,0.6718872121666668
749,activeEnergyKcal,43.311645069586426
749,heartRateBpm,161.2308092176626
750,speedMps,2.6122237620389503
750,paceSecPerKm,382.81559739716096
750,cadenceSpm,164.3250539792894
750,distanceM,2259.5089463160225
750,motionIntensityG,0.6675007479999999
750,activeEnergyKcal,43.358078616580265
750,heartRateBpm,163.51126163675303
751,speedMps,2.6076437834377293
751,paceSecPerKm,383.48796194918623
751,cadenceSpm,164.32023050216216
751,distanceM,2262.11659009946
751,motionIntensityG,0.6631143251911111
751,activeEnergyKcal,43.4042558928555
751,heartRateBpm,161.87109278573658
752,speedMps,2.570878277348814
752,paceSecPerKm,388.97213019016885
752,cadenceSpm,165.29290974522797
752,distanceM,2264.687468376809
752,motionIntensityG,0.6587279346133333
752,activeEnergyKcal,43.450176900295205
752,heartRateBpm,161.44335928403095
753,speedMps,2.624102275862709
753,paceSecPerKm,381.0827074837381
753,cadenceSpm,163.24054746279748
753,distanceM,2267.311570652672
753,motionIntensityG,0.6543415671399999
753,activeEnergyKcal,43.49584164024921
753,heartRateBpm,161.73301722599234
754,speedMps,2.5346538912920207
754,paceSecPerKm,394.531183699506
754,cadenceSpm,165.09305216110087
754,distanceM,2269.846224543964
754,motionIntensityG,0.6499552136444444
754,activeEnergyKcal,43.541250113534154
754,heartRateBpm,162.27219280664121
755,speedMps,2.601520252463521
755,paceSecPerKm,384.39062661651224
755,cadenceSpm,164.28740095655044
755,distanceM,2272.4477447964277
755,motionIntensityG,0.645568865
755,activeEnergyKcal,43.58640232043345
755,heartRateBpm,162.13487710919242
756,speedMps,2.4927695306933737
756,paceSecPerKm,401.16023069402894
756,cadenceSpm,160.40098195920692
756,distanceM,2274.940514327121
756,motionIntensityG,0.64118251208
756,activeEnergyKcal,43.631298260697314
756,heartRateBpm,161.5810896644551
757,speedMps,2.486649272753336
757,paceSecPerKm,402.14758508856886
757,cadenceSpm,167.1012229461336
757,distanceM,2277.4271635998743
757,motionIntensityG,0.6367961457577778
757,activeEnergyKcal,43.675937933542734
757,heartRateBpm,159.62854330796944
758,speedMps,2.3878094664761913
758,paceSecPerKm,418.79388369950203
758,cadenceSpm,157.59357666113945
758,distanceM,2279.8149730663504
758,motionIntensityG,0.6324097569066667
758,activeEnergyKcal,43.72032133765349
758,heartRateBpm,160.96765103955642
759,speedMps,2.588603114488635
759,paceSecPerKm,386.30873709566123
759,cadenceSpm,162.1731439661501
759,distanceM,2282.403576180839
759,motionIntensityG,0.6280233364
759,activeEnergyKcal,43.76444847118015
759,heartRateBpm,160.60512422783393
760,speedMps,2.6411990636529783
760,paceSecPerKm,378.6159149310481
760,cadenceSpm,162.34962232994624
760,distanceM,2285.044775244492
760,motionIntensityG,0.6236368751111112
760,activeEnergyKcal,43.80831933174007
760,heartRateBpm,159.83538825485584
761,speedMps,2.478661622857186
761,paceSecPerKm,403.4435320974901
761,cadenceSpm,160.80559787205044
761,distanceM,2287.523436867349
761,motionIntensityG,0.6192503639133333
761,activeEnergyKcal,43.851933916417394
761,heartRateBpm,159.91106374428907
762,speedMps,2.5066427678412775
762,paceSecPerKm,398.93997374871276
762,cadenceSpm,161.935341971771
762,distanceM,2290.0300796351903
762,motionIntensityG,0.6148637936800001
762,activeEnergyKcal,43.89529222176305
762,heartRateBpm,158.3182477009419
763,speedMps,2.432519614631228
763,paceSecPerKm,411.09637677129314
763,cadenceSpm,160.28165303735926
763,distanceM,2292.4625992498213
763,motionIntensityG,0.6104771552844445
763,activeEnergyKcal,43.938394243794754
763,heartRateBpm,158.5005762776924
764,speedMps,2.544587172111168
764,paceSecPerKm,392.9910560581542
764,cadenceSpm,167.41798838584583
764,distanceM,2295.0071864219326
764,motionIntensityG,0.6060904396
764,activeEnergyKcal,43.98123997799701
764,heartRateBpm,159.23576570584035
765,speedMps,2.4947672620415955
765,paceSecPerKm,400.83899416799665
765,cadenceSpm,165.558046329847
765,distanceM,2297.501953683974
765,motionIntensityG,0.6017036375
765,activeEnergyKcal,44.023829419321096
765,heartRateBpm,159.713975882064
766,speedMps,2.4605389647995186
766,paceSecPerKm,406.4150230116265
766,cadenceSpm,159.0492361182202
766,distanceM,2299.9624926487736
766,motionIntensityG,0.6017205125
766,activeEnergyKcal,44.06641984654385
766,heartRateBpm,158.78127664327386
767,speedMps,2.484765518386242
767,paceSecPerKm,402.45246185219963
767,cadenceSpm,156.84506778784765
767,distanceM,2302.44725816716
767,motionIntensityG,0.6017373875
767,activeEnergyKcal,44.109011259665266
767,heartRateBpm,156.30796961471972
768,speedMps,2.432733358387859
768,paceSecPerKm,411.0602572008496
768,cadenceSpm,161.2616911641824
768,distanceM,2304.8799915255477
768,motionIntensityG,0.6017542625000001
768,activeEnergyKcal,44.15160365868534
768,heartRateBpm,157.9877100512726
769,speedMps,2.545819858949108
769,paceSecPerKm,392.8007696557097
769,cadenceSpm,165.67625193033027
769,distanceM,2307.4258113844967
769,motionIntensityG,0.6017711375
769,activeEnergyKcal,44.19419704360408
769,heartRateBpm,156.73331030351395
770,speedMps,2.544965120166188
770,paceSecPerKm,392.932693684501
770,cadenceSpm,173.80045265699138
770,distanceM,2309.970776504663
770,motionIntensityG,0.6017880125
770,activeEnergyKcal,44.236791414421475
770,heartRateBpm,156.8677218451129
771,speedMps,2.5498504953446823
771,paceSecPerKm,392.17985596634855
771,cadenceSpm,159.80469736100432
771,distanceM,2312.5206270000076
771,motionIntensityG,0.6018048874999999
771,activeEnergyKcal,44.27938677113754
771,heartRateBpm,156.385742157997
772,speedMps,2.533255637707817
772,paceSecPerKm,394.74894878940717
772,cadenceSpm,161.93299364326077
772,distanceM,2315.0538826377156
772,motionIntensityG,0.6018217625
772,activeEnergyKcal,44.32198311375226
772,heartRateBpm,156.68867728859848
773,speedMps,2.4516374401289185
773,paceSecPerKm,407.8906544792428
773,cadenceSpm,166.65204508259646
773,distanceM,2317.5055200778443
773,motionIntensityG,0.6018386375
773,activeEnergyKcal,44.36458044226565
773,heartRateBpm,156.38081916866219
774,speedMps,2.559230620065215
774,paceSecPerKm,390.74243335464536
774,cadenceSpm,167.2219102100625
774,distanceM,2320.0647506979094
774,motionIntensityG,0.6018555125
774,activeEnergyKcal,44.407178756677695
774,heartRateBpm,155.897770114539
775,speedMps,2.557987526609745
775,paceSecPerKm,390.9323206612193
775,cadenceSpm,165.07421648890622
775,distanceM,2322.6227382245193
775,motionIntensityG,0.6018723875
775,activeEnergyKcal,44.4497780569884
775,heartRateBpm,154.7645950248632
776,speedMps,2.5101684466516354
776,paceSecPerKm,398.3796391568543
776,cadenceSpm,165.49224230746557
776,distanceM,2325.132906671171
776,motionIntensityG,0.6018892625000001
776,activeEnergyKcal,44.49237834319777
776,heartRateBpm,153.65667467988484
777,speedMps,2.4546321199759285
777,paceSecPerKm,407.3930231181879
777,cadenceSpm,167.5678316561479
777,distanceM,2327.587538791147
777,motionIntensityG,0.6019061375000001
777,activeEnergyKcal,44.5349796153058
777,heartRateBpm,154.49157420504602
778,speedMps,2.470609632872882
778,paceSecPerKm,404.7583991798724
778,cadenceSpm,165.0611203159108
778,distanceM,2330.0581484240197
778,motionIntensityG,0.6019230124999999
778,activeEnergyKcal,44.577581873312496
778,heartRateBpm,154.64446546006874
779,speedMps,2.458367470483605
779,paceSecPerKm,406.77401243162484
779,cadenceSpm,166.37749712009403
779,distanceM,2332.5165158945033
779,motionIntensityG,0.6019398875
779,activeEnergyKcal,44.62018511721785
779,heartRateBpm,155.01711325384025
780,speedMps,2.482907467633988
780,paceSecPerKm,402.75363179479257
780,cadenceSpm,169.05351913298927
780,distanceM,2334.9994233621373
780,motionIntensityG,0.6019567625
780,activeEnergyKcal,44.662789347021864
780,heartRateBpm,155.64913940293582
781,speedMps,3.1944203699107985
781,paceSecPerKm,313.0458374919279
781,cadenceSpm,175.92322306948168
781,distanceM,2338.193843732048
781,motionIntensityG,0.9324401950000001
781,activeEnergyKcal,44.724701616753116
781,heartRateBpm,157.049449926444
782,speedMps,3.1594863017660715
782,paceSecPerKm,316.50714846936535
782,cadenceSpm,174.97172896735464
782,distanceM,2341.3533300338145
782,motionIntensityG,0.932425845
782,activeEnergyKcal,44.78661304810536
782,heartRateBpm,157.06567379578718
783,speedMps,3.0804232644417353
783,paceSecPerKm,324.6307127800601
783,cadenceSpm,173.11639254278825
783,distanceM,2344.4337532982563
783,motionIntensityG,0.932411495
783,activeEnergyKcal,44.84852364107859
783,heartRateBpm,157.3599949035643
784,speedMps,3.1854881955870433
784,paceSecPerKm,313.9236244495683
784,cadenceSpm,177.19592770098052
784,distanceM,2347.619241493843
784,motionIntensityG,0.9323971449999999
784,activeEnergyKcal,44.91043339567281
784,heartRateBpm,157.1183743471462
785,speedMps,3.281600895999148
785,paceSecPerKm,304.7293170900754
785,cadenceSpm,174.7969503096473
785,distanceM,2350.900842389842
785,motionIntensityG,0.9323827949999999
785,activeEnergyKcal,44.97234231188802
785,heartRateBpm,156.39764751621794
786,speedMps,3.099594837298973
786,paceSecPerKm,322.6228112030968
786,cadenceSpm,175.94627340146045
786,distanceM,2354.000437227141
786,motionIntensityG,0.932368445
786,activeEnergyKcal,45.03425038972422
786,heartRateBpm,155.38343110576918
787,speedMps,3.0292442185710473
787,paceSecPerKm,330.11534490002896
787,cadenceSpm,174.8014360693662
787,distanceM,2357.029681445712
787,motionIntensityG,0.932354095
787,activeEnergyKcal,45.09615762918141
787,heartRateBpm,157.47159632149106
788,speedMps,3.264286566904188
788,paceSecPerKm,306.3456530253067
788,cadenceSpm,175.83436075129586
788,distanceM,2360.293968012616
788,motionIntensityG,0.9323397449999999
788,activeEnergyKcal,45.158064030259595
788,heartRateBpm,157.50785957933428
789,speedMps,3.1722328771059907
789,paceSecPerKm,315.2353685055727
789,cadenceSpm,178.03644218612249
789,distanceM,2363.466200889722
789,motionIntensityG,0.9323253949999999
789,activeEnergyKcal,45.21996959295877
789,heartRateBpm,156.73943166911607
790,speedMps,3.114795574179654
790,paceSecPerKm,321.0483565244473
790,cadenceSpm,176.15831739555423
790,distanceM,2366.580996463902
790,motionIntensityG,0.9323110450000001
790,activeEnergyKcal,45.281874317278934
790,heartRateBpm,156.8478362562115
791,speedMps,3.215460148467347
791,paceSecPerKm,310.9974790005254
791,cadenceSpm,174.52467940878984
791,distanceM,2369.796456612369
791,motionIntensityG,0.932296695
791,activeEnergyKcal,45.34377820322008
791,heartRateBpm,158.83551457055157
792,speedMps,3.1788427097092167
792,paceSecPerKm,314.57989316227435
792,cadenceSpm,177.9782045671621
792,distanceM,2372.9752993220786
792,motionIntensityG,0.932282345
792,activeEnergyKcal,45.40568125078222
792,heartRateBpm,160.21668414243823
793,speedMps,3.10517457262318
793,paceSecPerKm,322.043085376428
793,cadenceSpm,175.6202789518114
793,distanceM,2376.0804738947018
793,motionIntensityG,0.9322679949999999
793,activeEnergyKcal,45.467583459965354
793,heartRateBpm,160.77072578607658
794,speedMps,3.123076707706604
794,paceSecPerKm,320.1970664160659
794,cadenceSpm,176.43135979806584
794,distanceM,2379.2035506024085
794,motionIntensityG,0.9322536449999999
794,activeEnergyKcal,45.529484830769476
794,heartRateBpm,162.82892195426035
795,speedMps,3.193056997152855
795,paceSecPerKm,313.1795019292382
795,cadenceSpm,174.9595467180116
795,distanceM,2382.3966075995613
795,motionIntensityG,0.932239295
795,activeEnergyKcal,45.59138536319459
795,heartRateBpm,162.58963641183587
796,speedMps,3.253073452025651
796,paceSecPerKm,307.40160489684354
796,cadenceSpm,178.46445055645967
796,distanceM,2385.649681051587
796,motionIntensityG,0.932224945
796,activeEnergyKcal,45.653285057240694
796,heartRateBpm,163.3439522358309
797,speedMps,3.1920975388398567
797,paceSecPerKm,313.273635229656
797,cadenceSpm,176.53320004395596
797,distanceM,2388.8417785904267
797,motionIntensityG,0.9322105949999999
797,activeEnergyKcal,45.71518391290778
797,heartRateBpm,163.4327244296009
798,speedMps,3.199228049995606
798,paceSecPerKm,312.57540393263724
798,cadenceSpm,172.2058526244467
798,distanceM,2392.0410066404224
798,motionIntensityG,0.9321962450000001
798,activeEnergyKcal,45.77708193019586
798,heartRateBpm,162.63461404050386
799,speedMps,3.023462438901785
799,paceSecPerKm,330.7466258331395
799,cadenceSpm,176.49426514371783
799,distanceM,2395.064469079324
799,motionIntensityG,0.932181895
799,activeEnergyKcal,45.83897910910493
799,heartRateBpm,165.0678167639747
800,speedMps,3.2345092416027277
800,paceSecPerKm,309.16591213834073
800,cadenceSpm,175.99913992690506
800,distanceM,2398.298978320927
800,motionIntensityG,0.932167545
800,activeEnergyKcal,45.900875449634995
800,heartRateBpm,166.30193056533585
801,speedMps,3.187859529012647
801,paceSecPerKm,313.6901080173137
801,cadenceSpm,173.85289476851563
801,distanceM,2401.4868378499395
801,motionIntensityG,0.9321531949999999
801,activeEnergyKcal,45.96277095178605
801,heartRateBpm,166.47362396219785
802,speedMps,3.067881590239425
802,paceSecPerKm,325.95782157353653
802,cadenceSpm,176.6288639198204
802,distanceM,2404.554719440179
802,motionIntensityG,0.9321388449999999
802,activeEnergyKcal,46.02466561555809
802,heartRateBpm,166.65394381329048
803,speedMps,3.316544230115787
803,paceSecPerKm,301.51866841380496
803,cadenceSpm,172.25269075110003
803,distanceM,2407.8712636702944
803,motionIntensityG,0.932124495
803,activeEnergyKcal,46.08655944095112
803,heartRateBpm,165.21727936817916
804,speedMps,3.138258143954333
804,paceSecPerKm,318.64810163129516
804,cadenceSpm,176.42529740244834
804,distanceM,2411.0095218142487
804,motionIntensityG,0.932110145
804,activeEnergyKcal,46.14845242796514
804,heartRateBpm,164.03139279549148
805,speedMps,3.1697259779702747
805,paceSecPerKm,315.4846844648531
805,cadenceSpm,176.51559759127127
805,distanceM,2414.179247792219
805,motionIntensityG,0.932095795
805,activeEnergyKcal,46.21034457660015
805,heartRateBpm,164.53129700446414
806,speedMps,3.218739391941304
806,paceSecPerKm,310.6806355630036
806,cadenceSpm,179.8281097482482
806,distanceM,2417.3979871841602
806,motionIntensityG,0.9320814449999999
806,activeEnergyKcal,46.27223588685615
806,heartRateBpm,163.27393304132372
807,speedMps,3.237726757006468
807,paceSecPerKm,308.8586761795113
807,cadenceSpm,178.23283125852257
807,distanceM,2420.6357139411666
807,motionIntensityG,0.9320670949999998
807,activeEnergyKcal,46.334126358733144
807,heartRateBpm,162.12806332034012
808,speedMps,3.3689553477841945
808,paceSecPerKm,296.8279174901243
808,cadenceSpm,174.8857633677001
808,distanceM,2424.004669288951
808,motionIntensityG,0.932052745
808,activeEnergyKcal,46.39601599223113
808,heartRateBpm,161.00587021126154
809,speedMps,3.0862727490642508
809,paceSecPerKm,324.0154326292766
809,cadenceSpm,176.99830701510356
809,distanceM,2427.0909420380153
809,motionIntensityG,0.932038395
809,activeEnergyKcal,46.4579047873501
809,heartRateBpm,162.17627907117938
810,speedMps,3.121416579877647
810,paceSecPerKm,320.3673634741819
810,cadenceSpm,177.25726770292772
810,distanceM,2430.212358617893
810,motionIntensityG,0.9320240450000001
810,activeEnergyKcal,46.51979274409006
810,heartRateBpm,161.79352066186252
811,speedMps,3.0229147451474696
811,paceSecPerKm,330.8065507322854
811,cadenceSpm,175.27196494901872
811,distanceM,2433.2352733630405
811,motionIntensityG,0.9320096949999999
811,activeEnergyKcal,46.58167986245101
811,heartRateBpm,160.7424381103446
812,speedMps,3.298805254748801
812,paceSecPerKm,303.14005307238074
812,cadenceSpm,177.18463371562845
812,distanceM,2436.5340786177894
812,motionIntensityG,0.931995345
812,activeEnergyKcal,46.64356614243295
812,heartRateBpm,160.0879884735342
813,speedMps,3.173849046515292
813,paceSecPerKm,315.0748461392465
813,cadenceSpm,175.38080280453042
813,distanceM,2439.707927664305
813,motionIntensityG,0.931980995
813,activeEnergyKcal,46.705451584035885
813,heartRateBpm,162.2316936366662
814,speedMps,3.120599276669559
814,paceSecPerKm,320.4512695610325
814,cadenceSpm,175.2149037139884
814,distanceM,2442.8285269409744
814,motionIntensityG,0.9319666449999999
814,activeEnergyKcal,46.76733618725981
814,heartRateBpm,161.11055070925568
815,speedMps,3.074655978862271
815,paceSecPerKm,325.23963880018687
815,cadenceSpm,178.16355947764546
815,distanceM,2445.9031829198366
815,motionIntensityG,0.9319522949999999
815,activeEnergyKcal,46.82921995210472
815,heartRateBpm,160.9749089423877
816,speedMps,3.201078570086454
816,paceSecPerKm,312.3947063795414
816,cadenceSpm,176.50828353024806
816,distanceM,2449.104261489923
816,motionIntensityG,0.9319379449999998
816,activeEnergyKcal,46.89110287857062
816,heartRateBpm,163.25157698032282
817,speedMps,3.178968593815351
817,paceSecPerKm,314.5674361003406
817,cadenceSpm,174.11815546881542
817,distanceM,2452.283230083738
817,motionIntensityG,0.931923595
817,activeEnergyKcal,46.95298496665751
817,heartRateBpm,163.72563798629724
818,speedMps,3.161849828650556
818,paceSecPerKm,316.27055495763045
818,cadenceSpm,176.02267756235398
818,distanceM,2455.445079912389
818,motionIntensityG,0.9319092449999999
818,activeEnergyKcal,47.01486621636539
818,heartRateBpm,163.49592784438602
819,speedMps,3.1468110542780257
819,paceSecPerKm,317.7820284571965
819,cadenceSpm,172.54103179337932
819,distanceM,2458.5918909666666
819,motionIntensityG,0.9318948949999999
819,activeEnergyKcal,47.07674662769426
819,heartRateBpm,162.47162613283297
820,speedMps,3.143575116424495
820,paceSecPerKm,318.10914737657066
820,cadenceSpm,177.64453973417997
820,distanceM,2461.735466083091
820,motionIntensityG,0.9318805450000001
820,activeEnergyKcal,47.138626200644126
820,heartRateBpm,165.2175659378012
821,speedMps,3.2023710432212473
821,paceSecPerKm,312.26862424852106
821,cadenceSpm,177.29562756931116
821,distanceM,2464.9378371263124
821,motionIntensityG,0.931866195
821,activeEnergyKcal,47.20050493521498
821,heartRateBpm,164.45883092749744
822,speedMps,3.1650484947012734
822,paceSecPerKm,315.95092513562986
822,cadenceSpm,177.119544768728
822,distanceM,2468.1028856210137
822,motionIntensityG,0.931851845
822,activeEnergyKcal,47.262382831406825
822,heartRateBpm,165.797033516795
823,speedMps,3.1257317052387865
823,paceSecPerKm,319.9250909231847
823,cadenceSpm,173.4563766135699
823,distanceM,2471.2286173262523
823,motionIntensityG,0.9318374949999999
823,activeEnergyKcal,47.324259889219654
823,heartRateBpm,165.9633413633718
824,speedMps,3.18084921432873
824,paceSecPerKm,314.38145369963246
824,cadenceSpm,176.05138759863152
824,distanceM,2474.409466540581
824,motionIntensityG,0.9318231450000001
824,activeEnergyKcal,47.386136108653474
824,heartRateBpm,163.89241988701679
825,speedMps,3.066908417042227
825,paceSecPerKm,326.0612525770871
825,cadenceSpm,174.2261113080468
825,distanceM,2477.476374957623
825,motionIntensityG,0.931808795
825,activeEnergyKcal,47.448011489708286
825,heartRateBpm,163.70672235150116
826,speedMps,3.0883993933266614
826,paceSecPerKm,323.7923184937725
826,cadenceSpm,173.77710224834834
826,distanceM,2480.56477435095
826,motionIntensityG,0.931794445
826,activeEnergyKcal,47.50988603238409
826,heartRateBpm,163.7125972255648
827,speedMps,3.2870919106946554
827,paceSecPerKm,304.22027347226555
827,cadenceSpm,173.2483704378784
827,distanceM,2483.8518662616443
827,motionIntensityG,0.9317800949999999
827,activeEnergyKcal,47.57175973668088
827,heartRateBpm,164.10309047010315
828,speedMps,3.0660932589966423
828,paceSecPerKm,326.14793991205704
828,cadenceSpm,178.26039572955054
828,distanceM,2486.917959520641
828,motionIntensityG,0.9317657450000001
828,activeEnergyKcal,47.63363260259867
828,heartRateBpm,163.30955553813968
829,speedMps,3.1299916434497166
829,paceSecPerKm,319.4896708726836
829,cadenceSpm,174.2826243917492
829,distanceM,2490.0479511640906
829,motionIntensityG,0.9317513949999998
829,activeEnergyKcal,47.695504630137435
829,heartRateBpm,163.54363090316573
830,speedMps,3.3290621293541474
830,paceSecPerKm,300.38490155604404
830,cadenceSpm,177.43691604004454
830,distanceM,2493.3770132934446
830,motionIntensityG,0.931737045
830,activeEnergyKcal,47.757375819297195
830,heartRateBpm,164.80064149442546
831,speedMps,3.13701964113217
831,paceSecPerKm,318.77390466037815
831,cadenceSpm,174.23289344297282
831,distanceM,2496.514032934577
831,motionIntensityG,0.9317226949999999
831,activeEnergyKcal,47.819246170077946
831,heartRateBpm,167.10224696184073
832,speedMps,3.151297383606484
832,paceSecPerKm,317.3296196043408
832,cadenceSpm,174.80577408862624
832,distanceM,2499.6653303181834
832,motionIntensityG,0.9317083450000001
832,activeEnergyKcal,47.88111568247969
832,heartRateBpm,167.59830124778748
833,speedMps,3.105880573707963
833,paceSecPerKm,321.9698814130988
833,cadenceSpm,176.11017791029525
833,distanceM,2502.7712108918913
833,motionIntensityG,0.9316939949999998
833,activeEnergyKcal,47.94298435650242
833,heartRateBpm,166.72842161520117
834,speedMps,3.2599542710170635
834,paceSecPerKm,306.75276916937025
834,cadenceSpm,175.19821303759235
834,distanceM,2506.0311651629086
834,motionIntensityG,0.931679645
834,activeEnergyKcal,48.004852192146146
834,heartRateBpm,167.68710154302323
835,speedMps,2.9283167342690346
835,paceSecPerKm,341.49311387575005
835,cadenceSpm,176.92563200804696
835,distanceM,2508.9594818971777
835,motionIntensityG,0.931665295
835,activeEnergyKcal,48.06671918941086
835,heartRateBpm,166.56904661971305
836,speedMps,3.201571784554089
836,paceSecPerKm,312.34658077150647
836,cadenceSpm,172.53106447424497
836,distanceM,2512.161053681732
836,motionIntensityG,0.9316509449999999
836,activeEnergyKcal,48.12858534829656
836,heartRateBpm,168.47604237966215
837,speedMps,3.1308743603346003
837,paceSecPerKm,319.3995941418514
837,cadenceSpm,175.971605241591
837,distanceM,2515.2919280420665
837,motionIntensityG,0.9316365949999998
837,activeEnergyKcal,48.19045066880325
837,heartRateBpm,169.9288360582824
838,speedMps,3.1286785542886615
838,paceSecPerKm,319.62375892826765
838,cadenceSpm,175.62590583827415
838,distanceM,2518.4206065963554
838,motionIntensityG,0.931622245
838,activeEnergyKcal,48.25231515093093
838,heartRateBpm,171.46425476938802
839,speedMps,3.0728053146886833
839,paceSecPerKm,325.43552148252957
839,cadenceSpm,173.0589749797445
839,distanceM,2521.493411911044
839,motionIntensityG,0.931607895
839,activeEnergyKcal,48.314178794679606
839,heartRateBpm,169.83513388547934
840,speedMps,3.100766321586585
840,paceSecPerKm,322.5009227681255
840,cadenceSpm,172.31555731564134
840,distanceM,2524.5941782326304
840,motionIntensityG,0.9315935449999999
840,activeEnergyKcal,48.37604160004927
840,heartRateBpm,169.5769363343888
841,speedMps,3.1166789496588
841,paceSecPerKm,320.85435046477136
841,cadenceSpm,173.71581170125168
841,distanceM,2527.710857182289
841,motionIntensityG,0.9315791949999999
841,activeEnergyKcal,48.437903567039925
841,heartRateBpm,171.7093687531043
842,speedMps,3.1853015650940057
842,paceSecPerKm,313.9420175968449
842,cadenceSpm,172.4584599992161
842,distanceM,2530.896158747383
842,motionIntensityG,0.931564845
842,activeEnergyKcal,48.499764695651564
842,heartRateBpm,172.33210714840604
843,speedMps,3.080160434331016
843,paceSecPerKm,324.6584135209799
843,cadenceSpm,176.03468538519223
843,distanceM,2533.976319181714
843,motionIntensityG,0.931550495
843,activeEnergyKcal,48.561624985884194
843,heartRateBpm,171.80862235864825
844,speedMps,3.2174694081449746
844,paceSecPerKm,310.80326590472475
844,cadenceSpm,174.5186423122901
844,distanceM,2537.193788589859
844,motionIntensityG,0.9315361449999999
844,activeEnergyKcal,48.623484437737815
844,heartRateBpm,173.56649216493935
845,speedMps,3.3555583264754776
845,paceSecPerKm,298.0129989426688
845,cadenceSpm,175.00341495108543
845,distanceM,2540.549346916335
845,motionIntensityG,0.9315217950000001
845,activeEnergyKcal,48.68534305121243
845,heartRateBpm,174.47954822958187
846,speedMps,2.973727308062626
846,paceSecPerKm,336.27831216692726
846,cadenceSpm,175.92537840941796
846,distanceM,2543.5230742243975
846,motionIntensityG,0.931507445
846,activeEnergyKcal,48.74720082630803
846,heartRateBpm,174.98432674005792
847,speedMps,3.125733006887043
847,paceSecPerKm,319.92495769685485
847,cadenceSpm,175.21120913917858
847,distanceM,2546.6488072312845
847,motionIntensityG,0.931493095
847,activeEnergyKcal,48.809057763024626
847,heartRateBpm,173.280509047095
848,speedMps,3.1208571168835078
848,paceSecPerKm,320.4247943906517
848,cadenceSpm,174.27813135554896
848,distanceM,2549.769664348168
848,motionIntensityG,0.9314787449999999
848,activeEnergyKcal,48.87091386136221
848,heartRateBpm,174.86965594842476
849,speedMps,3.2312367017179175
849,paceSecPerKm,309.4790299541784
849,cadenceSpm,175.06353155700305
849,distanceM,2553.000901049886
849,motionIntensityG,0.9314643949999999
849,activeEnergyKcal,48.93276912132078
849,heartRateBpm,174.95240363090593
850,speedMps,3.0880055767854016
850,paceSecPerKm,323.8336120626424
850,cadenceSpm,174.0533911517645
850,distanceM,2556.0889066266714
850,motionIntensityG,0.9314500450000001
850,activeEnergyKcal,48.99462354290034
850,heartRateBpm,176.5639296340969
851,speedMps,3.1600099580301895
851,paceSecPerKm,316.45469896663104
851,cadenceSpm,174.8631361685572
851,distanceM,2559.2489165847014
851,motionIntensityG,0.9314356949999998
851,activeEnergyKcal,49.056477126100894
851,heartRateBpm,174.9397963339727
852,speedMps,3.157498703064209
852,paceSecPerKm,316.7063850349473
852,cadenceSpm,174.1654061543809
852,distanceM,2562.4064152877654
852,motionIntensityG,0.931421345
852,activeEnergyKcal,49.11832987092244
852,heartRateBpm,173.5448315747789
853,speedMps,3.076960558040077
853,paceSecPerKm,324.9960411052416
853,cadenceSpm,175.10037922992635
853,distanceM,2565.4833758458053
853,motionIntensityG,0.9314069949999999
853,activeEnergyKcal,49.18018177736497
853,heartRateBpm,175.40818372216668
854,speedMps,3.015991722726633
854,paceSecPerKm,331.56589670476336
854,cadenceSpm,176.49976829770878
854,distanceM,2568.499367568532
854,motionIntensityG,0.9313926450000001
854,activeEnergyKcal,49.2420328454285
854,heartRateBpm,176.9141831675801
855,speedMps,3.083552117457438
855,paceSecPerKm,324.3013128717786
855,cadenceSpm,175.75000037563157
855,distanceM,2571.5829196859895
855,motionIntensityG,0.931378295
855,activeEnergyKcal,49.303883075113006
855,heartRateBpm,177.17934973269408
856,speedMps,3.082632405160071
856,paceSecPerKm,324.3980691068072
856,cadenceSpm,173.6572032315809
856,distanceM,2574.6655520911495
856,motionIntensityG,0.931363945
856,activeEnergyKcal,49.36573246641851
856,heartRateBpm,176.95228059565622
857,speedMps,3.1292197414823684
857,paceSecPerKm,319.56848115954995
857,cadenceSpm,178.35299800529302
857,distanceM,2577.794771832632
857,motionIntensityG,0.9313495949999999
857,activeEnergyKcal,49.427581019345
857,heartRateBpm,177.04079105237224
858,speedMps,2.947575664964126
858,paceSecPerKm,339.26185912251066
858,cadenceSpm,174.0740619396035
858,distanceM,2580.742347497596
858,motionIntensityG,0.9313352449999999
858,activeEnergyKcal,49.48942873389248
858,heartRateBpm,177.74562047442197
859,speedMps,3.0694153912143407
859,paceSecPerKm,325.79493895232406
859,cadenceSpm,176.89987597876214
859,distanceM,2583.8117628888103
859,motionIntensityG,0.9313208949999998
859,activeEnergyKcal,49.551275610060955
859,heartRateBpm,176.5820313039942
860,speedMps,3.225395126691138
860,paceSecPerKm,310.03953336590985
860,cadenceSpm,175.72333663863895
860,distanceM,2587.0371580155015
860,motionIntensityG,0.931306545
860,activeEnergyKcal,49.61312164785042
860,heartRateBpm,176.3882493255814
861,speedMps,3.2385306553959023
861,paceSecPerKm,308.7820083882308
861,cadenceSpm,175.62908191644894
861,distanceM,2590.2756886708976
861,motionIntensityG,0.9312921949999999
861,activeEnergyKcal,49.67496684726087
861,heartRateBpm,175.3774571523449
862,speedMps,3.137504744845691
862,paceSecPerKm,318.7246175939033
862,cadenceSpm,175.48061074707118
862,distanceM,2593.413193415743
862,motionIntensityG,0.9312778449999999
862,activeEnergyKcal,49.73681120829231
862,heartRateBpm,177.02237928498752
863,speedMps,3.0890117970948356
863,paceSecPerKm,323.72812591408143
863,cadenceSpm,176.12061544415394
863,distanceM,2596.502205212838
863,motionIntensityG,0.9312634949999998
863,activeEnergyKcal,49.79865473094474
863,heartRateBpm,177.53172235466363
864,speedMps,3.0787751181948515
864,paceSecPerKm,324.8044958172588
864,cadenceSpm,175.397138320205
864,distanceM,2599.5809803310326
864,motionIntensityG,0.931249145
864,activeEnergyKcal,49.86049741521816
864,heartRateBpm,176.9324856246826
865,speedMps,3.1461603550793247
865,paceSecPerKm,317.84775317810744
865,cadenceSpm,176.19810499497228
865,distanceM,2602.727140686112
865,motionIntensityG,0.931234795
865,activeEnergyKcal,49.922339261112576
865,heartRateBpm,175.3512768488198
866,speedMps,3.230223585941378
866,paceSecPerKm,309.5760938506589
866,cadenceSpm,177.853193323639
866,distanceM,2605.9573642720534
866,motionIntensityG,0.9312204449999999
866,activeEnergyKcal,49.98418026862798
866,heartRateBpm,174.60680724440303
867,speedMps,3.0787647898021016
867,paceSecPerKm,324.8055854452845
867,cadenceSpm,175.28216952506196
867,distanceM,2609.0361290618553
867,motionIntensityG,0.9312060950000001
867,activeEnergyKcal,50.046020437764376
867,heartRateBpm,174.46217969507805
868,speedMps,3.107277812767325
868,paceSecPerKm,321.8251023101811
868,cadenceSpm,176.09427966848634
868,distanceM,2612.1434068746225
868,motionIntensityG,0.931191745
868,activeEnergyKcal,50.107859768521756
868,heartRateBpm,175.12139993021862
869,speedMps,3.259977108368691
869,paceSecPerKm,306.7506202521787
869,cadenceSpm,177.17213140446935
869,distanceM,2615.4033839829913
869,motionIntensityG,0.931177395
869,activeEnergyKcal,50.16969826090013
869,heartRateBpm,173.73952043665474
870,speedMps,3.191178910083152
870,paceSecPerKm,313.363815748564
870,cadenceSpm,176.66761909689856
870,distanceM,2618.5945628930745
870,motionIntensityG,0.9311630449999999
870,activeEnergyKcal,50.23153591489949
870,heartRateBpm,173.81881124475575
871,speedMps,3.204112384625871
871,paceSecPerKm,312.09891538082405
871,cadenceSpm,175.87235910846744
871,distanceM,2621.7986752777
871,motionIntensityG,0.9311486949999999
871,activeEnergyKcal,50.29337273051984
871,heartRateBpm,171.8065877199632
872,speedMps,3.1137638902064024
872,paceSecPerKm,321.154729536578
872,cadenceSpm,176.52007730099186
872,distanceM,2624.9124391679065
872,motionIntensityG,0.931134345
872,activeEnergyKcal,50.355208707761186
872,heartRateBpm,170.79892331117816
873,speedMps,3.308754332061088
873,paceSecPerKm,302.2285427208131
873,cadenceSpm,173.53487277547836
873,distanceM,2628.2211934999677
873,motionIntensityG,0.9311199949999998
873,activeEnergyKcal,50.41704384662352
873,heartRateBpm,170.11656153443693
874,speedMps,3.3453547036453863
874,paceSecPerKm,298.92196451106184
874,cadenceSpm,174.12485958524877
874,distanceM,2631.566548203613
874,motionIntensityG,0.9311056449999999
874,activeEnergyKcal,50.47887814710684
874,heartRateBpm,169.52669622428812
875,speedMps,3.1813862064983387
875,paceSecPerKm,314.3283886619574
875,cadenceSpm,173.40427737280987
875,distanceM,2634.747934410111
875,motionIntensityG,0.9310912949999999
875,activeEnergyKcal,50.54071160921115
875,heartRateBpm,167.78616115800187
876,speedMps,3.1261244436807902
876,paceSecPerKm,319.8848983831785
876,cadenceSpm,176.8279447664805
876,distanceM,2637.874058853792
876,motionIntensityG,0.931076945
876,activeEnergyKcal,50.60254423293645
876,heartRateBpm,165.74618204314564
877,speedMps,3.131183196176457
877,paceSecPerKm,319.3680910210293
877,cadenceSpm,174.90398223141403
877,distanceM,2641.0052420499687
877,motionIntensityG,0.931062595
877,activeEnergyKcal,50.664376018282745
877,heartRateBpm,165.2067509990883
878,speedMps,2.9804929455966676
878,paceSecPerKm,335.5149695882971
878,cadenceSpm,177.1219262239874
878,distanceM,2643.9857349955655
878,motionIntensityG,0.9310482449999999
878,activeEnergyKcal,50.72620696525003
878,heartRateBpm,166.89369147653753
879,speedMps,3.0959352263517026
879,paceSecPerKm,323.0041738238869
879,cadenceSpm,177.42488513711845
879,distanceM,2647.081670221917
879,motionIntensityG,0.9310338949999999
879,activeEnergyKcal,50.788037073838304
879,heartRateBpm,166.1178676735059
880,speedMps,3.1084244676041943
880,paceSecPerKm,321.7063854766096
880,cadenceSpm,174.44683250576242
880,distanceM,2650.190094689521
880,motionIntensityG,0.9310195449999998
880,activeEnergyKcal,50.84986634404757
880,heartRateBpm,166.7213882631465
881,speedMps,3.2243338792357528
881,paceSecPerKm,310.1415788358198
881,cadenceSpm,175.20960888430977
881,distanceM,2653.414428568757
881,motionIntensityG,0.931005195
881,activeEnergyKcal,50.91169477587782
881,heartRateBpm,166.17405930030122
882,speedMps,3.12044132781572
882,paceSecPerKm,320.46748999443315
882,cadenceSpm,176.16074122887645
882,distanceM,2656.5348698965727
882,motionIntensityG,0.930990845
882,activeEnergyKcal,50.97352236932906
882,heartRateBpm,165.602327106178
883,speedMps,3.138831918810536
883,paceSecPerKm,318.5898531256657
883,cadenceSpm,176.16868355703397
883,distanceM,2659.673701815383
883,motionIntensityG,0.9309764949999999
883,activeEnergyKcal,51.03534912440129
883,heartRateBpm,164.91183451714963
884,speedMps,3.0909547185023007
884,paceSecPerKm,323.52463593660883
884,cadenceSpm,174.46237375784034
884,distanceM,2662.7646565338855
884,motionIntensityG,0.9309621449999999
884,activeEnergyKcal,51.097175041094516
884,heartRateBpm,165.90605376665394
885,speedMps,3.2036694652967284
885,paceSecPerKm,312.14206422739636
885,cadenceSpm,177.02038535233729
885,distanceM,2665.968325999182
885,motionIntensityG,0.9309477949999998
885,activeEnergyKcal,51.15900011940873
885,heartRateBpm,168.15368899666217
886,speedMps,3.2268100519116047
886,paceSecPerKm,309.9035840078615
886,cadenceSpm,172.93188804296773
886,distanceM,2669.195136051094
886,motionIntensityG,0.930933445
886,activeEnergyKcal,51.220824359343936
886,heartRateBpm,166.73802596780698
887,speedMps,3.2226865907866133
887,paceSecPerKm,310.3001088777652
887,cadenceSpm,177.53941287139125
887,distanceM,2672.4178226418803
887,motionIntensityG,0.9309190949999999
887,activeEnergyKcal,51.282647760900126
887,heartRateBpm,167.32534831037373
888,speedMps,3.2340696552747614
888,paceSecPerKm,309.2079350761669
888,cadenceSpm,175.74075758505143
888,distanceM,2675.651892297155
888,motionIntensityG,0.9309047449999999
888,activeEnergyKcal,51.34447032407731
888,heartRateBpm,166.43814833445762
889,speedMps,3.074531530097856
889,paceSecPerKm,325.2528036257192
889,cadenceSpm,175.60870863270776
889,distanceM,2678.726423827253
889,motionIntensityG,0.930890395
889,activeEnergyKcal,51.40629204887548
889,heartRateBpm,164.0816570168004
890,speedMps,3.192150507774672
890,paceSecPerKm,313.26843692502615
890,cadenceSpm,176.01537690481715
890,distanceM,2681.9185743350276
890,motionIntensityG,0.930876045
890,activeEnergyKcal,51.46811293529464
890,heartRateBpm,165.66000917088869
891,speedMps,3.220245520934581
891,paceSecPerKm,310.5353282844656
891,cadenceSpm,175.84990642171456
891,distanceM,2685.138819855962
891,motionIntensityG,0.9308616949999999
891,activeEnergyKcal,51.529932983334795
891,heartRateBpm,163.79723685423173
892,speedMps,3.1411279950170496
892,paceSecPerKm,318.35697290475173
892,cadenceSpm,173.89591826002544
892,distanceM,2688.279947850979
892,motionIntensityG,0.9308473449999999
892,activeEnergyKcal,51.59175219299594
892,heartRateBpm,163.79062756698175
893,speedMps,3.029790957099736
893,paceSecPerKm,330.05577419679435
893,cadenceSpm,175.29229274282193
893,distanceM,2691.3097388080787
893,motionIntensityG,0.9308329949999998
893,activeEnergyKcal,51.65357056427808
893,heartRateBpm,165.16907432963762
894,speedMps,3.147735253249798
894,paceSecPerKm,317.6887252406554
894,cadenceSpm,176.57519593734776
894,distanceM,2694.4574740613284
894,motionIntensityG,0.930818645
894,activeEnergyKcal,51.7153880971812
894,heartRateBpm,162.79337439912103
895,speedMps,3.220075485862232
895,paceSecPerKm,310.55172600471894
895,cadenceSpm,175.88294978118077
895,distanceM,2697.6775495471907
895,motionIntensityG,0.930804295
895,activeEnergyKcal,51.77720479170531
895,heartRateBpm,164.49389687827022
896,speedMps,3.165305000074738
896,paceSecPerKm,315.92532156502716
896,cadenceSpm,176.06734233452266
896,distanceM,2700.8428545472652
896,motionIntensityG,0.9307899449999999
896,activeEnergyKcal,51.83902064785041
896,heartRateBpm,163.54236976894506
897,speedMps,3.1505155685292343
897,paceSecPerKm,317.4083664239226
897,cadenceSpm,174.82536480805692
897,distanceM,2703.9933701157943
897,motionIntensityG,0.9307755949999998
897,activeEnergyKcal,51.900835665616505
897,heartRateBpm,162.5234726391518
898,speedMps,2.9730207448607993
898,paceSecPerKm,336.3582315154082
898,cadenceSpm,175.5852193613281
898,distanceM,2706.966390860655
898,motionIntensityG,0.930761245
898,activeEnergyKcal,51.96264984500359
898,heartRateBpm,162.48319557171774
899,speedMps,3.181725456968459
899,paceSecPerKm,314.29487349697285
899,cadenceSpm,174.6727684791887
899,distanceM,2710.148116317623
899,motionIntensityG,0.930746895
899,activeEnergyKcal,52.024463186011666
899,heartRateBpm,164.54938388559853
900,speedMps,3.2103779865866553
900,paceSecPerKm,311.48980094497284
900,cadenceSpm,176.67539214280546
900,distanceM,2713.3584943042097
900,motionIntensityG,0.9307325449999999
900,activeEnergyKcal,52.086275688640725
900,heartRateBpm,164.9317016175789
901,speedMps,3.1893936269790357
901,paceSecPerKm,313.5392231115702
901,cadenceSpm,173.8645269037153
901,distanceM,2716.5478879311886
901,motionIntensityG,0.9307181949999999
901,activeEnergyKcal,52.14808735289078
901,heartRateBpm,165.93345051891805
902,speedMps,3.1489293384524157
902,paceSecPerKm,317.5682565463548
902,cadenceSpm,175.04195982911952
902,distanceM,2719.696817269641
902,motionIntensityG,0.9307038449999998
902,activeEnergyKcal,52.20989817876182
902,heartRateBpm,166.11752343028334
903,speedMps,3.1507007445085113
903,paceSecPerKm,317.3897113976762
903,cadenceSpm,175.4578494779459
903,distanceM,2722.8475180141495
903,motionIntensityG,0.930689495
903,activeEnergyKcal,52.27170816625385
903,heartRateBpm,166.3192144357689
904,speedMps,3.1761463835381196
904,paceSecPerKm,314.84694949293674
904,cadenceSpm,175.08123073939973
904,distanceM,2726.0236643976878
904,motionIntensityG,0.9306751449999999
904,activeEnergyKcal,52.333517315366876
904,heartRateBpm,165.73316894323324
905,speedMps,3.127165731655136
905,paceSecPerKm,319.7783826668897
905,cadenceSpm,174.56995026261185
905,distanceM,2729.150830129343
905,motionIntensityG,0.9306607949999999
905,activeEnergyKcal,52.39532562610089
905,heartRateBpm,164.87453132423875
906,speedMps,3.00116092237373
906,paceSecPerKm,333.20439185549
906,cadenceSpm,175.90746512605898
906,distanceM,2732.151991051717
906,motionIntensityG,0.9306464449999998
906,activeEnergyKcal,52.4571330984559
906,heartRateBpm,164.69433668596108
907,speedMps,3.1222853558845896
907,paceSecPerKm,320.27822124435045
907,cadenceSpm,175.95778890653725
907,distanceM,2735.2742764076015
907,motionIntensityG,0.930632095
907,activeEnergyKcal,52.51893973243189
907,heartRateBpm,164.5874298967355
908,speedMps,3.258002134700407
908,paceSecPerKm,306.936569914788
908,cadenceSpm,173.94048568497547
908,distanceM,2738.532278542302
908,motionIntensityG,0.9306177449999999
908,activeEnergyKcal,52.58074552802887
908,heartRateBpm,163.93929228507804
909,speedMps,3.150972780282036
909,paceSecPerKm,317.3623099056071
909,cadenceSpm,177.94098022953258
909,distanceM,2741.683251322584
909,motionIntensityG,0.9306033949999999
909,activeEnergyKcal,52.64255048524684
909,heartRateBpm,163.6079421231661
910,speedMps,3.099718139371059
910,paceSecPerKm,322.6099777584625
910,cadenceSpm,175.73341756735573
910,distanceM,2744.782969461955
910,motionIntensityG,0.9305890449999998
910,activeEnergyKcal,52.70435460408581
910,heartRateBpm,162.40963788353935
911,speedMps,3.165978181295714
911,paceSecPerKm,315.8581464357212
911,cadenceSpm,176.14503357767978
911,distanceM,2747.948947643251
911,motionIntensityG,0.930574695
911,activeEnergyKcal,52.76615788454576
911,heartRateBpm,163.37682872461295
912,speedMps,3.2636892829003328
912,paceSecPerKm,306.4017169892267
912,cadenceSpm,175.3190620475485
912,distanceM,2751.2126369261514
912,motionIntensityG,0.930560345
912,activeEnergyKcal,52.82796032662671
912,heartRateBpm,162.31905894071255
913,speedMps,3.121761135141624
913,paceSecPerKm,320.3320038625035
913,cadenceSpm,176.57326775844604
913,distanceM,2754.334398061293
913,motionIntensityG,0.9305459949999999
913,activeEnergyKcal,52.88976193032864
913,heartRateBpm,162.87421721866676
914,speedMps,3.2668936893601486
914,paceSecPerKm,306.101175944865
914,cadenceSpm,173.80325330854498
914,distanceM,2757.601291750653
914,motionIntensityG,0.9305316449999999
914,activeEnergyKcal,52.95156269565156
914,heartRateBpm,162.48767109336936
915,speedMps,3.214168266582248
915,paceSecPerKm,311.12247930421495
915,cadenceSpm,178.52537014265164
915,distanceM,2760.8154600172356
915,motionIntensityG,0.9305172949999998
915,activeEnergyKcal,53.01336262259547
915,heartRateBpm,161.8075941671055
916,speedMps,3.108730540840675
916,paceSecPerKm,321.6747115462687
916,cadenceSpm,173.76835993308782
916,distanceM,2763.924190558076
916,motionIntensityG,0.930502945
916,activeEnergyKcal,53.075161711160376
916,heartRateBpm,163.38554391348057
917,speedMps,3.2572524992486924
917,paceSecPerKm,307.00720936760564
917,cadenceSpm,174.15300595157754
917,distanceM,2767.181443057325
917,motionIntensityG,0.9304885949999999
917,activeEnergyKcal,53.13695996134627
917,heartRateBpm,163.5956385240611
918,speedMps,3.2883156429344673
918,paceSecPerKm,304.1070592321873
918,cadenceSpm,175.60665817218057
918,distanceM,2770.4697587002593
918,motionIntensityG,0.9304742449999999
918,activeEnergyKcal,53.19875737315316
918,heartRateBpm,164.20346885223563
919,speedMps,3.1689456352987486
919,paceSecPerKm,315.56237155382
919,cadenceSpm,175.58478628961552
919,distanceM,2773.638704335558
919,motionIntensityG,0.930459895
919,activeEnergyKcal,53.260553946581034
919,heartRateBpm,166.21874206825544
920,speedMps,3.0890887833794833
920,paceSecPerKm,323.7200579602615
920,cadenceSpm,175.3232375253093
920,distanceM,2776.7277931189374
920,motionIntensityG,0.930445545
920,activeEnergyKcal,53.322349681629895
920,heartRateBpm,167.48104647609264
921,speedMps,3.1687806788270088
921,paceSecPerKm,315.5787987100992
921,cadenceSpm,175.3791241941606
921,distanceM,2779.896573797764
921,motionIntensityG,0.9304311949999999
921,activeEnergyKcal,53.38414457829975
921,heartRateBpm,166.5282320569409
922,speedMps,3.1127786623717246
922,paceSecPerKm,321.2563784532204
922,cadenceSpm,175.7399316931362
922,distanceM,2783.0093524601357
922,motionIntensityG,0.9304168449999999
922,activeEnergyKcal,53.44593863659059
922,heartRateBpm,165.41041460782287
923,speedMps,3.1576605001495643
923,paceSecPerKm,316.69015714407374
923,cadenceSpm,175.31867493715265
923,distanceM,2786.1670129602853
923,motionIntensityG,0.930402495
923,activeEnergyKcal,53.507731856502424
923,heartRateBpm,166.4371864800699
924,speedMps,3.148122428174871
924,paceSecPerKm,317.64965398113554
924,cadenceSpm,174.5836943742216
924,distanceM,2789.31513538846
924,motionIntensityG,0.930388145
924,activeEnergyKcal,53.56952423803525
924,heartRateBpm,165.62220549505102
925,speedMps,3.2462616230675705
925,paceSecPerKm,308.0466444522254
925,cadenceSpm,174.22921464965904
925,distanceM,2792.561397011528
925,motionIntensityG,0.930373795
925,activeEnergyKcal,53.631315781189066
925,heartRateBpm,165.10883616848096
926,speedMps,3.1274842573890433
926,paceSecPerKm,319.74581411157686
926,cadenceSpm,174.14683067275632
926,distanceM,2795.6888812689167
926,motionIntensityG,0.9303594449999999
926,activeEnergyKcal,53.69310648596387
926,heartRateBpm,163.97256957854256
927,speedMps,3.1641098506847842
927,paceSecPerKm,316.0446530589251
927,cadenceSpm,174.13939494705104
927,distanceM,2798.8529911196015
927,motionIntensityG,0.9303450949999998
927,activeEnergyKcal,53.75489635235966
927,heartRateBpm,163.71003342180634
928,speedMps,3.1500764454104213
928,paceSecPerKm,317.4526133983109
928,cadenceSpm,173.54433270191691
928,distanceM,2802.003067565012
928,motionIntensityG,0.9303307449999998
928,activeEnergyKcal,53.81668538037644
928,heartRateBpm,163.45243044440727
929,speedMps,3.1478216788199744
929,paceSecPerKm,317.68000288214245
929,cadenceSpm,173.56371984669522
929,distanceM,2805.150889243832
929,motionIntensityG,0.930316395
929,activeEnergyKcal,53.878473570014215
929,heartRateBpm,164.09254455409592
930,speedMps,2.9084332259741035
930,paceSecPerKm,343.82773208247755
930,cadenceSpm,174.1576978744784
930,distanceM,2808.059322469806
930,motionIntensityG,0.9303020449999999
930,activeEnergyKcal,53.94026092127298
930,heartRateBpm,162.95779825558157
931,speedMps,3.16728843062231
931,paceSecPerKm,315.72748169433993
931,cadenceSpm,177.08047194284174
931,distanceM,2811.226610900428
931,motionIntensityG,0.9302876949999999
931,activeEnergyKcal,54.002047434152736
931,heartRateBpm,162.52017298425847
932,speedMps,3.05834701663155
932,paceSecPerKm,326.9740139238338
932,cadenceSpm,175.80298360583632
932,distanceM,2814.2849579170597
932,motionIntensityG,0.9302733449999998
932,activeEnergyKcal,54.063833108653476
932,heartRateBpm,164.35820269203407
933,speedMps,3.040555260764368
933,paceSecPerKm,328.8872966408803
933,cadenceSpm,175.5315111330326
933,distanceM,2817.325513177824
933,motionIntensityG,0.930258995
933,activeEnergyKcal,54.12561794477521
933,heartRateBpm,162.86187579260843
934,speedMps,2.9724248622675846
934,paceSecPerKm,336.42566131583436
934,cadenceSpm,175.4934950444267
934,distanceM,2820.2979380400916
934,motionIntensityG,0.9302446449999999
934,activeEnergyKcal,54.18740194251793
934,heartRateBpm,162.7659634646871
935,speedMps,2.940615797862556
935,paceSecPerKm,340.06482612481017
935,cadenceSpm,175.89047205454722
935,distanceM,2823.238553837954
935,motionIntensityG,0.9302302949999999
935,activeEnergyKcal,54.24918510188164
935,heartRateBpm,165.23195576514752
936,speedMps,3.12327484193197
936,paceSecPerKm,320.1767537631841
936,cadenceSpm,173.69175253120756
936,distanceM,2826.361828679886
936,motionIntensityG,0.9302159449999998
936,activeEnergyKcal,54.31096742286635
936,heartRateBpm,165.53936440058214
937,speedMps,3.2165683701232197
937,paceSecPerKm,310.89032936106753
937,cadenceSpm,176.577704111259
937,distanceM,2829.5783970500092
937,motionIntensityG,0.9302015949999998
937,activeEnergyKcal,54.372748905472044
937,heartRateBpm,167.44364393746622
938,speedMps,3.1695962642309325
938,paceSecPerKm,315.49759547771265
938,cadenceSpm,176.5329759594875
938,distanceM,2832.7479933142404
938,motionIntensityG,0.9301872449999999
938,activeEnergyKcal,54.43452954969873
938,heartRateBpm,169.20589186308086
939,speedMps,3.12451499029079
939,paceSecPerKm,320.04967270358105
939,cadenceSpm,176.14408621449905
939,distanceM,2835.872508304531
939,motionIntensityG,0.9301728949999999
939,activeEnergyKcal,54.4963093555464
939,heartRateBpm,170.3984072031538
940,speedMps,3.096561932117125
940,paceSecPerKm,322.9388017814642
940,cadenceSpm,176.9042790461174
940,distanceM,2838.9690702366483
940,motionIntensityG,0.9301585449999998
940,activeEnergyKcal,54.55808832301506
940,heartRateBpm,169.99761392083641
941,speedMps,3.2074618112052287
941,paceSecPerKm,311.7730027233722
941,cadenceSpm,174.5787801847141
941,distanceM,2842.1765320478535
941,motionIntensityG,0.930144195
941,activeEnergyKcal,54.619866452104716
941,heartRateBpm,169.0000987386833
942,speedMps,3.15728100307451
942,paceSecPerKm,316.7282224883423
942,cadenceSpm,178.52148012157514
942,distanceM,2845.333813050928
942,motionIntensityG,0.930129845
942,activeEnergyKcal,54.68164374281536
942,heartRateBpm,166.91478555186904
943,speedMps,3.234346135616466
943,paceSecPerKm,309.18150317557155
943,cadenceSpm,176.8755286647042
943,distanceM,2848.568159186544
943,motionIntensityG,0.9301154949999999
943,activeEnergyKcal,54.743420195146996
943,heartRateBpm,165.18846000266285
944,speedMps,3.299738267064751
944,paceSecPerKm,303.0543391823437
944,cadenceSpm,173.52850246480997
944,distanceM,2851.8678974536087
944,motionIntensityG,0.9301011449999999
944,activeEnergyKcal,54.80519580909962
944,heartRateBpm,166.03880322469973
945,speedMps,3.07505589379305
945,paceSecPerKm,325.1973409714222
945,cadenceSpm,173.79897979050125
945,distanceM,2854.9429533474017
945,motionIntensityG,0.930086795
945,activeEnergyKcal,54.86697058467323
945,heartRateBpm,165.29236384985373
946,speedMps,2.975006955490789
946,paceSecPerKm,336.133667907687
946,cadenceSpm,176.39100839851386
946,distanceM,2857.9179603028924
946,motionIntensityG,0.930072445
946,activeEnergyKcal,54.928744521867834
946,heartRateBpm,166.40096787005447
947,speedMps,3.187155517070832
947,paceSecPerKm,313.75939913941005
947,cadenceSpm,176.3969707333763
947,distanceM,2861.1051158199634
947,motionIntensityG,0.9300580949999999
947,activeEnergyKcal,54.99051762068343
947,heartRateBpm,165.94607220330806
948,speedMps,3.240456574087057
948,paceSecPerKm,308.59848824906186
948,cadenceSpm,175.6967929008488
948,distanceM,2864.3455723940506
948,motionIntensityG,0.9300437449999999
948,activeEnergyKcal,55.05228988112001
948,heartRateBpm,168.57460428274868
949,speedMps,3.136515720692099
949,paceSecPerKm,318.82511967111753
949,cadenceSpm,176.5835751498775
949,distanceM,2867.4820881147425
949,motionIntensityG,0.9300293949999998
949,activeEnergyKcal,55.114061303177586
949,heartRateBpm,167.3217985336098
950,speedMps,3.0488031490393315
950,paceSecPerKm,327.9975620318737
950,cadenceSpm,176.1832155370045
950,distanceM,2870.530891263782
950,motionIntensityG,0.9300150449999998
950,activeEnergyKcal,55.17583188685615
950,heartRateBpm,167.36780176294022
951,speedMps,3.1437308903810797
951,paceSecPerKm,318.0933848567366
951,cadenceSpm,175.14539513406936
951,distanceM,2873.674622154163
951,motionIntensityG,0.9300006949999999
951,activeEnergyKcal,55.23760163215571
951,heartRateBpm,166.4113264600255
952,speedMps,3.3446255349510787
952,paceSecPerKm,298.9871331035649
952,cadenceSpm,177.8967576168708
952,distanceM,2877.019247689114
952,motionIntensityG,0.9299863449999999
952,activeEnergyKcal,55.29937053907625
952,heartRateBpm,166.44102856782766
953,speedMps,3.077226325122942
953,paceSecPerKm,324.9679725653744
953,cadenceSpm,177.14960103221307
953,distanceM,2880.0964740142367
953,motionIntensityG,0.9299719949999998
953,activeEnergyKcal,55.36113860761778
953,heartRateBpm,166.3099132710155
954,speedMps,3.1896991920797557
954,paceSecPerKm,313.50918684842424
954,cadenceSpm,178.56258665745332
954,distanceM,2883.2861732063166
954,motionIntensityG,0.9299576449999998
954,activeEnergyKcal,55.422905837780306
954,heartRateBpm,166.38869009007334
955,speedMps,3.057999170328193
955,paceSecPerKm,327.0112071000586
955,cadenceSpm,173.6468814574612
955,distanceM,2886.3441723766446
955,motionIntensityG,0.929943295
955,activeEnergyKcal,55.48467222956382
955,heartRateBpm,166.58037131188306
956,speedMps,3.2381699531520276
956,paceSecPerKm,308.81640385385026
956,cadenceSpm,174.96255049226164
956,distanceM,2889.5823423297966
956,motionIntensityG,0.9299289449999999
956,activeEnergyKcal,55.546437782968326
956,heartRateBpm,164.8396613198925
957,speedMps,3.2350548327069863
957,paceSecPerKm,309.1137713926268
957,cadenceSpm,172.76336103728022
957,distanceM,2892.8173971625038
957,motionIntensityG,0.9299145949999998
957,activeEnergyKcal,55.60820249799382
957,heartRateBpm,164.49802503991074
958,speedMps,3.08200841066766
958,paceSecPerKm,324.46374790501255
958,cadenceSpm,176.27266495842505
958,distanceM,2895.8994055731714
958,motionIntensityG,0.9299002449999998
958,activeEnergyKcal,55.6699663746403
958,heartRateBpm,167.10326429562093
959,speedMps,3.1354959634247765
959,paceSecPerKm,318.9288111561592
959,cadenceSpm,174.4161026156134
959,distanceM,2899.0349015365964
959,motionIntensityG,0.929885895
959,activeEnergyKcal,55.731729412907775
959,heartRateBpm,167.10568164112334
960,speedMps,3.0693690054176144
960,paceSecPerKm,325.79986252384185
960,cadenceSpm,174.68912448405254
960,distanceM,2902.104270542014
960,motionIntensityG,0.9298715449999999
960,activeEnergyKcal,55.79349161279624
960,heartRateBpm,167.24144603031152
961,speedMps,3.0538273494551915
961,paceSecPerKm,327.4579357534413
961,cadenceSpm,176.9606557446502
961,distanceM,2905.1580978914694
961,motionIntensityG,0.9298571949999999
961,activeEnergyKcal,55.85525297430569
961,heartRateBpm,166.60298742935413
962,speedMps,3.239572387310302
962,paceSecPerKm,308.68271501420696
962,cadenceSpm,172.34994318282142
962,distanceM,2908.3976702787795
962,motionIntensityG,0.9298428449999998
962,activeEnergyKcal,55.91701349743614
962,heartRateBpm,167.09252349809927
963,speedMps,3.142750026649847
963,paceSecPerKm,318.1926629608509
963,cadenceSpm,176.38806955843603
963,distanceM,2911.5404203054295
963,motionIntensityG,0.929828495
963,activeEnergyKcal,55.978773182187574
963,heartRateBpm,167.43594241912947
964,speedMps,3.230951620355864
964,paceSecPerKm,309.5063366779407
964,cadenceSpm,174.7188273017147
964,distanceM,2914.7713719257854
964,motionIntensityG,0.9298141449999999
964,activeEnergyKcal,56.04053202856
964,heartRateBpm,168.53575121812432
965,speedMps,3.3744104919241233
965,paceSecPerKm,296.34805913307537
965,cadenceSpm,176.97523320967738
965,distanceM,2918.1457824177096
965,motionIntensityG,0.9297997949999999
965,activeEnergyKcal,56.10229003655341
965,heartRateBpm,168.35577333830292
966,speedMps,3.141089401184136
966,paceSecPerKm,318.3608844826312
966,cadenceSpm,177.03595152317789
966,distanceM,2921.286871818894
966,motionIntensityG,0.9297854449999998
966,activeEnergyKcal,56.164047206167815
966,heartRateBpm,168.78551908324337
967,speedMps,3.093922634913189
967,paceSecPerKm,323.21428749237566
967,cadenceSpm,172.8133361918441
967,distanceM,2924.380794453807
967,motionIntensityG,0.929771095
967,activeEnergyKcal,56.22580353740321
967,heartRateBpm,166.22846887555278
968,speedMps,3.1256705645280087
968,paceSecPerKm,319.93134892352447
968,cadenceSpm,178.30623809853446
968,distanceM,2927.506465018335
968,motionIntensityG,0.9297567449999999
968,activeEnergyKcal,56.287559030259594
968,heartRateBpm,164.88404345173242
969,speedMps,3.0424471763514593
969,paceSecPerKm,328.6827813389393
969,cadenceSpm,177.08538813748075
969,distanceM,2930.548912194686
969,motionIntensityG,0.9297423949999999
969,activeEnergyKcal,56.34931368473697
969,heartRateBpm,163.80213315486012
970,speedMps,3.100940615490177
970,paceSecPerKm,322.4827960279808
970,cadenceSpm,177.42598102229428
970,distanceM,2933.6498528101765
970,motionIntensityG,0.9297280449999998
970,activeEnergyKcal,56.41106750083534
970,heartRateBpm,164.8784489935155
971,speedMps,3.1161766497210035
971,paceSecPerKm,320.9060693300335
971,cadenceSpm,173.69412390480912
971,distanceM,2936.7660294598977
971,motionIntensityG,0.929713695
971,activeEnergyKcal,56.47282047855469
971,heartRateBpm,166.1931131133498
972,speedMps,3.125509186632539
972,paceSecPerKm,319.947867783237
972,cadenceSpm,177.82465535015646
972,distanceM,2939.89153864653
972,motionIntensityG,0.9296993449999997
972,activeEnergyKcal,56.53457261789503
972,heartRateBpm,166.07337037975222
973,speedMps,3.1191462771476965
973,paceSecPerKm,320.60054615792177
973,cadenceSpm,174.4594375381563
973,distanceM,2943.0106849236777
973,motionIntensityG,0.9296849949999999
973,activeEnergyKcal,56.59632391885636
973,heartRateBpm,166.89897225631134
974,speedMps,3.1103185071554544
974,paceSecPerKm,321.51048122545853
974,cadenceSpm,176.80643178527262
974,distanceM,2946.1210034308333
974,motionIntensityG,0.9296706449999999
974,activeEnergyKcal,56.65807438143869
974,heartRateBpm,164.1528820517809
975,speedMps,3.1808021471056462
975,paceSecPerKm,314.38610569033494
975,cadenceSpm,177.67709712666382
975,distanceM,2949.301805577939
975,motionIntensityG,0.9296562949999998
975,activeEnergyKcal,56.719824005642
975,heartRateBpm,164.12911302022997
976,speedMps,3.1148711780708864
976,paceSecPerKm,321.0405640657421
976,cadenceSpm,173.2512520984613
976,distanceM,2952.41667675601
976,motionIntensityG,0.9296419449999997
976,activeEnergyKcal,56.78157279146631
976,heartRateBpm,163.42657501011297
977,speedMps,2.9929459738265414
977,paceSecPerKm,334.1189612993515
977,cadenceSpm,175.17919564718386
977,distanceM,2955.4096227298364
977,motionIntensityG,0.9296275949999999
977,activeEnergyKcal,56.84332073891161
977,heartRateBpm,161.65407649514347
978,speedMps,3.0981013762851335
978,paceSecPerKm,322.77833374164095
978,cadenceSpm,175.08563532945504
978,distanceM,2958.5077241061217
978,motionIntensityG,0.9296132449999999
978,activeEnergyKcal,56.90506784797789
978,heartRateBpm,161.65433276618364
979,speedMps,3.211693858560114
979,paceSecPerKm,311.36217959713196
979,cadenceSpm,177.8387271553748
979,distanceM,2961.7194179646817
979,motionIntensityG,0.9295988949999998
979,activeEnergyKcal,56.96681411866516
979,heartRateBpm,159.99035238594868
980,speedMps,3.101346531905362
980,paceSecPerKm,322.4405882130282
980,cadenceSpm,176.3365824658976
980,distanceM,2964.820764496587
980,motionIntensityG,0.929584545
980,activeEnergyKcal,57.028559550973426
980,heartRateBpm,159.7177449694927
981,speedMps,3.271934433812885
981,paceSecPerKm,305.62959626139866
981,cadenceSpm,174.402997885439
981,distanceM,2968.0926989304
981,motionIntensityG,0.9295701949999999
981,activeEnergyKcal,57.09030414490268
981,heartRateBpm,158.36028437538872
982,speedMps,3.214149445353154
982,paceSecPerKm,311.12430115710606
982,cadenceSpm,172.47099853602828
982,distanceM,2971.306848375753
982,motionIntensityG,0.9295558449999999
982,activeEnergyKcal,57.15204790045293
982,heartRateBpm,158.09854656168397
983,speedMps,3.172396429304625
983,paceSecPerKm,315.2191166156354
983,cadenceSpm,175.34926297091266
983,distanceM,2974.4792448050575
983,motionIntensityG,0.9295414949999998
983,activeEnergyKcal,57.213790817624165
983,heartRateBpm,157.14612355018446
984,speedMps,3.2327910395675223
984,paceSecPerKm,309.3302312956727
984,cadenceSpm,177.50447692280343
984,distanceM,2977.712035844625
984,motionIntensityG,0.9295271449999998
984,activeEnergyKcal,57.27553289641639
984,heartRateBpm,158.87282838028358
985,speedMps,3.01678258295299
985,paceSecPerKm,331.47897553198743
985,cadenceSpm,175.66720950763258
985,distanceM,2980.728818427578
985,motionIntensityG,0.929512795
985,activeEnergyKcal,57.3372741368296
985,heartRateBpm,159.6532470174728
986,speedMps,3.201831201379359
986,paceSecPerKm,312.32127401631817
986,cadenceSpm,174.86545852905124
986,distanceM,2983.9306496289573
986,motionIntensityG,0.9294984449999999
986,activeEnergyKcal,57.3990145388638
986,heartRateBpm,159.78734018130348
987,speedMps,3.177174992671085
987,paceSecPerKm,314.7450179189813
987,cadenceSpm,174.90406714781554
987,distanceM,2987.1078246216284
987,motionIntensityG,0.9294840949999998
987,activeEnergyKcal,57.460754102519
987,heartRateBpm,159.42627424730145
988,speedMps,3.2107282950945373
988,paceSecPerKm,311.45581565647734
988,cadenceSpm,175.61695793469246
988,distanceM,2990.318552916723
988,motionIntensityG,0.929469745
988,activeEnergyKcal,57.52249282779518
988,heartRateBpm,157.75945149858617
989,speedMps,3.1772339069239535
989,paceSecPerKm,314.73918172054016
989,cadenceSpm,175.08319357584952
989,distanceM,2993.495786823647
989,motionIntensityG,0.929455395
989,activeEnergyKcal,57.58423071469236
989,heartRateBpm,159.4677334707223
990,speedMps,3.209999163866151
990,paceSecPerKm,311.5265608965428
990,cadenceSpm,173.0432587086227
990,distanceM,2996.705785987513
990,motionIntensityG,0.9294410449999999
990,activeEnergyKcal,57.64596776321052
990,heartRateBpm,160.82820598746252
991,speedMps,3.0944606203834555
991,paceSecPerKm,323.15809527932635
991,cadenceSpm,175.0867873439935
991,distanceM,2999.8002466078965
991,motionIntensityG,0.9294266949999999
991,activeEnergyKcal,57.70770397334967
991,heartRateBpm,161.78795676743817
992,speedMps,3.116784649925373
992,paceSecPerKm,320.8434692541057
992,cadenceSpm,174.54837344853962
992,distanceM,3002.9170312578217
992,motionIntensityG,0.9294123449999998
992,activeEnergyKcal,57.76943934510982
992,heartRateBpm,162.5917320839108
993,speedMps,3.0724639686436617
993,paceSecPerKm,325.4716768709414
993,cadenceSpm,175.62282168696456
993,distanceM,3005.9894952264654
993,motionIntensityG,0.929397995
993,activeEnergyKcal,57.83117387849095
993,heartRateBpm,164.11808769279057
994,speedMps,3.183309795946926
994,paceSecPerKm,314.1384483763492
994,cadenceSpm,174.95591129826002
994,distanceM,3009.1728050224124
994,motionIntensityG,0.9293836449999997
994,activeEnergyKcal,57.892907573493076
994,heartRateBpm,165.99794149845692
995,speedMps,3.276623257966779
995,paceSecPerKm,305.19224252242026
995,cadenceSpm,172.0505104414546
995,distanceM,3012.4494282803794
995,motionIntensityG,0.9293692949999999
995,activeEnergyKcal,57.95464043011619
995,heartRateBpm,166.02192646034533
996,speedMps,3.1150308676164165
996,paceSecPerKm,321.02410618010595
996,cadenceSpm,174.92648094610973
996,distanceM,3015.564459147996
996,motionIntensityG,0.9293549449999998
996,activeEnergyKcal,58.0163724483603
996,heartRateBpm,166.75335249378548
997,speedMps,3.22900288873446
997,paceSecPerKm,309.69312647221847
997,cadenceSpm,178.54960135342495
997,distanceM,3018.7934620367305
997,motionIntensityG,0.9293405949999998
997,activeEnergyKcal,58.07810362822539
997,heartRateBpm,164.02703588778812
998,speedMps,3.043681841291428
998,paceSecPerKm,328.5494516653232
998,cadenceSpm,173.82341024722976
998,distanceM,3021.837143878022
998,motionIntensityG,0.9293262449999999
998,activeEnergyKcal,58.139833969711475
998,heartRateBpm,163.5964791132481
999,speedMps,3.1570645136710627
999,paceSecPerKm,316.7499414946042
999,cadenceSpm,176.16474156690478
999,distanceM,3024.994208391693
999,motionIntensityG,0.9293118949999999
999,activeEnergyKcal,58.20156347281855
999,heartRateBpm,165.66546178817978
1000,speedMps,3.138379304398391
1000,paceSecPerKm,318.63579988515573
1000,cadenceSpm,177.36011575313663
1000,distanceM,3028.1325876960914
1000,motionIntensityG,0.9292975449999998
1000,activeEnergyKcal,58.263292137546614
1000,heartRateBpm,164.81668654318986
1001,speedMps,3.0218240626969664
1001,paceSecPerKm,330.92595043653995
1001,cadenceSpm,176.40458573236035
1001,distanceM,3031.1544117587882
1001,motionIntensityG,0.9292831949999998
1001,activeEnergyKcal,58.32501996389567
1001,heartRateBpm,164.3516593869312
1002,speedMps,3.1337672568009043
1002,paceSecPerKm,319.10474456257054
1002,cadenceSpm,175.07928538000468
1002,distanceM,3034.2881790155893
1002,motionIntensityG,0.929268845
1002,activeEnergyKcal,58.38674695186572
1002,heartRateBpm,165.0289398917661
1003,speedMps,3.2086855286634792
1003,paceSecPerKm,311.65409980719807
1003,cadenceSpm,176.31955447604184
1003,distanceM,3037.4968645442527
1003,motionIntensityG,0.9292544949999999
1003,activeEnergyKcal,58.44847310145675
1003,heartRateBpm,165.63919814794343
1004,speedMps,3.2592959337459817
1004,paceSecPerKm,306.8147294163245
1004,cadenceSpm,175.18894210541484
1004,distanceM,3040.7561604779985
1004,motionIntensityG,0.9292401449999999
1004,activeEnergyKcal,58.51019841266877
1004,heartRateBpm,164.69300017462857
1005,speedMps,3.265971413916758
1005,paceSecPerKm,306.1876156474796
1005,cadenceSpm,176.43300350358786
1005,distanceM,3044.0221318919153
1005,motionIntensityG,0.9292257949999998
1005,activeEnergyKcal,58.571922885501785
1005,heartRateBpm,166.28948610554454
1006,speedMps,3.0336194977308426
1006,paceSecPerKm,329.63923153447666
1006,cadenceSpm,175.31223175960068
1006,distanceM,3047.055751389646
1006,motionIntensityG,0.9292114449999997
1006,activeEnergyKcal,58.63364651995579
1006,heartRateBpm,166.88860399431167
1007,speedMps,3.040458987996347
1007,paceSecPerKm,328.8977104930453
1007,cadenceSpm,176.26785899156968
1007,distanceM,3050.0962103776424
1007,motionIntensityG,0.9291970949999999
1007,activeEnergyKcal,58.695369316030785
1007,heartRateBpm,165.8954371970387
1008,speedMps,3.0560904747558335
1008,paceSecPerKm,327.2154434759969
1008,cadenceSpm,176.32048750068847
1008,distanceM,3053.152300852398
1008,motionIntensityG,0.9291827449999999
1008,activeEnergyKcal,58.75709127372677
1008,heartRateBpm,164.8158193115256
1009,speedMps,3.1411969588191107
1009,paceSecPerKm,318.3499834967165
1009,cadenceSpm,174.23065065944098
1009,distanceM,3056.293497811217
1009,motionIntensityG,0.9291683949999998
1009,activeEnergyKcal,58.81881239304375
1009,heartRateBpm,164.130911063903
1010,speedMps,3.0043720682857833
1010,paceSecPerKm,332.8482549002574
1010,cadenceSpm,174.49087809285186
1010,distanceM,3059.2978698795027
1010,motionIntensityG,0.929154045
1010,activeEnergyKcal,58.88053267398171
1010,heartRateBpm,163.87433565775947
1011,speedMps,3.362479922229635
1011,paceSecPerKm,297.399545314432
1011,cadenceSpm,174.7191965001091
1011,distanceM,3062.6603498017325
1011,motionIntensityG,0.9291396949999999
1011,activeEnergyKcal,58.942252116540665
1011,heartRateBpm,163.78921673307127
1012,speedMps,3.147106252798947
1012,paceSecPerKm,317.7522205075308
1012,cadenceSpm,174.64633778482093
1012,distanceM,3065.8074560545315
1012,motionIntensityG,0.9291253449999999
1012,activeEnergyKcal,59.00397072072061
1012,heartRateBpm,163.11733902416526
1013,speedMps,3.195394476822835
1013,paceSecPerKm,312.9504063593097
1013,cadenceSpm,176.4294300627476
1013,distanceM,3069.0028505313544
1013,motionIntensityG,0.9291109949999998
1013,activeEnergyKcal,59.065688486521545
1013,heartRateBpm,163.91891553784512
1014,speedMps,3.1658613952504964
1014,paceSecPerKm,315.8697981851716
1014,cadenceSpm,178.2790020163589
1014,distanceM,3072.168711926605
1014,motionIntensityG,0.9290966449999998
1014,activeEnergyKcal,59.12740541394347
1014,heartRateBpm,165.52621775353478
1015,speedMps,3.1615901961175767
1015,paceSecPerKm,316.29652737030784
1015,cadenceSpm,172.26582868964016
1015,distanceM,3075.3303021227225
1015,motionIntensityG,0.929082295
1015,activeEnergyKcal,59.18912150298639
1015,heartRateBpm,166.30251305374995
1016,speedMps,3.0675678071709065
1016,paceSecPerKm,325.9911639646067
1016,cadenceSpm,173.76101905643466
1016,distanceM,3078.397869929893
1016,motionIntensityG,0.9290679449999999
1016,activeEnergyKcal,59.25083675365029
1016,heartRateBpm,165.65798054588748
1017,speedMps,3.2360241865621915
1017,paceSecPerKm,309.0211760939759
1017,cadenceSpm,173.22502384208408
1017,distanceM,3081.6338941164554
1017,motionIntensityG,0.9290535949999998
1017,activeEnergyKcal,59.31255116593518
1017,heartRateBpm,164.05979559439453
1018,speedMps,2.990535287787538
1018,paceSecPerKm,334.3882963306617
1018,cadenceSpm,174.16016669811194
1018,distanceM,3084.624429404243
1018,motionIntensityG,0.9290392449999998
1018,activeEnergyKcal,59.37426473984107
1018,heartRateBpm,163.87354480649302
1019,speedMps,3.241467459217111
1019,paceSecPerKm,308.50224862091414
1019,cadenceSpm,176.67894803409064
1019,distanceM,3087.86589686346
1019,motionIntensityG,0.9290248949999997
1019,activeEnergyKcal,59.43597747536794
1019,heartRateBpm,164.92634149772553
1020,speedMps,3.2093772641615272
1020,paceSecPerKm,311.5869272107083
1020,cadenceSpm,177.100450758652
1020,distanceM,3091.0752741276215
1020,motionIntensityG,0.9290105449999999
1020,activeEnergyKcal,59.49768937251581
1020,heartRateBpm,162.43206988140687
1021,speedMps,2.340949042601654
1021,paceSecPerKm,427.177175496581
1021,cadenceSpm,165.04683993173708
1021,distanceM,3093.416223170223
1021,motionIntensityG,0.5645226975
1021,activeEnergyKcal,59.5381065685669
1021,heartRateBpm,162.4774116984919
1022,speedMps,1.6983558714616158
1022,paceSecPerKm,588.8047474640246
1022,cadenceSpm,143.51285800561507
1022,distanceM,3095.1145790416845
1022,motionIntensityG,0.2
1022,activeEnergyKcal,59.55722702745792
1022,heartRateBpm,159.57743025098173
1023,speedMps,1.678016752907102
1023,paceSecPerKm,595.941606820991
1023,cadenceSpm,148.6905587951191
1023,distanceM,3096.7925957945918
1023,motionIntensityG,0.2
1023,activeEnergyKcal,59.576347486348936
1023,heartRateBpm,159.281221173677
1024,speedMps,1.689686514814078
1024,paceSecPerKm,591.8257565723861
1024,cadenceSpm,147.23117997160634
1024,distanceM,3098.482282309406
1024,motionIntensityG,0.2
1024,activeEnergyKcal,59.59546794523995
1024,heartRateBpm,159.22042723393469
1025,speedMps,1.6587567643495469
1025,paceSecPerKm,602.8611436542553
1025,cadenceSpm,149.42334358861802
1025,distanceM,3100.1410390737556
1025,motionIntensityG,0.2
1025,activeEnergyKcal,59.61458840413097
1025,heartRateBpm,159.87211744982545
1026,speedMps,1.6409868221084605
1026,paceSecPerKm,609.3894152758195
1026,cadenceSpm,152.84715336791405
1026,distanceM,3101.782025895864
1026,motionIntensityG,0.2
1026,activeEnergyKcal,59.63370886302199
1026,heartRateBpm,159.98941247375046
1027,speedMps,1.5635861795746984
1027,paceSecPerKm,639.5554099051988
1027,cadenceSpm,156.1887781998289
1027,distanceM,3103.3456120754386
1027,motionIntensityG,0.2
1027,activeEnergyKcal,59.652829321913
1027,heartRateBpm,159.75359314038062
1028,speedMps,1.6694538855968404
1028,paceSecPerKm,598.9982763989277
1028,cadenceSpm,152.46543223640816
1028,distanceM,3105.0150659610354
1028,motionIntensityG,0.2
1028,activeEnergyKcal,59.67194978080402
1028,heartRateBpm,156.05142804024374
1029,speedMps,1.6615457907194298
1029,paceSecPerKm,601.8491970462106
1029,cadenceSpm,141.5321917921542
1029,distanceM,3106.676611751755
1029,motionIntensityG,0.2
1029,activeEnergyKcal,59.69107023969504
1029,heartRateBpm,155.24675600986265
1030,speedMps,1.676233585552861
1030,paceSecPerKm,596.5755659705247
1030,cadenceSpm,150.1574809977946
1030,distanceM,3108.352845337308
1030,motionIntensityG,0.2
1030,activeEnergyKcal,59.710190698586054
1030,heartRateBpm,154.6331190336374
1031,speedMps,1.6844413056953034
1031,paceSecPerKm,593.6686524005776
1031,cadenceSpm,145.49146296844074
1031,distanceM,3110.037286643003
1031,motionIntensityG,0.2
1031,activeEnergyKcal,59.72931115747707
1031,heartRateBpm,154.23258568422327
1032,speedMps,1.7108901887526766
1032,paceSecPerKm,584.4910483290861
1032,cadenceSpm,145.698974602905
1032,distanceM,3111.7481768317557
1032,motionIntensityG,0.2
1032,activeEnergyKcal,59.74843161636809
1032,heartRateBpm,152.29343328553094
1033,speedMps,1.7320938575312672
1033,paceSecPerKm,577.3359195588212
1033,cadenceSpm,150.44516224505074
1033,distanceM,3113.480270689287
1033,motionIntensityG,0.2
1033,activeEnergyKcal,59.767552075259104
1033,heartRateBpm,149.84556813243972
1034,speedMps,1.5844189852253339
1034,paceSecPerKm,631.14618628341
1034,cadenceSpm,151.3231406304945
1034,distanceM,3115.0646896745125
1034,motionIntensityG,0.2
1034,activeEnergyKcal,59.78667253415012
1034,heartRateBpm,149.66363691108936
1035,speedMps,1.707655426519921
1035,paceSecPerKm,585.5982327991825
1035,cadenceSpm,149.2029185925946
1035,distanceM,3116.7723451010324
1035,motionIntensityG,0.2
1035,activeEnergyKcal,59.80579299304114
1035,heartRateBpm,148.16464844376102
1036,speedMps,1.6924069222421365
1036,paceSecPerKm,590.8744444717697
1036,cadenceSpm,144.4402456455974
1036,distanceM,3118.4647520232747
1036,motionIntensityG,0.2
1036,activeEnergyKcal,59.824913451932154
1036,heartRateBpm,147.8601610820497
1037,speedMps,1.7194518655124518
1037,paceSecPerKm,581.5806886236783
1037,cadenceSpm,145.2516574045989
1037,distanceM,3120.184203888787
1037,motionIntensityG,0.2
1037,activeEnergyKcal,59.84403391082317
1037,heartRateBpm,147.75230264797673
1038,speedMps,1.672828907560899
1038,paceSecPerKm,597.7897652773526
1038,cadenceSpm,146.6057221445119
1038,distanceM,3121.857032796348
1038,motionIntensityG,0.2
1038,activeEnergyKcal,59.86315436971419
1038,heartRateBpm,146.27623594377113
1039,speedMps,1.7171731612925871
1039,paceSecPerKm,582.3524514250262
1039,cadenceSpm,144.53722571189795
1039,distanceM,3123.5742059576405
1039,motionIntensityG,0.2
1039,activeEnergyKcal,59.882274828605205
1039,heartRateBpm,145.15311062316746
1040,speedMps,1.6296409975347208
1040,paceSecPerKm,613.6320830862592
1040,cadenceSpm,146.63922936072257
1040,distanceM,3125.2038469551753
1040,motionIntensityG,0.2
1040,activeEnergyKcal,59.90139528749622
1040,heartRateBpm,141.5585068810785
1041,speedMps,1.6695092764360802
1041,paceSecPerKm,598.9784028841763
1041,cadenceSpm,145.69931588451516
1041,distanceM,3126.8733562316115
1041,motionIntensityG,0.2
1041,activeEnergyKcal,59.92051574638724
1041,heartRateBpm,140.12397155289108
1042,speedMps,1.626258760629431
1042,paceSecPerKm,614.9082939377727
1042,cadenceSpm,151.03378623270552
1042,distanceM,3128.499614992241
1042,motionIntensityG,0.2
1042,activeEnergyKcal,59.939636205278255
1042,heartRateBpm,140.7809122101914
1043,speedMps,1.7068150821564576
1043,paceSecPerKm,585.8865500160454
1043,cadenceSpm,148.2102539783718
1043,distanceM,3130.2064300743973
1043,motionIntensityG,0.2
1043,activeEnergyKcal,59.95875666416927
1043,heartRateBpm,137.83811927647744
1044,speedMps,1.6720724205866748
1044,paceSecPerKm,598.0602201722418
1044,cadenceSpm,143.21598226296385
1044,distanceM,3131.878502494984
1044,motionIntensityG,0.2
1044,activeEnergyKcal,59.97787712306029
1044,heartRateBpm,133.47223617562895
1045,speedMps,1.6270182634544954
1045,paceSecPerKm,614.6212507023699
1045,cadenceSpm,157.26876863386832
1045,distanceM,3133.5055207584383
1045,motionIntensityG,0.2
1045,activeEnergyKcal,59.996997581951305
1045,heartRateBpm,131.38112055955114
1046,speedMps,1.6355569352395092
1046,paceSecPerKm,611.4125277170868
1046,cadenceSpm,156.28522525942674
1046,distanceM,3135.1410776936777
1046,motionIntensityG,0.2
1046,activeEnergyKcal,60.01611804084232
1046,heartRateBpm,131.67131483092564
1047,speedMps,1.6444096692431327
1047,paceSecPerKm,608.1209680920125
1047,cadenceSpm,149.6382138206986
1047,distanceM,3136.785487362921
1047,motionIntensityG,0.2
1047,activeEnergyKcal,60.03523849973334
1047,heartRateBpm,131.39394938941598
1048,speedMps,1.5706894552725512
1048,paceSecPerKm,636.6630887112416
1048,cadenceSpm,150.11764896486198
1048,distanceM,3138.3561768181935
1048,motionIntensityG,0.2
1048,activeEnergyKcal,60.054358958624356
1048,heartRateBpm,129.85871857791608
1049,speedMps,1.6757410285481449
1049,paceSecPerKm,596.7509197208091
1049,cadenceSpm,150.12458645752218
1049,distanceM,3140.0319178467416
1049,motionIntensityG,0.2
1049,activeEnergyKcal,60.07347941751537
1049,heartRateBpm,129.54626605771475
1050,speedMps,3.240935872475102
1050,paceSecPerKm,308.55284996314975
1050,cadenceSpm,176.4039507701334
1050,distanceM,3143.2728537192165
1050,motionIntensityG,0.9311835449999999
1050,activeEnergyKcal,60.13531826919903
1050,heartRateBpm,132.24255871792153
1051,speedMps,3.1994496317908885
1051,paceSecPerKm,312.5537561409432
1051,cadenceSpm,178.70424765118497
1051,distanceM,3146.472303351007
1051,motionIntensityG,0.9311691949999998
1051,activeEnergyKcal,60.197156282503684
1051,heartRateBpm,134.16278190925846
1052,speedMps,3.115180266089846
1052,paceSecPerKm,321.0087104381903
1052,cadenceSpm,173.34113894511603
1052,distanceM,3149.587483617097
1052,motionIntensityG,0.9311548449999998
1052,activeEnergyKcal,60.25899345742933
1052,heartRateBpm,133.35819449268618
1053,speedMps,3.00198555160462
1053,paceSecPerKm,333.11286240717595
1053,cadenceSpm,175.87437224575348
1053,distanceM,3152.5894691687017
1053,motionIntensityG,0.931140495
1053,activeEnergyKcal,60.32082979397596
1053,heartRateBpm,133.06446761567807
1054,speedMps,3.1839780001922002
1054,paceSecPerKm,314.07252183891825
1054,cadenceSpm,175.26511066796164
1054,distanceM,3155.773447168894
1054,motionIntensityG,0.9311261449999999
1054,activeEnergyKcal,60.382665292143585
1054,heartRateBpm,136.77886398592082
1055,speedMps,3.1603043191573916
1055,paceSecPerKm,316.4252233362838
1055,cadenceSpm,175.3986826026951
1055,distanceM,3158.9337514880517
1055,motionIntensityG,0.9311117949999999
1055,activeEnergyKcal,60.4444999519322
1055,heartRateBpm,135.69245893344322
1056,speedMps,3.216652322237282
1056,paceSecPerKm,310.882215366213
1056,cadenceSpm,175.04775873931624
1056,distanceM,3162.150403810289
1056,motionIntensityG,0.9310974449999998
1056,activeEnergyKcal,60.5063337733418
1056,heartRateBpm,136.49590196937697
1057,speedMps,3.171114105312214
1057,paceSecPerKm,315.34658381570426
1057,cadenceSpm,177.23040170922204
1057,distanceM,3165.3215179156014
1057,motionIntensityG,0.931083095
1057,activeEnergyKcal,60.56816675637239
1057,heartRateBpm,137.78217293868326
1058,speedMps,3.199909232791876
1058,paceSecPerKm,312.50886423660023
1058,cadenceSpm,172.46948668885662
1058,distanceM,3168.5214271483933
1058,motionIntensityG,0.9310687449999999
1058,activeEnergyKcal,60.629998901023974
1058,heartRateBpm,137.96580475816086
1059,speedMps,3.276609212652777
1059,paceSecPerKm,305.1935507409471
1059,cadenceSpm,175.83913815668657
1059,distanceM,3171.798036361046
1059,motionIntensityG,0.9310543949999999
1059,activeEnergyKcal,60.69183020729655
1059,heartRateBpm,138.30811446141487
1060,speedMps,3.0739133788306345
1060,paceSecPerKm,325.31821061932976
1060,cadenceSpm,174.3754741477899
1060,distanceM,3174.8719497398765
1060,motionIntensityG,0.9310400449999998
1060,activeEnergyKcal,60.75366067519011
1060,heartRateBpm,139.4258548366537
1061,speedMps,3.12105509293164
1061,paceSecPerKm,320.4044690735304
1061,cadenceSpm,179.33438877970306
1061,distanceM,3177.9930048328083
1061,motionIntensityG,0.9310256949999998
1061,activeEnergyKcal,60.81549030470467
1061,heartRateBpm,141.5435278550311
1062,speedMps,2.9362150230726862
1062,paceSecPerKm,340.57451247338196
1062,cadenceSpm,177.65847826002042
1062,distanceM,3180.929219855881
1062,motionIntensityG,0.9310113449999999
1062,activeEnergyKcal,60.87731909584021
1062,heartRateBpm,141.7911105007989
1063,speedMps,3.179989296206203
1063,paceSecPerKm,314.4664672906358
1063,cadenceSpm,175.57754451134903
1063,distanceM,3184.1092091520873
1063,motionIntensityG,0.9309969949999999
1063,activeEnergyKcal,60.93914704859674
1063,heartRateBpm,142.96569313788433
1064,speedMps,3.2347509398791576
1064,paceSecPerKm,309.14281148253025
1064,cadenceSpm,174.9754870379872
1064,distanceM,3187.3439600919664
1064,motionIntensityG,0.9309826449999998
1064,activeEnergyKcal,61.00097416297426
1064,heartRateBpm,142.96065019675163
1065,speedMps,3.183972511022527
1065,paceSecPerKm,314.0730633000508
1065,cadenceSpm,178.2468510393567
1065,distanceM,3190.527932602989
1065,motionIntensityG,0.930968295
1065,activeEnergyKcal,61.06280043897277
1065,heartRateBpm,142.53125094974624
1066,speedMps,3.3668233643795893
1066,paceSecPerKm,297.0158787003285
1066,cadenceSpm,174.87676873655164
1066,distanceM,3193.894755967369
1066,motionIntensityG,0.9309539449999997
1066,activeEnergyKcal,61.124625876592276
1066,heartRateBpm,142.66698063183114
1067,speedMps,3.185398223203598
1067,paceSecPerKm,313.93249130222927
1067,cadenceSpm,173.75592602948316
1067,distanceM,3197.0801541905726
1067,motionIntensityG,0.9309395949999999
1067,activeEnergyKcal,61.18645047583277
1067,heartRateBpm,144.8316298567731
1068,speedMps,3.0866615129933272
1068,paceSecPerKm,323.9746229997982
1068,cadenceSpm,174.98618254986312
1068,distanceM,3200.166815703566
1068,motionIntensityG,0.9309252449999998
1068,activeEnergyKcal,61.24827423669426
1068,heartRateBpm,146.11205025023068
1069,speedMps,3.2314755707519733
1069,paceSecPerKm,309.45615342136017
1069,cadenceSpm,175.66340235354588
1069,distanceM,3203.398291274318
1069,motionIntensityG,0.9309108949999998
1069,activeEnergyKcal,61.31009715917673
1069,heartRateBpm,146.620991698631
1070,speedMps,3.1165945775873136
1070,paceSecPerKm,320.86303659494325
1070,cadenceSpm,176.0247618855959
1070,distanceM,3206.5148858519055
1070,motionIntensityG,0.9308965449999997
1070,activeEnergyKcal,61.37191924328019
1070,heartRateBpm,147.1199416792247
1071,speedMps,3.150486037611521
1071,paceSecPerKm,317.41134163480706
1071,cadenceSpm,177.1991668543662
1071,distanceM,3209.6653718895172
1071,motionIntensityG,0.9308821949999999
1071,activeEnergyKcal,61.43374048900464
1071,heartRateBpm,145.20253238977602
1072,speedMps,3.1364574235398397
1072,paceSecPerKm,318.83104565512934
1072,cadenceSpm,177.82600804452986
1072,distanceM,3212.801829313057
1072,motionIntensityG,0.9308678449999999
1072,activeEnergyKcal,61.495560896350085
1072,heartRateBpm,148.30190906842037
1073,speedMps,3.2083104435524183
1073,paceSecPerKm,311.69053543732036
1073,cadenceSpm,174.18393342124307
1073,distanceM,3216.0101397566095
1073,motionIntensityG,0.9308534949999998
1073,activeEnergyKcal,61.55738046531652
1073,heartRateBpm,149.0934354403602
1074,speedMps,3.2395796313275698
1074,paceSecPerKm,308.68202476943065
1074,cadenceSpm,175.88053928893672
1074,distanceM,3219.249719387937
1074,motionIntensityG,0.9308391449999998
1074,activeEnergyKcal,61.619199195903946
1074,heartRateBpm,149.01480801225887
1075,speedMps,3.036926332644399
1075,paceSecPerKm,329.2802954259518
1075,cadenceSpm,175.17880377278163
1075,distanceM,3222.2866457205814
1075,motionIntensityG,0.9308247949999999
1075,activeEnergyKcal,61.681017088112355
1075,heartRateBpm,149.69625689395707
1076,speedMps,3.128472570939717
1076,paceSecPerKm,319.64480343825556
1076,cadenceSpm,175.78330944645407
1076,distanceM,3225.415118291521
1076,motionIntensityG,0.9308104449999999
1076,activeEnergyKcal,61.742834141941756
1076,heartRateBpm,149.10412426896795
1077,speedMps,3.0704816979112106
1077,paceSecPerKm,325.6817979668404
1077,cadenceSpm,178.61039389642627
1077,distanceM,3228.4855999894326
1077,motionIntensityG,0.9307960949999998
1077,activeEnergyKcal,61.80465035739215
1077,heartRateBpm,150.04689008035697
1078,speedMps,3.067428578663218
1078,paceSecPerKm,326.0059604829655
1078,cadenceSpm,177.09056175605306
1078,distanceM,3231.5530285680957
1078,motionIntensityG,0.9307817449999998
1078,activeEnergyKcal,61.86646573446353
1078,heartRateBpm,151.4631803296286
1079,speedMps,3.2044574232918475
1079,paceSecPerKm,312.06531025546553
1079,cadenceSpm,178.09721218692493
1079,distanceM,3234.7574859913875
1079,motionIntensityG,0.9307673949999999
1079,activeEnergyKcal,61.928280273155906
1079,heartRateBpm,151.55656521083498
1080,speedMps,3.120356646339453
1080,paceSecPerKm,320.47618696828073
1080,cadenceSpm,174.55626742558067
1080,distanceM,3237.877842637727
1080,motionIntensityG,0.9307530449999999
1080,activeEnergyKcal,61.99009397346927
1080,heartRateBpm,152.9655824605848
1081,speedMps,3.23486035691803
1081,paceSecPerKm,309.1323549288343
1081,cadenceSpm,172.93501676840637
1081,distanceM,3241.112702994645
1081,motionIntensityG,0.9307386949999998
1081,activeEnergyKcal,62.05190683540363
1081,heartRateBpm,154.29933014691744
1082,speedMps,3.147938623645417
1082,paceSecPerKm,317.6682011804814
1082,cadenceSpm,176.09466125826847
1082,distanceM,3244.2606416182907
1082,motionIntensityG,0.9307243449999998
1082,activeEnergyKcal,62.11371885895897
1082,heartRateBpm,155.51677525058085
1083,speedMps,3.0835781230751427
1083,paceSecPerKm,324.2985778491435
1083,cadenceSpm,174.62236087614028
1083,distanceM,3247.344219741366
1083,motionIntensityG,0.930709995
1083,activeEnergyKcal,62.1755300441353
1083,heartRateBpm,157.64354401564347
1084,speedMps,3.059646346799647
1084,paceSecPerKm,326.8351589215492
1084,cadenceSpm,175.85924696150383
1084,distanceM,3250.4038660881656
1084,motionIntensityG,0.9306956449999999
1084,activeEnergyKcal,62.23734039093262
1084,heartRateBpm,159.79324439691592
1085,speedMps,3.1252095957730774
1085,paceSecPerKm,319.9785388322513
1085,cadenceSpm,176.52948503421737
1085,distanceM,3253.5290756839386
1085,motionIntensityG,0.9306812949999999
1085,activeEnergyKcal,62.29914989935094
1085,heartRateBpm,160.7537283510772
1086,speedMps,3.117068119509934
1086,paceSecPerKm,320.8142913980398
1086,cadenceSpm,174.25124019527487
1086,distanceM,3256.6461438034485
1086,motionIntensityG,0.9306669449999998
1086,activeEnergyKcal,62.36095856939024
1086,heartRateBpm,162.81564209984296
1087,speedMps,3.1978314314100027
1087,paceSecPerKm,312.7119178883908
1087,cadenceSpm,174.84238084997293
1087,distanceM,3259.8439752348586
1087,motionIntensityG,0.930652595
1087,activeEnergyKcal,62.42276640105054
1087,heartRateBpm,164.17124907717542
1088,speedMps,3.1561792277164122
1088,paceSecPerKm,316.83878761331596
1088,cadenceSpm,173.98297944222452
1088,distanceM,3263.000154462575
1088,motionIntensityG,0.9306382449999997
1088,activeEnergyKcal,62.48457339433182
1088,heartRateBpm,164.7492470362942
1089,speedMps,3.2884790448523713
1089,paceSecPerKm,304.0919483933925
1089,cadenceSpm,175.68466698443768
1089,distanceM,3266.2886335074277
1089,motionIntensityG,0.9306238949999999
1089,activeEnergyKcal,62.54637954923409
1089,heartRateBpm,164.60312865743728
1090,speedMps,3.1435832384197178
1090,paceSecPerKm,318.108325486142
1090,cadenceSpm,177.02925836124746
1090,distanceM,3269.432216745847
1090,motionIntensityG,0.9306095449999998
1090,activeEnergyKcal,62.60818486575735
1090,heartRateBpm,165.3826378497303
1091,speedMps,3.0704887997788672
1091,paceSecPerKm,325.6810446831849
1091,cadenceSpm,177.30931321572996
1091,distanceM,3272.502705545626
1091,motionIntensityG,0.9305951949999998
1091,activeEnergyKcal,62.669989343901605
1091,heartRateBpm,164.541279885306
1092,speedMps,3.0946722724423066
1092,paceSecPerKm,323.13599372214065
1092,cadenceSpm,175.5159113736007
1092,distanceM,3275.5973778180687
1092,motionIntensityG,0.9305808449999997
1092,activeEnergyKcal,62.73179298366685
1092,heartRateBpm,165.64521338375974
1093,speedMps,3.047000000374479
1093,paceSecPerKm,328.1916638914011
1093,cadenceSpm,175.5851945127499
1093,distanceM,3278.644377818443
1093,motionIntensityG,0.9305664949999999
1093,activeEnergyKcal,62.793595785053085
1093,heartRateBpm,163.72699887853256
1094,speedMps,3.123301985178873
1094,paceSecPerKm,320.17397124752557
1094,cadenceSpm,175.67585873211104
1094,distanceM,3281.767679803622
1094,motionIntensityG,0.9305521449999998
1094,activeEnergyKcal,62.855397748060305
1094,heartRateBpm,162.68289392153883
1095,speedMps,3.0820627455625353
1095,paceSecPerKm,324.4580278061409
1095,cadenceSpm,177.30217375392647
1095,distanceM,3284.849742549184
1095,motionIntensityG,0.9305377949999998
1095,activeEnergyKcal,62.917198872688516
1095,heartRateBpm,162.51272096183382
1096,speedMps,3.198420363376021
1096,paceSecPerKm,312.65433757571265
1096,cadenceSpm,172.65309710317297
1096,distanceM,3288.04816291256
1096,motionIntensityG,0.9305234449999997
1096,activeEnergyKcal,62.97899915893772
1096,heartRateBpm,164.75359088452495
1097,speedMps,3.314634174351977
1097,paceSecPerKm,301.69241834824913
1097,cadenceSpm,174.94332538668326
1097,distanceM,3291.362797086912
1097,motionIntensityG,0.9305090949999999
1097,activeEnergyKcal,63.04079860680791
1097,heartRateBpm,166.18315638548924
1098,speedMps,3.1245576453314494
1098,paceSecPerKm,320.04530353093264
1098,cadenceSpm,176.03186993817067
1098,distanceM,3294.4873547322436
1098,motionIntensityG,0.9304947449999998
1098,activeEnergyKcal,63.102597216299095
1098,heartRateBpm,163.79270138874654
1099,speedMps,3.3034621283271015
1099,paceSecPerKm,302.71271809809053
1099,cadenceSpm,176.115535195689
1099,distanceM,3297.790816860571
1099,motionIntensityG,0.9304803949999998
1099,activeEnergyKcal,63.16439498741127
1099,heartRateBpm,164.68658701437178
1100,speedMps,3.1420556508441093
1100,paceSecPerKm,318.26298166658864
1100,cadenceSpm,174.64624648111942
1100,distanceM,3300.932872511415
1100,motionIntensityG,0.930466045
1100,activeEnergyKcal,63.22619192014444
1100,heartRateBpm,163.9920962205517
1101,speedMps,3.1388003787783725
1101,paceSecPerKm,318.59305445515525
1101,cadenceSpm,174.8950992540264
1101,distanceM,3304.0716728901934
1101,motionIntensityG,0.9304516949999999
1101,activeEnergyKcal,63.28798801449859
1101,heartRateBpm,164.6551307001902
1102,speedMps,3.1756734539050875
1102,paceSecPerKm,314.8938373277366
1102,cadenceSpm,177.20600698880438
1102,distanceM,3307.2473463440983
1102,motionIntensityG,0.9304373449999999
1102,activeEnergyKcal,63.34978327047373
1102,heartRateBpm,164.63661993883383
1103,speedMps,3.093764965943484
1103,paceSecPerKm,323.2307596110608
1103,cadenceSpm,172.67552011530032
1103,distanceM,3310.341111310042
1103,motionIntensityG,0.9304229949999998
1103,activeEnergyKcal,63.41157768806986
1103,heartRateBpm,164.77139971542326
1104,speedMps,3.2908518177323396
1104,paceSecPerKm,303.8726917485699
1104,cadenceSpm,175.13305678203486
1104,distanceM,3313.6319631277743
1104,motionIntensityG,0.9304086449999998
1104,activeEnergyKcal,63.473371267286986
1104,heartRateBpm,164.33977751639068
1105,speedMps,3.1561079330759347
1105,paceSecPerKm,316.84594481704005
1105,cadenceSpm,172.58240114344522
1105,distanceM,3316.78807106085
1105,motionIntensityG,0.9303942949999999
1105,activeEnergyKcal,63.5351640081251
1105,heartRateBpm,163.17980441010073
1106,speedMps,3.057304444149516
1106,paceSecPerKm,327.0855154492738
1106,cadenceSpm,173.90100132204734
1106,distanceM,3319.8453755049995
1106,motionIntensityG,0.9303799449999999
1106,activeEnergyKcal,63.59695591058421
1106,heartRateBpm,164.99986333803213
1107,speedMps,3.0732364927573235
1107,paceSecPerKm,325.3898625623812
1107,cadenceSpm,173.08491752316414
1107,distanceM,3322.9186119977567
1107,motionIntensityG,0.9303655949999998
1107,activeEnergyKcal,63.6587469746643
1107,heartRateBpm,165.88066152720262
1108,speedMps,3.1975927316612753
1108,paceSecPerKm,312.73526177940136
1108,cadenceSpm,175.19935009412498
1108,distanceM,3326.116204729418
1108,motionIntensityG,0.9303512449999998
1108,activeEnergyKcal,63.72053720036538
1108,heartRateBpm,165.97015410853
1109,speedMps,3.18767859272315
1109,paceSecPerKm,313.70791342728387
1109,cadenceSpm,174.2136606164321
1109,distanceM,3329.303883322141
1109,motionIntensityG,0.9303368949999999
1109,activeEnergyKcal,63.78232658768745
1109,heartRateBpm,165.71695916664427
1110,speedMps,3.0662286486481802
1110,paceSecPerKm,326.13353881514143
1110,cadenceSpm,176.27252251739236
1110,distanceM,3332.370111970789
1110,motionIntensityG,0.9303225449999999
1110,activeEnergyKcal,63.84411513663051
1110,heartRateBpm,164.5085384107496
1111,speedMps,3.245679697852767
1111,paceSecPerKm,308.10187482811887
1111,cadenceSpm,173.63257019813193
1111,distanceM,3335.6157916686416
1111,motionIntensityG,0.9303081949999998
1111,activeEnergyKcal,63.90590284719457
1111,heartRateBpm,164.03714273061343
1112,speedMps,3.064089920454551
1112,paceSecPerKm,326.3611793258509
1112,cadenceSpm,174.35871499250908
1112,distanceM,3338.679881589096
1112,motionIntensityG,0.9302938449999998
1112,activeEnergyKcal,63.967689719379614
1112,heartRateBpm,166.0317504893376
1113,speedMps,3.065089906311693
1113,paceSecPerKm,326.2547039617926
1113,cadenceSpm,173.1592850509837
1113,distanceM,3341.7449714954078
1113,motionIntensityG,0.9302794949999997
1113,activeEnergyKcal,64.02947575318565
1113,heartRateBpm,165.27439830191804
1114,speedMps,3.2616251369580436
1114,paceSecPerKm,306.59562580286297
1114,cadenceSpm,175.5758638218029
1114,distanceM,3345.006596632366
1114,motionIntensityG,0.9302651449999999
1114,activeEnergyKcal,64.09126094861267
1114,heartRateBpm,165.27644274596648
1115,speedMps,3.1448005710055793
1115,paceSecPerKm,317.9851877476099
1115,cadenceSpm,176.84535535071976
1115,distanceM,3348.1513972033713
1115,motionIntensityG,0.9302507949999999
1115,activeEnergyKcal,64.15304530566068
1115,heartRateBpm,165.74333826403995
1116,speedMps,3.1452143361247518
1116,paceSecPerKm,317.94335556543007
1116,cadenceSpm,176.35265789632544
1116,distanceM,3351.296611539496
1116,motionIntensityG,0.9302364449999998
1116,activeEnergyKcal,64.21482882432969
1116,heartRateBpm,167.21138154897224
1117,speedMps,3.3118344246266385
1117,paceSecPerKm,301.94746227771805
1117,cadenceSpm,172.0611267306715
1117,distanceM,3354.608445964123
1117,motionIntensityG,0.9302220949999997
1117,activeEnergyKcal,64.27661150461968
1117,heartRateBpm,168.59253735295778
1118,speedMps,3.0372327568757775
1118,paceSecPerKm,329.2470745734486
1118,cadenceSpm,175.97424201964688
1118,distanceM,3357.6456787209986
1118,motionIntensityG,0.9302077449999997
1118,activeEnergyKcal,64.33839334653067
1118,heartRateBpm,166.95513234190707
1119,speedMps,3.2462431694446305
1119,paceSecPerKm,308.0483955769341
1119,cadenceSpm,173.67312648421535
1119,distanceM,3360.8919218904434
1119,motionIntensityG,0.9301933949999999
1119,activeEnergyKcal,64.40017435006264
1119,heartRateBpm,165.7799478609117
1120,speedMps,3.130311655893307
1120,paceSecPerKm,319.45700937392024
1120,cadenceSpm,177.47891094265597
1120,distanceM,3364.022233546337
1120,motionIntensityG,0.9301790449999998
1120,activeEnergyKcal,64.46195451521561
1120,heartRateBpm,165.3565074210812
1121,speedMps,3.1168651743143205
1121,paceSecPerKm,320.8351802448401
1121,cadenceSpm,175.94815554075123
1121,distanceM,3367.139098720651
1121,motionIntensityG,0.9301646949999998
1121,activeEnergyKcal,64.52373384198957
1121,heartRateBpm,165.78176106912906
1122,speedMps,3.175829851822474
1122,paceSecPerKm,314.87832996662036
1122,cadenceSpm,173.92488666952
1122,distanceM,3370.3149285724735
1122,motionIntensityG,0.9301503449999999
1122,activeEnergyKcal,64.58551233038452
1122,heartRateBpm,165.44456407264968
1123,speedMps,3.097629685521158
1123,paceSecPerKm,322.82748472942654
1123,cadenceSpm,175.05156243609883
1123,distanceM,3373.4125582579945
1123,motionIntensityG,0.9301359949999999
1123,activeEnergyKcal,64.64728998040044
1123,heartRateBpm,166.8451868023687
1124,speedMps,3.14718638470549
1124,paceSecPerKm,317.7441300775006
1124,cadenceSpm,174.15540134997661
1124,distanceM,3376.5597446427
1124,motionIntensityG,0.9301216449999998
1124,activeEnergyKcal,64.70906679203736
1124,heartRateBpm,167.88190325713873
1125,speedMps,3.188093684738594
1125,paceSecPerKm,313.66706843873516
1125,cadenceSpm,176.92607154251274
1125,distanceM,3379.747838327439
1125,motionIntensityG,0.9301072949999998
1125,activeEnergyKcal,64.77084276529527
1125,heartRateBpm,167.47719418572768
1126,speedMps,3.0496984352669596
1126,paceSecPerKm,327.9012732655528
1126,cadenceSpm,173.5214928342091
1126,distanceM,3382.797536762706
1126,motionIntensityG,0.9300929449999997
1126,activeEnergyKcal,64.83261790017417
1126,heartRateBpm,166.6334099287789
1127,speedMps,3.095021751821242
1127,paceSecPerKm,323.0995062996108
1127,cadenceSpm,174.1155972415063
1127,distanceM,3385.892558514527
1127,motionIntensityG,0.9300785949999999
1127,activeEnergyKcal,64.89439219667406
1127,heartRateBpm,165.60784229286512
1128,speedMps,3.1532297751328278
1128,paceSecPerKm,317.1351507226826
1128,cadenceSpm,174.5189263189772
1128,distanceM,3389.04578828966
1128,motionIntensityG,0.9300642449999998
1128,activeEnergyKcal,64.95616565479494
1128,heartRateBpm,164.81560418056407
1129,speedMps,3.19019370303366
1129,paceSecPerKm,313.46058988489233
1129,cadenceSpm,175.10562784253347
1129,distanceM,3392.2359819926937
1129,motionIntensityG,0.9300498949999998
1129,activeEnergyKcal,65.01793827453682
1129,heartRateBpm,165.4343571131356
1130,speedMps,3.118671504566042
1130,paceSecPerKm,320.6493529491329
1130,cadenceSpm,175.16431117106885
1130,distanceM,3395.3546534972597
1130,motionIntensityG,0.9300355449999997
1130,activeEnergyKcal,65.07971005589968
1130,heartRateBpm,166.64049196823507
1131,speedMps,3.25114167531717
1131,paceSecPerKm,307.5842580445048
1131,cadenceSpm,175.63593176148402
1131,distanceM,3398.605795172577
1131,motionIntensityG,0.9300211949999999
1131,activeEnergyKcal,65.14148099888354
1131,heartRateBpm,165.93397667574945
1132,speedMps,3.134753800562727
1132,paceSecPerKm,319.00431855939934
1132,cadenceSpm,178.1918846066408
1132,distanceM,3401.7405489731395
1132,motionIntensityG,0.9300068449999999
1132,activeEnergyKcal,65.20325110348838
1132,heartRateBpm,164.6585137661924
1133,speedMps,3.1484102814566137
1133,paceSecPerKm,317.6206118655379
1133,cadenceSpm,174.63366652470438
1133,distanceM,3404.888959254596
1133,motionIntensityG,0.9299924949999998
1133,activeEnergyKcal,65.26502036971422
1133,heartRateBpm,162.98769630011677
1134,speedMps,3.17163578899618
1134,paceSecPerKm,315.2947143141234
1134,cadenceSpm,174.13548987492612
1134,distanceM,3408.0605950435925
1134,motionIntensityG,0.9299781449999998
1134,activeEnergyKcal,65.32678879756105
1134,heartRateBpm,164.70261313575335
1135,speedMps,3.150475687501035
1135,paceSecPerKm,317.41238441144816
1135,cadenceSpm,179.54054043657794
1135,distanceM,3411.2110707310935
1135,motionIntensityG,0.9299637949999999
1135,activeEnergyKcal,65.38855638702887
1135,heartRateBpm,165.5329272511585
1136,speedMps,3.185769293117642
1136,paceSecPerKm,313.8959252825822
1136,cadenceSpm,175.82818938706643
1136,distanceM,3414.396840024211
1136,motionIntensityG,0.9299494449999999
1136,activeEnergyKcal,65.45032313811767
1136,heartRateBpm,166.73505132837587
1137,speedMps,3.2541013582980107
1137,paceSecPerKm,307.30450280842786
1137,cadenceSpm,177.68966456110996
1137,distanceM,3417.6509413825092
1137,motionIntensityG,0.9299350949999998
1137,activeEnergyKcal,65.51208905082746
1137,heartRateBpm,166.13265190329318
1138,speedMps,3.0516659812323557
1138,paceSecPerKm,327.68986060400016
1138,cadenceSpm,174.71911893990946
1138,distanceM,3420.7026073637417
1138,motionIntensityG,0.9299207449999998
1138,activeEnergyKcal,65.57385412515823
1138,heartRateBpm,164.6841646063868
1139,speedMps,3.0173638194322536
1139,paceSecPerKm,331.4151225516317
1139,cadenceSpm,175.56728099631403
1139,distanceM,3423.719971183174
1139,motionIntensityG,0.9299063949999997
1139,activeEnergyKcal,65.63561836111
1139,heartRateBpm,165.45395448060907
1140,speedMps,3.237554025943701
1140,paceSecPerKm,308.8751545106693
1140,cadenceSpm,176.4199979320342
1140,distanceM,3426.9575252091176
1140,motionIntensityG,0.9298920449999997
1140,activeEnergyKcal,65.69738175868277
1140,heartRateBpm,165.01521843208485
1141,speedMps,3.1687840707997657
1141,paceSecPerKm,315.5784609039679
1141,cadenceSpm,177.25126571500928
1141,distanceM,3430.126309279917
1141,motionIntensityG,0.9298776949999998
1141,activeEnergyKcal,65.75914431787652
1141,heartRateBpm,165.01146759376147
1142,speedMps,3.1256028451576365
1142,paceSecPerKm,319.93828056218257
1142,cadenceSpm,175.64754597936496
1142,distanceM,3433.251912125075
1142,motionIntensityG,0.929863345
1142,activeEnergyKcal,65.82090603869126
1142,heartRateBpm,164.73765777457143
1143,speedMps,3.1530460988717377
1143,paceSecPerKm,317.15362498437065
1143,cadenceSpm,174.7138887473636
1143,distanceM,3436.4049582239463
1143,motionIntensityG,0.9298489949999997
1143,activeEnergyKcal,65.882666921127
1143,heartRateBpm,166.5458524923842
1144,speedMps,3.0766904295621265
1144,paceSecPerKm,325.0245752356436
1144,cadenceSpm,175.72730708849878
1144,distanceM,3439.4816486535083
1144,motionIntensityG,0.9298346449999999
1144,activeEnergyKcal,65.94442696518372
1144,heartRateBpm,167.83231887108428
1145,speedMps,3.161434178722628
1145,paceSecPerKm,316.31213666578634
1145,cadenceSpm,176.83630541408468
1145,distanceM,3442.643082832231
1145,motionIntensityG,0.9298202949999999
1145,activeEnergyKcal,66.00618617086144
1145,heartRateBpm,168.03771509545078
1146,speedMps,3.1947437717028855
1146,paceSecPerKm,313.01414806952505
1146,cadenceSpm,177.32290847877312
1146,distanceM,3445.837826603934
1146,motionIntensityG,0.9298059449999998
1146,activeEnergyKcal,66.06794453816015
1146,heartRateBpm,167.62424988801402
1147,speedMps,3.12899686298919
1147,paceSecPerKm,319.59124402722506
1147,cadenceSpm,175.3364831959985
1147,distanceM,3448.966823466923
1147,motionIntensityG,0.9297915949999997
1147,activeEnergyKcal,66.12970206707985
1147,heartRateBpm,167.0405049603434
1148,speedMps,3.1854510150997895
1148,paceSecPerKm,313.9272885565542
1148,cadenceSpm,175.04409217356678
1148,distanceM,3452.1522744820227
1148,motionIntensityG,0.9297772449999997
1148,activeEnergyKcal,66.19145875762054
1148,heartRateBpm,168.93902618917716
1149,speedMps,3.1805799284622935
1149,paceSecPerKm,314.4080710097002
1149,cadenceSpm,172.66072471056398
1149,distanceM,3455.332854410485
1149,motionIntensityG,0.9297628949999999
1149,activeEnergyKcal,66.2532146097822
1149,heartRateBpm,165.953912325297
1150,speedMps,3.1848132567977134
1150,paceSecPerKm,313.990152441618
1150,cadenceSpm,173.73349002077978
1150,distanceM,3458.5176676672827
1150,motionIntensityG,0.9297485449999998
1150,activeEnergyKcal,66.31496962356486
1150,heartRateBpm,165.0392764668111
1151,speedMps,3.0919329878183257
1151,paceSecPerKm,323.4222746546658
1151,cadenceSpm,177.69147585195097
1151,distanceM,3461.609600655101
1151,motionIntensityG,0.9297341949999998
1151,activeEnergyKcal,66.37672379896851
1151,heartRateBpm,165.8425555831328
1152,speedMps,3.201683565201188
1152,paceSecPerKm,312.33567578911
1152,cadenceSpm,178.72223725703205
1152,distanceM,3464.8112842203022
1152,motionIntensityG,0.9297198449999999
1152,activeEnergyKcal,66.43847713599315
1152,heartRateBpm,166.62322633443833
1153,speedMps,3.2192512782027816
1153,paceSecPerKm,310.63123489952363
1153,cadenceSpm,177.23043419095296
1153,distanceM,3468.030535498505
1153,motionIntensityG,0.9297054949999999
1153,activeEnergyKcal,66.50022963463879
1153,heartRateBpm,168.51141730420065
1154,speedMps,3.0583434940962464
1154,paceSecPerKm,326.9743905255823
1154,cadenceSpm,173.8285522734067
1154,distanceM,3471.088878992601
1154,motionIntensityG,0.9296911449999998
1154,activeEnergyKcal,66.56198129490541
1154,heartRateBpm,168.21387046729694
1155,speedMps,3.138536525394065
1155,paceSecPerKm,318.61983822999895
1155,cadenceSpm,172.5261877621331
1155,distanceM,3474.2274155179953
1155,motionIntensityG,0.9296767949999998
1155,activeEnergyKcal,66.62373211679302
1155,heartRateBpm,168.7871918855279
1156,speedMps,3.1826715775861922
1156,paceSecPerKm,314.20144228592443
1156,cadenceSpm,177.94180581031358
1156,distanceM,3477.4100870955813
1156,motionIntensityG,0.9296624449999997
1156,activeEnergyKcal,66.68548210030163
1156,heartRateBpm,169.06737152628926
1157,speedMps,2.9830536324070187
1157,paceSecPerKm,335.22695976240374
1157,cadenceSpm,175.41999113184215
1157,distanceM,3480.3931407279883
1157,motionIntensityG,0.9296480949999999
1157,activeEnergyKcal,66.74723124543122
1157,heartRateBpm,170.73334019092957
1158,speedMps,3.216685432066419
1158,paceSecPerKm,310.8790154086014
1158,cadenceSpm,177.4648259841422
1158,distanceM,3483.6098261600546
1158,motionIntensityG,0.9296337449999998
1158,activeEnergyKcal,66.80897955218181
1158,heartRateBpm,169.60526277613724
1159,speedMps,3.215472015140986
1159,paceSecPerKm,310.99633126682767
1159,cadenceSpm,172.46270831431127
1159,distanceM,3486.8252981751957
1159,motionIntensityG,0.9296193949999998
1159,activeEnergyKcal,66.87072702055339
1159,heartRateBpm,171.42455590519066
1160,speedMps,2.9356403904767925
1160,paceSecPerKm,340.6411777287152
1160,cadenceSpm,174.05162182896447
1160,distanceM,3489.7609385656724
1160,motionIntensityG,0.9296050449999997
1160,activeEnergyKcal,66.93247365054596
1160,heartRateBpm,168.8146310053369
1161,speedMps,3.0284524010273914
1161,paceSecPerKm,330.2016566813973
1161,cadenceSpm,176.0452913486817
1161,distanceM,3492.7893909667
1161,motionIntensityG,0.9295906949999997
1161,activeEnergyKcal,66.99421944215952
1161,heartRateBpm,167.81882294768857
1162,speedMps,3.0204765217851617
1162,paceSecPerKm,331.0735881532296
1162,cadenceSpm,175.71897418110012
1162,distanceM,3495.809867488485
1162,motionIntensityG,0.9295763449999999
1162,activeEnergyKcal,67.05596439539406
1162,heartRateBpm,169.40742671864697
1163,speedMps,3.246011271537147
1163,paceSecPerKm,308.0704028259429
1163,cadenceSpm,176.48418815859443
1163,distanceM,3499.055878760022
1163,motionIntensityG,0.9295619949999998
1163,activeEnergyKcal,67.11770851024959
1163,heartRateBpm,171.13601548354356
1164,speedMps,2.9752610497390264
1164,paceSecPerKm,336.10496130674466
1164,cadenceSpm,174.89565538316447
1164,distanceM,3502.031139809761
1164,motionIntensityG,0.929547645
1164,activeEnergyKcal,67.1794517867261
1164,heartRateBpm,169.16870455684165
1165,speedMps,3.1116004270183915
1165,paceSecPerKm,321.3780250564574
1165,cadenceSpm,175.58826479816724
1165,distanceM,3505.1427402367794
1165,motionIntensityG,0.9295332949999997
1165,activeEnergyKcal,67.24119422482362
1165,heartRateBpm,168.65347137161453
1166,speedMps,3.15357602844259
1166,paceSecPerKm,317.1003302222129
1166,cadenceSpm,173.35935100561827
1166,distanceM,3508.2963162652222
1166,motionIntensityG,0.9295189449999999
1166,activeEnergyKcal,67.30293582454212
1166,heartRateBpm,168.07264757632248
1167,speedMps,3.0527913531045567
1167,paceSecPerKm,327.5690619940479
1167,cadenceSpm,176.24347218639687
1167,distanceM,3511.349107618327
1167,motionIntensityG,0.9295045949999998
1167,activeEnergyKcal,67.36467658588161
1167,heartRateBpm,168.49789721507236
1168,speedMps,3.1438668952462256
1168,paceSecPerKm,318.07962401718686
1168,cadenceSpm,177.20963085121065
1168,distanceM,3514.4929745135732
1168,motionIntensityG,0.9294902449999998
1168,activeEnergyKcal,67.4264165088421
1168,heartRateBpm,169.21554461920147
1169,speedMps,3.195268496224358
1169,paceSecPerKm,312.9627451281904
1169,cadenceSpm,176.2524684564536
1169,distanceM,3517.6882430097976
1169,motionIntensityG,0.9294758949999997
1169,activeEnergyKcal,67.48815559342357
1169,heartRateBpm,169.24583289276293
1170,speedMps,2.975299561732965
1170,paceSecPerKm,336.1006107961611
1170,cadenceSpm,177.96606021331013
1170,distanceM,3520.6635425715303
1170,motionIntensityG,0.9294615449999997
1170,activeEnergyKcal,67.54989383962604
1170,heartRateBpm,170.24890310337864
1171,speedMps,3.1277869814041765
1171,paceSecPerKm,319.71486739517786
1171,cadenceSpm,178.3689051219722
1171,distanceM,3523.7913295529347
1171,motionIntensityG,0.9294471949999998
1171,activeEnergyKcal,67.6116312474495
1171,heartRateBpm,169.5092814294111
1172,speedMps,3.0779833837556847
1172,paceSecPerKm,324.8880436709255
1172,cadenceSpm,176.53094335515166
1172,distanceM,3526.86931293669
1172,motionIntensityG,0.9294328449999998
1172,activeEnergyKcal,67.67336781689394
1172,heartRateBpm,169.38470651363224
1173,speedMps,3.1207240243546344
1173,paceSecPerKm,320.43845985605856
1173,cadenceSpm,175.34960554468765
1173,distanceM,3529.990036961045
1173,motionIntensityG,0.9294184949999997
1173,activeEnergyKcal,67.73510354795938
1173,heartRateBpm,170.26060483372754
1174,speedMps,3.1651219818141785
1174,paceSecPerKm,315.9435894558547
1174,cadenceSpm,175.3852971155478
1174,distanceM,3533.155158942859
1174,motionIntensityG,0.9294041449999999
1174,activeEnergyKcal,67.79683844064581
1174,heartRateBpm,169.9687610130187
1175,speedMps,3.1597648193403662
1175,paceSecPerKm,316.4792499363166
1175,cadenceSpm,175.0249993534787
1175,distanceM,3536.3149237621997
1175,motionIntensityG,0.9293897949999999
1175,activeEnergyKcal,67.85857249495322
1175,heartRateBpm,169.3515948525189
1176,speedMps,3.1893929391359115
1176,paceSecPerKm,313.5392907312718
1176,cadenceSpm,173.8259358989169
1176,distanceM,3539.5043167013355
1176,motionIntensityG,0.9293754449999998
1176,activeEnergyKcal,67.92030571088162
1176,heartRateBpm,171.72586812770768
1177,speedMps,3.1750743509533272
1177,paceSecPerKm,314.9532544646542
1177,cadenceSpm,175.56823452148416
1177,distanceM,3542.679391052289
1177,motionIntensityG,0.9293610949999997
1177,activeEnergyKcal,67.98203808843101
1177,heartRateBpm,170.8883533369909
1178,speedMps,3.025536941374003
1178,paceSecPerKm,330.51984470097557
1178,cadenceSpm,175.5667853836705
1178,distanceM,3545.7049279936627
1178,motionIntensityG,0.9293467449999999
1178,activeEnergyKcal,68.04376962760139
1178,heartRateBpm,170.8800489957797
1179,speedMps,3.0765759811989604
1179,paceSecPerKm,325.03666612202244
1179,cadenceSpm,175.76361850418843
1179,distanceM,3548.7815039748616
1179,motionIntensityG,0.9293323949999999
1179,activeEnergyKcal,68.10550032839276
1179,heartRateBpm,170.38828320661358
1180,speedMps,3.16992148353806
1180,paceSecPerKm,315.46522688122394
1180,cadenceSpm,173.22910214768513
1180,distanceM,3551.9514254583996
1180,motionIntensityG,0.9293180449999998
1180,activeEnergyKcal,68.16723019080513
1180,heartRateBpm,169.52819135192246
1181,speedMps,3.0465129283549603
1181,paceSecPerKm,328.2441346933573
1181,cadenceSpm,176.32284636922736
1181,distanceM,3554.9979383867544
1181,motionIntensityG,0.9293036949999998
1181,activeEnergyKcal,68.22895921483848
1181,heartRateBpm,170.23517874161416
1182,speedMps,3.144435225457388
1182,paceSecPerKm,318.0221338013221
1182,cadenceSpm,175.31332117428573
1182,distanceM,3558.142373612212
1182,motionIntensityG,0.9292893449999997
1182,activeEnergyKcal,68.29068740049283
1182,heartRateBpm,170.39880857299798
1183,speedMps,3.0937833205479293
1183,paceSecPerKm,323.2288419677993
1183,cadenceSpm,176.00241960078912
1183,distanceM,3561.23615693276
1183,motionIntensityG,0.9292749949999997
1183,activeEnergyKcal,68.35241474776817
1183,heartRateBpm,169.04845627575793
1184,speedMps,3.1040851219099626
1184,paceSecPerKm,322.1561138712246
1184,cadenceSpm,179.11258070105595
1184,distanceM,3564.34024205467
1184,motionIntensityG,0.9292606449999998
1184,activeEnergyKcal,68.4141412566645
1184,heartRateBpm,168.04260835060444
1185,speedMps,3.079232168792519
1185,paceSecPerKm,324.75628506834454
1185,cadenceSpm,173.51430104925495
1185,distanceM,3567.4194742234627
1185,motionIntensityG,0.9292462949999998
1185,activeEnergyKcal,68.47586692718181
1185,heartRateBpm,167.09229875813082
1186,speedMps,2.97216634593838
1186,paceSecPerKm,336.45492331428625
1186,cadenceSpm,175.14088991734906
1186,distanceM,3570.3916405694013
1186,motionIntensityG,0.929231945
1186,activeEnergyKcal,68.53759175932012
1186,heartRateBpm,167.86176090969047
1187,speedMps,3.2074471630820116
1187,paceSecPerKm,311.77442656268346
1187,cadenceSpm,175.11218368339925
1187,distanceM,3573.5990877324834
1187,motionIntensityG,0.9292175949999997
1187,activeEnergyKcal,68.59931575307942
1187,heartRateBpm,167.41482237719595
1188,speedMps,3.1600236113506925
1188,paceSecPerKm,316.4533316801924
1188,cadenceSpm,173.91353024469933
1188,distanceM,3576.7591113438343
1188,motionIntensityG,0.9292032449999998
1188,activeEnergyKcal,68.6610389084597
1188,heartRateBpm,168.37599048156397
1189,speedMps,3.1924115393791066
1189,paceSecPerKm,313.24282213141305
1189,cadenceSpm,176.6243945148517
1189,distanceM,3579.9515228832133
1189,motionIntensityG,0.9291888949999998
1189,activeEnergyKcal,68.72276122546097
1189,heartRateBpm,169.36803830929156
1190,speedMps,3.158018452864672
1190,paceSecPerKm,316.6542611848545
1190,cadenceSpm,173.88112635995876
1190,distanceM,3583.109541336078
1190,motionIntensityG,0.9291745449999997
1190,activeEnergyKcal,68.78448270408323
1190,heartRateBpm,170.00535467957573
1191,speedMps,3.0911467590629904
1191,paceSecPerKm,323.5045366474696
1191,cadenceSpm,173.8379632805364
1191,distanceM,3586.2006880951412
1191,motionIntensityG,0.9291601949999997
1191,activeEnergyKcal,68.84620334432648
1191,heartRateBpm,171.17497883599634
1192,speedMps,3.0752536937797177
1192,paceSecPerKm,325.17642431344416
1192,cadenceSpm,175.61241025610553
1192,distanceM,3589.275941788921
1192,motionIntensityG,0.9291458449999999
1192,activeEnergyKcal,68.90792314619073
1192,heartRateBpm,171.57501054206142
1193,speedMps,3.1302395967189995
1193,paceSecPerKm,319.4643633823311
1193,cadenceSpm,175.56627657117022
1193,distanceM,3592.40618138564
1193,motionIntensityG,0.9291314949999998
1193,activeEnergyKcal,68.96964210967596
1193,heartRateBpm,174.20919593577267
1194,speedMps,3.0623532142492
1194,paceSecPerKm,326.546263620727
1194,cadenceSpm,171.69611465305744
1194,distanceM,3595.468534599889
1194,motionIntensityG,0.9291171449999998
1194,activeEnergyKcal,69.03136023478218
1194,heartRateBpm,174.08383587114946
1195,speedMps,3.25866061585481
1195,paceSecPerKm,306.8745469026637
1195,cadenceSpm,177.0368511401617
1195,distanceM,3598.727195215744
1195,motionIntensityG,0.9291027949999997
1195,activeEnergyKcal,69.0930775215094
1195,heartRateBpm,174.89247747458418
1196,speedMps,3.174021046289897
1196,paceSecPerKm,315.05777227561134
1196,cadenceSpm,173.2740923743244
1196,distanceM,3601.901216262034
1196,motionIntensityG,0.9290884449999999
1196,activeEnergyKcal,69.15479396985761
1196,heartRateBpm,175.14490984892907
1197,speedMps,3.065826965371474
1197,paceSecPerKm,326.1762686854162
1197,cadenceSpm,174.14729807489184
1197,distanceM,3604.967043227405
1197,motionIntensityG,0.9290740949999998
1197,activeEnergyKcal,69.2165095798268
1197,heartRateBpm,175.60313947471408
1198,speedMps,2.9861576572262005
1198,paceSecPerKm,334.87850099947025
1198,cadenceSpm,175.31152729029867
1198,distanceM,3607.9532008846313
1198,motionIntensityG,0.9290597449999998
1198,activeEnergyKcal,69.278224351417
1198,heartRateBpm,176.5018220063594
1199,speedMps,3.287218843297485
1199,paceSecPerKm,304.20852631669544
1199,cadenceSpm,175.36902685785697
1199,distanceM,3611.240419727929
1199,motionIntensityG,0.9290453949999997
1199,activeEnergyKcal,69.33993828462818
1199,heartRateBpm,175.36641929697868
1200,speedMps,3.1296693350763003
1200,paceSecPerKm,319.5225734528342
1200,cadenceSpm,176.71754909167433
1200,distanceM,3614.3700890630053
1200,motionIntensityG,0.9290310449999999
1200,activeEnergyKcal,69.40165137946035
1200,heartRateBpm,175.57893228736856
1201,speedMps,3.164430211132329
1201,paceSecPerKm,316.01265734413835
1201,cadenceSpm,174.27739882778639
1201,distanceM,3617.5345192741374
1201,motionIntensityG,0.9290166949999998
1201,activeEnergyKcal,69.4633636359135
1201,heartRateBpm,173.39001081311216
1202,speedMps,3.2579848373596287
1202,paceSecPerKm,306.93819950691693
1202,cadenceSpm,174.69440096322714
1202,distanceM,3620.7925041114972
1202,motionIntensityG,0.9290023449999998
1202,activeEnergyKcal,69.52507505398763
1202,heartRateBpm,172.77347941998343
1203,speedMps,3.1515421557313728
1203,paceSecPerKm,317.3049734338495
1203,cadenceSpm,175.05984411704753
1203,distanceM,3623.9440462672287
1203,motionIntensityG,0.9289879949999997
1203,activeEnergyKcal,69.58678563368277
1203,heartRateBpm,173.39334213730265
1204,speedMps,3.234028371971678
1204,paceSecPerKm,309.21188220446373
1204,cadenceSpm,176.35308263556666
1204,distanceM,3627.1780746392005
1204,motionIntensityG,0.9289736449999999
1204,activeEnergyKcal,69.64849537499889
1204,heartRateBpm,174.7788487740984
1205,speedMps,3.088522052195636
1205,paceSecPerKm,323.77945926890766
1205,cadenceSpm,176.6089786501658
1205,distanceM,3630.266596691396
1205,motionIntensityG,0.9289592949999996
1205,activeEnergyKcal,69.710204277936
1205,heartRateBpm,176.1530233312808
1206,speedMps,3.013386828899694
1206,paceSecPerKm,331.8525157173861
1206,cadenceSpm,176.69789004481277
1206,distanceM,3633.279983520296
1206,motionIntensityG,0.9289449449999998
1206,activeEnergyKcal,69.7719123424941
1206,heartRateBpm,177.24948360616153
1207,speedMps,3.0631558193892494
1207,paceSecPerKm,326.4607022829763
1207,cadenceSpm,175.9197608676773
1207,distanceM,3636.343139339685
1207,motionIntensityG,0.9289305949999997
1207,activeEnergyKcal,69.8336195686732
1207,heartRateBpm,177.82188164838703
1208,speedMps,2.9735621865049113
1208,paceSecPerKm,336.29698566196384
1208,cadenceSpm,175.17714127786394
1208,distanceM,3639.3167015261897
1208,motionIntensityG,0.9289162449999999
1208,activeEnergyKcal,69.89532595647329
1208,heartRateBpm,177.84065551837122
1209,speedMps,3.1441710009662263
1209,paceSecPerKm,318.048859204125
1209,cadenceSpm,176.0794740851
1209,distanceM,3642.460872527156
1209,motionIntensityG,0.9289018949999996
1209,activeEnergyKcal,69.95703150589436
1209,heartRateBpm,178.59179035840341
1210,speedMps,3.3236844340581015
1210,paceSecPerKm,300.8709219662696
1210,cadenceSpm,174.97094624016043
1210,distanceM,3645.784556961214
1210,motionIntensityG,0.9288875449999998
1210,activeEnergyKcal,70.01873621693643
1210,heartRateBpm,178.27350578277836
1211,speedMps,3.122572099463153
1211,paceSecPerKm,320.24881032272225
1211,cadenceSpm,174.10143824179224
1211,distanceM,3648.907129060677
1211,motionIntensityG,0.9288731949999998
1211,activeEnergyKcal,70.08044008959949
1211,heartRateBpm,179.31249888055905
1212,speedMps,3.130402136873637
1212,paceSecPerKm,319.4477758051589
1212,cadenceSpm,177.07796008394052
1212,distanceM,3652.037531197551
1212,motionIntensityG,0.9288588449999997
1212,activeEnergyKcal,70.14214312388354
1212,heartRateBpm,178.03579438392
1213,speedMps,3.1240471412075
1213,paceSecPerKm,320.09760250080035
1213,cadenceSpm,177.1984632820007
1213,distanceM,3655.1615783387583
1213,motionIntensityG,0.9288444949999997
1213,activeEnergyKcal,70.20384531978858
1213,heartRateBpm,178.85557530237944
1214,speedMps,3.0881893122069535
1214,paceSecPerKm,323.8143452045551
1214,cadenceSpm,178.48244856905123
1214,distanceM,3658.249767650965
1214,motionIntensityG,0.9288301449999998
1214,activeEnergyKcal,70.2655466773146
1214,heartRateBpm,178.4024005359233
1215,speedMps,3.1370504773466164
1215,paceSecPerKm,318.7707712136724
1215,cadenceSpm,178.37525021731494
1215,distanceM,3661.386818128312
1215,motionIntensityG,0.9288157949999998
1215,activeEnergyKcal,70.32724719646161
1215,heartRateBpm,178.3225446872525
1216,speedMps,3.1777354232827535
1216,paceSecPerKm,314.6895089733279
1216,cadenceSpm,178.2781423725276
1216,distanceM,3664.5645535515946
1216,motionIntensityG,0.9288014449999997
1216,activeEnergyKcal,70.38894687722961
1216,heartRateBpm,178.66737140695886
1217,speedMps,3.171259458005063
1217,paceSecPerKm,315.3321301023625
1217,cadenceSpm,177.72408305514077
1217,distanceM,3667.7358130095995
1217,motionIntensityG,0.9287870949999997
1217,activeEnergyKcal,70.4506457196186
1217,heartRateBpm,178.5169049200739
1218,speedMps,3.153306905028616
1218,paceSecPerKm,317.1273935960017
1218,cadenceSpm,177.92744511438494
1218,distanceM,3670.8891199146283
1218,motionIntensityG,0.9287727449999998
1218,activeEnergyKcal,70.51234372362859
1218,heartRateBpm,179.45944076079635
1219,speedMps,3.2489500374771696
1219,paceSecPerKm,307.79174455280526
1219,cadenceSpm,174.8777898677252
1219,distanceM,3674.1380699521055
1219,motionIntensityG,0.9287583949999998
1219,activeEnergyKcal,70.57404088925956
1219,heartRateBpm,178.7507958046291
1220,speedMps,3.1311341378055575
1220,paceSecPerKm,319.3730948559252
1220,cadenceSpm,177.30898513711003
1220,distanceM,3677.269204089911
1220,motionIntensityG,0.9287440449999997
1220,activeEnergyKcal,70.63573721651153
1220,heartRateBpm,178.34270478526685
1221,speedMps,3.0798857273438816
1221,paceSecPerKm,324.6873710676299
1221,cadenceSpm,174.83613873931392
1221,distanceM,3680.349089817255
1221,motionIntensityG,0.9287296949999999
1221,activeEnergyKcal,70.69743270538449
1221,heartRateBpm,178.39932981063305
1222,speedMps,3.102383645434729
1222,paceSecPerKm,322.3327977091217
1222,cadenceSpm,173.35770933146557
1222,distanceM,3683.4514734626896
1222,motionIntensityG,0.9287153449999999
1222,activeEnergyKcal,70.75912735587843
1222,heartRateBpm,179.6913181865802
1223,speedMps,3.08905113165265
1223,paceSecPerKm,323.72400370886623
1223,cadenceSpm,175.7551242330702
1223,distanceM,3686.540524594342
1223,motionIntensityG,0.9287009949999998
1223,activeEnergyKcal,70.82082116799337
1223,heartRateBpm,178.10986453091135
1224,speedMps,3.165985824914043
1224,paceSecPerKm,315.85738386151814
1224,cadenceSpm,174.63624961948437
1224,distanceM,3689.706510419256
1224,motionIntensityG,0.9286866449999998
1224,activeEnergyKcal,70.8825141417293
1224,heartRateBpm,180.3893618597815
1225,speedMps,3.2116477895938282
1225,paceSecPerKm,311.3666458819472
1225,cadenceSpm,176.78650906308582
1225,distanceM,3692.91815820885
1225,motionIntensityG,0.9286722949999997
1225,activeEnergyKcal,70.94420627708622
1225,heartRateBpm,178.1074558437513
1226,speedMps,3.0991151923634446
1226,paceSecPerKm,322.6727430022957
1226,cadenceSpm,175.7828759098467
1226,distanceM,3696.0172734012135
1226,motionIntensityG,0.9286579449999999
1226,activeEnergyKcal,71.00589757406414
1226,heartRateBpm,178.79367646849238
1227,speedMps,3.083256287212751
1227,paceSecPerKm,324.33242872067416
1227,cadenceSpm,174.1273352441133
1227,distanceM,3699.1005296884264
1227,motionIntensityG,0.9286435949999996
1227,activeEnergyKcal,71.06758803266302
1227,heartRateBpm,178.4377701749739
1228,speedMps,3.1460066645200224
1228,paceSecPerKm,317.8632808626193
1228,cadenceSpm,174.07799839716964
1228,distanceM,3702.2465363529464
1228,motionIntensityG,0.9286292449999998
1228,activeEnergyKcal,71.1292776528829
1228,heartRateBpm,179.6990729408115
1229,speedMps,3.0679729318803477
1229,paceSecPerKm,325.9481169500098
1229,cadenceSpm,176.87230033876293
1229,distanceM,3705.3145092848267
1229,motionIntensityG,0.9286148949999997
1229,activeEnergyKcal,71.19096643472378
1229,heartRateBpm,179.55321726772206
1230,speedMps,3.0022913772097835
1230,paceSecPerKm,333.078930176778
1230,cadenceSpm,174.82133143472527
1230,distanceM,3708.3168006620367
1230,motionIntensityG,0.9286005449999999
1230,activeEnergyKcal,71.25265437818564
1230,heartRateBpm,178.29628899460752
1231,speedMps,3.211485810959685
1231,paceSecPerKm,311.38235037107984
1231,cadenceSpm,175.03054142032127
1231,distanceM,3711.5282864729966
1231,motionIntensityG,0.9285861949999998
1231,activeEnergyKcal,71.31434148326849
1231,heartRateBpm,179.85932505021023
1232,speedMps,2.948522677953788
1232,paceSecPerKm,339.1528942534635
1232,cadenceSpm,174.91099841024797
1232,distanceM,3714.4768091509504
1232,motionIntensityG,0.9285718449999998
1232,activeEnergyKcal,71.37602774997234
1232,heartRateBpm,180.08326725638688
1233,speedMps,3.2050701146497853
1233,paceSecPerKm,312.0056548620213
1233,cadenceSpm,175.97111250936152
1233,distanceM,3717.6818792656004
1233,motionIntensityG,0.9285574949999997
1233,activeEnergyKcal,71.43771317829717
1233,heartRateBpm,179.95647031127487
1234,speedMps,3.10010572531274
1234,paceSecPerKm,322.5696439430689
1234,cadenceSpm,174.852859877593
1234,distanceM,3720.7819849909133
1234,motionIntensityG,0.9285431449999997
1234,activeEnergyKcal,71.499397768243
1234,heartRateBpm,181.0816909350176
1235,speedMps,3.168702607852882
1235,paceSecPerKm,315.5865739882739
1235,cadenceSpm,175.65350281028657
1235,distanceM,3723.9506875987663
1235,motionIntensityG,0.9285287949999999
1235,activeEnergyKcal,71.56108151980982
1235,heartRateBpm,179.31805827942117
1236,speedMps,3.020963347435378
1236,paceSecPerKm,331.02023592869534
1236,cadenceSpm,174.82868860303765
1236,distanceM,3726.971650946202
1236,motionIntensityG,0.9285144449999998
1236,activeEnergyKcal,71.62276443299763
1236,heartRateBpm,179.66425169450733
1237,speedMps,3.1683413826385567
1237,paceSecPerKm,315.62255427387436
1237,cadenceSpm,175.573688087666
1237,distanceM,3730.1399923288404
1237,motionIntensityG,0.9285000949999997
1237,activeEnergyKcal,71.68444650780643
1237,heartRateBpm,180.3424633934381
1238,speedMps,3.086674717166362
1238,paceSecPerKm,323.97323710158315
1238,cadenceSpm,172.51033092865893
1238,distanceM,3733.2266670460067
1238,motionIntensityG,0.9284857449999997
1238,activeEnergyKcal,71.74612774423622
1238,heartRateBpm,178.8787122717746
1239,speedMps,3.0194517092112854
1239,paceSecPerKm,331.18595569829836
1239,cadenceSpm,173.1310017137285
1239,distanceM,3736.246118755218
1239,motionIntensityG,0.9284713949999996
1239,activeEnergyKcal,71.807808142287
1239,heartRateBpm,176.58668267476185
1240,speedMps,3.000901519723376
1240,paceSecPerKm,333.2331945675379
1240,cadenceSpm,172.9125402872811
1240,distanceM,3739.2470202749414
1240,motionIntensityG,0.9284570449999998
1240,activeEnergyKcal,71.86948770195876
1240,heartRateBpm,175.98401399480966
1241,speedMps,3.135323001025646
1241,paceSecPerKm,318.9464050985732
1241,cadenceSpm,174.53777697139083
1241,distanceM,3742.382343275967
1241,motionIntensityG,0.9284426949999998
1241,activeEnergyKcal,71.93116642325151
1241,heartRateBpm,174.0589707222069
1242,speedMps,2.998933494406065
1242,paceSecPerKm,333.4518760970552
1242,cadenceSpm,172.9631992020936
1242,distanceM,3745.381276770373
1242,motionIntensityG,0.9284283449999997
1242,activeEnergyKcal,71.99284430616525
1242,heartRateBpm,173.89806320902696
1243,speedMps,2.9678168303891517
1243,paceSecPerKm,336.9480184088302
1243,cadenceSpm,175.3086811526688
1243,distanceM,3748.349093600762
1243,motionIntensityG,0.9284139949999999
1243,activeEnergyKcal,72.05452135069999
1243,heartRateBpm,173.6477864373116
1244,speedMps,3.112487282082216
1244,paceSecPerKm,321.2864533637587
1244,cadenceSpm,178.41039007291948
1244,distanceM,3751.4615808828444
1244,motionIntensityG,0.9283996449999998
1244,activeEnergyKcal,72.11619755685571
1244,heartRateBpm,171.46363561931415
1245,speedMps,3.092652485881791
1245,paceSecPerKm,323.34703125070826
1245,cadenceSpm,175.59749803468844
1245,distanceM,3754.5542333687263
1245,motionIntensityG,0.9283852949999998
1245,activeEnergyKcal,72.17787292463242
1245,heartRateBpm,171.1051971140083
1246,speedMps,3.1390724777112453
1246,paceSecPerKm,318.56543838997885
1246,cadenceSpm,174.5055957202594
1246,distanceM,3757.6933058464374
1246,motionIntensityG,0.9283709449999997
1246,activeEnergyKcal,72.23954745403013
1246,heartRateBpm,172.35612759683875
1247,speedMps,3.248491618588179
1247,paceSecPerKm,307.83517934228445
1247,cadenceSpm,172.00260240190534
1247,distanceM,3760.9417974650255
1247,motionIntensityG,0.9283565949999997
1247,activeEnergyKcal,72.30122114504883
1247,heartRateBpm,171.48426961431633
1248,speedMps,3.1272689088591314
1248,paceSecPerKm,319.76783229837855
1248,cadenceSpm,176.7302134738532
1248,distanceM,3764.0690663738847
1248,motionIntensityG,0.9283422449999998
1248,activeEnergyKcal,72.36289399768852
1248,heartRateBpm,171.55868183916115
1249,speedMps,3.153114239321866
1249,paceSecPerKm,317.14677112842827
1249,cadenceSpm,174.84563616175612
1249,distanceM,3767.2221806132065
1249,motionIntensityG,0.9283278949999998
1249,activeEnergyKcal,72.4245660119492
1249,heartRateBpm,170.44724194464808
1250,speedMps,3.202814571910775
1250,paceSecPerKm,312.2253810039985
1250,cadenceSpm,177.24306996457912
1250,distanceM,3770.4249951851175
1250,motionIntensityG,0.9283135449999997
1250,activeEnergyKcal,72.48623718783087
1250,heartRateBpm,171.28843972533195
1251,speedMps,3.2038164298401797
1251,paceSecPerKm,312.1277457366321
1251,cadenceSpm,174.91726443676902
1251,distanceM,3773.6288116149576
1251,motionIntensityG,0.9282991949999997
1251,activeEnergyKcal,72.54790752533353
1251,heartRateBpm,171.92213810049086
1252,speedMps,3.2581009381334582
1252,paceSecPerKm,306.9272619199123
1252,cadenceSpm,175.17218217222202
1252,distanceM,3776.886912553091
1252,motionIntensityG,0.9282848449999999
1252,activeEnergyKcal,72.60957702445717
1252,heartRateBpm,171.03901257339749
1253,speedMps,3.288363196116385
1253,paceSecPerKm,304.1026615250462
1253,cadenceSpm,175.32009080392103
1253,distanceM,3780.1752757492072
1253,motionIntensityG,0.9282704949999998
1253,activeEnergyKcal,72.6712456852018
1253,heartRateBpm,172.72280097983378
1254,speedMps,3.2398062367941534
1254,paceSecPerKm,308.6604342701427
1254,cadenceSpm,175.96069934921186
1254,distanceM,3783.4150819860015
1254,motionIntensityG,0.9282561449999998
1254,activeEnergyKcal,72.73291350756742
1254,heartRateBpm,172.7493562507562
1255,speedMps,3.009236810793888
1255,paceSecPerKm,332.31017127435143
1255,cadenceSpm,177.3075777506439
1255,distanceM,3786.4243187967954
1255,motionIntensityG,0.9282417949999997
1255,activeEnergyKcal,72.79458049155403
1255,heartRateBpm,173.7011741772378
1256,speedMps,3.1406547943628373
1256,paceSecPerKm,318.40493956702926
1256,cadenceSpm,175.9985819406466
1256,distanceM,3789.5649735911584
1256,motionIntensityG,0.9282274449999997
1256,activeEnergyKcal,72.85624663716163
1256,heartRateBpm,174.8651153462553
1257,speedMps,3.0935422822189236
1257,paceSecPerKm,323.25402686357467
1257,cadenceSpm,177.13746229345284
1257,distanceM,3792.6585158733774
1257,motionIntensityG,0.9282130949999998
1257,activeEnergyKcal,72.91791194439023
1257,heartRateBpm,174.31836339828868
1258,speedMps,3.1531190330899497
1258,paceSecPerKm,317.1462889620231
1258,cadenceSpm,170.45425330584587
1258,distanceM,3795.811634906467
1258,motionIntensityG,0.9281987449999998
1258,activeEnergyKcal,72.97957641323981
1258,heartRateBpm,175.51934093077813
1259,speedMps,3.1633613901588746
1259,paceSecPerKm,316.119430145089
1259,cadenceSpm,173.5429800480063
1259,distanceM,3798.974996296626
1259,motionIntensityG,0.9281843949999997
1259,activeEnergyKcal,73.04124004371039
1259,heartRateBpm,177.7989621911718
1260,speedMps,3.1537157761076418
1260,paceSecPerKm,317.08627885110604
1260,cadenceSpm,173.9596100709968
1260,distanceM,3802.128712072734
1260,motionIntensityG,0.9281700449999997
1260,activeEnergyKcal,73.10290283580196
1260,heartRateBpm,179.02307574349672
1261,speedMps,3.0516917643750103
1261,paceSecPerKm,327.68709201690984
1261,cadenceSpm,179.05712717786346
1261,distanceM,3805.1804038371088
1261,motionIntensityG,0.9281556949999996
1261,activeEnergyKcal,73.16456478951451
1261,heartRateBpm,178.68221019677753
1262,speedMps,3.1835990598851835
1262,paceSecPerKm,314.1099055469833
1262,cadenceSpm,176.06988992900946
1262,distanceM,3808.364002896994
1262,motionIntensityG,0.9281413449999998
1262,activeEnergyKcal,73.22622590484806
1262,heartRateBpm,180.0894786148628
1263,speedMps,3.0452114930649983
1263,paceSecPerKm,328.38441673996914
1263,cadenceSpm,175.32680349040157
1263,distanceM,3811.409214390059
1263,motionIntensityG,0.9281269949999997
1263,activeEnergyKcal,73.2878861818026
1263,heartRateBpm,180.78017666053415
1264,speedMps,2.9948081323478424
1264,paceSecPerKm,333.9112075991423
1264,cadenceSpm,175.88170278954888
1264,distanceM,3814.4040225224066
1264,motionIntensityG,0.9281126449999997
1264,activeEnergyKcal,73.34954562037814
1264,heartRateBpm,180.17919228612752
1265,speedMps,3.1751026868431573
1265,paceSecPerKm,314.95044369549163
1265,cadenceSpm,173.1437716455102
1265,distanceM,3817.57912520925
1265,motionIntensityG,0.9280982949999999
1265,activeEnergyKcal,73.41120422057465
1265,heartRateBpm,180.27526796677654
1266,speedMps,2.9760645783155084
1266,paceSecPerKm,336.01421396776715
1266,cadenceSpm,177.17408317559799
1266,distanceM,3820.5551897875653
1266,motionIntensityG,0.9280839449999998
1266,activeEnergyKcal,73.47286198239215
1266,heartRateBpm,178.4073237516562
1267,speedMps,3.098875002419083
1267,paceSecPerKm,322.69775296498483
1267,cadenceSpm,173.49954878475512
1267,distanceM,3823.654064789984
1267,motionIntensityG,0.9280695949999997
1267,activeEnergyKcal,73.53451890583064
1267,heartRateBpm,178.45953751828694
1268,speedMps,3.0815972721167144
1268,paceSecPerKm,324.50703699939066
1268,cadenceSpm,174.41849765565877
1268,distanceM,3826.735662062101
1268,motionIntensityG,0.9280552449999997
1268,activeEnergyKcal,73.59617499089012
1268,heartRateBpm,177.70255943905767
1269,speedMps,3.0171484077268835
1269,paceSecPerKm,331.43878419736035
1269,cadenceSpm,175.27633608552838
1269,distanceM,3829.7528104698276
1269,motionIntensityG,0.9280408949999996
1269,activeEnergyKcal,73.6578302375706
1269,heartRateBpm,175.08994646617603
1270,speedMps,3.133448269222314
1270,paceSecPerKm,319.1372296847232
1270,cadenceSpm,176.3600377159496
1270,distanceM,3832.88625873905
1270,motionIntensityG,0.9280265449999998
1270,activeEnergyKcal,73.71948464587206
1270,heartRateBpm,172.47943239643476
1271,speedMps,3.2451542106971227
1271,paceSecPerKm,308.15176570150743
1271,cadenceSpm,174.14410225330616
1271,distanceM,3836.131412949747
1271,motionIntensityG,0.9280121949999998
1271,activeEnergyKcal,73.78113821579451
1271,heartRateBpm,171.34848080263933
1272,speedMps,3.1054856771721595
1272,paceSecPerKm,322.0108234118778
1272,cadenceSpm,177.81837723631182
1272,distanceM,3839.236898626919
1272,motionIntensityG,0.9279978449999997
1272,activeEnergyKcal,73.84279094733796
1272,heartRateBpm,171.88084548148294
1273,speedMps,3.2859087780709078
1273,paceSecPerKm,304.3298117932173
1273,cadenceSpm,177.5340146419988
1273,distanceM,3842.5228074049896
1273,motionIntensityG,0.9279834949999999
1273,activeEnergyKcal,73.9044428405024
1273,heartRateBpm,173.1999720444834
1274,speedMps,3.198289002602738
1274,paceSecPerKm,312.6671789779502
1274,cadenceSpm,178.9174027747834
1274,distanceM,3845.7210964075925
1274,motionIntensityG,0.9279691449999998
1274,activeEnergyKcal,73.96609389528783
1274,heartRateBpm,172.40576382384356
1275,speedMps,3.081960882548894
1275,paceSecPerKm,324.4687515868026
1275,cadenceSpm,173.16601441921767
1275,distanceM,3848.8030572901416
1275,motionIntensityG,0.9279547949999998
1275,activeEnergyKcal,74.02774411169425
1275,heartRateBpm,174.9378374304693
1276,speedMps,3.1562886492032334
1276,paceSecPerKm,316.827803519313
1276,cadenceSpm,174.40520812693333
1276,distanceM,3851.959345939345
1276,motionIntensityG,0.9279404449999997
1276,activeEnergyKcal,74.08939348972166
1276,heartRateBpm,160.29514023843367
1277,speedMps,3.100483259115806
1277,paceSecPerKm,322.530365890503
1277,cadenceSpm,175.3717271381123
1277,distanceM,3855.0598291984606
1277,motionIntensityG,0.9279260949999997
1277,activeEnergyKcal,74.15104202937006
1277,heartRateBpm,146.20110736341962
1278,speedMps,3.1747069678078788
1278,paceSecPerKm,314.9897014559727
1278,cadenceSpm,175.44037294389904
1278,distanceM,3858.2345361662683
1278,motionIntensityG,0.9279117449999996
1278,activeEnergyKcal,74.21268973063944
1278,heartRateBpm,131.43174731732398
1279,speedMps,3.0960312133415395
1279,paceSecPerKm,322.9941596488952
1279,cadenceSpm,174.68405994541448
1279,distanceM,3861.33056737961
1279,motionIntensityG,0.9278973949999998
1279,activeEnergyKcal,74.27433659352981
1279,heartRateBpm,133.44609030437172
1280,speedMps,3.120687504112661
1280,paceSecPerKm,320.44220982784395
1280,cadenceSpm,174.3376823009308
1280,distanceM,3864.4512548837224
1280,motionIntensityG,0.9278830449999997
1280,activeEnergyKcal,74.33598261804117
1280,heartRateBpm,134.21847211220384
1281,speedMps,3.0931064770391212
1281,paceSecPerKm,323.2995719427192
1281,cadenceSpm,177.0283042782152
1281,distanceM,3867.5443613607617
1281,motionIntensityG,0.9278686949999997
1281,activeEnergyKcal,74.39762780417352
1281,heartRateBpm,135.33673141662976
1282,speedMps,3.2176443806080295
1282,paceSecPerKm,310.7863647166107
1282,cadenceSpm,175.8927792025391
1282,distanceM,3870.7620057413696
1282,motionIntensityG,0.9278543449999996
1282,activeEnergyKcal,74.45927215192687
1282,heartRateBpm,133.7630343103916
1283,speedMps,3.251201930316113
1283,paceSecPerKm,307.57855754064786
1283,cadenceSpm,177.05668394792377
1283,distanceM,3874.013207671686
1283,motionIntensityG,0.9278399949999998
1283,activeEnergyKcal,74.5209156613012
1283,heartRateBpm,136.35747535928053
1284,speedMps,3.183054670420311
1284,paceSecPerKm,314.16362693762767
1284,cadenceSpm,177.83990785904126
1284,distanceM,3877.1962623421064
1284,motionIntensityG,0.9278256449999998
1284,activeEnergyKcal,74.58255833229653
1284,heartRateBpm,137.21162246212705
1285,speedMps,3.066789276708699
1285,paceSecPerKm,326.0739195857654
1285,cadenceSpm,174.37857386798586
1285,distanceM,3880.263051618815
1285,motionIntensityG,0.9278112949999997
1285,activeEnergyKcal,74.64420016491285
1285,heartRateBpm,139.09738035493027
1286,speedMps,3.1624192083472127
1286,paceSecPerKm,316.2136118325166
1286,cadenceSpm,178.95417806327973
1286,distanceM,3883.4254708271624
1286,motionIntensityG,0.9277969449999997
1286,activeEnergyKcal,74.70584115915015
1286,heartRateBpm,139.26183300498863
1287,speedMps,3.252254631826606
1287,paceSecPerKm,307.47899940367125
1287,cadenceSpm,172.96062850247193
1287,distanceM,3886.677725458989
1287,motionIntensityG,0.9277825949999998
1287,activeEnergyKcal,74.76748131500845
1287,heartRateBpm,140.03077232552596
1288,speedMps,3.1717828302456543
1288,paceSecPerKm,315.2800975098759
1288,cadenceSpm,175.21391609177013
1288,distanceM,3889.8495082892346
1288,motionIntensityG,0.9277682449999998
1288,activeEnergyKcal,74.82912063248774
1288,heartRateBpm,139.74960181316163
1289,speedMps,3.162139923426729
1289,paceSecPerKm,316.24154029095774
1289,cadenceSpm,175.57264102315364
1289,distanceM,3893.0116482126614
1289,motionIntensityG,0.9277538949999997
1289,activeEnergyKcal,74.89075911158803
1289,heartRateBpm,144.38851839169018
1290,speedMps,3.111432166794563
1290,paceSecPerKm,321.3954045574494
1290,cadenceSpm,176.3202143017303
1290,distanceM,3896.123080379456
1290,motionIntensityG,0.9277395449999997
1290,activeEnergyKcal,74.9523967523093
1290,heartRateBpm,144.78002853797955
1291,speedMps,3.1051589148088574
1291,paceSecPerKm,322.0447092839229
1291,cadenceSpm,175.2431043896902
1291,distanceM,3899.2282392942648
1291,motionIntensityG,0.9277251949999996
1291,activeEnergyKcal,75.01403355465155
1291,heartRateBpm,145.36179815752922
1292,speedMps,3.15172761261363
1292,paceSecPerKm,317.28630228001555
1292,cadenceSpm,176.79696186997978
1292,distanceM,3902.3799669068785
1292,motionIntensityG,0.9277108449999998
1292,activeEnergyKcal,75.07566951861479
1292,heartRateBpm,145.89962056434814
1293,speedMps,3.103043639473683
1293,paceSecPerKm,322.2642399478511
1293,cadenceSpm,174.45750912701052
1293,distanceM,3905.483010546352
1293,motionIntensityG,0.9276964949999997
1293,activeEnergyKcal,75.13730464419902
1293,heartRateBpm,145.64085970854524
1294,speedMps,3.3236503141329727
1294,paceSecPerKm,300.8740106465941
1294,cadenceSpm,176.5199697804078
1294,distanceM,3908.806660860485
1294,motionIntensityG,0.9276821449999997
1294,activeEnergyKcal,75.19893893140424
1294,heartRateBpm,146.90785030429066
1295,speedMps,3.02071160616993
1295,paceSecPerKm,331.0478226247941
1295,cadenceSpm,175.08179933949506
1295,distanceM,3911.827372466655
1295,motionIntensityG,0.9276677949999999
1295,activeEnergyKcal,75.26057238023046
1295,heartRateBpm,147.12372879567548
1296,speedMps,3.046219163251135
1296,paceSecPerKm,328.27578923531263
1296,cadenceSpm,176.0869086993517
1296,distanceM,3914.873591629906
1296,motionIntensityG,0.9276534449999998
1296,activeEnergyKcal,75.32220499067766
1296,heartRateBpm,149.35024143623457
1297,speedMps,3.059845649821548
1297,paceSecPerKm,326.8138705160898
1297,cadenceSpm,176.24540228940424
1297,distanceM,3917.9334372797275
1297,motionIntensityG,0.9276390949999997
1297,activeEnergyKcal,75.38383676274586
1297,heartRateBpm,149.31773912455577
1298,speedMps,3.1280427488687983
1298,paceSecPerKm,319.6887255973827
1298,cadenceSpm,176.35772777559694
1298,distanceM,3921.061480028596
1298,motionIntensityG,0.9276247449999997
1298,activeEnergyKcal,75.44546769643505
1298,heartRateBpm,148.09929288603408
1299,speedMps,3.101726095127723
1299,paceSecPerKm,322.4011306384621
1299,cadenceSpm,177.39174215132138
1299,distanceM,3924.1632061237237
1299,motionIntensityG,0.9276103949999999
1299,activeEnergyKcal,75.50709779174522
1299,heartRateBpm,147.49625307661094
1300,speedMps,3.0738875808907227
1300,paceSecPerKm,325.3209408882251
1300,cadenceSpm,174.53476620638122
1300,distanceM,3927.2370937046144
1300,motionIntensityG,0.9275960449999998
1300,activeEnergyKcal,75.5687270486764
1300,heartRateBpm,146.65449155797214
1301,speedMps,3.1077869834296155
1301,paceSecPerKm,321.7723754336742
1301,cadenceSpm,175.2972172425026
1301,distanceM,3930.344880688044
1301,motionIntensityG,0.9275816949999998
1301,activeEnergyKcal,75.63035546722855
1301,heartRateBpm,146.30655442796245
1302,speedMps,3.141821336586509
1302,paceSecPerKm,318.2867174383852
1302,cadenceSpm,174.38937466219824
1302,distanceM,3933.4867020246306
1302,motionIntensityG,0.9275673449999997
1302,activeEnergyKcal,75.6919830474017
1302,heartRateBpm,146.93472216119727
1303,speedMps,3.1907870295774083
1303,paceSecPerKm,313.4023019181074
1303,cadenceSpm,173.56686265391025
1303,distanceM,3936.677489054208
1303,motionIntensityG,0.9275529949999997
1303,activeEnergyKcal,75.75360978919585
1303,heartRateBpm,147.3412749371588
1304,speedMps,3.1857287954376754
1304,paceSecPerKm,313.8999155961152
1304,cadenceSpm,174.517975418891
1304,distanceM,3939.8632178496455
1304,motionIntensityG,0.9275386449999996
1304,activeEnergyKcal,75.81523569261097
1304,heartRateBpm,145.71724179604928
1305,speedMps,3.1305664339837933
1305,paceSecPerKm,319.4310106773402
1305,cadenceSpm,176.16108365345198
1305,distanceM,3942.9937842836293
1305,motionIntensityG,0.9275242949999998
1305,activeEnergyKcal,75.87686075764708
1305,heartRateBpm,147.33516329186418
1306,speedMps,3.031237904984106
1306,paceSecPerKm,329.8982235461467
1306,cadenceSpm,173.6877765531513
1306,distanceM,3946.0250221886135
1306,motionIntensityG,0.9275099449999997
1306,activeEnergyKcal,75.93848498430418
1306,heartRateBpm,146.91524600425512
1307,speedMps,3.1674538421912413
1307,paceSecPerKm,315.71099369460774
1307,cadenceSpm,177.0668883381657
1307,distanceM,3949.1924760308048
1307,motionIntensityG,0.9274955949999997
1307,activeEnergyKcal,76.00010837258228
1307,heartRateBpm,149.06335752470903
1308,speedMps,3.1578095817959593
1308,paceSecPerKm,316.6752060557319
1308,cadenceSpm,173.0643001967103
1308,distanceM,3952.3502856126006
1308,motionIntensityG,0.9274812449999996
1308,activeEnergyKcal,76.06173092248136
1308,heartRateBpm,148.90366892345176
1309,speedMps,3.2820051601825067
1309,paceSecPerKm,304.6917817595362
1309,cadenceSpm,175.38366722161277
1309,distanceM,3955.632290772783
1309,motionIntensityG,0.9274668949999998
1309,activeEnergyKcal,76.12335263400144
1309,heartRateBpm,149.30171195928932
1310,speedMps,3.007990587979085
1310,paceSecPerKm,332.44784873873186
1310,cadenceSpm,175.110815179363
1310,distanceM,3958.6402813607624
1310,motionIntensityG,0.9274525449999997
1310,activeEnergyKcal,76.1849735071425
1310,heartRateBpm,149.27312114698418
1311,speedMps,3.1675119250436885
1311,paceSecPerKm,315.7052044835498
1311,cadenceSpm,175.04036069500438
1311,distanceM,3961.807793285806
1311,motionIntensityG,0.9274381949999997
1311,activeEnergyKcal,76.24659354190456
1311,heartRateBpm,149.86941806887543
1312,speedMps,3.0862215490840277
1312,paceSecPerKm,324.02080799960527
1312,cadenceSpm,176.1338010165469
1312,distanceM,3964.8940148348897
1312,motionIntensityG,0.9274238449999996
1312,activeEnergyKcal,76.30821273828761
1312,heartRateBpm,148.8527290791257
1313,speedMps,3.163993991843453
1313,paceSecPerKm,316.0562259529972
1313,cadenceSpm,174.14100987278465
1313,distanceM,3968.0580088267334
1313,motionIntensityG,0.9274094949999998
1313,activeEnergyKcal,76.36983109629165
1313,heartRateBpm,149.2447695235423
1314,speedMps,3.2195352723663024
1314,paceSecPerKm,310.6038342189112
1314,cadenceSpm,175.91309687639443
1314,distanceM,3971.2775440990995
1314,motionIntensityG,0.9273951449999998
1314,activeEnergyKcal,76.43144861591668
1314,heartRateBpm,150.48041278785516
1315,speedMps,3.150639176387912
1315,paceSecPerKm,317.3959136591649
1315,cadenceSpm,170.46729861881192
1315,distanceM,3974.4281832754873
1315,motionIntensityG,0.9273807949999997
1315,activeEnergyKcal,76.4930652971627
1315,heartRateBpm,149.73779102807984
1316,speedMps,3.2396402300904263
1316,paceSecPerKm,308.6762507490184
1316,cadenceSpm,172.94889583194154
1316,distanceM,3977.667823505578
1316,motionIntensityG,0.9273664449999997
1316,activeEnergyKcal,76.55468114002971
1316,heartRateBpm,150.0198367012797
1317,speedMps,3.2379248796088897
1317,paceSecPerKm,308.8397776914424
1317,cadenceSpm,173.90098517981505
1317,distanceM,3980.9057483851866
1317,motionIntensityG,0.9273520949999998
1317,activeEnergyKcal,76.6162961445177
1317,heartRateBpm,151.02124835563188
1318,speedMps,3.190370730394157
1318,paceSecPerKm,313.4431965768612
1318,cadenceSpm,173.8428714520123
1318,distanceM,3984.0961191155807
1318,motionIntensityG,0.9273377449999998
1318,activeEnergyKcal,76.67791031062669
1318,heartRateBpm,151.8604635535725
1319,speedMps,3.042645746589789
1319,paceSecPerKm,328.66133072534143
1319,cadenceSpm,175.89977047836004
1319,distanceM,3987.1387648621703
1319,motionIntensityG,0.9273233949999997
1319,activeEnergyKcal,76.73952363835666
1319,heartRateBpm,153.39434416559405
1320,speedMps,3.2513604062171884
1320,paceSecPerKm,307.56356572707824
1320,cadenceSpm,174.4585850625111
1320,distanceM,3990.3901252683877
1320,motionIntensityG,0.9273090449999997
1320,activeEnergyKcal,76.80113612770762
1320,heartRateBpm,155.23308210795645
1321,speedMps,3.0699892003318907
1321,paceSecPerKm,325.73404489237026
1321,cadenceSpm,176.16515410182055
1321,distanceM,3993.4601144687194
1321,motionIntensityG,0.9272946949999998
1321,activeEnergyKcal,76.86274777867958
1321,heartRateBpm,157.53154607839238
1322,speedMps,3.073027478184771
1322,paceSecPerKm,325.41199423009954
1322,cadenceSpm,174.6229797373952
1322,distanceM,3996.5331419469044
1322,motionIntensityG,0.9272803449999998
1322,activeEnergyKcal,76.92435859127252
1322,heartRateBpm,158.8454624163789
1323,speedMps,3.0725968703770024
1323,paceSecPerKm,325.4575989584022
1323,cadenceSpm,173.23606632832735
1323,distanceM,3999.6057388172812
1323,motionIntensityG,0.9272659949999997
1323,activeEnergyKcal,76.98596856548646
1323,heartRateBpm,161.95435161461705
1324,speedMps,3.0402636642396503
1324,paceSecPerKm,328.9188407447199
1324,cadenceSpm,176.2138843111041
1324,distanceM,4002.646002481521
1324,motionIntensityG,0.9272516449999997
1324,activeEnergyKcal,77.04757770132139
1324,heartRateBpm,163.67296594142934
1325,speedMps,3.185471431039083
1325,paceSecPerKm,313.9252765716394
1325,cadenceSpm,175.91658211268037
1325,distanceM,4005.83147391256
1325,motionIntensityG,0.9272372949999996
1325,activeEnergyKcal,77.1091859987773
1325,heartRateBpm,163.30932792210797
1326,speedMps,3.179622292964146
1326,paceSecPerKm,314.5027641216366
1326,cadenceSpm,175.3962776266487
1326,distanceM,4009.011096205524
1326,motionIntensityG,0.9272229449999996
1326,activeEnergyKcal,77.17079345785422
1326,heartRateBpm,161.96313226594071
1327,speedMps,3.1358662287630947
1327,paceSecPerKm,318.8911538469669
1327,cadenceSpm,176.02402815221114
1327,distanceM,4012.146962434287
1327,motionIntensityG,0.9272085949999997
1327,activeEnergyKcal,77.23240007855212
1327,heartRateBpm,161.24330728162684
1328,speedMps,3.116926305222351
1328,paceSecPerKm,320.8288878452208
1328,cadenceSpm,173.0720512800072
1328,distanceM,4015.2638887395096
1328,motionIntensityG,0.9271942449999997
1328,activeEnergyKcal,77.29400586087101
1328,heartRateBpm,161.18232567965708
1329,speedMps,3.2734503136260336
1329,paceSecPerKm,305.4880643330401
1329,cadenceSpm,177.3791652123068
1329,distanceM,4018.537339053136
1329,motionIntensityG,0.9271798949999996
1329,activeEnergyKcal,77.3556108048109
1329,heartRateBpm,161.80189284885654
1330,speedMps,2.9961254338583245
1330,paceSecPerKm,333.76439741116866
1330,cadenceSpm,174.87027861214455
1330,distanceM,4021.533464486994
1330,motionIntensityG,0.9271655449999996
1330,activeEnergyKcal,77.41721491037175
1330,heartRateBpm,162.94402543853874
1331,speedMps,3.107768571321758
1331,paceSecPerKm,321.7742817878785
1331,cadenceSpm,175.78926199748122
1331,distanceM,4024.6412330583157
1331,motionIntensityG,0.9271511949999998
1331,activeEnergyKcal,77.4788181775536
1331,heartRateBpm,162.84200818132285
1332,speedMps,3.24495659188827
1332,paceSecPerKm,308.1705322344823
1332,cadenceSpm,173.45998271984737
1332,distanceM,4027.886189650204
1332,motionIntensityG,0.9271368449999997
1332,activeEnergyKcal,77.54042060635645
1332,heartRateBpm,162.19083907396526
1333,speedMps,3.129314274287266
1333,paceSecPerKm,319.55882738168265
1333,cadenceSpm,174.36386701975232
1333,distanceM,4031.0155039244914
1333,motionIntensityG,0.9271224949999997
1333,activeEnergyKcal,77.60202219678028
1333,heartRateBpm,164.14775792673973
1334,speedMps,3.1553640520348156
1334,paceSecPerKm,316.9206416467618
1334,cadenceSpm,173.57492923320171
1334,distanceM,4034.170867976526
1334,motionIntensityG,0.9271081449999996
1334,activeEnergyKcal,77.66362294882511
1334,heartRateBpm,163.9746605458743
1335,speedMps,3.168879114483866
1335,paceSecPerKm,315.56899580969844
1335,cadenceSpm,173.4556128500991
1335,distanceM,4037.33974709101
1335,motionIntensityG,0.9270937949999998
1335,activeEnergyKcal,77.72522286249092
1335,heartRateBpm,165.15227035648877
1336,speedMps,3.1431610753283765
1336,paceSecPerKm,318.15105113425557
1336,cadenceSpm,176.77100865387453
1336,distanceM,4040.4829081663383
1336,motionIntensityG,0.9270794449999997
1336,activeEnergyKcal,77.78682193777773
1336,heartRateBpm,166.32895175135158
1337,speedMps,3.259887082876981
1337,paceSecPerKm,306.7590915196547
1337,cadenceSpm,173.31081497199932
1337,distanceM,4043.7427952492153
1337,motionIntensityG,0.9270650949999997
1337,activeEnergyKcal,77.84842017468553
1337,heartRateBpm,166.9335890767122
1338,speedMps,3.2359814560059488
1338,paceSecPerKm,309.0252566633255
1338,cadenceSpm,175.56069481355973
1338,distanceM,4046.978776705221
1338,motionIntensityG,0.9270507449999996
1338,activeEnergyKcal,77.91001757321432
1338,heartRateBpm,168.1526662576522
1339,speedMps,3.1189799649130237
1339,paceSecPerKm,320.61764142428086
1339,cadenceSpm,172.21189702047323
1339,distanceM,4050.097756670134
1339,motionIntensityG,0.9270363949999998
1339,activeEnergyKcal,77.9716141333641
1339,heartRateBpm,168.50419651937048
1340,speedMps,3.119619597584188
1340,paceSecPerKm,320.5519034354038
1340,cadenceSpm,175.23124695814684
1340,distanceM,4053.217376267718
1340,motionIntensityG,0.9270220449999997
1340,activeEnergyKcal,78.03320985513487
1340,heartRateBpm,169.30125847112976
1341,speedMps,3.1281978218189934
1341,paceSecPerKm,319.6728777908672
1341,cadenceSpm,172.94882354326575
1341,distanceM,4056.345574089537
1341,motionIntensityG,0.9270076949999997
1341,activeEnergyKcal,78.09480473852663
1341,heartRateBpm,170.4334140407273
1342,speedMps,3.080106482874288
1342,paceSecPerKm,324.66410027059254
1342,cadenceSpm,175.29166718218582
1342,distanceM,4059.4256805724112
1342,motionIntensityG,0.9269933449999996
1342,activeEnergyKcal,78.15639878353939
1342,heartRateBpm,169.2384327177133
1343,speedMps,3.144322557161122
1343,paceSecPerKm,318.03352926452254
1343,cadenceSpm,176.8067927481478
1343,distanceM,4062.5700031295723
1343,motionIntensityG,0.9269789949999998
1343,activeEnergyKcal,78.21799199017312
1343,heartRateBpm,171.131467894977
1344,speedMps,3.0696851148013398
1344,paceSecPerKm,325.76631237458923
1344,cadenceSpm,175.5135264629308
1344,distanceM,4065.6396882443737
1344,motionIntensityG,0.9269646449999998
1344,activeEnergyKcal,78.27958435842784
1344,heartRateBpm,170.83170384267882
1345,speedMps,3.088402899257063
1345,paceSecPerKm,323.79195092730845
1345,cadenceSpm,175.28598585635834
1345,distanceM,4068.728091143631
1345,motionIntensityG,0.9269502949999997
1345,activeEnergyKcal,78.34117588830355
1345,heartRateBpm,171.4433306270034
1346,speedMps,3.1021457127311716
1346,paceSecPerKm,322.3575204401299
1346,cadenceSpm,174.5311480399094
1346,distanceM,4071.8302368563623
1346,motionIntensityG,0.9269359449999997
1346,activeEnergyKcal,78.40276657980026
1346,heartRateBpm,170.98259182834036
1347,speedMps,3.094466958576443
1347,paceSecPerKm,323.15743337587065
1347,cadenceSpm,177.63957548456273
1347,distanceM,4074.9247038149388
1347,motionIntensityG,0.9269215949999998
1347,activeEnergyKcal,78.46435643291795
1347,heartRateBpm,171.2365028406275
1348,speedMps,3.1392894926995005
1348,paceSecPerKm,318.54341637670757
1348,cadenceSpm,176.80879226048324
1348,distanceM,4078.063993307638
1348,motionIntensityG,0.9269072449999995
1348,activeEnergyKcal,78.52594544765664
1348,heartRateBpm,171.59741540484492
1349,speedMps,2.9825447668801526
1349,paceSecPerKm,335.2841543585733
1349,cadenceSpm,176.68306045703326
1349,distanceM,4081.046538074518
1349,motionIntensityG,0.9268928949999997
1349,activeEnergyKcal,78.58753362401632
1349,heartRateBpm,169.94733298877995
1350,speedMps,3.2293156307852913
1350,paceSecPerKm,309.6631343393412
1350,cadenceSpm,176.41505935083373
1350,distanceM,4084.2758537053032
1350,motionIntensityG,0.9268785449999997
1350,activeEnergyKcal,78.64912096199699
1350,heartRateBpm,167.49366398829287
1351,speedMps,3.2670018839393244
1351,paceSecPerKm,306.09103867249934
1351,cadenceSpm,174.20756051580543
1351,distanceM,4087.5428555892427
1351,motionIntensityG,0.9268641949999996
1351,activeEnergyKcal,78.71070746159864
1351,heartRateBpm,166.85483560918954
1352,speedMps,3.130888029261867
1352,paceSecPerKm,319.39819969727836
1352,cadenceSpm,176.3399370941621
1352,distanceM,4090.6737436185044
1352,motionIntensityG,0.9268498449999998
1352,activeEnergyKcal,78.7722931228213
1352,heartRateBpm,166.95931605086682
1353,speedMps,3.189752445944008
1353,paceSecPerKm,313.5039527194562
1353,cadenceSpm,175.84696313722017
1353,distanceM,4093.8634960644486
1353,motionIntensityG,0.9268354949999997
1353,activeEnergyKcal,78.83387794566494
1353,heartRateBpm,167.88561883769782
1354,speedMps,3.0185021655174924
1354,paceSecPerKm,331.2901383420276
1354,cadenceSpm,175.8715294725323
1354,distanceM,4096.8819982299665
1354,motionIntensityG,0.9268211449999997
1354,activeEnergyKcal,78.89546193012957
1354,heartRateBpm,165.61578246865616
1355,speedMps,3.189850163589998
1355,paceSecPerKm,313.49434886137595
1355,cadenceSpm,176.7375991360184
1355,distanceM,4100.071848393556
1355,motionIntensityG,0.9268067949999996
1355,activeEnergyKcal,78.9570450762152
1355,heartRateBpm,165.98551530302737
1356,speedMps,3.270097868369893
1356,paceSecPerKm,305.8012451775606
1356,cadenceSpm,174.84431693013295
1356,distanceM,4103.341946261926
1356,motionIntensityG,0.9267924449999998
1356,activeEnergyKcal,79.0186273839218
1356,heartRateBpm,166.854595611659
1357,speedMps,3.1707821677881087
1357,paceSecPerKm,315.3795962898282
1357,cadenceSpm,176.5831283355678
1357,distanceM,4106.512728429714
1357,motionIntensityG,0.9267780949999997
1357,activeEnergyKcal,79.08020885324939
1357,heartRateBpm,167.42148223518564
1358,speedMps,3.099446476660438
1358,paceSecPerKm,322.6382541302892
1358,cadenceSpm,177.31745116245398
1358,distanceM,4109.612174906375
1358,motionIntensityG,0.9267637449999997
1358,activeEnergyKcal,79.14178948419797
1358,heartRateBpm,167.77629766110857
1359,speedMps,3.1069038817497576
1359,paceSecPerKm,321.86383552902714
1359,cadenceSpm,174.9678158333835
1359,distanceM,4112.7190787881245
1359,motionIntensityG,0.9267493949999996
1359,activeEnergyKcal,79.20336927676755
1359,heartRateBpm,166.22068769594688
1360,speedMps,3.2037065256361683
1360,paceSecPerKm,312.13845338140874
1360,cadenceSpm,176.2043319067943
1360,distanceM,4115.922785313761
1360,motionIntensityG,0.9267350449999996
1360,activeEnergyKcal,79.26494823095811
1360,heartRateBpm,167.66318329737823
1361,speedMps,3.120891221041302
1361,paceSecPerKm,320.4212928851601
1361,cadenceSpm,175.39127504622405
1361,distanceM,4119.043676534802
1361,motionIntensityG,0.9267206949999998
1361,activeEnergyKcal,79.32652634676967
1361,heartRateBpm,168.34015228002602
1362,speedMps,3.1325994413883866
1362,paceSecPerKm,319.2237050124717
1362,cadenceSpm,175.27966201818194
1362,distanceM,4122.1762759761905
1362,motionIntensityG,0.9267063449999997
1362,activeEnergyKcal,79.38810362420222
1362,heartRateBpm,168.47398394285182
1363,speedMps,3.1532856079017217
1363,paceSecPerKm,317.1295354579143
1363,cadenceSpm,174.92024763037685
1363,distanceM,4125.3295615840925
1363,motionIntensityG,0.9266919949999997
1363,activeEnergyKcal,79.44968006325576
1363,heartRateBpm,169.1596068762839
1364,speedMps,3.1161528913940493
1364,paceSecPerKm,320.9085159979547
1364,cadenceSpm,175.15711545880848
1364,distanceM,4128.445714475487
1364,motionIntensityG,0.9266776449999998
1364,activeEnergyKcal,79.51125566393029
1364,heartRateBpm,168.84332581710572
1365,speedMps,3.1887333313132227
1365,paceSecPerKm,313.60414813620304
1365,cadenceSpm,172.94799505690605
1365,distanceM,4131.6344478068
1365,motionIntensityG,0.9266632949999998
1365,activeEnergyKcal,79.5728304262258
1365,heartRateBpm,166.63286551616685
1366,speedMps,3.121019438055036
1366,paceSecPerKm,320.4081294101719
1366,cadenceSpm,177.25371422057512
1366,distanceM,4134.755467244855
1366,motionIntensityG,0.9266489449999997
1366,activeEnergyKcal,79.63440435014232
1366,heartRateBpm,166.9215314535222
1367,speedMps,3.232413482349806
1367,paceSecPerKm,309.36636215025595
1367,cadenceSpm,173.62139991951426
1367,distanceM,4137.987880727205
1367,motionIntensityG,0.9266345949999997
1367,activeEnergyKcal,79.69597743567982
1367,heartRateBpm,166.4187886729157
1368,speedMps,3.1512374547215756
1368,paceSecPerKm,317.3356544432016
1368,cadenceSpm,174.53835330157142
1368,distanceM,4141.139118181927
1368,motionIntensityG,0.9266202449999996
1368,activeEnergyKcal,79.7575496828383
1368,heartRateBpm,168.38700600464355
1369,speedMps,3.1826929794412973
1369,paceSecPerKm,314.1993294544999
1369,cadenceSpm,173.1352149259785
1369,distanceM,4144.321811161369
1369,motionIntensityG,0.9266058949999998
1369,activeEnergyKcal,79.81912109161777
1369,heartRateBpm,168.39493556204312
1370,speedMps,3.1409845293113685
1370,paceSecPerKm,318.37151398489715
1370,cadenceSpm,173.9335877748994
1370,distanceM,4147.46279569068
1370,motionIntensityG,0.9265915449999997
1370,activeEnergyKcal,79.88069166201824
1370,heartRateBpm,169.45903495099344
1371,speedMps,3.156290535626993
1371,paceSecPerKm,316.82761416047884
1371,cadenceSpm,173.61630391100718
1371,distanceM,4150.6190862263065
1371,motionIntensityG,0.9265771949999997
1371,activeEnergyKcal,79.94226139403969
1371,heartRateBpm,169.39005120732986
1372,speedMps,3.0795921776735184
1372,paceSecPerKm,324.7183205782303
1372,cadenceSpm,174.08052603872667
1372,distanceM,4153.69867840398
1372,motionIntensityG,0.9265628449999996
1372,activeEnergyKcal,80.00383028768213
1372,heartRateBpm,170.40338622257252
1373,speedMps,3.2750433333223263
1373,paceSecPerKm,305.33947133626555
1373,cadenceSpm,177.5497095150543
1373,distanceM,4156.973721737302
1373,motionIntensityG,0.9265484949999996
1373,activeEnergyKcal,80.06539834294557
1373,heartRateBpm,169.7433841774184
1374,speedMps,3.198082045688066
1374,paceSecPerKm,312.68741255349823
1374,cadenceSpm,176.51655500777665
1374,distanceM,4160.1718037829905
1374,motionIntensityG,0.9265341449999998
1374,activeEnergyKcal,80.12696555983
1374,heartRateBpm,169.1319644333484
1375,speedMps,3.067009836030949
1375,paceSecPerKm,326.05047047847455
1375,cadenceSpm,176.35103811753032
1375,distanceM,4163.238813619021
1375,motionIntensityG,0.9265197949999997
1375,activeEnergyKcal,80.18853193833542
1375,heartRateBpm,167.68499261758268
1376,speedMps,3.1380020556260457
1376,paceSecPerKm,318.6741060947124
1376,cadenceSpm,177.69463146139788
1376,distanceM,4166.376815674647
1376,motionIntensityG,0.9265054449999996
1376,activeEnergyKcal,80.25009747846183
1376,heartRateBpm,168.68338323740596
1377,speedMps,3.037163407238572
1377,paceSecPerKm,329.25459249794295
1377,cadenceSpm,176.0494309919706
1377,distanceM,4169.413979081886
1377,motionIntensityG,0.9264910949999996
1377,activeEnergyKcal,80.31166218020923
1377,heartRateBpm,168.0349968591256
1378,speedMps,3.188902877748705
1378,paceSecPerKm,313.58747454421626
1378,cadenceSpm,173.29881475530613
1378,distanceM,4172.602881959635
1378,motionIntensityG,0.9264767449999998
1378,activeEnergyKcal,80.37322604357762
1378,heartRateBpm,167.7658378673846
1379,speedMps,3.06923302039407
1379,paceSecPerKm,325.8142973685349
1379,cadenceSpm,173.5291633996161
1379,distanceM,4175.672114980029
1379,motionIntensityG,0.9264623949999997
1379,activeEnergyKcal,80.434789068567
1379,heartRateBpm,168.057559748645
1380,speedMps,3.0825501362897243
1380,paceSecPerKm,324.40672682898787
1380,cadenceSpm,174.42284844569187
1380,distanceM,4178.754665116318
1380,motionIntensityG,0.9264480449999997
1380,activeEnergyKcal,80.49635125517737
1380,heartRateBpm,168.94279984036186
1381,speedMps,3.2768260838255077
1381,paceSecPerKm,305.1733520237843
1381,cadenceSpm,175.93797128580985
1381,distanceM,4182.031491200144
1381,motionIntensityG,0.9264336949999996
1381,activeEnergyKcal,80.55791260340872
1381,heartRateBpm,169.2935038976109
1382,speedMps,3.2473814252252673
1382,paceSecPerKm,307.9404200049063
1382,cadenceSpm,176.2406447566041
1382,distanceM,4185.278872625369
1382,motionIntensityG,0.9264193449999996
1382,activeEnergyKcal,80.61947311326107
1382,heartRateBpm,169.7276811033862
1383,speedMps,3.163728186390271
1383,paceSecPerKm,316.0827798992976
1383,cadenceSpm,175.38049630295416
1383,distanceM,4188.44260081176
1383,motionIntensityG,0.9264049949999997
1383,activeEnergyKcal,80.6810327847344
1383,heartRateBpm,167.41154089112604
1384,speedMps,3.1296885696589807
1384,paceSecPerKm,319.52060971643664
1384,cadenceSpm,173.55799106337994
1384,distanceM,4191.572289381419
1384,motionIntensityG,0.9263906449999997
1384,activeEnergyKcal,80.74259161782872
1384,heartRateBpm,166.4387828818245
1385,speedMps,3.1001754431071995
1385,paceSecPerKm,322.56238988775885
1385,cadenceSpm,174.06893162397006
1385,distanceM,4194.672464824526
1385,motionIntensityG,0.9263762949999996
1385,activeEnergyKcal,80.80414961254404
1385,heartRateBpm,166.73035265496253
1386,speedMps,3.188723351738101
1386,paceSecPerKm,313.60512960615495
1386,cadenceSpm,173.74209419697647
1386,distanceM,4197.8611881762645
1386,motionIntensityG,0.9263619449999998
1386,activeEnergyKcal,80.86570676888034
1386,heartRateBpm,168.3346333983758
1387,speedMps,3.1029034936911257
1387,paceSecPerKm,322.27879533901597
1387,cadenceSpm,177.13620680022217
1387,distanceM,4200.964091669955
1387,motionIntensityG,0.9263475949999997
1387,activeEnergyKcal,80.92726308683764
1387,heartRateBpm,168.60611917724975
1388,speedMps,3.2688140308060687
1388,paceSecPerKm,305.9213496319356
1388,cadenceSpm,173.13455050561922
1388,distanceM,4204.232905700762
1388,motionIntensityG,0.9263332449999997
1388,activeEnergyKcal,80.98881856641593
1388,heartRateBpm,169.42091281334422
1389,speedMps,3.0676855140889017
1389,paceSecPerKm,325.9786557022611
1389,cadenceSpm,174.000577651572
1389,distanceM,4207.300591214851
1389,motionIntensityG,0.9263188949999996
1389,activeEnergyKcal,81.05037320761521
1389,heartRateBpm,167.4195545343449
1390,speedMps,2.994566307235091
1390,paceSecPerKm,333.9381724772388
1390,cadenceSpm,175.87742393795028
1390,distanceM,4210.295157522086
1390,motionIntensityG,0.9263045449999998
1390,activeEnergyKcal,81.11192701043548
1390,heartRateBpm,166.60590264529588
1391,speedMps,3.071320410242601
1391,paceSecPerKm,325.5928611893055
1391,cadenceSpm,174.78473948682742
1391,distanceM,4213.366477932328
1391,motionIntensityG,0.9262901949999998
1391,activeEnergyKcal,81.17347997487674
1391,heartRateBpm,167.52838786844117
1392,speedMps,3.0831028483977443
1392,paceSecPerKm,324.3485699867876
1392,cadenceSpm,174.0772384977469
1392,distanceM,4216.449580780726
1392,motionIntensityG,0.9262758449999997
1392,activeEnergyKcal,81.235032100939
1392,heartRateBpm,166.75009098924502
1393,speedMps,2.9464342232996104
1393,paceSecPerKm,339.39328836607604
1393,cadenceSpm,172.08154956562595
1393,distanceM,4219.396015004026
1393,motionIntensityG,0.9262614949999997
1393,activeEnergyKcal,81.29658338862224
1393,heartRateBpm,166.08121743560125
1394,speedMps,3.039992563952484
1394,paceSecPerKm,328.9481730507385
1394,cadenceSpm,176.05908783620197
1394,distanceM,4222.436007567978
1394,motionIntensityG,0.9262471449999996
1394,activeEnergyKcal,81.35813383792646
1394,heartRateBpm,167.33621980523952
1395,speedMps,3.2549571246336133
1395,paceSecPerKm,307.2237088568602
1395,cadenceSpm,174.7657155937689
1395,distanceM,4225.6909646926115
1395,motionIntensityG,0.9262327949999996
1395,activeEnergyKcal,81.41968344885167
1395,heartRateBpm,169.25034821195246
1396,speedMps,3.3206228890276814
1396,paceSecPerKm,301.1483186796957
1396,cadenceSpm,178.72037809165064
1396,distanceM,4229.011587581639
1396,motionIntensityG,0.9262184449999997
1396,activeEnergyKcal,81.48123222139787
1396,heartRateBpm,166.84034806791976
1397,speedMps,3.163081343163742
1397,paceSecPerKm,316.1474181374644
1397,cadenceSpm,174.54016379192552
1397,distanceM,4232.174668924803
1397,motionIntensityG,0.9262040949999997
1397,activeEnergyKcal,81.54278015556507
1397,heartRateBpm,167.89031248800077
1398,speedMps,3.186928295886553
1398,paceSecPerKm,313.78176951477843
1398,cadenceSpm,174.71160390641666
1398,distanceM,4235.36159722069
1398,motionIntensityG,0.9261897449999998
1398,activeEnergyKcal,81.60432725135325
1398,heartRateBpm,168.48244748262078
1399,speedMps,3.1974041232036545
1399,paceSecPerKm,312.7537094053801
1399,cadenceSpm,176.88833099743914
1399,distanceM,4238.559001343893
1399,motionIntensityG,0.9261753949999996
1399,activeEnergyKcal,81.66587350876243
1399,heartRateBpm,171.13613917924883
1400,speedMps,3.131394889826469
1400,paceSecPerKm,319.34650057994327
1400,cadenceSpm,173.56667800327335
1400,distanceM,4241.69039623372
1400,motionIntensityG,0.9261610449999997
1400,activeEnergyKcal,81.7274189277926
1400,heartRateBpm,173.44363708986072
1401,speedMps,3.1571827878125998
1401,paceSecPerKm,316.7380754323803
1401,cadenceSpm,174.60512131251946
1401,distanceM,4244.8475790215325
1401,motionIntensityG,0.9261466949999997
1401,activeEnergyKcal,81.78896350844376
1401,heartRateBpm,174.33893655490894
1402,speedMps,3.025343069066321
1402,paceSecPerKm,330.541025322004
1402,cadenceSpm,177.66035227769848
1402,distanceM,4247.872922090599
1402,motionIntensityG,0.9261323449999996
1402,activeEnergyKcal,81.8505072507159
1402,heartRateBpm,173.6022453947966
1403,speedMps,3.071543926134344
1403,paceSecPerKm,325.56916783493256
1403,cadenceSpm,175.96366189273192
1403,distanceM,4250.944466016733
1403,motionIntensityG,0.9261179949999998
1403,activeEnergyKcal,81.91205015460905
1403,heartRateBpm,171.04373369342102
1404,speedMps,3.0709024110676095
1404,paceSecPerKm,325.6371796107798
1404,cadenceSpm,174.58004106247859
1404,distanceM,4254.0153684278
1404,motionIntensityG,0.9261036449999998
1404,activeEnergyKcal,81.97359222012318
1404,heartRateBpm,169.52640310328138
1405,speedMps,3.2175118531372537
1405,paceSecPerKm,310.7991658290067
1405,cadenceSpm,171.34175131504986
1405,distanceM,4257.232880280938
1405,motionIntensityG,0.9260892949999997
1405,activeEnergyKcal,82.0351334472583
1405,heartRateBpm,168.3889076386496
1406,speedMps,3.0269420666588323
1406,paceSecPerKm,330.36641533870176
1406,cadenceSpm,175.63265233586753
1406,distanceM,4260.259822347597
1406,motionIntensityG,0.9260749449999996
1406,activeEnergyKcal,82.09667383601442
1406,heartRateBpm,167.8163551282365
1407,speedMps,3.0969624338032538
1407,paceSecPerKm,322.89703907449103
1407,cadenceSpm,177.41161365859116
1407,distanceM,4263.3567847814
1407,motionIntensityG,0.9260605949999996
1407,activeEnergyKcal,82.15821338639151
1407,heartRateBpm,171.51168704930723
1408,speedMps,3.10966149503299
1408,paceSecPerKm,321.5784102537473
1408,cadenceSpm,173.13112437870234
1408,distanceM,4266.466446276433
1408,motionIntensityG,0.9260462449999998
1408,activeEnergyKcal,82.21975209838959
1408,heartRateBpm,171.95652118758974
1409,speedMps,3.212575407669545
1409,paceSecPerKm,311.2767400300236
1409,cadenceSpm,175.3326115613319
1409,distanceM,4269.679021684103
1409,motionIntensityG,0.9260318949999997
1409,activeEnergyKcal,82.28128997200866
1409,heartRateBpm,172.8737703437574
1410,speedMps,3.2740273377215035
1410,paceSecPerKm,305.43422422854013
1410,cadenceSpm,173.92128145538246
1410,distanceM,4272.953049021824
1410,motionIntensityG,0.9260175449999997
1410,activeEnergyKcal,82.34282700724873
1410,heartRateBpm,171.66168160188602
1411,speedMps,3.2033190036214427
1411,paceSecPerKm,312.1762143793583
1411,cadenceSpm,173.43669073575248
1411,distanceM,4276.156368025446
1411,motionIntensityG,0.9260031949999996
1411,activeEnergyKcal,82.40436320410979
1411,heartRateBpm,170.08774002661494
1412,speedMps,3.241135187153
1412,paceSecPerKm,308.5338754038198
1412,cadenceSpm,175.62836474095698
1412,distanceM,4279.397503212599
1412,motionIntensityG,0.9259888449999998
1412,activeEnergyKcal,82.46589856259183
1412,heartRateBpm,182.29064734822762
1413,speedMps,3.0822812167779405
1413,paceSecPerKm,324.43503031347313
1413,cadenceSpm,174.54301696543143
1413,distanceM,4282.479784429377
1413,motionIntensityG,0.9259744949999997
1413,activeEnergyKcal,82.52743308269487
1413,heartRateBpm,192.62822030413565
1414,speedMps,3.1174321930657736
1414,paceSecPerKm,320.77682466497237
1414,cadenceSpm,174.58805154194624
1414,distanceM,4285.597216622443
1414,motionIntensityG,0.9259601449999997
1414,activeEnergyKcal,82.5889667644189
1414,heartRateBpm,204.303421370108
1415,speedMps,3.1685514940405284
1415,paceSecPerKm,315.601624868909
1415,cadenceSpm,176.7441243091539
1415,distanceM,4288.765768116484
1415,motionIntensityG,0.9259457949999996
1415,activeEnergyKcal,82.65049960776392
1415,heartRateBpm,203.91336484704496
1416,speedMps,3.167280383355786
1416,paceSecPerKm,315.7282838788284
1416,cadenceSpm,176.86346021612974
1416,distanceM,4291.93304849984
1416,motionIntensityG,0.9259314449999998
1416,activeEnergyKcal,82.71203161272993
1416,heartRateBpm,205
1417,speedMps,3.152675323074776
1417,paceSecPerKm,317.19092438123596
1417,cadenceSpm,176.62504205061884
1417,distanceM,4295.085723822915
1417,motionIntensityG,0.9259170949999997
1417,activeEnergyKcal,82.77356277931693
1417,heartRateBpm,204.54554702108533
1418,speedMps,3.1889449727262655
1418,paceSecPerKm,313.5833351006645
1418,cadenceSpm,175.08110237893075
1418,distanceM,4298.2746687956405
1418,motionIntensityG,0.9259027449999997
1418,activeEnergyKcal,82.83509310752493
1418,heartRateBpm,205
1419,speedMps,3.163425668134766
1419,paceSecPerKm,316.1130068814371
1419,cadenceSpm,174.9627291401286
1419,distanceM,4301.438094463775
1419,motionIntensityG,0.9258883949999996
1419,activeEnergyKcal,82.89662259735391
1419,heartRateBpm,205
1420,speedMps,3.08697896202736
1420,paceSecPerKm,323.94130711640946
1420,cadenceSpm,175.03071518444682
1420,distanceM,4304.5250734258025
1420,motionIntensityG,0.9258740449999998
1420,activeEnergyKcal,82.95815124880387
1420,heartRateBpm,204.88615913436547
1421,speedMps,3.158421531318618
1421,paceSecPerKm,316.61384969805067
1421,cadenceSpm,174.17061394520965
1421,distanceM,4307.683494957121
1421,motionIntensityG,0.9258596949999995
1421,activeEnergyKcal,83.01967906187483
1421,heartRateBpm,204.5682818309969
1422,speedMps,3.2286324508654705
1422,paceSecPerKm,309.7286591826019
1422,cadenceSpm,177.0193462850113
1422,distanceM,4310.912127407987
1422,motionIntensityG,0.9258453449999997
1422,activeEnergyKcal,83.08120603656677
1422,heartRateBpm,203.79721084807434
1423,speedMps,3.0721449219117654
1423,paceSecPerKm,325.5054775793942
1423,cadenceSpm,172.69855527958873
1423,distanceM,4313.984272329899
1423,motionIntensityG,0.9258309949999999
1423,activeEnergyKcal,83.1427321728797
1423,heartRateBpm,204.12131950529263
1424,speedMps,3.0606295913874737
1424,paceSecPerKm,326.73016127595844
1424,cadenceSpm,175.5047158903508
1424,distanceM,4317.0449019212865
1424,motionIntensityG,0.9258166449999996
1424,activeEnergyKcal,83.20425747081363
1424,heartRateBpm,203.80463453979823
1425,speedMps,3.3059104805641675
1425,paceSecPerKm,302.4885295228399
1425,cadenceSpm,174.9886251345884
1425,distanceM,4320.350812401851
1425,motionIntensityG,0.9258022949999998
1425,activeEnergyKcal,83.26578193036855
1425,heartRateBpm,203.1534529964789
1426,speedMps,3.0861302012461325
1426,paceSecPerKm,324.0303988458475
1426,cadenceSpm,174.4126794766899
1426,distanceM,4323.436942603097
1426,motionIntensityG,0.9257879449999997
1426,activeEnergyKcal,83.32730555154446
1426,heartRateBpm,202.28238481137865
1427,speedMps,3.0294957023748665
1427,paceSecPerKm,330.0879414405788
1427,cadenceSpm,173.89701805168647
1427,distanceM,4326.466438305472
1427,motionIntensityG,0.9257735949999997
1427,activeEnergyKcal,83.38882833434135
1427,heartRateBpm,202.0489526366219
1428,speedMps,3.178644972200453
1428,paceSecPerKm,314.5994625841271
1428,cadenceSpm,176.09555007302168
1428,distanceM,4329.645083277673
1428,motionIntensityG,0.9257592449999996
1428,activeEnergyKcal,83.45035027875925
1428,heartRateBpm,202.68939883103
1429,speedMps,3.0769068354870504
1429,paceSecPerKm,325.00171551073555
1429,cadenceSpm,175.69604044747254
1429,distanceM,4332.721990113159
1429,motionIntensityG,0.9257448949999998
1429,activeEnergyKcal,83.51187138479813
1429,heartRateBpm,202.1463901843849
1430,speedMps,3.007311632436659
1430,paceSecPerKm,332.52290491416585
1430,cadenceSpm,173.2327837593971
1430,distanceM,4335.729301745596
1430,motionIntensityG,0.9257305449999997
1430,activeEnergyKcal,83.573391652458
1430,heartRateBpm,204.07620133140796
1431,speedMps,3.093018768490845
1431,paceSecPerKm,323.3087397293496
1431,cadenceSpm,176.36141209019223
1431,distanceM,4338.822320514087
1431,motionIntensityG,0.9257161949999997
1431,activeEnergyKcal,83.63491108173886
1431,heartRateBpm,203.74051384234022
1432,speedMps,3.1820124664218237
1432,paceSecPerKm,314.2665248965857
1432,cadenceSpm,176.73689822351082
1432,distanceM,4342.0043329805085
1432,motionIntensityG,0.9257018449999996
1432,activeEnergyKcal,83.69642967264072
1432,heartRateBpm,202.61206518199202
1433,speedMps,3.0394047657193224
1433,paceSecPerKm,329.0117891762055
1433,cadenceSpm,175.74475380145242
1433,distanceM,4345.043737746228
1433,motionIntensityG,0.9256874949999998
1433,activeEnergyKcal,83.75794742516355
1433,heartRateBpm,200.79197320123427
1434,speedMps,3.1596798959546923
1434,paceSecPerKm,316.4877560161364
1434,cadenceSpm,175.81779814950377
1434,distanceM,4348.203417642182
1434,motionIntensityG,0.9256731449999998
1434,activeEnergyKcal,83.81946433930737
1434,heartRateBpm,199.56306811111207
1435,speedMps,3.2459277394600234
1435,paceSecPerKm,308.0783308399697
1435,cadenceSpm,173.79014674412275
1435,distanceM,4351.449345381642
1435,motionIntensityG,0.9256587949999997
1435,activeEnergyKcal,83.88098041507219
1435,heartRateBpm,198.0556666329382
1436,speedMps,3.154235231692453
1436,paceSecPerKm,317.0340594615179
1436,cadenceSpm,175.36373747490526
1436,distanceM,4354.603580613335
1436,motionIntensityG,0.9256444449999996
1436,activeEnergyKcal,83.94249565245799
1436,heartRateBpm,197.1738711317101
1437,speedMps,3.0614604546505366
1437,paceSecPerKm,326.64148853562415
1437,cadenceSpm,174.27140778187768
1437,distanceM,4357.665041067986
1437,motionIntensityG,0.9256300949999998
1437,activeEnergyKcal,84.00401005146479
1437,heartRateBpm,197.82966221523446
1438,speedMps,2.9398114493443686
1438,paceSecPerKm,340.1578697242703
1438,cadenceSpm,177.83210132320835
1438,distanceM,4360.60485251733
1438,motionIntensityG,0.9256157449999998
1438,activeEnergyKcal,84.06552361209258
1438,heartRateBpm,198.52949109416892
1439,speedMps,3.080568530895889
1439,paceSecPerKm,324.6154045822122
1439,cadenceSpm,173.33070532274493
1439,distanceM,4363.685421048226
1439,motionIntensityG,0.9256013949999997
1439,activeEnergyKcal,84.12703633434135
1439,heartRateBpm,199.50858699344943
1440,speedMps,3.1727178090222714
1440,paceSecPerKm,315.1871865680256
1440,cadenceSpm,173.72152364089175
1440,distanceM,4366.858138857248
1440,motionIntensityG,0.9255870449999997
1440,activeEnergyKcal,84.18854821821112
1440,heartRateBpm,198.21132411060486
1441,speedMps,3.065526614788544
1441,paceSecPerKm,326.2082264025552
1441,cadenceSpm,173.4003281550189
1441,distanceM,4369.923665472037
1441,motionIntensityG,0.9255726949999998
1441,activeEnergyKcal,84.25005926370189
1441,heartRateBpm,197.95299895015734
1442,speedMps,3.222669939676797
1442,paceSecPerKm,310.3017121574326
1442,cadenceSpm,174.50789588439451
1442,distanceM,4373.146335411714
1442,motionIntensityG,0.9255583449999998
1442,activeEnergyKcal,84.31156947081364
1442,heartRateBpm,197.14682400108705
1443,speedMps,3.3523603026424302
1443,paceSecPerKm,298.2972919741861
1443,cadenceSpm,176.2559040049226
1443,distanceM,4376.4986957143565
1443,motionIntensityG,0.9255439949999997
1443,activeEnergyKcal,84.37307883954638
1443,heartRateBpm,196.00384345310468
1444,speedMps,3.1135735795837256
1444,paceSecPerKm,321.1743594425338
1444,cadenceSpm,175.42573716771673
1444,distanceM,4379.61226929394
1444,motionIntensityG,0.9255296449999997
1444,activeEnergyKcal,84.43458736990011
1444,heartRateBpm,195.84434671475734
1445,speedMps,3.266289741192803
1445,paceSecPerKm,306.1577751013644
1445,cadenceSpm,176.4626665754009
1445,distanceM,4382.878559035133
1445,motionIntensityG,0.9255152949999998
1445,activeEnergyKcal,84.49609506187484
1445,heartRateBpm,197.3768586627529
1446,speedMps,3.2790342441126077
1446,paceSecPerKm,304.9678428322197
1446,cadenceSpm,173.79789241141287
1446,distanceM,4386.157593279245
1446,motionIntensityG,0.9255009449999996
1446,activeEnergyKcal,84.55760191547054
1446,heartRateBpm,195.7260593220399
1447,speedMps,3.0248047384364654
1447,paceSecPerKm,330.59985237820814
1447,cadenceSpm,173.5047316858957
1447,distanceM,4389.182398017681
1447,motionIntensityG,0.9254865949999997
1447,activeEnergyKcal,84.61910793068724
1447,heartRateBpm,194.19023966433443
1448,speedMps,3.1463337595011387
1448,paceSecPerKm,317.8302355814131
1448,cadenceSpm,176.7547487473599
1448,distanceM,4392.328731777183
1448,motionIntensityG,0.9254722449999997
1448,activeEnergyKcal,84.68061310752492
1448,heartRateBpm,195.53451467652198
1449,speedMps,3.220153957874516
1449,paceSecPerKm,310.544158161946
1449,cadenceSpm,177.40431261610775
1449,distanceM,4395.548885735057
1449,motionIntensityG,0.9254578949999999
1449,activeEnergyKcal,84.7421174459836
1449,heartRateBpm,195.97167735827776
1450,speedMps,3.030519187187293
1450,paceSecPerKm,329.97646219429714
1450,cadenceSpm,176.44067356901266
1450,distanceM,4398.579404922245
1450,motionIntensityG,0.9254435449999998
1450,activeEnergyKcal,84.80362094606326
1450,heartRateBpm,194.90420262837975
1451,speedMps,3.200819588449398
1451,paceSecPerKm,312.41998255966655
1451,cadenceSpm,176.76857784675764
1451,distanceM,4401.780224510694
1451,motionIntensityG,0.9254291949999998
1451,activeEnergyKcal,84.86512360776392
1451,heartRateBpm,194.1805176749663
1452,speedMps,3.1142847274498613
1452,paceSecPerKm,321.1010191797242
1452,cadenceSpm,177.6355010178567
1452,distanceM,4404.894509238144
1452,motionIntensityG,0.9254148449999997
1452,activeEnergyKcal,84.92662543108557
1452,heartRateBpm,194.3228924096117
1453,speedMps,3.131680788246271
1453,paceSecPerKm,319.3173466954772
1453,cadenceSpm,175.34161195188693
1453,distanceM,4408.0261900263895
1453,motionIntensityG,0.9254004949999997
1453,activeEnergyKcal,84.98812641602821
1453,heartRateBpm,191.85363207544378
1454,speedMps,3.179150089903845
1454,paceSecPerKm,314.5494776027531
1454,cadenceSpm,178.10884140567603
1454,distanceM,4411.205340116293
1454,motionIntensityG,0.9253861449999998
1454,activeEnergyKcal,85.04962656259184
1454,heartRateBpm,190.53537704722234
1455,speedMps,3.1008830384808386
1455,paceSecPerKm,322.4887838690983
1455,cadenceSpm,175.13233189406304
1455,distanceM,4414.306223154774
1455,motionIntensityG,0.9253717949999998
1455,activeEnergyKcal,85.11112587077646
1455,heartRateBpm,189.15998854273326
1456,speedMps,3.1040245839676275
1456,paceSecPerKm,322.16239689757214
1456,cadenceSpm,175.21722105714892
1456,distanceM,4417.410247738741
1456,motionIntensityG,0.9253574449999997
1456,activeEnergyKcal,85.17262434058208
1456,heartRateBpm,189.19938483824944
1457,speedMps,3.158468579851854
1457,paceSecPerKm,316.6091334196221
1457,cadenceSpm,174.96789268338082
1457,distanceM,4420.568716318593
1457,motionIntensityG,0.9253430949999997
1457,activeEnergyKcal,85.23412197200868
1457,heartRateBpm,188.69480985414592
1458,speedMps,3.1201965873048616
1458,paceSecPerKm,320.49262667253026
1458,cadenceSpm,173.17420820476758
1458,distanceM,4423.688912905898
1458,motionIntensityG,0.9253287449999996
1458,activeEnergyKcal,85.29561876505628
1458,heartRateBpm,188.17723759620068
1459,speedMps,3.063043331890341
1459,paceSecPerKm,326.4726912573108
1459,cadenceSpm,175.6008078698687
1459,distanceM,4426.751956237788
1459,motionIntensityG,0.9253143949999998
1459,activeEnergyKcal,85.35711471972485
1459,heartRateBpm,186.20101590258585
1460,speedMps,3.2802947324974707
1460,paceSecPerKm,304.85065567222506
1460,cadenceSpm,176.9289732696666
1460,distanceM,4430.0322509702855
1460,motionIntensityG,0.9253000449999997
1460,activeEnergyKcal,85.41860983601441
1460,heartRateBpm,186.47471087340327
1461,speedMps,3.0508455678803017
1461,paceSecPerKm,327.77798080903534
1461,cadenceSpm,173.86927008208488
1461,distanceM,4433.083096538166
1461,motionIntensityG,0.9252856949999997
1461,activeEnergyKcal,85.48010411392497
1461,heartRateBpm,186.5384766541699
1462,speedMps,3.025306014180072
1462,paceSecPerKm,330.5450738909873
1462,cadenceSpm,176.13066829280342
1462,distanceM,4436.108402552346
1462,motionIntensityG,0.9252713449999999
1462,activeEnergyKcal,85.54159755345651
1462,heartRateBpm,186.33524446278702
1463,speedMps,3.2583503866678662
1463,paceSecPerKm,306.90376458335544
1463,cadenceSpm,174.60565278819814
1463,distanceM,4439.366752939014
1463,motionIntensityG,0.9252569949999998
1463,activeEnergyKcal,85.60309015460905
1463,heartRateBpm,187.87334561920875
1464,speedMps,3.2023458357251733
1464,paceSecPerKm,312.2710822935054
1464,cadenceSpm,174.87923441650895
1464,distanceM,4442.569098774739
1464,motionIntensityG,0.9252426449999998
1464,activeEnergyKcal,85.66458191738258
1464,heartRateBpm,189.36120513619596
1465,speedMps,3.0103528844618714
1465,paceSecPerKm,332.18696889708974
1465,cadenceSpm,176.41274186845715
1465,distanceM,4445.579451659201
1465,motionIntensityG,0.9252282949999997
1465,activeEnergyKcal,85.7260728417771
1465,heartRateBpm,190.18231515402076
1466,speedMps,3.127464709242591
1466,paceSecPerKm,319.74781267545615
1466,cadenceSpm,174.95076903453656
1466,distanceM,4448.706916368444
1466,motionIntensityG,0.9252139449999996
1466,activeEnergyKcal,85.7875629277926
1466,heartRateBpm,190.80427108345134
1467,speedMps,3.1009610611121743
1467,paceSecPerKm,322.480669796397
1467,cadenceSpm,174.753850345907
1467,distanceM,4451.807877429555
1467,motionIntensityG,0.9251995949999998
1467,activeEnergyKcal,85.84905217542911
1467,heartRateBpm,190.74872593607873
1468,speedMps,3.0830003600548097
1468,paceSecPerKm,324.3593523233393
1468,cadenceSpm,174.6964805404197
1468,distanceM,4454.89087778961
1468,motionIntensityG,0.9251852449999998
1468,activeEnergyKcal,85.9105405846866
1468,heartRateBpm,190.5619536017748
1469,speedMps,3.1619244045512955
1469,paceSecPerKm,316.26309552517864
1469,cadenceSpm,176.86500770386013
1469,distanceM,4458.052802194162
1469,motionIntensityG,0.9251708949999997
1469,activeEnergyKcal,85.97202815556508
1469,heartRateBpm,188.00755467260615
1470,speedMps,3.209431878514499
1470,paceSecPerKm,311.58162498929715
1470,cadenceSpm,178.09185420714712
1470,distanceM,4461.262234072677
1470,motionIntensityG,0.9251565449999997
1470,activeEnergyKcal,86.03351488806456
1470,heartRateBpm,187.94982644887767
1471,speedMps,3.0708021859372963
1471,paceSecPerKm,325.6478077876487
1471,cadenceSpm,173.73633133085926
1471,distanceM,4464.333036258614
1471,motionIntensityG,0.9251421949999998
1471,activeEnergyKcal,86.09500078218502
1471,heartRateBpm,186.8611171192308
1472,speedMps,3.23956698481738
1472,paceSecPerKm,308.6832297917037
1472,cadenceSpm,174.5363714810575
1472,distanceM,4467.572603243431
1472,motionIntensityG,0.9251278449999998
1472,activeEnergyKcal,86.15648583792647
1472,heartRateBpm,186.79052769707647
1473,speedMps,3.1578918062463406
1473,paceSecPerKm,316.66696054057024
1473,cadenceSpm,174.25339209632907
1473,distanceM,4470.730495049677
1473,motionIntensityG,0.9251134949999997
1473,activeEnergyKcal,86.2179700552889
1473,heartRateBpm,187.87671162715802
1474,speedMps,3.062399540125557
1474,paceSecPerKm,326.54132385319014
1474,cadenceSpm,174.78878554843502
1474,distanceM,4473.792894589803
1474,motionIntensityG,0.9250991449999999
1474,activeEnergyKcal,86.27945343427233
1474,heartRateBpm,186.54191926127004
1475,speedMps,3.068174712659492
1475,paceSecPerKm,325.9266807310333
1475,cadenceSpm,173.69789486512627
1475,distanceM,4476.861069302462
1475,motionIntensityG,0.9250847949999996
1475,activeEnergyKcal,86.34093597487674
1475,heartRateBpm,187.81883887359425
1476,speedMps,3.0566116435582384
1476,paceSecPerKm,327.1596514746924
1476,cadenceSpm,177.96066296779802
1476,distanceM,4479.9176809460205
1476,motionIntensityG,0.9250704449999998
1476,activeEnergyKcal,86.40241767710215
1476,heartRateBpm,185.77447917246576
1477,speedMps,3.152402746851604
1477,paceSecPerKm,317.21835066878083
1477,cadenceSpm,176.35356954446448
1477,distanceM,4483.070083692872
1477,motionIntensityG,0.9250560949999997
1477,activeEnergyKcal,86.46389854094855
1477,heartRateBpm,184.13146546266364
1478,speedMps,3.2480946229020793
1478,paceSecPerKm,307.8728042431623
1478,cadenceSpm,175.23945385014508
1478,distanceM,4486.318178315774
1478,motionIntensityG,0.9250417449999997
1478,activeEnergyKcal,86.52537856641594
1478,heartRateBpm,184.4913459013646
1479,speedMps,3.1716415517535643
1479,paceSecPerKm,315.29414143509103
1479,cadenceSpm,174.22440518734402
1479,distanceM,4489.489819867528
1479,motionIntensityG,0.9250273949999996
1479,activeEnergyKcal,86.58685775350432
1479,heartRateBpm,185.53999422102183
1480,speedMps,3.100945113256392
1480,paceSecPerKm,322.48232828277025
1480,cadenceSpm,176.0922801559405
1480,distanceM,4492.590764980785
1480,motionIntensityG,0.9250130449999998
1480,activeEnergyKcal,86.64833610221369
1480,heartRateBpm,186.76704214930405
1481,speedMps,3.1464145736842988
1481,paceSecPerKm,317.8220722608237
1481,cadenceSpm,174.45956145027148
1481,distanceM,4495.73717955447
1481,motionIntensityG,0.9249986949999998
1481,activeEnergyKcal,86.70981361254405
1481,heartRateBpm,186.24576043542928
1482,speedMps,2.987988875437489
1482,paceSecPerKm,334.6732674342987
1482,cadenceSpm,175.82549866958252
1482,distanceM,4498.725168429907
1482,motionIntensityG,0.9249843449999997
1482,activeEnergyKcal,86.77129028449541
1482,heartRateBpm,185.29758875279975
1483,speedMps,3.019107315822914
1483,paceSecPerKm,331.2237344989611
1483,cadenceSpm,174.8071351273981
1483,distanceM,4501.74427574573
1483,motionIntensityG,0.9249699949999997
1483,activeEnergyKcal,86.83276611806775
1483,heartRateBpm,186.62289885200101
1484,speedMps,3.1752176798647405
1484,paceSecPerKm,314.9390375158778
1484,cadenceSpm,174.60248103219874
1484,distanceM,4504.919493425595
1484,motionIntensityG,0.9249556449999998
1484,activeEnergyKcal,86.89424111326107
1484,heartRateBpm,187.13835754646038
1485,speedMps,3.1172555460756284
1485,paceSecPerKm,320.7950022765759
1485,cadenceSpm,175.3954168884513
1485,distanceM,4508.03674897167
1485,motionIntensityG,0.9249412949999998
1485,activeEnergyKcal,86.95571527007539
1485,heartRateBpm,185.84936992794462
1486,speedMps,3.194945663478871
1486,paceSecPerKm,312.9943683959661
1486,cadenceSpm,173.3042777652576
1486,distanceM,4511.231694635149
1486,motionIntensityG,0.9249269449999997
1486,activeEnergyKcal,87.01718858851069
1486,heartRateBpm,186.1418318217356
1487,speedMps,3.1002943877503593
1487,paceSecPerKm,322.55001458929894
1487,cadenceSpm,175.51242687528747
1487,distanceM,4514.3319890228995
1487,motionIntensityG,0.9249125949999997
1487,activeEnergyKcal,87.07866106856699
1487,heartRateBpm,185.1843024691331
1488,speedMps,3.1201020756947737
1488,paceSecPerKm,320.50233477612215
1488,cadenceSpm,175.5034328006239
1488,distanceM,4517.452091098594
1488,motionIntensityG,0.9248982449999998
1488,activeEnergyKcal,87.14013271024427
1488,heartRateBpm,184.86115076408402
1489,speedMps,3.1521807610396686
1489,paceSecPerKm,317.24069011517435
1489,cadenceSpm,176.2937489819897
1489,distanceM,4520.604271859634
1489,motionIntensityG,0.9248838949999998
1489,activeEnergyKcal,87.20160351354255
1489,heartRateBpm,187.75295693903396
1490,speedMps,3.3196508158686915
1490,paceSecPerKm,301.2365021103337
1490,cadenceSpm,174.27831471148704
1490,distanceM,4523.923922675503
1490,motionIntensityG,0.9248695449999997
1490,activeEnergyKcal,87.26307347846182
1490,heartRateBpm,189.02684060280393
1491,speedMps,3.2777963803993386
1491,paceSecPerKm,305.08301430187333
1491,cadenceSpm,176.04567711267046
1491,distanceM,4527.201719055902
1491,motionIntensityG,0.9248551949999997
1491,activeEnergyKcal,87.32454260500208
1491,heartRateBpm,190.2669627761088
1492,speedMps,3.159788153165376
1492,paceSecPerKm,316.4769128582976
1492,cadenceSpm,174.26545684109234
1492,distanceM,4530.361507209067
1492,motionIntensityG,0.9248408449999999
1492,activeEnergyKcal,87.38601089316333
1492,heartRateBpm,187.14564169912794
1493,speedMps,3.1584382658425127
1493,paceSecPerKm,316.6121721658062
1493,cadenceSpm,173.74658150670902
1493,distanceM,4533.51994547491
1493,motionIntensityG,0.9248264949999998
1493,activeEnergyKcal,87.44747834294557
1493,heartRateBpm,186.0936642102578
1494,speedMps,3.2987989758109086
1494,paceSecPerKm,303.1406300695181
1494,cadenceSpm,173.57678944982945
1494,distanceM,4536.818744450721
1494,motionIntensityG,0.9248121449999998
1494,activeEnergyKcal,87.5089449543488
1494,heartRateBpm,182.63388097582688
1495,speedMps,3.247749337952642
1495,paceSecPerKm,307.9055357857121
1495,cadenceSpm,174.0116869702489
1495,distanceM,4540.066493788674
1495,motionIntensityG,0.9247977949999997
1495,activeEnergyKcal,87.57041072737303
1495,heartRateBpm,184.30118651821172
1496,speedMps,3.086405663754604
1496,paceSecPerKm,324.00147904844846
1496,cadenceSpm,175.00973609107464
1496,distanceM,4543.152899452429
1496,motionIntensityG,0.9247834449999999
1496,activeEnergyKcal,87.63187566201825
1496,heartRateBpm,183.9066577718749
1497,speedMps,3.10765047796287
1497,paceSecPerKm,321.78650948401406
1497,cadenceSpm,175.53386002464111
1497,distanceM,4546.260549930392
1497,motionIntensityG,0.9247690949999996
1497,activeEnergyKcal,87.69333975828444
1497,heartRateBpm,184.23295693902668
1498,speedMps,3.1663951520394984
1498,paceSecPerKm,315.81655225687564
1498,cadenceSpm,174.24097423006586
1498,distanceM,4549.426945082431
1498,motionIntensityG,0.9247547449999998
1498,activeEnergyKcal,87.75480301617162
1498,heartRateBpm,182.60633127270586
1499,speedMps,3.0532099281796303
1499,paceSecPerKm,327.5241544220364
1499,cadenceSpm,175.9773183516905
1499,distanceM,4552.480155010611
1499,motionIntensityG,0.9247403949999999
1499,activeEnergyKcal,87.8162654356798
1499,heartRateBpm,181.67270832915827
1500,speedMps,3.075641336933273
1500,paceSecPerKm,325.1354402061398
1500,cadenceSpm,173.9344644796399
1500,distanceM,4555.555796347545
1500,motionIntensityG,0.9247260449999999
1500,activeEnergyKcal,87.87772701680896
1500,heartRateBpm,183.22859611388677
1501,speedMps,2.7792560549601495
1501,paceSecPerKm,359.8085171804505
1501,cadenceSpm,169.22195996881766
1501,distanceM,4558.335052402505
1501,motionIntensityG,0.7302985999999998
1501,activeEnergyKcal,87.9278294419205
1501,heartRateBpm,183.3336044757354
1502,speedMps,2.7525624477058432
1502,paceSecPerKm,363.2978430093247
1502,cadenceSpm,167.64949685671044
1502,distanceM,4561.087614850211
1502,motionIntensityG,0.7303098499999998
1502,activeEnergyKcal,87.9779325242978
1502,heartRateBpm,183.7614144479718
1503,speedMps,2.789952952833835
1503,paceSecPerKm,358.42898317846954
1503,cadenceSpm,168.9353385180337
1503,distanceM,4563.877567803045
1503,motionIntensityG,0.7303210999999998
1503,activeEnergyKcal,88.02803626394089
1503,heartRateBpm,183.61139605871256
1504,speedMps,2.7733181477453854
1504,paceSecPerKm,360.5788974528459
1504,cadenceSpm,169.34005530971416
1504,distanceM,4566.65088595079
1504,motionIntensityG,0.7303323499999999
1504,activeEnergyKcal,88.07814066084975
1504,heartRateBpm,180.3141100016704
1505,speedMps,2.767572267629209
1505,paceSecPerKm,361.3275113703289
1505,cadenceSpm,166.69248899842415
1505,distanceM,4569.41845821842
1505,motionIntensityG,0.7303435999999999
1505,activeEnergyKcal,88.12824571502439
1505,heartRateBpm,179.08988927619458
1506,speedMps,2.7143434961070367
1506,paceSecPerKm,368.41320983663974
1506,cadenceSpm,168.36232500412524
1506,distanceM,4572.132801714527
1506,motionIntensityG,0.7303548499999999
1506,activeEnergyKcal,88.1783514264648
1506,heartRateBpm,177.85806309557393
1507,speedMps,2.6975861627555555
1507,paceSecPerKm,370.70178287781204
1507,cadenceSpm,169.2027483045586
1507,distanceM,4574.830387877282
1507,motionIntensityG,0.7303660999999999
1507,activeEnergyKcal,88.22845779517098
1507,heartRateBpm,178.3278919277264
1508,speedMps,2.751147579196466
1508,paceSecPerKm,363.4846809243408
1508,cadenceSpm,168.81727295719162
1508,distanceM,4577.581535456478
1508,motionIntensityG,0.7303773499999999
1508,activeEnergyKcal,88.27856482114294
1508,heartRateBpm,178.82156519691927
1509,speedMps,2.7098839959233443
1509,paceSecPerKm,369.01948626006333
1509,cadenceSpm,168.87713787758446
1509,distanceM,4580.291419452402
1509,motionIntensityG,0.7303885999999999
1509,activeEnergyKcal,88.32867250438066
1509,heartRateBpm,178.08793437773602
1510,speedMps,2.878229567038925
1510,paceSecPerKm,347.4358027072814
1510,cadenceSpm,166.05398574463396
1510,distanceM,4583.169649019441
1510,motionIntensityG,0.7303998499999997
1510,activeEnergyKcal,88.37878084488416
1510,heartRateBpm,176.4595614182312
1511,speedMps,2.8388016808961134
1511,paceSecPerKm,352.26131037245756
1511,cadenceSpm,168.15968162700912
1511,distanceM,4586.008450700337
1511,motionIntensityG,0.7304110999999998
1511,activeEnergyKcal,88.42888984265345
1511,heartRateBpm,175.56714985338223
1512,speedMps,2.7482581577456466
1512,paceSecPerKm,363.8668358653338
1512,cadenceSpm,169.50168720045806
1512,distanceM,4588.756708858083
1512,motionIntensityG,0.73042235
1512,activeEnergyKcal,88.4789994976885
1512,heartRateBpm,176.9045183424528
1513,speedMps,2.671507783785125
1513,paceSecPerKm,374.3204515702928
1513,cadenceSpm,166.72673407473502
1513,distanceM,4591.428216641868
1513,motionIntensityG,0.7304335999999998
1513,activeEnergyKcal,88.52910980998934
1513,heartRateBpm,175.9167189493873
1514,speedMps,2.7495817788781753
1514,paceSecPerKm,363.6916740145108
1514,cadenceSpm,168.3027555497415
1514,distanceM,4594.1777984207465
1514,motionIntensityG,0.7304448499999998
1514,activeEnergyKcal,88.57922077955594
1514,heartRateBpm,172.5249515314292
1515,speedMps,2.6989625223806195
1515,paceSecPerKm,370.5127402502611
1515,cadenceSpm,167.8510749463333
1515,distanceM,4596.876760943127
1515,motionIntensityG,0.7304560999999998
1515,activeEnergyKcal,88.62933240638831
1515,heartRateBpm,172.99037757338658
1516,speedMps,2.7501831673499892
1516,paceSecPerKm,363.61214477346107
1516,cadenceSpm,167.92365290762388
1516,distanceM,4599.626944110477
1516,motionIntensityG,0.7304673499999998
1516,activeEnergyKcal,88.67944469048646
1516,heartRateBpm,173.38786716251963
1517,speedMps,2.730784896777784
1517,paceSecPerKm,366.1950822929919
1517,cadenceSpm,166.08752192076307
1517,distanceM,4602.357729007254
1517,motionIntensityG,0.7304785999999999
1517,activeEnergyKcal,88.72955763185038
1517,heartRateBpm,172.67934188158083
1518,speedMps,2.8259176857511457
1518,paceSecPerKm,353.8673490180568
1518,cadenceSpm,167.27624518937404
1518,distanceM,4605.183646693005
1518,motionIntensityG,0.7304898499999999
1518,activeEnergyKcal,88.77967123048009
1518,heartRateBpm,172.69199575281746
1519,speedMps,2.7055425825478308
1519,paceSecPerKm,369.6116285326739
1519,cadenceSpm,167.83292831085853
1519,distanceM,4607.889189275553
1519,motionIntensityG,0.7305010999999999
1519,activeEnergyKcal,88.82978548637557
1519,heartRateBpm,171.00163839482047
1520,speedMps,2.7484343021644957
1520,paceSecPerKm,363.84351600198784
1520,cadenceSpm,169.44604271999194
1520,distanceM,4610.637623577717
1520,motionIntensityG,0.7305123499999999
1520,activeEnergyKcal,88.87990039953682
1520,heartRateBpm,171.81093850505178
1521,speedMps,2.6771531467430565
1521,paceSecPerKm,373.5311150266356
1521,cadenceSpm,171.01881901000354
1521,distanceM,4613.31477672446
1521,motionIntensityG,0.7305235999999999
1521,activeEnergyKcal,88.93001596996385
1521,heartRateBpm,171.1340067594158
1522,speedMps,2.678804482660557
1522,paceSecPerKm,373.30085359824835
1522,cadenceSpm,167.5553725074858
1522,distanceM,4615.993581207121
1522,motionIntensityG,0.7305348499999997
1522,activeEnergyKcal,88.98013219765664
1522,heartRateBpm,169.41175881193237
1523,speedMps,2.706070508604999
1523,paceSecPerKm,369.5395211692056
1523,cadenceSpm,165.82123652666343
1523,distanceM,4618.699651715726
1523,motionIntensityG,0.7305461
1523,activeEnergyKcal,89.03024908261521
1523,heartRateBpm,170.32960496555717
1524,speedMps,2.637994562339333
1524,paceSecPerKm,379.07583824328105
1524,cadenceSpm,169.71686412651363
1524,distanceM,4621.337646278065
1524,motionIntensityG,0.7305573499999998
1524,activeEnergyKcal,89.08036662483956
1524,heartRateBpm,169.76828287335292
1525,speedMps,2.8416564149321473
1525,paceSecPerKm,351.90742791607966
1525,cadenceSpm,168.86052811782204
1525,distanceM,4624.179302692997
1525,motionIntensityG,0.7305685999999998
1525,activeEnergyKcal,89.13048482432967
1525,heartRateBpm,169.84917495944694
1526,speedMps,2.777053382240318
1526,paceSecPerKm,360.0939061507255
1526,cadenceSpm,168.16383668074786
1526,distanceM,4626.956356075238
1526,motionIntensityG,0.7305798499999998
1526,activeEnergyKcal,89.18060368108557
1526,heartRateBpm,169.1128170164295
1527,speedMps,2.6362224063650364
1527,paceSecPerKm,379.33066557113943
1527,cadenceSpm,167.76673982714183
1527,distanceM,4629.592578481603
1527,motionIntensityG,0.7305910999999998
1527,activeEnergyKcal,89.23072319510725
1527,heartRateBpm,168.38255928448427
1528,speedMps,2.8259524249514483
1528,paceSecPerKm,353.86299895589383
1528,cadenceSpm,166.7512564841697
1528,distanceM,4632.418530906554
1528,motionIntensityG,0.7306023499999998
1528,activeEnergyKcal,89.28084336639469
1528,heartRateBpm,168.09922610741287
1529,speedMps,2.8044927246247147
1529,paceSecPerKm,356.57072354638245
1529,cadenceSpm,169.1907044542179
1529,distanceM,4635.223023631179
1529,motionIntensityG,0.7306135999999999
1529,activeEnergyKcal,89.33096419494791
1529,heartRateBpm,169.69181741435008
1530,speedMps,2.7000921063049055
1530,paceSecPerKm,370.35773619163933
1530,cadenceSpm,168.3631550190951
1530,distanceM,4637.923115737483
1530,motionIntensityG,0.7306248499999999
1530,activeEnergyKcal,89.3810856807669
1530,heartRateBpm,167.0430382066199
1531,speedMps,2.6785891666037807
1531,paceSecPerKm,373.3308610621738
1531,cadenceSpm,170.2041899988925
1531,distanceM,4640.6017049040875
1531,motionIntensityG,0.7306360999999999
1531,activeEnergyKcal,89.43120782385166
1531,heartRateBpm,166.86886725100055
1532,speedMps,2.740714397791715
1532,paceSecPerKm,364.8683718397412
1532,cadenceSpm,170.2807450647179
1532,distanceM,4643.342419301879
1532,motionIntensityG,0.7306473499999999
1532,activeEnergyKcal,89.4813306242022
1532,heartRateBpm,165.37266159783258
1533,speedMps,2.6178759014716158
1533,paceSecPerKm,381.9890772659846
1533,cadenceSpm,168.06950651996146
1533,distanceM,4645.960295203351
1533,motionIntensityG,0.7306585999999999
1533,activeEnergyKcal,89.53145408181852
1533,heartRateBpm,164.80897409849882
1534,speedMps,2.769153599712751
1534,paceSecPerKm,361.1211743919628
1534,cadenceSpm,168.9805277953896
1534,distanceM,4648.729448803064
1534,motionIntensityG,0.7306698499999997
1534,activeEnergyKcal,89.58157819670062
1534,heartRateBpm,165.82739019008184
1535,speedMps,2.6953886349002416
1535,paceSecPerKm,371.00401294710167
1535,cadenceSpm,169.70788410883634
1535,distanceM,4651.424837437964
1535,motionIntensityG,0.7306811
1535,activeEnergyKcal,89.63170296884849
1535,heartRateBpm,166.13977506800995
1536,speedMps,2.7601852312743462
1536,paceSecPerKm,362.29452598668945
1536,cadenceSpm,166.01613288628278
1536,distanceM,4654.185022669239
1536,motionIntensityG,0.7306923499999998
1536,activeEnergyKcal,89.68182839826213
1536,heartRateBpm,165.63411079252404
1537,speedMps,2.727179172696718
1537,paceSecPerKm,366.67924499114207
1537,cadenceSpm,167.5886115316459
1537,distanceM,4656.912201841936
1537,motionIntensityG,0.7307036
1537,activeEnergyKcal,89.73195448494154
1537,heartRateBpm,166.66884224518304
1538,speedMps,2.747064812738834
1538,paceSecPerKm,364.02490227487436
1538,cadenceSpm,167.5990638205739
1538,distanceM,4659.659266654675
1538,motionIntensityG,0.7307148499999998
1538,activeEnergyKcal,89.78208122888672
1538,heartRateBpm,165.93269805433866
1539,speedMps,2.778984262681154
1539,paceSecPerKm,359.8437074397836
1539,cadenceSpm,168.2982943176221
1539,distanceM,4662.438250917356
1539,motionIntensityG,0.7307260999999998
1539,activeEnergyKcal,89.83220863009768
1539,heartRateBpm,164.80848048876598
1540,speedMps,2.7094504340868735
1540,paceSecPerKm,369.07853615599186
1540,cadenceSpm,168.192846975062
1540,distanceM,4665.147701351442
1540,motionIntensityG,0.7307373499999998
1540,activeEnergyKcal,89.88233668857441
1540,heartRateBpm,164.19995270914276
1541,speedMps,2.711944339569155
1541,paceSecPerKm,368.7391313344099
1541,cadenceSpm,166.5352611735634
1541,distanceM,4667.859645691012
1541,motionIntensityG,0.7307485999999999
1541,activeEnergyKcal,89.93246540431693
1541,heartRateBpm,162.62907686930615
1542,speedMps,2.7283312347397586
1542,paceSecPerKm,366.52441143033894
1542,cadenceSpm,167.76918166132916
1542,distanceM,4670.587976925752
1542,motionIntensityG,0.7307598499999999
1542,activeEnergyKcal,89.98259477732522
1542,heartRateBpm,163.952738972689
1543,speedMps,2.7160019153824395
1543,paceSecPerKm,368.18825286402284
1543,cadenceSpm,168.0579933921804
1543,distanceM,4673.303978841134
1543,motionIntensityG,0.7307710999999999
1543,activeEnergyKcal,90.03272480759928
1543,heartRateBpm,161.03540843463557
1544,speedMps,2.6734363578402776
1544,paceSecPerKm,374.05042280783715
1544,cadenceSpm,166.47636765750744
1544,distanceM,4675.977415198975
1544,motionIntensityG,0.7307823499999999
1544,activeEnergyKcal,90.08285549513911
1544,heartRateBpm,158.13758525387627
1545,speedMps,2.7284051700700593
1545,paceSecPerKm,366.51447921656086
1545,cadenceSpm,167.29704884809698
1545,distanceM,4678.705820369045
1545,motionIntensityG,0.7307935999999999
1545,activeEnergyKcal,90.13298683994472
1545,heartRateBpm,158.29689889914866
1546,speedMps,2.830968615960354
1546,paceSecPerKm,353.23598939325166
1546,cadenceSpm,170.23742169616258
1546,distanceM,4681.536788985005
1546,motionIntensityG,0.73080485
1546,activeEnergyKcal,90.1831188420161
1546,heartRateBpm,158.6154756144341
1547,speedMps,2.6940251212354998
1547,paceSecPerKm,371.1917873807326
1547,cadenceSpm,168.60317928730177
1547,distanceM,4684.23081410624
1547,motionIntensityG,0.7308161
1547,activeEnergyKcal,90.23325150135325
1547,heartRateBpm,154.6141348222533
1548,speedMps,2.7599094955350507
1548,paceSecPerKm,362.33072193772597
1548,cadenceSpm,168.40316175329815
1548,distanceM,4686.990723601775
1548,motionIntensityG,0.7308273499999998
1548,activeEnergyKcal,90.28338481795619
1548,heartRateBpm,153.49687744428766
1549,speedMps,2.7563351930624487
1549,paceSecPerKm,362.8005775628986
1549,cadenceSpm,168.8266158495234
1549,distanceM,4689.747058794837
1549,motionIntensityG,0.7308386
1549,activeEnergyKcal,90.3335187918249
1549,heartRateBpm,153.21540193287447
1550,speedMps,2.7715667851349357
1550,paceSecPerKm,360.8067485017556
1550,cadenceSpm,169.4099448195923
1550,distanceM,4692.518625579973
1550,motionIntensityG,0.7308498499999998
1550,activeEnergyKcal,90.38365342295938
1550,heartRateBpm,153.52969281265885
1551,speedMps,2.6326885572729366
1551,paceSecPerKm,379.8398398615928
1551,cadenceSpm,169.31849897706573
1551,distanceM,4695.151314137245
1551,motionIntensityG,0.7308610999999998
1551,activeEnergyKcal,90.43378871135964
1551,heartRateBpm,154.25130278032418
1552,speedMps,2.722981557968552
1552,paceSecPerKm,367.24449971891767
1552,cadenceSpm,169.06332993944974
1552,distanceM,4697.874295695214
1552,motionIntensityG,0.7308723499999998
1552,activeEnergyKcal,90.48392465702567
1552,heartRateBpm,154.22590523467184
1553,speedMps,2.698681980168193
1553,paceSecPerKm,370.55125700201097
1553,cadenceSpm,168.71706131260407
1553,distanceM,4700.5729776753815
1553,motionIntensityG,0.7308835999999999
1553,activeEnergyKcal,90.53406125995747
1553,heartRateBpm,153.19088799701396
1554,speedMps,2.744077288484826
1554,paceSecPerKm,364.42122246205446
1554,cadenceSpm,167.29975175852695
1554,distanceM,4703.317054963866
1554,motionIntensityG,0.7308948499999999
1554,activeEnergyKcal,90.58419852015504
1554,heartRateBpm,150.78838672665503
1555,speedMps,2.775762284234013
1555,paceSecPerKm,360.26139762755497
1555,cadenceSpm,166.82177524830811
1555,distanceM,4706.0928172481
1555,motionIntensityG,0.7309060999999999
1555,activeEnergyKcal,90.63433643761839
1555,heartRateBpm,149.33941525469612
1556,speedMps,2.775851928443711
1556,paceSecPerKm,360.24976323598526
1556,cadenceSpm,169.23970980717033
1556,distanceM,4708.868669176543
1556,motionIntensityG,0.7309173499999999
1556,activeEnergyKcal,90.68447501234752
1556,heartRateBpm,149.64630420176223
1557,speedMps,2.8087032042748925
1557,paceSecPerKm,356.036194382512
1557,cadenceSpm,170.87451191767727
1557,distanceM,4711.677372380818
1557,motionIntensityG,0.7309285999999999
1557,activeEnergyKcal,90.73461424434242
1557,heartRateBpm,148.5528637257805
1558,speedMps,2.6794937937169188
1558,paceSecPerKm,373.20482038244546
1558,cadenceSpm,170.3940497965131
1558,distanceM,4714.356866174535
1558,motionIntensityG,0.73093985
1558,activeEnergyKcal,90.7847541336031
1558,heartRateBpm,146.84377178573703
1559,speedMps,2.789112878049153
1559,paceSecPerKm,358.5369412153196
1559,cadenceSpm,169.12036273837666
1559,distanceM,4717.145979052584
1559,motionIntensityG,0.7309511
1559,activeEnergyKcal,90.83489468012955
1559,heartRateBpm,147.5211662604805
1560,speedMps,2.732366542549168
1560,paceSecPerKm,365.9831082059172
1560,cadenceSpm,166.0733242037867
1560,distanceM,4719.878345595133
1560,motionIntensityG,0.73096235
1560,activeEnergyKcal,90.88503588392177
1560,heartRateBpm,145.18048231363565
1561,speedMps,2.8234466751665295
1561,paceSecPerKm,354.17704495553085
1561,cadenceSpm,167.34682713709688
1561,distanceM,4722.7017922703
1561,motionIntensityG,0.7309736
1561,activeEnergyKcal,90.93517774497977
1561,heartRateBpm,146.22677561260784
1562,speedMps,2.683210431584487
1562,paceSecPerKm,372.6878772640582
1562,cadenceSpm,167.8607615018865
1562,distanceM,4725.385002701884
1562,motionIntensityG,0.7309848499999998
1562,activeEnergyKcal,90.98532026330354
1562,heartRateBpm,144.54225971835066
1563,speedMps,2.71444278057202
1563,paceSecPerKm,368.3997346185607
1563,cadenceSpm,168.10006577907717
1563,distanceM,4728.099445482457
1563,motionIntensityG,0.7309960999999998
1563,activeEnergyKcal,91.03546343889309
1563,heartRateBpm,142.680599515686
1564,speedMps,2.7903056742817456
1564,paceSecPerKm,358.3836743110271
1564,cadenceSpm,166.505543025186
1564,distanceM,4730.889751156738
1564,motionIntensityG,0.7310073499999998
1564,activeEnergyKcal,91.08560727174842
1564,heartRateBpm,144.16694256854404
1565,speedMps,2.8449243976923912
1565,paceSecPerKm,351.5031896141535
1565,cadenceSpm,169.64222202389863
1565,distanceM,4733.73467555443
1565,motionIntensityG,0.7310185999999999
1565,activeEnergyKcal,91.13575176186951
1565,heartRateBpm,143.80159055303665
1566,speedMps,2.7536085666296626
1566,paceSecPerKm,363.1598231203831
1566,cadenceSpm,166.88587781999058
1566,distanceM,4736.48828412106
1566,motionIntensityG,0.7310298499999999
1566,activeEnergyKcal,91.18589690925639
1566,heartRateBpm,143.71959985117755
1567,speedMps,2.715893566736473
1567,paceSecPerKm,368.2029414730122
1567,cadenceSpm,169.08289475908398
1567,distanceM,4739.204177687797
1567,motionIntensityG,0.7310410999999999
1567,activeEnergyKcal,91.23604271390903
1567,heartRateBpm,145.42481825797944
1568,speedMps,2.661385324734247
1568,paceSecPerKm,375.744162525528
1568,cadenceSpm,168.99233668798462
1568,distanceM,4741.865563012531
1568,motionIntensityG,0.7310523499999999
1568,activeEnergyKcal,91.28618917582745
1568,heartRateBpm,145.5493926663191
1569,speedMps,2.561642124195775
1569,paceSecPerKm,390.3745923579973
1569,cadenceSpm,167.99782640332438
1569,distanceM,4744.427205136727
1569,motionIntensityG,0.7310635999999999
1569,activeEnergyKcal,91.33633629501163
1569,heartRateBpm,145.54239919664454
1570,speedMps,2.8360760756234424
1570,paceSecPerKm,352.5998504042859
1570,cadenceSpm,168.3157402618006
1570,distanceM,4747.26328121235
1570,motionIntensityG,0.7310748499999999
1570,activeEnergyKcal,91.3864840714616
1570,heartRateBpm,144.38785406198795
1571,speedMps,2.678772352871246
1571,paceSecPerKm,373.3053310514231
1571,cadenceSpm,168.7592675172768
1571,distanceM,4749.942053565222
1571,motionIntensityG,0.7310860999999997
1571,activeEnergyKcal,91.43663250517734
1571,heartRateBpm,143.11630190766672
1572,speedMps,2.8437789242294693
1572,paceSecPerKm,351.6447750139203
1572,cadenceSpm,167.9527625043709
1572,distanceM,4752.785832489451
1572,motionIntensityG,0.73109735
1572,activeEnergyKcal,91.48678159615886
1572,heartRateBpm,142.78262921707247
1573,speedMps,2.6645693243635096
1573,paceSecPerKm,375.2951709142984
1573,cadenceSpm,166.92285726282554
1573,distanceM,4755.450401813815
1573,motionIntensityG,0.7311086
1573,activeEnergyKcal,91.53693134440616
1573,heartRateBpm,144.80901427168067
1574,speedMps,2.7681345605582663
1574,paceSecPerKm,361.2541146837616
1574,cadenceSpm,165.95295085393803
1574,distanceM,4758.218536374373
1574,motionIntensityG,0.73111985
1574,activeEnergyKcal,91.58708174991922
1574,heartRateBpm,144.36987018609204
1575,speedMps,2.7254968669387436
1575,paceSecPerKm,366.9055767887167
1575,cadenceSpm,167.93979288504167
1575,distanceM,4760.944033241311
1575,motionIntensityG,0.7311310999999998
1575,activeEnergyKcal,91.63723281269806
1575,heartRateBpm,144.06462818826682
1576,speedMps,2.7270681311850944
1576,paceSecPerKm,366.69417553768
1576,cadenceSpm,167.4361746368914
1576,distanceM,4763.671101372496
1576,motionIntensityG,0.7311423499999998
1576,activeEnergyKcal,91.68738453274267
1576,heartRateBpm,145.09484977262935
1577,speedMps,2.7401780836609264
1577,paceSecPerKm,364.9397847398233
1577,cadenceSpm,167.5013374826923
1577,distanceM,4766.411279456157
1577,motionIntensityG,0.7311535999999998
1577,activeEnergyKcal,91.73753691005305
1577,heartRateBpm,144.60084713728168
1578,speedMps,2.6673825417630037
1578,paceSecPerKm,374.899357082487
1578,cadenceSpm,169.06055384787388
1578,distanceM,4769.07866199792
1578,motionIntensityG,0.7311648499999999
1578,activeEnergyKcal,91.78768994462922
1578,heartRateBpm,143.61216939854614
1579,speedMps,2.6877661483397985
1579,paceSecPerKm,372.05617781059124
1579,cadenceSpm,166.23791125969493
1579,distanceM,4771.766428146259
1579,motionIntensityG,0.7311760999999999
1579,activeEnergyKcal,91.83784363647116
1579,heartRateBpm,142.544761099318
1580,speedMps,2.775293868704088
1580,paceSecPerKm,360.32220273197447
1580,cadenceSpm,168.18388745374267
1580,distanceM,4774.541722014964
1580,motionIntensityG,0.7311873499999999
1580,activeEnergyKcal,91.88799798557888
1580,heartRateBpm,142.4453211324754
1581,speedMps,2.7297020192875725
1581,paceSecPerKm,366.3403525125394
1581,cadenceSpm,170.1566773578622
1581,distanceM,4777.271424034251
1581,motionIntensityG,0.7311985999999999
1581,activeEnergyKcal,91.93815299195236
1581,heartRateBpm,142.04741358430886
1582,speedMps,2.745645973324824
1582,paceSecPerKm,364.213015703935
1582,cadenceSpm,170.71812618410215
1582,distanceM,4780.017070007576
1582,motionIntensityG,0.7312098499999999
1582,activeEnergyKcal,91.98830865559162
1582,heartRateBpm,143.12667989328114
1583,speedMps,2.839532820421587
1583,paceSecPerKm,352.17060806908705
1583,cadenceSpm,166.80807393483767
1583,distanceM,4782.856602827997
1583,motionIntensityG,0.7312211
1583,activeEnergyKcal,92.03846497649666
1583,heartRateBpm,144.08438944871276
1584,speedMps,2.9035876305931683
1584,paceSecPerKm,344.4015222628951
1584,cadenceSpm,168.17409035966753
1584,distanceM,4785.760190458591
1584,motionIntensityG,0.73123235
1584,activeEnergyKcal,92.08862195466746
1584,heartRateBpm,142.47377276622328
1585,speedMps,2.625817986788233
1585,paceSecPerKm,380.83370783180186
1585,cadenceSpm,168.407353542284
1585,distanceM,4788.386008445379
1585,motionIntensityG,0.7312435999999998
1585,activeEnergyKcal,92.13877959010404
1585,heartRateBpm,142.87129768853052
1586,speedMps,2.63884219891079
1586,paceSecPerKm,378.95407327227093
1586,cadenceSpm,170.0872093203294
1586,distanceM,4791.0248506442895
1586,motionIntensityG,0.73125485
1586,activeEnergyKcal,92.1889378828064
1586,heartRateBpm,143.16706495402136
1587,speedMps,2.7322385256344726
1587,paceSecPerKm,366.0002560602877
1587,cadenceSpm,165.96205293983783
1587,distanceM,4793.757089169924
1587,motionIntensityG,0.7312661
1587,activeEnergyKcal,92.23909683277454
1587,heartRateBpm,141.94239075560765
1588,speedMps,2.667395803147634
1588,paceSecPerKm,374.89749321040387
1588,cadenceSpm,165.77414708561307
1588,distanceM,4796.424484973072
1588,motionIntensityG,0.7312773499999998
1588,activeEnergyKcal,92.28925644000844
1588,heartRateBpm,143.51059138411148
1589,speedMps,2.5904164696230656
1589,paceSecPerKm,386.0383114941788
1589,cadenceSpm,167.98576477496454
1589,distanceM,4799.014901442695
1589,motionIntensityG,0.7312885999999998
1589,activeEnergyKcal,92.33941670450812
1589,heartRateBpm,143.89078117394692
1590,speedMps,2.7799970480678833
1590,paceSecPerKm,359.71261217525637
1590,cadenceSpm,167.32725648355455
1590,distanceM,4801.794898490763
1590,motionIntensityG,0.7312998499999999
1590,activeEnergyKcal,92.38957762627358
1590,heartRateBpm,144.16310683736896
1591,speedMps,2.7167106473277904
1591,paceSecPerKm,368.09220039079963
1591,cadenceSpm,168.53977048472197
1591,distanceM,4804.511609138091
1591,motionIntensityG,0.7313110999999999
1591,activeEnergyKcal,92.4397392053048
1591,heartRateBpm,144.54840340165575
1592,speedMps,2.772070988202414
1592,paceSecPerKm,360.7411225238727
1592,cadenceSpm,167.52571211993168
1592,distanceM,4807.283680126294
1592,motionIntensityG,0.7313223499999999
1592,activeEnergyKcal,92.4899014416018
1592,heartRateBpm,143.54864376677125
1593,speedMps,2.7901581855131825
1593,paceSecPerKm,358.40261860138014
1593,cadenceSpm,169.75559321107332
1593,distanceM,4810.073838311807
1593,motionIntensityG,0.7313335999999999
1593,activeEnergyKcal,92.54006433516459
1593,heartRateBpm,142.3591018645727
1594,speedMps,2.8807254500245567
1594,paceSecPerKm,347.1347816194964
1594,cadenceSpm,169.24756002895552
1594,distanceM,4812.954563761831
1594,motionIntensityG,0.7313448499999999
1594,activeEnergyKcal,92.59022788599314
1594,heartRateBpm,142.61656106607467
1595,speedMps,2.661881877761278
1595,paceSecPerKm,375.6740704215732
1595,cadenceSpm,166.60470285046762
1595,distanceM,4815.616445639593
1595,motionIntensityG,0.7313561
1595,activeEnergyKcal,92.64039209408747
1595,heartRateBpm,143.1072066822144
1596,speedMps,2.587825038183995
1596,paceSecPerKm,386.4248877898444
1596,cadenceSpm,168.93007191055096
1596,distanceM,4818.204270677777
1596,motionIntensityG,0.73136735
1596,activeEnergyKcal,92.69055695944758
1596,heartRateBpm,142.9875756549871
1597,speedMps,2.734047470596291
1597,paceSecPerKm,365.7580970172042
1597,cadenceSpm,167.8736402436416
1597,distanceM,4820.938318148373
1597,motionIntensityG,0.7313786
1597,activeEnergyKcal,92.74072248207345
1597,heartRateBpm,142.59078826570655
1598,speedMps,2.689221347013926
1598,paceSecPerKm,371.8548497729226
1598,cadenceSpm,167.11570445857154
1598,distanceM,4823.627539495386
1598,motionIntensityG,0.73138985
1598,activeEnergyKcal,92.7908886619651
1598,heartRateBpm,142.17194593537064
1599,speedMps,2.7194343871979623
1599,paceSecPerKm,367.7235254167596
1599,cadenceSpm,168.60419552424236
1599,distanceM,4826.346973882584
1599,motionIntensityG,0.7314010999999998
1599,activeEnergyKcal,92.84105549912252
1599,heartRateBpm,131.08212335447115
1600,speedMps,2.765321694716497
1600,paceSecPerKm,361.621579836671
1600,cadenceSpm,169.19752812864485
1600,distanceM,4829.112295577301
1600,motionIntensityG,0.7314123499999998
1600,activeEnergyKcal,92.89122299354572
1600,heartRateBpm,119.77306045090307
1601,speedMps,2.776436339216815
1601,paceSecPerKm,360.17393443354905
1601,cadenceSpm,171.58514807632457
1601,distanceM,4831.888731916518
1601,motionIntensityG,0.7314236000000001
1601,activeEnergyKcal,92.9413911452347
1601,heartRateBpm,106.88856790423246
1602,speedMps,2.725224873269422
1602,paceSecPerKm,366.942196149968
1602,cadenceSpm,168.15493880371295
1602,distanceM,4834.613956789787
1602,motionIntensityG,0.7314348499999999
1602,activeEnergyKcal,92.99155995418946
1602,heartRateBpm,106.33973743258211
1603,speedMps,2.750414087091397
1603,paceSecPerKm,363.58161656215
1603,cadenceSpm,171.6332281424422
1603,distanceM,4837.364370876879
1603,motionIntensityG,0.7314460999999999
1603,activeEnergyKcal,93.04172942040998
1603,heartRateBpm,109.6708155117607
1604,speedMps,2.751037432266224
1604,paceSecPerKm,363.4992342420544
1604,cadenceSpm,169.30323947507094
1604,distanceM,4840.115408309145
1604,motionIntensityG,0.7314573499999999
1604,activeEnergyKcal,93.09189954389628
1604,heartRateBpm,109.61214875486573
1605,speedMps,2.803893007138406
1605,paceSecPerKm,356.6469895442191
1605,cadenceSpm,167.7027611346189
1605,distanceM,4842.919301316283
1605,motionIntensityG,0.7314685999999999
1605,activeEnergyKcal,93.14207032464834
1605,heartRateBpm,108.94838620079774
1606,speedMps,2.850951158692111
1606,paceSecPerKm,350.7601303344514
1606,cadenceSpm,168.07348034329766
1606,distanceM,4845.770252474975
1606,motionIntensityG,0.7314798499999999
1606,activeEnergyKcal,93.19224176266619
1606,heartRateBpm,110.98780175090138
1607,speedMps,2.682138292506443
1607,paceSecPerKm,372.836852892289
1607,cadenceSpm,166.87935929858406
1607,distanceM,4848.452390767481
1607,motionIntensityG,0.7314911
1607,activeEnergyKcal,93.2424138579498
1607,heartRateBpm,112.40663339044579
1608,speedMps,2.63174655322807
1608,paceSecPerKm,379.97579925521757
1608,cadenceSpm,167.508595576386
1608,distanceM,4851.0841373207095
1608,motionIntensityG,0.73150235
1608,activeEnergyKcal,93.2925866104992
1608,heartRateBpm,113.8450194562137
1609,speedMps,2.7271962143549136
1609,paceSecPerKm,366.67695369199475
1609,cadenceSpm,168.45999132479946
1609,distanceM,4853.8113335350645
1609,motionIntensityG,0.7315136
1609,activeEnergyKcal,93.34276002031437
1609,heartRateBpm,114.07290655698074
1610,speedMps,2.6415696138808533
1610,paceSecPerKm,378.5628040030538
1610,cadenceSpm,170.02879978508878
1610,distanceM,4856.452903148946
1610,motionIntensityG,0.73152485
1610,activeEnergyKcal,93.39293408739532
1610,heartRateBpm,114.26665676532924
1611,speedMps,2.7389490037463333
1611,paceSecPerKm,365.10354834361664
1611,cadenceSpm,168.6086942805162
1611,distanceM,4859.191852152692
1611,motionIntensityG,0.7315360999999998
1611,activeEnergyKcal,93.44310881174204
1611,heartRateBpm,114.1611336147469
1612,speedMps,2.873050985754449
1612,paceSecPerKm,348.06204448105365
1612,cadenceSpm,167.68752722923298
1612,distanceM,4862.064903138446
1612,motionIntensityG,0.7315473499999998
1612,activeEnergyKcal,93.49328419335453
1612,heartRateBpm,111.80157211796484
1613,speedMps,2.775044572661749
1613,paceSecPerKm,360.3545722657804
1613,cadenceSpm,168.4877449970431
1613,distanceM,4864.839947711108
1613,motionIntensityG,0.7315585999999998
1613,activeEnergyKcal,93.54346023223279
1613,heartRateBpm,113.0410345960186
1614,speedMps,2.795201669384415
1614,paceSecPerKm,357.75593974234755
1614,cadenceSpm,166.57111410987739
1614,distanceM,4867.635149380492
1614,motionIntensityG,0.7315698499999999
1614,activeEnergyKcal,93.59363692837682
1614,heartRateBpm,112.25716176869739
1615,speedMps,2.819044201044759
1615,paceSecPerKm,354.7301598284243
1615,cadenceSpm,168.7114641099978
1615,distanceM,4870.454193581537
1615,motionIntensityG,0.7315811000000001
1615,activeEnergyKcal,93.64381428178665
1615,heartRateBpm,114.78585430375249
1616,speedMps,2.808798479433008
1616,paceSecPerKm,356.0241175443326
1616,cadenceSpm,167.09722147890048
1616,distanceM,4873.26299206097
1616,motionIntensityG,0.7315923499999999
1616,activeEnergyKcal,93.69399229246224
1616,heartRateBpm,114.91136517972855
1617,speedMps,2.7303876252794543
1617,paceSecPerKm,366.24836369072335
1617,cadenceSpm,169.42569466418738
1617,distanceM,4875.993379686249
1617,motionIntensityG,0.7316035999999999
1617,activeEnergyKcal,93.74417096040361
1617,heartRateBpm,114.74585985420723
1618,speedMps,2.7376829181199738
1618,paceSecPerKm,365.2723963689417
1618,cadenceSpm,169.66607322141374
1618,distanceM,4878.731062604369
1618,motionIntensityG,0.7316148499999999
1618,activeEnergyKcal,93.79435028561075
1618,heartRateBpm,115.66248576979616
1619,speedMps,2.88546106491044
1619,paceSecPerKm,346.5650644747266
1619,cadenceSpm,167.67707065584017
1619,distanceM,4881.61652366928
1619,motionIntensityG,0.7316261
1619,activeEnergyKcal,93.84453026808366
1619,heartRateBpm,117.0061233962545
1620,speedMps,2.6677573554061014
1620,paceSecPerKm,374.8466846032833
1620,cadenceSpm,168.78883278801837
1620,distanceM,4884.284281024686
1620,motionIntensityG,0.73163735
1620,activeEnergyKcal,93.89471090782234
1620,heartRateBpm,118.63145972511849
1621,speedMps,2.7498180191306023
1621,paceSecPerKm,363.66042881490955
1621,cadenceSpm,165.9721581580502
1621,distanceM,4887.034099043816
1621,motionIntensityG,0.7316486
1621,activeEnergyKcal,93.9448922048268
1621,heartRateBpm,119.72322767851361
1622,speedMps,2.719613722079972
1622,paceSecPerKm,367.69927724706275
1622,cadenceSpm,169.6791021311906
1622,distanceM,4889.753712765896
1622,motionIntensityG,0.73165985
1622,activeEnergyKcal,93.99507415909703
1622,heartRateBpm,119.76882563761446
1623,speedMps,2.768748577717259
1623,paceSecPerKm,361.1740004303557
1623,cadenceSpm,167.29326369795695
1623,distanceM,4892.522461343613
1623,motionIntensityG,0.7316711
1623,activeEnergyKcal,94.04525677063305
1623,heartRateBpm,120.55881467212262
1624,speedMps,2.8766734589397376
1624,paceSecPerKm,347.62374467367334
1624,cadenceSpm,167.63074383037022
1624,distanceM,4895.399134802553
1624,motionIntensityG,0.7316823499999998
1624,activeEnergyKcal,94.09544003943483
1624,heartRateBpm,119.98620453530138
1625,speedMps,2.751687407862663
1625,paceSecPerKm,363.41337215215765
1625,cadenceSpm,168.97014918064863
1625,distanceM,4898.150822210416
1625,motionIntensityG,0.7316935999999998
1625,activeEnergyKcal,94.1456239655024
1625,heartRateBpm,119.71571723563937
1626,speedMps,2.7185934321650316
1626,paceSecPerKm,367.8372750292495
1626,cadenceSpm,168.6344431462193
1626,distanceM,4900.869415642581
1626,motionIntensityG,0.7317048499999999
1626,activeEnergyKcal,94.19580854883573
1626,heartRateBpm,119.08844964526575
1627,speedMps,2.8346882866606005
1627,paceSecPerKm,352.7724740338375
1627,cadenceSpm,169.3931423013343
1627,distanceM,4903.704103929242
1627,motionIntensityG,0.7317160999999999
1627,activeEnergyKcal,94.24599378943483
1627,heartRateBpm,118.50653549805301
1628,speedMps,2.727011694474559
1628,paceSecPerKm,366.7017644354768
1628,cadenceSpm,168.9575891668996
1628,distanceM,4906.431115623716
1628,motionIntensityG,0.7317273499999999
1628,activeEnergyKcal,94.29617968729971
1628,heartRateBpm,118.17961928230179
1629,speedMps,2.5572550387933406
1629,paceSecPerKm,391.04429743224097
1629,cadenceSpm,167.7255288328068
1629,distanceM,4908.98837066251
1629,motionIntensityG,0.7317385999999999
1629,activeEnergyKcal,94.34636624243036
1629,heartRateBpm,119.25431695776956
1630,speedMps,2.69083943120719
1630,paceSecPerKm,371.63124205868
1630,cadenceSpm,168.92496627639645
1630,distanceM,4911.679210093716
1630,motionIntensityG,0.7317498499999999
1630,activeEnergyKcal,94.3965534548268
1630,heartRateBpm,120.72314627195927
1631,speedMps,2.7150150422036563
1631,paceSecPerKm,368.3220845761299
1631,cadenceSpm,168.4850307744788
1631,distanceM,4914.39422513592
1631,motionIntensityG,0.7317610999999999
1631,activeEnergyKcal,94.44674132448901
1631,heartRateBpm,120.4490361041489
1632,speedMps,2.6729988699099048
1632,paceSecPerKm,374.1116433893987
1632,cadenceSpm,168.87232201412343
1632,distanceM,4917.06722400583
1632,motionIntensityG,0.73177235
1632,activeEnergyKcal,94.496929851417
1632,heartRateBpm,121.47057254821725
1633,speedMps,2.7838529990231202
1633,paceSecPerKm,359.2143695629436
1633,cadenceSpm,168.84681542770633
1633,distanceM,4919.851077004853
1633,motionIntensityG,0.7317836
1633,activeEnergyKcal,94.54711903561075
1633,heartRateBpm,120.70115641329147
1634,speedMps,2.9360377154101505
1634,paceSecPerKm,340.59507980819814
1634,cadenceSpm,166.97282745104403
1634,distanceM,4922.787114720263
1634,motionIntensityG,0.73179485
1634,activeEnergyKcal,94.59730887707028
1634,heartRateBpm,124.05177464817787
1635,speedMps,2.825483604368835
1635,paceSecPerKm,353.92171395147165
1635,cadenceSpm,170.02114821389392
1635,distanceM,4925.612598324632
1635,motionIntensityG,0.7318061
1635,activeEnergyKcal,94.64749937579558
1635,heartRateBpm,124.42225245239932
1636,speedMps,2.7803259999553096
1636,paceSecPerKm,359.6700530858877
1636,cadenceSpm,168.66959495067084
1636,distanceM,4928.3929243245875
1636,motionIntensityG,0.73181735
1636,activeEnergyKcal,94.69769053178665
1636,heartRateBpm,126.68333127749645
1637,speedMps,2.8357794187870202
1637,paceSecPerKm,352.6367366146346
1637,cadenceSpm,167.7895566319193
1637,distanceM,4931.228703743374
1637,motionIntensityG,0.7318285999999998
1637,activeEnergyKcal,94.7478823450435
1637,heartRateBpm,130.11920211601196
1638,speedMps,2.859011797865585
1638,paceSecPerKm,349.77120442334547
1638,cadenceSpm,169.64612238212484
1638,distanceM,4934.08771554124
1638,motionIntensityG,0.7318398499999998
1638,activeEnergyKcal,94.79807481556612
1638,heartRateBpm,129.97582112860044
1639,speedMps,2.7643254765910332
1639,paceSecPerKm,361.7519023965297
1639,cadenceSpm,167.56624320589975
1639,distanceM,4936.852041017831
1639,motionIntensityG,0.7318510999999999
1639,activeEnergyKcal,94.84826794335453
1639,heartRateBpm,130.0577420908856
1640,speedMps,2.5641371583615205
1640,paceSecPerKm,389.9947382842025
1640,cadenceSpm,168.3246491058483
1640,distanceM,4939.416178176192
1640,motionIntensityG,0.7318623499999999
1640,activeEnergyKcal,94.8984617284087
1640,heartRateBpm,130.91950085486334
1641,speedMps,2.815802776846179
1641,paceSecPerKm,355.13850906846653
1641,cadenceSpm,167.03773097447316
1641,distanceM,4942.231980953038
1641,motionIntensityG,0.7318735999999999
1641,activeEnergyKcal,94.94865617072865
1641,heartRateBpm,130.87724915550544
1642,speedMps,2.6989677690034664
1642,paceSecPerKm,370.51201999689965
1642,cadenceSpm,165.91022775617438
1642,distanceM,4944.930948722042
1642,motionIntensityG,0.7318848499999999
1642,activeEnergyKcal,94.99885127031438
1642,heartRateBpm,131.74652695692478
1643,speedMps,2.7526150128800357
1643,paceSecPerKm,363.2909053103322
1643,cadenceSpm,168.20356774257482
1643,distanceM,4947.683563734921
1643,motionIntensityG,0.7318960999999999
1643,activeEnergyKcal,95.04904702716587
1643,heartRateBpm,130.53554864044503
1644,speedMps,2.7026322942181285
1644,paceSecPerKm,370.00963917264966
1644,cadenceSpm,167.49638944860283
1644,distanceM,4950.38619602914
1644,motionIntensityG,0.73190735
1644,activeEnergyKcal,95.09924344128314
1644,heartRateBpm,131.2060219781075
1645,speedMps,2.6669192690352417
1645,paceSecPerKm,374.96448115647314
1645,cadenceSpm,168.95985063716768
1645,distanceM,4953.053115298175
1645,motionIntensityG,0.7319186
1645,activeEnergyKcal,95.14944051266619
1645,heartRateBpm,131.19678922459514
1646,speedMps,2.7219823566658943
1646,paceSecPerKm,367.3793099911498
1646,cadenceSpm,168.19348092649952
1646,distanceM,4955.7750976548405
1646,motionIntensityG,0.7319298499999998
1646,activeEnergyKcal,95.19963824131501
1646,heartRateBpm,131.6489297729552
1647,speedMps,2.749288895127399
1647,paceSecPerKm,363.73041835374715
1647,cadenceSpm,166.79658300012576
1647,distanceM,4958.524386549968
1647,motionIntensityG,0.7319411
1647,activeEnergyKcal,95.24983662722961
1647,heartRateBpm,133.33489784452323
1648,speedMps,2.645011829773891
1648,paceSecPerKm,378.0701427280516
1648,cadenceSpm,167.59147039718732
1648,distanceM,4961.169398379741
1648,motionIntensityG,0.73195235
1648,activeEnergyKcal,95.30003567040998
1648,heartRateBpm,133.0498648066255
1649,speedMps,2.802755007601522
1649,paceSecPerKm,356.7917985296037
1649,cadenceSpm,168.4414065403763
1649,distanceM,4963.972153387343
1649,motionIntensityG,0.7319635999999998
1649,activeEnergyKcal,95.35023537085613
1649,heartRateBpm,134.86461072026816
1650,speedMps,2.751077191828989
1650,paceSecPerKm,363.49398081962704
1650,cadenceSpm,166.58639890867954
1650,distanceM,4966.723230579171
1650,motionIntensityG,0.7319748499999998
1650,activeEnergyKcal,95.40043572856804
1650,heartRateBpm,134.40082668245947
1651,speedMps,2.681180232880141
1651,paceSecPerKm,372.97007778018474
1651,cadenceSpm,167.52358409517268
1651,distanceM,4969.4044108120515
1651,motionIntensityG,0.7319860999999999
1651,activeEnergyKcal,95.45063674354573
1651,heartRateBpm,134.14541763079043
1652,speedMps,2.7708885644666044
1652,paceSecPerKm,360.89506190318406
1652,cadenceSpm,171.0368776527872
1652,distanceM,4972.1752993765185
1652,motionIntensityG,0.7319973499999999
1652,activeEnergyKcal,95.50083841578919
1652,heartRateBpm,134.2498808290462
1653,speedMps,2.7252243002970653
1653,paceSecPerKm,366.9422732987498
1653,cadenceSpm,169.1841536952137
1653,distanceM,4974.900523676815
1653,motionIntensityG,0.7320085999999999
1653,activeEnergyKcal,95.55104074529844
1653,heartRateBpm,135.92672731892682
1654,speedMps,2.753419822814588
1654,paceSecPerKm,363.1847173155689
1654,cadenceSpm,170.51665830058155
1654,distanceM,4977.65394349963
1654,motionIntensityG,0.7320198499999999
1654,activeEnergyKcal,95.60124373207346
1654,heartRateBpm,137.4840090476813
1655,speedMps,2.7413652809988722
1655,paceSecPerKm,364.78174102928364
1655,cadenceSpm,167.31059725600102
1655,distanceM,4980.395308780629
1655,motionIntensityG,0.7320310999999999
1655,activeEnergyKcal,95.65144737611425
1655,heartRateBpm,138.00951970623206
1656,speedMps,2.5795891417185524
1656,paceSecPerKm,387.65863285258996
1656,cadenceSpm,167.97637625203103
1656,distanceM,4982.974897922348
1656,motionIntensityG,0.73204235
1656,activeEnergyKcal,95.70165167742081
1656,heartRateBpm,137.75941078073126
1657,speedMps,2.721557532049467
1657,paceSecPerKm,367.43665648212504
1657,cadenceSpm,166.97494167585697
1657,distanceM,4985.696455454397
1657,motionIntensityG,0.7320536
1657,activeEnergyKcal,95.75185663599315
1657,heartRateBpm,137.6879276411146
1658,speedMps,2.6969278776093226
1658,paceSecPerKm,370.7922663791976
1658,cadenceSpm,169.45394423762423
1658,distanceM,4988.393383332007
1658,motionIntensityG,0.7320648499999998
1658,activeEnergyKcal,95.80206225183126
1658,heartRateBpm,137.2874621544898
1659,speedMps,2.800735642931019
1659,paceSecPerKm,357.0490497823216
1659,cadenceSpm,168.1385676203357
1659,distanceM,4991.194118974938
1659,motionIntensityG,0.7320761
1659,activeEnergyKcal,95.85226852493514
1659,heartRateBpm,135.81027978584999
1660,speedMps,2.7268173123594885
1660,paceSecPerKm,366.7279048975634
1660,cadenceSpm,166.81354507873385
1660,distanceM,4993.920936287297
1660,motionIntensityG,0.7320873499999998
1660,activeEnergyKcal,95.90247545530481
1660,heartRateBpm,135.31413530933548
1661,speedMps,2.7225898119097067
1661,paceSecPerKm,367.2973415332697
1661,cadenceSpm,170.3549515808741
1661,distanceM,4996.643526099207
1661,motionIntensityG,0.7320985999999998
1661,activeEnergyKcal,95.95268304294025
1661,heartRateBpm,135.5821837833933
1662,speedMps,2.7323422270803515
1662,paceSecPerKm,365.98636513719276
1662,cadenceSpm,168.5388260468016
1662,distanceM,4999.375868326287
1662,motionIntensityG,0.7321098500000001
1662,activeEnergyKcal,96.00289128784146
1662,heartRateBpm,134.51710426499827
1663,speedMps,2.827881592230976
1663,paceSecPerKm,353.62159531265195
1663,cadenceSpm,166.6909982162935
1663,distanceM,5002.203749918518
1663,motionIntensityG,0.7321210999999999
1663,activeEnergyKcal,96.05310019000845
1663,heartRateBpm,134.24446141655898
1664,speedMps,2.7277951420667725
1664,paceSecPerKm,366.5964443511431
1664,cadenceSpm,167.4659863724865
1664,distanceM,5004.9315450605845
1664,motionIntensityG,0.7321323499999999
1664,activeEnergyKcal,96.10330974944121
1664,heartRateBpm,135.03704804475953
1665,speedMps,2.6662520519258175
1665,paceSecPerKm,375.05831426466455
1665,cadenceSpm,169.0647851472302
1665,distanceM,5007.59779711251
1665,motionIntensityG,0.7321435999999999
1665,activeEnergyKcal,96.15351996613974
1665,heartRateBpm,134.13328812546564
1666,speedMps,2.796101145936282
1666,paceSecPerKm,357.64085339092674
1666,cadenceSpm,167.01383739082243
1666,distanceM,5010.393898258447
1666,motionIntensityG,0.7321548499999999
1666,activeEnergyKcal,96.20373084010404
1666,heartRateBpm,134.61351418433185
1667,speedMps,2.774548229444431
1667,paceSecPerKm,360.41903665168496
1667,cadenceSpm,169.45159793356254
1667,distanceM,5013.168446487891
1667,motionIntensityG,0.7321660999999999
1667,activeEnergyKcal,96.25394237133412
1667,heartRateBpm,132.3476575478553
1668,speedMps,2.778915019343628
1668,paceSecPerKm,359.8526738094342
1668,cadenceSpm,166.79038990854804
1668,distanceM,5015.947361507235
1668,motionIntensityG,0.73217735
1668,activeEnergyKcal,96.30415455982998
1668,heartRateBpm,132.80019444402538
1669,speedMps,2.6906701394452686
1669,paceSecPerKm,371.65462437776506
1669,cadenceSpm,169.1668138695497
1669,distanceM,5018.63803164668
1669,motionIntensityG,0.7321886
1669,activeEnergyKcal,96.35436740559162
1669,heartRateBpm,132.34611856901645
1670,speedMps,2.696617201895381
1670,paceSecPerKm,370.8349851425432
1670,cadenceSpm,171.3641734851243
1670,distanceM,5021.334648848576
1670,motionIntensityG,0.73219985
1670,activeEnergyKcal,96.40458090861902
1670,heartRateBpm,131.76640911379562
1671,speedMps,2.628326793153322
1671,paceSecPerKm,380.47019214085435
1671,cadenceSpm,170.68310718712476
1671,distanceM,5023.962975641729
1671,motionIntensityG,0.7322111
1671,activeEnergyKcal,96.4547950689122
1671,heartRateBpm,133.06126627325563
1672,speedMps,2.7837691976637413
1672,paceSecPerKm,359.2251831937946
1672,cadenceSpm,168.76199650450621
1672,distanceM,5026.746744839393
1672,motionIntensityG,0.7322223499999998
1672,activeEnergyKcal,96.50500988647116
1672,heartRateBpm,133.20125067653746
1673,speedMps,2.9037985344726622
1673,paceSecPerKm,344.3765082626859
1673,cadenceSpm,171.60130882258954
1673,distanceM,5029.650543373866
1673,motionIntensityG,0.7322335999999998
1673,activeEnergyKcal,96.55522536129588
1673,heartRateBpm,132.92027008719626
1674,speedMps,2.866008309217557
1674,paceSecPerKm,348.91734151078157
1674,cadenceSpm,168.1463452256678
1674,distanceM,5032.516551683083
1674,motionIntensityG,0.7322448499999998
1674,activeEnergyKcal,96.60544149338638
1674,heartRateBpm,133.77121953618422
1675,speedMps,2.7795439463048006
1675,paceSecPerKm,359.77125000287424
1675,cadenceSpm,165.31070364155002
1675,distanceM,5035.296095629388
1675,motionIntensityG,0.7322560999999999
1675,activeEnergyKcal,96.65565828274266
1675,heartRateBpm,135.4919333288436
1676,speedMps,2.573875051956731
1676,paceSecPerKm,388.51924814290123
1676,cadenceSpm,167.07938350642615
1676,distanceM,5037.869970681345
1676,motionIntensityG,0.7322673499999999
1676,activeEnergyKcal,96.70587572936472
1676,heartRateBpm,133.87685106147202
1677,speedMps,2.7508111122441874
1677,paceSecPerKm,363.52914075011586
1677,cadenceSpm,170.0815927592841
1677,distanceM,5040.620781793589
1677,motionIntensityG,0.7322785999999999
1677,activeEnergyKcal,96.75609383325255
1677,heartRateBpm,132.63022313564773
1678,speedMps,2.8512497719834626
1678,paceSecPerKm,350.72339499192776
1678,cadenceSpm,168.6491465072852
1678,distanceM,5043.472031565572
1678,motionIntensityG,0.7322898499999999
1678,activeEnergyKcal,96.80631259440615
1678,heartRateBpm,132.61755398989445
1679,speedMps,2.8571300012304857
1679,paceSecPerKm,350.0015748563517
1679,cadenceSpm,168.30902319289223
1679,distanceM,5046.329161566803
1679,motionIntensityG,0.7323010999999999
1679,activeEnergyKcal,96.85653201282553
1679,heartRateBpm,133.14265422224506
1680,speedMps,2.6917771006578817
1680,paceSecPerKm,371.50178584831406
1680,cadenceSpm,167.98588590060288
1680,distanceM,5049.020938667461
1680,motionIntensityG,0.73231235
1680,activeEnergyKcal,96.90675208851067
1680,heartRateBpm,133.30160220432086
1681,speedMps,2.7999025813490444
1681,paceSecPerKm,357.15528342353315
1681,cadenceSpm,167.78029118711058
1681,distanceM,5051.82084124881
1681,motionIntensityG,0.7323236
1681,activeEnergyKcal,96.95697282146159
1681,heartRateBpm,135.76829442331274
1682,speedMps,2.79540351816724
1682,paceSecPerKm,357.73010712086153
1682,cadenceSpm,168.3868423154425
1682,distanceM,5054.616244766978
1682,motionIntensityG,0.73233485
1682,activeEnergyKcal,97.00719421167828
1682,heartRateBpm,136.38994146487164
1683,speedMps,2.779177828288931
1683,paceSecPerKm,359.81864486004287
1683,cadenceSpm,166.7436730937959
1683,distanceM,5057.395422595267
1683,motionIntensityG,0.7323461
1683,activeEnergyKcal,97.05741625916076
1683,heartRateBpm,135.78031375904212
1684,speedMps,2.7606836890385353
1684,paceSecPerKm,362.2291115677474
1684,cadenceSpm,169.81277646575091
1684,distanceM,5060.156106284305
1684,motionIntensityG,0.7323573499999998
1684,activeEnergyKcal,97.10763896390901
1684,heartRateBpm,135.13670551383456
1685,speedMps,2.7477201562431506
1685,paceSecPerKm,363.93808071316136
1685,cadenceSpm,167.98158486588602
1685,distanceM,5062.903826440548
1685,motionIntensityG,0.7323685999999998
1685,activeEnergyKcal,97.15786232592303
1685,heartRateBpm,135.5722949997066
1686,speedMps,2.7326826424043
1686,paceSecPerKm,365.9407735397216
1686,cadenceSpm,168.43114935582622
1686,distanceM,5065.636509082952
1686,motionIntensityG,0.7323798499999998
1686,activeEnergyKcal,97.20808634520283
1686,heartRateBpm,137.20539224225317
1687,speedMps,2.7880947104368277
1687,paceSecPerKm,358.6678731739798
1687,cadenceSpm,171.74761461995686
1687,distanceM,5068.424603793389
1687,motionIntensityG,0.7323910999999999
1687,activeEnergyKcal,97.2583110217484
1687,heartRateBpm,138.4195703063642
1688,speedMps,2.7082503010419576
1688,paceSecPerKm,369.2420894831122
1688,cadenceSpm,168.9769593585254
1688,distanceM,5071.1328540944305
1688,motionIntensityG,0.7324023499999999
1688,activeEnergyKcal,97.30853635555974
1688,heartRateBpm,139.0557917616399
1689,speedMps,2.816374021600354
1689,paceSecPerKm,355.06647637367706
1689,cadenceSpm,167.9926725978169
1689,distanceM,5073.949228116031
1689,motionIntensityG,0.7324135999999999
1689,activeEnergyKcal,97.35876234663685
1689,heartRateBpm,137.83571898643933
1690,speedMps,2.7058246590251858
1690,paceSecPerKm,369.5730973049322
1690,cadenceSpm,169.3190617885674
1690,distanceM,5076.655052775056
1690,motionIntensityG,0.7324248499999999
1690,activeEnergyKcal,97.40898899497975
1690,heartRateBpm,136.45342330128224
1691,speedMps,2.8642040059936598
1691,paceSecPerKm,349.13714173550164
1691,cadenceSpm,165.93052304769824
1691,distanceM,5079.51925678105
1691,motionIntensityG,0.7324360999999999
1691,activeEnergyKcal,97.45921630058842
1691,heartRateBpm,136.62517168508535
1692,speedMps,2.7513935571299184
1692,paceSecPerKm,363.4521849513733
1692,cadenceSpm,167.88270258008032
1692,distanceM,5082.27065033818
1692,motionIntensityG,0.7324473499999999
1692,activeEnergyKcal,97.50944426346287
1692,heartRateBpm,137.5203503007095
1693,speedMps,2.65718828581791
1693,paceSecPerKm,376.33765184697467
1693,cadenceSpm,169.03828453916321
1693,distanceM,5084.927838623998
1693,motionIntensityG,0.7324585999999997
1693,activeEnergyKcal,97.55967288360308
1693,heartRateBpm,138.17000116638107
1694,speedMps,2.762710381814584
1694,paceSecPerKm,361.96338442945546
1694,cadenceSpm,170.86540183375388
1694,distanceM,5087.6905490058125
1694,motionIntensityG,0.73246985
1694,activeEnergyKcal,97.60990216100907
1694,heartRateBpm,137.74596317230703
1695,speedMps,2.772728680566222
1695,paceSecPerKm,360.6555545837932
1695,cadenceSpm,166.96149023560483
1695,distanceM,5090.463277686379
1695,motionIntensityG,0.7324811
1695,activeEnergyKcal,97.66013209568084
1695,heartRateBpm,138.5771732217374
1696,speedMps,2.818261026189897
1696,paceSecPerKm,354.82873683703247
1696,cadenceSpm,167.2609915121184
1696,distanceM,5093.281538712569
1696,motionIntensityG,0.73249235
1696,activeEnergyKcal,97.71036268761837
1696,heartRateBpm,138.21770998485547
1697,speedMps,2.7723139504884213
1697,paceSecPerKm,360.7095076024206
1697,cadenceSpm,167.84465534702386
1697,distanceM,5096.053852663058
1697,motionIntensityG,0.7325035999999998
1697,activeEnergyKcal,97.76059393682169
1697,heartRateBpm,138.74396114321667
1698,speedMps,2.8356501987319467
1698,paceSecPerKm,352.65280620549834
1698,cadenceSpm,169.4225160224718
1698,distanceM,5098.88950286179
1698,motionIntensityG,0.7325148499999998
1698,activeEnergyKcal,97.81082584329079
1698,heartRateBpm,139.5295371893832
1699,speedMps,2.796300581293815
1699,paceSecPerKm,357.6153460359801
1699,cadenceSpm,167.86937446374787
1699,distanceM,5101.685803443083
1699,motionIntensityG,0.7325260999999998
1699,activeEnergyKcal,97.86105840702565
1699,heartRateBpm,140.4319343212906
1700,speedMps,2.7249208842258823
1700,paceSecPerKm,366.9831317998387
1700,cadenceSpm,168.7987606966988
1700,distanceM,5104.410724327309
1700,motionIntensityG,0.7325373499999999
1700,activeEnergyKcal,97.91129162802629
1700,heartRateBpm,138.8889017252269
1701,speedMps,2.6656834996052874
1701,paceSecPerKm,375.13830886077506
1701,cadenceSpm,165.1690839612564
1701,distanceM,5107.076407826915
1701,motionIntensityG,0.7325485999999999
1701,activeEnergyKcal,97.9615255062927
1701,heartRateBpm,139.50306452095194
1702,speedMps,2.7636756959798334
1702,paceSecPerKm,361.8369555641586
1702,cadenceSpm,168.89249548940253
1702,distanceM,5109.840083522895
1702,motionIntensityG,0.7325598499999999
1702,activeEnergyKcal,98.01176004182489
1702,heartRateBpm,140.3634319387367
1703,speedMps,2.6973228832255205
1703,paceSecPerKm,370.7379662327178
1703,cadenceSpm,166.5511395758253
1703,distanceM,5112.537406406121
1703,motionIntensityG,0.7325710999999999
1703,activeEnergyKcal,98.06199523462284
1703,heartRateBpm,139.2918556819784
1704,speedMps,2.6894329087587683
1704,paceSecPerKm,371.82559815612643
1704,cadenceSpm,169.18603194439913
1704,distanceM,5115.22683931488
1704,motionIntensityG,0.7325823499999999
1704,activeEnergyKcal,98.11223108468657
1704,heartRateBpm,140.29223489987257
1705,speedMps,2.625185551615879
1705,paceSecPerKm,380.92545473003634
1705,cadenceSpm,168.87985196770788
1705,distanceM,5117.852024866495
1705,motionIntensityG,0.7325935999999997
1705,activeEnergyKcal,98.16246759201609
1705,heartRateBpm,140.26008659720299
1706,speedMps,2.8035818869185807
1706,paceSecPerKm,356.68656751777667
1706,cadenceSpm,166.45382932891857
1706,distanceM,5120.655606753414
1706,motionIntensityG,0.73260485
1706,activeEnergyKcal,98.21270475661137
1706,heartRateBpm,140.8002811577257
1707,speedMps,2.7029125118602377
1707,paceSecPerKm,369.97127935589947
1707,cadenceSpm,170.23692730910668
1707,distanceM,5123.3585192652745
1707,motionIntensityG,0.7326160999999998
1707,activeEnergyKcal,98.26294257847243
1707,heartRateBpm,140.94276149486515
1708,speedMps,2.7369973038568367
1708,paceSecPerKm,365.36389662892657
1708,cadenceSpm,170.31888213985482
1708,distanceM,5126.095516569131
1708,motionIntensityG,0.73262735
1708,activeEnergyKcal,98.31318105759927
1708,heartRateBpm,139.0339548398267
1709,speedMps,2.690632786397071
1709,paceSecPerKm,371.65978391985027
1709,cadenceSpm,168.9772945553827
1709,distanceM,5128.786149355528
1709,motionIntensityG,0.7326386
1709,activeEnergyKcal,98.36342019399187
1709,heartRateBpm,139.4253454763877
1710,speedMps,2.744065452418592
1710,paceSecPerKm,364.4227943318954
1710,cadenceSpm,168.5352927631602
1710,distanceM,5131.530214807947
1710,motionIntensityG,0.7326498499999998
1710,activeEnergyKcal,98.41365998765025
1710,heartRateBpm,139.81073656130556
1711,speedMps,2.833515249884867
1711,paceSecPerKm,352.9185170401439
1711,cadenceSpm,167.7062079833722
1711,distanceM,5134.363730057832
1711,motionIntensityG,0.7326610999999998
1711,activeEnergyKcal,98.4639004385744
1711,heartRateBpm,139.36296080519395
1712,speedMps,2.809520869577708
1712,paceSecPerKm,355.9325758453282
1712,cadenceSpm,167.6110235677626
1712,distanceM,5137.17325092741
1712,motionIntensityG,0.7326723499999999
1712,activeEnergyKcal,98.51414154676434
1712,heartRateBpm,139.1063012695381
1713,speedMps,2.634779253885026
1713,paceSecPerKm,379.5384370533066
1713,cadenceSpm,165.65803056910073
1713,distanceM,5139.808030181295
1713,motionIntensityG,0.7326835999999999
1713,activeEnergyKcal,98.56438331222004
1713,heartRateBpm,139.83940211414534
1714,speedMps,2.7031139536134576
1714,paceSecPerKm,369.94370831582
1714,cadenceSpm,167.20874760231732
1714,distanceM,5142.511144134909
1714,motionIntensityG,0.7326948499999999
1714,activeEnergyKcal,98.61462573494153
1714,heartRateBpm,140.41819101212204
1715,speedMps,2.7344236661065056
1715,paceSecPerKm,365.7077768873619
1715,cadenceSpm,170.179371809301
1715,distanceM,5145.245567801016
1715,motionIntensityG,0.7327060999999999
1715,activeEnergyKcal,98.66486881492878
1715,heartRateBpm,140.36831290668513
1716,speedMps,2.674849023564932
1716,paceSecPerKm,373.8528758782954
1716,cadenceSpm,165.43156750500052
1716,distanceM,5147.920416824581
1716,motionIntensityG,0.7327173499999999
1716,activeEnergyKcal,98.71511255218181
1716,heartRateBpm,142.69473978291464
1717,speedMps,2.8348815166659955
1717,paceSecPerKm,352.74842850436477
1717,cadenceSpm,168.70987195819802
1717,distanceM,5150.755298341247
1717,motionIntensityG,0.7327286
1717,activeEnergyKcal,98.7653569467006
1717,heartRateBpm,143.1379983157708
1718,speedMps,2.786636096308987
1718,paceSecPerKm,358.8556113676058
1718,cadenceSpm,167.24938646601157
1718,distanceM,5153.541934437556
1718,motionIntensityG,0.73273985
1718,activeEnergyKcal,98.81560199848518
1718,heartRateBpm,140.94455651114316
1719,speedMps,2.766052254830432
1719,paceSecPerKm,361.5260696010615
1719,cadenceSpm,167.04301948442128
1719,distanceM,5156.307986692386
1719,motionIntensityG,0.7327510999999998
1719,activeEnergyKcal,98.86584770753552
1719,heartRateBpm,140.66533909486108
1720,speedMps,2.760859642628439
1720,paceSecPerKm,362.2060261810208
1720,cadenceSpm,171.9434553823743
1720,distanceM,5159.068846335014
1720,motionIntensityG,0.73276235
1720,activeEnergyKcal,98.91609407385165
1720,heartRateBpm,141.10346128817298
1721,speedMps,2.7334200109035627
1721,paceSecPerKm,365.8420572070952
1721,cadenceSpm,168.2181408893634
1721,distanceM,5161.802266345918
1721,motionIntensityG,0.7327735999999998
1721,activeEnergyKcal,98.96634109743356
1721,heartRateBpm,141.53404117143666
1722,speedMps,2.822891227216107
1722,paceSecPerKm,354.2467348223633
1722,cadenceSpm,168.788262013539
1722,distanceM,5164.625157573134
1722,motionIntensityG,0.7327848499999998
1722,activeEnergyKcal,99.01658877828123
1722,heartRateBpm,140.2107842829453
1723,speedMps,2.726867533444379
1723,paceSecPerKm,366.72115082058036
1723,cadenceSpm,170.6142551941935
1723,distanceM,5167.352025106578
1723,motionIntensityG,0.7327960999999998
1723,activeEnergyKcal,99.06683711639468
1723,heartRateBpm,140.70539200091557
1724,speedMps,2.682529424188715
1724,paceSecPerKm,372.7824906533627
1724,cadenceSpm,169.73249264121426
1724,distanceM,5170.034554530767
1724,motionIntensityG,0.7328073499999999
1724,activeEnergyKcal,99.1170861117739
1724,heartRateBpm,139.18002068718317
1725,speedMps,2.707255887543989
1725,paceSecPerKm,369.3777173413762
1725,cadenceSpm,169.59719310386683
1725,distanceM,5172.741810418312
1725,motionIntensityG,0.7328185999999999
1725,activeEnergyKcal,99.1673357644189
1725,heartRateBpm,138.31763327317557
1726,speedMps,2.8311923686798695
1726,paceSecPerKm,353.20807270552257
1726,cadenceSpm,168.4016043049729
1726,distanceM,5175.573002786991
1726,motionIntensityG,0.7328298499999999
1726,activeEnergyKcal,99.21758607432966
1726,heartRateBpm,138.98988341518907
1727,speedMps,2.7842498037355314
1727,paceSecPerKm,359.163175178583
1727,cadenceSpm,170.18303831892337
1727,distanceM,5178.357252590727
1727,motionIntensityG,0.7328410999999999
1727,activeEnergyKcal,99.26783704150621
1727,heartRateBpm,137.88042789801162
1728,speedMps,2.7582295006300614
1728,paceSecPerKm,362.55141197335837
1728,cadenceSpm,167.60436566514775
1728,distanceM,5181.115482091357
1728,motionIntensityG,0.7328523499999999
1728,activeEnergyKcal,99.31808866594854
1728,heartRateBpm,136.45323748069058
1729,speedMps,2.759933007279725
1729,paceSecPerKm,362.3276352586655
1729,cadenceSpm,170.7381210523007
1729,distanceM,5183.875415098637
1729,motionIntensityG,0.7328636
1729,activeEnergyKcal,99.36834094765663
1729,heartRateBpm,137.96801871528177
1730,speedMps,2.708644692956105
1730,paceSecPerKm,369.1883260290742
1730,cadenceSpm,170.34784486057808
1730,distanceM,5186.584059791593
1730,motionIntensityG,0.73287485
1730,activeEnergyKcal,99.4185938866305
1730,heartRateBpm,138.25958344028484
1731,speedMps,2.7849312542374527
1731,paceSecPerKm,359.07529080957937
1731,cadenceSpm,169.21417292192885
1731,distanceM,5189.368991045831
1731,motionIntensityG,0.7328860999999998
1731,activeEnergyKcal,99.46884748287015
1731,heartRateBpm,138.70302088955688
1732,speedMps,2.734572217859291
1732,paceSecPerKm,365.6879103316684
1732,cadenceSpm,172.35322950758032
1732,distanceM,5192.1035632636895
1732,motionIntensityG,0.73289735
1732,activeEnergyKcal,99.51910173637556
1732,heartRateBpm,139.10494074263195
1733,speedMps,2.758521713080603
1733,paceSecPerKm,362.5130066071662
1733,cadenceSpm,168.138364060737
1733,distanceM,5194.86208497677
1733,motionIntensityG,0.7329085999999998
1733,activeEnergyKcal,99.56935664714675
1733,heartRateBpm,139.0978568515938
1734,speedMps,2.721046002765728
1734,paceSecPerKm,367.5057308783384
1734,cadenceSpm,168.66786767317498
1734,distanceM,5197.583130979536
1734,motionIntensityG,0.7329198499999998
1734,activeEnergyKcal,99.61961221518371
1734,heartRateBpm,137.97755513939117
1735,speedMps,2.877474791943321
1735,paceSecPerKm,347.52693674325593
1735,cadenceSpm,167.73927189301335
1735,distanceM,5200.460605771479
1735,motionIntensityG,0.7329310999999998
1735,activeEnergyKcal,99.66986844048645
1735,heartRateBpm,137.24347592410044
1736,speedMps,2.7635906767057126
1736,paceSecPerKm,361.8480871385887
1736,cadenceSpm,168.39278172269096
1736,distanceM,5203.224196448185
1736,motionIntensityG,0.7329423499999999
1736,activeEnergyKcal,99.72012532305497
1736,heartRateBpm,135.81934469046251
1737,speedMps,2.6404832505505147
1737,paceSecPerKm,378.7185545644002
1737,cadenceSpm,168.92154612371948
1737,distanceM,5205.864679698735
1737,motionIntensityG,0.7329535999999999
1737,activeEnergyKcal,99.77038286288926
1737,heartRateBpm,137.46322315382594
1738,speedMps,2.771766824578398
1738,paceSecPerKm,360.7807089444134
1738,cadenceSpm,167.41699344845497
1738,distanceM,5208.636446523314
1738,motionIntensityG,0.7329648499999999
1738,activeEnergyKcal,99.82064105998933
1738,heartRateBpm,136.86962531999094
1739,speedMps,2.7839402510140383
1739,paceSecPerKm,359.20311135835414
1739,cadenceSpm,167.78752674214368
1739,distanceM,5211.420386774328
1739,motionIntensityG,0.7329760999999999
1739,activeEnergyKcal,99.87089991435516
1739,heartRateBpm,134.84361470499562
1740,speedMps,2.7775960334288055
1740,paceSecPerKm,360.0235556088224
1740,cadenceSpm,168.44458049227103
1740,distanceM,5214.1979828077565
1740,motionIntensityG,0.7329873499999999
1740,activeEnergyKcal,99.92115942598677
1740,heartRateBpm,136.2654940871633
1741,speedMps,2.7022779372693844
1741,paceSecPerKm,370.05815952835945
1741,cadenceSpm,167.9626399235371
1741,distanceM,5216.900260745026
1741,motionIntensityG,0.7329986
1741,activeEnergyKcal,99.97141959488415
1741,heartRateBpm,136.06651428804332
1742,speedMps,2.763886636305403
1742,paceSecPerKm,361.80934010258096
1742,cadenceSpm,167.20457703846404
1742,distanceM,5219.664147381331
1742,motionIntensityG,0.73300985
1742,activeEnergyKcal,100.02168042104732
1742,heartRateBpm,135.33334492080104
1743,speedMps,2.685790170728813
1743,paceSecPerKm,372.32990532862107
1743,cadenceSpm,166.11664223574786
1743,distanceM,5222.34993755206
1743,motionIntensityG,0.7330211
1743,activeEnergyKcal,100.07194190447626
1743,heartRateBpm,135.1643918681178
1744,speedMps,2.7022420285448727
1744,paceSecPerKm,370.0630770436536
1744,cadenceSpm,167.21206889410678
1744,distanceM,5225.052179580604
1744,motionIntensityG,0.73303235
1744,activeEnergyKcal,100.12220404517097
1744,heartRateBpm,134.7016436050863
1745,speedMps,2.605660173520787
1745,paceSecPerKm,383.7798996823107
1745,cadenceSpm,167.07073147399032
1745,distanceM,5227.657839754125
1745,motionIntensityG,0.7330435999999998
1745,activeEnergyKcal,100.17246684313146
1745,heartRateBpm,133.84456681748338
1746,speedMps,2.714984651991401
1746,paceSecPerKm,368.32620739366416
1746,cadenceSpm,167.83140915857828
1746,distanceM,5230.372824406117
1746,motionIntensityG,0.7330548499999998
1746,activeEnergyKcal,100.22273029835772
1746,heartRateBpm,135.15241642181147
1747,speedMps,2.713822662475185
1747,paceSecPerKm,368.4839152636209
1747,cadenceSpm,170.59405876170166
1747,distanceM,5233.086647068591
1747,motionIntensityG,0.7330660999999998
1747,activeEnergyKcal,100.27299441084975
1747,heartRateBpm,135.87656740967262
1748,speedMps,2.761332145661221
1748,paceSecPerKm,362.1440476008158
1748,cadenceSpm,169.0905676837941
1748,distanceM,5235.8479792142525
1748,motionIntensityG,0.7330773499999998
1748,activeEnergyKcal,100.32325918060755
1748,heartRateBpm,136.82982063346523
1749,speedMps,2.704580903125601
1749,paceSecPerKm,369.7430529234052
1749,cadenceSpm,167.4604846845255
1749,distanceM,5238.552560117379
1749,motionIntensityG,0.7330885999999999
1749,activeEnergyKcal,100.37352460763113
1749,heartRateBpm,135.2445626006492
1750,speedMps,2.7055699733796956
1750,paceSecPerKm,369.60788663352804
1750,cadenceSpm,170.09493240678822
1750,distanceM,5241.258130090759
1750,motionIntensityG,0.7330998499999999
1750,activeEnergyKcal,100.42379069192049
1750,heartRateBpm,135.95274478495315
1751,speedMps,2.6679643475044257
1751,paceSecPerKm,374.8176023923952
1751,cadenceSpm,170.1136908812016
1751,distanceM,5243.926094438263
1751,motionIntensityG,0.7331110999999999
1751,activeEnergyKcal,100.47405743347562
1751,heartRateBpm,138.7181345963697
1752,speedMps,2.696286622258401
1752,paceSecPerKm,370.88045156059974
1752,cadenceSpm,166.78110673010207
1752,distanceM,5246.622381060522
1752,motionIntensityG,0.7331223499999999
1752,activeEnergyKcal,100.52432483229653
1752,heartRateBpm,138.47869065937624
1753,speedMps,2.7230572704282343
1753,paceSecPerKm,367.23428877525504
1753,cadenceSpm,169.43965396897872
1753,distanceM,5249.34543833095
1753,motionIntensityG,0.7331335999999999
1753,activeEnergyKcal,100.57459288838321
1753,heartRateBpm,139.57928118157247
1754,speedMps,2.6559571816153733
1754,paceSecPerKm,376.5120939908347
1754,cadenceSpm,169.43521820825652
1754,distanceM,5252.001395512565
1754,motionIntensityG,0.7331448499999997
1754,activeEnergyKcal,100.62486160173566
1754,heartRateBpm,140.74086965949127
1755,speedMps,2.600348691953629
1755,paceSecPerKm,384.56380988224504
1755,cadenceSpm,167.08870101419345
1755,distanceM,5254.601744204519
1755,motionIntensityG,0.7331561
1755,activeEnergyKcal,100.67513097235388
1755,heartRateBpm,140.61458864821864
1756,speedMps,2.732489079640312
1756,paceSecPerKm,365.9666958784823
1756,cadenceSpm,167.91376802001545
1756,distanceM,5257.3342332841585
1756,motionIntensityG,0.73316735
1756,activeEnergyKcal,100.72540100023788
1756,heartRateBpm,137.97147772820847
1757,speedMps,2.7909110185103585
1757,paceSecPerKm,358.3059414533923
1757,cadenceSpm,164.0551088150235
1757,distanceM,5260.125144302669
1757,motionIntensityG,0.7331785999999998
1757,activeEnergyKcal,100.77567168538766
1757,heartRateBpm,135.80281013624472
1758,speedMps,2.7881642180597974
1758,paceSecPerKm,358.6589317525461
1758,cadenceSpm,167.42300529226054
1758,distanceM,5262.913308520729
1758,motionIntensityG,0.7331898499999998
1758,activeEnergyKcal,100.82594302780322
1758,heartRateBpm,137.10571931976762
1759,speedMps,2.7619797066135816
1759,paceSecPerKm,362.05914098698565
1759,cadenceSpm,169.13632484757383
1759,distanceM,5265.675288227342
1759,motionIntensityG,0.7332010999999998
1759,activeEnergyKcal,100.87621502748455
1759,heartRateBpm,136.74390502137786
1760,speedMps,2.759302292497318
1760,paceSecPerKm,362.4104552513331
1760,cadenceSpm,169.01316110519056
1760,distanceM,5268.43459051984
1760,motionIntensityG,0.7332123499999998
1760,activeEnergyKcal,100.92648768443165
1760,heartRateBpm,134.9219838211165
1761,speedMps,2.748972148105811
1761,paceSecPerKm,363.77232875533264
1761,cadenceSpm,169.2137688884037
1761,distanceM,5271.183562667946
1761,motionIntensityG,0.7332235999999999
1761,activeEnergyKcal,100.97676099864452
1761,heartRateBpm,134.45237074173784
1762,speedMps,2.8130667780586123
1762,paceSecPerKm,355.48391804979906
1762,cadenceSpm,169.8363776172849
1762,distanceM,5273.996629446005
1762,motionIntensityG,0.7332348499999999
1762,activeEnergyKcal,101.02703497012317
1762,heartRateBpm,134.74942747164604
1763,speedMps,2.686061851009939
1763,paceSecPerKm,372.2922462206176
1763,cadenceSpm,166.13570553235206
1763,distanceM,5276.682691297015
1763,motionIntensityG,0.7332460999999999
1763,activeEnergyKcal,101.07730959886759
1763,heartRateBpm,136.07528660410676
1764,speedMps,2.715378710562066
1764,paceSecPerKm,368.27275551298936
1764,cadenceSpm,169.18119312985158
1764,distanceM,5279.398070007576
1764,motionIntensityG,0.7332573499999999
1764,activeEnergyKcal,101.12758488487778
1764,heartRateBpm,136.23274591540383
1765,speedMps,2.8199263396515755
1765,paceSecPerKm,354.6191919763259
1765,cadenceSpm,167.12951775990223
1765,distanceM,5282.217996347228
1765,motionIntensityG,0.7332685999999999
1765,activeEnergyKcal,101.17786082815375
1765,heartRateBpm,135.41979322622623
1766,speedMps,2.7176218399669745
1766,paceSecPerKm,367.968782592707
1766,cadenceSpm,166.71997589026978
1766,distanceM,5284.935618187195
1766,motionIntensityG,0.7332798499999997
1766,activeEnergyKcal,101.2281374286955
1766,heartRateBpm,135.0468679836639
1767,speedMps,2.793829988314888
1767,paceSecPerKm,357.93158645388974
1767,cadenceSpm,169.21073886218653
1767,distanceM,5287.729448175511
1767,motionIntensityG,0.7332911
1767,activeEnergyKcal,101.27841468650303
1767,heartRateBpm,133.2182968481618
1768,speedMps,2.853954327654205
1768,paceSecPerKm,350.39103124749215
1768,cadenceSpm,171.36584402342703
1768,distanceM,5290.5834025031645
1768,motionIntensityG,0.7333023499999998
1768,activeEnergyKcal,101.32869260157632
1768,heartRateBpm,133.99091179883456
1769,speedMps,2.8097878543746204
1769,paceSecPerKm,355.89875528968423
1769,cadenceSpm,166.05509909927778
1769,distanceM,5293.393190357539
1769,motionIntensityG,0.7333135999999998
1769,activeEnergyKcal,101.37897117391539
1769,heartRateBpm,135.74356725729018
1770,speedMps,2.705924088795571
1770,paceSecPerKm,369.5595172609252
1770,cadenceSpm,165.373593713047
1770,distanceM,5296.099114446335
1770,motionIntensityG,0.7333248499999998
1770,activeEnergyKcal,101.42925040352023
1770,heartRateBpm,134.9163886860527
1771,speedMps,2.768063983658931
1771,paceSecPerKm,361.26332552405904
1771,cadenceSpm,168.54110220950298
1771,distanceM,5298.867178429994
1771,motionIntensityG,0.7333360999999998
1771,activeEnergyKcal,101.47953029039084
1771,heartRateBpm,147.03247034520882
1772,speedMps,2.712207748105729
1772,paceSecPerKm,368.7033195367958
1772,cadenceSpm,169.38716932153451
1772,distanceM,5301.579386178099
1772,motionIntensityG,0.7333473499999998
1772,activeEnergyKcal,101.52981083452724
1772,heartRateBpm,161.87492428133572
1773,speedMps,2.7961858860297837
1773,paceSecPerKm,357.63001486995864
1773,cadenceSpm,166.8205839619501
1773,distanceM,5304.375572064129
1773,motionIntensityG,0.7333585999999999
1773,activeEnergyKcal,101.58009203592941
1773,heartRateBpm,175.10210578490143
1774,speedMps,2.765835857628485
1774,paceSecPerKm,361.5543551660479
1774,cadenceSpm,169.43083892896726
1774,distanceM,5307.1414079217575
1774,motionIntensityG,0.7333698499999999
1774,activeEnergyKcal,101.63037389459735
1774,heartRateBpm,174.75012685115496
1775,speedMps,2.719409540260132
1775,paceSecPerKm,367.72688526507943
1775,cadenceSpm,165.54910713687212
1775,distanceM,5309.860817462018
1775,motionIntensityG,0.7333810999999999
1775,activeEnergyKcal,101.68065641053107
1775,heartRateBpm,172.82864678192422
1776,speedMps,2.726333065899574
1776,paceSecPerKm,366.7930424597783
1776,cadenceSpm,167.89005691363027
1776,distanceM,5312.587150527917
1776,motionIntensityG,0.7333923499999999
1776,activeEnergyKcal,101.73093958373056
1776,heartRateBpm,172.93987988059624
1777,speedMps,2.6159509819712747
1777,paceSecPerKm,382.2701598355029
1777,cadenceSpm,167.9031813370282
1777,distanceM,5315.203101509888
1777,motionIntensityG,0.7334035999999999
1777,activeEnergyKcal,101.78122341419582
1777,heartRateBpm,171.7334485074356
1778,speedMps,2.7398878750445514
1778,paceSecPerKm,364.97843912088547
1778,cadenceSpm,169.43817793168057
1778,distanceM,5317.942989384933
1778,motionIntensityG,0.7334148499999997
1778,activeEnergyKcal,101.83150790192686
1778,heartRateBpm,173.5959576223149
1779,speedMps,2.8868141085045393
1779,paceSecPerKm,346.40263017074955
1779,cadenceSpm,166.39903555013365
1779,distanceM,5320.829803493438
1779,motionIntensityG,0.7334261
1779,activeEnergyKcal,101.88179304692366
1779,heartRateBpm,172.71351404718484
1780,speedMps,2.6490683200105694
1780,paceSecPerKm,377.49120792626826
1780,cadenceSpm,169.08424362651877
1780,distanceM,5323.478871813449
1780,motionIntensityG,0.7334373499999998
1780,activeEnergyKcal,101.93207884918625
1780,heartRateBpm,173.3023429312651
1781,speedMps,2.706889608744578
1781,paceSecPerKm,369.42769914573194
1781,cadenceSpm,167.65210707656553
1781,distanceM,5326.1857614221935
1781,motionIntensityG,0.7334486
1781,activeEnergyKcal,101.98236530871462
1781,heartRateBpm,171.13811309457944
1782,speedMps,2.694743867974376
1782,paceSecPerKm,371.0927824660733
1782,cadenceSpm,163.51363692885295
1782,distanceM,5328.880505290168
1782,motionIntensityG,0.7334598499999998
1782,activeEnergyKcal,102.03265242550876
1782,heartRateBpm,170.3863272678164
1783,speedMps,2.9187526600147176
1783,paceSecPerKm,342.6121074592725
1783,cadenceSpm,166.60477140750987
1783,distanceM,5331.799257950182
1783,motionIntensityG,0.7334710999999998
1783,activeEnergyKcal,102.08294019956867
1783,heartRateBpm,171.69655347708513
1784,speedMps,2.714652335556657
1784,paceSecPerKm,368.37129635421377
1784,cadenceSpm,166.97363040216817
1784,distanceM,5334.513910285739
1784,motionIntensityG,0.7334823499999998
1784,activeEnergyKcal,102.13322863089435
1784,heartRateBpm,171.3111952603898
1785,speedMps,2.763379133431201
1785,paceSecPerKm,361.8757874741319
1785,cadenceSpm,165.1376667619148
1785,distanceM,5337.27728941917
1785,motionIntensityG,0.7334935999999999
1785,activeEnergyKcal,102.1835177194858
1785,heartRateBpm,167.81189608241797
1786,speedMps,2.710138360957307
1786,paceSecPerKm,368.9848512556268
1786,cadenceSpm,168.98650692197404
1786,distanceM,5339.987427780127
1786,motionIntensityG,0.7335048499999999
1786,activeEnergyKcal,102.23380746534303
1786,heartRateBpm,168.33848717993456
1787,speedMps,2.7313467658174195
1787,paceSecPerKm,366.11975180702717
1787,cadenceSpm,167.57822912498298
1787,distanceM,5342.718774545945
1787,motionIntensityG,0.7335160999999999
1787,activeEnergyKcal,102.28409786846605
1787,heartRateBpm,169.15761866035484
1788,speedMps,2.76294789314634
1788,paceSecPerKm,361.93226896553523
1788,cadenceSpm,167.19666125326853
1788,distanceM,5345.481722439092
1788,motionIntensityG,0.7335273499999999
1788,activeEnergyKcal,102.33438892885484
1788,heartRateBpm,166.96664447025822
1789,speedMps,2.6541582221279234
1789,paceSecPerKm,376.7672897805874
1789,cadenceSpm,166.7446867511784
1789,distanceM,5348.13588066122
1789,motionIntensityG,0.7335385999999999
1789,activeEnergyKcal,102.3846806465094
1789,heartRateBpm,166.2127067876808
1790,speedMps,2.7267534308470975
1790,paceSecPerKm,366.7364964823161
1790,cadenceSpm,169.99252980820395
1790,distanceM,5350.862634092066
1790,motionIntensityG,0.73354985
1790,activeEnergyKcal,102.43497302142973
1790,heartRateBpm,164.36770642083889
1791,speedMps,2.7793564081473385
1791,paceSecPerKm,359.7955257082626
1791,cadenceSpm,168.01627436042062
1791,distanceM,5353.641990500214
1791,motionIntensityG,0.7335611
1791,activeEnergyKcal,102.48526605361583
1791,heartRateBpm,166.14739540829783
1792,speedMps,2.739153650742244
1792,paceSecPerKm,365.07627081417075
1792,cadenceSpm,168.2507654283069
1792,distanceM,5356.381144150956
1792,motionIntensityG,0.7335723499999998
1792,activeEnergyKcal,102.53555974306771
1792,heartRateBpm,164.10130333118528
1793,speedMps,2.703979283905767
1793,paceSecPerKm,369.8253185414751
1793,cadenceSpm,167.60693985532868
1793,distanceM,5359.085123434862
1793,motionIntensityG,0.7335836
1793,activeEnergyKcal,102.58585408978536
1793,heartRateBpm,164.18569481489808
1794,speedMps,2.6613557588394734
1794,paceSecPerKm,375.7483367935995
1794,cadenceSpm,167.62320345552482
1794,distanceM,5361.746479193702
1794,motionIntensityG,0.7335948499999998
1794,activeEnergyKcal,102.6361490937688
1794,heartRateBpm,164.02283454094334
1795,speedMps,2.7535830094875453
1795,paceSecPerKm,363.1631937568153
1795,cadenceSpm,166.39488790618793
1795,distanceM,5364.500062203189
1795,motionIntensityG,0.7336060999999998
1795,activeEnergyKcal,102.686444755018
1795,heartRateBpm,162.7658932425294
1796,speedMps,2.7457114341022204
1796,paceSecPerKm,364.20433246546725
1796,cadenceSpm,168.8842314518615
1796,distanceM,5367.245773637292
1796,motionIntensityG,0.7336173499999998
1796,activeEnergyKcal,102.73674107353298
1796,heartRateBpm,163.1104540777894
1797,speedMps,2.7165124415746713
1797,paceSecPerKm,368.11905761798516
1797,cadenceSpm,169.1787442048316
1797,distanceM,5369.962286078867
1797,motionIntensityG,0.7336285999999999
1797,activeEnergyKcal,102.78703804931374
1797,heartRateBpm,162.74658336891142
1798,speedMps,2.6584464902129725
1798,paceSecPerKm,376.15953666228893
1798,cadenceSpm,169.15141228720498
1798,distanceM,5372.620732569079
1798,motionIntensityG,0.7336398499999999
1798,activeEnergyKcal,102.83733568236026
1798,heartRateBpm,162.35209920637286
1799,speedMps,2.8403111295048094
1799,paceSecPerKm,352.0741054077212
1799,cadenceSpm,169.78591138481193
1799,distanceM,5375.461043698584
1799,motionIntensityG,0.7336510999999999
1799,activeEnergyKcal,102.88763397267256
1799,heartRateBpm,162.4372690984616
