t,kind,value
# event: interval_rest-0-240 kind=interval_rest atSec=240
# event: interval_rest-1-480 kind=interval_rest atSec=480
# event: interval_rest-2-720 kind=interval_rest atSec=720
# event: interval_rest-3-960 kind=interval_rest atSec=960
# event: gradual_fade-4-1080 kind=gradual_fade atSec=1080
0,punchRatePpm,47.56487548082622
0,motionIntensityG,0.9500000000000001
0,activeEnergyKcal,0.04541108986615679
0,heartRateBpm,58.71163557256227
1,punchRatePpm,45.65217407923384
1,motionIntensityG,0.9500000000000001
1,activeEnergyKcal,0.09082217973231357
1,heartRateBpm,60.35297640912941
2,punchRatePpm,47.67218308480993
2,motionIntensityG,0.9500000000000001
2,activeEnergyKcal,0.13623326959847037
2,heartRateBpm,63.62003888406799
3,punchRatePpm,40.07497073332917
3,motionIntensityG,0.9500000000000001
3,activeEnergyKcal,0.18164435946462715
3,heartRateBpm,64.77338048627828
4,punchRatePpm,46.03499091072116
4,motionIntensityG,0.9500000000000001
4,activeEnergyKcal,0.22705544933078392
4,heartRateBpm,67.11996831278032
5,punchRatePpm,48.77512176780184
5,motionIntensityG,0.9500000000000001
5,activeEnergyKcal,0.2724665391969407
5,heartRateBpm,69.8354464146733
6,punchRatePpm,45.96583710080024
6,motionIntensityG,0.9500000000000001
6,activeEnergyKcal,0.31787762906309747
6,heartRateBpm,72.5974394924298
7,punchRatePpm,44.69998302414908
7,motionIntensityG,0.9500000000000001
7,activeEnergyKcal,0.36328871892925424
7,heartRateBpm,75.52022743314618
8,punchRatePpm,46.21774979450902
8,motionIntensityG,0.9500000000000001
8,activeEnergyKcal,0.408699808795411
8,heartRateBpm,75.65946435271992
9,punchRatePpm,45.55280323917665
9,motionIntensityG,0.9500000000000001
9,activeEnergyKcal,0.4541108986615678
9,heartRateBpm,76.3595772110514
10,punchRatePpm,47.89992819177018
10,motionIntensityG,0.9500000000000001
10,activeEnergyKcal,0.49952198852772456
10,heartRateBpm,76.23478549175412
11,punchRatePpm,46.769958329079635
11,motionIntensityG,0.9500000000000001
11,activeEnergyKcal,0.5449330783938814
11,heartRateBpm,80.06244587678427
12,punchRatePpm,44.43871992537798
12,motionIntensityG,0.9500000000000001
12,activeEnergyKcal,0.5903441682600382
12,heartRateBpm,83.80400189202129
13,punchRatePpm,46.11392754516592
13,motionIntensityG,0.9500000000000001
13,activeEnergyKcal,0.635755258126195
13,heartRateBpm,85.4240317413402
14,punchRatePpm,47.114538647020716
14,motionIntensityG,0.9500000000000001
14,activeEnergyKcal,0.6811663479923519
14,heartRateBpm,86.9385837034408
15,punchRatePpm,43.88911817767865
15,motionIntensityG,0.9500000000000001
15,activeEnergyKcal,0.7265774378585087
15,heartRateBpm,87.87892176545553
16,punchRatePpm,45.68142094007346
16,motionIntensityG,0.9500000000000001
16,activeEnergyKcal,0.7719885277246655
16,heartRateBpm,87.44022457040026
17,punchRatePpm,46.2567847712428
17,motionIntensityG,0.9500000000000001
17,activeEnergyKcal,0.8173996175908224
17,heartRateBpm,89.30784235835348
18,punchRatePpm,44.641351029841715
18,motionIntensityG,0.9500000000000001
18,activeEnergyKcal,0.8628107074569792
18,heartRateBpm,88.79235615712442
19,punchRatePpm,41.70898692353164
19,motionIntensityG,0.9500000000000001
19,activeEnergyKcal,0.908221797323136
19,heartRateBpm,90.19343210971319
20,punchRatePpm,45.03444097062706
20,motionIntensityG,0.9500000000000001
20,activeEnergyKcal,0.9536328871892928
20,heartRateBpm,91.66014841383793
21,punchRatePpm,43.78562445266351
21,motionIntensityG,0.9500000000000001
21,activeEnergyKcal,0.9990439770554497
21,heartRateBpm,92.7411470169135
22,punchRatePpm,45.44046859200902
22,motionIntensityG,0.9500000000000001
22,activeEnergyKcal,1.0444550669216064
22,heartRateBpm,94.09518681875583
23,punchRatePpm,45.114243295467546
23,motionIntensityG,0.9500000000000001
23,activeEnergyKcal,1.0898661567877632
23,heartRateBpm,94.29725714622425
24,punchRatePpm,46.67779288083985
24,motionIntensityG,0.9500000000000001
24,activeEnergyKcal,1.13527724665392
24,heartRateBpm,94.84488336961141
25,punchRatePpm,49.29342415374575
25,motionIntensityG,0.9500000000000001
25,activeEnergyKcal,1.1806883365200769
25,heartRateBpm,93.97964174216587
26,punchRatePpm,44.07458821340285
26,motionIntensityG,0.9500000000000001
26,activeEnergyKcal,1.2260994263862337
26,heartRateBpm,94.56605458050728
27,punchRatePpm,47.805494478925056
27,motionIntensityG,0.9500000000000001
27,activeEnergyKcal,1.2715105162523905
27,heartRateBpm,95.97551211632252
28,punchRatePpm,43.18543098632101
28,motionIntensityG,0.9500000000000001
28,activeEnergyKcal,1.3169216061185474
28,heartRateBpm,97.85391017865912
29,punchRatePpm,44.22279310226057
29,motionIntensityG,0.9500000000000001
29,activeEnergyKcal,1.3623326959847042
29,heartRateBpm,97.24023641231106
30,punchRatePpm,43.679213823626164
30,motionIntensityG,0.9500000000000001
30,activeEnergyKcal,1.407743785850861
30,heartRateBpm,97.73092377866304
31,punchRatePpm,44.20865804683766
31,motionIntensityG,0.9500000000000001
31,activeEnergyKcal,1.4531548757170178
31,heartRateBpm,98.5838451701279
32,punchRatePpm,44.83338254091153
32,motionIntensityG,0.9500000000000001
32,activeEnergyKcal,1.4985659655831747
32,heartRateBpm,99.49532944620482
33,punchRatePpm,46.01498390082687
33,motionIntensityG,0.9500000000000001
33,activeEnergyKcal,1.5439770554493315
33,heartRateBpm,99.23052842408887
34,punchRatePpm,45.74872042912205
34,motionIntensityG,0.9500000000000001
34,activeEnergyKcal,1.5893881453154883
34,heartRateBpm,98.87110700104454
35,punchRatePpm,46.60631537742181
35,motionIntensityG,0.9500000000000001
35,activeEnergyKcal,1.6347992351816452
35,heartRateBpm,100.4508223539274
36,punchRatePpm,46.04127781237145
36,motionIntensityG,0.9500000000000001
36,activeEnergyKcal,1.680210325047802
36,heartRateBpm,100.57512202985563
37,punchRatePpm,44.955372979953296
37,motionIntensityG,0.9500000000000001
37,activeEnergyKcal,1.7256214149139588
37,heartRateBpm,99.60046108978993
38,punchRatePpm,49.656730957602136
38,motionIntensityG,0.9500000000000001
38,activeEnergyKcal,1.7710325047801156
38,heartRateBpm,100.65269006689827
39,punchRatePpm,46.707374444076834
39,motionIntensityG,0.9500000000000001
39,activeEnergyKcal,1.8164435946462725
39,heartRateBpm,99.05056957785912
40,punchRatePpm,44.27658580124833
40,motionIntensityG,0.9500000000000001
40,activeEnergyKcal,1.8618546845124293
40,heartRateBpm,99.23511515565049
41,punchRatePpm,44.12890867163844
41,motionIntensityG,0.9500000000000001
41,activeEnergyKcal,1.9072657743785861
41,heartRateBpm,98.29212926654169
42,punchRatePpm,45.787361179172045
42,motionIntensityG,0.9500000000000001
42,activeEnergyKcal,1.952676864244743
42,heartRateBpm,98.71328003041071
43,punchRatePpm,44.79896545734312
43,motionIntensityG,0.9500000000000001
43,activeEnergyKcal,1.9980879541108998
43,heartRateBpm,101.11412871245253
44,punchRatePpm,46.05435813357793
44,motionIntensityG,0.9500000000000001
44,activeEnergyKcal,2.0434990439770564
44,heartRateBpm,102.0205252702964
45,punchRatePpm,42.067869429183034
45,motionIntensityG,0.9500000000000001
45,activeEnergyKcal,2.0889101338432132
45,heartRateBpm,103.88005641749542
46,punchRatePpm,45.42194342429616
46,motionIntensityG,0.9500000000000001
46,activeEnergyKcal,2.13432122370937
46,heartRateBpm,104.17941260247413
47,punchRatePpm,42.53888728684485
47,motionIntensityG,0.9500000000000001
47,activeEnergyKcal,2.179732313575527
47,heartRateBpm,103.66322126509348
48,punchRatePpm,40.969659134783676
48,motionIntensityG,0.9500000000000001
48,activeEnergyKcal,2.2251434034416837
48,heartRateBpm,103.4632876021512
49,punchRatePpm,43.119299439029064
49,motionIntensityG,0.9500000000000001
49,activeEnergyKcal,2.2705544933078405
49,heartRateBpm,102.12852339035119
50,punchRatePpm,45.422010141679785
50,motionIntensityG,0.9500000000000001
50,activeEnergyKcal,2.3159655831739974
50,heartRateBpm,105.14617195745983
51,punchRatePpm,46.636135733432965
51,motionIntensityG,0.9500000000000001
51,activeEnergyKcal,2.361376673040154
51,heartRateBpm,105.10507815117076
52,punchRatePpm,43.17853107197583
52,motionIntensityG,0.9500000000000001
52,activeEnergyKcal,2.406787762906311
52,heartRateBpm,103.66140239319948
53,punchRatePpm,45.20792240386004
53,motionIntensityG,0.9500000000000001
53,activeEnergyKcal,2.452198852772468
53,heartRateBpm,106.78231589058795
54,punchRatePpm,47.93003479353728
54,motionIntensityG,0.9500000000000001
54,activeEnergyKcal,2.4976099426386247
54,heartRateBpm,107.71136844769777
55,punchRatePpm,43.732426632757466
55,motionIntensityG,0.9500000000000001
55,activeEnergyKcal,2.5430210325047815
55,heartRateBpm,110.58884206871339
56,punchRatePpm,43.14252459669106
56,motionIntensityG,0.9500000000000001
56,activeEnergyKcal,2.5884321223709383
56,heartRateBpm,112.24297519066376
57,punchRatePpm,47.87430501166616
57,motionIntensityG,0.9500000000000001
57,activeEnergyKcal,2.633843212237095
57,heartRateBpm,113.5235690061427
58,punchRatePpm,45.49940677025739
58,motionIntensityG,0.9500000000000001
58,activeEnergyKcal,2.679254302103252
58,heartRateBpm,113.78032884983215
59,punchRatePpm,41.40096295460271
59,motionIntensityG,0.9500000000000001
59,activeEnergyKcal,2.724665391969409
59,heartRateBpm,113.11960642854399
60,punchRatePpm,42.3299839424023
60,motionIntensityG,0.9500000000000001
60,activeEnergyKcal,2.7700764818355657
60,heartRateBpm,112.56041675186727
61,punchRatePpm,50.64864505314585
61,motionIntensityG,1.3019824611111113
61,activeEnergyKcal,2.8323127371468044
61,heartRateBpm,114.3897336954917
62,punchRatePpm,52.262283113538025
62,motionIntensityG,1.301964922222222
62,activeEnergyKcal,2.894548154079033
62,heartRateBpm,116.56945823496437
63,punchRatePpm,53.795984971178314
63,motionIntensityG,1.3019473833333333
63,activeEnergyKcal,2.9567827326322518
63,heartRateBpm,117.45736750452241
64,punchRatePpm,51.69566722043509
64,motionIntensityG,1.3019298444444445
64,activeEnergyKcal,3.0190164728064603
64,heartRateBpm,119.63326720711561
65,punchRatePpm,52.794089548253446
65,motionIntensityG,1.3019123055555557
65,activeEnergyKcal,3.081249374601659
65,heartRateBpm,120.61880952553243
66,punchRatePpm,53.436389352768494
66,motionIntensityG,1.301894766666667
66,activeEnergyKcal,3.1434814380178477
66,heartRateBpm,121.70709719196469
67,punchRatePpm,54.290182106237864
67,motionIntensityG,1.3018772277777777
67,activeEnergyKcal,3.2057126630550266
67,heartRateBpm,121.66842290934984
68,punchRatePpm,51.99677090111494
68,motionIntensityG,1.301859688888889
68,activeEnergyKcal,3.267943049713195
68,heartRateBpm,121.9966904385766
69,punchRatePpm,55.476109553980486
69,motionIntensityG,1.30184215
69,activeEnergyKcal,3.330172597992354
69,heartRateBpm,124.57723462670106
70,punchRatePpm,53.80908257466308
70,motionIntensityG,1.3018246111111111
70,activeEnergyKcal,3.3924013078925026
70,heartRateBpm,126.55157435888648
71,punchRatePpm,54.26042589166756
71,motionIntensityG,1.3018070722222221
71,activeEnergyKcal,3.4546291794136414
71,heartRateBpm,127.2795651221565
72,punchRatePpm,54.57469436060096
72,motionIntensityG,1.3017895333333334
72,activeEnergyKcal,3.51685621255577
72,heartRateBpm,129.3619063123286
73,punchRatePpm,51.96201511650896
73,motionIntensityG,1.3017719944444446
73,activeEnergyKcal,3.579082407318889
73,heartRateBpm,130.4835222347112
74,punchRatePpm,53.70433131804577
74,motionIntensityG,1.3017544555555556
74,activeEnergyKcal,3.6413077637029976
74,heartRateBpm,130.53460678383226
75,punchRatePpm,55.938655813013014
75,motionIntensityG,1.3017369166666666
75,activeEnergyKcal,3.7035322817080965
75,heartRateBpm,131.23480186885556
76,punchRatePpm,55.44827626554659
76,motionIntensityG,1.3017193777777778
76,activeEnergyKcal,3.765755961334185
76,heartRateBpm,130.54270453943312
77,punchRatePpm,53.80017455524484
77,motionIntensityG,1.301701838888889
77,activeEnergyKcal,3.827978802581264
77,heartRateBpm,132.22700819389988
78,punchRatePpm,52.71984784360882
78,motionIntensityG,1.3016843000000002
78,activeEnergyKcal,3.8902008054493327
78,heartRateBpm,133.47741770771745
79,punchRatePpm,50.57892401272508
79,motionIntensityG,1.301666761111111
79,activeEnergyKcal,3.9524219699383916
79,heartRateBpm,135.31611189539078
80,punchRatePpm,52.123066761362466
80,motionIntensityG,1.3016492222222222
80,activeEnergyKcal,4.01464229604844
80,heartRateBpm,136.36167974296947
81,punchRatePpm,52.24062876364273
81,motionIntensityG,1.3016316833333335
81,activeEnergyKcal,4.076861783779479
81,heartRateBpm,134.98151640823104
82,punchRatePpm,49.8535736022672
82,motionIntensityG,1.3016141444444445
82,activeEnergyKcal,4.139080433131507
82,heartRateBpm,137.2094174707861
83,punchRatePpm,53.15795400285594
83,motionIntensityG,1.3015966055555555
83,activeEnergyKcal,4.201298244104526
83,heartRateBpm,139.92060949761733
84,punchRatePpm,49.371753785826435
84,motionIntensityG,1.3015790666666667
84,activeEnergyKcal,4.2635152166985355
84,heartRateBpm,140.36190289845487
85,punchRatePpm,50.55999096369209
85,motionIntensityG,1.301561527777778
85,activeEnergyKcal,4.325731350913534
85,heartRateBpm,141.16860793444167
86,punchRatePpm,53.75246456020772
86,motionIntensityG,1.301543988888889
86,activeEnergyKcal,4.387946646749523
86,heartRateBpm,140.50249598020238
87,punchRatePpm,48.0431605871663
87,motionIntensityG,1.30152645
87,activeEnergyKcal,4.450161104206502
87,heartRateBpm,142.9720004518491
88,punchRatePpm,52.43182370960454
88,motionIntensityG,1.301508911111111
88,activeEnergyKcal,4.512374723284471
88,heartRateBpm,142.61780532496218
89,punchRatePpm,47.879994725232024
89,motionIntensityG,1.3014913722222223
89,activeEnergyKcal,4.57458750398343
89,heartRateBpm,143.4108675960474
90,punchRatePpm,48.051863774810656
90,motionIntensityG,1.3014738333333333
90,activeEnergyKcal,4.636799446303379
90,heartRateBpm,143.2298715417038
91,punchRatePpm,51.299594488782795
91,motionIntensityG,1.3014562944444443
91,activeEnergyKcal,4.699010550244318
91,heartRateBpm,145.89544375493767
92,punchRatePpm,55.08355786840319
92,motionIntensityG,1.3014387555555555
92,activeEnergyKcal,4.761220815806247
92,heartRateBpm,147.8369448294595
93,punchRatePpm,47.09515486775896
93,motionIntensityG,1.3014212166666668
93,activeEnergyKcal,4.823430242989167
93,heartRateBpm,147.88291038588966
94,punchRatePpm,48.86260554212679
94,motionIntensityG,1.3014036777777778
94,activeEnergyKcal,4.8856388317930755
94,heartRateBpm,147.1044944544102
95,punchRatePpm,48.71774359727975
95,motionIntensityG,1.301386138888889
95,activeEnergyKcal,4.9478465822179745
95,heartRateBpm,148.90515373260803
96,punchRatePpm,50.95448849921085
96,motionIntensityG,1.3013686
96,activeEnergyKcal,5.010053494263864
96,heartRateBpm,147.90045850734805
97,punchRatePpm,46.51413824917505
97,motionIntensityG,1.3013510611111112
97,activeEnergyKcal,5.072259567930743
97,heartRateBpm,149.39088467552398
98,punchRatePpm,52.08557467414823
98,motionIntensityG,1.3013335222222222
98,activeEnergyKcal,5.134464803218612
98,heartRateBpm,148.54598940049712
99,punchRatePpm,49.75310158330729
99,motionIntensityG,1.3013159833333334
99,activeEnergyKcal,5.196669200127471
99,heartRateBpm,148.24183657971903
100,punchRatePpm,48.61224132372968
100,motionIntensityG,1.3012984444444444
100,activeEnergyKcal,5.25887275865732
100,heartRateBpm,151.90362896533907
101,punchRatePpm,50.277365033151014
101,motionIntensityG,1.3012809055555556
101,activeEnergyKcal,5.32107547880816
101,heartRateBpm,151.33034695953975
102,punchRatePpm,52.05752096193152
102,motionIntensityG,1.3012633666666666
102,activeEnergyKcal,5.383277360579989
102,heartRateBpm,151.97320862318944
103,punchRatePpm,50.996917200823034
103,motionIntensityG,1.3012458277777779
103,activeEnergyKcal,5.445478403972808
103,heartRateBpm,152.8044793471853
104,punchRatePpm,50.05066879190205
104,motionIntensityG,1.3012282888888889
104,activeEnergyKcal,5.507678608986617
104,heartRateBpm,154.20100259321276
105,punchRatePpm,50.66519655809664
105,motionIntensityG,1.30121075
105,activeEnergyKcal,5.5698779756214165
105,heartRateBpm,153.87339983894503
106,punchRatePpm,53.78767716037125
106,motionIntensityG,1.3011932111111113
106,activeEnergyKcal,5.632076503877205
106,heartRateBpm,152.6029272959419
107,punchRatePpm,52.45819333925749
107,motionIntensityG,1.3011756722222223
107,activeEnergyKcal,5.6942741937539845
107,heartRateBpm,151.52655975367915
108,punchRatePpm,48.21901732392509
108,motionIntensityG,1.3011581333333333
108,activeEnergyKcal,5.756471045251754
108,heartRateBpm,152.37565381795892
109,punchRatePpm,49.58381865758186
109,motionIntensityG,1.3011405944444445
109,activeEnergyKcal,5.818667058370513
109,heartRateBpm,152.76025823085635
110,punchRatePpm,47.47331090647379
110,motionIntensityG,1.3011230555555557
110,activeEnergyKcal,5.880862233110262
110,heartRateBpm,154.06117860055758
111,punchRatePpm,52.21106084364971
111,motionIntensityG,1.3011055166666667
111,activeEnergyKcal,5.943056569471001
111,heartRateBpm,155.76852384380354
112,punchRatePpm,51.377712820471494
112,motionIntensityG,1.3010879777777777
112,activeEnergyKcal,6.005250067452731
112,heartRateBpm,156.391964593798
113,punchRatePpm,50.48043556184501
113,motionIntensityG,1.301070438888889
113,activeEnergyKcal,6.06744272705545
113,heartRateBpm,155.28757742770904
114,punchRatePpm,48.748900200530926
114,motionIntensityG,1.3010529000000002
114,activeEnergyKcal,6.12963454827916
114,heartRateBpm,155.3338712764744
115,punchRatePpm,58.77385362465406
115,motionIntensityG,1.3010353611111112
115,activeEnergyKcal,6.191825531123859
115,heartRateBpm,155.72855574944055
116,punchRatePpm,49.13639872395715
116,motionIntensityG,1.3010178222222222
116,activeEnergyKcal,6.254015675589549
116,heartRateBpm,148.64367260667663
117,punchRatePpm,49.411766764436145
117,motionIntensityG,1.3010002833333334
117,activeEnergyKcal,6.316204981676228
117,heartRateBpm,136.91769314323716
118,punchRatePpm,51.82211815568581
118,motionIntensityG,1.3009827444444446
118,activeEnergyKcal,6.378393449383898
118,heartRateBpm,128.9860994920107
119,punchRatePpm,48.220490450239424
119,motionIntensityG,1.3009652055555556
119,activeEnergyKcal,6.440581078712557
119,heartRateBpm,129.0653840747911
120,punchRatePpm,52.361475163973864
120,motionIntensityG,1.3009476666666666
120,activeEnergyKcal,6.502767869662207
120,heartRateBpm,129.07542213359775
121,punchRatePpm,50.6735115786273
121,motionIntensityG,1.3009301277777778
121,activeEnergyKcal,6.564953822232846
121,heartRateBpm,130.02534634388823
122,punchRatePpm,51.66474287490579
122,motionIntensityG,1.300912588888889
122,activeEnergyKcal,6.627138936424476
122,heartRateBpm,129.77716261050892
123,punchRatePpm,48.95999765861323
123,motionIntensityG,1.3008950499999998
123,activeEnergyKcal,6.689323212237095
123,heartRateBpm,130.61497494801125
124,punchRatePpm,52.78647289643395
124,motionIntensityG,1.300877511111111
124,activeEnergyKcal,6.751506649670705
124,heartRateBpm,131.68273261431426
125,punchRatePpm,48.26515770166241
125,motionIntensityG,1.3008599722222223
125,activeEnergyKcal,6.8136892487253045
125,heartRateBpm,134.05351812815968
126,punchRatePpm,52.95229161184262
126,motionIntensityG,1.3008424333333335
126,activeEnergyKcal,6.875871009400894
126,heartRateBpm,134.97170688405467
127,punchRatePpm,48.823003167733575
127,motionIntensityG,1.3008248944444445
127,activeEnergyKcal,6.938051931697474
127,heartRateBpm,134.0244022830713
128,punchRatePpm,48.069584058958725
128,motionIntensityG,1.3008073555555555
128,activeEnergyKcal,7.000232015615043
128,heartRateBpm,134.66060213864031
129,punchRatePpm,49.054655129415295
129,motionIntensityG,1.3007898166666667
129,activeEnergyKcal,7.062411261153603
129,heartRateBpm,136.2443232192337
130,punchRatePpm,48.45126480413617
130,motionIntensityG,1.300772277777778
130,activeEnergyKcal,7.124589668313153
130,heartRateBpm,138.11959681738512
131,punchRatePpm,48.174865142254326
131,motionIntensityG,1.3007547388888887
131,activeEnergyKcal,7.186767237093692
131,heartRateBpm,137.8185540857675
132,punchRatePpm,48.18984938939327
132,motionIntensityG,1.3007372000000001
132,activeEnergyKcal,7.248943967495221
132,heartRateBpm,139.37778621754285
133,punchRatePpm,49.003402187603555
133,motionIntensityG,1.3007196611111111
133,activeEnergyKcal,7.311119859517741
133,heartRateBpm,141.92973555873922
134,punchRatePpm,48.28628588392724
134,motionIntensityG,1.3007021222222224
134,activeEnergyKcal,7.373294913161251
134,heartRateBpm,139.71390040828155
135,punchRatePpm,47.545507323145124
135,motionIntensityG,1.3006845833333336
135,activeEnergyKcal,7.43546912842575
135,heartRateBpm,140.09565437888187
136,punchRatePpm,50.615127096445626
136,motionIntensityG,1.3006670444444444
136,activeEnergyKcal,7.49764250531124
136,heartRateBpm,139.68770122617747
137,punchRatePpm,48.57086431447277
137,motionIntensityG,1.3006495055555556
137,activeEnergyKcal,7.55981504381772
137,heartRateBpm,141.75821705903311
138,punchRatePpm,50.5364336744221
138,motionIntensityG,1.3006319666666668
138,activeEnergyKcal,7.62198674394519
138,heartRateBpm,141.27496899469864
139,punchRatePpm,48.27020208449244
139,motionIntensityG,1.300614427777778
139,activeEnergyKcal,7.684157605693649
139,heartRateBpm,140.84315002340296
140,punchRatePpm,44.800277167413704
140,motionIntensityG,1.3005968888888888
140,activeEnergyKcal,7.7463276290630985
140,heartRateBpm,143.76312030035604
141,punchRatePpm,47.96290414694148
141,motionIntensityG,1.30057935
141,activeEnergyKcal,7.808496814053538
141,heartRateBpm,143.29422974963046
142,punchRatePpm,49.62883197627926
142,motionIntensityG,1.3005618111111112
142,activeEnergyKcal,7.870665160664968
142,heartRateBpm,145.0609766528519
143,punchRatePpm,46.8187288954654
143,motionIntensityG,1.3005442722222222
143,activeEnergyKcal,7.9328326688973885
143,heartRateBpm,145.29763910930262
144,punchRatePpm,50.1474119983815
144,motionIntensityG,1.3005267333333332
144,activeEnergyKcal,7.994999338750798
144,heartRateBpm,144.6535616822118
145,punchRatePpm,46.437661616654935
145,motionIntensityG,1.3005091944444445
145,activeEnergyKcal,8.057165170225199
145,heartRateBpm,145.31936913065815
146,punchRatePpm,48.78531788017637
146,motionIntensityG,1.3004916555555557
146,activeEnergyKcal,8.119330163320589
146,heartRateBpm,145.06298255212474
147,punchRatePpm,52.27426064570906
147,motionIntensityG,1.300474116666667
147,activeEnergyKcal,8.181494318036968
147,heartRateBpm,147.17949917658765
148,punchRatePpm,46.836292078125524
148,motionIntensityG,1.3004565777777777
148,activeEnergyKcal,8.243657634374339
148,heartRateBpm,147.90420429402727
149,punchRatePpm,48.606919162384756
149,motionIntensityG,1.300439038888889
149,activeEnergyKcal,8.305820112332698
149,heartRateBpm,148.42059479996215
150,punchRatePpm,50.90778830255443
150,motionIntensityG,1.3004215000000001
150,activeEnergyKcal,8.367981751912048
150,heartRateBpm,147.310147073237
151,punchRatePpm,48.59831855930889
151,motionIntensityG,1.3004039611111111
151,activeEnergyKcal,8.430142553112388
151,heartRateBpm,149.09240775884072
152,punchRatePpm,48.85871398506031
152,motionIntensityG,1.3003864222222223
152,activeEnergyKcal,8.492302515933718
152,heartRateBpm,150.74645770996213
153,punchRatePpm,46.23974786507763
153,motionIntensityG,1.3003688833333333
153,activeEnergyKcal,8.554461640376038
153,heartRateBpm,151.33042978362144
154,punchRatePpm,45.631474606418635
154,motionIntensityG,1.3003513444444446
154,activeEnergyKcal,8.616619926439348
154,heartRateBpm,149.13017573157242
155,punchRatePpm,48.52403828184136
155,motionIntensityG,1.3003338055555556
155,activeEnergyKcal,8.678777374123648
155,heartRateBpm,151.24097289654708
156,punchRatePpm,49.63893694832774
156,motionIntensityG,1.3003162666666666
156,activeEnergyKcal,8.740933983428938
156,heartRateBpm,152.57954871616323
157,punchRatePpm,46.580520543155956
157,motionIntensityG,1.3002987277777778
157,activeEnergyKcal,8.803089754355218
157,heartRateBpm,153.49469029629424
158,punchRatePpm,50.47060583774316
158,motionIntensityG,1.300281188888889
158,activeEnergyKcal,8.865244686902487
158,heartRateBpm,154.04887632979177
159,punchRatePpm,46.954900541772794
159,motionIntensityG,1.3002636500000002
159,activeEnergyKcal,8.927398781070748
159,heartRateBpm,143.5129553386605
160,punchRatePpm,48.57369342515522
160,motionIntensityG,1.300246111111111
160,activeEnergyKcal,8.989552036859997
160,heartRateBpm,128.07110321959308
161,punchRatePpm,44.65550906929734
161,motionIntensityG,1.3002285722222222
161,activeEnergyKcal,9.051704454270238
161,heartRateBpm,116.80667664451477
162,punchRatePpm,48.9281414062897
162,motionIntensityG,1.3002110333333334
162,activeEnergyKcal,9.113856033301468
162,heartRateBpm,119.70919596017029
163,punchRatePpm,49.22215185545498
163,motionIntensityG,1.3001934944444444
163,activeEnergyKcal,9.176006773953688
163,heartRateBpm,121.39258072608533
164,punchRatePpm,47.99324761725782
164,motionIntensityG,1.3001759555555554
164,activeEnergyKcal,9.238156676226899
164,heartRateBpm,122.42609633425346
165,punchRatePpm,44.87758386051706
165,motionIntensityG,1.3001584166666666
165,activeEnergyKcal,9.300305740121098
165,heartRateBpm,122.1748230796063
166,punchRatePpm,49.71447705945974
166,motionIntensityG,1.3001408777777779
166,activeEnergyKcal,9.362453965636288
166,heartRateBpm,122.36076991737781
167,punchRatePpm,48.72360051024075
167,motionIntensityG,1.3001233388888889
167,activeEnergyKcal,9.424601352772468
167,heartRateBpm,123.37223290006408
168,punchRatePpm,47.95588269627872
168,motionIntensityG,1.3001058
168,activeEnergyKcal,9.486747901529638
168,heartRateBpm,122.74416599001938
169,punchRatePpm,45.752543390832614
169,motionIntensityG,1.300088261111111
169,activeEnergyKcal,9.548893611907799
169,heartRateBpm,122.37304653639359
170,punchRatePpm,49.04374067742853
170,motionIntensityG,1.3000707222222223
170,activeEnergyKcal,9.611038483906949
170,heartRateBpm,122.65897085462673
171,punchRatePpm,48.21578096390625
171,motionIntensityG,1.3000531833333333
171,activeEnergyKcal,9.673182517527088
171,heartRateBpm,123.21253348820385
172,punchRatePpm,46.11884842503544
172,motionIntensityG,1.3000356444444445
172,activeEnergyKcal,9.73532571276822
172,heartRateBpm,124.6938240348193
173,punchRatePpm,46.76474888535586
173,motionIntensityG,1.3000181055555555
173,activeEnergyKcal,9.79746806963034
173,heartRateBpm,126.43274384798018
174,punchRatePpm,49.0235303113688
174,motionIntensityG,1.3000005666666667
174,activeEnergyKcal,9.85960958811345
174,heartRateBpm,127.96551677907948
175,punchRatePpm,46.92626791279498
175,motionIntensityG,1.2999830277777777
175,activeEnergyKcal,9.92175026821755
175,heartRateBpm,127.1215643818709
176,punchRatePpm,47.32186268637675
176,motionIntensityG,1.299965488888889
176,activeEnergyKcal,9.98389010994264
176,heartRateBpm,129.9034581331995
177,punchRatePpm,46.961756386100774
177,motionIntensityG,1.29994795
177,activeEnergyKcal,10.046029113288721
177,heartRateBpm,130.5096222967588
178,punchRatePpm,47.088994875552295
178,motionIntensityG,1.2999304111111112
178,activeEnergyKcal,10.108167278255792
178,heartRateBpm,133.62436775078064
179,punchRatePpm,45.71987657028931
179,motionIntensityG,1.2999128722222224
179,activeEnergyKcal,10.170304604843851
179,heartRateBpm,135.46045379000594
180,punchRatePpm,7.678426362482265
180,motionIntensityG,0.2
180,activeEnergyKcal,10.232441093052902
180,heartRateBpm,135.57204945369077
181,punchRatePpm,7.104588486301589
181,motionIntensityG,0.2
181,activeEnergyKcal,10.294576742882942
181,heartRateBpm,137.038247387065
182,punchRatePpm,6.682158741965524
182,motionIntensityG,0.2
182,activeEnergyKcal,10.356711554333973
182,heartRateBpm,136.49303614029017
183,punchRatePpm,8.532884880556411
183,motionIntensityG,0.2
183,activeEnergyKcal,10.418845527405994
183,heartRateBpm,136.929349836371
184,punchRatePpm,8.104372257780383
184,motionIntensityG,0.2
184,activeEnergyKcal,10.480978662099004
184,heartRateBpm,138.05612212211486
185,punchRatePpm,8.843189406121999
185,motionIntensityG,0.2
185,activeEnergyKcal,10.543110958413004
185,heartRateBpm,138.42439304349776
186,punchRatePpm,9.933926960479381
186,motionIntensityG,0.2
186,activeEnergyKcal,10.605242416347995
186,heartRateBpm,141.07434277338487
187,punchRatePpm,6.609254683855094
187,motionIntensityG,0.2
187,activeEnergyKcal,10.667373035903974
187,heartRateBpm,142.270092849721
188,punchRatePpm,8.205518614111023
188,motionIntensityG,0.2
188,activeEnergyKcal,10.729502817080945
188,heartRateBpm,142.66248866946287
189,punchRatePpm,9.54081083870796
189,motionIntensityG,0.2
189,activeEnergyKcal,10.791631759878905
189,heartRateBpm,144.2258479239488
190,punchRatePpm,7.981041191849929
190,motionIntensityG,0.2
190,activeEnergyKcal,10.853759864297857
190,heartRateBpm,144.87713189472515
191,punchRatePpm,8.137467432470805
191,motionIntensityG,0.2
191,activeEnergyKcal,10.915887130337797
191,heartRateBpm,144.71823326784207
192,punchRatePpm,7.643301467933939
192,motionIntensityG,0.2
192,activeEnergyKcal,10.978013557998727
192,heartRateBpm,144.52766747916849
193,punchRatePpm,7.8991881487120486
193,motionIntensityG,0.2
193,activeEnergyKcal,11.040139147280648
193,heartRateBpm,145.30360848050094
194,punchRatePpm,7.53846947428455
194,motionIntensityG,0.2
194,activeEnergyKcal,11.102263898183558
194,heartRateBpm,145.9427121415164
195,punchRatePpm,6.617350928780887
195,motionIntensityG,0.2
195,activeEnergyKcal,11.164387810707458
195,heartRateBpm,147.38281346480795
196,punchRatePpm,7.7414633323714455
196,motionIntensityG,0.2
196,activeEnergyKcal,11.226510884852349
196,heartRateBpm,147.22646160554012
197,punchRatePpm,7.884968243691329
197,motionIntensityG,0.2
197,activeEnergyKcal,11.288633120618229
197,heartRateBpm,148.22524145117694
198,punchRatePpm,7.437953042835996
198,motionIntensityG,0.2
198,activeEnergyKcal,11.3507545180051
198,heartRateBpm,150.64354429567965
199,punchRatePpm,7.903906177480795
199,motionIntensityG,0.2
199,activeEnergyKcal,11.412875077012961
199,heartRateBpm,151.42933211180318
200,punchRatePpm,6.982820324482384
200,motionIntensityG,0.2
200,activeEnergyKcal,11.474994797641811
200,heartRateBpm,151.90415236433006
201,punchRatePpm,6.783558968697511
201,motionIntensityG,0.2
201,activeEnergyKcal,11.537113679891652
201,heartRateBpm,151.58193237543944
202,punchRatePpm,7.521994609658945
202,motionIntensityG,0.2
202,activeEnergyKcal,11.599231723762482
202,heartRateBpm,152.23664062729898
203,punchRatePpm,8.421173180150676
203,motionIntensityG,0.2
203,activeEnergyKcal,11.661348929254304
203,heartRateBpm,151.48743842372886
204,punchRatePpm,5.342149206292808
204,motionIntensityG,0.2
204,activeEnergyKcal,11.723465296367115
204,heartRateBpm,151.9711832676989
205,punchRatePpm,6.758589979140353
205,motionIntensityG,0.2
205,activeEnergyKcal,11.785580825100915
205,heartRateBpm,153.11135755116615
206,punchRatePpm,8.098573974741887
206,motionIntensityG,0.2
206,activeEnergyKcal,11.847695515455706
206,heartRateBpm,152.22451654896653
207,punchRatePpm,8.99428518337111
207,motionIntensityG,0.2
207,activeEnergyKcal,11.909809367431487
207,heartRateBpm,154.56093861720078
208,punchRatePpm,8.843051287096271
208,motionIntensityG,0.2
208,activeEnergyKcal,11.971922381028257
208,heartRateBpm,155.06151268829134
209,punchRatePpm,8.767618843201722
209,motionIntensityG,0.2
209,activeEnergyKcal,12.034034556246018
209,heartRateBpm,154.03610614161204
210,punchRatePpm,8.511518060073342
210,motionIntensityG,0.2
210,activeEnergyKcal,12.096145893084769
210,heartRateBpm,155.2949229530403
211,punchRatePpm,7.160740102850176
211,motionIntensityG,0.2
211,activeEnergyKcal,12.15825639154451
211,heartRateBpm,156.19784042189292
212,punchRatePpm,8.797419233781632
212,motionIntensityG,0.2
212,activeEnergyKcal,12.220366051625241
212,heartRateBpm,158.3828346939098
213,punchRatePpm,6.456276152917806
213,motionIntensityG,0.2
213,activeEnergyKcal,12.282474873326962
213,heartRateBpm,159.19164305645788
214,punchRatePpm,8.288993258851388
214,motionIntensityG,0.2
214,activeEnergyKcal,12.344582856649673
214,heartRateBpm,160.55209570635517
215,punchRatePpm,8.83447382371385
215,motionIntensityG,0.2
215,activeEnergyKcal,12.406690001593374
215,heartRateBpm,160.77420124935816
216,punchRatePpm,8.435682632669973
216,motionIntensityG,0.2
216,activeEnergyKcal,12.468796308158064
216,heartRateBpm,159.3705518675649
217,punchRatePpm,8.31467849443814
217,motionIntensityG,0.2
217,activeEnergyKcal,12.530901776343745
217,heartRateBpm,159.8152154761393
218,punchRatePpm,9.709109247173691
218,motionIntensityG,0.2
218,activeEnergyKcal,12.593006406150415
218,heartRateBpm,161.86725340422956
219,punchRatePpm,7.982604710277655
219,motionIntensityG,0.2
219,activeEnergyKcal,12.655110197578077
219,heartRateBpm,161.84385758325985
220,punchRatePpm,8.837319667390798
220,motionIntensityG,0.2
220,activeEnergyKcal,12.717213150626728
220,heartRateBpm,160.96605071085816
221,punchRatePpm,7.835788824968342
221,motionIntensityG,0.2
221,activeEnergyKcal,12.779315265296368
221,heartRateBpm,161.4584349008791
222,punchRatePpm,9.667423172758161
222,motionIntensityG,0.2
222,activeEnergyKcal,12.841416541587
222,heartRateBpm,161.48760067518037
223,punchRatePpm,9.233396079680997
223,motionIntensityG,0.2
223,activeEnergyKcal,12.90351697949862
223,heartRateBpm,159.50885493458017
224,punchRatePpm,6.203158927123351
224,motionIntensityG,0.2
224,activeEnergyKcal,12.96561657903123
224,heartRateBpm,159.6312377422463
225,punchRatePpm,10.272599758414756
225,motionIntensityG,0.2
225,activeEnergyKcal,13.027715340184832
225,heartRateBpm,159.36078286023704
226,punchRatePpm,8.67477778412832
226,motionIntensityG,0.2
226,activeEnergyKcal,13.089813262959423
226,heartRateBpm,158.68127497642607
227,punchRatePpm,8.08046042795887
227,motionIntensityG,0.2
227,activeEnergyKcal,13.151910347355004
227,heartRateBpm,160.82194486966213
228,punchRatePpm,7.411536929450016
228,motionIntensityG,0.2
228,activeEnergyKcal,13.214006593371575
228,heartRateBpm,161.33880485721653
229,punchRatePpm,7.148534434800725
229,motionIntensityG,0.2
229,activeEnergyKcal,13.276102001009136
229,heartRateBpm,161.68214692584147
230,punchRatePpm,9.856446732736753
230,motionIntensityG,0.2
230,activeEnergyKcal,13.338196570267687
230,heartRateBpm,163.26286604638267
231,punchRatePpm,6.132460123496408
231,motionIntensityG,0.2
231,activeEnergyKcal,13.400290301147228
231,heartRateBpm,162.5605569869096
232,punchRatePpm,6.2701880574792295
232,motionIntensityG,0.2
232,activeEnergyKcal,13.46238319364776
232,heartRateBpm,162.5625659878751
233,punchRatePpm,9.146040211998912
233,motionIntensityG,0.2
233,activeEnergyKcal,13.524475247769281
233,heartRateBpm,161.82122933179406
234,punchRatePpm,7.453161774515726
234,motionIntensityG,0.2
234,activeEnergyKcal,13.586566463511792
234,heartRateBpm,161.9023908147917
235,punchRatePpm,7.650683107629119
235,motionIntensityG,0.2
235,activeEnergyKcal,13.648656840875294
235,heartRateBpm,160.14903761010538
236,punchRatePpm,8.13176171833828
236,motionIntensityG,0.2
236,activeEnergyKcal,13.710746379859785
236,heartRateBpm,159.28189911664694
237,punchRatePpm,7.455970494617596
237,motionIntensityG,0.2
237,activeEnergyKcal,13.772835080465265
237,heartRateBpm,159.95917051419383
238,punchRatePpm,8.172183534028216
238,motionIntensityG,0.2
238,activeEnergyKcal,13.834922942691737
238,heartRateBpm,159.1626825833811
239,punchRatePpm,7.382623859344008
239,motionIntensityG,0.2
239,activeEnergyKcal,13.897009966539198
239,heartRateBpm,157.74440462398528
240,punchRatePpm,38.58762134392255
240,motionIntensityG,0.597326525
240,activeEnergyKcal,13.925562859703634
240,heartRateBpm,155.14551168825128
241,punchRatePpm,36.14962605166357
241,motionIntensityG,0.5973422
241,activeEnergyKcal,13.954116502151052
241,heartRateBpm,151.19603216153914
242,punchRatePpm,39.5694063243177
242,motionIntensityG,0.597357875
242,activeEnergyKcal,13.982670893881453
242,heartRateBpm,147.60574242570462
243,punchRatePpm,36.534785010997595
243,motionIntensityG,0.59737355
243,activeEnergyKcal,14.011226034894838
243,heartRateBpm,144.58990080264076
244,punchRatePpm,38.01033177803388
244,motionIntensityG,0.597389225
244,activeEnergyKcal,14.039781925191205
244,heartRateBpm,144.19410334173293
245,punchRatePpm,38.234297276645734
245,motionIntensityG,0.5974049
245,activeEnergyKcal,14.068338564770555
245,heartRateBpm,144.09648775510863
246,punchRatePpm,41.23369394838229
246,motionIntensityG,0.597420575
246,activeEnergyKcal,14.096895953632886
246,heartRateBpm,143.5004312383922
247,punchRatePpm,35.23148018572481
247,motionIntensityG,0.59743625
247,activeEnergyKcal,14.125454091778202
247,heartRateBpm,141.49951361020916
248,punchRatePpm,37.82955621732207
248,motionIntensityG,0.597451925
248,activeEnergyKcal,14.1540129792065
248,heartRateBpm,140.26461500247405
249,punchRatePpm,37.734541586841
249,motionIntensityG,0.5974676000000001
249,activeEnergyKcal,14.182572615917781
249,heartRateBpm,140.23811234138046
250,punchRatePpm,39.25285128665908
250,motionIntensityG,0.5974832750000001
250,activeEnergyKcal,14.211133001912046
250,heartRateBpm,141.66304491660813
251,punchRatePpm,37.205961559740004
251,motionIntensityG,0.5974989500000001
251,activeEnergyKcal,14.239694137189293
251,heartRateBpm,140.14264411200634
252,punchRatePpm,37.40285755798794
252,motionIntensityG,0.5975146250000001
252,activeEnergyKcal,14.268256021749522
252,heartRateBpm,138.59072742722506
253,punchRatePpm,33.26107658978032
253,motionIntensityG,0.5975303000000001
253,activeEnergyKcal,14.296818655592734
253,heartRateBpm,137.37333241800977
254,punchRatePpm,39.30930414505488
254,motionIntensityG,0.5975459750000001
254,activeEnergyKcal,14.32538203871893
254,heartRateBpm,136.79336263507182
255,punchRatePpm,41.08272531037232
255,motionIntensityG,0.59756165
255,activeEnergyKcal,14.353946171128108
255,heartRateBpm,135.80588233601495
256,punchRatePpm,41.851142339490494
256,motionIntensityG,0.597577325
256,activeEnergyKcal,14.382511052820268
256,heartRateBpm,135.38474174091607
257,punchRatePpm,37.10897296622898
257,motionIntensityG,0.597593
257,activeEnergyKcal,14.411076683795411
257,heartRateBpm,132.60691259048696
258,punchRatePpm,39.77581674390592
258,motionIntensityG,0.597608675
258,activeEnergyKcal,14.439643064053538
258,heartRateBpm,131.43827213785764
259,punchRatePpm,40.69478861652217
259,motionIntensityG,0.59762435
259,activeEnergyKcal,14.468210193594647
259,heartRateBpm,130.45709966534037
260,punchRatePpm,36.097336341533804
260,motionIntensityG,0.597640025
260,activeEnergyKcal,14.496778072418739
260,heartRateBpm,130.79032468512924
261,punchRatePpm,39.39185914781766
261,motionIntensityG,0.5976557
261,activeEnergyKcal,14.525346700525812
261,heartRateBpm,128.22437190714777
262,punchRatePpm,40.98059960873519
262,motionIntensityG,0.597671375
262,activeEnergyKcal,14.55391607791587
262,heartRateBpm,128.89807211542904
263,punchRatePpm,35.03204849691437
263,motionIntensityG,0.59768705
263,activeEnergyKcal,14.58248620458891
263,heartRateBpm,127.84841939308417
264,punchRatePpm,37.94896008407392
264,motionIntensityG,0.597702725
264,activeEnergyKcal,14.611057080544933
264,heartRateBpm,128.36188411220093
265,punchRatePpm,36.704536592143256
265,motionIntensityG,0.5977184
265,activeEnergyKcal,14.639628705783938
265,heartRateBpm,128.0606411741652
266,punchRatePpm,38.744614800181026
266,motionIntensityG,0.597734075
266,activeEnergyKcal,14.668201080305927
266,heartRateBpm,127.52945338743015
267,punchRatePpm,36.51715081474756
267,motionIntensityG,0.5977497500000001
267,activeEnergyKcal,14.696774204110898
267,heartRateBpm,128.32276687481146
268,punchRatePpm,39.347417114880685
268,motionIntensityG,0.5977654250000001
268,activeEnergyKcal,14.725348077198852
268,heartRateBpm,126.24638839145888
269,punchRatePpm,40.254714105600826
269,motionIntensityG,0.5977811000000001
269,activeEnergyKcal,14.75392269956979
269,heartRateBpm,124.66836797740359
270,punchRatePpm,36.966781356576014
270,motionIntensityG,0.5977967750000001
270,activeEnergyKcal,14.78249807122371
270,heartRateBpm,123.16061079636297
271,punchRatePpm,38.12667574276153
271,motionIntensityG,0.59781245
271,activeEnergyKcal,14.811074192160612
271,heartRateBpm,121.55979601168939
272,punchRatePpm,39.20378770010786
272,motionIntensityG,0.597828125
272,activeEnergyKcal,14.839651062380497
272,heartRateBpm,121.56938382376265
273,punchRatePpm,38.28601039683473
273,motionIntensityG,0.5978438
273,activeEnergyKcal,14.868228681883366
273,heartRateBpm,120.13821627856889
274,punchRatePpm,36.78799193571096
274,motionIntensityG,0.597859475
274,activeEnergyKcal,14.896807050669217
274,heartRateBpm,120.07793842150342
275,punchRatePpm,39.19559946642247
275,motionIntensityG,0.59787515
275,activeEnergyKcal,14.92538616873805
275,heartRateBpm,119.05950671272667
276,punchRatePpm,36.266026207396656
276,motionIntensityG,0.597890825
276,activeEnergyKcal,14.953966036089867
276,heartRateBpm,119.25440859035376
277,punchRatePpm,36.137726013774696
277,motionIntensityG,0.5979065
277,activeEnergyKcal,14.982546652724666
277,heartRateBpm,116.82150068556271
278,punchRatePpm,32.81527505786387
278,motionIntensityG,0.597922175
278,activeEnergyKcal,15.011128018642449
278,heartRateBpm,117.70973390798844
279,punchRatePpm,34.18068322861458
279,motionIntensityG,0.5979378500000001
279,activeEnergyKcal,15.039710133843213
279,heartRateBpm,118.4741008845529
280,punchRatePpm,35.217628336473176
280,motionIntensityG,0.5979535250000001
280,activeEnergyKcal,15.06829299832696
280,heartRateBpm,118.87635322582211
281,punchRatePpm,40.302294398075446
281,motionIntensityG,0.5979692000000001
281,activeEnergyKcal,15.096876612093691
281,heartRateBpm,119.72067041501901
282,punchRatePpm,35.50703868283362
282,motionIntensityG,0.5979848750000001
282,activeEnergyKcal,15.125460975143405
282,heartRateBpm,119.15944699645358
283,punchRatePpm,37.215732320593
283,motionIntensityG,0.5980000000000001
283,activeEnergyKcal,15.15404606118547
283,heartRateBpm,118.53687715622861
284,punchRatePpm,36.872993278371816
284,motionIntensityG,0.5980000000000001
284,activeEnergyKcal,15.182631147227536
284,heartRateBpm,116.27793318837023
285,punchRatePpm,37.11469005713928
285,motionIntensityG,0.5980000000000001
285,activeEnergyKcal,15.211216233269601
285,heartRateBpm,116.8818118552113
286,punchRatePpm,39.74265316509599
286,motionIntensityG,0.5980000000000001
286,activeEnergyKcal,15.239801319311667
286,heartRateBpm,115.4988203996238
287,punchRatePpm,37.65200975993193
287,motionIntensityG,0.5980000000000001
287,activeEnergyKcal,15.268386405353732
287,heartRateBpm,113.20208934919646
288,punchRatePpm,35.9983880912278
288,motionIntensityG,0.5980000000000001
288,activeEnergyKcal,15.296971491395798
288,heartRateBpm,114.67168351158345
289,punchRatePpm,37.55053777266039
289,motionIntensityG,0.5980000000000001
289,activeEnergyKcal,15.325556577437863
289,heartRateBpm,115.78608016053201
290,punchRatePpm,35.58909584071215
290,motionIntensityG,0.5980000000000001
290,activeEnergyKcal,15.354141663479929
290,heartRateBpm,114.64933510455475
291,punchRatePpm,36.262924266673245
291,motionIntensityG,0.5980000000000001
291,activeEnergyKcal,15.382726749521995
291,heartRateBpm,116.45893212600274
292,punchRatePpm,38.552942415599425
292,motionIntensityG,0.5980000000000001
292,activeEnergyKcal,15.41131183556406
292,heartRateBpm,115.87102250019204
293,punchRatePpm,34.6284355992837
293,motionIntensityG,0.5980000000000001
293,activeEnergyKcal,15.439896921606126
293,heartRateBpm,114.9932030559129
294,punchRatePpm,35.75559852637273
294,motionIntensityG,0.5980000000000001
294,activeEnergyKcal,15.468482007648191
294,heartRateBpm,115.62413807191965
295,punchRatePpm,35.35056120288396
295,motionIntensityG,0.5980000000000001
295,activeEnergyKcal,15.497067093690257
295,heartRateBpm,116.04446215083532
296,punchRatePpm,34.99113413363193
296,motionIntensityG,0.5980000000000001
296,activeEnergyKcal,15.525652179732322
296,heartRateBpm,117.33350688941822
297,punchRatePpm,35.35015159247088
297,motionIntensityG,0.5980000000000001
297,activeEnergyKcal,15.554237265774388
297,heartRateBpm,117.99615170094006
298,punchRatePpm,38.42144287001357
298,motionIntensityG,0.5980000000000001
298,activeEnergyKcal,15.582822351816453
298,heartRateBpm,119.89535299237828
299,punchRatePpm,40.33616803933192
299,motionIntensityG,0.5980000000000001
299,activeEnergyKcal,15.611407437858519
299,heartRateBpm,119.61406276030324
300,punchRatePpm,51.343428093696744
300,motionIntensityG,1.3019824611111113
300,activeEnergyKcal,15.673643693169758
300,heartRateBpm,121.86607879017423
301,punchRatePpm,56.526548010297795
301,motionIntensityG,1.301964922222222
301,activeEnergyKcal,15.735879110101987
301,heartRateBpm,125.07936051552431
302,punchRatePpm,51.94833432552881
302,motionIntensityG,1.3019473833333333
302,activeEnergyKcal,15.798113688655205
302,heartRateBpm,125.74140607294486
303,punchRatePpm,52.56447203177436
303,motionIntensityG,1.3019298444444445
303,activeEnergyKcal,15.860347428829414
303,heartRateBpm,127.13909098469486
304,punchRatePpm,50.393585110896666
304,motionIntensityG,1.3019123055555557
304,activeEnergyKcal,15.922580330624612
304,heartRateBpm,129.05005937843956
305,punchRatePpm,53.06883063171304
305,motionIntensityG,1.301894766666667
305,activeEnergyKcal,15.984812394040802
305,heartRateBpm,131.6903429277127
306,punchRatePpm,53.619279474203516
306,motionIntensityG,1.3018772277777777
306,activeEnergyKcal,16.04704361907798
306,heartRateBpm,131.99569941215
307,punchRatePpm,55.420345583896804
307,motionIntensityG,1.301859688888889
307,activeEnergyKcal,16.109274005736147
307,heartRateBpm,132.29557753893246
308,punchRatePpm,53.464886809542044
308,motionIntensityG,1.30184215
308,activeEnergyKcal,16.171503554015306
308,heartRateBpm,130.73625738801988
309,punchRatePpm,56.11637274526065
309,motionIntensityG,1.3018246111111111
309,activeEnergyKcal,16.233732263915456
309,heartRateBpm,130.1738937034086
310,punchRatePpm,52.223595484596345
310,motionIntensityG,1.3018070722222221
310,activeEnergyKcal,16.295960135436594
310,heartRateBpm,131.89103485371345
311,punchRatePpm,51.566312503998326
311,motionIntensityG,1.3017895333333334
311,activeEnergyKcal,16.358187168578723
311,heartRateBpm,131.65438206425955
312,punchRatePpm,49.11983371955998
312,motionIntensityG,1.3017719944444446
312,activeEnergyKcal,16.420413363341844
312,heartRateBpm,131.45840487076373
313,punchRatePpm,52.44747671943289
313,motionIntensityG,1.3017544555555556
313,activeEnergyKcal,16.48263871972595
313,heartRateBpm,132.66063886905576
314,punchRatePpm,50.329450845044946
314,motionIntensityG,1.3017369166666666
314,activeEnergyKcal,16.54486323773105
314,heartRateBpm,135.56986418528703
315,punchRatePpm,53.75719421103681
315,motionIntensityG,1.3017193777777778
315,activeEnergyKcal,16.60708691735714
315,heartRateBpm,137.23010022306894
316,punchRatePpm,50.91253952570979
316,motionIntensityG,1.301701838888889
316,activeEnergyKcal,16.669309758604218
316,heartRateBpm,138.49571195360673
317,punchRatePpm,52.044171503623794
317,motionIntensityG,1.3016843000000002
317,activeEnergyKcal,16.731531761472286
317,heartRateBpm,140.8778327493006
318,punchRatePpm,54.9050650678676
318,motionIntensityG,1.301666761111111
318,activeEnergyKcal,16.793752925961346
318,heartRateBpm,141.47420586758216
319,punchRatePpm,54.20219770588987
319,motionIntensityG,1.3016492222222222
319,activeEnergyKcal,16.855973252071394
319,heartRateBpm,142.76852356218467
320,punchRatePpm,53.36927280741589
320,motionIntensityG,1.3016316833333335
320,activeEnergyKcal,16.918192739802432
320,heartRateBpm,144.69662204102926
321,punchRatePpm,53.53932727769746
321,motionIntensityG,1.3016141444444445
321,activeEnergyKcal,16.98041138915446
321,heartRateBpm,143.52253062809908
322,punchRatePpm,53.24064332748276
322,motionIntensityG,1.3015966055555555
322,activeEnergyKcal,17.04262920012748
322,heartRateBpm,142.32635672956843
323,punchRatePpm,50.26501691103083
323,motionIntensityG,1.3015790666666667
323,activeEnergyKcal,17.104846172721487
323,heartRateBpm,143.4367373516728
324,punchRatePpm,51.33361159553461
324,motionIntensityG,1.301561527777778
324,activeEnergyKcal,17.167062306936486
324,heartRateBpm,145.81960347469533
325,punchRatePpm,52.65528585707501
325,motionIntensityG,1.301543988888889
325,activeEnergyKcal,17.229277602772477
325,heartRateBpm,144.63722406496194
326,punchRatePpm,50.72171025633104
326,motionIntensityG,1.30152645
326,activeEnergyKcal,17.291492060229455
326,heartRateBpm,142.69873988046
327,punchRatePpm,49.92776543236948
327,motionIntensityG,1.301508911111111
327,activeEnergyKcal,17.353705679307424
327,heartRateBpm,140.61222245040713
328,punchRatePpm,53.454567243036976
328,motionIntensityG,1.3014913722222223
328,activeEnergyKcal,17.415918460006385
328,heartRateBpm,141.21368588135937
329,punchRatePpm,52.29394333906417
329,motionIntensityG,1.3014738333333333
329,activeEnergyKcal,17.478130402326332
329,heartRateBpm,142.63594822464847
330,punchRatePpm,49.26534776971608
330,motionIntensityG,1.3014562944444443
330,activeEnergyKcal,17.54034150626727
330,heartRateBpm,144.87340548516323
331,punchRatePpm,51.17809323873621
331,motionIntensityG,1.3014387555555555
331,activeEnergyKcal,17.6025517718292
331,heartRateBpm,143.5953669794279
332,punchRatePpm,50.464020431228306
332,motionIntensityG,1.3014212166666668
332,activeEnergyKcal,17.66476119901212
332,heartRateBpm,145.01424278501528
333,punchRatePpm,50.53988715950731
333,motionIntensityG,1.3014036777777778
333,activeEnergyKcal,17.726969787816028
333,heartRateBpm,144.82877764534376
334,punchRatePpm,51.62227392640425
334,motionIntensityG,1.301386138888889
334,activeEnergyKcal,17.789177538240928
334,heartRateBpm,144.06568926842684
335,punchRatePpm,46.65731621479371
335,motionIntensityG,1.3013686
335,activeEnergyKcal,17.851384450286815
335,heartRateBpm,145.75847075864493
336,punchRatePpm,50.367619978429445
336,motionIntensityG,1.3013510611111112
336,activeEnergyKcal,17.913590523953694
336,heartRateBpm,145.83782621317536
337,punchRatePpm,53.164462446574916
337,motionIntensityG,1.3013335222222222
337,activeEnergyKcal,17.975795759241564
337,heartRateBpm,145.45679771891048
338,punchRatePpm,51.088622329734186
338,motionIntensityG,1.3013159833333334
338,activeEnergyKcal,18.038000156150424
338,heartRateBpm,144.13924264955136
339,punchRatePpm,47.60817438809075
339,motionIntensityG,1.3012984444444444
339,activeEnergyKcal,18.100203714680273
339,heartRateBpm,143.91215609165434
340,punchRatePpm,52.241869607566315
340,motionIntensityG,1.3012809055555556
340,activeEnergyKcal,18.162406434831112
340,heartRateBpm,146.23461981394956
341,punchRatePpm,52.71894000626196
341,motionIntensityG,1.3012633666666666
341,activeEnergyKcal,18.224608316602943
341,heartRateBpm,149.21144639827074
342,punchRatePpm,51.89856073124862
342,motionIntensityG,1.3012458277777779
342,activeEnergyKcal,18.28680935999576
342,heartRateBpm,149.87652999126755
343,punchRatePpm,55.66527945949714
343,motionIntensityG,1.3012282888888889
343,activeEnergyKcal,18.34900956500957
343,heartRateBpm,150.57093520866658
344,punchRatePpm,50.20954858678889
344,motionIntensityG,1.30121075
344,activeEnergyKcal,18.41120893164437
344,heartRateBpm,151.04386828075383
345,punchRatePpm,51.444789231789244
345,motionIntensityG,1.3011932111111113
345,activeEnergyKcal,18.47340745990016
345,heartRateBpm,152.12783994797186
346,punchRatePpm,47.678512094167374
346,motionIntensityG,1.3011756722222223
346,activeEnergyKcal,18.535605149776938
346,heartRateBpm,149.95454889992854
347,punchRatePpm,51.26843292019765
347,motionIntensityG,1.3011581333333333
347,activeEnergyKcal,18.597802001274708
347,heartRateBpm,148.78826769001137
348,punchRatePpm,48.70850781434358
348,motionIntensityG,1.3011405944444445
348,activeEnergyKcal,18.659998014393466
348,heartRateBpm,148.87133476413064
349,punchRatePpm,48.816105016215595
349,motionIntensityG,1.3011230555555557
349,activeEnergyKcal,18.722193189133215
349,heartRateBpm,150.47736185575184
350,punchRatePpm,49.70219380263715
350,motionIntensityG,1.3011055166666667
350,activeEnergyKcal,18.784387525493955
350,heartRateBpm,151.18400939077276
351,punchRatePpm,51.17994141201145
351,motionIntensityG,1.3010879777777777
351,activeEnergyKcal,18.846581023475686
351,heartRateBpm,151.27666457369347
352,punchRatePpm,50.734756522419374
352,motionIntensityG,1.301070438888889
352,activeEnergyKcal,18.908773683078405
352,heartRateBpm,154.07041274933854
353,punchRatePpm,48.50002974879976
353,motionIntensityG,1.3010529000000002
353,activeEnergyKcal,18.970965504302114
353,heartRateBpm,153.74194098823958
354,punchRatePpm,51.915526952923315
354,motionIntensityG,1.3010353611111112
354,activeEnergyKcal,19.033156487146815
354,heartRateBpm,153.19244111474316
355,punchRatePpm,54.28431971358966
355,motionIntensityG,1.3010178222222222
355,activeEnergyKcal,19.095346631612504
355,heartRateBpm,154.6326083232236
356,punchRatePpm,47.72413003954904
356,motionIntensityG,1.3010002833333334
356,activeEnergyKcal,19.157535937699183
356,heartRateBpm,155.09849671270103
357,punchRatePpm,49.194751166629956
357,motionIntensityG,1.3009827444444446
357,activeEnergyKcal,19.219724405406854
357,heartRateBpm,157.05818019454176
358,punchRatePpm,51.631966088702974
358,motionIntensityG,1.3009652055555556
358,activeEnergyKcal,19.281912034735512
358,heartRateBpm,157.19791884068937
359,punchRatePpm,48.95656897825266
359,motionIntensityG,1.3009476666666666
359,activeEnergyKcal,19.344098825685162
359,heartRateBpm,157.59111314037239
360,punchRatePpm,50.50395741019625
360,motionIntensityG,1.3009301277777778
360,activeEnergyKcal,19.406284778255802
360,heartRateBpm,156.16922458960215
361,punchRatePpm,51.095135078026736
361,motionIntensityG,1.300912588888889
361,activeEnergyKcal,19.46846989244743
361,heartRateBpm,156.27441612727074
362,punchRatePpm,52.9677932495091
362,motionIntensityG,1.3008950499999998
362,activeEnergyKcal,19.53065416826005
362,heartRateBpm,157.22893742465604
363,punchRatePpm,48.6492245217787
363,motionIntensityG,1.300877511111111
363,activeEnergyKcal,19.59283760569366
363,heartRateBpm,155.45424156628934
364,punchRatePpm,48.34406154797536
364,motionIntensityG,1.3008599722222223
364,activeEnergyKcal,19.655020204748258
364,heartRateBpm,157.06745671476864
365,punchRatePpm,49.875704553912705
365,motionIntensityG,1.3008424333333335
365,activeEnergyKcal,19.717201965423847
365,heartRateBpm,158.3974137746817
366,punchRatePpm,52.677728570045154
366,motionIntensityG,1.3008248944444445
366,activeEnergyKcal,19.779382887720427
366,heartRateBpm,158.53112726103598
367,punchRatePpm,48.00463323729384
367,motionIntensityG,1.3008073555555555
367,activeEnergyKcal,19.841562971637998
367,heartRateBpm,158.5559496328703
368,punchRatePpm,51.245455378621436
368,motionIntensityG,1.3007898166666667
368,activeEnergyKcal,19.903742217176557
368,heartRateBpm,159.92789798914913
369,punchRatePpm,50.992769249816604
369,motionIntensityG,1.300772277777778
369,activeEnergyKcal,19.965920624336107
369,heartRateBpm,159.5421560552849
370,punchRatePpm,47.62367297103088
370,motionIntensityG,1.3007547388888887
370,activeEnergyKcal,20.028098193116648
370,heartRateBpm,157.551208795151
371,punchRatePpm,53.151334845058045
371,motionIntensityG,1.3007372000000001
371,activeEnergyKcal,20.090274923518177
371,heartRateBpm,156.48665400670023
372,punchRatePpm,49.8979117868962
372,motionIntensityG,1.3007196611111111
372,activeEnergyKcal,20.152450815540696
372,heartRateBpm,157.00915961473686
373,punchRatePpm,48.798953644838335
373,motionIntensityG,1.3007021222222224
373,activeEnergyKcal,20.214625869184207
373,heartRateBpm,155.39708698039382
374,punchRatePpm,51.49521896781634
374,motionIntensityG,1.3006845833333336
374,activeEnergyKcal,20.276800084448706
374,heartRateBpm,154.22176777636338
375,punchRatePpm,49.82022938429202
375,motionIntensityG,1.3006670444444444
375,activeEnergyKcal,20.338973461334195
375,heartRateBpm,152.959875165443
376,punchRatePpm,50.71173518890605
376,motionIntensityG,1.3006495055555556
376,activeEnergyKcal,20.401145999840676
376,heartRateBpm,154.09271715259916
377,punchRatePpm,46.70456425631887
377,motionIntensityG,1.3006319666666668
377,activeEnergyKcal,20.463317699968144
377,heartRateBpm,155.7831524663469
378,punchRatePpm,49.932511885168985
378,motionIntensityG,1.300614427777778
378,activeEnergyKcal,20.525488561716603
378,heartRateBpm,156.45147185355657
379,punchRatePpm,47.42295128585551
379,motionIntensityG,1.3005968888888888
379,activeEnergyKcal,20.587658585086054
379,heartRateBpm,156.9652056617447
380,punchRatePpm,49.327444911049156
380,motionIntensityG,1.30057935
380,activeEnergyKcal,20.64982777007649
380,heartRateBpm,157.0786118304502
381,punchRatePpm,54.41041193091508
381,motionIntensityG,1.3005618111111112
381,activeEnergyKcal,20.71199611668792
381,heartRateBpm,155.97394294918143
382,punchRatePpm,50.735193870641126
382,motionIntensityG,1.3005442722222222
382,activeEnergyKcal,20.77416362492034
382,heartRateBpm,158.30026978700047
383,punchRatePpm,43.462722185643294
383,motionIntensityG,1.3005267333333332
383,activeEnergyKcal,20.836330294773752
383,heartRateBpm,158.79580981569987
384,punchRatePpm,45.087122558343005
384,motionIntensityG,1.3005091944444445
384,activeEnergyKcal,20.89849612624815
384,heartRateBpm,159.74080629967736
385,punchRatePpm,47.53438224031447
385,motionIntensityG,1.3004916555555557
385,activeEnergyKcal,20.96066111934354
385,heartRateBpm,159.85003876684675
386,punchRatePpm,49.98350086798107
386,motionIntensityG,1.300474116666667
386,activeEnergyKcal,21.022825274059922
386,heartRateBpm,161.09955417972066
387,punchRatePpm,50.48318436096177
387,motionIntensityG,1.3004565777777777
387,activeEnergyKcal,21.08498859039729
387,heartRateBpm,162.13082336819588
388,punchRatePpm,49.56188163361357
388,motionIntensityG,1.300439038888889
388,activeEnergyKcal,21.14715106835565
388,heartRateBpm,161.4602541967052
389,punchRatePpm,47.13144274308226
389,motionIntensityG,1.3004215000000001
389,activeEnergyKcal,21.209312707935002
389,heartRateBpm,161.86201152494561
390,punchRatePpm,46.644593279156
390,motionIntensityG,1.3004039611111111
390,activeEnergyKcal,21.27147350913534
390,heartRateBpm,159.81279917653748
391,punchRatePpm,49.46289602709592
391,motionIntensityG,1.3003864222222223
391,activeEnergyKcal,21.33363347195667
391,heartRateBpm,160.34895075769114
392,punchRatePpm,51.79233013915478
392,motionIntensityG,1.3003688833333333
392,activeEnergyKcal,21.39579259639899
392,heartRateBpm,160.7649383243838
393,punchRatePpm,49.61875817915693
393,motionIntensityG,1.3003513444444446
393,activeEnergyKcal,21.4579508824623
393,heartRateBpm,162.63039871042548
394,punchRatePpm,46.22186236166417
394,motionIntensityG,1.3003338055555556
394,activeEnergyKcal,21.5201083301466
394,heartRateBpm,163.9298473790276
395,punchRatePpm,47.98772639527448
395,motionIntensityG,1.3003162666666666
395,activeEnergyKcal,21.58226493945189
395,heartRateBpm,162.96360052989937
396,punchRatePpm,43.72747846455624
396,motionIntensityG,1.3002987277777778
396,activeEnergyKcal,21.64442071037817
396,heartRateBpm,161.96732706644414
397,punchRatePpm,47.12416228351198
397,motionIntensityG,1.300281188888889
397,activeEnergyKcal,21.70657564292544
397,heartRateBpm,161.194111304231
398,punchRatePpm,48.04251534596424
398,motionIntensityG,1.3002636500000002
398,activeEnergyKcal,21.7687297370937
398,heartRateBpm,161.3079411070471
399,punchRatePpm,49.66957581688685
399,motionIntensityG,1.300246111111111
399,activeEnergyKcal,21.83088299288295
399,heartRateBpm,160.41562601883615
400,punchRatePpm,51.709742297314165
400,motionIntensityG,1.3002285722222222
400,activeEnergyKcal,21.89303541029319
400,heartRateBpm,161.19239467200322
401,punchRatePpm,49.48797900788747
401,motionIntensityG,1.3002110333333334
401,activeEnergyKcal,21.95518698932442
401,heartRateBpm,159.38288374805938
402,punchRatePpm,43.40225494715697
402,motionIntensityG,1.3001934944444444
402,activeEnergyKcal,22.017337729976642
402,heartRateBpm,159.2866883570066
403,punchRatePpm,46.61360647065239
403,motionIntensityG,1.3001759555555554
403,activeEnergyKcal,22.07948763224985
403,heartRateBpm,161.49834685298498
404,punchRatePpm,49.327045884417494
404,motionIntensityG,1.3001584166666666
404,activeEnergyKcal,22.14163669614405
404,heartRateBpm,162.5306253881515
405,punchRatePpm,49.84405638185314
405,motionIntensityG,1.3001408777777779
405,activeEnergyKcal,22.203784921659242
405,heartRateBpm,164.9551510803871
406,punchRatePpm,49.71185204733411
406,motionIntensityG,1.3001233388888889
406,activeEnergyKcal,22.26593230879542
406,heartRateBpm,165.9733434578184
407,punchRatePpm,50.106811338059366
407,motionIntensityG,1.3001058
407,activeEnergyKcal,22.32807885755259
407,heartRateBpm,168.62670840187582
408,punchRatePpm,51.035894452616574
408,motionIntensityG,1.300088261111111
408,activeEnergyKcal,22.39022456793075
408,heartRateBpm,170.02416273584666
409,punchRatePpm,46.85506403577183
409,motionIntensityG,1.3000707222222223
409,activeEnergyKcal,22.452369439929903
409,heartRateBpm,170.93749738181117
410,punchRatePpm,47.490235154696705
410,motionIntensityG,1.3000531833333333
410,activeEnergyKcal,22.514513473550043
410,heartRateBpm,169.70073803028333
411,punchRatePpm,45.48616480591265
411,motionIntensityG,1.3000356444444445
411,activeEnergyKcal,22.576656668791173
411,heartRateBpm,170.96151096269844
412,punchRatePpm,48.521858733224775
412,motionIntensityG,1.3000181055555555
412,activeEnergyKcal,22.638799025653295
412,heartRateBpm,170.25491829590388
413,punchRatePpm,45.03360155893465
413,motionIntensityG,1.3000005666666667
413,activeEnergyKcal,22.700940544136404
413,heartRateBpm,169.53434541890707
414,punchRatePpm,47.97511016195553
414,motionIntensityG,1.2999830277777777
414,activeEnergyKcal,22.763081224240505
414,heartRateBpm,167.91522918555114
415,punchRatePpm,46.36667869947563
415,motionIntensityG,1.299965488888889
415,activeEnergyKcal,22.825221065965597
415,heartRateBpm,169.0124981367177
416,punchRatePpm,45.67407611431003
416,motionIntensityG,1.29994795
416,activeEnergyKcal,22.887360069311676
416,heartRateBpm,169.147552900139
417,punchRatePpm,49.02801433598228
417,motionIntensityG,1.2999304111111112
417,activeEnergyKcal,22.949498234278746
417,heartRateBpm,167.26009045610334
418,punchRatePpm,47.058764882132884
418,motionIntensityG,1.2999128722222224
418,activeEnergyKcal,23.011635560866807
418,heartRateBpm,165.95473462754688
419,punchRatePpm,48.10408896573358
419,motionIntensityG,1.2998953333333334
419,activeEnergyKcal,23.073772049075856
419,heartRateBpm,169.4551038842439
420,punchRatePpm,9.5313214079761
420,motionIntensityG,0.2
420,activeEnergyKcal,23.135907698905896
420,heartRateBpm,168.01684138896093
421,punchRatePpm,8.670954050373709
421,motionIntensityG,0.2
421,activeEnergyKcal,23.198042510356927
421,heartRateBpm,169.60959802304316
422,punchRatePpm,8.174922154803243
422,motionIntensityG,0.2
422,activeEnergyKcal,23.260176483428946
422,heartRateBpm,166.82084162080537
423,punchRatePpm,7.346352425986989
423,motionIntensityG,0.2
423,activeEnergyKcal,23.322309618121956
423,heartRateBpm,167.71483525369138
424,punchRatePpm,7.662758430791342
424,motionIntensityG,0.2
424,activeEnergyKcal,23.384441914435957
424,heartRateBpm,168.61912209000235
425,punchRatePpm,8.740670604506644
425,motionIntensityG,0.2
425,activeEnergyKcal,23.44657337237095
425,heartRateBpm,168.91475678706797
426,punchRatePpm,7.291085863906523
426,motionIntensityG,0.2
426,activeEnergyKcal,23.50870399192693
426,heartRateBpm,168.04154097753462
427,punchRatePpm,9.426071744221648
427,motionIntensityG,0.2
427,activeEnergyKcal,23.5708337731039
427,heartRateBpm,168.22526895417315
428,punchRatePpm,8.725644572340116
428,motionIntensityG,0.2
428,activeEnergyKcal,23.63296271590186
428,heartRateBpm,169.6093671282496
429,punchRatePpm,6.827853158937719
429,motionIntensityG,0.2
429,activeEnergyKcal,23.69509082032081
429,heartRateBpm,168.78519812643697
430,punchRatePpm,7.7874928080794765
430,motionIntensityG,0.2
430,activeEnergyKcal,23.75721808636075
430,heartRateBpm,169.43903819420177
431,punchRatePpm,9.036509708497727
431,motionIntensityG,0.2
431,activeEnergyKcal,23.819344514021683
431,heartRateBpm,167.14205815887604
432,punchRatePpm,7.497211123664924
432,motionIntensityG,0.2
432,activeEnergyKcal,23.881470103303602
432,heartRateBpm,166.66001932055698
433,punchRatePpm,7.187863779931563
433,motionIntensityG,0.2
433,activeEnergyKcal,23.943594854206513
433,heartRateBpm,169.06474434895304
434,punchRatePpm,7.6975491751175475
434,motionIntensityG,0.2
434,activeEnergyKcal,24.005718766730414
434,heartRateBpm,170.1591610857655
435,punchRatePpm,8.95062519770224
435,motionIntensityG,0.2
435,activeEnergyKcal,24.067841840875303
435,heartRateBpm,170.0849720197544
436,punchRatePpm,9.282352682723555
436,motionIntensityG,0.2
436,activeEnergyKcal,24.129964076641183
436,heartRateBpm,171.01374597770925
437,punchRatePpm,9.791507796527483
437,motionIntensityG,0.2
437,activeEnergyKcal,24.192085474028055
437,heartRateBpm,172.45920555894847
438,punchRatePpm,8.253958515985413
438,motionIntensityG,0.2
438,activeEnergyKcal,24.254206033035913
438,heartRateBpm,172.79579829495336
439,punchRatePpm,8.917393394360639
439,motionIntensityG,0.2
439,activeEnergyKcal,24.316325753664763
439,heartRateBpm,173.81773786516112
440,punchRatePpm,7.782873706377243
440,motionIntensityG,0.2
440,activeEnergyKcal,24.378444635914605
440,heartRateBpm,172.96231348802505
441,punchRatePpm,7.67080787786638
441,motionIntensityG,0.2
441,activeEnergyKcal,24.440562679785437
441,heartRateBpm,173.54136155414693
442,punchRatePpm,8.978281916854474
442,motionIntensityG,0.2
442,activeEnergyKcal,24.502679885277256
442,heartRateBpm,173.36442757328265
443,punchRatePpm,8.256510828019128
443,motionIntensityG,0.2
443,activeEnergyKcal,24.564796252390067
443,heartRateBpm,175.84624938071718
444,punchRatePpm,7.24382635124993
444,motionIntensityG,0.2
444,activeEnergyKcal,24.62691178112387
444,heartRateBpm,176.43150471569942
445,punchRatePpm,9.13363303834576
445,motionIntensityG,0.2
445,activeEnergyKcal,24.68902647147866
445,heartRateBpm,175.4064963359588
446,punchRatePpm,7.321038802320812
446,motionIntensityG,0.2
446,activeEnergyKcal,24.75114032345444
446,heartRateBpm,173.27246877051812
447,punchRatePpm,8.420423085966817
447,motionIntensityG,0.2
447,activeEnergyKcal,24.81325333705121
447,heartRateBpm,172.76306442755737
448,punchRatePpm,7.007780472873715
448,motionIntensityG,0.2
448,activeEnergyKcal,24.87536551226897
448,heartRateBpm,173.6308115812223
449,punchRatePpm,10.237710083545554
449,motionIntensityG,0.2
449,activeEnergyKcal,24.93747684910772
449,heartRateBpm,174.05871420472732
450,punchRatePpm,10.082601085079137
450,motionIntensityG,0.2
450,activeEnergyKcal,24.999587347567463
450,heartRateBpm,173.68996889756218
451,punchRatePpm,9.456610474259122
451,motionIntensityG,0.2
451,activeEnergyKcal,25.061697007648192
451,heartRateBpm,173.89648813920314
452,punchRatePpm,6.6588997297582
452,motionIntensityG,0.2
452,activeEnergyKcal,25.123805829349912
452,heartRateBpm,172.83545223236243
453,punchRatePpm,9.394556789386455
453,motionIntensityG,0.2
453,activeEnergyKcal,25.185913812672624
453,heartRateBpm,173.29260544635542
454,punchRatePpm,8.13270198285406
454,motionIntensityG,0.2
454,activeEnergyKcal,25.248020957616326
454,heartRateBpm,172.63908709775382
455,punchRatePpm,9.53262130577328
455,motionIntensityG,0.2
455,activeEnergyKcal,25.310127264181016
455,heartRateBpm,170.9464358374862
456,punchRatePpm,7.9821848725137166
456,motionIntensityG,0.2
456,activeEnergyKcal,25.372232732366697
456,heartRateBpm,172.00669187003723
457,punchRatePpm,7.470650605448524
457,motionIntensityG,0.2
457,activeEnergyKcal,25.43433736217337
457,heartRateBpm,170.27761148842333
458,punchRatePpm,7.8385556217650105
458,motionIntensityG,0.2
458,activeEnergyKcal,25.49644115360103
458,heartRateBpm,170.79256537932756
459,punchRatePpm,7.602958435622253
459,motionIntensityG,0.2
459,activeEnergyKcal,25.55854410664968
459,heartRateBpm,170.98646572778097
460,punchRatePpm,7.178226514076991
460,motionIntensityG,0.2
460,activeEnergyKcal,25.620646221319323
460,heartRateBpm,170.777358471692
461,punchRatePpm,8.135521065476713
461,motionIntensityG,0.2
461,activeEnergyKcal,25.682747497609952
461,heartRateBpm,169.69092870406317
462,punchRatePpm,6.763350739285325
462,motionIntensityG,0.2
462,activeEnergyKcal,25.744847935521573
462,heartRateBpm,170.8248368432673
463,punchRatePpm,8.563762797408819
463,motionIntensityG,0.2
463,activeEnergyKcal,25.806947535054185
463,heartRateBpm,171.45907977416374
464,punchRatePpm,7.855313294185422
464,motionIntensityG,0.2
464,activeEnergyKcal,25.869046296207785
464,heartRateBpm,171.1887920845324
465,punchRatePpm,7.679407590118168
465,motionIntensityG,0.2
465,activeEnergyKcal,25.931144218982375
465,heartRateBpm,171.4062257850185
466,punchRatePpm,10.143652356089033
466,motionIntensityG,0.2
466,activeEnergyKcal,25.993241303377957
466,heartRateBpm,169.42686503843484
467,punchRatePpm,7.024792623738695
467,motionIntensityG,0.2
467,activeEnergyKcal,26.05533754939453
467,heartRateBpm,168.59963172894504
468,punchRatePpm,8.057540436360334
468,motionIntensityG,0.2
468,activeEnergyKcal,26.11743295703209
468,heartRateBpm,167.01060242389022
469,punchRatePpm,7.672555690968416
469,motionIntensityG,0.2
469,activeEnergyKcal,26.17952752629064
469,heartRateBpm,166.56225123632242
470,punchRatePpm,7.144908637095251
470,motionIntensityG,0.2
470,activeEnergyKcal,26.241621257170184
470,heartRateBpm,167.22710206380552
471,punchRatePpm,8.185930520963954
471,motionIntensityG,0.2
471,activeEnergyKcal,26.303714149670714
471,heartRateBpm,169.65104642501532
472,punchRatePpm,9.413524722865397
472,motionIntensityG,0.2
472,activeEnergyKcal,26.365806203792236
472,heartRateBpm,169.84447851190058
473,punchRatePpm,6.750021296409179
473,motionIntensityG,0.2
473,activeEnergyKcal,26.427897419534748
473,heartRateBpm,169.83292578872485
474,punchRatePpm,8.54670838125889
474,motionIntensityG,0.2
474,activeEnergyKcal,26.489987796898248
474,heartRateBpm,170.73691640967436
475,punchRatePpm,6.881494525503535
475,motionIntensityG,0.2
475,activeEnergyKcal,26.55207733588274
475,heartRateBpm,171.09099805123907
476,punchRatePpm,7.454714624497903
476,motionIntensityG,0.2
476,activeEnergyKcal,26.61416603648822
476,heartRateBpm,172.96296815595008
477,punchRatePpm,8.521614561139128
477,motionIntensityG,0.2
477,activeEnergyKcal,26.67625389871469
477,heartRateBpm,172.97553266430694
478,punchRatePpm,7.278510225581719
478,motionIntensityG,0.2
478,activeEnergyKcal,26.738340922562152
478,heartRateBpm,172.25002183037827
479,punchRatePpm,9.551567326557146
479,motionIntensityG,0.2
479,activeEnergyKcal,26.800427108030604
479,heartRateBpm,174.43672072916425
480,punchRatePpm,37.71271123739223
480,motionIntensityG,0.597322675
480,activeEnergyKcal,26.828979817160622
480,heartRateBpm,173.70403657638477
481,punchRatePpm,40.32573926030044
481,motionIntensityG,0.59733835
481,activeEnergyKcal,26.857533275573623
481,heartRateBpm,174.58454697412247
482,punchRatePpm,37.62934193585311
482,motionIntensityG,0.597354025
482,activeEnergyKcal,26.88608748326961
482,heartRateBpm,173.12591571020192
483,punchRatePpm,38.595195232809495
483,motionIntensityG,0.5973697
483,activeEnergyKcal,26.914642440248578
483,heartRateBpm,172.6452110611504
484,punchRatePpm,37.846009900558435
484,motionIntensityG,0.597385375
484,activeEnergyKcal,26.94319814651053
484,heartRateBpm,172.19001395423535
485,punchRatePpm,40.478267190858396
485,motionIntensityG,0.59740105
485,activeEnergyKcal,26.971754602055462
485,heartRateBpm,172.04714717160883
486,punchRatePpm,34.90288746494305
486,motionIntensityG,0.597416725
486,activeEnergyKcal,27.000311806883378
486,heartRateBpm,170.54482402082638
487,punchRatePpm,35.70238250845851
487,motionIntensityG,0.5974324
487,activeEnergyKcal,27.028869760994276
487,heartRateBpm,168.18713139957114
488,punchRatePpm,39.19515771357034
488,motionIntensityG,0.597448075
488,activeEnergyKcal,27.057428464388156
488,heartRateBpm,167.5465760737941
489,punchRatePpm,37.6604263339769
489,motionIntensityG,0.59746375
489,activeEnergyKcal,27.08598791706502
489,heartRateBpm,165.3923210759912
490,punchRatePpm,36.59613344823391
490,motionIntensityG,0.597479425
490,activeEnergyKcal,27.114548119024867
490,heartRateBpm,165.20543701981117
491,punchRatePpm,39.258314132968096
491,motionIntensityG,0.5974951000000001
491,activeEnergyKcal,27.1431090702677
491,heartRateBpm,165.01219576039924
492,punchRatePpm,38.74452944317684
492,motionIntensityG,0.597510775
492,activeEnergyKcal,27.17167077079351
492,heartRateBpm,162.35678323758785
493,punchRatePpm,37.619934233449705
493,motionIntensityG,0.59752645
493,activeEnergyKcal,27.200233220602307
493,heartRateBpm,163.3694979497529
494,punchRatePpm,39.87248862978501
494,motionIntensityG,0.597542125
494,activeEnergyKcal,27.228796419694085
494,heartRateBpm,162.36639848420947
495,punchRatePpm,35.99178457904367
495,motionIntensityG,0.5975578
495,activeEnergyKcal,27.257360368068845
495,heartRateBpm,160.5884166014842
496,punchRatePpm,38.774114018374014
496,motionIntensityG,0.597573475
496,activeEnergyKcal,27.285925065726587
496,heartRateBpm,159.56975740514153
497,punchRatePpm,37.20845114765345
497,motionIntensityG,0.59758915
497,activeEnergyKcal,27.314490512667312
497,heartRateBpm,156.39853244699913
498,punchRatePpm,38.71107970230131
498,motionIntensityG,0.597604825
498,activeEnergyKcal,27.343056708891023
498,heartRateBpm,151.39394053019893
499,punchRatePpm,40.07374272347482
499,motionIntensityG,0.5976205
499,activeEnergyKcal,27.371623654397716
499,heartRateBpm,150.4874007215326
500,punchRatePpm,38.82350685801158
500,motionIntensityG,0.5976361750000001
500,activeEnergyKcal,27.40019134918739
500,heartRateBpm,150.40336667456606
501,punchRatePpm,37.84510239476673
501,motionIntensityG,0.5976518500000001
501,activeEnergyKcal,27.42875979326005
501,heartRateBpm,149.52133533907505
502,punchRatePpm,33.9215517328428
502,motionIntensityG,0.5976675250000001
502,activeEnergyKcal,27.45732898661569
502,heartRateBpm,135.87561604811876
503,punchRatePpm,35.5448929879753
503,motionIntensityG,0.5976832000000001
503,activeEnergyKcal,27.48589892925431
503,heartRateBpm,119.79888908169713
504,punchRatePpm,35.052734811420045
504,motionIntensityG,0.5976988750000001
504,activeEnergyKcal,27.514469621175916
504,heartRateBpm,108.21729259771237
505,punchRatePpm,35.26911027839068
505,motionIntensityG,0.5977145500000001
505,activeEnergyKcal,27.543041062380507
505,heartRateBpm,107.45256210789839
506,punchRatePpm,36.27262978228808
506,motionIntensityG,0.5977302250000001
506,activeEnergyKcal,27.57161325286808
506,heartRateBpm,107.52796415703726
507,punchRatePpm,39.14794516506792
507,motionIntensityG,0.5977459
507,activeEnergyKcal,27.600186192638635
507,heartRateBpm,107.44512916786667
508,punchRatePpm,40.398750950005635
508,motionIntensityG,0.597761575
508,activeEnergyKcal,27.628759881692172
508,heartRateBpm,109.1269296856256
509,punchRatePpm,40.03553793308778
509,motionIntensityG,0.59777725
509,activeEnergyKcal,27.657334320028692
509,heartRateBpm,108.77142074376496
510,punchRatePpm,34.66548208793028
510,motionIntensityG,0.597792925
510,activeEnergyKcal,27.685909507648194
510,heartRateBpm,110.74439815295533
511,punchRatePpm,38.65275287635532
511,motionIntensityG,0.5978086
511,activeEnergyKcal,27.71448544455068
511,heartRateBpm,110.40562921377486
512,punchRatePpm,35.684935417000354
512,motionIntensityG,0.597824275
512,activeEnergyKcal,27.743062130736146
512,heartRateBpm,109.24919312209263
513,punchRatePpm,34.99867246454545
513,motionIntensityG,0.59783995
513,activeEnergyKcal,27.7716395662046
513,heartRateBpm,109.79868759536942
514,punchRatePpm,36.88081253689191
514,motionIntensityG,0.597855625
514,activeEnergyKcal,27.800217750956033
514,heartRateBpm,108.58418213273092
515,punchRatePpm,41.17295428996283
515,motionIntensityG,0.5978713
515,activeEnergyKcal,27.82879668499045
515,heartRateBpm,108.40128688286661
516,punchRatePpm,42.897638018983166
516,motionIntensityG,0.597886975
516,activeEnergyKcal,27.85737636830785
516,heartRateBpm,108.89656157083232
517,punchRatePpm,37.22889268184905
517,motionIntensityG,0.59790265
517,activeEnergyKcal,27.885956800908232
517,heartRateBpm,107.73701282860368
518,punchRatePpm,37.92266322929125
518,motionIntensityG,0.597918325
518,activeEnergyKcal,27.914537982791597
518,heartRateBpm,107.63352625389454
519,punchRatePpm,34.93897826868837
519,motionIntensityG,0.597934
519,activeEnergyKcal,27.943119913957943
519,heartRateBpm,107.05528423994826
520,punchRatePpm,36.96157275996189
520,motionIntensityG,0.597949675
520,activeEnergyKcal,27.971702594407276
520,heartRateBpm,105.6652618687833
521,punchRatePpm,38.70822454557477
521,motionIntensityG,0.59796535
521,activeEnergyKcal,28.00028602413959
521,heartRateBpm,103.54438007919552
522,punchRatePpm,39.83873042181758
522,motionIntensityG,0.597981025
522,activeEnergyKcal,28.028870203154888
522,heartRateBpm,103.76139231697323
523,punchRatePpm,36.1291194653115
523,motionIntensityG,0.5979967
523,activeEnergyKcal,28.057455131453167
523,heartRateBpm,103.6341195987224
524,punchRatePpm,38.312416235529085
524,motionIntensityG,0.5980000000000001
524,activeEnergyKcal,28.08604021749523
524,heartRateBpm,103.14246213754556
525,punchRatePpm,35.70864499626423
525,motionIntensityG,0.5980000000000001
525,activeEnergyKcal,28.114625303537295
525,heartRateBpm,102.91236039871391
526,punchRatePpm,36.04922957929888
526,motionIntensityG,0.5980000000000001
526,activeEnergyKcal,28.14321038957936
526,heartRateBpm,103.46642747189114
527,punchRatePpm,37.83510587126001
527,motionIntensityG,0.5980000000000001
527,activeEnergyKcal,28.171795475621423
527,heartRateBpm,102.6748050769553
528,punchRatePpm,34.71342977757808
528,motionIntensityG,0.5980000000000001
528,activeEnergyKcal,28.200380561663486
528,heartRateBpm,101.4659532221844
529,punchRatePpm,35.91835387780738
529,motionIntensityG,0.5980000000000001
529,activeEnergyKcal,28.22896564770555
529,heartRateBpm,101.01721362888634
530,punchRatePpm,32.189126088918385
530,motionIntensityG,0.5980000000000001
530,activeEnergyKcal,28.257550733747614
530,heartRateBpm,99.95943832497606
531,punchRatePpm,39.14399936999924
531,motionIntensityG,0.5980000000000001
531,activeEnergyKcal,28.286135819789678
531,heartRateBpm,101.56918247384309
532,punchRatePpm,37.14735583436953
532,motionIntensityG,0.5980000000000001
532,activeEnergyKcal,28.31472090583174
532,heartRateBpm,101.48134158804051
533,punchRatePpm,35.11947364296557
533,motionIntensityG,0.5980000000000001
533,activeEnergyKcal,28.343305991873805
533,heartRateBpm,101.1983183132332
534,punchRatePpm,34.402296976795846
534,motionIntensityG,0.5980000000000001
534,activeEnergyKcal,28.37189107791587
534,heartRateBpm,102.88354291011298
535,punchRatePpm,37.189018233433224
535,motionIntensityG,0.5980000000000001
535,activeEnergyKcal,28.400476163957933
535,heartRateBpm,102.72599037542028
536,punchRatePpm,34.096275132369804
536,motionIntensityG,0.5980000000000001
536,activeEnergyKcal,28.429061249999997
536,heartRateBpm,106.45130827199314
537,punchRatePpm,37.416399537991104
537,motionIntensityG,0.5980000000000001
537,activeEnergyKcal,28.45764633604206
537,heartRateBpm,105.7043620256615
538,punchRatePpm,35.97912398255979
538,motionIntensityG,0.5980000000000001
538,activeEnergyKcal,28.486231422084124
538,heartRateBpm,103.56686536954298
539,punchRatePpm,34.258529943478024
539,motionIntensityG,0.5980000000000001
539,activeEnergyKcal,28.514816508126188
539,heartRateBpm,103.19828136598903
540,punchRatePpm,55.45631415773927
540,motionIntensityG,1.3019824611111113
540,activeEnergyKcal,28.577052763437425
540,heartRateBpm,105.81489592240936
541,punchRatePpm,52.80994438084103
541,motionIntensityG,1.301964922222222
541,activeEnergyKcal,28.639288180369654
541,heartRateBpm,107.85018796972294
542,punchRatePpm,51.83968416666518
542,motionIntensityG,1.3019473833333333
542,activeEnergyKcal,28.701522758922874
542,heartRateBpm,110.79607256403933
543,punchRatePpm,53.13982303677287
543,motionIntensityG,1.3019298444444445
543,activeEnergyKcal,28.76375649909708
543,heartRateBpm,113.03641108917377
544,punchRatePpm,51.535866498106984
544,motionIntensityG,1.3019123055555557
544,activeEnergyKcal,28.82598940089228
544,heartRateBpm,116.7444323207145
545,punchRatePpm,54.25332623399439
545,motionIntensityG,1.301894766666667
545,activeEnergyKcal,28.88822146430847
545,heartRateBpm,118.45595942000986
546,punchRatePpm,50.22368724977143
546,motionIntensityG,1.3018772277777777
546,activeEnergyKcal,28.950452689345646
546,heartRateBpm,118.61353592252176
547,punchRatePpm,55.14626412559032
547,motionIntensityG,1.301859688888889
547,activeEnergyKcal,29.012683076003814
547,heartRateBpm,119.48379015515866
548,punchRatePpm,51.66365272535328
548,motionIntensityG,1.30184215
548,activeEnergyKcal,29.074912624282973
548,heartRateBpm,121.08398124779804
549,punchRatePpm,50.808628438301966
549,motionIntensityG,1.3018246111111111
549,activeEnergyKcal,29.137141334183124
549,heartRateBpm,122.39818486930199
550,punchRatePpm,51.392618844751084
550,motionIntensityG,1.3018070722222221
550,activeEnergyKcal,29.19936920570426
550,heartRateBpm,123.79701771705305
551,punchRatePpm,51.20143225538892
551,motionIntensityG,1.3017895333333334
551,activeEnergyKcal,29.26159623884639
551,heartRateBpm,123.91567211006543
552,punchRatePpm,49.98908364304636
552,motionIntensityG,1.3017719944444446
552,activeEnergyKcal,29.32382243360951
552,heartRateBpm,124.19811560861122
553,punchRatePpm,54.119054370440665
553,motionIntensityG,1.3017544555555556
553,activeEnergyKcal,29.38604778999362
553,heartRateBpm,126.07169410633338
554,punchRatePpm,51.345002706235555
554,motionIntensityG,1.3017369166666666
554,activeEnergyKcal,29.448272307998717
554,heartRateBpm,129.5215418043892
555,punchRatePpm,51.640800301741436
555,motionIntensityG,1.3017193777777778
555,activeEnergyKcal,29.510495987624807
555,heartRateBpm,131.16641026354415
556,punchRatePpm,52.01575245327097
556,motionIntensityG,1.301701838888889
556,activeEnergyKcal,29.572718828871885
556,heartRateBpm,131.95384279528497
557,punchRatePpm,49.51561049336572
557,motionIntensityG,1.3016843000000002
557,activeEnergyKcal,29.634940831739954
557,heartRateBpm,132.4793202818118
558,punchRatePpm,49.56574484080421
558,motionIntensityG,1.301666761111111
558,activeEnergyKcal,29.697161996229013
558,heartRateBpm,134.15070462894022
559,punchRatePpm,49.9795471463442
559,motionIntensityG,1.3016492222222222
559,activeEnergyKcal,29.75938232233906
559,heartRateBpm,135.38510772358526
560,punchRatePpm,55.089214426123156
560,motionIntensityG,1.3016316833333335
560,activeEnergyKcal,29.8216018100701
560,heartRateBpm,135.31430822152126
561,punchRatePpm,49.68455016499829
561,motionIntensityG,1.3016141444444445
561,activeEnergyKcal,29.88382045942213
561,heartRateBpm,135.06045551284433
562,punchRatePpm,50.52389495038152
562,motionIntensityG,1.3015966055555555
562,activeEnergyKcal,29.946038270395146
562,heartRateBpm,135.50682539347787
563,punchRatePpm,52.34669678779391
563,motionIntensityG,1.3015790666666667
563,activeEnergyKcal,30.008255242989154
563,heartRateBpm,137.24678867571737
564,punchRatePpm,56.07938682287213
564,motionIntensityG,1.301561527777778
564,activeEnergyKcal,30.070471377204154
564,heartRateBpm,136.9312474165963
565,punchRatePpm,48.18189760560413
565,motionIntensityG,1.301543988888889
565,activeEnergyKcal,30.132686673040144
565,heartRateBpm,138.0378221287892
566,punchRatePpm,52.003359118563274
566,motionIntensityG,1.30152645
566,activeEnergyKcal,30.194901130497122
566,heartRateBpm,139.40637259145765
567,punchRatePpm,48.36576144543513
567,motionIntensityG,1.301508911111111
567,activeEnergyKcal,30.25711474957509
567,heartRateBpm,139.5166818906029
568,punchRatePpm,53.059501393031034
568,motionIntensityG,1.3014913722222223
568,activeEnergyKcal,30.31932753027405
568,heartRateBpm,140.1735140646754
569,punchRatePpm,52.41356813600878
569,motionIntensityG,1.3014738333333333
569,activeEnergyKcal,30.381539472594
569,heartRateBpm,139.62595823864078
570,punchRatePpm,52.90647116307405
570,motionIntensityG,1.3014562944444443
570,activeEnergyKcal,30.44375057653494
570,heartRateBpm,141.77681186927677
571,punchRatePpm,50.42823730917576
571,motionIntensityG,1.3014387555555555
571,activeEnergyKcal,30.50596084209687
571,heartRateBpm,143.83065884642917
572,punchRatePpm,49.38969443049688
572,motionIntensityG,1.3014212166666668
572,activeEnergyKcal,30.568170269279786
572,heartRateBpm,144.38431307321855
573,punchRatePpm,49.828221262166025
573,motionIntensityG,1.3014036777777778
573,activeEnergyKcal,30.630378858083695
573,heartRateBpm,143.13996434617084
574,punchRatePpm,53.28725650834652
574,motionIntensityG,1.301386138888889
574,activeEnergyKcal,30.692586608508595
574,heartRateBpm,144.29471274542834
575,punchRatePpm,51.68258106331261
575,motionIntensityG,1.3013686
575,activeEnergyKcal,30.754793520554482
575,heartRateBpm,144.81662365472394
576,punchRatePpm,48.76800581134244
576,motionIntensityG,1.3013510611111112
576,activeEnergyKcal,30.81699959422136
576,heartRateBpm,143.65318924906109
577,punchRatePpm,51.95704247871739
577,motionIntensityG,1.3013335222222222
577,activeEnergyKcal,30.87920482950923
577,heartRateBpm,142.84991280883727
578,punchRatePpm,48.656096517037824
578,motionIntensityG,1.3013159833333334
578,activeEnergyKcal,30.94140922641809
578,heartRateBpm,143.84320450840488
579,punchRatePpm,52.397182514205845
579,motionIntensityG,1.3012984444444444
579,activeEnergyKcal,31.00361278494794
579,heartRateBpm,143.62377577949678
580,punchRatePpm,48.39505082985801
580,motionIntensityG,1.3012809055555556
580,activeEnergyKcal,31.06581550509878
580,heartRateBpm,145.4562900521434
581,punchRatePpm,49.384492573949096
581,motionIntensityG,1.3012633666666666
581,activeEnergyKcal,31.12801738687061
581,heartRateBpm,147.01470395459535
582,punchRatePpm,49.08091640441291
582,motionIntensityG,1.3012458277777779
582,activeEnergyKcal,31.190218430263428
582,heartRateBpm,146.20869185687764
583,punchRatePpm,49.38489831566065
583,motionIntensityG,1.3012282888888889
583,activeEnergyKcal,31.252418635277238
583,heartRateBpm,146.4844364074458
584,punchRatePpm,50.73963131934612
584,motionIntensityG,1.30121075
584,activeEnergyKcal,31.314618001912038
584,heartRateBpm,147.6504685314015
585,punchRatePpm,50.38566428065123
585,motionIntensityG,1.3011932111111113
585,activeEnergyKcal,31.376816530167826
585,heartRateBpm,148.5613470709343
586,punchRatePpm,49.513444235882865
586,motionIntensityG,1.3011756722222223
586,activeEnergyKcal,31.439014220044605
586,heartRateBpm,147.66316899860973
587,punchRatePpm,49.64225521252907
587,motionIntensityG,1.3011581333333333
587,activeEnergyKcal,31.501211071542375
587,heartRateBpm,148.99108003993572
588,punchRatePpm,48.93615281534904
588,motionIntensityG,1.3011405944444445
588,activeEnergyKcal,31.563407084661133
588,heartRateBpm,150.55021911630237
589,punchRatePpm,52.811007431364004
589,motionIntensityG,1.3011230555555557
589,activeEnergyKcal,31.625602259400882
589,heartRateBpm,152.81112424622336
590,punchRatePpm,52.94449721105598
590,motionIntensityG,1.3011055166666667
590,activeEnergyKcal,31.687796595761622
590,heartRateBpm,155.8131623296571
591,punchRatePpm,47.697210753374584
591,motionIntensityG,1.3010879777777777
591,activeEnergyKcal,31.74999009374335
591,heartRateBpm,156.935870311353
592,punchRatePpm,48.9794595911875
592,motionIntensityG,1.301070438888889
592,activeEnergyKcal,31.812182753346068
592,heartRateBpm,157.34392114719188
593,punchRatePpm,48.71705622371829
593,motionIntensityG,1.3010529000000002
593,activeEnergyKcal,31.874374574569778
593,heartRateBpm,157.07267862368397
594,punchRatePpm,49.698209595279984
594,motionIntensityG,1.3010353611111112
594,activeEnergyKcal,31.93656555741448
594,heartRateBpm,157.99731510229768
595,punchRatePpm,50.589974218960194
595,motionIntensityG,1.3010178222222222
595,activeEnergyKcal,31.998755701880167
595,heartRateBpm,157.4009687214825
596,punchRatePpm,50.751810788359265
596,motionIntensityG,1.3010002833333334
596,activeEnergyKcal,32.06094500796684
596,heartRateBpm,155.9754967237636
597,punchRatePpm,53.349717654025255
597,motionIntensityG,1.3009827444444446
597,activeEnergyKcal,32.123133475674514
597,heartRateBpm,157.4718541366724
598,punchRatePpm,48.378515908191154
598,motionIntensityG,1.3009652055555556
598,activeEnergyKcal,32.185321105003176
598,heartRateBpm,157.4782482407578
599,punchRatePpm,49.93940125058553
599,motionIntensityG,1.3009476666666666
599,activeEnergyKcal,32.24750789595283
599,heartRateBpm,157.80087415707757
600,punchRatePpm,49.34583544087335
600,motionIntensityG,1.3009301277777778
600,activeEnergyKcal,32.309693848523466
600,heartRateBpm,155.78756794989317
601,punchRatePpm,53.895381806136804
601,motionIntensityG,1.300912588888889
601,activeEnergyKcal,32.371878962715094
601,heartRateBpm,153.94946879282998
602,punchRatePpm,52.09479152964698
602,motionIntensityG,1.3008950499999998
602,activeEnergyKcal,32.43406323852771
602,heartRateBpm,154.42550955749317
603,punchRatePpm,50.32566149379192
603,motionIntensityG,1.300877511111111
603,activeEnergyKcal,32.49624667596132
603,heartRateBpm,154.90747218931722
604,punchRatePpm,49.61025568017897
604,motionIntensityG,1.3008599722222223
604,activeEnergyKcal,32.558429275015925
604,heartRateBpm,153.57955027522257
605,punchRatePpm,47.799869787823205
605,motionIntensityG,1.3008424333333335
605,activeEnergyKcal,32.62061103569152
605,heartRateBpm,154.36843673785083
606,punchRatePpm,52.117128290423196
606,motionIntensityG,1.3008248944444445
606,activeEnergyKcal,32.682791957988094
606,heartRateBpm,154.2166413757749
607,punchRatePpm,48.69385640947828
607,motionIntensityG,1.3008073555555555
607,activeEnergyKcal,32.74497204190566
607,heartRateBpm,153.25435498175747
608,punchRatePpm,53.10652070939387
608,motionIntensityG,1.3007898166666667
608,activeEnergyKcal,32.80715128744422
608,heartRateBpm,153.10020862500932
609,punchRatePpm,50.241665649258714
609,motionIntensityG,1.300772277777778
609,activeEnergyKcal,32.86932969460377
609,heartRateBpm,154.42812281030103
610,punchRatePpm,51.60047277024567
610,motionIntensityG,1.3007547388888887
610,activeEnergyKcal,32.93150726338431
610,heartRateBpm,156.13956024734614
611,punchRatePpm,49.171046105551206
611,motionIntensityG,1.3007372000000001
611,activeEnergyKcal,32.993683993785844
611,heartRateBpm,154.76232355740515
612,punchRatePpm,51.93803216080888
612,motionIntensityG,1.3007196611111111
612,activeEnergyKcal,33.05585988580836
612,heartRateBpm,156.81899985856333
613,punchRatePpm,50.34784445546022
613,motionIntensityG,1.3007021222222224
613,activeEnergyKcal,33.11803493945187
613,heartRateBpm,157.07011787052647
614,punchRatePpm,48.041481724210875
614,motionIntensityG,1.3006845833333336
614,activeEnergyKcal,33.180209154716366
614,heartRateBpm,158.51095718522566
615,punchRatePpm,48.899889971836295
615,motionIntensityG,1.3006670444444444
615,activeEnergyKcal,33.242382531601855
615,heartRateBpm,160.41216650834093
616,punchRatePpm,45.961280935930816
616,motionIntensityG,1.3006495055555556
616,activeEnergyKcal,33.304555070108336
616,heartRateBpm,158.80281102306753
617,punchRatePpm,51.019337827577125
617,motionIntensityG,1.3006319666666668
617,activeEnergyKcal,33.36672677023581
617,heartRateBpm,157.07572072883804
618,punchRatePpm,47.60865113004938
618,motionIntensityG,1.300614427777778
618,activeEnergyKcal,33.42889763198427
618,heartRateBpm,157.39725377167758
619,punchRatePpm,49.97256207109535
619,motionIntensityG,1.3005968888888888
619,activeEnergyKcal,33.49106765535372
619,heartRateBpm,155.25504995803297
620,punchRatePpm,48.90544769827502
620,motionIntensityG,1.30057935
620,activeEnergyKcal,33.553236840344155
620,heartRateBpm,156.28177176808333
621,punchRatePpm,46.79376976812323
621,motionIntensityG,1.3005618111111112
621,activeEnergyKcal,33.615405186955584
621,heartRateBpm,156.65232384051603
622,punchRatePpm,50.97262353442614
622,motionIntensityG,1.3005442722222222
622,activeEnergyKcal,33.677572695188005
622,heartRateBpm,159.05991525537922
623,punchRatePpm,50.33069999124694
623,motionIntensityG,1.3005267333333332
623,activeEnergyKcal,33.739739365041416
623,heartRateBpm,157.81445610180427
624,punchRatePpm,44.65226526991678
624,motionIntensityG,1.3005091944444445
624,activeEnergyKcal,33.80190519651582
624,heartRateBpm,159.9369618637647
625,punchRatePpm,47.41550851420922
625,motionIntensityG,1.3004916555555557
625,activeEnergyKcal,33.864070189611205
625,heartRateBpm,161.52957402107086
626,punchRatePpm,49.31349390774662
626,motionIntensityG,1.300474116666667
626,activeEnergyKcal,33.92623434432758
626,heartRateBpm,161.60691220653416
627,punchRatePpm,48.044582700262566
627,motionIntensityG,1.3004565777777777
627,activeEnergyKcal,33.98839766066495
627,heartRateBpm,160.72528127405758
628,punchRatePpm,46.63226075313361
628,motionIntensityG,1.300439038888889
628,activeEnergyKcal,34.05056013862331
628,heartRateBpm,159.5592696049064
629,punchRatePpm,50.12676395146734
629,motionIntensityG,1.3004215000000001
629,activeEnergyKcal,34.11272177820266
629,heartRateBpm,160.4178683446756
630,punchRatePpm,46.52996165206355
630,motionIntensityG,1.3004039611111111
630,activeEnergyKcal,34.174882579403004
630,heartRateBpm,162.32978147236872
631,punchRatePpm,49.235456833354206
631,motionIntensityG,1.3003864222222223
631,activeEnergyKcal,34.23704254222434
631,heartRateBpm,161.20485607851802
632,punchRatePpm,47.913341933585286
632,motionIntensityG,1.3003688833333333
632,activeEnergyKcal,34.299201666666654
632,heartRateBpm,161.51568544295395
633,punchRatePpm,50.755435724447196
633,motionIntensityG,1.3003513444444446
633,activeEnergyKcal,34.36135995272996
633,heartRateBpm,160.19877202431576
634,punchRatePpm,46.71231600157639
634,motionIntensityG,1.3003338055555556
634,activeEnergyKcal,34.42351740041426
634,heartRateBpm,159.227115228001
635,punchRatePpm,46.575909533019605
635,motionIntensityG,1.3003162666666666
635,activeEnergyKcal,34.48567400971955
635,heartRateBpm,160.95636921011845
636,punchRatePpm,52.675990576256936
636,motionIntensityG,1.3002987277777778
636,activeEnergyKcal,34.547829780645834
636,heartRateBpm,162.03894387172517
637,punchRatePpm,48.592886143076164
637,motionIntensityG,1.300281188888889
637,activeEnergyKcal,34.60998471319311
637,heartRateBpm,163.59548572482674
638,punchRatePpm,47.66703218963389
638,motionIntensityG,1.3002636500000002
638,activeEnergyKcal,34.672138807361364
638,heartRateBpm,163.32829080435116
639,punchRatePpm,49.66599089616814
639,motionIntensityG,1.300246111111111
639,activeEnergyKcal,34.73429206315061
639,heartRateBpm,163.51160685122844
640,punchRatePpm,47.96203007059563
640,motionIntensityG,1.3002285722222222
640,activeEnergyKcal,34.79644448056085
640,heartRateBpm,163.30202059618182
641,punchRatePpm,48.97857168519142
641,motionIntensityG,1.3002110333333334
641,activeEnergyKcal,34.85859605959208
641,heartRateBpm,163.747663091478
642,punchRatePpm,47.01418477708051
642,motionIntensityG,1.3001934944444444
642,activeEnergyKcal,34.9207468002443
642,heartRateBpm,164.34527547427396
643,punchRatePpm,45.126162752588904
643,motionIntensityG,1.3001759555555554
643,activeEnergyKcal,34.982896702517515
643,heartRateBpm,164.68701128756604
644,punchRatePpm,44.9485228738924
644,motionIntensityG,1.3001584166666666
644,activeEnergyKcal,35.04504576641172
644,heartRateBpm,166.65443345096872
645,punchRatePpm,47.129653195366494
645,motionIntensityG,1.3001408777777779
645,activeEnergyKcal,35.107193991926906
645,heartRateBpm,167.45176046599684
646,punchRatePpm,44.52086899763268
646,motionIntensityG,1.3001233388888889
646,activeEnergyKcal,35.169341379063084
646,heartRateBpm,166.03251823417213
647,punchRatePpm,43.85903541147645
647,motionIntensityG,1.3001058
647,activeEnergyKcal,35.231487927820254
647,heartRateBpm,167.52958072124173
648,punchRatePpm,47.944788419480375
648,motionIntensityG,1.300088261111111
648,activeEnergyKcal,35.293633638198415
648,heartRateBpm,167.0339490664709
649,punchRatePpm,49.0136766939516
649,motionIntensityG,1.3000707222222223
649,activeEnergyKcal,35.35577851019757
649,heartRateBpm,166.16229511205964
650,punchRatePpm,47.096173836931015
650,motionIntensityG,1.3000531833333333
650,activeEnergyKcal,35.41792254381771
650,heartRateBpm,168.16891699062697
651,punchRatePpm,45.259716298310636
651,motionIntensityG,1.3000356444444445
651,activeEnergyKcal,35.48006573905884
651,heartRateBpm,166.80841217891617
652,punchRatePpm,47.9444445244567
652,motionIntensityG,1.3000181055555555
652,activeEnergyKcal,35.542208095920955
652,heartRateBpm,166.95085258357926
653,punchRatePpm,45.5159065680252
653,motionIntensityG,1.3000005666666667
653,activeEnergyKcal,35.604349614404065
653,heartRateBpm,168.94847477160096
654,punchRatePpm,48.3016936884837
654,motionIntensityG,1.2999830277777777
654,activeEnergyKcal,35.666490294508165
654,heartRateBpm,168.1862714948076
655,punchRatePpm,42.517076905247905
655,motionIntensityG,1.299965488888889
655,activeEnergyKcal,35.72863013623326
655,heartRateBpm,167.0714831634991
656,punchRatePpm,45.96274328912726
656,motionIntensityG,1.29994795
656,activeEnergyKcal,35.79076913957934
656,heartRateBpm,167.15959698821325
657,punchRatePpm,47.88970505376876
657,motionIntensityG,1.2999304111111112
657,activeEnergyKcal,35.85290730454641
657,heartRateBpm,167.90708889288493
658,punchRatePpm,46.69285437761159
658,motionIntensityG,1.2999128722222224
658,activeEnergyKcal,35.91504463113447
658,heartRateBpm,167.6715044680934
659,punchRatePpm,48.05329587226437
659,motionIntensityG,1.2998953333333334
659,activeEnergyKcal,35.97718111934352
659,heartRateBpm,167.6917526696879
660,punchRatePpm,7.673652277298506
660,motionIntensityG,0.2
660,activeEnergyKcal,36.03931676917356
660,heartRateBpm,168.51146119988815
661,punchRatePpm,9.39662400437933
661,motionIntensityG,0.2
661,activeEnergyKcal,36.10145158062459
661,heartRateBpm,169.91372648019373
662,punchRatePpm,9.4520627526609
662,motionIntensityG,0.2
662,activeEnergyKcal,36.16358555369661
662,heartRateBpm,168.54339151997274
663,punchRatePpm,9.122363926547608
663,motionIntensityG,0.2
663,activeEnergyKcal,36.22571868838963
663,heartRateBpm,168.461914518692
664,punchRatePpm,8.468706939955938
664,motionIntensityG,0.2
664,activeEnergyKcal,36.287850984703624
664,heartRateBpm,166.66306269352336
665,punchRatePpm,6.687180054883615
665,motionIntensityG,0.2
665,activeEnergyKcal,36.34998244263861
665,heartRateBpm,167.49733916274334
666,punchRatePpm,8.488008312977396
666,motionIntensityG,0.2
666,activeEnergyKcal,36.41211306219459
666,heartRateBpm,155.9380429311845
667,punchRatePpm,10.194420078629815
667,motionIntensityG,0.2
667,activeEnergyKcal,36.47424284337156
667,heartRateBpm,144.73904390516694
668,punchRatePpm,8.94273593119091
668,motionIntensityG,0.2
668,activeEnergyKcal,36.536371786169525
668,heartRateBpm,135.53674301928524
669,punchRatePpm,7.493445693148574
669,motionIntensityG,0.2
669,activeEnergyKcal,36.59849989058848
669,heartRateBpm,137.46389252934557
670,punchRatePpm,7.1261467399638985
670,motionIntensityG,0.2
670,activeEnergyKcal,36.660627156628415
670,heartRateBpm,137.97654628210378
671,punchRatePpm,9.121805466396696
671,motionIntensityG,0.2
671,activeEnergyKcal,36.72275358428934
671,heartRateBpm,137.5505168290872
672,punchRatePpm,10.354316469271414
672,motionIntensityG,0.2
672,activeEnergyKcal,36.78487917357126
672,heartRateBpm,138.5972725767781
673,punchRatePpm,8.720725123859664
673,motionIntensityG,0.2
673,activeEnergyKcal,36.84700392447417
673,heartRateBpm,139.3284257106081
674,punchRatePpm,7.0013886633861775
674,motionIntensityG,0.2
674,activeEnergyKcal,36.909127836998074
674,heartRateBpm,142.33999678076523
675,punchRatePpm,7.647456594222638
675,motionIntensityG,0.2
675,activeEnergyKcal,36.97125091114297
675,heartRateBpm,143.21107121804587
676,punchRatePpm,7.927917862716031
676,motionIntensityG,0.2
676,activeEnergyKcal,37.03337314690885
676,heartRateBpm,141.66124355472923
677,punchRatePpm,9.432733385594053
677,motionIntensityG,0.2
677,activeEnergyKcal,37.09549454429572
677,heartRateBpm,143.4220071114136
678,punchRatePpm,9.379111596139957
678,motionIntensityG,0.2
678,activeEnergyKcal,37.15761510330358
678,heartRateBpm,144.00055778380818
679,punchRatePpm,6.78856656880755
679,motionIntensityG,0.2
679,activeEnergyKcal,37.21973482393243
679,heartRateBpm,145.53851831021757
680,punchRatePpm,8.94290453903118
680,motionIntensityG,0.2
680,activeEnergyKcal,37.28185370618227
680,heartRateBpm,146.45261190667935
681,punchRatePpm,8.678366270838412
681,motionIntensityG,0.2
681,activeEnergyKcal,37.3439717500531
681,heartRateBpm,146.33595422951032
682,punchRatePpm,6.681267221177229
682,motionIntensityG,0.2
682,activeEnergyKcal,37.406088955544924
682,heartRateBpm,146.35621843441118
683,punchRatePpm,7.058916471982715
683,motionIntensityG,0.2
683,activeEnergyKcal,37.46820532265773
683,heartRateBpm,147.4082756576242
684,punchRatePpm,7.688047832385184
684,motionIntensityG,0.2
684,activeEnergyKcal,37.53032085139153
684,heartRateBpm,147.69918789769554
685,punchRatePpm,7.191727009873874
685,motionIntensityG,0.2
685,activeEnergyKcal,37.59243554174632
685,heartRateBpm,149.69510470746178
686,punchRatePpm,7.69522097028627
686,motionIntensityG,0.2
686,activeEnergyKcal,37.6545493937221
686,heartRateBpm,148.273335109644
687,punchRatePpm,6.468355425262753
687,motionIntensityG,0.2
687,activeEnergyKcal,37.71666240731887
687,heartRateBpm,148.0115324523365
688,punchRatePpm,7.38198281398144
688,motionIntensityG,0.2
688,activeEnergyKcal,37.778774582536634
688,heartRateBpm,146.4261769383435
689,punchRatePpm,7.458558208742965
689,motionIntensityG,0.2
689,activeEnergyKcal,37.84088591937539
689,heartRateBpm,149.04452803538982
690,punchRatePpm,7.3247036745754075
690,motionIntensityG,0.2
690,activeEnergyKcal,37.902996417835126
690,heartRateBpm,147.25925936951757
691,punchRatePpm,7.319192674701268
691,motionIntensityG,0.2
691,activeEnergyKcal,37.965106077915856
691,heartRateBpm,147.76291270434066
692,punchRatePpm,9.320080540661527
692,motionIntensityG,0.2
692,activeEnergyKcal,38.027214899617576
692,heartRateBpm,148.93389378034797
693,punchRatePpm,6.396317359302178
693,motionIntensityG,0.2
693,activeEnergyKcal,38.08932288294029
693,heartRateBpm,150.15385059069615
694,punchRatePpm,6.687058233630279
694,motionIntensityG,0.2
694,activeEnergyKcal,38.15143002788399
694,heartRateBpm,150.3147902022015
695,punchRatePpm,7.788308464967575
695,motionIntensityG,0.2
695,activeEnergyKcal,38.21353633444868
695,heartRateBpm,152.55393788971006
696,punchRatePpm,6.679807208378696
696,motionIntensityG,0.2
696,activeEnergyKcal,38.27564180263436
696,heartRateBpm,155.49395717976992
697,punchRatePpm,7.548610250534757
697,motionIntensityG,0.2
697,activeEnergyKcal,38.33774643244103
697,heartRateBpm,157.30919418946004
698,punchRatePpm,8.340512453840565
698,motionIntensityG,0.2
698,activeEnergyKcal,38.39985022386869
698,heartRateBpm,158.5606163964776
699,punchRatePpm,7.412147919044887
699,motionIntensityG,0.2
699,activeEnergyKcal,38.46195317691734
699,heartRateBpm,157.01548804854403
700,punchRatePpm,7.190596006218082
700,motionIntensityG,0.2
700,activeEnergyKcal,38.52405529158698
700,heartRateBpm,156.82861952874526
701,punchRatePpm,8.669679107308879
701,motionIntensityG,0.2
701,activeEnergyKcal,38.586156567877616
701,heartRateBpm,157.53298680197204
702,punchRatePpm,7.24897978925641
702,motionIntensityG,0.2
702,activeEnergyKcal,38.64825700578924
702,heartRateBpm,157.68814158426
703,punchRatePpm,7.9546804621499065
703,motionIntensityG,0.2
703,activeEnergyKcal,38.71035660532185
703,heartRateBpm,158.53135324032422
704,punchRatePpm,8.090658131956934
704,motionIntensityG,0.2
704,activeEnergyKcal,38.77245536647545
704,heartRateBpm,157.68124399232428
705,punchRatePpm,8.980566486044758
705,motionIntensityG,0.2
705,activeEnergyKcal,38.83455328925004
705,heartRateBpm,157.50361975414518
706,punchRatePpm,7.759818025464296
706,motionIntensityG,0.2
706,activeEnergyKcal,38.89665037364562
706,heartRateBpm,158.6652349928097
707,punchRatePpm,9.361813551985549
707,motionIntensityG,0.2
707,activeEnergyKcal,38.95874661966219
707,heartRateBpm,158.9331863191996
708,punchRatePpm,6.894889672228212
708,motionIntensityG,0.2
708,activeEnergyKcal,39.02084202729976
708,heartRateBpm,158.0409927419129
709,punchRatePpm,7.906763159415306
709,motionIntensityG,0.2
709,activeEnergyKcal,39.082936596558305
709,heartRateBpm,158.19249141967023
710,punchRatePpm,7.2399860121135955
710,motionIntensityG,0.2
710,activeEnergyKcal,39.145030327437844
710,heartRateBpm,159.36291610014698
711,punchRatePpm,8.591830492910832
711,motionIntensityG,0.2
711,activeEnergyKcal,39.207123219938374
711,heartRateBpm,158.3893860757614
712,punchRatePpm,8.261262790367361
712,motionIntensityG,0.2
712,activeEnergyKcal,39.269215274059896
712,heartRateBpm,157.00899795909137
713,punchRatePpm,9.198162210725194
713,motionIntensityG,0.2
713,activeEnergyKcal,39.33130648980241
713,heartRateBpm,157.9833570799504
714,punchRatePpm,8.226098270811208
714,motionIntensityG,0.2
714,activeEnergyKcal,39.39339686716591
714,heartRateBpm,157.06675847004544
715,punchRatePpm,8.940456875376961
715,motionIntensityG,0.2
715,activeEnergyKcal,39.455486406150406
715,heartRateBpm,158.83144054717505
716,punchRatePpm,6.259504622777565
716,motionIntensityG,0.2
716,activeEnergyKcal,39.517575106755885
716,heartRateBpm,159.33731580669505
717,punchRatePpm,7.174853367910903
717,motionIntensityG,0.2
717,activeEnergyKcal,39.579662968982355
717,heartRateBpm,158.0595499042929
718,punchRatePpm,8.780238383826278
718,motionIntensityG,0.2
718,activeEnergyKcal,39.641749992829816
718,heartRateBpm,158.772832369178
719,punchRatePpm,8.7890133041516
719,motionIntensityG,0.2
719,activeEnergyKcal,39.70383617829827
719,heartRateBpm,159.88488200392786
720,punchRatePpm,33.88775294369818
720,motionIntensityG,0.597322675
720,activeEnergyKcal,39.732388887428286
720,heartRateBpm,158.5999330105835
721,punchRatePpm,36.083744780386404
721,motionIntensityG,0.59733835
721,activeEnergyKcal,39.760942345841286
721,heartRateBpm,157.24941874712812
722,punchRatePpm,35.31528680887688
722,motionIntensityG,0.597354025
722,activeEnergyKcal,39.78949655353727
722,heartRateBpm,157.40303197636922
723,punchRatePpm,37.611286099223165
723,motionIntensityG,0.5973697
723,activeEnergyKcal,39.818051510516234
723,heartRateBpm,155.312873759336
724,punchRatePpm,38.60700335325105
724,motionIntensityG,0.597385375
724,activeEnergyKcal,39.84660721677818
724,heartRateBpm,152.78155751517235
725,punchRatePpm,39.5396713640247
725,motionIntensityG,0.59740105
725,activeEnergyKcal,39.87516367232311
725,heartRateBpm,151.75441067182084
726,punchRatePpm,33.55808045949726
726,motionIntensityG,0.597416725
726,activeEnergyKcal,39.90372087715103
726,heartRateBpm,151.0601745452057
727,punchRatePpm,35.89227156508612
727,motionIntensityG,0.5974324
727,activeEnergyKcal,39.93227883126193
727,heartRateBpm,148.70829536861854
728,punchRatePpm,39.91009870814437
728,motionIntensityG,0.597448075
728,activeEnergyKcal,39.960837534655816
728,heartRateBpm,149.32725833304903
729,punchRatePpm,41.196726081036424
729,motionIntensityG,0.59746375
729,activeEnergyKcal,39.98939698733268
729,heartRateBpm,148.47067573327013
730,punchRatePpm,35.135811562303395
730,motionIntensityG,0.597479425
730,activeEnergyKcal,40.01795718929253
730,heartRateBpm,147.34670878640125
731,punchRatePpm,41.06681521772827
731,motionIntensityG,0.5974951000000001
731,activeEnergyKcal,40.04651814053536
731,heartRateBpm,144.05976015699818
732,punchRatePpm,39.15594390760197
732,motionIntensityG,0.597510775
732,activeEnergyKcal,40.075079841061175
732,heartRateBpm,143.11333581581152
733,punchRatePpm,40.32650971184059
733,motionIntensityG,0.59752645
733,activeEnergyKcal,40.10364229086997
733,heartRateBpm,143.41522480075733
734,punchRatePpm,35.47660102554738
734,motionIntensityG,0.597542125
734,activeEnergyKcal,40.13220548996175
734,heartRateBpm,141.77157867706106
735,punchRatePpm,40.50463364815799
735,motionIntensityG,0.5975578
735,activeEnergyKcal,40.16076943833651
735,heartRateBpm,142.7976322204796
736,punchRatePpm,35.23859623231215
736,motionIntensityG,0.597573475
736,activeEnergyKcal,40.18933413599425
736,heartRateBpm,140.0721077280945
737,punchRatePpm,37.69809068696774
737,motionIntensityG,0.59758915
737,activeEnergyKcal,40.217899582934976
737,heartRateBpm,138.42307760388474
738,punchRatePpm,37.23398136234689
738,motionIntensityG,0.597604825
738,activeEnergyKcal,40.24646577915868
738,heartRateBpm,136.03284943620346
739,punchRatePpm,39.43175808758363
739,motionIntensityG,0.5976205
739,activeEnergyKcal,40.27503272466537
739,heartRateBpm,134.50974948170196
740,punchRatePpm,35.46662104357732
740,motionIntensityG,0.5976361750000001
740,activeEnergyKcal,40.303600419455044
740,heartRateBpm,133.94780075200535
741,punchRatePpm,37.81718077641903
741,motionIntensityG,0.5976518500000001
741,activeEnergyKcal,40.332168863527706
741,heartRateBpm,134.51561389845165
742,punchRatePpm,39.11607325960357
742,motionIntensityG,0.5976675250000001
742,activeEnergyKcal,40.36073805688335
742,heartRateBpm,132.99527422221232
743,punchRatePpm,36.84822671791495
743,motionIntensityG,0.5976832000000001
743,activeEnergyKcal,40.389307999521975
743,heartRateBpm,132.3558174354875
744,punchRatePpm,38.23512739913066
744,motionIntensityG,0.5976988750000001
744,activeEnergyKcal,40.41787869144358
744,heartRateBpm,132.7049190971387
745,punchRatePpm,39.09975792945087
745,motionIntensityG,0.5977145500000001
745,activeEnergyKcal,40.446450132648174
745,heartRateBpm,130.41539717335385
746,punchRatePpm,35.07061020062935
746,motionIntensityG,0.5977302250000001
746,activeEnergyKcal,40.47502232313575
746,heartRateBpm,128.88061558621143
747,punchRatePpm,35.424157627215486
747,motionIntensityG,0.5977459
747,activeEnergyKcal,40.5035952629063
747,heartRateBpm,128.42875154710336
748,punchRatePpm,37.87163591553484
748,motionIntensityG,0.597761575
748,activeEnergyKcal,40.53216895195984
748,heartRateBpm,126.84386937640326
749,punchRatePpm,36.20405908747572
749,motionIntensityG,0.59777725
749,activeEnergyKcal,40.56074339029636
749,heartRateBpm,125.55052839557862
750,punchRatePpm,36.18977210808941
750,motionIntensityG,0.597792925
750,activeEnergyKcal,40.58931857791586
750,heartRateBpm,125.55532265800672
751,punchRatePpm,41.190929214926726
751,motionIntensityG,0.5978086
751,activeEnergyKcal,40.617894514818346
751,heartRateBpm,123.1910042313641
752,punchRatePpm,38.57097405710208
752,motionIntensityG,0.597824275
752,activeEnergyKcal,40.64647120100381
752,heartRateBpm,123.15170365688577
753,punchRatePpm,34.45316530543566
753,motionIntensityG,0.59783995
753,activeEnergyKcal,40.67504863647226
753,heartRateBpm,122.50958658523213
754,punchRatePpm,33.748745284532724
754,motionIntensityG,0.597855625
754,activeEnergyKcal,40.70362682122369
754,heartRateBpm,120.65971799619582
755,punchRatePpm,35.348777845542315
755,motionIntensityG,0.5978713
755,activeEnergyKcal,40.73220575525811
755,heartRateBpm,121.59833663063067
756,punchRatePpm,38.21235209986813
756,motionIntensityG,0.597886975
756,activeEnergyKcal,40.7607854385755
756,heartRateBpm,120.67517803880713
757,punchRatePpm,36.695248365504725
757,motionIntensityG,0.59790265
757,activeEnergyKcal,40.78936587117589
757,heartRateBpm,122.01419074149739
758,punchRatePpm,39.08013783096203
758,motionIntensityG,0.597918325
758,activeEnergyKcal,40.81794705305926
758,heartRateBpm,124.10803202226296
759,punchRatePpm,34.91828140097843
759,motionIntensityG,0.597934
759,activeEnergyKcal,40.84652898422561
759,heartRateBpm,123.1138299978192
760,punchRatePpm,38.06795017512493
760,motionIntensityG,0.597949675
760,activeEnergyKcal,40.87511166467494
760,heartRateBpm,122.90303134085582
761,punchRatePpm,37.00940531352097
761,motionIntensityG,0.59796535
761,activeEnergyKcal,40.903695094407254
761,heartRateBpm,121.79462218710844
762,punchRatePpm,36.96192557906316
762,motionIntensityG,0.597981025
762,activeEnergyKcal,40.93227927342255
762,heartRateBpm,122.3456808059001
763,punchRatePpm,36.088842566603496
763,motionIntensityG,0.5979967
763,activeEnergyKcal,40.96086420172083
763,heartRateBpm,120.60356891694065
764,punchRatePpm,34.555067786467674
764,motionIntensityG,0.5980000000000001
764,activeEnergyKcal,40.989449287762895
764,heartRateBpm,117.18234837004955
765,punchRatePpm,37.56803169464123
765,motionIntensityG,0.5980000000000001
765,activeEnergyKcal,41.01803437380496
765,heartRateBpm,117.36380194852185
766,punchRatePpm,35.43868714124941
766,motionIntensityG,0.5980000000000001
766,activeEnergyKcal,41.04661945984702
766,heartRateBpm,116.32741699139649
767,punchRatePpm,36.80240312388694
767,motionIntensityG,0.5980000000000001
767,activeEnergyKcal,41.075204545889086
767,heartRateBpm,117.59015429809146
768,punchRatePpm,36.16340501450208
768,motionIntensityG,0.5980000000000001
768,activeEnergyKcal,41.10378963193115
768,heartRateBpm,116.98850005338164
769,punchRatePpm,35.82498485440099
769,motionIntensityG,0.5980000000000001
769,activeEnergyKcal,41.132374717973214
769,heartRateBpm,118.13169324711404
770,punchRatePpm,36.5347022642815
770,motionIntensityG,0.5980000000000001
770,activeEnergyKcal,41.16095980401528
770,heartRateBpm,118.10012000664759
771,punchRatePpm,35.08865183886435
771,motionIntensityG,0.5980000000000001
771,activeEnergyKcal,41.18954489005734
771,heartRateBpm,116.31860037793733
772,punchRatePpm,35.06842222876378
772,motionIntensityG,0.5980000000000001
772,activeEnergyKcal,41.218129976099405
772,heartRateBpm,116.45947886077752
773,punchRatePpm,32.22699336528588
773,motionIntensityG,0.5980000000000001
773,activeEnergyKcal,41.24671506214147
773,heartRateBpm,115.03084321463608
774,punchRatePpm,36.64745844574588
774,motionIntensityG,0.5980000000000001
774,activeEnergyKcal,41.27530014818353
774,heartRateBpm,114.61779774952564
775,punchRatePpm,36.40923592119534
775,motionIntensityG,0.5980000000000001
775,activeEnergyKcal,41.303885234225596
775,heartRateBpm,115.20287085758555
776,punchRatePpm,35.257622538562146
776,motionIntensityG,0.5980000000000001
776,activeEnergyKcal,41.33247032026766
776,heartRateBpm,114.36030182915337
777,punchRatePpm,37.54728976535112
777,motionIntensityG,0.5980000000000001
777,activeEnergyKcal,41.361055406309724
777,heartRateBpm,114.26900823249143
778,punchRatePpm,36.02276705135591
778,motionIntensityG,0.5980000000000001
778,activeEnergyKcal,41.38964049235179
778,heartRateBpm,112.15509749858458
779,punchRatePpm,32.05097480772981
779,motionIntensityG,0.5980000000000001
779,activeEnergyKcal,41.41822557839385
779,heartRateBpm,111.4717838430364
780,punchRatePpm,50.83220848253142
780,motionIntensityG,1.3019824611111113
780,activeEnergyKcal,41.48046183370509
780,heartRateBpm,114.35013945050557
781,punchRatePpm,54.26541515386559
781,motionIntensityG,1.301964922222222
781,activeEnergyKcal,41.542697250637325
781,heartRateBpm,115.45096248631236
782,punchRatePpm,54.86209354206422
782,motionIntensityG,1.3019473833333333
782,activeEnergyKcal,41.60493182919054
782,heartRateBpm,117.08386758563427
783,punchRatePpm,53.756210145291455
783,motionIntensityG,1.3019298444444445
783,activeEnergyKcal,41.66716556936475
783,heartRateBpm,118.94874287834115
784,punchRatePpm,53.32418485169232
784,motionIntensityG,1.3019123055555557
784,activeEnergyKcal,41.729398471159946
784,heartRateBpm,121.38594750840211
785,punchRatePpm,53.57043199062559
785,motionIntensityG,1.301894766666667
785,activeEnergyKcal,41.791630534576136
785,heartRateBpm,123.95542645042535
786,punchRatePpm,49.669159290240835
786,motionIntensityG,1.3018772277777777
786,activeEnergyKcal,41.85386175961332
786,heartRateBpm,123.76580784979424
787,punchRatePpm,51.50288644825337
787,motionIntensityG,1.301859688888889
787,activeEnergyKcal,41.91609214627149
787,heartRateBpm,124.92511266519195
788,punchRatePpm,51.75797030006987
788,motionIntensityG,1.30184215
788,activeEnergyKcal,41.978321694550644
788,heartRateBpm,125.71573997187585
789,punchRatePpm,57.606164142286865
789,motionIntensityG,1.3018246111111111
789,activeEnergyKcal,42.04055040445079
789,heartRateBpm,126.25294551442632
790,punchRatePpm,53.429594588244534
790,motionIntensityG,1.3018070722222221
790,activeEnergyKcal,42.10277827597193
790,heartRateBpm,128.39639178952183
791,punchRatePpm,50.50225776597833
791,motionIntensityG,1.3017895333333334
791,activeEnergyKcal,42.16500530911406
791,heartRateBpm,129.3033962322181
792,punchRatePpm,51.358168533269485
792,motionIntensityG,1.3017719944444446
792,activeEnergyKcal,42.22723150387718
792,heartRateBpm,130.3198027186346
793,punchRatePpm,50.516869576125856
793,motionIntensityG,1.3017544555555556
793,activeEnergyKcal,42.28945686026129
793,heartRateBpm,130.75641184311004
794,punchRatePpm,52.39803064937833
794,motionIntensityG,1.3017369166666666
794,activeEnergyKcal,42.351681378266385
794,heartRateBpm,133.82408148237124
795,punchRatePpm,50.8892546663837
795,motionIntensityG,1.3017193777777778
795,activeEnergyKcal,42.41390505789247
795,heartRateBpm,135.22346681031817
796,punchRatePpm,48.296450452767324
796,motionIntensityG,1.301701838888889
796,activeEnergyKcal,42.47612789913955
796,heartRateBpm,136.52501131284893
797,punchRatePpm,50.92707395842982
797,motionIntensityG,1.3016843000000002
797,activeEnergyKcal,42.53834990200762
797,heartRateBpm,136.50320009076523
798,punchRatePpm,54.46536031847225
798,motionIntensityG,1.301666761111111
798,activeEnergyKcal,42.60057106649668
798,heartRateBpm,138.15458675559867
799,punchRatePpm,52.010989620953445
799,motionIntensityG,1.3016492222222222
799,activeEnergyKcal,42.66279139260673
799,heartRateBpm,138.27549484613138
800,punchRatePpm,51.962301764279786
800,motionIntensityG,1.3016316833333335
800,activeEnergyKcal,42.72501088033777
800,heartRateBpm,138.47826729694535
801,punchRatePpm,47.576411503530174
801,motionIntensityG,1.3016141444444445
801,activeEnergyKcal,42.787229529689796
801,heartRateBpm,138.69735487801324
802,punchRatePpm,52.44710495039893
802,motionIntensityG,1.3015966055555555
802,activeEnergyKcal,42.84944734066281
802,heartRateBpm,139.21780438019513
803,punchRatePpm,52.52722867155301
803,motionIntensityG,1.3015790666666667
803,activeEnergyKcal,42.91166431325682
803,heartRateBpm,141.33237107010396
804,punchRatePpm,54.09072630872917
804,motionIntensityG,1.301561527777778
804,activeEnergyKcal,42.97388044747182
804,heartRateBpm,138.57392890195916
805,punchRatePpm,49.704593419603526
805,motionIntensityG,1.301543988888889
805,activeEnergyKcal,43.03609574330781
805,heartRateBpm,138.3624510932775
806,punchRatePpm,52.44225165647426
806,motionIntensityG,1.30152645
806,activeEnergyKcal,43.09831020076479
806,heartRateBpm,137.04265735293376
807,punchRatePpm,49.55043484741144
807,motionIntensityG,1.301508911111111
807,activeEnergyKcal,43.16052381984276
807,heartRateBpm,139.0341228147142
808,punchRatePpm,56.00030116605948
808,motionIntensityG,1.3014913722222223
808,activeEnergyKcal,43.222736600541715
808,heartRateBpm,137.883095985338
809,punchRatePpm,51.789284875630344
809,motionIntensityG,1.3014738333333333
809,activeEnergyKcal,43.28494854286166
809,heartRateBpm,138.05044020971766
810,punchRatePpm,48.791896302792644
810,motionIntensityG,1.3014562944444443
810,activeEnergyKcal,43.3471596468026
810,heartRateBpm,139.27681449613246
811,punchRatePpm,52.76489281054082
811,motionIntensityG,1.3014387555555555
811,activeEnergyKcal,43.40936991236453
811,heartRateBpm,142.03960552399707
812,punchRatePpm,50.77133990707612
812,motionIntensityG,1.3014212166666668
812,activeEnergyKcal,43.47157933954745
812,heartRateBpm,144.14220712079947
813,punchRatePpm,51.8268132147028
813,motionIntensityG,1.3014036777777778
813,activeEnergyKcal,43.533787928351366
813,heartRateBpm,146.31079413866215
814,punchRatePpm,46.492100216042
814,motionIntensityG,1.301386138888889
814,activeEnergyKcal,43.59599567877626
814,heartRateBpm,148.7461189158088
815,punchRatePpm,52.66302217159454
815,motionIntensityG,1.3013686
815,activeEnergyKcal,43.65820259082215
815,heartRateBpm,148.86116840835072
816,punchRatePpm,51.36072934643121
816,motionIntensityG,1.3013510611111112
816,activeEnergyKcal,43.72040866448903
816,heartRateBpm,149.97067257907324
817,punchRatePpm,51.61661644612589
817,motionIntensityG,1.3013335222222222
817,activeEnergyKcal,43.7826138997769
817,heartRateBpm,151.63662684336379
818,punchRatePpm,50.66742992086496
818,motionIntensityG,1.3013159833333334
818,activeEnergyKcal,43.84481829668576
818,heartRateBpm,152.0931560525195
819,punchRatePpm,49.586984195985494
819,motionIntensityG,1.3012984444444444
819,activeEnergyKcal,43.90702185521561
819,heartRateBpm,153.336348253544
820,punchRatePpm,53.14579053456769
820,motionIntensityG,1.3012809055555556
820,activeEnergyKcal,43.96922457536645
820,heartRateBpm,152.90267104938724
821,punchRatePpm,51.37295138441492
821,motionIntensityG,1.3012633666666666
821,activeEnergyKcal,44.031426457138274
821,heartRateBpm,152.60228699290573
822,punchRatePpm,53.77943531203537
822,motionIntensityG,1.3012458277777779
822,activeEnergyKcal,44.09362750053109
822,heartRateBpm,152.7269746403092
823,punchRatePpm,48.684941219164614
823,motionIntensityG,1.3012282888888889
823,activeEnergyKcal,44.1558277055449
823,heartRateBpm,154.03899157633742
824,punchRatePpm,51.061966970744336
824,motionIntensityG,1.30121075
824,activeEnergyKcal,44.2180270721797
824,heartRateBpm,154.33531630397954
825,punchRatePpm,51.795614420358845
825,motionIntensityG,1.3011932111111113
825,activeEnergyKcal,44.28022560043549
825,heartRateBpm,157.29678857333258
826,punchRatePpm,49.00664259291971
826,motionIntensityG,1.3011756722222223
826,activeEnergyKcal,44.342423290312276
826,heartRateBpm,159.5159924319148
827,punchRatePpm,49.55381406833175
827,motionIntensityG,1.3011581333333333
827,activeEnergyKcal,44.40462014181004
827,heartRateBpm,159.27604815175346
828,punchRatePpm,51.653008754774135
828,motionIntensityG,1.3011405944444445
828,activeEnergyKcal,44.4668161549288
828,heartRateBpm,158.7726353149628
829,punchRatePpm,50.563928480456624
829,motionIntensityG,1.3011230555555557
829,activeEnergyKcal,44.52901132966855
829,heartRateBpm,159.68400465697616
830,punchRatePpm,50.412655253971764
830,motionIntensityG,1.3011055166666667
830,activeEnergyKcal,44.59120566602929
830,heartRateBpm,159.23573175270454
831,punchRatePpm,54.884786778438325
831,motionIntensityG,1.3010879777777777
831,activeEnergyKcal,44.65339916401102
831,heartRateBpm,161.8414199186654
832,punchRatePpm,51.17632289761703
832,motionIntensityG,1.301070438888889
832,activeEnergyKcal,44.71559182361374
832,heartRateBpm,162.78188606980027
833,punchRatePpm,49.850824195028274
833,motionIntensityG,1.3010529000000002
833,activeEnergyKcal,44.77778364483745
833,heartRateBpm,163.2469503941576
834,punchRatePpm,50.39553930654493
834,motionIntensityG,1.3010353611111112
834,activeEnergyKcal,44.839974627682146
834,heartRateBpm,163.112437490184
835,punchRatePpm,49.18884115868449
835,motionIntensityG,1.3010178222222222
835,activeEnergyKcal,44.902164772147835
835,heartRateBpm,161.3301520539917
836,punchRatePpm,49.81731980892465
836,motionIntensityG,1.3010002833333334
836,activeEnergyKcal,44.964354078234514
836,heartRateBpm,163.0175296019153
837,punchRatePpm,46.912657218551274
837,motionIntensityG,1.3009827444444446
837,activeEnergyKcal,45.026542545942185
837,heartRateBpm,162.06096470059776
838,punchRatePpm,50.275318717790114
838,motionIntensityG,1.3009652055555556
838,activeEnergyKcal,45.08873017527085
838,heartRateBpm,163.29577774864217
839,punchRatePpm,49.12982039584227
839,motionIntensityG,1.3009476666666666
839,activeEnergyKcal,45.1509169662205
839,heartRateBpm,163.8461456519591
840,punchRatePpm,49.76852128303763
840,motionIntensityG,1.3009301277777778
840,activeEnergyKcal,45.21310291879114
840,heartRateBpm,164.77296398635
841,punchRatePpm,48.76424347916835
841,motionIntensityG,1.300912588888889
841,activeEnergyKcal,45.275288032982765
841,heartRateBpm,165.62955912779984
842,punchRatePpm,49.05098318260922
842,motionIntensityG,1.3008950499999998
842,activeEnergyKcal,45.337472308795384
842,heartRateBpm,166.31838735812048
843,punchRatePpm,46.18942086076245
843,motionIntensityG,1.300877511111111
843,activeEnergyKcal,45.399655746228994
843,heartRateBpm,167.7228433590976
844,punchRatePpm,55.074410685455476
844,motionIntensityG,1.3008599722222223
844,activeEnergyKcal,45.461838345283596
844,heartRateBpm,167.5643786905807
845,punchRatePpm,49.89239762713303
845,motionIntensityG,1.3008424333333335
845,activeEnergyKcal,45.52402010595919
845,heartRateBpm,167.66360515190118
846,punchRatePpm,48.49692111503791
846,motionIntensityG,1.3008248944444445
846,activeEnergyKcal,45.586201028255765
846,heartRateBpm,168.35118390383167
847,punchRatePpm,50.42994552317498
847,motionIntensityG,1.3008073555555555
847,activeEnergyKcal,45.64838111217333
847,heartRateBpm,168.12098919751713
848,punchRatePpm,51.972458244213165
848,motionIntensityG,1.3007898166666667
848,activeEnergyKcal,45.71056035771189
848,heartRateBpm,168.13872809492585
849,punchRatePpm,51.79911534052458
849,motionIntensityG,1.300772277777778
849,activeEnergyKcal,45.77273876487144
849,heartRateBpm,170.29990183110874
850,punchRatePpm,51.00467072088705
850,motionIntensityG,1.3007547388888887
850,activeEnergyKcal,45.83491633365198
850,heartRateBpm,170.25428651450375
851,punchRatePpm,46.971188801616094
851,motionIntensityG,1.3007372000000001
851,activeEnergyKcal,45.897093064053514
851,heartRateBpm,170.24107786089698
852,punchRatePpm,47.11429913866531
852,motionIntensityG,1.3007196611111111
852,activeEnergyKcal,45.95926895607603
852,heartRateBpm,171.29603677682803
853,punchRatePpm,47.95220837408391
853,motionIntensityG,1.3007021222222224
853,activeEnergyKcal,46.02144400971954
853,heartRateBpm,171.2476577523336
854,punchRatePpm,52.08645954190352
854,motionIntensityG,1.3006845833333336
854,activeEnergyKcal,46.083618224984036
854,heartRateBpm,171.92269463462426
855,punchRatePpm,52.27072073252649
855,motionIntensityG,1.3006670444444444
855,activeEnergyKcal,46.145791601869526
855,heartRateBpm,170.60817955401455
856,punchRatePpm,47.146824425105024
856,motionIntensityG,1.3006495055555556
856,activeEnergyKcal,46.207964140376006
856,heartRateBpm,171.51757371506227
857,punchRatePpm,51.43220715948999
857,motionIntensityG,1.3006319666666668
857,activeEnergyKcal,46.27013584050348
857,heartRateBpm,172.02961911704725
858,punchRatePpm,48.5573043101658
858,motionIntensityG,1.300614427777778
858,activeEnergyKcal,46.33230670225194
858,heartRateBpm,169.9814244352964
859,punchRatePpm,47.717970866477046
859,motionIntensityG,1.3005968888888888
859,activeEnergyKcal,46.39447672562139
859,heartRateBpm,170.0356874366572
860,punchRatePpm,47.67754564458151
860,motionIntensityG,1.30057935
860,activeEnergyKcal,46.456645910611826
860,heartRateBpm,171.1165458410842
861,punchRatePpm,47.473393923204824
861,motionIntensityG,1.3005618111111112
861,activeEnergyKcal,46.518814257223255
861,heartRateBpm,170.2740961281267
862,punchRatePpm,48.558756837407465
862,motionIntensityG,1.3005442722222222
862,activeEnergyKcal,46.580981765455675
862,heartRateBpm,168.34924230924298
863,punchRatePpm,50.189758970634934
863,motionIntensityG,1.3005267333333332
863,activeEnergyKcal,46.64314843530909
863,heartRateBpm,169.98998539807087
864,punchRatePpm,49.42724291881355
864,motionIntensityG,1.3005091944444445
864,activeEnergyKcal,46.70531426678349
864,heartRateBpm,172.6162582704374
865,punchRatePpm,50.11621961430656
865,motionIntensityG,1.3004916555555557
865,activeEnergyKcal,46.767479259878876
865,heartRateBpm,172.09856109603092
866,punchRatePpm,44.52793085959044
866,motionIntensityG,1.300474116666667
866,activeEnergyKcal,46.82964341459525
866,heartRateBpm,172.88931466724281
867,punchRatePpm,53.6744940351158
867,motionIntensityG,1.3004565777777777
867,activeEnergyKcal,46.89180673093262
867,heartRateBpm,172.23011769335452
868,punchRatePpm,49.54105888196823
868,motionIntensityG,1.300439038888889
868,activeEnergyKcal,46.95396920889098
868,heartRateBpm,172.03502408518614
869,punchRatePpm,47.52385329613929
869,motionIntensityG,1.3004215000000001
869,activeEnergyKcal,47.01613084847033
869,heartRateBpm,173.66639112673465
870,punchRatePpm,50.41484939721013
870,motionIntensityG,1.3004039611111111
870,activeEnergyKcal,47.078291649670675
870,heartRateBpm,174.80490727460443
871,punchRatePpm,47.2401833610181
871,motionIntensityG,1.3003864222222223
871,activeEnergyKcal,47.14045161249201
871,heartRateBpm,173.31415431639536
872,punchRatePpm,49.95794850441631
872,motionIntensityG,1.3003688833333333
872,activeEnergyKcal,47.202610736934325
872,heartRateBpm,176.8004146762311
873,punchRatePpm,49.697168657584406
873,motionIntensityG,1.3003513444444446
873,activeEnergyKcal,47.26476902299763
873,heartRateBpm,176.7409078860532
874,punchRatePpm,46.209981885457346
874,motionIntensityG,1.3003338055555556
874,activeEnergyKcal,47.32692647068193
874,heartRateBpm,176.44135401356644
875,punchRatePpm,51.01047305121903
875,motionIntensityG,1.3003162666666666
875,activeEnergyKcal,47.38908307998722
875,heartRateBpm,176.78826175080923
876,punchRatePpm,47.81669819934902
876,motionIntensityG,1.3002987277777778
876,activeEnergyKcal,47.451238850913505
876,heartRateBpm,176.64148167500846
877,punchRatePpm,47.62488784043884
877,motionIntensityG,1.300281188888889
877,activeEnergyKcal,47.51339378346078
877,heartRateBpm,175.06531484847457
878,punchRatePpm,49.80316791418475
878,motionIntensityG,1.3002636500000002
878,activeEnergyKcal,47.575547877629035
878,heartRateBpm,174.49927713132277
879,punchRatePpm,47.65799308789001
879,motionIntensityG,1.300246111111111
879,activeEnergyKcal,47.63770113341828
879,heartRateBpm,174.4862104782747
880,punchRatePpm,47.130608233555684
880,motionIntensityG,1.3002285722222222
880,activeEnergyKcal,47.69985355082852
880,heartRateBpm,176.27345928793
881,punchRatePpm,47.32328299041423
881,motionIntensityG,1.3002110333333334
881,activeEnergyKcal,47.76200512985975
881,heartRateBpm,176.02382673306354
882,punchRatePpm,47.2598553116615
882,motionIntensityG,1.3001934944444444
882,activeEnergyKcal,47.82415587051197
882,heartRateBpm,175.54280515131282
883,punchRatePpm,48.57509222907788
883,motionIntensityG,1.3001759555555554
883,activeEnergyKcal,47.886305772785185
883,heartRateBpm,175.32576839264712
884,punchRatePpm,44.552751968355544
884,motionIntensityG,1.3001584166666666
884,activeEnergyKcal,47.94845483667939
884,heartRateBpm,174.89535934697577
885,punchRatePpm,48.97931339078206
885,motionIntensityG,1.3001408777777779
885,activeEnergyKcal,48.010603062194576
885,heartRateBpm,174.10838698154672
886,punchRatePpm,48.556829910214255
886,motionIntensityG,1.3001233388888889
886,activeEnergyKcal,48.072750449330755
886,heartRateBpm,174.50039538623585
887,punchRatePpm,44.69759508964891
887,motionIntensityG,1.3001058
887,activeEnergyKcal,48.134896998087925
887,heartRateBpm,175.81310945752534
888,punchRatePpm,49.30841949635741
888,motionIntensityG,1.300088261111111
888,activeEnergyKcal,48.197042708466086
888,heartRateBpm,174.20588530568264
889,punchRatePpm,47.78952904047732
889,motionIntensityG,1.3000707222222223
889,activeEnergyKcal,48.25918758046524
889,heartRateBpm,174.35660085551137
890,punchRatePpm,47.39470606572066
890,motionIntensityG,1.3000531833333333
890,activeEnergyKcal,48.32133161408538
890,heartRateBpm,173.00790920840765
891,punchRatePpm,47.81193730892379
891,motionIntensityG,1.3000356444444445
891,activeEnergyKcal,48.38347480932651
891,heartRateBpm,173.1537028229088
892,punchRatePpm,48.76468367158192
892,motionIntensityG,1.3000181055555555
892,activeEnergyKcal,48.445617166188626
892,heartRateBpm,174.03591115114168
893,punchRatePpm,45.136051782703554
893,motionIntensityG,1.3000005666666667
893,activeEnergyKcal,48.507758684671735
893,heartRateBpm,173.6185955549018
894,punchRatePpm,49.336506994885625
894,motionIntensityG,1.2999830277777777
894,activeEnergyKcal,48.569899364775836
894,heartRateBpm,172.91668973294983
895,punchRatePpm,49.55044002704711
895,motionIntensityG,1.299965488888889
895,activeEnergyKcal,48.63203920650093
895,heartRateBpm,173.55217686924445
896,punchRatePpm,43.08426480432463
896,motionIntensityG,1.29994795
896,activeEnergyKcal,48.69417820984701
896,heartRateBpm,174.94506988286247
897,punchRatePpm,46.16384654985433
897,motionIntensityG,1.2999304111111112
897,activeEnergyKcal,48.756316374814084
897,heartRateBpm,174.135918995015
898,punchRatePpm,46.38688424582829
898,motionIntensityG,1.2999128722222224
898,activeEnergyKcal,48.81845370140214
898,heartRateBpm,174.215763416309
899,punchRatePpm,46.938334356332355
899,motionIntensityG,1.2998953333333334
899,activeEnergyKcal,48.88059018961119
899,heartRateBpm,171.0122019563557
900,punchRatePpm,8.318866512406613
900,motionIntensityG,0.2
900,activeEnergyKcal,48.94272583944123
900,heartRateBpm,171.5275742099797
901,punchRatePpm,8.923129124293427
901,motionIntensityG,0.2
901,activeEnergyKcal,49.00486065089226
901,heartRateBpm,171.88188995096186
902,punchRatePpm,8.838275033599187
902,motionIntensityG,0.2
902,activeEnergyKcal,49.066994623964284
902,heartRateBpm,171.49935138303707
903,punchRatePpm,8.273377310251185
903,motionIntensityG,0.2
903,activeEnergyKcal,49.1291277586573
903,heartRateBpm,172.81765838289894
904,punchRatePpm,8.887583424035286
904,motionIntensityG,0.2
904,activeEnergyKcal,49.191260054971295
904,heartRateBpm,171.58111798791896
905,punchRatePpm,7.620423045954609
905,motionIntensityG,0.2
905,activeEnergyKcal,49.25339151290628
905,heartRateBpm,170.67732641996238
906,punchRatePpm,8.692110124788714
906,motionIntensityG,0.2
906,activeEnergyKcal,49.31552213246226
906,heartRateBpm,169.99136296420681
907,punchRatePpm,5.6928754155478165
907,motionIntensityG,0.2
907,activeEnergyKcal,49.377651913639234
907,heartRateBpm,169.34597699425532
908,punchRatePpm,8.190247599883369
908,motionIntensityG,0.2
908,activeEnergyKcal,49.439780856437196
908,heartRateBpm,168.00405167137623
909,punchRatePpm,6.6807596803199045
909,motionIntensityG,0.2
909,activeEnergyKcal,49.50190896085615
909,heartRateBpm,167.28430003107147
910,punchRatePpm,7.176509211578347
910,motionIntensityG,0.2
910,activeEnergyKcal,49.564036226896086
910,heartRateBpm,167.11922540965855
911,punchRatePpm,9.652839774169614
911,motionIntensityG,0.2
911,activeEnergyKcal,49.626162654557014
911,heartRateBpm,164.08756631436304
912,punchRatePpm,9.666330893303545
912,motionIntensityG,0.2
912,activeEnergyKcal,49.68828824383893
912,heartRateBpm,166.4913184733578
913,punchRatePpm,7.8941975983858335
913,motionIntensityG,0.2
913,activeEnergyKcal,49.75041299474184
913,heartRateBpm,167.91239688518755
914,punchRatePpm,9.624289419059995
914,motionIntensityG,0.2
914,activeEnergyKcal,49.812536907265745
914,heartRateBpm,166.00403072107144
915,punchRatePpm,9.074253541927973
915,motionIntensityG,0.2
915,activeEnergyKcal,49.87465998141064
915,heartRateBpm,165.44858729057717
916,punchRatePpm,7.410774269202083
916,motionIntensityG,0.2
916,activeEnergyKcal,49.93678221717652
916,heartRateBpm,166.41494253377212
917,punchRatePpm,7.385858812991191
917,motionIntensityG,0.2
917,activeEnergyKcal,49.99890361456339
917,heartRateBpm,162.8325792782183
918,punchRatePpm,7.294506057326782
918,motionIntensityG,0.2
918,activeEnergyKcal,50.06102417357125
918,heartRateBpm,163.4459878374132
919,punchRatePpm,6.814599893254043
919,motionIntensityG,0.2
919,activeEnergyKcal,50.1231438942001
919,heartRateBpm,161.88191420956502
920,punchRatePpm,8.441278077805936
920,motionIntensityG,0.2
920,activeEnergyKcal,50.18526277644994
920,heartRateBpm,162.7865113275669
921,punchRatePpm,8.373928371232234
921,motionIntensityG,0.2
921,activeEnergyKcal,50.24738082032077
921,heartRateBpm,165.52054168511467
922,punchRatePpm,8.14715208943427
922,motionIntensityG,0.2
922,activeEnergyKcal,50.309498025812594
922,heartRateBpm,167.7538343692803
923,punchRatePpm,7.552034935261977
923,motionIntensityG,0.2
923,activeEnergyKcal,50.3716143929254
923,heartRateBpm,170.28773609015937
924,punchRatePpm,7.732697135591081
924,motionIntensityG,0.2
924,activeEnergyKcal,50.4337299216592
924,heartRateBpm,171.1691195597091
925,punchRatePpm,7.611157772146891
925,motionIntensityG,0.2
925,activeEnergyKcal,50.49584461201399
925,heartRateBpm,170.94808226243737
926,punchRatePpm,8.53400402777744
926,motionIntensityG,0.2
926,activeEnergyKcal,50.55795846398977
926,heartRateBpm,170.2282230873605
927,punchRatePpm,8.408749569175647
927,motionIntensityG,0.2
927,activeEnergyKcal,50.62007147758654
927,heartRateBpm,169.8305180461212
928,punchRatePpm,8.16298117923249
928,motionIntensityG,0.2
928,activeEnergyKcal,50.682183652804305
928,heartRateBpm,170.91969131628747
929,punchRatePpm,8.643403594748914
929,motionIntensityG,0.2
929,activeEnergyKcal,50.74429498964306
929,heartRateBpm,168.83932918446197
930,punchRatePpm,8.6807399030714
930,motionIntensityG,0.2
930,activeEnergyKcal,50.8064054881028
930,heartRateBpm,167.8987078134659
931,punchRatePpm,7.488426191853514
931,motionIntensityG,0.2
931,activeEnergyKcal,50.868515148183526
931,heartRateBpm,167.4898191835978
932,punchRatePpm,8.276380512558767
932,motionIntensityG,0.2
932,activeEnergyKcal,50.93062396988525
932,heartRateBpm,167.98868862791053
933,punchRatePpm,8.384370055163641
933,motionIntensityG,0.2
933,activeEnergyKcal,50.99273195320796
933,heartRateBpm,167.6049106130441
934,punchRatePpm,7.841821475778852
934,motionIntensityG,0.2
934,activeEnergyKcal,51.05483909815166
934,heartRateBpm,167.63647191494016
935,punchRatePpm,10.195944431823882
935,motionIntensityG,0.2
935,activeEnergyKcal,51.116945404716354
935,heartRateBpm,169.75988057928583
936,punchRatePpm,8.837041620294704
936,motionIntensityG,0.2
936,activeEnergyKcal,51.17905087290203
936,heartRateBpm,167.78640081332554
937,punchRatePpm,6.768232365283953
937,motionIntensityG,0.2
937,activeEnergyKcal,51.2411555027087
937,heartRateBpm,167.171543226255
938,punchRatePpm,8.711683431850986
938,motionIntensityG,0.2
938,activeEnergyKcal,51.30325929413636
938,heartRateBpm,168.2638172563556
939,punchRatePpm,8.452542791321692
939,motionIntensityG,0.2
939,activeEnergyKcal,51.36536224718501
939,heartRateBpm,168.80661221403693
940,punchRatePpm,7.086291845826697
940,motionIntensityG,0.2
940,activeEnergyKcal,51.42746436185465
940,heartRateBpm,167.26000425841409
941,punchRatePpm,7.4049449336372355
941,motionIntensityG,0.2
941,activeEnergyKcal,51.48956563814529
941,heartRateBpm,167.03835013152104
942,punchRatePpm,5.619808854202515
942,motionIntensityG,0.2
942,activeEnergyKcal,51.55166607605691
942,heartRateBpm,167.68304507191587
943,punchRatePpm,7.434273161833284
943,motionIntensityG,0.2
943,activeEnergyKcal,51.61376567558952
943,heartRateBpm,167.3344494357454
944,punchRatePpm,8.174709747984748
944,motionIntensityG,0.2
944,activeEnergyKcal,51.67586443674312
944,heartRateBpm,168.72283715933116
945,punchRatePpm,8.765279163713549
945,motionIntensityG,0.2
945,activeEnergyKcal,51.73796235951771
945,heartRateBpm,168.9835559403091
946,punchRatePpm,7.03696714881617
946,motionIntensityG,0.2
946,activeEnergyKcal,51.80005944391329
946,heartRateBpm,167.05264863940363
947,punchRatePpm,8.51588517517056
947,motionIntensityG,0.2
947,activeEnergyKcal,51.862155689929864
947,heartRateBpm,165.72205071414618
948,punchRatePpm,7.7191398660938475
948,motionIntensityG,0.2
948,activeEnergyKcal,51.92425109756743
948,heartRateBpm,165.96318319246976
949,punchRatePpm,7.766390842890717
949,motionIntensityG,0.2
949,activeEnergyKcal,51.986345666825976
949,heartRateBpm,166.21559576820704
950,punchRatePpm,6.75420267263449
950,motionIntensityG,0.2
950,activeEnergyKcal,52.048439397705515
950,heartRateBpm,165.9763041998415
951,punchRatePpm,6.781896924925752
951,motionIntensityG,0.2
951,activeEnergyKcal,52.110532290206045
951,heartRateBpm,165.30434293841773
952,punchRatePpm,8.988827098167864
952,motionIntensityG,0.2
952,activeEnergyKcal,52.172624344327566
952,heartRateBpm,165.03568373016594
953,punchRatePpm,7.434506152882737
953,motionIntensityG,0.2
953,activeEnergyKcal,52.23471556007008
953,heartRateBpm,166.85540037668284
954,punchRatePpm,8.312442725586605
954,motionIntensityG,0.2
954,activeEnergyKcal,52.29680593743358
954,heartRateBpm,166.94752458291683
955,punchRatePpm,7.573515351606387
955,motionIntensityG,0.2
955,activeEnergyKcal,52.35889547641808
955,heartRateBpm,169.23579493714058
956,punchRatePpm,7.104757406502753
956,motionIntensityG,0.2
956,activeEnergyKcal,52.420984177023556
956,heartRateBpm,166.58567575739644
957,punchRatePpm,8.079788245763153
957,motionIntensityG,0.2
957,activeEnergyKcal,52.483072039250025
957,heartRateBpm,166.70667832059428
958,punchRatePpm,7.818423687265644
958,motionIntensityG,0.2
958,activeEnergyKcal,52.545159063097486
958,heartRateBpm,164.93156090660054
959,punchRatePpm,7.9643693232479595
959,motionIntensityG,0.2
959,activeEnergyKcal,52.60724524856594
959,heartRateBpm,165.76780839506137
960,punchRatePpm,39.54395171865636
960,motionIntensityG,0.597322675
960,activeEnergyKcal,52.63579795769596
960,heartRateBpm,165.2455730819178
961,punchRatePpm,38.63305088271935
961,motionIntensityG,0.59733835
961,activeEnergyKcal,52.66435141610896
961,heartRateBpm,162.4880886721861
962,punchRatePpm,38.76321020259398
962,motionIntensityG,0.597354025
962,activeEnergyKcal,52.69290562380494
962,heartRateBpm,161.24236342542306
963,punchRatePpm,33.178589971005884
963,motionIntensityG,0.5973697
963,activeEnergyKcal,52.721460580783905
963,heartRateBpm,158.77403792927086
964,punchRatePpm,38.015803306951284
964,motionIntensityG,0.597385375
964,activeEnergyKcal,52.75001628704585
964,heartRateBpm,158.1149902733221
965,punchRatePpm,36.75477067590093
965,motionIntensityG,0.59740105
965,activeEnergyKcal,52.77857274259078
965,heartRateBpm,155.7125179591823
966,punchRatePpm,35.84678661622475
966,motionIntensityG,0.597416725
966,activeEnergyKcal,52.8071299474187
966,heartRateBpm,154.51353634714792
967,punchRatePpm,33.27852214226171
967,motionIntensityG,0.5974324
967,activeEnergyKcal,52.8356879015296
967,heartRateBpm,152.86884087593904
968,punchRatePpm,38.43794574441199
968,motionIntensityG,0.597448075
968,activeEnergyKcal,52.86424660492349
968,heartRateBpm,151.28563999700566
969,punchRatePpm,43.18914872599604
969,motionIntensityG,0.59746375
969,activeEnergyKcal,52.89280605760035
969,heartRateBpm,150.9311366748469
970,punchRatePpm,38.34375639406797
970,motionIntensityG,0.597479425
970,activeEnergyKcal,52.9213662595602
970,heartRateBpm,150.0407719476355
971,punchRatePpm,37.995493584513106
971,motionIntensityG,0.5974951000000001
971,activeEnergyKcal,52.94992721080303
971,heartRateBpm,147.82028545389866
972,punchRatePpm,37.67844270062813
972,motionIntensityG,0.597510775
972,activeEnergyKcal,52.978488911328846
972,heartRateBpm,144.61561662160847
973,punchRatePpm,38.12293659489513
973,motionIntensityG,0.59752645
973,activeEnergyKcal,53.00705136113764
973,heartRateBpm,142.97916319764937
974,punchRatePpm,34.396730101619106
974,motionIntensityG,0.597542125
974,activeEnergyKcal,53.03561456022942
974,heartRateBpm,142.06496855024446
975,punchRatePpm,37.99759485138351
975,motionIntensityG,0.5975578
975,activeEnergyKcal,53.06417850860418
975,heartRateBpm,140.19204495622992
976,punchRatePpm,38.522197255402
976,motionIntensityG,0.597573475
976,activeEnergyKcal,53.09274320626192
976,heartRateBpm,139.36335885058216
977,punchRatePpm,33.45194867099043
977,motionIntensityG,0.59758915
977,activeEnergyKcal,53.12130865320265
977,heartRateBpm,138.1153889404187
978,punchRatePpm,35.494220368775245
978,motionIntensityG,0.597604825
978,activeEnergyKcal,53.149874849426354
978,heartRateBpm,137.5531825095807
979,punchRatePpm,39.31761264715101
979,motionIntensityG,0.5976205
979,activeEnergyKcal,53.17844179493304
979,heartRateBpm,136.50856675082085
980,punchRatePpm,39.4128471679693
980,motionIntensityG,0.5976361750000001
980,activeEnergyKcal,53.207009489722715
980,heartRateBpm,133.7884433603344
981,punchRatePpm,37.325106769694536
981,motionIntensityG,0.5976518500000001
981,activeEnergyKcal,53.235577933795376
981,heartRateBpm,133.1821685435809
982,punchRatePpm,37.89492512193823
982,motionIntensityG,0.5976675250000001
982,activeEnergyKcal,53.26414712715102
982,heartRateBpm,133.4165577485971
983,punchRatePpm,37.48185479102668
983,motionIntensityG,0.5976832000000001
983,activeEnergyKcal,53.292717069789646
983,heartRateBpm,133.28803163796334
984,punchRatePpm,38.78657641123048
984,motionIntensityG,0.5976988750000001
984,activeEnergyKcal,53.321287761711254
984,heartRateBpm,133.31007900699996
985,punchRatePpm,37.548764857349745
985,motionIntensityG,0.5977145500000001
985,activeEnergyKcal,53.349859202915844
985,heartRateBpm,133.8081933669513
986,punchRatePpm,38.28755452959477
986,motionIntensityG,0.5977302250000001
986,activeEnergyKcal,53.37843139340342
986,heartRateBpm,133.61146488668814
987,punchRatePpm,38.92672270633601
987,motionIntensityG,0.5977459
987,activeEnergyKcal,53.40700433317397
987,heartRateBpm,132.36935188125602
988,punchRatePpm,36.57795827364468
988,motionIntensityG,0.597761575
988,activeEnergyKcal,53.43557802222751
988,heartRateBpm,129.8497503934961
989,punchRatePpm,40.03202800840849
989,motionIntensityG,0.59777725
989,activeEnergyKcal,53.46415246056403
989,heartRateBpm,127.83695011654818
990,punchRatePpm,39.558439006389165
990,motionIntensityG,0.597792925
990,activeEnergyKcal,53.49272764818353
990,heartRateBpm,126.76966952382632
991,punchRatePpm,36.609470735757085
991,motionIntensityG,0.5978086
991,activeEnergyKcal,53.52130358508602
991,heartRateBpm,125.42424744780364
992,punchRatePpm,39.522338180348065
992,motionIntensityG,0.597824275
992,activeEnergyKcal,53.54988027127148
992,heartRateBpm,122.5983024539672
993,punchRatePpm,32.03520818821838
993,motionIntensityG,0.59783995
993,activeEnergyKcal,53.57845770673993
993,heartRateBpm,122.16505880657886
994,punchRatePpm,37.391738001421004
994,motionIntensityG,0.597855625
994,activeEnergyKcal,53.607035891491364
994,heartRateBpm,122.49129240325622
995,punchRatePpm,35.47440143337584
995,motionIntensityG,0.5978713
995,activeEnergyKcal,53.63561482552578
995,heartRateBpm,121.65993343030293
996,punchRatePpm,33.57654290462073
996,motionIntensityG,0.597886975
996,activeEnergyKcal,53.664194508843174
996,heartRateBpm,123.22815572311727
997,punchRatePpm,34.324508261400894
997,motionIntensityG,0.59790265
997,activeEnergyKcal,53.69277494144356
997,heartRateBpm,120.33961994981603
998,punchRatePpm,38.21659409557044
998,motionIntensityG,0.597918325
998,activeEnergyKcal,53.72135612332693
998,heartRateBpm,119.40398982965147
999,punchRatePpm,36.85041784174576
999,motionIntensityG,0.597934
999,activeEnergyKcal,53.74993805449328
999,heartRateBpm,119.33090215049063
1000,punchRatePpm,39.011737376075224
1000,motionIntensityG,0.597949675
1000,activeEnergyKcal,53.77852073494261
1000,heartRateBpm,118.35555039380479
1001,punchRatePpm,34.54288855148366
1001,motionIntensityG,0.59796535
1001,activeEnergyKcal,53.807104164674925
1001,heartRateBpm,118.06893250539609
1002,punchRatePpm,39.663187285090295
1002,motionIntensityG,0.597981025
1002,activeEnergyKcal,53.83568834369022
1002,heartRateBpm,117.97246409959142
1003,punchRatePpm,39.32282807867176
1003,motionIntensityG,0.5979967
1003,activeEnergyKcal,53.8642732719885
1003,heartRateBpm,116.24312572435032
1004,punchRatePpm,36.15195310015188
1004,motionIntensityG,0.5980000000000001
1004,activeEnergyKcal,53.892858358030566
1004,heartRateBpm,114.01215885958608
1005,punchRatePpm,36.056738473501724
1005,motionIntensityG,0.5980000000000001
1005,activeEnergyKcal,53.92144344407263
1005,heartRateBpm,114.06462073521726
1006,punchRatePpm,33.20282399595713
1006,motionIntensityG,0.5980000000000001
1006,activeEnergyKcal,53.95002853011469
1006,heartRateBpm,113.97064710990247
1007,punchRatePpm,32.8310555401769
1007,motionIntensityG,0.5980000000000001
1007,activeEnergyKcal,53.97861361615676
1007,heartRateBpm,111.18098881976815
1008,punchRatePpm,35.808113322630575
1008,motionIntensityG,0.5980000000000001
1008,activeEnergyKcal,54.00719870219882
1008,heartRateBpm,109.54365390905588
1009,punchRatePpm,37.84036233555138
1009,motionIntensityG,0.5980000000000001
1009,activeEnergyKcal,54.035783788240884
1009,heartRateBpm,109.41490635114985
1010,punchRatePpm,35.09411037063175
1010,motionIntensityG,0.5980000000000001
1010,activeEnergyKcal,54.06436887428295
1010,heartRateBpm,108.08947915020087
1011,punchRatePpm,37.65825548366243
1011,motionIntensityG,0.5980000000000001
1011,activeEnergyKcal,54.09295396032501
1011,heartRateBpm,105.73212302687345
1012,punchRatePpm,35.36339168546549
1012,motionIntensityG,0.5980000000000001
1012,activeEnergyKcal,54.121539046367076
1012,heartRateBpm,106.584002524528
1013,punchRatePpm,35.59104733676935
1013,motionIntensityG,0.5980000000000001
1013,activeEnergyKcal,54.15012413240914
1013,heartRateBpm,105.72487977902034
1014,punchRatePpm,39.87309522219668
1014,motionIntensityG,0.5980000000000001
1014,activeEnergyKcal,54.1787092184512
1014,heartRateBpm,105.40055588449853
1015,punchRatePpm,36.89098221553863
1015,motionIntensityG,0.5980000000000001
1015,activeEnergyKcal,54.20729430449327
1015,heartRateBpm,106.54493252312997
1016,punchRatePpm,36.95318824389764
1016,motionIntensityG,0.5980000000000001
1016,activeEnergyKcal,54.23587939053533
1016,heartRateBpm,107.83190948112035
1017,punchRatePpm,37.05173844732696
1017,motionIntensityG,0.5980000000000001
1017,activeEnergyKcal,54.264464476577395
1017,heartRateBpm,108.70113553292029
1018,punchRatePpm,36.374527499503785
1018,motionIntensityG,0.5980000000000001
1018,activeEnergyKcal,54.29304956261946
1018,heartRateBpm,109.31954630644569
1019,punchRatePpm,38.31278751998326
1019,motionIntensityG,0.5980000000000001
1019,activeEnergyKcal,54.32163464866152
1019,heartRateBpm,109.18591277554835
1020,punchRatePpm,55.03224512964854
1020,motionIntensityG,1.3019824611111113
1020,activeEnergyKcal,54.38387090397276
1020,heartRateBpm,109.43556347457573
1021,punchRatePpm,55.05996011656886
1021,motionIntensityG,1.301964922222222
1021,activeEnergyKcal,54.446106320904995
1021,heartRateBpm,110.95837531942136
1022,punchRatePpm,51.81455976472302
1022,motionIntensityG,1.3019473833333333
1022,activeEnergyKcal,54.50834089945821
1022,heartRateBpm,113.78266201049414
1023,punchRatePpm,53.093095375123895
1023,motionIntensityG,1.3019298444444445
1023,activeEnergyKcal,54.57057463963242
1023,heartRateBpm,113.90149950931595
1024,punchRatePpm,55.4821889643461
1024,motionIntensityG,1.3019123055555557
1024,activeEnergyKcal,54.63280754142762
1024,heartRateBpm,116.0041373121423
1025,punchRatePpm,51.87792586321015
1025,motionIntensityG,1.301894766666667
1025,activeEnergyKcal,54.69503960484381
1025,heartRateBpm,117.11619173394212
1026,punchRatePpm,51.66756377540566
1026,motionIntensityG,1.3018772277777777
1026,activeEnergyKcal,54.75727082988099
1026,heartRateBpm,117.9042171132887
1027,punchRatePpm,52.7826269821174
1027,motionIntensityG,1.301859688888889
1027,activeEnergyKcal,54.81950121653916
1027,heartRateBpm,118.3725509240117
1028,punchRatePpm,53.389227246091345
1028,motionIntensityG,1.30184215
1028,activeEnergyKcal,54.881730764818315
1028,heartRateBpm,118.7134507935348
1029,punchRatePpm,48.451060781056064
1029,motionIntensityG,1.3018246111111111
1029,activeEnergyKcal,54.94395947471846
1029,heartRateBpm,121.52507506786021
1030,punchRatePpm,50.01378955043767
1030,motionIntensityG,1.3018070722222221
1030,activeEnergyKcal,55.0061873462396
1030,heartRateBpm,121.47246454982263
1031,punchRatePpm,48.308687202169
1031,motionIntensityG,1.3017895333333334
1031,activeEnergyKcal,55.06841437938173
1031,heartRateBpm,122.5202176993288
1032,punchRatePpm,50.867837509515105
1032,motionIntensityG,1.3017719944444446
1032,activeEnergyKcal,55.13064057414485
1032,heartRateBpm,123.42877098770016
1033,punchRatePpm,53.70392562315414
1033,motionIntensityG,1.3017544555555556
1033,activeEnergyKcal,55.19286593052896
1033,heartRateBpm,124.36646323000625
1034,punchRatePpm,57.241546728313025
1034,motionIntensityG,1.3017369166666666
1034,activeEnergyKcal,55.255090448534055
1034,heartRateBpm,126.53966049942014
1035,punchRatePpm,50.7542101005377
1035,motionIntensityG,1.3017193777777778
1035,activeEnergyKcal,55.31731412816014
1035,heartRateBpm,127.93460077597543
1036,punchRatePpm,54.478941902474226
1036,motionIntensityG,1.301701838888889
1036,activeEnergyKcal,55.37953696940722
1036,heartRateBpm,128.47587745364234
1037,punchRatePpm,49.40283896436676
1037,motionIntensityG,1.3016843000000002
1037,activeEnergyKcal,55.44175897227529
1037,heartRateBpm,128.57953987530448
1038,punchRatePpm,51.88826221233716
1038,motionIntensityG,1.301666761111111
1038,activeEnergyKcal,55.50398013676435
1038,heartRateBpm,129.57221435167685
1039,punchRatePpm,51.81234039134493
1039,motionIntensityG,1.3016492222222222
1039,activeEnergyKcal,55.5662004628744
1039,heartRateBpm,133.10197297580507
1040,punchRatePpm,51.7716120088686
1040,motionIntensityG,1.3016316833333335
1040,activeEnergyKcal,55.62841995060544
1040,heartRateBpm,133.77325299313662
1041,punchRatePpm,49.82561344520452
1041,motionIntensityG,1.3016141444444445
1041,activeEnergyKcal,55.69063859995747
1041,heartRateBpm,134.95970114430412
1042,punchRatePpm,54.58330214870304
1042,motionIntensityG,1.3015966055555555
1042,activeEnergyKcal,55.752856410930484
1042,heartRateBpm,136.6935116094251
1043,punchRatePpm,48.27240786770362
1043,motionIntensityG,1.3015790666666667
1043,activeEnergyKcal,55.81507338352449
1043,heartRateBpm,136.39503524789328
1044,punchRatePpm,50.581727124512675
1044,motionIntensityG,1.301561527777778
1044,activeEnergyKcal,55.87728951773949
1044,heartRateBpm,136.72636243003618
1045,punchRatePpm,46.100866003532815
1045,motionIntensityG,1.301543988888889
1045,activeEnergyKcal,55.93950481357548
1045,heartRateBpm,138.7517737849752
1046,punchRatePpm,51.13807345889253
1046,motionIntensityG,1.30152645
1046,activeEnergyKcal,56.001719271032464
1046,heartRateBpm,139.7618501261225
1047,punchRatePpm,47.113732204398076
1047,motionIntensityG,1.301508911111111
1047,activeEnergyKcal,56.06393289011043
1047,heartRateBpm,141.842682875835
1048,punchRatePpm,47.30443486263435
1048,motionIntensityG,1.3014913722222223
1048,activeEnergyKcal,56.126145670809386
1048,heartRateBpm,142.16924914295322
1049,punchRatePpm,49.7710455965957
1049,motionIntensityG,1.3014738333333333
1049,activeEnergyKcal,56.188357613129334
1049,heartRateBpm,145.0059407845473
1050,punchRatePpm,51.40522022200879
1050,motionIntensityG,1.3014562944444443
1050,activeEnergyKcal,56.25056871707027
1050,heartRateBpm,148.5908536527887
1051,punchRatePpm,50.93766940047549
1051,motionIntensityG,1.3014387555555555
1051,activeEnergyKcal,56.3127789826322
1051,heartRateBpm,148.70155807585778
1052,punchRatePpm,53.150556005632524
1052,motionIntensityG,1.3014212166666668
1052,activeEnergyKcal,56.374988409815124
1052,heartRateBpm,149.4285668749222
1053,punchRatePpm,51.94380100788019
1053,motionIntensityG,1.3014036777777778
1053,activeEnergyKcal,56.43719699861904
1053,heartRateBpm,150.30148607248609
1054,punchRatePpm,51.66070085568138
1054,motionIntensityG,1.301386138888889
1054,activeEnergyKcal,56.49940474904393
1054,heartRateBpm,150.71089090120105
1055,punchRatePpm,53.07601642718188
1055,motionIntensityG,1.3013686
1055,activeEnergyKcal,56.56161166108982
1055,heartRateBpm,150.88768002497213
1056,punchRatePpm,50.84025854587229
1056,motionIntensityG,1.3013510611111112
1056,activeEnergyKcal,56.6238177347567
1056,heartRateBpm,150.35592172111245
1057,punchRatePpm,52.126343870110105
1057,motionIntensityG,1.3013335222222222
1057,activeEnergyKcal,56.68602297004457
1057,heartRateBpm,151.44316988835791
1058,punchRatePpm,51.272559047045476
1058,motionIntensityG,1.3013159833333334
1058,activeEnergyKcal,56.74822736695343
1058,heartRateBpm,151.66964734141268
1059,punchRatePpm,49.159633939815215
1059,motionIntensityG,1.3012984444444444
1059,activeEnergyKcal,56.81043092548328
1059,heartRateBpm,150.99098873516346
1060,punchRatePpm,53.045417958391596
1060,motionIntensityG,1.3012809055555556
1060,activeEnergyKcal,56.87263364563412
1060,heartRateBpm,150.2397632503156
1061,punchRatePpm,53.21546256475517
1061,motionIntensityG,1.3012633666666666
1061,activeEnergyKcal,56.934835527405944
1061,heartRateBpm,150.91417633995758
1062,punchRatePpm,51.313948731752
1062,motionIntensityG,1.3012458277777779
1062,activeEnergyKcal,56.99703657079876
1062,heartRateBpm,151.62587718316
1063,punchRatePpm,49.55844598780254
1063,motionIntensityG,1.3012282888888889
1063,activeEnergyKcal,57.05923677581257
1063,heartRateBpm,150.29924121368006
1064,punchRatePpm,54.48217700907002
1064,motionIntensityG,1.30121075
1064,activeEnergyKcal,57.12143614244737
1064,heartRateBpm,150.78169519494722
1065,punchRatePpm,48.583075888170704
1065,motionIntensityG,1.3011932111111113
1065,activeEnergyKcal,57.183634670703164
1065,heartRateBpm,150.71605473328853
1066,punchRatePpm,50.247186320228444
1066,motionIntensityG,1.3011756722222223
1066,activeEnergyKcal,57.245832360579946
1066,heartRateBpm,150.61979854021519
1067,punchRatePpm,50.66630385181181
1067,motionIntensityG,1.3011581333333333
1067,activeEnergyKcal,57.30802921207771
1067,heartRateBpm,151.68292199877357
1068,punchRatePpm,52.73511851824924
1068,motionIntensityG,1.3011405944444445
1068,activeEnergyKcal,57.37022522519647
1068,heartRateBpm,151.06787402948703
1069,punchRatePpm,52.837407403326516
1069,motionIntensityG,1.3011230555555557
1069,activeEnergyKcal,57.43242039993622
1069,heartRateBpm,150.24847245173734
1070,punchRatePpm,51.90519390026743
1070,motionIntensityG,1.3011055166666667
1070,activeEnergyKcal,57.49461473629696
1070,heartRateBpm,149.62938957349547
1071,punchRatePpm,50.926101532169376
1071,motionIntensityG,1.3010879777777777
1071,activeEnergyKcal,57.55680823427869
1071,heartRateBpm,151.40960988364006
1072,punchRatePpm,51.530035830810505
1072,motionIntensityG,1.301070438888889
1072,activeEnergyKcal,57.61900089388141
1072,heartRateBpm,152.38770300442357
1073,punchRatePpm,49.176016580648984
1073,motionIntensityG,1.3010529000000002
1073,activeEnergyKcal,57.68119271510512
1073,heartRateBpm,152.57014055043965
1074,punchRatePpm,50.50818446839704
1074,motionIntensityG,1.3010353611111112
1074,activeEnergyKcal,57.74338369794982
1074,heartRateBpm,154.1972019303232
1075,punchRatePpm,47.554145934367455
1075,motionIntensityG,1.3010178222222222
1075,activeEnergyKcal,57.805573842415505
1075,heartRateBpm,155.6063064844202
1076,punchRatePpm,49.19806216171513
1076,motionIntensityG,1.3010002833333334
1076,activeEnergyKcal,57.867763148502185
1076,heartRateBpm,154.55581482433774
1077,punchRatePpm,50.86887838235296
1077,motionIntensityG,1.3009827444444446
1077,activeEnergyKcal,57.929951616209856
1077,heartRateBpm,154.55616076356554
1078,punchRatePpm,52.21424391798642
1078,motionIntensityG,1.3009652055555556
1078,activeEnergyKcal,57.99213924553852
1078,heartRateBpm,155.81265767780457
1079,punchRatePpm,47.07760408098439
1079,motionIntensityG,1.3009476666666666
1079,activeEnergyKcal,58.05432603648817
1079,heartRateBpm,158.86213028510514
1080,punchRatePpm,49.55903853974527
1080,motionIntensityG,1.3009301277777778
1080,activeEnergyKcal,58.11651198905881
1080,heartRateBpm,160.58906918417352
1081,punchRatePpm,52.019760134516964
1081,motionIntensityG,1.2912464398933332
1081,activeEnergyKcal,58.178235050239174
1081,heartRateBpm,160.58011295839592
1082,punchRatePpm,48.9836175439305
1082,motionIntensityG,1.2815652386933336
1082,activeEnergyKcal,58.239495338895644
1082,heartRateBpm,161.12158418891033
1083,punchRatePpm,49.46190236111228
1083,motionIntensityG,1.2718864531911112
1083,activeEnergyKcal,58.30029297050134
1083,heartRateBpm,161.80199726997847
1084,punchRatePpm,50.35780725996173
1084,motionIntensityG,1.2622100124
1084,activeEnergyKcal,58.36062805713614
1084,heartRateBpm,161.4272647084793
1085,punchRatePpm,51.22041438402464
1085,motionIntensityG,1.2525358453333335
1085,activeEnergyKcal,58.42050070748668
1085,heartRateBpm,161.01779532556378
1086,punchRatePpm,49.406912378010375
1086,motionIntensityG,1.2428638810044443
1086,activeEnergyKcal,58.47991102684636
1086,heartRateBpm,161.36159159916167
1087,punchRatePpm,44.676454567513396
1087,motionIntensityG,1.2331940484266668
1087,activeEnergyKcal,58.53885911711532
1087,heartRateBpm,161.9789163026716
1088,punchRatePpm,47.387994522534164
1088,motionIntensityG,1.2235262308044446
1088,activeEnergyKcal,58.59734507461076
1088,heartRateBpm,162.16015940444132
1089,punchRatePpm,49.35237744234847
1089,motionIntensityG,1.2138594080711111
1089,activeEnergyKcal,58.65536894688949
1089,heartRateBpm,161.73774533316836
1090,punchRatePpm,49.01125267678602
1090,motionIntensityG,1.2041935447333332
1090,activeEnergyKcal,58.712930779811735
1090,heartRateBpm,162.62120191266362
1091,punchRatePpm,48.151970491561656
1091,motionIntensityG,1.1945286052977777
1091,activeEnergyKcal,58.770030617541074
1091,heartRateBpm,161.57525084819088
1092,punchRatePpm,46.969015133707316
1092,motionIntensityG,1.184864554271111
1092,activeEnergyKcal,58.82666850254447
1092,heartRateBpm,162.7238664013362
1093,punchRatePpm,49.65779701435897
1093,motionIntensityG,1.17520135616
1093,activeEnergyKcal,58.88284447559227
1093,heartRateBpm,163.91870570338696
1094,punchRatePpm,46.62547394771309
1094,motionIntensityG,1.1655389754711112
1094,activeEnergyKcal,58.938558575758194
1094,heartRateBpm,164.45600282541565
1095,punchRatePpm,46.65054779684921
1095,motionIntensityG,1.155877376711111
1095,activeEnergyKcal,58.993810840419336
1095,heartRateBpm,162.89716010440193
1096,punchRatePpm,44.20604534579072
1096,motionIntensityG,1.1462165243866669
1096,activeEnergyKcal,59.04860130525618
1096,heartRateBpm,164.12438575191905
1097,punchRatePpm,44.5992412791671
1097,motionIntensityG,1.1365563830044445
1097,activeEnergyKcal,59.10293000425256
1097,heartRateBpm,164.58076651043552
1098,punchRatePpm,47.25545878867505
1098,motionIntensityG,1.1268969170711112
1098,activeEnergyKcal,59.15679696969573
1098,heartRateBpm,164.93076913356333
1099,punchRatePpm,48.4736174453475
1099,motionIntensityG,1.1172380910933333
1099,activeEnergyKcal,59.21020223217629
1099,heartRateBpm,163.55272002179885
1100,punchRatePpm,46.11830213343326
1100,motionIntensityG,1.1075798695777777
1100,activeEnergyKcal,59.263145820588235
1100,heartRateBpm,162.49050431416384
1101,punchRatePpm,44.09698045950363
1101,motionIntensityG,1.0979222170311111
1101,activeEnergyKcal,59.31562776212892
1101,heartRateBpm,161.44976031776187
1102,punchRatePpm,43.9559589993355
1102,motionIntensityG,1.0882650979600001
1102,activeEnergyKcal,59.36764808229909
1102,heartRateBpm,160.93493189021308
1103,punchRatePpm,42.33252885593242
1103,motionIntensityG,1.078608476871111
1103,activeEnergyKcal,59.41920680490287
1103,heartRateBpm,161.6038774019808
1104,punchRatePpm,41.940476818125966
1104,motionIntensityG,1.0689523182711111
1104,activeEnergyKcal,59.470303952047765
1104,heartRateBpm,161.77661984691804
1105,punchRatePpm,46.60071206866085
1105,motionIntensityG,1.0592965866666668
1105,activeEnergyKcal,59.52093954414464
1105,heartRateBpm,161.98698920976355
1106,punchRatePpm,42.45445047225928
1106,motionIntensityG,1.0496412465644445
1106,activeEnergyKcal,59.57111359990776
1106,heartRateBpm,161.32199535449317
1107,punchRatePpm,42.547796202855736
1107,motionIntensityG,1.0399862624711111
1107,activeEnergyKcal,59.62082613635476
1107,heartRateBpm,161.24061638628024
1108,punchRatePpm,40.60930716894262
1108,motionIntensityG,1.0303315988933335
1108,activeEnergyKcal,59.670077168806635
1108,heartRateBpm,161.8433600242176
1109,punchRatePpm,43.75863925489518
1109,motionIntensityG,1.0206772203377779
1109,activeEnergyKcal,59.71886671088779
1109,heartRateBpm,163.3257473611444
1110,punchRatePpm,43.29739538558375
1110,motionIntensityG,1.0110230913111113
1110,activeEnergyKcal,59.76719477452599
1110,heartRateBpm,162.60928112414175
1111,punchRatePpm,45.037175021634326
1111,motionIntensityG,1.0013691763199999
1111,activeEnergyKcal,59.815061369952375
1111,heartRateBpm,161.725490672176
1112,punchRatePpm,42.705304964141455
1112,motionIntensityG,0.9917154398711112
1112,activeEnergyKcal,59.86246650570147
1112,heartRateBpm,163.282974079557
1113,punchRatePpm,42.686942882587715
1113,motionIntensityG,0.9820618464711112
1113,activeEnergyKcal,59.909410188611176
1113,heartRateBpm,162.28606072838306
1114,punchRatePpm,38.08956881733216
1114,motionIntensityG,0.9724083606266666
1114,activeEnergyKcal,59.955892423822775
1114,heartRateBpm,161.10101798557227
1115,punchRatePpm,38.466618107624925
1115,motionIntensityG,0.9627549468444445
1115,activeEnergyKcal,60.00191321478092
1115,heartRateBpm,162.14819658979786
1116,punchRatePpm,41.163509356262416
1116,motionIntensityG,0.9531015696311111
1116,activeEnergyKcal,60.04747256323365
1116,heartRateBpm,160.7390802613175
1117,punchRatePpm,39.72998339355676
1117,motionIntensityG,0.9434481934933334
1117,activeEnergyKcal,60.09257046923237
1117,heartRateBpm,157.97057662406277
1118,punchRatePpm,44.002071154891645
1118,motionIntensityG,0.9337947829377778
1118,activeEnergyKcal,60.137206931131885
1118,heartRateBpm,158.08755382177992
1119,punchRatePpm,41.053744529912564
1119,motionIntensityG,0.9241413024711111
1119,activeEnergyKcal,60.18138194559035
1119,heartRateBpm,158.18247494300218
1120,punchRatePpm,42.00335740831668
1120,motionIntensityG,0.9144877166000001
1120,activeEnergyKcal,60.22509550756932
1120,heartRateBpm,158.67200686747003
1121,punchRatePpm,38.036069855529725
1121,motionIntensityG,0.9048339898311112
1121,activeEnergyKcal,60.26834761033371
1121,heartRateBpm,158.24966802272394
1122,punchRatePpm,38.647916522353306
1122,motionIntensityG,0.8951800866711113
1122,activeEnergyKcal,60.311138245451836
1122,heartRateBpm,158.21715856528783
1123,punchRatePpm,40.08410756222787
1123,motionIntensityG,0.8855259716266667
1123,activeEnergyKcal,60.35346740279537
1123,heartRateBpm,157.5165985665216
1124,punchRatePpm,38.93420112289986
1124,motionIntensityG,0.8758716092044445
1124,activeEnergyKcal,60.39533507053937
1124,heartRateBpm,157.07744504268032
1125,punchRatePpm,36.3635201207973
1125,motionIntensityG,0.8662169639111111
1125,activeEnergyKcal,60.436741235162266
1125,heartRateBpm,156.7140558835024
1126,punchRatePpm,39.245951019011244
1126,motionIntensityG,0.8565620002533334
1126,activeEnergyKcal,60.477685881445886
1126,heartRateBpm,157.02883504319652
1127,punchRatePpm,38.637652640473426
1127,motionIntensityG,0.8469066827377778
1127,activeEnergyKcal,60.51816899247542
1127,heartRateBpm,156.6396979229152
1128,punchRatePpm,38.26866186862984
1128,motionIntensityG,0.8372509758711112
1128,activeEnergyKcal,60.55819054963943
1128,heartRateBpm,156.53539335840495
1129,punchRatePpm,37.05456563666774
1129,motionIntensityG,0.8275948441600001
1129,activeEnergyKcal,60.59775053262987
1129,heartRateBpm,156.8706151309394
1130,punchRatePpm,37.336911290953715
1130,motionIntensityG,0.8179382521111112
1130,activeEnergyKcal,60.63684891944206
1130,heartRateBpm,154.5169221428144
1131,punchRatePpm,38.51386219979444
1131,motionIntensityG,0.8179597326666668
1131,activeEnergyKcal,60.675948333049455
1131,heartRateBpm,153.65192521438297
1132,punchRatePpm,38.79894800005855
1132,motionIntensityG,0.8179812132222223
1132,activeEnergyKcal,60.71504877345205
1132,heartRateBpm,154.7575874824157
1133,punchRatePpm,38.93468714103489
1133,motionIntensityG,0.8180000000000001
1133,activeEnergyKcal,60.75415011188417
1133,heartRateBpm,153.9939227692805
1134,punchRatePpm,36.53715378486244
1134,motionIntensityG,0.8180000000000001
1134,activeEnergyKcal,60.7932514503163
1134,heartRateBpm,152.66240630263653
1135,punchRatePpm,39.14074202377077
1135,motionIntensityG,0.8180000000000001
1135,activeEnergyKcal,60.83235278874842
1135,heartRateBpm,153.1843166157384
1136,punchRatePpm,36.33061550271634
1136,motionIntensityG,0.8180000000000001
1136,activeEnergyKcal,60.87145412718055
1136,heartRateBpm,150.56987136337582
1137,punchRatePpm,37.02794934009802
1137,motionIntensityG,0.8180000000000001
1137,activeEnergyKcal,60.910555465612674
1137,heartRateBpm,149.03456055716777
1138,punchRatePpm,35.75755923466128
1138,motionIntensityG,0.8180000000000001
1138,activeEnergyKcal,60.9496568040448
1138,heartRateBpm,150.0350485410282
1139,punchRatePpm,34.78369962648332
1139,motionIntensityG,0.8180000000000001
1139,activeEnergyKcal,60.988758142476925
1139,heartRateBpm,149.20542872563155
1140,punchRatePpm,7.6898644873763695
1140,motionIntensityG,0.2
1140,activeEnergyKcal,61.02785948090905
1140,heartRateBpm,148.7861525443479
1141,punchRatePpm,7.10086942096897
1141,motionIntensityG,0.2
1141,activeEnergyKcal,61.066960819341176
1141,heartRateBpm,147.75751961189314
1142,punchRatePpm,7.8990962342881295
1142,motionIntensityG,0.2
1142,activeEnergyKcal,61.1060621577733
1142,heartRateBpm,149.09085671301142
1143,punchRatePpm,7.825578153232741
1143,motionIntensityG,0.2
1143,activeEnergyKcal,61.14516349620543
1143,heartRateBpm,149.2651051757957
1144,punchRatePpm,7.816040254411863
1144,motionIntensityG,0.2
1144,activeEnergyKcal,61.18426483463755
1144,heartRateBpm,150.6620731532157
1145,punchRatePpm,8.728435032364743
1145,motionIntensityG,0.2
1145,activeEnergyKcal,61.22336617306968
1145,heartRateBpm,151.5607309453829
1146,punchRatePpm,7.017628944969851
1146,motionIntensityG,0.2
1146,activeEnergyKcal,61.28560242838092
1146,heartRateBpm,153.09678060719642
1147,punchRatePpm,5.911718745204775
1147,motionIntensityG,0.2
1147,activeEnergyKcal,61.34783784531315
1147,heartRateBpm,154.81824690112217
1148,punchRatePpm,7.979166998457805
1148,motionIntensityG,0.2
1148,activeEnergyKcal,61.41007242386637
1148,heartRateBpm,157.85044725189675
1149,punchRatePpm,8.54223170205993
1149,motionIntensityG,0.2
1149,activeEnergyKcal,61.472306164040575
1149,heartRateBpm,159.81274518722304
1150,punchRatePpm,6.204198176889687
1150,motionIntensityG,0.2
1150,activeEnergyKcal,61.53453906583577
1150,heartRateBpm,161.01464883415576
1151,punchRatePpm,5.621292455146319
1151,motionIntensityG,0.2
1151,activeEnergyKcal,61.59677112925196
1151,heartRateBpm,158.6796496816195
1152,punchRatePpm,7.027344529990759
1152,motionIntensityG,0.2
1152,activeEnergyKcal,61.65900235428914
1152,heartRateBpm,159.60106510362814
1153,punchRatePpm,6.20312023434869
1153,motionIntensityG,0.2
1153,activeEnergyKcal,61.721232740947315
1153,heartRateBpm,160.31431764205863
1154,punchRatePpm,8.256391407572789
1154,motionIntensityG,0.2
1154,activeEnergyKcal,61.78346228922647
1154,heartRateBpm,158.61087220878503
1155,punchRatePpm,7.005937564372565
1155,motionIntensityG,0.2
1155,activeEnergyKcal,61.84569099912662
1155,heartRateBpm,158.64474987908156
1156,punchRatePpm,8.044398395679355
1156,motionIntensityG,0.2
1156,activeEnergyKcal,61.907918870647755
1156,heartRateBpm,157.85566712782818
1157,punchRatePpm,9.156398774627583
1157,motionIntensityG,0.2
1157,activeEnergyKcal,61.970145903789884
1157,heartRateBpm,157.37591091655
1158,punchRatePpm,10.37042145007687
1158,motionIntensityG,0.2
1158,activeEnergyKcal,62.032372098553004
1158,heartRateBpm,158.84960458656477
1159,punchRatePpm,7.023882168412175
1159,motionIntensityG,0.2
1159,activeEnergyKcal,62.094597454937116
1159,heartRateBpm,159.0577707422862
1160,punchRatePpm,8.061417867140415
1160,motionIntensityG,0.2
1160,activeEnergyKcal,62.15682197294221
1160,heartRateBpm,159.70512618948385
1161,punchRatePpm,7.08165131581662
1161,motionIntensityG,0.2
1161,activeEnergyKcal,62.2190456525683
1161,heartRateBpm,157.75284542411626
1162,punchRatePpm,10.342045095491462
1162,motionIntensityG,0.2
1162,activeEnergyKcal,62.281268493815375
1162,heartRateBpm,159.24389687262598
1163,punchRatePpm,7.98635604811891
1163,motionIntensityG,0.2
1163,activeEnergyKcal,62.343490496683444
1163,heartRateBpm,161.01231592224573
1164,punchRatePpm,7.760862629599602
1164,motionIntensityG,0.2
1164,activeEnergyKcal,62.405711661172504
1164,heartRateBpm,161.1883129523608
1165,punchRatePpm,6.3006820021633825
1165,motionIntensityG,0.2
1165,activeEnergyKcal,62.467931987282554
1165,heartRateBpm,159.37586853720262
1166,punchRatePpm,9.1198714133278
1166,motionIntensityG,0.2
1166,activeEnergyKcal,62.5301514750136
1166,heartRateBpm,160.10163532826016
1167,punchRatePpm,8.745263278473871
1167,motionIntensityG,0.2
1167,activeEnergyKcal,62.59237012436562
1167,heartRateBpm,159.641212945127
1168,punchRatePpm,7.696479046509473
1168,motionIntensityG,0.2
1168,activeEnergyKcal,62.65458793533864
1168,heartRateBpm,159.86668366405604
1169,punchRatePpm,5.246716763558915
1169,motionIntensityG,0.2
1169,activeEnergyKcal,62.71680490793265
1169,heartRateBpm,159.0399599449965
1170,punchRatePpm,7.564624721258379
1170,motionIntensityG,0.2
1170,activeEnergyKcal,62.77902104214765
1170,heartRateBpm,160.41082933728717
1171,punchRatePpm,7.048875025293162
1171,motionIntensityG,0.2
1171,activeEnergyKcal,62.84123633798364
1171,heartRateBpm,161.59168025540905
1172,punchRatePpm,8.845186347567244
1172,motionIntensityG,0.2
1172,activeEnergyKcal,62.90345079544062
1172,heartRateBpm,161.48687471303768
1173,punchRatePpm,6.668818216989143
1173,motionIntensityG,0.2
1173,activeEnergyKcal,62.965664414518585
1173,heartRateBpm,161.11814608119275
1174,punchRatePpm,6.676014053723824
1174,motionIntensityG,0.2
1174,activeEnergyKcal,63.02787719521754
1174,heartRateBpm,160.51207660917936
1175,punchRatePpm,6.27475556204043
1175,motionIntensityG,0.2
1175,activeEnergyKcal,63.09008913753749
1175,heartRateBpm,159.9073701273342
1176,punchRatePpm,7.442006787593602
1176,motionIntensityG,0.2
1176,activeEnergyKcal,63.15230024147843
1176,heartRateBpm,159.9905633411606
1177,punchRatePpm,5.148805897455349
1177,motionIntensityG,0.2
1177,activeEnergyKcal,63.21451050704036
1177,heartRateBpm,157.65232945404333
1178,punchRatePpm,7.731049155279073
1178,motionIntensityG,0.2
1178,activeEnergyKcal,63.27671993422328
1178,heartRateBpm,157.6177170750859
1179,punchRatePpm,10.53855098386213
1179,motionIntensityG,0.2
1179,activeEnergyKcal,63.33892852302719
1179,heartRateBpm,156.33040897432957
1180,punchRatePpm,6.321730151967055
1180,motionIntensityG,0.2
1180,activeEnergyKcal,63.40113627345209
1180,heartRateBpm,157.8763761626117
1181,punchRatePpm,9.503108336814126
1181,motionIntensityG,0.2
1181,activeEnergyKcal,63.463343185497976
1181,heartRateBpm,159.34771121597504
1182,punchRatePpm,7.252302258465786
1182,motionIntensityG,0.2
1182,activeEnergyKcal,63.525549259164855
1182,heartRateBpm,158.7296794382189
1183,punchRatePpm,10.68494991694894
1183,motionIntensityG,0.2
1183,activeEnergyKcal,63.587754494452724
1183,heartRateBpm,160.07921217239453
1184,punchRatePpm,8.998351963925902
1184,motionIntensityG,0.2
1184,activeEnergyKcal,63.649958891361585
1184,heartRateBpm,159.8944986379227
1185,punchRatePpm,7.670910558358781
1185,motionIntensityG,0.2
1185,activeEnergyKcal,63.71216244989144
1185,heartRateBpm,157.61718384445606
1186,punchRatePpm,7.34838766631119
1186,motionIntensityG,0.2
1186,activeEnergyKcal,63.77436517004227
1186,heartRateBpm,156.4829071738245
1187,punchRatePpm,8.543859010266488
1187,motionIntensityG,0.2
1187,activeEnergyKcal,63.8365670518141
1187,heartRateBpm,155.48064031704268
1188,punchRatePpm,8.149194286529692
1188,motionIntensityG,0.2
1188,activeEnergyKcal,63.89876809520692
1188,heartRateBpm,155.3742093311382
1189,punchRatePpm,7.619996816968159
1189,motionIntensityG,0.2
1189,activeEnergyKcal,63.96096830022073
1189,heartRateBpm,154.7862732278847
1190,punchRatePpm,7.283310515983158
1190,motionIntensityG,0.2
1190,activeEnergyKcal,64.02316766685553
1190,heartRateBpm,156.9684965915566
1191,punchRatePpm,8.47129331509164
1191,motionIntensityG,0.2
1191,activeEnergyKcal,64.08536619511132
1191,heartRateBpm,156.1171141469553
1192,punchRatePpm,7.134965606655422
1192,motionIntensityG,0.2
1192,activeEnergyKcal,64.1475638849881
1192,heartRateBpm,156.7924234753713
1193,punchRatePpm,6.674499509884379
1193,motionIntensityG,0.2
1193,activeEnergyKcal,64.20976073648588
1193,heartRateBpm,155.81189532539543
1194,punchRatePpm,7.909383058752276
1194,motionIntensityG,0.2
1194,activeEnergyKcal,64.27195674960464
1194,heartRateBpm,156.22927668636555
1195,punchRatePpm,9.342514242408466
1195,motionIntensityG,0.2
1195,activeEnergyKcal,64.3341519243444
1195,heartRateBpm,155.0840486338393
1196,punchRatePpm,8.581922960097788
1196,motionIntensityG,0.2
1196,activeEnergyKcal,64.39634626070513
1196,heartRateBpm,155.61276269481408
1197,punchRatePpm,7.2284652913752465
1197,motionIntensityG,0.2
1197,activeEnergyKcal,64.45853975868685
1197,heartRateBpm,156.45801068332312
1198,punchRatePpm,8.967456702749102
1198,motionIntensityG,0.2
1198,activeEnergyKcal,64.52073241828957
1198,heartRateBpm,156.98402374083898
1199,punchRatePpm,7.404539509216261
1199,motionIntensityG,0.2
1199,activeEnergyKcal,64.58292423951328
1199,heartRateBpm,156.4562727580434
1200,punchRatePpm,57.30223673522058
1200,motionIntensityG,1.3010353611111112
1200,activeEnergyKcal,64.64511522235797
1200,heartRateBpm,157.38041233347016
1201,punchRatePpm,56.58740181303175
1201,motionIntensityG,1.3010178222222222
1201,activeEnergyKcal,64.70730536682366
1201,heartRateBpm,156.2360664606642
1202,punchRatePpm,53.732289211215466
1202,motionIntensityG,1.3010002833333334
1202,activeEnergyKcal,64.76949467291034
1202,heartRateBpm,155.23435097317653
1203,punchRatePpm,57.09194982443259
1203,motionIntensityG,1.3009827444444446
1203,activeEnergyKcal,64.83168314061801
1203,heartRateBpm,154.2158523041977
1204,punchRatePpm,57.40877268307382
1204,motionIntensityG,1.3009652055555556
1204,activeEnergyKcal,64.89387076994667
1204,heartRateBpm,154.63624660024203
1205,punchRatePpm,53.36859301376
1205,motionIntensityG,1.3009476666666666
1205,activeEnergyKcal,64.95605756089633
1205,heartRateBpm,155.197970715232
1206,punchRatePpm,55.17596160591563
1206,motionIntensityG,1.3009301277777778
1206,activeEnergyKcal,65.01824351346697
1206,heartRateBpm,157.10321085359504
1207,punchRatePpm,56.58014045312932
1207,motionIntensityG,1.300912588888889
1207,activeEnergyKcal,65.0804286276586
1207,heartRateBpm,160.14032029733372
1208,punchRatePpm,54.98027485155258
1208,motionIntensityG,1.3008950499999998
1208,activeEnergyKcal,65.14261290347123
1208,heartRateBpm,161.04320959853743
1209,punchRatePpm,54.33976149660052
1209,motionIntensityG,1.300877511111111
1209,activeEnergyKcal,65.20479634090484
1209,heartRateBpm,162.42534693775562
1210,punchRatePpm,54.7702322159624
1210,motionIntensityG,1.3008599722222223
1210,activeEnergyKcal,65.26697893995943
1210,heartRateBpm,161.33450717317618
1211,punchRatePpm,55.06941405349759
1211,motionIntensityG,1.3008424333333335
1211,activeEnergyKcal,65.32916070063501
1211,heartRateBpm,160.17299237742722
1212,punchRatePpm,52.6075122442818
1212,motionIntensityG,1.3008248944444445
1212,activeEnergyKcal,65.39134162293159
1212,heartRateBpm,160.96430414557418
1213,punchRatePpm,54.700618024584514
1213,motionIntensityG,1.3008073555555555
1213,activeEnergyKcal,65.45352170684916
1213,heartRateBpm,162.58297776203645
1214,punchRatePpm,52.782035880310715
1214,motionIntensityG,1.3007898166666667
1214,activeEnergyKcal,65.51570095238772
1214,heartRateBpm,161.9506787304537
1215,punchRatePpm,53.81966865059554
1215,motionIntensityG,1.300772277777778
1215,activeEnergyKcal,65.57787935954727
1215,heartRateBpm,161.26518574398418
1216,punchRatePpm,52.641771873787576
1216,motionIntensityG,1.3007547388888887
1216,activeEnergyKcal,65.64005692832781
1216,heartRateBpm,163.31200173946948
1217,punchRatePpm,56.81885791441651
1217,motionIntensityG,1.3007372000000001
1217,activeEnergyKcal,65.70223365872934
1217,heartRateBpm,162.31821392457275
1218,punchRatePpm,55.891805531355125
1218,motionIntensityG,1.3007196611111111
1218,activeEnergyKcal,65.76440955075186
1218,heartRateBpm,162.73695205334735
1219,punchRatePpm,52.22445471701522
1219,motionIntensityG,1.3007021222222224
1219,activeEnergyKcal,65.82658460439538
1219,heartRateBpm,163.83738189656762
1220,punchRatePpm,54.820404265951474
1220,motionIntensityG,1.3006845833333336
1220,activeEnergyKcal,65.88875881965988
1220,heartRateBpm,164.979129540436
1221,punchRatePpm,55.76525034202183
1221,motionIntensityG,1.3006670444444444
1221,activeEnergyKcal,65.95093219654538
1221,heartRateBpm,164.95036233023333
1222,punchRatePpm,56.23183953109589
1222,motionIntensityG,1.3006495055555556
1222,activeEnergyKcal,66.01310473505185
1222,heartRateBpm,168.09972987995715
1223,punchRatePpm,53.49677413366341
1223,motionIntensityG,1.3006319666666668
1223,activeEnergyKcal,66.07527643517932
1223,heartRateBpm,168.29290472362226
1224,punchRatePpm,52.43783272471971
1224,motionIntensityG,1.300614427777778
1224,activeEnergyKcal,66.13744729692777
1224,heartRateBpm,170.9607125735012
1225,punchRatePpm,55.319481157438815
1225,motionIntensityG,1.3005968888888888
1225,activeEnergyKcal,66.19961732029722
1225,heartRateBpm,169.2467945905829
1226,punchRatePpm,51.83642907056436
1226,motionIntensityG,1.30057935
1226,activeEnergyKcal,66.26178650528766
1226,heartRateBpm,167.55891266023187
1227,punchRatePpm,50.36857928618299
1227,motionIntensityG,1.3005618111111112
1227,activeEnergyKcal,66.32395485189909
1227,heartRateBpm,167.40768373363264
1228,punchRatePpm,55.52543933848998
1228,motionIntensityG,1.3005442722222222
1228,activeEnergyKcal,66.38612236013151
1228,heartRateBpm,168.01049096187785
1229,punchRatePpm,55.20345382483463
1229,motionIntensityG,1.3005267333333332
1229,activeEnergyKcal,66.44828902998492
1229,heartRateBpm,167.72591400441127
1230,punchRatePpm,52.72804687631477
1230,motionIntensityG,1.3005091944444445
1230,activeEnergyKcal,66.51045486145932
1230,heartRateBpm,166.58436482768798
1231,punchRatePpm,56.51990634630569
1231,motionIntensityG,1.3004916555555557
1231,activeEnergyKcal,66.57261985455472
1231,heartRateBpm,167.24996573045402
1232,punchRatePpm,53.139546319017946
1232,motionIntensityG,1.300474116666667
1232,activeEnergyKcal,66.6347840092711
1232,heartRateBpm,167.89372361729252
1233,punchRatePpm,56.5719312900374
1233,motionIntensityG,1.3004565777777777
1233,activeEnergyKcal,66.69694732560848
1233,heartRateBpm,167.08372205428634
1234,punchRatePpm,52.42750659537636
1234,motionIntensityG,1.300439038888889
1234,activeEnergyKcal,66.75910980356684
1234,heartRateBpm,168.44812697091376
1235,punchRatePpm,56.62362390799129
1235,motionIntensityG,1.3004215000000001
1235,activeEnergyKcal,66.82127144314619
1235,heartRateBpm,168.44324192319573
1236,punchRatePpm,57.568057564957286
1236,motionIntensityG,1.3004039611111111
1236,activeEnergyKcal,66.88343224434652
1236,heartRateBpm,166.1932880439659
1237,punchRatePpm,55.257805984958296
1237,motionIntensityG,1.3003864222222223
1237,activeEnergyKcal,66.94559220716785
1237,heartRateBpm,166.28064600020434
1238,punchRatePpm,52.25196637619022
1238,motionIntensityG,1.3003688833333333
1238,activeEnergyKcal,67.00775133161017
1238,heartRateBpm,165.53821465281902
1239,punchRatePpm,55.240459838852495
1239,motionIntensityG,1.3003513444444446
1239,activeEnergyKcal,67.06990961767347
1239,heartRateBpm,167.86845304422076
1240,punchRatePpm,51.313444121054886
1240,motionIntensityG,1.3003338055555556
1240,activeEnergyKcal,67.13206706535777
1240,heartRateBpm,169.12372868748045
1241,punchRatePpm,51.262747409741486
1241,motionIntensityG,1.3003162666666666
1241,activeEnergyKcal,67.19422367466306
1241,heartRateBpm,170.47115709587624
1242,punchRatePpm,52.90023258085187
1242,motionIntensityG,1.3002987277777778
1242,activeEnergyKcal,67.25637944558935
1242,heartRateBpm,168.6821642649485
1243,punchRatePpm,52.120691888866375
1243,motionIntensityG,1.300281188888889
1243,activeEnergyKcal,67.31853437813662
1243,heartRateBpm,168.52690844772513
1244,punchRatePpm,49.417704123495604
1244,motionIntensityG,1.3002636500000002
1244,activeEnergyKcal,67.38068847230488
1244,heartRateBpm,171.2818887502603
1245,punchRatePpm,53.46252372809778
1245,motionIntensityG,1.300246111111111
1245,activeEnergyKcal,67.44284172809414
1245,heartRateBpm,170.77153317627548
1246,punchRatePpm,54.62428766852096
1246,motionIntensityG,1.3002285722222222
1246,activeEnergyKcal,67.50499414550438
1246,heartRateBpm,172.23380944102664
1247,punchRatePpm,54.81477736475673
1247,motionIntensityG,1.3002110333333334
1247,activeEnergyKcal,67.5671457245356
1247,heartRateBpm,172.57407126342483
1248,punchRatePpm,57.370008615873274
1248,motionIntensityG,1.3001934944444444
1248,activeEnergyKcal,67.62929646518782
1248,heartRateBpm,173.7369046094665
1249,punchRatePpm,54.80337266243365
1249,motionIntensityG,1.3001759555555554
1249,activeEnergyKcal,67.69144636746103
1249,heartRateBpm,173.19880772118248
1250,punchRatePpm,54.063892132714784
1250,motionIntensityG,1.3001584166666666
1250,activeEnergyKcal,67.75359543135522
1250,heartRateBpm,174.21881564752542
1251,punchRatePpm,48.998912043942894
1251,motionIntensityG,1.3001408777777779
1251,activeEnergyKcal,67.81574365687041
1251,heartRateBpm,173.42267607457137
1252,punchRatePpm,54.43331996953114
1252,motionIntensityG,1.3001233388888889
1252,activeEnergyKcal,67.87789104400659
1252,heartRateBpm,173.936369486308
1253,punchRatePpm,55.01209397711018
1253,motionIntensityG,1.3001058
1253,activeEnergyKcal,67.94003759276376
1253,heartRateBpm,175.42140464721916
1254,punchRatePpm,51.01561672960636
1254,motionIntensityG,1.300088261111111
1254,activeEnergyKcal,68.00218330314192
1254,heartRateBpm,175.6085943209151
1255,punchRatePpm,50.204477647109414
1255,motionIntensityG,1.3000707222222223
1255,activeEnergyKcal,68.06432817514107
1255,heartRateBpm,175.88472317646588
1256,punchRatePpm,52.03660686127569
1256,motionIntensityG,1.3000531833333333
1256,activeEnergyKcal,68.12647220876121
1256,heartRateBpm,174.77620395241811
1257,punchRatePpm,57.58298770943082
1257,motionIntensityG,1.3000356444444445
1257,activeEnergyKcal,68.18861540400235
1257,heartRateBpm,175.73486865423575
1258,punchRatePpm,55.94880578719556
1258,motionIntensityG,1.3000181055555555
1258,activeEnergyKcal,68.25075776086447
1258,heartRateBpm,177.1066121071414
1259,punchRatePpm,51.57893217706154
1259,motionIntensityG,1.3000005666666667
1259,activeEnergyKcal,68.31289927934759
1259,heartRateBpm,175.42848282837258
1260,punchRatePpm,54.44235018127287
1260,motionIntensityG,1.2999830277777777
1260,activeEnergyKcal,68.37503995945168
1260,heartRateBpm,175.62006319987034
1261,punchRatePpm,55.45060397218775
1261,motionIntensityG,1.299965488888889
1261,activeEnergyKcal,68.43717980117677
1261,heartRateBpm,176.443478457276
1262,punchRatePpm,50.41043548846306
1262,motionIntensityG,1.29994795
1262,activeEnergyKcal,68.49931880452284
1262,heartRateBpm,177.07616952002812
1263,punchRatePpm,53.41779811338827
1263,motionIntensityG,1.2999304111111112
1263,activeEnergyKcal,68.56145696948991
1263,heartRateBpm,176.29650515874175
1264,punchRatePpm,54.67762212478662
1264,motionIntensityG,1.2999128722222224
1264,activeEnergyKcal,68.62359429607797
1264,heartRateBpm,175.11682715873442
1265,punchRatePpm,51.381371209593645
1265,motionIntensityG,1.2998953333333334
1265,activeEnergyKcal,68.68573078428702
1265,heartRateBpm,175.8219366847912
1266,punchRatePpm,51.80576632558095
1266,motionIntensityG,1.2998777944444444
1266,activeEnergyKcal,68.74786643411706
1266,heartRateBpm,176.44885250868876
1267,punchRatePpm,52.00127074027166
1267,motionIntensityG,1.2998602555555556
1267,activeEnergyKcal,68.81000124556809
1267,heartRateBpm,175.41590673663254
1268,punchRatePpm,55.14488657856241
1268,motionIntensityG,1.2998427166666668
1268,activeEnergyKcal,68.87213521864011
1268,heartRateBpm,174.56389749758554
1269,punchRatePpm,54.88471868233886
1269,motionIntensityG,1.2998251777777778
1269,activeEnergyKcal,68.93426835333312
1269,heartRateBpm,172.35518332998592
1270,punchRatePpm,52.76383506027469
1270,motionIntensityG,1.2998076388888888
1270,activeEnergyKcal,68.99640064964713
1270,heartRateBpm,173.19151331117718
1271,punchRatePpm,53.358792463170026
1271,motionIntensityG,1.2997901
1271,activeEnergyKcal,69.05853210758212
1271,heartRateBpm,172.95512069333515
1272,punchRatePpm,51.36704646974384
1272,motionIntensityG,1.2997725611111113
1272,activeEnergyKcal,69.12066272713811
1272,heartRateBpm,172.35141536875057
1273,punchRatePpm,55.30101909715845
1273,motionIntensityG,1.2997550222222223
1273,activeEnergyKcal,69.18279250831507
1273,heartRateBpm,172.7638515059666
1274,punchRatePpm,50.979610476893754
1274,motionIntensityG,1.2997374833333333
1274,activeEnergyKcal,69.24492145111303
1274,heartRateBpm,171.39223583600773
1275,punchRatePpm,49.39541952131005
1275,motionIntensityG,1.2997199444444445
1275,activeEnergyKcal,69.30704955553198
1275,heartRateBpm,171.5472828865202
1276,punchRatePpm,50.91999834377094
1276,motionIntensityG,1.2997024055555557
1276,activeEnergyKcal,69.36917682157191
1276,heartRateBpm,171.91065306083482
1277,punchRatePpm,52.20998523063646
1277,motionIntensityG,1.2996848666666667
1277,activeEnergyKcal,69.43130324923284
1277,heartRateBpm,173.0651688942872
1278,punchRatePpm,50.650558893668574
1278,motionIntensityG,1.2996673277777777
1278,activeEnergyKcal,69.49342883851476
1278,heartRateBpm,171.7432327524011
1279,punchRatePpm,50.89799859837265
1279,motionIntensityG,1.299649788888889
1279,activeEnergyKcal,69.55555358941767
1279,heartRateBpm,170.77096603654124
1280,punchRatePpm,49.466338970404465
1280,motionIntensityG,1.2996322500000002
1280,activeEnergyKcal,69.61767750194157
1280,heartRateBpm,171.38224661725457
1281,punchRatePpm,53.570321269211355
1281,motionIntensityG,1.2996147111111112
1281,activeEnergyKcal,69.67980057608646
1281,heartRateBpm,170.52456950927572
1282,punchRatePpm,51.74970231133031
1282,motionIntensityG,1.2995971722222222
1282,activeEnergyKcal,69.74192281185235
1282,heartRateBpm,172.9433353424598
1283,punchRatePpm,53.95802774186522
1283,motionIntensityG,1.2995796333333334
1283,activeEnergyKcal,69.80404420923922
1283,heartRateBpm,172.40920547278282
1284,punchRatePpm,50.52564631241819
1284,motionIntensityG,1.2995620944444446
1284,activeEnergyKcal,69.86616476824709
1284,heartRateBpm,170.8466992067934
1285,punchRatePpm,53.00531101717654
1285,motionIntensityG,1.2995445555555556
1285,activeEnergyKcal,69.92828448887595
1285,heartRateBpm,171.9093900642349
1286,punchRatePpm,54.63641498872445
1286,motionIntensityG,1.2995270166666668
1286,activeEnergyKcal,69.99040337112578
1286,heartRateBpm,175.2385211228236
1287,punchRatePpm,51.52404102955699
1287,motionIntensityG,1.2995094777777778
1287,activeEnergyKcal,70.0525214149966
1287,heartRateBpm,173.6148116027698
1288,punchRatePpm,50.06316622864007
1288,motionIntensityG,1.299491938888889
1288,activeEnergyKcal,70.11463862048842
1288,heartRateBpm,174.76317905045462
1289,punchRatePpm,53.13778979842089
1289,motionIntensityG,1.2994744
1289,activeEnergyKcal,70.17675498760123
1289,heartRateBpm,174.541248255989
1290,punchRatePpm,49.94414009296047
1290,motionIntensityG,1.299456861111111
1290,activeEnergyKcal,70.23887051633503
1290,heartRateBpm,174.90042583937677
1291,punchRatePpm,54.16925569502416
1291,motionIntensityG,1.2994393222222222
1291,activeEnergyKcal,70.30098520668982
1291,heartRateBpm,173.85295558676435
1292,punchRatePpm,52.95618242631497
1292,motionIntensityG,1.2994217833333335
1292,activeEnergyKcal,70.3630990586656
1292,heartRateBpm,173.1935010366814
1293,punchRatePpm,49.69720574123281
1293,motionIntensityG,1.2994042444444447
1293,activeEnergyKcal,70.42521207226237
1293,heartRateBpm,173.6578970149951
1294,punchRatePpm,49.8716122099192
1294,motionIntensityG,1.2993867055555555
1294,activeEnergyKcal,70.48732424748013
1294,heartRateBpm,173.68471284578652
1295,punchRatePpm,53.741930932615375
1295,motionIntensityG,1.2993691666666667
1295,activeEnergyKcal,70.54943558431889
1295,heartRateBpm,173.0393988051418
1296,punchRatePpm,49.308370600247024
1296,motionIntensityG,1.299351627777778
1296,activeEnergyKcal,70.61154608277863
1296,heartRateBpm,171.97629335651703
1297,punchRatePpm,51.15291182689376
1297,motionIntensityG,1.2993340888888891
1297,activeEnergyKcal,70.67365574285937
1297,heartRateBpm,171.74947735417337
1298,punchRatePpm,49.94091653584053
1298,motionIntensityG,1.2993165500000001
1298,activeEnergyKcal,70.7357645645611
1298,heartRateBpm,173.55188415172339
1299,punchRatePpm,48.42691218087413
1299,motionIntensityG,1.2992990111111111
1299,activeEnergyKcal,70.7978725478838
1299,heartRateBpm,172.56084459248527
1300,punchRatePpm,51.655299575225044
1300,motionIntensityG,1.2992814722222223
1300,activeEnergyKcal,70.8599796928275
1300,heartRateBpm,172.40218911933547
1301,punchRatePpm,48.19404222393382
1301,motionIntensityG,1.2992639333333336
1301,activeEnergyKcal,70.92208599939218
1301,heartRateBpm,174.22406563731892
1302,punchRatePpm,44.81772980713922
1302,motionIntensityG,1.2992463944444443
1302,activeEnergyKcal,70.98419146757786
1302,heartRateBpm,172.90532401829753
1303,punchRatePpm,49.43233575411936
1303,motionIntensityG,1.2992288555555556
1303,activeEnergyKcal,71.04629609738453
1303,heartRateBpm,171.79277264250985
1304,punchRatePpm,50.650272474994594
1304,motionIntensityG,1.2992113166666668
1304,activeEnergyKcal,71.10839988881219
1304,heartRateBpm,172.17974706534693
1305,punchRatePpm,50.202938707561025
1305,motionIntensityG,1.299193777777778
1305,activeEnergyKcal,71.17050284186084
1305,heartRateBpm,171.4839078450002
1306,punchRatePpm,49.34835947415578
1306,motionIntensityG,1.299176238888889
1306,activeEnergyKcal,71.23260495653048
1306,heartRateBpm,169.829262123451
1307,punchRatePpm,50.073957059582135
1307,motionIntensityG,1.2991587
1307,activeEnergyKcal,71.29470623282111
1307,heartRateBpm,168.65109579294497
1308,punchRatePpm,50.44950752145461
1308,motionIntensityG,1.2991411611111112
1308,activeEnergyKcal,71.35680667073274
1308,heartRateBpm,169.7025357305541
1309,punchRatePpm,45.314163255476046
1309,motionIntensityG,1.2991236222222222
1309,activeEnergyKcal,71.41890627026535
1309,heartRateBpm,172.04653168789645
1310,punchRatePpm,49.02950927238048
1310,motionIntensityG,1.2991060833333332
1310,activeEnergyKcal,71.48100503141896
1310,heartRateBpm,172.33994504323107
1311,punchRatePpm,50.21053758824792
1311,motionIntensityG,1.2990885444444444
1311,activeEnergyKcal,71.54310295419356
1311,heartRateBpm,172.04767796982915
1312,punchRatePpm,50.88802087639003
1312,motionIntensityG,1.2990710055555557
1312,activeEnergyKcal,71.60520003858913
1312,heartRateBpm,174.8268868776841
1313,punchRatePpm,54.27197826248311
1313,motionIntensityG,1.2990534666666669
1313,activeEnergyKcal,71.6672962846057
1313,heartRateBpm,174.67198991149357
1314,punchRatePpm,52.19228617509262
1314,motionIntensityG,1.2990359277777777
1314,activeEnergyKcal,71.72939169224325
1314,heartRateBpm,174.74857999359222
1315,punchRatePpm,50.99942976525892
1315,motionIntensityG,1.2990183888888889
1315,activeEnergyKcal,71.7914862615018
1315,heartRateBpm,176.04379079844708
1316,punchRatePpm,48.962179450436345
1316,motionIntensityG,1.29900085
1316,activeEnergyKcal,71.85357999238134
1316,heartRateBpm,175.59281692456437
1317,punchRatePpm,48.48955505387554
1317,motionIntensityG,1.298983311111111
1317,activeEnergyKcal,71.91567288488187
1317,heartRateBpm,176.64421109893658
1318,punchRatePpm,52.51066092718788
1318,motionIntensityG,1.2989657722222223
1318,activeEnergyKcal,71.9777649390034
1318,heartRateBpm,177.56946796694095
1319,punchRatePpm,50.83324106454725
1319,motionIntensityG,1.2989482333333333
1319,activeEnergyKcal,72.0398561547459
1319,heartRateBpm,178.68577839865895
1320,punchRatePpm,49.832438418447964
1320,motionIntensityG,1.2989306944444445
1320,activeEnergyKcal,72.10194653210941
1320,heartRateBpm,178.50956863927595
1321,punchRatePpm,51.106565237639636
1321,motionIntensityG,1.2989131555555555
1321,activeEnergyKcal,72.1640360710939
1321,heartRateBpm,178.61961034020115
1322,punchRatePpm,47.194487765876964
1322,motionIntensityG,1.2988956166666665
1322,activeEnergyKcal,72.22612477169939
1322,heartRateBpm,179.11065948385624
1323,punchRatePpm,48.09181117753156
1323,motionIntensityG,1.2988780777777778
1323,activeEnergyKcal,72.28821263392587
1323,heartRateBpm,178.15412737214453
1324,punchRatePpm,53.90119071804719
1324,motionIntensityG,1.298860538888889
1324,activeEnergyKcal,72.35029965777333
1324,heartRateBpm,176.68449693579194
1325,punchRatePpm,48.956691904911835
1325,motionIntensityG,1.2988430000000002
1325,activeEnergyKcal,72.41238584324178
1325,heartRateBpm,174.05989325571457
1326,punchRatePpm,46.495901379563456
1326,motionIntensityG,1.2988254611111112
1326,activeEnergyKcal,72.47447119033122
1326,heartRateBpm,175.30879937835167
1327,punchRatePpm,46.90945432266736
1327,motionIntensityG,1.2988079222222222
1327,activeEnergyKcal,72.53655569904164
1327,heartRateBpm,175.80537825941417
1328,punchRatePpm,47.43348189047616
1328,motionIntensityG,1.2987903833333334
1328,activeEnergyKcal,72.59863936937306
1328,heartRateBpm,175.62113226028288
1329,punchRatePpm,50.950456662666205
1329,motionIntensityG,1.2987728444444444
1329,activeEnergyKcal,72.66072220132547
1329,heartRateBpm,174.17383420955105
1330,punchRatePpm,47.10054892505205
1330,motionIntensityG,1.2987553055555556
1330,activeEnergyKcal,72.72280419489887
1330,heartRateBpm,174.12743151676207
1331,punchRatePpm,48.434258102696134
1331,motionIntensityG,1.2987377666666666
1331,activeEnergyKcal,72.78488535009326
1331,heartRateBpm,174.63729400448298
1332,punchRatePpm,47.70651586525291
1332,motionIntensityG,1.2987202277777778
1332,activeEnergyKcal,72.84696566690864
1332,heartRateBpm,174.6269108251683
1333,punchRatePpm,49.34888506025961
1333,motionIntensityG,1.298702688888889
1333,activeEnergyKcal,72.90904514534502
1333,heartRateBpm,176.30864966779762
1334,punchRatePpm,49.24334869806808
1334,motionIntensityG,1.29868515
1334,activeEnergyKcal,72.97112378540238
1334,heartRateBpm,176.61863726106017
1335,punchRatePpm,49.21970805748044
1335,motionIntensityG,1.298667611111111
1335,activeEnergyKcal,73.03320158708074
1335,heartRateBpm,176.8339570602906
1336,punchRatePpm,53.27171297262882
1336,motionIntensityG,1.2986500722222223
1336,activeEnergyKcal,73.09527855038009
1336,heartRateBpm,177.04938125217663
1337,punchRatePpm,47.012040748127134
1337,motionIntensityG,1.2986325333333335
1337,activeEnergyKcal,73.15735467530043
1337,heartRateBpm,177.07479486843943
1338,punchRatePpm,47.63764048507203
1338,motionIntensityG,1.2986149944444445
1338,activeEnergyKcal,73.21942996184174
1338,heartRateBpm,175.51242272644276
1339,punchRatePpm,51.750964578210755
1339,motionIntensityG,1.2985974555555555
1339,activeEnergyKcal,73.28150441000405
1339,heartRateBpm,176.93309012587144
1340,punchRatePpm,51.418416781103595
1340,motionIntensityG,1.2985799166666667
1340,activeEnergyKcal,73.34357801978734
1340,heartRateBpm,175.8168355023828
1341,punchRatePpm,46.5917620809066
1341,motionIntensityG,1.298562377777778
1341,activeEnergyKcal,73.40565079119163
1341,heartRateBpm,177.16570043916334
1342,punchRatePpm,48.802961163485975
1342,motionIntensityG,1.298544838888889
1342,activeEnergyKcal,73.46772272421691
1342,heartRateBpm,176.02407641099774
1343,punchRatePpm,47.4256775331995
1343,motionIntensityG,1.2985273
1343,activeEnergyKcal,73.52979381886318
1343,heartRateBpm,177.06585987136137
1344,punchRatePpm,46.978953757481385
1344,motionIntensityG,1.2985097611111112
1344,activeEnergyKcal,73.59186407513045
1344,heartRateBpm,177.055229718559
1345,punchRatePpm,51.260021662943466
1345,motionIntensityG,1.2984922222222224
1345,activeEnergyKcal,73.6539334930187
1345,heartRateBpm,176.33252301319922
1346,punchRatePpm,48.6107944144371
1346,motionIntensityG,1.2984746833333334
1346,activeEnergyKcal,73.71600207252794
1346,heartRateBpm,174.9251799987493
1347,punchRatePpm,49.274511581078016
1347,motionIntensityG,1.2984571444444444
1347,activeEnergyKcal,73.77806981365818
1347,heartRateBpm,174.77222979403842
1348,punchRatePpm,50.48075025450876
1348,motionIntensityG,1.2984396055555556
1348,activeEnergyKcal,73.8401367164094
1348,heartRateBpm,175.6813557229122
1349,punchRatePpm,50.3208760175493
1349,motionIntensityG,1.2984220666666668
1349,activeEnergyKcal,73.90220278078162
1349,heartRateBpm,176.45872004507805
1350,punchRatePpm,47.511956047520776
1350,motionIntensityG,1.2984045277777778
1350,activeEnergyKcal,73.96426800677483
1350,heartRateBpm,174.7841532673498
1351,punchRatePpm,54.42560478698543
1351,motionIntensityG,1.2983869888888888
1351,activeEnergyKcal,74.02633239438902
1351,heartRateBpm,174.53572485731476
1352,punchRatePpm,46.9034836776904
1352,motionIntensityG,1.29836945
1352,activeEnergyKcal,74.08839594362419
1352,heartRateBpm,175.68909588348183
1353,punchRatePpm,49.30905720973068
1353,motionIntensityG,1.2983519111111113
1353,activeEnergyKcal,74.15045865448036
1353,heartRateBpm,175.62829407563436
1354,punchRatePpm,49.43205735940215
1354,motionIntensityG,1.2983343722222223
1354,activeEnergyKcal,74.21252052695752
1354,heartRateBpm,177.10119470275083
1355,punchRatePpm,48.23072203004973
1355,motionIntensityG,1.2983168333333335
1355,activeEnergyKcal,74.27458156105567
1355,heartRateBpm,175.74921601395116
1356,punchRatePpm,46.23822613862058
1356,motionIntensityG,1.2982992944444445
1356,activeEnergyKcal,74.33664175677481
1356,heartRateBpm,176.53596663611532
1357,punchRatePpm,50.350051744557405
1357,motionIntensityG,1.2982817555555557
1357,activeEnergyKcal,74.39870111411494
1357,heartRateBpm,174.82863193709287
1358,punchRatePpm,47.13792400382957
1358,motionIntensityG,1.2982642166666667
1358,activeEnergyKcal,74.46075963307607
1358,heartRateBpm,175.70237936633808
1359,punchRatePpm,47.90649974448606
1359,motionIntensityG,1.298246677777778
1359,activeEnergyKcal,74.52281731365818
1359,heartRateBpm,177.2026119049541
1360,punchRatePpm,49.90097421957729
1360,motionIntensityG,1.298229138888889
1360,activeEnergyKcal,74.58487415586129
1360,heartRateBpm,176.7385051383574
1361,punchRatePpm,47.392528301431724
1361,motionIntensityG,1.2982116000000001
1361,activeEnergyKcal,74.64693015968538
1361,heartRateBpm,177.3367704893138
1362,punchRatePpm,46.36575467552772
1362,motionIntensityG,1.2981940611111111
1362,activeEnergyKcal,74.70898532513047
1362,heartRateBpm,174.6986434731871
1363,punchRatePpm,43.23256884256866
1363,motionIntensityG,1.2981765222222221
1363,activeEnergyKcal,74.77103965219654
1363,heartRateBpm,174.7094664027935
1364,punchRatePpm,49.66082684079077
1364,motionIntensityG,1.2981589833333333
1364,activeEnergyKcal,74.83309314088359
1364,heartRateBpm,174.74389865997532
1365,punchRatePpm,48.84964746095172
1365,motionIntensityG,1.2981414444444446
1365,activeEnergyKcal,74.89514579119164
1365,heartRateBpm,174.5287909547582
1366,punchRatePpm,46.098440504618985
1366,motionIntensityG,1.2981239055555558
1366,activeEnergyKcal,74.95719760312068
1366,heartRateBpm,176.2548598191079
1367,punchRatePpm,49.82164219853924
1367,motionIntensityG,1.2981063666666668
1367,activeEnergyKcal,75.0192485766707
1367,heartRateBpm,175.78889004075606
1368,punchRatePpm,48.99670791981187
1368,motionIntensityG,1.2980888277777778
1368,activeEnergyKcal,75.08129871184173
1368,heartRateBpm,176.31403234368483
1369,punchRatePpm,49.02128167773821
1369,motionIntensityG,1.298071288888889
1369,activeEnergyKcal,75.14334800863374
1369,heartRateBpm,175.32025239344307
1370,punchRatePpm,44.46329574243499
1370,motionIntensityG,1.2980537500000002
1370,activeEnergyKcal,75.20539646704674
1370,heartRateBpm,176.1640771574794
1371,punchRatePpm,50.71997321660029
1371,motionIntensityG,1.298036211111111
1371,activeEnergyKcal,75.26744408708073
1371,heartRateBpm,174.8837662995124
1372,punchRatePpm,46.50330219948768
1372,motionIntensityG,1.2980186722222222
1372,activeEnergyKcal,75.32949086873572
1372,heartRateBpm,174.30021146698786
1373,punchRatePpm,46.92960259315024
1373,motionIntensityG,1.2980011333333334
1373,activeEnergyKcal,75.3915368120117
1373,heartRateBpm,174.96319178802722
1374,punchRatePpm,44.459556058365955
1374,motionIntensityG,1.2979835944444447
1374,activeEnergyKcal,75.45358191690866
1374,heartRateBpm,176.92154369976586
1375,punchRatePpm,48.0753559134743
1375,motionIntensityG,1.2979660555555554
1375,activeEnergyKcal,75.51562618342662
1375,heartRateBpm,178.40633892337078
1376,punchRatePpm,48.91733101464281
1376,motionIntensityG,1.2979485166666667
1376,activeEnergyKcal,75.57766961156555
1376,heartRateBpm,178.09683075465054
1377,punchRatePpm,49.57625674656863
1377,motionIntensityG,1.2979309777777779
1377,activeEnergyKcal,75.63971220132548
1377,heartRateBpm,179.89843753304706
1378,punchRatePpm,49.957094438674105
1378,motionIntensityG,1.297913438888889
1378,activeEnergyKcal,75.7017539527064
1378,heartRateBpm,177.1328577288591
1379,punchRatePpm,44.026675439948335
1379,motionIntensityG,1.2978959
1379,activeEnergyKcal,75.7637948657083
1379,heartRateBpm,177.53362678948645
1380,punchRatePpm,9.59771553267594
1380,motionIntensityG,0.2
1380,activeEnergyKcal,75.8258349403312
1380,heartRateBpm,177.61320955482634
1381,punchRatePpm,6.75354193057465
1381,motionIntensityG,0.2
1381,activeEnergyKcal,75.86589281955364
1381,heartRateBpm,177.44388103947946
1382,punchRatePpm,8.477330589293116
1382,motionIntensityG,0.2
1382,activeEnergyKcal,75.9059517211895
1382,heartRateBpm,175.27076338106954
1383,punchRatePpm,7.292202647436753
1383,motionIntensityG,0.2
1383,activeEnergyKcal,75.94601164523878
1383,heartRateBpm,174.45781597025007
1384,punchRatePpm,9.152116084885467
1384,motionIntensityG,0.2
1384,activeEnergyKcal,75.9860725917015
1384,heartRateBpm,170.8497415392442
1385,punchRatePpm,7.757254342922303
1385,motionIntensityG,0.2
1385,activeEnergyKcal,76.02613456057765
1385,heartRateBpm,170.4551928851525
1386,punchRatePpm,8.887998711170031
1386,motionIntensityG,0.2
1386,activeEnergyKcal,76.06619755186722
1386,heartRateBpm,170.54823828258301
1387,punchRatePpm,9.39458206506171
1387,motionIntensityG,0.2
1387,activeEnergyKcal,76.10626156557022
1387,heartRateBpm,167.6348171305212
1388,punchRatePpm,7.073762187331413
1388,motionIntensityG,0.2
1388,activeEnergyKcal,76.14632660168664
1388,heartRateBpm,165.99177290224583
1389,punchRatePpm,6.74783325992778
1389,motionIntensityG,0.2
1389,activeEnergyKcal,76.18639266021648
1389,heartRateBpm,163.5794801665099
1390,punchRatePpm,7.567595960079361
1390,motionIntensityG,0.2
1390,activeEnergyKcal,76.22645974115976
1390,heartRateBpm,160.97047608574732
1391,punchRatePpm,9.44411742397177
1391,motionIntensityG,0.2
1391,activeEnergyKcal,76.26652784451646
1391,heartRateBpm,159.7381594841901
1392,punchRatePpm,7.676832251553894
1392,motionIntensityG,0.2
1392,activeEnergyKcal,76.30659697028659
1392,heartRateBpm,160.3655299721633
1393,punchRatePpm,9.73856284760323
1393,motionIntensityG,0.2
1393,activeEnergyKcal,76.34666711847015
1393,heartRateBpm,159.4728147892169
1394,punchRatePpm,7.97283061440698
1394,motionIntensityG,0.2
1394,activeEnergyKcal,76.38673828906714
1394,heartRateBpm,155.9538719283368
1395,punchRatePpm,9.186998174945465
1395,motionIntensityG,0.2
1395,activeEnergyKcal,76.42681048207756
1395,heartRateBpm,154.82081562659243
1396,punchRatePpm,10.320388264997499
1396,motionIntensityG,0.2
1396,activeEnergyKcal,76.46688369750139
1396,heartRateBpm,154.475881769797
1397,punchRatePpm,9.858494045180823
1397,motionIntensityG,0.2
1397,activeEnergyKcal,76.50695793533865
1397,heartRateBpm,156.39738623029928
1398,punchRatePpm,9.589252754067488
1398,motionIntensityG,0.2
1398,activeEnergyKcal,76.54703319558934
1398,heartRateBpm,153.9727027360969
1399,punchRatePpm,8.48715177830709
1399,motionIntensityG,0.2
1399,activeEnergyKcal,76.58710947825345
1399,heartRateBpm,154.63418641697257
1400,punchRatePpm,7.979417343214129
1400,motionIntensityG,0.2
1400,activeEnergyKcal,76.627186783331
1400,heartRateBpm,152.95409960355312
1401,punchRatePpm,6.511903466041932
1401,motionIntensityG,0.2
1401,activeEnergyKcal,76.66726511082197
1401,heartRateBpm,153.79620203800798
1402,punchRatePpm,8.258237152578015
1402,motionIntensityG,0.2
1402,activeEnergyKcal,76.70734446072638
1402,heartRateBpm,151.27647115498723
1403,punchRatePpm,8.304245221153538
1403,motionIntensityG,0.2
1403,activeEnergyKcal,76.7474248330442
1403,heartRateBpm,153.60532442843635
1404,punchRatePpm,7.598678994820904
1404,motionIntensityG,0.2
1404,activeEnergyKcal,76.78750622777545
1404,heartRateBpm,153.76263419127426
1405,punchRatePpm,7.124321989727237
1405,motionIntensityG,0.2
1405,activeEnergyKcal,76.82758864492013
1405,heartRateBpm,152.41209730801077
1406,punchRatePpm,7.841051405602583
1406,motionIntensityG,0.2
1406,activeEnergyKcal,76.86767208447823
1406,heartRateBpm,151.74699585724557
1407,punchRatePpm,9.606717764938272
1407,motionIntensityG,0.2
1407,activeEnergyKcal,76.90775654644976
1407,heartRateBpm,152.53252309958924
1408,punchRatePpm,7.762462198695994
1408,motionIntensityG,0.2
1408,activeEnergyKcal,76.94784203083472
1408,heartRateBpm,152.6455198468965
1409,punchRatePpm,6.7178534390385245
1409,motionIntensityG,0.2
1409,activeEnergyKcal,76.98792853763311
1409,heartRateBpm,150.32756022728748
1410,punchRatePpm,8.614019855081096
1410,motionIntensityG,0.2
1410,activeEnergyKcal,77.02801606684493
1410,heartRateBpm,150.2900845274148
1411,punchRatePpm,6.398105363347053
1411,motionIntensityG,0.2
1411,activeEnergyKcal,77.06810461847017
1411,heartRateBpm,151.32834234317835
1412,punchRatePpm,7.322508812768213
1412,motionIntensityG,0.2
1412,activeEnergyKcal,77.10819419250883
1412,heartRateBpm,150.44570086492135
1413,punchRatePpm,7.206622963874252
1413,motionIntensityG,0.2
1413,activeEnergyKcal,77.14828478896092
1413,heartRateBpm,150.6194523783179
1414,punchRatePpm,6.27584990267712
1414,motionIntensityG,0.2
1414,activeEnergyKcal,77.18837640782644
1414,heartRateBpm,149.55474623681883
1415,punchRatePpm,8.530966314202965
1415,motionIntensityG,0.2
1415,activeEnergyKcal,77.22846904910539
1415,heartRateBpm,148.16887694845894
1416,punchRatePpm,7.4849434344223
1416,motionIntensityG,0.2
1416,activeEnergyKcal,77.26856271279776
1416,heartRateBpm,150.95503201522325
1417,punchRatePpm,8.467862548978607
1417,motionIntensityG,0.2
1417,activeEnergyKcal,77.30865739890356
1417,heartRateBpm,149.24390608013854
1418,punchRatePpm,7.212998911570285
1418,motionIntensityG,0.2
1418,activeEnergyKcal,77.3487531074228
1418,heartRateBpm,147.53489451655258
1419,punchRatePpm,9.211404151930832
1419,motionIntensityG,0.2
1419,activeEnergyKcal,77.38884983835545
1419,heartRateBpm,146.59992776787922
1420,punchRatePpm,9.909956311372486
1420,motionIntensityG,0.2
1420,activeEnergyKcal,77.42894759170153
1420,heartRateBpm,145.211344653628
1421,punchRatePpm,8.28067630944088
1421,motionIntensityG,0.2
1421,activeEnergyKcal,77.46904636746103
1421,heartRateBpm,145.30822335545062
1422,punchRatePpm,6.934160508870026
1422,motionIntensityG,0.2
1422,activeEnergyKcal,77.50914616563396
1422,heartRateBpm,142.2181192693586
1423,punchRatePpm,7.323843847042512
1423,motionIntensityG,0.2
1423,activeEnergyKcal,77.54924698622033
1423,heartRateBpm,140.596418209322
1424,punchRatePpm,10.327473590622528
1424,motionIntensityG,0.2
1424,activeEnergyKcal,77.58934882922011
1424,heartRateBpm,138.80359009451814
1425,punchRatePpm,8.347090584084459
1425,motionIntensityG,0.2
1425,activeEnergyKcal,77.62945169463333
1425,heartRateBpm,140.02154579503562
1426,punchRatePpm,8.748024255817969
1426,motionIntensityG,0.2
1426,activeEnergyKcal,77.66955558245998
1426,heartRateBpm,138.56681190289055
1427,punchRatePpm,8.84768602004543
1427,motionIntensityG,0.2
1427,activeEnergyKcal,77.70966049270005
1427,heartRateBpm,138.11037810340395
1428,punchRatePpm,8.891401950170323
1428,motionIntensityG,0.2
1428,activeEnergyKcal,77.74976642535354
1428,heartRateBpm,135.0371864213928
1429,punchRatePpm,7.562005952509274
1429,motionIntensityG,0.2
1429,activeEnergyKcal,77.78987338042046
1429,heartRateBpm,135.08650163914882
1430,punchRatePpm,9.095909939058338
1430,motionIntensityG,0.2
1430,activeEnergyKcal,77.8299813579008
1430,heartRateBpm,133.44226273959805
1431,punchRatePpm,6.38044850720156
1431,motionIntensityG,0.2
1431,activeEnergyKcal,77.87009035779458
1431,heartRateBpm,132.18782128461567
1432,punchRatePpm,5.757026775494279
1432,motionIntensityG,0.2
1432,activeEnergyKcal,77.91020038010178
1432,heartRateBpm,133.04153449470985
1433,punchRatePpm,9.344364501191466
1433,motionIntensityG,0.2
1433,activeEnergyKcal,77.95031142482242
1433,heartRateBpm,132.12418464426497
1434,punchRatePpm,7.4792755492458545
1434,motionIntensityG,0.2
1434,activeEnergyKcal,77.99042349195648
1434,heartRateBpm,132.97371273265435
1435,punchRatePpm,7.81016234438912
1435,motionIntensityG,0.2
1435,activeEnergyKcal,78.03053658150397
1435,heartRateBpm,134.93027571195648
1436,punchRatePpm,8.209857526880521
1436,motionIntensityG,0.2
1436,activeEnergyKcal,78.07065069346487
1436,heartRateBpm,134.48853287498187
1437,punchRatePpm,7.624613575567978
1437,motionIntensityG,0.2
1437,activeEnergyKcal,78.1107658278392
1437,heartRateBpm,133.35584668124784
1438,punchRatePpm,7.471322564098228
1438,motionIntensityG,0.2
1438,activeEnergyKcal,78.15088198462696
1438,heartRateBpm,132.33267963991906
1439,punchRatePpm,8.971957907263779
1439,motionIntensityG,0.2
1439,activeEnergyKcal,78.19099916382815
1439,heartRateBpm,131.99086837918904
1440,punchRatePpm,8.679979604865371
1440,motionIntensityG,0.2
1440,activeEnergyKcal,78.23111736544277
1440,heartRateBpm,131.96972687006482
1441,punchRatePpm,6.208667064923162
1441,motionIntensityG,0.2
1441,activeEnergyKcal,78.27123658947082
1441,heartRateBpm,133.37060894847954
1442,punchRatePpm,8.229606053268661
1442,motionIntensityG,0.2
1442,activeEnergyKcal,78.31135683591229
1442,heartRateBpm,133.98990257278928
1443,punchRatePpm,8.359514667183342
1443,motionIntensityG,0.2
1443,activeEnergyKcal,78.3514781047672
1443,heartRateBpm,133.75476967533035
1444,punchRatePpm,9.087879033279638
1444,motionIntensityG,0.2
1444,activeEnergyKcal,78.39160039603551
1444,heartRateBpm,133.8859976107065
1445,punchRatePpm,6.686445451628679
1445,motionIntensityG,0.2
1445,activeEnergyKcal,78.43172370971726
1445,heartRateBpm,132.1931855976761
1446,punchRatePpm,7.367121786937589
1446,motionIntensityG,0.2
1446,activeEnergyKcal,78.47184804581244
1446,heartRateBpm,131.28566890965746
1447,punchRatePpm,9.113452077338703
1447,motionIntensityG,0.2
1447,activeEnergyKcal,78.51197340432104
1447,heartRateBpm,131.0364278644624
1448,punchRatePpm,8.380266806776557
1448,motionIntensityG,0.2
1448,activeEnergyKcal,78.55209978524307
1448,heartRateBpm,131.1074764028853
1449,punchRatePpm,8.983730236478104
1449,motionIntensityG,0.2
1449,activeEnergyKcal,78.59222718857853
1449,heartRateBpm,130.7868409479158
1450,punchRatePpm,9.55525718170153
1450,motionIntensityG,0.2
1450,activeEnergyKcal,78.63235561432742
1450,heartRateBpm,130.3453969905955
1451,punchRatePpm,8.240591519667346
1451,motionIntensityG,0.2
1451,activeEnergyKcal,78.67248506248974
1451,heartRateBpm,130.7626836192591
1452,punchRatePpm,10.81187314377687
1452,motionIntensityG,0.2
1452,activeEnergyKcal,78.71261553306547
1452,heartRateBpm,131.0805285868989
1453,punchRatePpm,9.386049496001434
1453,motionIntensityG,0.2
1453,activeEnergyKcal,78.75274702605464
1453,heartRateBpm,131.79384180050673
1454,punchRatePpm,8.279960434705629
1454,motionIntensityG,0.2
1454,activeEnergyKcal,78.79287954145722
1454,heartRateBpm,130.71171106872427
1455,punchRatePpm,6.868119047088436
1455,motionIntensityG,0.2
1455,activeEnergyKcal,78.83301307927324
1455,heartRateBpm,128.73826674278234
1456,punchRatePpm,7.111383940833299
1456,motionIntensityG,0.2
1456,activeEnergyKcal,78.87314763950269
1456,heartRateBpm,126.2869201251664
1457,punchRatePpm,8.659363114707636
1457,motionIntensityG,0.2
1457,activeEnergyKcal,78.91328322214557
1457,heartRateBpm,125.23149981801109
1458,punchRatePpm,8.731357708429368
1458,motionIntensityG,0.2
1458,activeEnergyKcal,78.95341982720187
1458,heartRateBpm,125.0741564959085
1459,punchRatePpm,8.189356927386502
1459,motionIntensityG,0.2
1459,activeEnergyKcal,78.9935574546716
1459,heartRateBpm,124.37541480583526
1460,punchRatePpm,8.897222445998388
1460,motionIntensityG,0.2
1460,activeEnergyKcal,79.03369610455475
1460,heartRateBpm,122.69162906286118
1461,punchRatePpm,5.461437450339982
1461,motionIntensityG,0.2
1461,activeEnergyKcal,79.07383577685133
1461,heartRateBpm,124.34752417473933
1462,punchRatePpm,6.570342725103077
1462,motionIntensityG,0.2
1462,activeEnergyKcal,79.11397647156133
1462,heartRateBpm,125.49808823033514
1463,punchRatePpm,7.048438322907888
1463,motionIntensityG,0.2
1463,activeEnergyKcal,79.15411818868476
1463,heartRateBpm,124.41101426906917
1464,punchRatePpm,6.064186037378244
1464,motionIntensityG,0.2
1464,activeEnergyKcal,79.19426092822162
1464,heartRateBpm,126.21644072753455
1465,punchRatePpm,8.58646101791054
1465,motionIntensityG,0.2
1465,activeEnergyKcal,79.23440469017191
1465,heartRateBpm,125.06528730054434
1466,punchRatePpm,8.881754968290304
1466,motionIntensityG,0.2
1466,activeEnergyKcal,79.27454947453563
1466,heartRateBpm,125.27890112206774
1467,punchRatePpm,9.195596076976372
1467,motionIntensityG,0.2
1467,activeEnergyKcal,79.31469528131278
1467,heartRateBpm,123.50384477622958
1468,punchRatePpm,8.729389690110951
1468,motionIntensityG,0.2
1468,activeEnergyKcal,79.35484211050334
1468,heartRateBpm,122.82397004531614
1469,punchRatePpm,8.101421435004937
1469,motionIntensityG,0.2
1469,activeEnergyKcal,79.39498996210733
1469,heartRateBpm,124.5930224990842
1470,punchRatePpm,9.23583653174216
1470,motionIntensityG,0.2
1470,activeEnergyKcal,79.43513883612475
1470,heartRateBpm,125.92488223491566
1471,punchRatePpm,8.007061495666703
1471,motionIntensityG,0.2
1471,activeEnergyKcal,79.4752887325556
1471,heartRateBpm,126.31192540540648
1472,punchRatePpm,8.035646348389804
1472,motionIntensityG,0.2
1472,activeEnergyKcal,79.51543965139987
1472,heartRateBpm,126.90548830308387
1473,punchRatePpm,8.126405593239399
1473,motionIntensityG,0.2
1473,activeEnergyKcal,79.55559159265758
1473,heartRateBpm,125.06947980627076
1474,punchRatePpm,10.241284384311816
1474,motionIntensityG,0.2
1474,activeEnergyKcal,79.59574455632871
1474,heartRateBpm,123.58060486454508
1475,punchRatePpm,10.23082277339262
1475,motionIntensityG,0.2
1475,activeEnergyKcal,79.63589751999984
1475,heartRateBpm,123.46334376344
1476,punchRatePpm,7.775289971459651
1476,motionIntensityG,0.2
1476,activeEnergyKcal,79.67605048367098
1476,heartRateBpm,124.17027158639115
1477,punchRatePpm,8.211780233512314
1477,motionIntensityG,0.2
1477,activeEnergyKcal,79.71620344734211
1477,heartRateBpm,121.93003474314655
1478,punchRatePpm,6.669274505358446
1478,motionIntensityG,0.2
1478,activeEnergyKcal,79.75635641101324
1478,heartRateBpm,121.58434127712421
1479,punchRatePpm,8.570290404815008
1479,motionIntensityG,0.2
1479,activeEnergyKcal,79.79650937468438
1479,heartRateBpm,122.52104884404426
1480,punchRatePpm,6.180429845682799
1480,motionIntensityG,0.2
1480,activeEnergyKcal,79.83666233835551
1480,heartRateBpm,120.59088590322249
1481,punchRatePpm,7.266876391396465
1481,motionIntensityG,0.2
1481,activeEnergyKcal,79.87681530202664
1481,heartRateBpm,118.822366685706
1482,punchRatePpm,7.5355667533413655
1482,motionIntensityG,0.2
1482,activeEnergyKcal,79.91696826569778
1482,heartRateBpm,119.13245281326412
1483,punchRatePpm,8.162409572439163
1483,motionIntensityG,0.2
1483,activeEnergyKcal,79.95712122936891
1483,heartRateBpm,119.68735379733529
1484,punchRatePpm,7.114343552030229
1484,motionIntensityG,0.2
1484,activeEnergyKcal,79.99727419304004
1484,heartRateBpm,119.76815604544039
1485,punchRatePpm,9.472051750905095
1485,motionIntensityG,0.2
1485,activeEnergyKcal,80.03742715671117
1485,heartRateBpm,118.64495003852814
1486,punchRatePpm,8.285684768397712
1486,motionIntensityG,0.2
1486,activeEnergyKcal,80.07758012038231
1486,heartRateBpm,118.17276799860784
1487,punchRatePpm,7.0119270114063434
1487,motionIntensityG,0.2
1487,activeEnergyKcal,80.11773308405344
1487,heartRateBpm,116.6630869327404
1488,punchRatePpm,6.383800537858253
1488,motionIntensityG,0.2
1488,activeEnergyKcal,80.15788604772457
1488,heartRateBpm,116.65005674200897
1489,punchRatePpm,7.363236062822674
1489,motionIntensityG,0.2
1489,activeEnergyKcal,80.19803901139571
1489,heartRateBpm,118.7327072476763
1490,punchRatePpm,7.591076689101193
1490,motionIntensityG,0.2
1490,activeEnergyKcal,80.23819197506684
1490,heartRateBpm,117.5520888731616
1491,punchRatePpm,8.516671143511985
1491,motionIntensityG,0.2
1491,activeEnergyKcal,80.27834493873797
1491,heartRateBpm,116.2518163079114
1492,punchRatePpm,7.319178830413955
1492,motionIntensityG,0.2
1492,activeEnergyKcal,80.3184979024091
1492,heartRateBpm,118.28915321388887
1493,punchRatePpm,6.443950671721344
1493,motionIntensityG,0.2
1493,activeEnergyKcal,80.35865086608024
1493,heartRateBpm,121.57802324972052
1494,punchRatePpm,8.14869727177949
1494,motionIntensityG,0.2
1494,activeEnergyKcal,80.39880382975137
1494,heartRateBpm,121.34087514229736
1495,punchRatePpm,7.818463016358529
1495,motionIntensityG,0.2
1495,activeEnergyKcal,80.4389567934225
1495,heartRateBpm,121.15535416319226
1496,punchRatePpm,7.865179418056742
1496,motionIntensityG,0.2
1496,activeEnergyKcal,80.47910975709364
1496,heartRateBpm,122.35245991318733
1497,punchRatePpm,8.054121349234036
1497,motionIntensityG,0.2
1497,activeEnergyKcal,80.51926272076477
1497,heartRateBpm,123.33458540927523
1498,punchRatePpm,7.661102683552019
1498,motionIntensityG,0.2
1498,activeEnergyKcal,80.5594156844359
1498,heartRateBpm,122.96991100344394
1499,punchRatePpm,7.320592590603271
1499,motionIntensityG,0.2
1499,activeEnergyKcal,80.59956864810704
1499,heartRateBpm,123.12385756867108
