t,kind,value
# event: gradual_fade-0-900 kind=gradual_fade atSec=900
0,speedMps,0.9604231322123935
0,paceSecPerKm,1041.2077411093157
0,strokeRateSpm,36.18823687789815
0,distanceM,0.9604231322123935
0,activeEnergyKcal,0.046462715105162526
0,heartRateBpm,58.6981153525781
1,speedMps,0.9401444682011828
1,paceSecPerKm,1063.6663128097123
1,strokeRateSpm,34.87856526585033
1,distanceM,1.9005676004135763
1,activeEnergyKcal,0.09292543021032505
1,heartRateBpm,60.52466579272046
2,speedMps,0.8870255766626621
2,paceSecPerKm,1127.3632083557184
2,strokeRateSpm,36.0963296976218
2,distanceM,2.7875931770762383
2,activeEnergyKcal,0.13938814531548757
2,heartRateBpm,58.36417068367352
3,speedMps,0.9791083332033954
3,paceSecPerKm,1021.3374415150286
3,strokeRateSpm,36.667423477179746
3,distanceM,3.766701510279634
3,activeEnergyKcal,0.1858508604206501
3,heartRateBpm,59.376448919613175
4,speedMps,0.9491241100664781
4,paceSecPerKm,1053.6029897396227
4,strokeRateSpm,36.50831561855296
4,distanceM,4.715825620346112
4,activeEnergyKcal,0.23231357552581264
4,heartRateBpm,64.10007412909829
5,speedMps,0.9355014235876499
5,paceSecPerKm,1068.94546046226
5,strokeRateSpm,35.34220969234986
5,distanceM,5.651327043933762
5,activeEnergyKcal,0.27877629063097514
5,heartRateBpm,65.11226155641688
6,speedMps,0.9845851805875016
6,paceSecPerKm,1015.6561562335322
6,strokeRateSpm,37.54233095038009
6,distanceM,6.635912224521263
6,activeEnergyKcal,0.3252390057361377
6,heartRateBpm,67.15272101671465
7,speedMps,0.9353207873556879
7,paceSecPerKm,1069.1519033027923
7,strokeRateSpm,36.2681543513997
7,distanceM,7.571233011876951
7,activeEnergyKcal,0.3717017208413002
7,heartRateBpm,67.63415716311445
8,speedMps,0.9456106129433713
8,paceSecPerKm,1057.5177417767475
8,strokeRateSpm,36.01352136859821
8,distanceM,8.516843624820323
8,activeEnergyKcal,0.41816443594646274
8,heartRateBpm,69.8070525115331
9,speedMps,0.9036523754224904
9,paceSecPerKm,1106.62023052002
9,strokeRateSpm,36.16187024675335
9,distanceM,9.420496000242814
9,activeEnergyKcal,0.4646271510516253
9,heartRateBpm,70.77995604765422
10,speedMps,0.9270890154476259
10,paceSecPerKm,1078.6450743536968
10,strokeRateSpm,36.59291856578147
10,distanceM,10.34758501569044
10,activeEnergyKcal,0.5110898661567878
11,speedMps,0.951266999975474
11,paceSecPerKm,1051.2295706944342
11,strokeRateSpm,36.11393462827578
11,distanceM,11.298852015665913
11,activeEnergyKcal,0.5575525812619503
11,heartRateBpm,72.89784261019365
12,speedMps,0.9114819063360058
12,paceSecPerKm,1097.1144825242018
12,strokeRateSpm,36.139020770136945
12,distanceM,12.210333922001919
12,activeEnergyKcal,0.6040152963671128
12,heartRateBpm,73.03597291509053
13,speedMps,0.9409746338390409
13,paceSecPerKm,1062.7279036419336
13,strokeRateSpm,36.86198411463746
13,distanceM,13.15130855584096
13,activeEnergyKcal,0.6504780114722754
13,heartRateBpm,76.04195769359488
14,speedMps,0.9277832252950206
14,paceSecPerKm,1077.837982770184
14,strokeRateSpm,36.148763528618645
14,distanceM,14.079091781135979
14,activeEnergyKcal,0.6969407265774379
14,heartRateBpm,76.17688921876737
15,speedMps,0.979810542183876
15,paceSecPerKm,1020.6054711057958
15,strokeRateSpm,37.04601920665356
15,distanceM,15.058902323319854
15,activeEnergyKcal,0.7434034416826004
15,heartRateBpm,78.09079645338174
16,speedMps,0.9272779994597388
16,paceSecPerKm,1078.4252409553892
16,strokeRateSpm,37.256352143581005
16,distanceM,15.986180322779592
16,activeEnergyKcal,0.789866156787763
16,heartRateBpm,77.87105192865442
17,speedMps,0.9249305782289002
17,paceSecPerKm,1081.1622229149848
17,strokeRateSpm,35.7865465520684
17,distanceM,16.91111090100849
17,activeEnergyKcal,0.8363288718929255
17,heartRateBpm,78.01562984776868
18,speedMps,0.9243243215029919
18,paceSecPerKm,1081.871348331456
18,strokeRateSpm,34.542739631673456
18,distanceM,17.835435222511485
18,activeEnergyKcal,0.882791586998088
18,heartRateBpm,78.53106744127724
19,speedMps,0.9302110817440041
19,paceSecPerKm,1075.02481923259
19,strokeRateSpm,37.362138260123956
19,distanceM,18.76564630425549
19,activeEnergyKcal,0.9292543021032506
19,heartRateBpm,79.40395343579316
20,speedMps,0.9586066671855719
20,paceSecPerKm,1043.1807270190986
20,strokeRateSpm,35.23035172987472
20,distanceM,19.72425297144106
20,activeEnergyKcal,0.9757170172084131
20,heartRateBpm,80.10756267871876
21,speedMps,0.9699966850650493
21,paceSecPerKm,1030.931358216898
21,strokeRateSpm,37.217495156493776
21,distanceM,20.69424965650611
21,activeEnergyKcal,1.0221797323135755
21,heartRateBpm,82.23780879428475
22,speedMps,0.9631455392965967
22,paceSecPerKm,1038.264685034329
22,strokeRateSpm,35.95396765383266
22,distanceM,21.657395195802707
22,activeEnergyKcal,1.068642447418738
22,heartRateBpm,84.2866590993346
23,speedMps,0.9406258489070934
23,paceSecPerKm,1063.121964128344
23,strokeRateSpm,36.98814965560104
23,distanceM,22.5980210447098
23,activeEnergyKcal,1.1151051625239004
23,heartRateBpm,85.134988393089
24,speedMps,0.9712755695416031
24,paceSecPerKm,1029.5739245989205
24,strokeRateSpm,35.92361423876093
24,distanceM,23.569296614251403
24,activeEnergyKcal,1.1615678776290628
25,speedMps,0.9042649164377456
25,paceSecPerKm,1105.8706158139944
25,strokeRateSpm,36.14175681317395
25,distanceM,24.47356153068915
25,activeEnergyKcal,1.2080305927342252
25,heartRateBpm,91.3104078649735
26,speedMps,0.9106686129511088
26,paceSecPerKm,1098.094285647338
26,strokeRateSpm,35.43036819405877
26,distanceM,25.38423014364026
26,activeEnergyKcal,1.2544933078393876
26,heartRateBpm,91.13067355719413
27,speedMps,0.9159447980588602
27,paceSecPerKm,1091.7688512662291
27,strokeRateSpm,35.63130310894496
27,distanceM,26.30017494169912
27,activeEnergyKcal,1.30095602294455
28,speedMps,0.9338962015782505
28,paceSecPerKm,1070.7828110983176
28,strokeRateSpm,37.08349443847698
28,distanceM,27.23407114327737
28,activeEnergyKcal,1.3474187380497125
29,speedMps,0.974796359996779
29,paceSecPerKm,1025.855287357971
29,strokeRateSpm,36.320142851175774
29,distanceM,28.20886750327415
29,activeEnergyKcal,1.3938814531548749
29,heartRateBpm,93.9258529187984
30,speedMps,0.9974567719030595
30,paceSecPerKm,1002.549712597658
30,strokeRateSpm,37.93244646702681
30,distanceM,29.20632427517721
30,activeEnergyKcal,1.4403441682600373
30,heartRateBpm,95.2035148550843
31,speedMps,0.8822004030461486
31,paceSecPerKm,1133.529293964389
31,strokeRateSpm,36.06918553133066
31,distanceM,30.088524678223358
31,activeEnergyKcal,1.4868068833651997
31,heartRateBpm,95.00204577439702
32,speedMps,0.8997191485469025
32,paceSecPerKm,1111.457949533537
32,strokeRateSpm,36.72359604143629
32,distanceM,30.988243826770262
32,activeEnergyKcal,1.5332695984703621
32,heartRateBpm,97.812272561873
33,speedMps,0.9265585229476435
33,paceSecPerKm,1079.2626425999715
33,strokeRateSpm,35.667078055154576
33,distanceM,31.914802349717906
33,activeEnergyKcal,1.5797323135755246
33,heartRateBpm,98.24056629046025
34,speedMps,0.934015796190812
34,paceSecPerKm,1070.645704364199
34,strokeRateSpm,35.9931165931175
34,distanceM,32.848818145908716
34,activeEnergyKcal,1.626195028680687
34,heartRateBpm,98.97477947928712
35,speedMps,0.9656540949270498
35,paceSecPerKm,1035.5675031601713
35,strokeRateSpm,36.849206910067224
35,distanceM,33.81447224083576
35,activeEnergyKcal,1.6726577437858494
35,heartRateBpm,99.14702704377996
36,speedMps,0.9153625395625855
36,paceSecPerKm,1092.4633211206778
36,strokeRateSpm,36.277644518237686
36,distanceM,34.72983478039835
36,activeEnergyKcal,1.7191204588910118
36,heartRateBpm,101.67490020108175
37,speedMps,0.9812430826261257
37,paceSecPerKm,1019.1154645632504
37,strokeRateSpm,37.05784868355995
37,distanceM,35.71107786302448
37,activeEnergyKcal,1.7655831739961743
37,heartRateBpm,102.85668915119598
38,speedMps,0.9813492214378352
38,paceSecPerKm,1019.0052411055449
38,strokeRateSpm,37.55676733767422
38,distanceM,36.69242708446232
38,activeEnergyKcal,1.8120458891013367
38,heartRateBpm,102.29523835040891
39,speedMps,1.0134407285414724
39,paceSecPerKm,986.737528734595
39,strokeRateSpm,35.92028396743005
39,distanceM,37.70586781300379
39,activeEnergyKcal,1.858508604206499
39,heartRateBpm,103.27948998852823
40,speedMps,0.9836396049090147
40,paceSecPerKm,1016.6325095180553
40,strokeRateSpm,36.36948089930276
40,distanceM,38.68950741791281
40,activeEnergyKcal,1.9049713193116615
40,heartRateBpm,104.82596903724993
41,speedMps,0.9180979335977637
41,paceSecPerKm,1089.2084203711095
41,strokeRateSpm,36.655689360809994
41,distanceM,39.60760535151057
41,activeEnergyKcal,1.951434034416824
41,heartRateBpm,104.98903864807237
42,speedMps,0.9509225334787101
42,paceSecPerKm,1051.6103728678638
42,strokeRateSpm,37.689205667700115
42,distanceM,40.55852788498928
42,activeEnergyKcal,1.9978967495219864
42,heartRateBpm,107.83102064941392
43,speedMps,0.9552842948935601
43,paceSecPerKm,1046.8087933042195
43,strokeRateSpm,36.636027556994506
43,distanceM,41.51381217988284
43,activeEnergyKcal,2.044359464627149
43,heartRateBpm,107.23149634608139
44,speedMps,0.974887222627352
44,paceSecPerKm,1025.7596743395286
44,strokeRateSpm,35.774289613501566
44,distanceM,42.48869940251019
44,activeEnergyKcal,2.0908221797323114
44,heartRateBpm,109.7644765820126
45,speedMps,0.9549326021890162
45,paceSecPerKm,1047.1943231466541
45,strokeRateSpm,37.2121162643313
45,distanceM,43.44363200469921
45,activeEnergyKcal,2.137284894837474
45,heartRateBpm,107.92098421464212
46,speedMps,0.9471497770990868
46,paceSecPerKm,1055.7992243452582
46,strokeRateSpm,38.20981282007955
46,distanceM,44.390781781798296
46,activeEnergyKcal,2.1837476099426367
46,heartRateBpm,108.72082172777795
47,speedMps,0.9480557369510806
47,paceSecPerKm,1054.7903050678967
47,strokeRateSpm,35.90198718987498
47,distanceM,45.33883751874938
47,activeEnergyKcal,2.2302103250477994
47,heartRateBpm,107.76969632307669
48,speedMps,0.9915735985456046
48,paceSecPerKm,1008.4980090905556
48,strokeRateSpm,36.33913095432869
48,distanceM,46.330411117294986
48,activeEnergyKcal,2.276673040152962
48,heartRateBpm,108.74101283731979
49,speedMps,1.0052964946131266
49,paceSecPerKm,994.7314104430803
49,strokeRateSpm,36.04151665348058
49,distanceM,47.33570761190811
49,activeEnergyKcal,2.3231357552581247
49,heartRateBpm,107.98875598407811
50,speedMps,0.8984042206846601
50,paceSecPerKm,1113.0847083931944
50,strokeRateSpm,37.6583727735128
50,distanceM,48.234111832592774
50,activeEnergyKcal,2.3695984703632873
50,heartRateBpm,107.59238419112522
51,speedMps,0.9730468185757506
51,paceSecPerKm,1027.6997785817755
51,strokeRateSpm,36.35021099483301
51,distanceM,49.20715865116853
51,activeEnergyKcal,2.41606118546845
51,heartRateBpm,106.04794180831482
52,speedMps,0.9120482426008287
52,paceSecPerKm,1096.4332293962489
52,strokeRateSpm,35.39110498666553
52,distanceM,50.11920689376936
52,activeEnergyKcal,2.4625239005736126
53,speedMps,0.91062012403102
53,paceSecPerKm,1098.1527572368204
53,strokeRateSpm,36.90146605608202
53,distanceM,51.02982701780038
53,activeEnergyKcal,2.5089866156787752
53,heartRateBpm,105.60283399311429
54,speedMps,0.9162800753632949
54,paceSecPerKm,1091.3693606220904
54,strokeRateSpm,35.31790169921314
54,distanceM,51.946107093163675
54,activeEnergyKcal,2.555449330783938
55,speedMps,0.9302249932339844
55,paceSecPerKm,1075.0087422650713
55,strokeRateSpm,38.41622310482094
55,distanceM,52.87633208639766
55,activeEnergyKcal,2.6019120458891005
55,heartRateBpm,105.27197819352098
56,speedMps,0.9660203816366087
56,paceSecPerKm,1035.1748462137245
56,strokeRateSpm,37.04002492461223
56,distanceM,53.84235246803427
56,activeEnergyKcal,2.648374760994263
56,heartRateBpm,105.18841532104955
57,speedMps,0.9968950829106349
57,paceSecPerKm,1003.1145876257106
57,strokeRateSpm,36.412877938060696
57,distanceM,54.839247550944904
57,activeEnergyKcal,2.694837476099426
57,heartRateBpm,106.45243622720395
58,speedMps,0.9312612447498945
58,paceSecPerKm,1073.8125371775418
58,strokeRateSpm,36.14132222754402
58,distanceM,55.7705087956948
58,activeEnergyKcal,2.7413001912045885
58,heartRateBpm,107.10543001146844
59,speedMps,0.9521812561518842
59,paceSecPerKm,1050.2202112666753
59,strokeRateSpm,35.77022965031307
59,distanceM,56.72269005184668
59,activeEnergyKcal,2.787762906309751
59,heartRateBpm,107.3006652251208
60,speedMps,0.9135150468588764
60,paceSecPerKm,1094.6727187893646
60,strokeRateSpm,36.30864575067501
60,distanceM,57.63620509870556
60,activeEnergyKcal,2.8342256214149137
60,heartRateBpm,108.1811273413368
61,speedMps,0.9367519737947362
61,paceSecPerKm,1067.518433880688
61,strokeRateSpm,35.34624318046825
61,distanceM,58.572957072500294
61,activeEnergyKcal,2.8806883365200764
61,heartRateBpm,107.52507794005606
62,speedMps,0.9296365812619972
62,paceSecPerKm,1075.6891673114706
62,strokeRateSpm,36.73322079633675
62,distanceM,59.50259365376229
62,activeEnergyKcal,2.927151051625239
62,heartRateBpm,109.06744656912107
63,speedMps,0.9413584279755303
63,paceSecPerKm,1062.294626872979
63,strokeRateSpm,35.50374401668818
63,distanceM,60.44395208173782
63,activeEnergyKcal,2.9736137667304017
63,heartRateBpm,111.71268001067546
64,speedMps,1.0029997255940852
64,paceSecPerKm,997.0092458476911
64,strokeRateSpm,39.74768005981533
64,distanceM,61.44695180733191
64,activeEnergyKcal,3.0200764818355643
65,speedMps,0.9456925650736737
65,paceSecPerKm,1057.4260990643354
65,strokeRateSpm,37.02298618320025
65,distanceM,62.39264437240558
65,activeEnergyKcal,3.066539196940727
65,heartRateBpm,112.59538087584313
66,speedMps,0.9143670290009406
66,paceSecPerKm,1093.6527327463066
66,strokeRateSpm,35.42091551313991
66,distanceM,63.30701140140652
66,activeEnergyKcal,3.1130019120458896
67,speedMps,0.9905011857424231
67,paceSecPerKm,1009.5899070029453
67,strokeRateSpm,36.07196072785897
67,distanceM,64.29751258714894
67,activeEnergyKcal,3.1594646271510523
67,heartRateBpm,139.7185680271986
68,speedMps,0.9431671779557016
68,paceSecPerKm,1060.2574213486548
68,strokeRateSpm,37.30454926690897
68,distanceM,65.24067976510464
68,activeEnergyKcal,3.205927342256215
68,heartRateBpm,154.30485479733684
69,speedMps,0.942592762532436
69,paceSecPerKm,1060.903541539328
69,strokeRateSpm,36.4949345463471
69,distanceM,66.18327252763709
69,activeEnergyKcal,3.2523900573613775
69,heartRateBpm,154.99159769397602
70,speedMps,0.9971141324901394
70,paceSecPerKm,1002.8942198448774
70,strokeRateSpm,35.093075600454696
70,distanceM,67.18038666012723
70,activeEnergyKcal,3.29885277246654
70,heartRateBpm,154.47072996943413
71,speedMps,0.9027561386102815
71,paceSecPerKm,1107.718859203126
71,strokeRateSpm,35.24834758543463
71,distanceM,68.08314279873751
71,activeEnergyKcal,3.345315487571703
71,heartRateBpm,155.73835148940145
72,speedMps,0.9357562464523919
72,paceSecPerKm,1068.6543678347507
72,strokeRateSpm,35.89861977813595
72,distanceM,69.0188990451899
72,activeEnergyKcal,3.3917782026768655
72,heartRateBpm,154.9077983860417
73,speedMps,0.9668499464855825
73,paceSecPerKm,1034.286658064072
73,strokeRateSpm,35.678313161727075
73,distanceM,69.98574899167548
73,activeEnergyKcal,3.438240917782028
73,heartRateBpm,153.7283781694648
74,speedMps,0.9942586833052862
74,paceSecPerKm,1005.7744697543174
74,strokeRateSpm,36.010033105913564
74,distanceM,70.98000767498077
74,activeEnergyKcal,3.4847036328871908
74,heartRateBpm,155.61712590210857
75,speedMps,0.9223110219565521
75,paceSecPerKm,1084.2329498336057
75,strokeRateSpm,35.54845364024389
75,distanceM,71.90231869693731
75,activeEnergyKcal,3.5311663479923534
76,speedMps,0.9640502588441434
76,paceSecPerKm,1037.2903184518188
76,strokeRateSpm,36.773226401508715
76,distanceM,72.86636895578145
76,activeEnergyKcal,3.577629063097516
76,heartRateBpm,152.9732985633081
77,speedMps,0.9701486815897716
77,paceSecPerKm,1030.7698386615455
77,strokeRateSpm,35.994148268195126
77,distanceM,73.83651763737123
77,activeEnergyKcal,3.6240917782026787
78,speedMps,0.9203176525109168
78,paceSecPerKm,1086.581352940134
78,strokeRateSpm,36.14643664375482
78,distanceM,74.75683528988215
78,activeEnergyKcal,3.6705544933078413
78,heartRateBpm,153.38719296645513
79,speedMps,0.9936116739354346
79,paceSecPerKm,1006.4293991628167
79,strokeRateSpm,36.001409113719355
79,distanceM,75.75044696381758
79,activeEnergyKcal,3.717017208413004
79,heartRateBpm,153.30336316581946
80,speedMps,0.9676373579757227
80,paceSecPerKm,1033.4450109408542
80,strokeRateSpm,36.34947630923641
80,distanceM,76.7180843217933
80,activeEnergyKcal,3.7634799235181666
80,heartRateBpm,151.56362654436924
81,speedMps,0.9883272869846302
81,paceSecPerKm,1011.8105744616067
81,strokeRateSpm,35.06723212931211
81,distanceM,77.70641160877793
81,activeEnergyKcal,3.8099426386233293
81,heartRateBpm,150.91733467379922
82,speedMps,0.9265945597996201
82,paceSecPerKm,1079.220668224357
82,strokeRateSpm,35.588514166065025
82,distanceM,78.63300616857755
82,activeEnergyKcal,3.856405353728492
82,heartRateBpm,152.60206238927918
83,speedMps,0.9075431922628725
83,paceSecPerKm,1101.8759311130914
83,strokeRateSpm,37.31137105996094
83,distanceM,79.54054936084043
83,activeEnergyKcal,3.9028680688336546
83,heartRateBpm,151.22735751193898
84,speedMps,0.9280407542874411
84,paceSecPerKm,1077.5388854208347
84,strokeRateSpm,34.95522192595694
84,distanceM,80.46859011512787
84,activeEnergyKcal,3.949330783938817
84,heartRateBpm,153.1207259048924
85,speedMps,0.9153192739605398
85,paceSecPerKm,1092.514960023786
85,strokeRateSpm,34.56374194336025
85,distanceM,81.3839093890884
85,activeEnergyKcal,3.99579349904398
85,heartRateBpm,152.7649266721053
86,speedMps,0.9490157697067497
86,paceSecPerKm,1053.7232698556786
86,strokeRateSpm,37.29339937255867
86,distanceM,82.33292515879515
86,activeEnergyKcal,4.042256214149142
86,heartRateBpm,151.10551454828402
87,speedMps,0.948576779691728
87,paceSecPerKm,1054.210920411718
87,strokeRateSpm,35.654111774993865
87,distanceM,83.28150193848688
87,activeEnergyKcal,4.088718929254305
87,heartRateBpm,151.45780098621492
88,speedMps,0.949855487024778
88,paceSecPerKm,1052.7917284894454
88,strokeRateSpm,37.916012843280164
88,distanceM,84.23135742551166
88,activeEnergyKcal,4.135181644359467
88,heartRateBpm,153.33226829265368
89,speedMps,0.9552254152662174
89,paceSecPerKm,1046.8733180861861
89,strokeRateSpm,37.65493848449533
89,distanceM,85.18658284077787
89,activeEnergyKcal,4.18164435946463
89,heartRateBpm,153.80541667122324
90,speedMps,0.9619411671568456
90,paceSecPerKm,1039.5646159480239
90,strokeRateSpm,36.55864385167454
90,distanceM,86.14852400793472
90,activeEnergyKcal,4.228107074569793
90,heartRateBpm,154.80025480366734
91,speedMps,0.9570980310435562
91,paceSecPerKm,1044.8250519433902
91,strokeRateSpm,36.668984078053484
91,distanceM,87.10562203897828
91,activeEnergyKcal,4.274569789674955
91,heartRateBpm,157.01064651424144
92,speedMps,0.9316462332740181
92,paceSecPerKm,1073.3688006076848
92,strokeRateSpm,37.075576926932044
92,distanceM,88.0372682722523
92,activeEnergyKcal,4.321032504780118
92,heartRateBpm,154.66034561747213
93,speedMps,0.9019338728551357
93,paceSecPerKm,1108.7287328886196
93,strokeRateSpm,37.90201052048838
93,distanceM,88.93920214510744
93,activeEnergyKcal,4.3674952198852806
93,heartRateBpm,153.13334004251067
94,speedMps,0.9157695915716441
94,paceSecPerKm,1091.9777302102812
94,strokeRateSpm,35.277095783018474
94,distanceM,89.85497173667909
94,activeEnergyKcal,4.413957934990443
95,speedMps,0.9575508626929689
95,paceSecPerKm,1044.3309477970176
95,strokeRateSpm,36.48929687275551
95,distanceM,90.81252259937206
95,activeEnergyKcal,4.460420650095606
95,heartRateBpm,150.5583618144969
96,speedMps,0.9536668914338954
96,paceSecPerKm,1048.584163907001
96,strokeRateSpm,37.239695355601036
96,distanceM,91.76618949080596
96,activeEnergyKcal,4.5068833652007685
97,speedMps,0.9588721640698006
97,paceSecPerKm,1042.8918863966578
97,strokeRateSpm,36.128152136182806
97,distanceM,92.72506165487576
97,activeEnergyKcal,4.553346080305931
97,heartRateBpm,149.73205592272691
98,speedMps,0.9373736868046458
98,paceSecPerKm,1066.810402379479
98,strokeRateSpm,35.44217791568013
98,distanceM,93.6624353416804
98,activeEnergyKcal,4.599808795411094
98,heartRateBpm,151.9844294340975
99,speedMps,0.9962091397715045
99,paceSecPerKm,1003.8052855340848
99,strokeRateSpm,36.77522850401563
99,distanceM,94.65864448145192
99,activeEnergyKcal,4.646271510516256
99,heartRateBpm,150.7064614679705
100,speedMps,0.9385527908744681
100,paceSecPerKm,1065.470168245177
100,strokeRateSpm,36.710920698222964
100,distanceM,95.59719727232638
100,activeEnergyKcal,4.692734225621419
100,heartRateBpm,149.48581123343567
101,speedMps,0.946473234154931
101,paceSecPerKm,1056.5539139549583
101,strokeRateSpm,35.41514488643257
101,distanceM,96.54367050648132
101,activeEnergyKcal,4.739196940726582
101,heartRateBpm,148.08000681947405
102,speedMps,0.9291121571379324
102,paceSecPerKm,1076.2963247412808
102,strokeRateSpm,36.40349780622431
102,distanceM,97.47278266361926
102,activeEnergyKcal,4.785659655831744
102,heartRateBpm,148.31352746928465
103,speedMps,0.9944535109939547
103,paceSecPerKm,1005.5774241276513
103,strokeRateSpm,37.115113432130634
103,distanceM,98.4672361746132
103,activeEnergyKcal,4.832122370936907
103,heartRateBpm,146.83616755401405
104,speedMps,0.9889710813857806
104,paceSecPerKm,1011.1519121456669
104,strokeRateSpm,36.11969566390878
104,distanceM,99.45620725599899
104,activeEnergyKcal,4.87858508604207
104,heartRateBpm,146.6197645412022
105,speedMps,0.9944243251612389
105,paceSecPerKm,1005.606937297976
105,strokeRateSpm,36.32974502942786
105,distanceM,100.45063158116022
105,activeEnergyKcal,4.925047801147232
105,heartRateBpm,147.1206833408442
106,speedMps,0.9858423443214621
106,paceSecPerKm,1014.360973395074
106,strokeRateSpm,35.9439506953508
106,distanceM,101.43647392548169
106,activeEnergyKcal,4.971510516252395
106,heartRateBpm,145.24801515159322
107,speedMps,0.9644444252465407
107,paceSecPerKm,1036.8663800865147
107,strokeRateSpm,36.23935051896964
107,distanceM,102.40091835072823
107,activeEnergyKcal,5.017973231357558
107,heartRateBpm,144.46084441131623
108,speedMps,0.9694865036318042
108,paceSecPerKm,1031.4738743178877
108,strokeRateSpm,35.60401393666267
108,distanceM,103.37040485436003
108,activeEnergyKcal,5.06443594646272
109,speedMps,0.9168962879065576
109,paceSecPerKm,1090.6358910920922
109,strokeRateSpm,37.55784214945903
109,distanceM,104.28730114226659
109,activeEnergyKcal,5.110898661567883
109,heartRateBpm,146.9199180778482
110,speedMps,0.93133859128508
110,paceSecPerKm,1073.7233583547522
110,strokeRateSpm,36.53952586492626
110,distanceM,105.21863973355167
110,activeEnergyKcal,5.1573613766730455
110,heartRateBpm,148.42690530246065
111,speedMps,0.8986214896735066
111,paceSecPerKm,1112.8155864192909
111,strokeRateSpm,35.489079197640294
111,distanceM,106.11726122322517
111,activeEnergyKcal,5.203824091778208
111,heartRateBpm,147.16142953263756
112,speedMps,0.9270150823654097
112,paceSecPerKm,1078.7311005214274
112,strokeRateSpm,35.93759568772715
112,distanceM,107.04427630559059
112,activeEnergyKcal,5.250286806883371
112,heartRateBpm,145.3109418353214
113,speedMps,0.9494670714581714
113,paceSecPerKm,1053.2224129313101
113,strokeRateSpm,37.577688891114754
113,distanceM,107.99374337704876
113,activeEnergyKcal,5.296749521988533
114,speedMps,0.920933679026742
114,paceSecPerKm,1085.854522181029
114,strokeRateSpm,36.802013990119825
114,distanceM,108.9146770560755
114,activeEnergyKcal,5.343212237093696
114,heartRateBpm,145.33217083317882
115,speedMps,0.9780285555011334
115,paceSecPerKm,1022.4650337408692
115,strokeRateSpm,36.4225451037978
115,distanceM,109.89270561157664
115,activeEnergyKcal,5.389674952198859
115,heartRateBpm,146.89556921615787
116,speedMps,0.9457147499574565
116,paceSecPerKm,1057.4012936194401
116,strokeRateSpm,36.10382050687189
116,distanceM,110.8384203615341
116,activeEnergyKcal,5.436137667304021
116,heartRateBpm,145.96638080274965
117,speedMps,0.9986600476286598
117,paceSecPerKm,1001.3417502527732
117,strokeRateSpm,35.64859208228014
117,distanceM,111.83708040916277
117,activeEnergyKcal,5.482600382409184
117,heartRateBpm,146.20919643320187
118,speedMps,0.9624342893841189
118,paceSecPerKm,1039.0319744737276
118,strokeRateSpm,35.749624863763856
118,distanceM,112.79951469854689
118,activeEnergyKcal,5.529063097514347
118,heartRateBpm,145.7832818324746
119,speedMps,0.9675500360485367
119,paceSecPerKm,1033.5382799260578
119,strokeRateSpm,36.65509151293977
119,distanceM,113.76706473459542
119,activeEnergyKcal,5.575525812619509
119,heartRateBpm,145.41704203691634
120,speedMps,0.9612704789800993
120,paceSecPerKm,1040.2899307393611
120,strokeRateSpm,36.47518836955393
120,distanceM,114.72833521357552
120,activeEnergyKcal,5.621988527724672
120,heartRateBpm,143.4791884249106
121,speedMps,0.9699602015045791
121,paceSecPerKm,1030.9701351136098
121,strokeRateSpm,36.58824284298083
121,distanceM,115.6982954150801
121,activeEnergyKcal,5.668451242829835
121,heartRateBpm,142.89975401332777
122,speedMps,0.96963141999658
122,paceSecPerKm,1031.319715282666
122,strokeRateSpm,36.98985573391264
122,distanceM,116.66792683507667
122,activeEnergyKcal,5.714913957934997
122,heartRateBpm,142.55856050652596
123,speedMps,0.9450940757065065
123,paceSecPerKm,1058.0957237007844
123,strokeRateSpm,36.473674030509414
123,distanceM,117.61302091078318
123,activeEnergyKcal,5.76137667304016
123,heartRateBpm,142.0036685949612
124,speedMps,0.9606792570812723
124,paceSecPerKm,1040.930146694529
124,strokeRateSpm,36.58423767306531
124,distanceM,118.57370016786444
124,activeEnergyKcal,5.8078393881453225
124,heartRateBpm,142.26141411771408
125,speedMps,1.0163779927524428
125,paceSecPerKm,983.8859234760783
125,strokeRateSpm,35.7251598643487
125,distanceM,119.59007816061688
125,activeEnergyKcal,5.854302103250485
125,heartRateBpm,141.4761226823509
126,speedMps,0.9750103019104506
126,paceSecPerKm,1025.6301887688614
126,strokeRateSpm,37.56656833759184
126,distanceM,120.56508846252733
126,activeEnergyKcal,5.900764818355648
126,heartRateBpm,141.3712358756662
127,speedMps,0.9440951908010643
127,paceSecPerKm,1059.215225057444
127,strokeRateSpm,35.63882754784058
127,distanceM,121.50918365332839
127,activeEnergyKcal,5.9472275334608105
127,heartRateBpm,140.37002521449406
128,speedMps,0.9280629643390766
128,paceSecPerKm,1077.5130981680252
128,strokeRateSpm,37.330565459587945
128,distanceM,122.43724661766747
128,activeEnergyKcal,5.993690248565973
128,heartRateBpm,141.3292480459413
129,speedMps,0.9183712595893974
129,paceSecPerKm,1088.8842497609287
129,strokeRateSpm,35.15695058683644
129,distanceM,123.35561787725686
129,activeEnergyKcal,6.040152963671136
130,speedMps,0.931794853235472
130,paceSecPerKm,1073.1975998018224
130,strokeRateSpm,35.056593119794655
130,distanceM,124.28741273049233
130,activeEnergyKcal,6.086615678776298
130,heartRateBpm,140.87160896708238
131,speedMps,0.9935411406888182
131,paceSecPerKm,1006.5008473697465
131,strokeRateSpm,35.84900493117612
131,distanceM,125.28095387118115
131,activeEnergyKcal,6.133078393881461
131,heartRateBpm,139.58621168789216
132,speedMps,0.9474932481431483
132,paceSecPerKm,1055.4164918428198
132,strokeRateSpm,36.45774682722257
132,distanceM,126.2284471193243
132,activeEnergyKcal,6.179541108986624
132,heartRateBpm,138.66782515963828
133,speedMps,0.9146588648111739
133,paceSecPerKm,1093.3037862224671
133,strokeRateSpm,36.37415076479928
133,distanceM,127.14310598413547
133,activeEnergyKcal,6.226003824091786
134,speedMps,0.9800997903365369
134,paceSecPerKm,1020.3042688710605
134,strokeRateSpm,36.92104396937584
134,distanceM,128.123205774472
134,activeEnergyKcal,6.272466539196949
134,heartRateBpm,136.51079028572198
135,speedMps,0.9286292316180891
135,paceSecPerKm,1076.856043242954
135,strokeRateSpm,36.74926725508457
135,distanceM,129.0518350060901
135,activeEnergyKcal,6.318929254302112
135,heartRateBpm,134.36980669679042
136,speedMps,0.9495466224181134
136,paceSecPerKm,1053.1341762381317
136,strokeRateSpm,35.98485784819306
136,distanceM,130.00138162850823
136,activeEnergyKcal,6.365391969407274
136,heartRateBpm,133.4152238134746
137,speedMps,0.9136749915778944
137,paceSecPerKm,1094.4810892470903
137,strokeRateSpm,35.32674668887326
137,distanceM,130.91505662008612
137,activeEnergyKcal,6.411854684512437
137,heartRateBpm,135.3443844368825
138,speedMps,0.9717387386345392
138,paceSecPerKm,1029.0831889702913
138,strokeRateSpm,37.11028565389986
138,distanceM,131.88679535872066
138,activeEnergyKcal,6.4583173996175995
139,speedMps,0.9593409051149276
139,paceSecPerKm,1042.3823217255617
139,strokeRateSpm,37.073192869613166
139,distanceM,132.84613626383558
139,activeEnergyKcal,6.504780114722762
139,heartRateBpm,133.92898367292196
140,speedMps,0.9458655588385693
140,paceSecPerKm,1057.2327014717637
140,strokeRateSpm,36.13524393892897
140,distanceM,133.79200182267414
140,activeEnergyKcal,6.551242829827925
141,speedMps,0.922056042036691
141,paceSecPerKm,1084.5327771955617
141,strokeRateSpm,36.113711625220866
141,distanceM,134.71405786471084
141,activeEnergyKcal,6.5977055449330875
141,heartRateBpm,133.32472127980265
142,speedMps,0.9680750589387364
142,paceSecPerKm,1032.977753911212
142,strokeRateSpm,38.08702732912953
142,distanceM,135.68213292364956
142,activeEnergyKcal,6.64416826003825
142,heartRateBpm,135.33341673696165
143,speedMps,0.9400140313537679
143,paceSecPerKm,1063.8139077135295
143,strokeRateSpm,35.6226163480526
143,distanceM,136.62214695500333
143,activeEnergyKcal,6.690630975143413
143,heartRateBpm,136.37931811042102
144,speedMps,1.014099742207122
144,paceSecPerKm,986.0962964289539
144,strokeRateSpm,36.12261943582618
144,distanceM,137.63624669721045
144,activeEnergyKcal,6.737093690248575
144,heartRateBpm,137.25603913940887
145,speedMps,0.979916615248515
145,paceSecPerKm,1020.4949935932984
145,strokeRateSpm,37.28156035214444
145,distanceM,138.61616331245898
145,activeEnergyKcal,6.783556405353738
146,speedMps,0.947147053740012
146,paceSecPerKm,1055.8022601150337
146,strokeRateSpm,35.41851848279784
146,distanceM,139.563310366199
146,activeEnergyKcal,6.830019120458901
146,heartRateBpm,137.59122735072518
147,speedMps,0.9398780819330553
147,paceSecPerKm,1063.9677839313918
147,strokeRateSpm,36.140821970190636
147,distanceM,140.50318844813205
147,activeEnergyKcal,6.876481835564063
147,heartRateBpm,137.81779641261653
148,speedMps,0.9869578090874127
148,paceSecPerKm,1013.2145374326049
148,strokeRateSpm,37.55202562184407
148,distanceM,141.49014625721946
148,activeEnergyKcal,6.922944550669226
148,heartRateBpm,136.4453624517929
149,speedMps,0.9488051670212958
149,paceSecPerKm,1053.9571608146134
149,strokeRateSpm,37.28918686440759
149,distanceM,142.43895142424077
149,activeEnergyKcal,6.969407265774389
150,speedMps,0.9477572744892654
150,paceSecPerKm,1055.1224737777798
150,strokeRateSpm,35.70923274276508
150,distanceM,143.38670869873005
150,activeEnergyKcal,7.015869980879551
150,heartRateBpm,134.18139570689408
151,speedMps,0.90935947361606
151,paceSecPerKm,1099.6751328971245
151,strokeRateSpm,36.36258723863678
151,distanceM,144.2960681723461
151,activeEnergyKcal,7.062332695984714
151,heartRateBpm,134.28610624548384
152,speedMps,0.940052866397591
152,paceSecPerKm,1063.7699599088874
152,strokeRateSpm,36.28666220886772
152,distanceM,145.2361210387437
152,activeEnergyKcal,7.108795411089877
152,heartRateBpm,134.9382179668448
153,speedMps,0.9684906259310693
153,paceSecPerKm,1032.534516313608
153,strokeRateSpm,36.395899997109716
153,distanceM,146.2046116646748
153,activeEnergyKcal,7.155258126195039
153,heartRateBpm,135.79871185413316
154,speedMps,0.9347457192481432
154,paceSecPerKm,1069.8096598980349
154,strokeRateSpm,38.00813070905339
154,distanceM,147.13935738392294
154,activeEnergyKcal,7.201720841300202
154,heartRateBpm,134.17924567711987
155,speedMps,0.9101834222260939
155,paceSecPerKm,1098.6796458610902
155,strokeRateSpm,36.99278348855959
155,distanceM,148.04954080614903
155,activeEnergyKcal,7.2481835564053645
155,heartRateBpm,135.36175092617947
156,speedMps,0.9827095185461834
156,paceSecPerKm,1017.5947023281061
156,strokeRateSpm,36.37835890117992
156,distanceM,149.0322503246952
156,activeEnergyKcal,7.294646271510527
156,heartRateBpm,133.93468033074913
157,speedMps,0.9572773962219162
157,paceSecPerKm,1044.629282950477
157,strokeRateSpm,36.5702429282372
157,distanceM,149.98952772091712
157,activeEnergyKcal,7.34110898661569
157,heartRateBpm,133.09393295004443
158,speedMps,0.9775602479881842
158,paceSecPerKm,1022.9548532256674
158,strokeRateSpm,36.33638718552604
158,distanceM,150.9670879689053
158,activeEnergyKcal,7.387571701720852
158,heartRateBpm,132.3347623296441
159,speedMps,0.950952835018089
159,paceSecPerKm,1051.576863936662
159,strokeRateSpm,37.09559461988338
159,distanceM,151.9180408039234
159,activeEnergyKcal,7.434034416826015
159,heartRateBpm,132.64512523101274
160,speedMps,0.9416958213684173
160,paceSecPerKm,1061.9140250052915
160,strokeRateSpm,37.42558595311873
160,distanceM,152.85973662529182
160,activeEnergyKcal,7.480497131931178
160,heartRateBpm,134.48358636538842
161,speedMps,0.963582437078019
161,paceSecPerKm,1037.7939255850429
161,strokeRateSpm,36.97959631974898
161,distanceM,153.82331906236985
161,activeEnergyKcal,7.52695984703634
162,speedMps,0.9592438262522857
162,paceSecPerKm,1042.4878144975366
162,strokeRateSpm,37.21897696623977
162,distanceM,154.78256288862212
162,activeEnergyKcal,7.573422562141503
162,heartRateBpm,135.92520693970397
163,speedMps,0.977705788684299
163,paceSecPerKm,1022.8025767809991
163,strokeRateSpm,35.69619973934337
163,distanceM,155.7602686773064
163,activeEnergyKcal,7.619885277246666
163,heartRateBpm,135.10824061054274
164,speedMps,0.9697251629465322
164,paceSecPerKm,1031.2200180115744
164,strokeRateSpm,35.99240529826833
164,distanceM,156.72999384025294
164,activeEnergyKcal,7.666347992351828
164,heartRateBpm,133.48959715368923
165,speedMps,0.9362416488870634
165,paceSecPerKm,1068.1003149013163
165,strokeRateSpm,37.985421465436055
165,distanceM,157.66623548914
165,activeEnergyKcal,7.712810707456991
165,heartRateBpm,134.5754373696252
166,speedMps,0.9960733570136695
166,paceSecPerKm,1003.9421222931843
166,strokeRateSpm,36.0803255311494
166,distanceM,158.66230884615368
166,activeEnergyKcal,7.759273422562154
166,heartRateBpm,137.64060325517815
167,speedMps,0.9581072819371004
167,paceSecPerKm,1043.7244542993149
167,strokeRateSpm,37.84046881735986
167,distanceM,159.62041612809077
167,activeEnergyKcal,7.805736137667316
167,heartRateBpm,136.55001699759305
168,speedMps,0.953652183261562
168,paceSecPerKm,1048.6003362147455
168,strokeRateSpm,36.793569089794445
168,distanceM,160.57406831135233
168,activeEnergyKcal,7.852198852772479
168,heartRateBpm,137.157317610255
169,speedMps,0.9396091059670667
169,paceSecPerKm,1064.2723592709094
169,strokeRateSpm,37.2129766921635
169,distanceM,161.5136774173194
169,activeEnergyKcal,7.8986615678776415
170,speedMps,0.9651114495193028
170,paceSecPerKm,1036.1497633232661
170,strokeRateSpm,35.85078558621204
170,distanceM,162.4787888668387
170,activeEnergyKcal,7.945124282982804
170,heartRateBpm,136.59123508120084
171,speedMps,0.9135728678226555
171,paceSecPerKm,1094.603435830279
171,strokeRateSpm,36.70485505475574
171,distanceM,163.39236173466136
171,activeEnergyKcal,7.991586998087967
172,speedMps,0.9494812724805557
172,paceSecPerKm,1053.2066602930063
172,strokeRateSpm,36.28742159707928
172,distanceM,164.34184300714193
172,activeEnergyKcal,8.038049713193129
172,heartRateBpm,140.57739329828493
173,speedMps,0.9179593754096229
173,paceSecPerKm,1089.3728271512755
173,strokeRateSpm,37.19192606096242
173,distanceM,165.25980238255156
173,activeEnergyKcal,8.084512428298291
173,heartRateBpm,140.20408645544322
174,speedMps,0.950336754901383
174,paceSecPerKm,1052.2585755443822
174,strokeRateSpm,34.49910393276774
174,distanceM,166.21013913745293
174,activeEnergyKcal,8.130975143403454
174,heartRateBpm,142.07387311465538
175,speedMps,0.9734846944155523
175,paceSecPerKm,1027.237516662105
175,strokeRateSpm,36.592499290666446
175,distanceM,167.1836238318685
175,activeEnergyKcal,8.177437858508616
175,heartRateBpm,142.5238804439602
176,speedMps,0.9661976275006086
176,paceSecPerKm,1034.9849466996027
176,strokeRateSpm,35.744727625095905
176,distanceM,168.1498214593691
176,activeEnergyKcal,8.22390057361378
176,heartRateBpm,141.20253500769758
177,speedMps,0.9493317352650688
177,paceSecPerKm,1053.3725597204268
177,strokeRateSpm,37.24697259809669
177,distanceM,169.09915319463417
177,activeEnergyKcal,8.270363288718942
178,speedMps,0.9026755743365847
178,paceSecPerKm,1107.817723698731
178,strokeRateSpm,35.47959755637268
178,distanceM,170.00182876897077
178,activeEnergyKcal,8.316826003824104
178,heartRateBpm,140.96837467593082
179,speedMps,0.9750092927347505
179,paceSecPerKm,1025.631250339322
179,strokeRateSpm,37.04710595845099
179,distanceM,170.9768380617055
179,activeEnergyKcal,8.363288718929267
179,heartRateBpm,141.7829961624128
180,speedMps,0.9434345911205194
180,paceSecPerKm,1059.9568951699107
180,strokeRateSpm,35.12139990274852
180,distanceM,171.92027265282601
180,activeEnergyKcal,8.40975143403443
181,speedMps,1.0986216995711184
181,paceSecPerKm,910.2314294268732
181,strokeRateSpm,41.91105005431947
181,distanceM,173.01889435239713
181,activeEnergyKcal,8.470936318249429
181,heartRateBpm,144.42686997772336
182,speedMps,1.1411458341051253
182,paceSecPerKm,876.3121856236628
182,strokeRateSpm,41.595651292399985
182,distanceM,174.16004018650224
182,activeEnergyKcal,8.532120618228184
182,heartRateBpm,143.90291508929207
183,speedMps,1.1712762419746707
183,paceSecPerKm,853.7695585066135
183,strokeRateSpm,39.81553266302607
183,distanceM,175.33131642847692
183,activeEnergyKcal,8.593304333970694
183,heartRateBpm,144.8379781183694
184,speedMps,1.1287488395890495
184,paceSecPerKm,885.936680443522
184,strokeRateSpm,40.29714236903188
184,distanceM,176.46006526806596
184,activeEnergyKcal,8.654487465476961
184,heartRateBpm,144.4989818441318
185,speedMps,1.1225948059446933
185,paceSecPerKm,890.7933607963503
185,strokeRateSpm,39.86103386752964
185,distanceM,177.58266007401065
185,activeEnergyKcal,8.715670012746985
185,heartRateBpm,144.09910713286538
186,speedMps,1.1806903012754175
186,paceSecPerKm,846.9621533434887
186,strokeRateSpm,41.48638322182918
186,distanceM,178.76335037528605
186,activeEnergyKcal,8.776851975780765
186,heartRateBpm,143.72645826476338
187,speedMps,1.1043351621397004
187,paceSecPerKm,905.5221949670187
187,strokeRateSpm,41.64678324242627
187,distanceM,179.86768553742576
187,activeEnergyKcal,8.8380333545783
187,heartRateBpm,143.73862625438548
188,speedMps,1.1106696370140248
188,paceSecPerKm,900.357736156762
188,strokeRateSpm,41.50853374399802
188,distanceM,180.97835517443977
188,activeEnergyKcal,8.899214149139592
188,heartRateBpm,145.0980508169356
189,speedMps,1.1513685378912846
189,paceSecPerKm,868.5316361271136
189,strokeRateSpm,40.74152073362578
189,distanceM,182.12972371233104
189,activeEnergyKcal,8.96039435946464
190,speedMps,1.1492401029791461
190,paceSecPerKm,870.1401886409335
190,strokeRateSpm,40.92619680786347
190,distanceM,183.2789638153102
190,activeEnergyKcal,9.021573985553443
191,speedMps,1.1472446895239932
191,paceSecPerKm,871.6536316371297
191,strokeRateSpm,41.53937536704072
191,distanceM,184.4262085048342
191,activeEnergyKcal,9.082753027406003
191,heartRateBpm,150.2843793620846
192,speedMps,1.1021697855042323
192,paceSecPerKm,907.3012281338391
192,strokeRateSpm,39.61955329257436
192,distanceM,185.52837829033842
192,activeEnergyKcal,9.14393148502232
192,heartRateBpm,151.01057684456222
193,speedMps,1.1216456608916907
193,paceSecPerKm,891.547156884658
193,strokeRateSpm,40.157439641855085
193,distanceM,186.6500239512301
193,activeEnergyKcal,9.205109358402392
193,heartRateBpm,151.11880905143215
194,speedMps,1.1533737797090675
194,paceSecPerKm,867.0216174432583
194,strokeRateSpm,41.86137070433029
194,distanceM,187.80339773093917
194,activeEnergyKcal,9.26628664754622
194,heartRateBpm,152.04997347643462
195,speedMps,1.1447251187426721
195,paceSecPerKm,873.5721647292642
195,strokeRateSpm,42.350765064395354
195,distanceM,188.94812284968185
195,activeEnergyKcal,9.327463352453805
195,heartRateBpm,151.88888833563928
196,speedMps,1.1150116146443727
196,paceSecPerKm,896.8516442933601
196,strokeRateSpm,40.63807226785788
196,distanceM,190.06313446432623
196,activeEnergyKcal,9.388639473125146
196,heartRateBpm,149.9421605877139
197,speedMps,1.0821162814398664
197,paceSecPerKm,924.115104034289
197,strokeRateSpm,42.42900285395438
197,distanceM,191.1452507457661
197,activeEnergyKcal,9.449815009560242
197,heartRateBpm,151.21284990350904
198,speedMps,1.17295307555965
198,paceSecPerKm,852.5490241993448
198,strokeRateSpm,40.56127787275348
198,distanceM,192.31820382132577
198,activeEnergyKcal,9.510989961759094
198,heartRateBpm,152.6422001039818
199,speedMps,1.1592965905050188
199,paceSecPerKm,862.5920305384275
199,strokeRateSpm,41.88831577542309
199,distanceM,193.4775004118308
199,activeEnergyKcal,9.572164329721703
199,heartRateBpm,151.74433925486522
200,speedMps,1.1408487763612774
200,paceSecPerKm,876.5403625092953
200,strokeRateSpm,40.64898232302312
200,distanceM,194.61834918819207
200,activeEnergyKcal,9.633338113448069
200,heartRateBpm,150.2575778871908
201,speedMps,1.1257186261079288
201,paceSecPerKm,888.3214480135327
201,strokeRateSpm,40.84909401832084
201,distanceM,195.7440678143
201,activeEnergyKcal,9.69451131293819
201,heartRateBpm,151.44765551083628
202,speedMps,1.1463209147098368
202,paceSecPerKm,872.3560629207622
202,strokeRateSpm,40.22000242381977
202,distanceM,196.89038872900983
202,activeEnergyKcal,9.755683928192067
202,heartRateBpm,150.96853194370286
203,speedMps,1.1295753680331981
203,paceSecPerKm,885.2884263412958
203,strokeRateSpm,40.96019227924503
203,distanceM,198.01996409704302
203,activeEnergyKcal,9.8168559592097
203,heartRateBpm,151.65520918901646
204,speedMps,1.1438195264746425
204,paceSecPerKm,874.263794990537
204,strokeRateSpm,40.42172584279359
204,distanceM,199.16378362351765
204,activeEnergyKcal,9.878027405991089
204,heartRateBpm,152.8451804231349
205,speedMps,1.154443483695166
205,paceSecPerKm,866.2182377254015
205,strokeRateSpm,39.313610107410724
205,distanceM,200.3182271072128
205,activeEnergyKcal,9.939198268536234
205,heartRateBpm,152.42916881970964
206,speedMps,1.1650172055354182
206,paceSecPerKm,858.3564219040185
206,strokeRateSpm,40.99374291494246
206,distanceM,201.4832443127482
206,activeEnergyKcal,10.000368546845136
207,speedMps,1.1583224993412777
207,paceSecPerKm,863.3174272007032
207,strokeRateSpm,40.569038421176074
207,distanceM,202.64156681208948
207,activeEnergyKcal,10.061538240917795
207,heartRateBpm,154.36199904397222
208,speedMps,1.0916933720607933
208,paceSecPerKm,916.008126084247
208,strokeRateSpm,41.38473765450799
208,distanceM,203.73326018415028
208,activeEnergyKcal,10.122707350754208
208,heartRateBpm,152.57689971939658
209,speedMps,1.0723510132067224
209,paceSecPerKm,932.5304752681993
209,strokeRateSpm,40.06201086044005
209,distanceM,204.805611197357
209,activeEnergyKcal,10.183875876354378
209,heartRateBpm,154.69583610885508
210,speedMps,1.1448012650587849
210,paceSecPerKm,873.514059183583
210,strokeRateSpm,40.92407783288177
210,distanceM,205.95041246241578
210,activeEnergyKcal,10.245043817718305
210,heartRateBpm,155.16480396841297
211,speedMps,1.1688291378698936
211,paceSecPerKm,855.557042171645
211,strokeRateSpm,40.643159471337405
211,distanceM,207.11924160028568
211,activeEnergyKcal,10.306211174845986
211,heartRateBpm,154.74809569749667
212,speedMps,1.1747851427922826
212,paceSecPerKm,851.219481396534
212,strokeRateSpm,41.5105899926083
212,distanceM,208.29402674307795
212,activeEnergyKcal,10.367377947737424
212,heartRateBpm,158.13736121667594
213,speedMps,1.1500351326957639
213,paceSecPerKm,869.5386528374391
213,strokeRateSpm,41.7585865198872
213,distanceM,209.4440618757737
213,activeEnergyKcal,10.428544136392619
213,heartRateBpm,159.03550947690212
214,speedMps,1.1209335525186663
214,paceSecPerKm,892.1135403191953
214,strokeRateSpm,40.72966549434194
214,distanceM,210.56499542829238
214,activeEnergyKcal,10.48970974081157
215,speedMps,1.15932210612276
215,paceSecPerKm,862.5730456778768
215,strokeRateSpm,40.23990833150659
215,distanceM,211.72431753441515
215,activeEnergyKcal,10.550874760994276
215,heartRateBpm,161.18399829105738
216,speedMps,1.1095371845254645
216,paceSecPerKm,901.2766890076675
216,strokeRateSpm,41.176848065286556
216,distanceM,212.83385471894061
216,activeEnergyKcal,10.612039196940739
216,heartRateBpm,160.78147129548327
217,speedMps,1.147354629870427
217,paceSecPerKm,871.5701091587804
217,strokeRateSpm,41.16870265880133
217,distanceM,213.98120934881103
217,activeEnergyKcal,10.673203048650958
217,heartRateBpm,159.60673209602155
218,speedMps,1.1743819782798226
218,paceSecPerKm,851.5117044496469
218,strokeRateSpm,39.77911215896742
218,distanceM,215.15559132709086
218,activeEnergyKcal,10.734366316124932
218,heartRateBpm,159.62514586233902
219,speedMps,1.1144799116547213
219,paceSecPerKm,897.2795198392158
219,strokeRateSpm,40.068085328277355
219,distanceM,216.27007123874557
219,activeEnergyKcal,10.795528999362663
219,heartRateBpm,161.89735857747667
220,speedMps,1.0642463836975105
220,paceSecPerKm,939.6320394584765
220,strokeRateSpm,40.167126616859605
220,distanceM,217.33431762244308
220,activeEnergyKcal,10.85669109836415
220,heartRateBpm,160.72678188737373
221,speedMps,1.14861523535729
221,paceSecPerKm,870.6135607620931
221,strokeRateSpm,40.04515969568093
221,distanceM,218.48293285780036
221,activeEnergyKcal,10.917852613129394
221,heartRateBpm,161.80444493814966
222,speedMps,1.082316644655082
222,paceSecPerKm,923.9440277837406
222,strokeRateSpm,42.234449292999734
222,distanceM,219.56524950245546
222,activeEnergyKcal,10.979013543658393
222,heartRateBpm,162.67986015313537
223,speedMps,1.1243160399599317
223,paceSecPerKm,889.4296305117535
223,strokeRateSpm,42.11392979620407
223,distanceM,220.68956554241538
223,activeEnergyKcal,11.040173889951149
223,heartRateBpm,162.2198820576298
224,speedMps,1.0908291528478593
224,paceSecPerKm,916.7338417654781
224,strokeRateSpm,42.017725708903306
224,distanceM,221.78039469526323
224,activeEnergyKcal,11.10133365200766
225,speedMps,1.1622540305715472
225,paceSecPerKm,860.3971022653649
225,strokeRateSpm,41.41622482171499
225,distanceM,222.94264872583477
225,activeEnergyKcal,11.162492829827928
225,heartRateBpm,166.265011784998
226,speedMps,1.1041922379181237
226,paceSecPerKm,905.6394037739562
226,strokeRateSpm,40.830955673906445
226,distanceM,224.04684096375289
226,activeEnergyKcal,11.223651423411951
226,heartRateBpm,166.6921394395038
227,speedMps,1.1921685702583533
227,paceSecPerKm,838.8075520085983
227,strokeRateSpm,40.45956243699392
227,distanceM,225.23900953401125
227,activeEnergyKcal,11.284809432759731
227,heartRateBpm,168.55859680300426
228,speedMps,1.1649226784571516
228,paceSecPerKm,858.4260728140526
228,strokeRateSpm,41.10683757180255
228,distanceM,226.4039322124684
228,activeEnergyKcal,11.345966857871268
228,heartRateBpm,169.20440695486644
229,speedMps,1.15534018734727
229,paceSecPerKm,865.5459326625344
229,strokeRateSpm,41.57680007755158
229,distanceM,227.55927239981565
229,activeEnergyKcal,11.40712369874656
229,heartRateBpm,170.1798671140401
230,speedMps,1.1404779274814165
230,paceSecPerKm,876.8253868870202
230,strokeRateSpm,41.52299043801207
230,distanceM,228.69975032729707
230,activeEnergyKcal,11.468279955385608
230,heartRateBpm,168.414646815974
231,speedMps,1.1184637243065927
231,paceSecPerKm,894.0835346447772
231,strokeRateSpm,41.029249538525775
231,distanceM,229.81821405160366
231,activeEnergyKcal,11.529435627788413
231,heartRateBpm,168.25987374450145
232,speedMps,1.1085424356237685
232,paceSecPerKm,902.0854483006846
232,strokeRateSpm,40.70800354664945
232,distanceM,230.92675648722744
232,activeEnergyKcal,11.590590715954972
232,heartRateBpm,169.1476924129615
233,speedMps,1.097300065943784
233,paceSecPerKm,911.3277498437982
233,strokeRateSpm,41.06509753150531
233,distanceM,232.02405655317122
233,activeEnergyKcal,11.651745219885289
233,heartRateBpm,168.40613919509838
234,speedMps,1.1395948573976564
234,paceSecPerKm,877.5048373626124
234,strokeRateSpm,41.1187686929174
234,distanceM,233.1636514105689
234,activeEnergyKcal,11.712899139579362
234,heartRateBpm,168.51625632747636
235,speedMps,1.1129872394462765
235,paceSecPerKm,898.4828976992684
235,strokeRateSpm,41.389553412118836
235,distanceM,234.27663865001517
235,activeEnergyKcal,11.774052475037191
235,heartRateBpm,169.23410982839746
236,speedMps,1.1216142800907114
236,paceSecPerKm,891.5721008109172
236,strokeRateSpm,41.069236409765196
236,distanceM,235.39825293010588
236,activeEnergyKcal,11.835205226258775
236,heartRateBpm,168.5587466842357
237,speedMps,1.1521071169886166
237,paceSecPerKm,867.9748482188055
237,strokeRateSpm,41.930724062043986
237,distanceM,236.5503600470945
237,activeEnergyKcal,11.896357393244116
238,speedMps,1.1126709417576364
238,paceSecPerKm,898.7383083990177
238,strokeRateSpm,41.61031607070957
238,distanceM,237.66303098885214
238,activeEnergyKcal,11.957508975993214
238,heartRateBpm,166.59634911200058
239,speedMps,1.1510935122929686
239,paceSecPerKm,868.7391504865737
239,strokeRateSpm,41.09156708460804
239,distanceM,238.8141245011451
239,activeEnergyKcal,12.018659974506066
240,speedMps,1.117476333709948
240,paceSecPerKm,894.8735376614784
240,strokeRateSpm,42.36876165369746
240,distanceM,239.93160083485506
240,activeEnergyKcal,12.079810388782676
240,heartRateBpm,166.4951328412251
241,speedMps,1.1190566953041772
241,paceSecPerKm,893.6097734781742
241,strokeRateSpm,40.49756045295198
241,distanceM,241.05065753015924
241,activeEnergyKcal,12.140960218823041
241,heartRateBpm,168.00597645797208
242,speedMps,1.1929851197106494
242,paceSecPerKm,838.2334225950307
242,strokeRateSpm,41.814859923956625
242,distanceM,242.24364264986988
242,activeEnergyKcal,12.202109464627164
243,speedMps,1.1428223943899924
243,paceSecPerKm,875.0266051040878
243,strokeRateSpm,42.46793834253044
243,distanceM,243.38646504425986
243,activeEnergyKcal,12.26325812619504
243,heartRateBpm,169.7902494165645
244,speedMps,1.1321571031496538
244,paceSecPerKm,883.2696427183175
244,strokeRateSpm,40.43139889915059
244,distanceM,244.51862214740953
244,activeEnergyKcal,12.324406203526674
244,heartRateBpm,172.24904319106568
245,speedMps,1.122647569669325
245,paceSecPerKm,890.7514940726672
245,strokeRateSpm,40.73216738357683
245,distanceM,245.64126971707884
245,activeEnergyKcal,12.385553696622065
245,heartRateBpm,172.7040913182874
246,speedMps,1.1614477935735914
246,paceSecPerKm,860.9943602571734
246,strokeRateSpm,39.25254639700345
246,distanceM,246.80271751065243
246,activeEnergyKcal,12.44670060548121
246,heartRateBpm,172.57626412550266
247,speedMps,1.1502316834385626
247,paceSecPerKm,869.3900667129493
247,strokeRateSpm,41.6949953195655
247,distanceM,247.952949194091
247,activeEnergyKcal,12.507846930104112
247,heartRateBpm,171.45655106304187
248,speedMps,1.1219633581499506
248,paceSecPerKm,891.2947047120498
248,strokeRateSpm,40.98885378418085
248,distanceM,249.07491255224093
248,activeEnergyKcal,12.56899267049077
248,heartRateBpm,171.7987729017818
249,speedMps,1.1054717709742894
249,paceSecPerKm,904.5911675507249
249,strokeRateSpm,39.2984579013524
249,distanceM,250.1803843232152
249,activeEnergyKcal,12.630137826641185
249,heartRateBpm,171.98617572473543
250,speedMps,1.194964699219041
250,paceSecPerKm,836.8448044143408
250,strokeRateSpm,40.988325240444
250,distanceM,251.37534902243425
250,activeEnergyKcal,12.691282398555355
251,speedMps,1.1199362252862644
251,paceSecPerKm,892.907986563603
251,strokeRateSpm,39.868936462547204
251,distanceM,252.49528524772052
251,activeEnergyKcal,12.752426386233282
251,heartRateBpm,170.9810715415016
252,speedMps,1.1510437143909868
252,paceSecPerKm,868.7767349731773
252,strokeRateSpm,40.89336158628325
252,distanceM,253.6463289621115
252,activeEnergyKcal,12.813569789674965
252,heartRateBpm,172.468823761428
253,speedMps,1.1601985804755632
253,paceSecPerKm,861.9214131343807
253,strokeRateSpm,39.34279723663475
253,distanceM,254.80652754258708
253,activeEnergyKcal,12.874712608880403
253,heartRateBpm,171.60696891350352
254,speedMps,1.1554728631002855
254,paceSecPerKm,865.4465474133841
254,strokeRateSpm,40.926705332874306
254,distanceM,255.96200040568735
254,activeEnergyKcal,12.935854843849597
254,heartRateBpm,170.31579417360103
255,speedMps,1.1205387530686677
255,paceSecPerKm,892.42785870764
255,strokeRateSpm,40.68033638323383
255,distanceM,257.082539158756
255,activeEnergyKcal,12.996996494582548
255,heartRateBpm,170.3815526007838
256,speedMps,1.1376114536032125
256,paceSecPerKm,879.0347502503171
256,strokeRateSpm,39.653657439290214
256,distanceM,258.2201506123592
256,activeEnergyKcal,13.058137561079256
256,heartRateBpm,171.46062179393232
257,speedMps,1.1376005907738298
257,paceSecPerKm,879.0431440614585
257,strokeRateSpm,41.23732134903817
257,distanceM,259.35775120313303
257,activeEnergyKcal,13.119278043339719
257,heartRateBpm,169.7832228362779
258,speedMps,1.1391830508269918
258,paceSecPerKm,877.8220491202432
258,strokeRateSpm,40.45479723789846
258,distanceM,260.49693425396003
258,activeEnergyKcal,13.180417941363938
259,speedMps,1.1178205599650786
259,paceSecPerKm,894.5979666282401
259,strokeRateSpm,40.20123259361253
259,distanceM,261.6147548139251
259,activeEnergyKcal,13.241557255151914
259,heartRateBpm,168.71085305826006
260,speedMps,1.1341395464241435
260,paceSecPerKm,881.7257128127881
260,strokeRateSpm,40.468198366702744
260,distanceM,262.74889436034925
260,activeEnergyKcal,13.302695984703645
260,heartRateBpm,166.98384771926632
261,speedMps,1.0851540127430712
261,paceSecPerKm,921.5281778041649
261,strokeRateSpm,41.48590865974571
261,distanceM,263.83404837309234
261,activeEnergyKcal,13.363834130019132
261,heartRateBpm,165.19957062267216
262,speedMps,1.1400125724826324
262,paceSecPerKm,877.1833084456922
262,strokeRateSpm,41.91624200051454
262,distanceM,264.974060945575
262,activeEnergyKcal,13.424971691098376
262,heartRateBpm,165.33297563617154
263,speedMps,1.1557416173501154
263,paceSecPerKm,865.2452979004081
263,strokeRateSpm,41.20531158751587
263,distanceM,266.1298025629251
263,activeEnergyKcal,13.486108667941377
263,heartRateBpm,164.2880347319923
264,speedMps,1.1460098161511134
264,paceSecPerKm,872.592874778779
264,strokeRateSpm,39.05850181104779
264,distanceM,267.27581237907617
264,activeEnergyKcal,13.547245060548132
264,heartRateBpm,163.71722472491825
265,speedMps,1.1480251035008406
265,paceSecPerKm,871.0610917396788
265,strokeRateSpm,40.35575761856675
265,distanceM,268.423837482577
265,activeEnergyKcal,13.608380868918644
265,heartRateBpm,163.7463554707066
266,speedMps,1.118995764237965
266,paceSecPerKm,893.6584319253424
266,strokeRateSpm,39.94564187192934
266,distanceM,269.542833246815
266,activeEnergyKcal,13.669516093052913
266,heartRateBpm,164.24260308198933
267,speedMps,1.130166454178026
267,paceSecPerKm,884.8254133744426
267,strokeRateSpm,41.75409002370351
267,distanceM,270.67299970099305
267,activeEnergyKcal,13.730650732950936
267,heartRateBpm,164.03671733838215
268,speedMps,1.1581219481920042
268,paceSecPerKm,863.4669272619732
268,strokeRateSpm,40.599680945485446
268,distanceM,271.83112164918504
268,activeEnergyKcal,13.791784788612716
268,heartRateBpm,165.45814480038732
269,speedMps,1.1378343867767964
269,paceSecPerKm,878.8625230713521
269,strokeRateSpm,40.51950871023079
269,distanceM,272.9689560359618
269,activeEnergyKcal,13.852918260038253
270,speedMps,1.0896971964585207
270,paceSecPerKm,917.6861271644696
270,strokeRateSpm,40.191278156566575
270,distanceM,274.05865323242034
270,activeEnergyKcal,13.914051147227546
270,heartRateBpm,165.677770812713
271,speedMps,1.1324131074163073
271,paceSecPerKm,883.0699622345254
271,strokeRateSpm,41.92032939475793
271,distanceM,275.19106633983665
271,activeEnergyKcal,13.975183450180594
271,heartRateBpm,164.7088136978116
272,speedMps,1.1349917196343962
272,paceSecPerKm,881.0636965017861
272,strokeRateSpm,40.373760192488014
272,distanceM,276.32605805947105
272,activeEnergyKcal,14.0363151688974
272,heartRateBpm,164.63267155246257
273,speedMps,1.1003578895156656
273,paceSecPerKm,908.7952288324673
273,strokeRateSpm,40.59395281660045
273,distanceM,277.42641594898674
273,activeEnergyKcal,14.09744630337796
274,speedMps,1.1109312699917346
274,paceSecPerKm,900.1456948884336
274,strokeRateSpm,41.23979748211186
274,distanceM,278.5373472189785
274,activeEnergyKcal,14.158576853622277
274,heartRateBpm,160.3731508251758
275,speedMps,1.1102094792064885
275,paceSecPerKm,900.7309149573649
275,strokeRateSpm,40.973181716579624
275,distanceM,279.647556698185
275,activeEnergyKcal,14.21970681963035
275,heartRateBpm,159.91899140368804
276,speedMps,1.170525760866255
276,paceSecPerKm,854.3169517772455
276,strokeRateSpm,41.4310068151075
276,distanceM,280.81808245905125
276,activeEnergyKcal,14.28083620140218
276,heartRateBpm,162.198707167629
277,speedMps,1.1137320009561287
277,paceSecPerKm,897.8820749888745
277,strokeRateSpm,41.87633755744548
277,distanceM,281.9318144600074
277,activeEnergyKcal,14.341964998937765
277,heartRateBpm,162.96329732954362
278,speedMps,1.13861218958412
278,paceSecPerKm,878.2621590984826
278,strokeRateSpm,43.54797530116715
278,distanceM,283.0704266495915
278,activeEnergyKcal,14.403093212237106
278,heartRateBpm,163.52084699204212
279,speedMps,1.1432010374151604
279,paceSecPerKm,874.7367849324685
279,strokeRateSpm,41.676979532758494
279,distanceM,284.2136276870067
279,activeEnergyKcal,14.464220841300204
279,heartRateBpm,163.80030345105803
280,speedMps,1.1003033522754677
280,paceSecPerKm,908.8402738499009
280,strokeRateSpm,40.5643130631976
280,distanceM,285.3139310392822
280,activeEnergyKcal,14.525347886127058
281,speedMps,1.09429089541464
281,paceSecPerKm,913.83379336359
281,strokeRateSpm,41.08154410888692
281,distanceM,286.4082219346968
281,activeEnergyKcal,14.586474346717667
281,heartRateBpm,164.4767452132102
282,speedMps,1.1379492125645576
282,paceSecPerKm,878.7738406587881
282,strokeRateSpm,42.11789566416892
282,distanceM,287.54617114726136
282,activeEnergyKcal,14.647600223072033
282,heartRateBpm,165.63468542089686
283,speedMps,1.1927408577202014
283,paceSecPerKm,838.4050848324209
283,strokeRateSpm,40.93515387564852
283,distanceM,288.73891200498156
283,activeEnergyKcal,14.708725515190155
283,heartRateBpm,166.16731946485513
284,speedMps,1.0959882281749385
284,paceSecPerKm,912.4185591529756
284,strokeRateSpm,41.37691979263341
284,distanceM,289.8349002331565
284,activeEnergyKcal,14.769850223072034
284,heartRateBpm,166.8058533892976
285,speedMps,1.1036728302025571
285,paceSecPerKm,906.0656134993103
285,strokeRateSpm,40.2808130914169
285,distanceM,290.93857306335906
285,activeEnergyKcal,14.830974346717667
285,heartRateBpm,167.69478004799674
286,speedMps,1.1577410820640897
286,paceSecPerKm,863.7509849932427
286,strokeRateSpm,42.81764919768437
286,distanceM,292.09631414542315
286,activeEnergyKcal,14.892097886127058
286,heartRateBpm,169.53173981538004
287,speedMps,1.1168627622957215
287,paceSecPerKm,895.3651547523091
287,strokeRateSpm,40.9615283342674
287,distanceM,293.2131769077189
287,activeEnergyKcal,14.953220841300205
287,heartRateBpm,173.02485899941937
288,speedMps,1.1284465166406137
288,paceSecPerKm,886.1740324007565
288,strokeRateSpm,40.11798732135904
288,distanceM,294.3416234243595
288,activeEnergyKcal,15.014343212237106
288,heartRateBpm,173.33533489759552
289,speedMps,1.1689169935242467
289,paceSecPerKm,855.4927386118603
289,strokeRateSpm,41.56686647675214
289,distanceM,295.51054041788376
289,activeEnergyKcal,15.075464998937765
290,speedMps,1.1804549062387222
290,paceSecPerKm,847.1310464423374
290,strokeRateSpm,40.938034348413275
290,distanceM,296.69099532412247
290,activeEnergyKcal,15.13658620140218
290,heartRateBpm,173.77312243753167
291,speedMps,1.1149955731748409
291,paceSecPerKm,896.8645473206658
291,strokeRateSpm,40.66190245246216
291,distanceM,297.8059908972973
291,activeEnergyKcal,15.197706819630351
291,heartRateBpm,172.60369795972326
292,speedMps,1.1776876684040634
292,paceSecPerKm,849.121568331563
292,strokeRateSpm,40.60168072060844
292,distanceM,298.9836785657014
292,activeEnergyKcal,15.258826853622278
292,heartRateBpm,171.90199782624876
293,speedMps,1.1105923200022192
293,paceSecPerKm,900.4204170959887
293,strokeRateSpm,40.0724209391377
293,distanceM,300.0942708857036
293,activeEnergyKcal,15.31994630337796
293,heartRateBpm,172.013296093495
294,speedMps,1.130650703983337
294,paceSecPerKm,884.4464488253992
294,strokeRateSpm,40.00960121074994
294,distanceM,301.22492158968697
294,activeEnergyKcal,15.3810651688974
294,heartRateBpm,171.52213632516882
295,speedMps,1.1742597822166556
295,paceSecPerKm,851.6003146359108
295,strokeRateSpm,40.93927295653712
295,distanceM,302.39918137190364
295,activeEnergyKcal,15.442183450180595
295,heartRateBpm,173.23993775632263
296,speedMps,1.1207095172161161
296,paceSecPerKm,892.2918781702122
296,strokeRateSpm,40.81869694594074
296,distanceM,303.5198908891198
296,activeEnergyKcal,15.503301147227546
296,heartRateBpm,173.14347499728345
297,speedMps,1.0787011758512206
297,paceSecPerKm,927.0407990525122
297,strokeRateSpm,41.17055729337329
297,distanceM,304.598592064971
297,activeEnergyKcal,15.564418260038254
298,speedMps,1.1236637962328335
298,paceSecPerKm,889.9459102914719
298,strokeRateSpm,41.22423879541959
298,distanceM,305.72225586120385
298,activeEnergyKcal,15.625534788612718
299,speedMps,1.1478766863676786
299,paceSecPerKm,871.1737174176635
299,strokeRateSpm,40.58585467355939
299,distanceM,306.87013254757153
299,activeEnergyKcal,15.686650732950937
300,speedMps,1.1441999211383187
300,paceSecPerKm,873.973141865925
300,strokeRateSpm,42.40793092926751
300,distanceM,308.0143324687098
300,activeEnergyKcal,15.747766093052913
301,speedMps,1.1316864174045274
301,paceSecPerKm,883.6370081152478
301,strokeRateSpm,40.81231625446604
301,distanceM,309.14601888611435
301,activeEnergyKcal,15.808880868918646
302,speedMps,1.1195205576353946
302,paceSecPerKm,893.2395150582665
302,strokeRateSpm,41.18417711907594
302,distanceM,310.26553944374973
302,activeEnergyKcal,15.869995060548133
303,speedMps,1.1855860230993813
303,paceSecPerKm,843.4647343309439
303,strokeRateSpm,40.75318542876145
303,distanceM,311.45112546684913
303,activeEnergyKcal,15.931108667941377
304,speedMps,1.0703590408340031
304,paceSecPerKm,934.2659442768095
304,strokeRateSpm,40.19873826134279
304,distanceM,312.5214845076831
304,activeEnergyKcal,15.992221691098377
305,speedMps,1.1520383902469322
305,paceSecPerKm,868.0266286834906
305,strokeRateSpm,40.40401917134855
305,distanceM,313.67352289793007
305,activeEnergyKcal,16.053334130019135
306,speedMps,1.1378458688769517
306,paceSecPerKm,878.8536543943294
306,strokeRateSpm,40.48368347514131
306,distanceM,314.81136876680705
306,activeEnergyKcal,16.114445984703647
307,speedMps,1.108921957251613
307,paceSecPerKm,901.7767151787954
307,strokeRateSpm,40.83984825397477
307,distanceM,315.92029072405865
307,activeEnergyKcal,16.175557255151915
308,speedMps,1.103381261681501
308,paceSecPerKm,906.3050413562825
308,strokeRateSpm,41.27388048906313
308,distanceM,317.0236719857401
308,activeEnergyKcal,16.23666794136394
309,speedMps,1.1192630627690499
309,paceSecPerKm,893.4450115114191
309,strokeRateSpm,39.95195659482771
309,distanceM,318.1429350485092
309,activeEnergyKcal,16.297778043339722
310,speedMps,1.1692965696369408
310,paceSecPerKm,855.2150292465953
310,strokeRateSpm,40.53358992339744
310,distanceM,319.3122316181461
310,activeEnergyKcal,16.35888756107926
311,speedMps,1.1194200291049223
311,paceSecPerKm,893.3197316467443
311,strokeRateSpm,40.60441206514102
311,distanceM,320.431651647251
311,activeEnergyKcal,16.419996494582552
312,speedMps,1.1318955158893427
312,paceSecPerKm,883.4737711760339
312,strokeRateSpm,40.43585838677351
312,distanceM,321.56354716314036
312,activeEnergyKcal,16.4811048438496
313,speedMps,1.1482654467463758
313,paceSecPerKm,870.8787700905851
313,strokeRateSpm,40.13552490889693
313,distanceM,322.71181260988675
313,activeEnergyKcal,16.542212608880405
314,speedMps,1.070997355686739
314,paceSecPerKm,933.7091214000109
314,strokeRateSpm,40.405439434821325
314,distanceM,323.7828099655735
314,activeEnergyKcal,16.603319789674966
315,speedMps,1.135454932086794
315,paceSecPerKm,880.7042637633813
315,strokeRateSpm,40.064172460776405
315,distanceM,324.9182648976603
315,activeEnergyKcal,16.664426386233284
316,speedMps,1.1356609645448414
316,paceSecPerKm,880.5444857398858
316,strokeRateSpm,40.28750516061558
316,distanceM,326.0539258622052
316,activeEnergyKcal,16.72553239855536
317,speedMps,1.141725842191909
317,paceSecPerKm,875.8670103149975
317,strokeRateSpm,39.97338131265365
317,distanceM,327.1956517043971
317,activeEnergyKcal,16.78663782664119
318,speedMps,1.1372322271734043
318,paceSecPerKm,879.3278770207774
318,strokeRateSpm,40.89892255777533
318,distanceM,328.3328839315705
318,activeEnergyKcal,16.847742670490774
319,speedMps,1.163422460937881
319,paceSecPerKm,859.533001618226
319,strokeRateSpm,40.99924731526628
319,distanceM,329.4963063925084
319,activeEnergyKcal,16.908846930104115
320,speedMps,1.1626706620869025
320,paceSecPerKm,860.0887874861129
320,strokeRateSpm,41.95176509744826
320,distanceM,330.6589770545953
320,activeEnergyKcal,16.969950605481213
321,speedMps,1.1469015755297154
321,paceSecPerKm,871.9144007960173
321,strokeRateSpm,41.661352706319114
321,distanceM,331.80587863012505
321,activeEnergyKcal,17.031053696622067
321,heartRateBpm,171.1917407222417
322,speedMps,1.1284926694746669
322,paceSecPerKm,886.1377898586771
322,strokeRateSpm,41.423075335839236
322,distanceM,332.9343712995997
322,activeEnergyKcal,17.092156203526677
322,heartRateBpm,170.767049260241
323,speedMps,1.1067073724120033
323,paceSecPerKm,903.5812220357393
323,strokeRateSpm,40.21341735514419
323,distanceM,334.04107867201174
323,activeEnergyKcal,17.153258126195045
323,heartRateBpm,169.45514307331015
324,speedMps,1.1277407748804549
324,paceSecPerKm,886.7286013543353
324,strokeRateSpm,41.23570659329032
324,distanceM,335.1688194468922
324,activeEnergyKcal,17.21435946462717
324,heartRateBpm,168.19052073817662
325,speedMps,1.1191600291543609
325,paceSecPerKm,893.5272650468063
325,strokeRateSpm,40.13973338198661
325,distanceM,336.2879794760466
325,activeEnergyKcal,17.275460218823046
325,heartRateBpm,168.38033932092523
326,speedMps,1.0968050893284842
326,paceSecPerKm,911.7390224841564
326,strokeRateSpm,40.159082722623126
326,distanceM,337.38478456537507
326,activeEnergyKcal,17.33656038878268
326,heartRateBpm,168.5032446846002
327,speedMps,1.116374854310705
327,paceSecPerKm,895.7564711697491
327,strokeRateSpm,40.790849463660635
327,distanceM,338.5011594196858
327,activeEnergyKcal,17.39765997450607
327,heartRateBpm,167.69710273411206
328,speedMps,1.0931803018871797
328,paceSecPerKm,914.7621835791217
328,strokeRateSpm,40.08165612648739
328,distanceM,339.59433972157296
328,activeEnergyKcal,17.458758975993216
328,heartRateBpm,166.68511517196032
329,speedMps,1.1453346904989719
329,paceSecPerKm,873.1072308342848
329,strokeRateSpm,42.319661608133856
329,distanceM,340.73967441207196
329,activeEnergyKcal,17.51985739324412
329,heartRateBpm,167.21781098162174
330,speedMps,1.1123124040259873
330,paceSecPerKm,899.0280036260718
330,strokeRateSpm,41.71264867323269
330,distanceM,341.85198681609796
330,activeEnergyKcal,17.58095522625878
330,heartRateBpm,167.06293899443696
331,speedMps,1.1178621699379363
331,paceSecPerKm,894.5646671767415
331,strokeRateSpm,41.4401892931114
331,distanceM,342.9698489860359
331,activeEnergyKcal,17.642052475037197
331,heartRateBpm,167.67745788231542
332,speedMps,1.0762488182540808
332,paceSecPerKm,929.1531688947416
332,strokeRateSpm,42.60965870277464
332,distanceM,344.04609780429
332,activeEnergyKcal,17.703149139579367
332,heartRateBpm,167.10376776833843
333,speedMps,1.1447858701246936
333,paceSecPerKm,873.525806089026
333,strokeRateSpm,39.695310903016505
333,distanceM,345.1908836744147
333,activeEnergyKcal,17.764245219885293
334,speedMps,1.1169988035507477
334,paceSecPerKm,895.2561066504023
334,strokeRateSpm,39.69216482178694
334,distanceM,346.30788247796545
334,activeEnergyKcal,17.825340715954976
334,heartRateBpm,168.5557687657455
335,speedMps,1.1003704748607446
335,paceSecPerKm,908.7848346045029
335,strokeRateSpm,40.90217139272004
335,distanceM,347.4082529528262
335,activeEnergyKcal,17.886435627788416
335,heartRateBpm,169.20908907496815
336,speedMps,1.1407693158462224
336,paceSecPerKm,876.601418103712
336,strokeRateSpm,41.52821728436945
336,distanceM,348.54902226867245
336,activeEnergyKcal,17.947529955385612
337,speedMps,1.1175962259252172
337,paceSecPerKm,894.7775384371367
337,strokeRateSpm,41.31530981320489
337,distanceM,349.6666184945977
337,activeEnergyKcal,18.008623698746565
337,heartRateBpm,169.1892663216937
338,speedMps,1.103257111607648
338,paceSecPerKm,906.4070283152914
338,strokeRateSpm,40.52187413746045
338,distanceM,350.76987560620535
338,activeEnergyKcal,18.069716857871274
338,heartRateBpm,168.99004951967393
339,speedMps,1.133239592201931
339,paceSecPerKm,882.4259290632082
339,strokeRateSpm,40.25059686431709
339,distanceM,351.90311519840725
339,activeEnergyKcal,18.130809432759737
339,heartRateBpm,170.71355565491803
340,speedMps,1.1196209736931984
340,paceSecPerKm,893.1594025979928
340,strokeRateSpm,40.8050825333401
340,distanceM,353.02273617210045
340,activeEnergyKcal,18.191901423411956
340,heartRateBpm,168.7500388265766
341,speedMps,1.102753125202765
341,paceSecPerKm,906.8212795281161
341,strokeRateSpm,40.3980007471
341,distanceM,354.1254892973032
341,activeEnergyKcal,18.25299282982793
341,heartRateBpm,168.963587015803
342,speedMps,1.118041880692046
342,paceSecPerKm,894.4208774907605
342,strokeRateSpm,41.91691347015611
342,distanceM,355.24353117799524
342,activeEnergyKcal,18.314083652007664
342,heartRateBpm,168.42663919402338
343,speedMps,1.1928638860787986
343,paceSecPerKm,838.318614278127
343,strokeRateSpm,41.047295902759046
343,distanceM,356.436395064074
343,activeEnergyKcal,18.375173889951153
343,heartRateBpm,170.39249004811285
344,speedMps,1.0883989137610302
344,paceSecPerKm,918.7807773019892
344,strokeRateSpm,41.38239374691508
344,distanceM,357.52479397783503
344,activeEnergyKcal,18.4362635436584
344,heartRateBpm,171.98371242306536
345,speedMps,1.2108350523077536
345,paceSecPerKm,825.8763223727964
345,strokeRateSpm,42.00359627501811
345,distanceM,358.7356290301428
345,activeEnergyKcal,18.4973526131294
345,heartRateBpm,174.49185589835247
346,speedMps,1.1126393407069133
346,paceSecPerKm,898.7638342579653
346,strokeRateSpm,41.84318962749165
346,distanceM,359.84826837084967
346,activeEnergyKcal,18.558441098364156
346,heartRateBpm,175.360420159734
347,speedMps,1.156757003989466
347,paceSecPerKm,864.4857965425439
347,strokeRateSpm,40.91231975799042
347,distanceM,361.00502537483914
347,activeEnergyKcal,18.619528999362668
347,heartRateBpm,175.8820019222087
348,speedMps,1.1309963753879027
348,paceSecPerKm,884.1761315610103
348,strokeRateSpm,40.16115609951975
348,distanceM,362.13602175022703
348,activeEnergyKcal,18.680616316124937
348,heartRateBpm,176.72447189565375
349,speedMps,1.1478241047900448
349,paceSecPerKm,871.2136257000072
349,strokeRateSpm,41.144089563984
349,distanceM,363.2838458550171
349,activeEnergyKcal,18.74170304865096
349,heartRateBpm,177.21583983346022
350,speedMps,1.1392641557026721
350,paceSecPerKm,877.7595564596894
350,strokeRateSpm,40.847088244247985
350,distanceM,364.42311001071977
350,activeEnergyKcal,18.802789196940743
350,heartRateBpm,177.735692233206
351,speedMps,1.1532387632645376
351,paceSecPerKm,867.1231247632052
351,strokeRateSpm,41.976373138030844
351,distanceM,365.5763487739843
351,activeEnergyKcal,18.863874760994282
352,speedMps,1.111889317630503
352,paceSecPerKm,899.3700938966252
352,strokeRateSpm,40.38157110144659
352,distanceM,366.68823809161483
352,activeEnergyKcal,18.924959740811577
352,heartRateBpm,174.40571261878347
353,speedMps,1.098494612500845
353,paceSecPerKm,910.3367359475609
353,strokeRateSpm,40.50257105454948
353,distanceM,367.7867327041157
353,activeEnergyKcal,18.986044136392625
353,heartRateBpm,174.50119660427694
354,speedMps,1.146601084569151
354,paceSecPerKm,872.1429043264527
354,strokeRateSpm,40.848372092755376
354,distanceM,368.9333337886849
354,activeEnergyKcal,19.04712794773743
354,heartRateBpm,173.0843045224143
355,speedMps,1.1247212635378387
355,paceSecPerKm,889.1091796864185
355,strokeRateSpm,40.151324543338326
355,distanceM,370.0580550522227
355,activeEnergyKcal,19.10821117484599
355,heartRateBpm,173.2347856674991
356,speedMps,1.1232386530454461
356,paceSecPerKm,890.2827527246252
356,strokeRateSpm,39.7516615277299
356,distanceM,371.18129370526816
356,activeEnergyKcal,19.16929381771831
356,heartRateBpm,173.1098808931905
357,speedMps,1.1072101940711385
357,paceSecPerKm,903.1708751913368
357,strokeRateSpm,39.696781175767825
357,distanceM,372.2885038993393
357,activeEnergyKcal,19.230375876354383
357,heartRateBpm,169.59244981441563
358,speedMps,1.0849598361673223
358,paceSecPerKm,921.6931048181034
358,strokeRateSpm,42.52215285439167
358,distanceM,373.3734637355066
358,activeEnergyKcal,19.291457350754214
358,heartRateBpm,168.37702315207338
359,speedMps,1.1212476152718678
359,paceSecPerKm,891.8636582852673
359,strokeRateSpm,42.080162286647514
359,distanceM,374.49471135077846
359,activeEnergyKcal,19.352538240917802
359,heartRateBpm,167.93108933593473
360,speedMps,1.095119035676475
360,paceSecPerKm,913.1427428638218
360,strokeRateSpm,41.417885319046796
360,distanceM,375.58983038645493
360,activeEnergyKcal,19.413618546845143
360,heartRateBpm,167.0109545204396
361,speedMps,1.145476472059121
361,paceSecPerKm,872.9991618268589
361,strokeRateSpm,41.068657851923646
361,distanceM,376.73530685851404
361,activeEnergyKcal,19.47469826853624
361,heartRateBpm,167.18245668091978
362,speedMps,1.1149110309135843
362,paceSecPerKm,896.9325553991304
362,strokeRateSpm,40.50311216834032
362,distanceM,377.8502178894276
362,activeEnergyKcal,19.535777405991094
362,heartRateBpm,168.29046639203952
363,speedMps,1.1278630565452523
363,paceSecPerKm,886.6324632203944
363,strokeRateSpm,40.470612873979924
363,distanceM,378.97808094597286
363,activeEnergyKcal,19.596855959209705
363,heartRateBpm,166.37217566025836
364,speedMps,1.1670193504478137
364,paceSecPerKm,856.8838208349122
364,strokeRateSpm,41.37451869856367
364,distanceM,380.14510029642065
364,activeEnergyKcal,19.657933928192072
364,heartRateBpm,167.60922828580166
365,speedMps,1.1600093242212202
365,paceSecPerKm,862.062036157646
365,strokeRateSpm,40.43112334403145
365,distanceM,381.3051096206419
365,activeEnergyKcal,19.719011312938196
365,heartRateBpm,169.03444005376986
366,speedMps,1.123498989168549
366,paceSecPerKm,890.0764572472424
366,strokeRateSpm,39.84500360114482
366,distanceM,382.4286086098104
366,activeEnergyKcal,19.780088113448077
366,heartRateBpm,170.81369518597427
367,speedMps,1.1581853415074599
367,paceSecPerKm,863.4196653693004
367,strokeRateSpm,40.772992252687295
367,distanceM,383.5867939513179
367,activeEnergyKcal,19.84116432972171
367,heartRateBpm,170.28513592228146
368,speedMps,1.1541912032141648
368,paceSecPerKm,866.4075737323445
368,strokeRateSpm,41.10640036567126
368,distanceM,384.74098515453204
368,activeEnergyKcal,19.9022399617591
368,heartRateBpm,168.9263187449033
369,speedMps,1.1324764831638607
369,paceSecPerKm,883.0205437964115
369,strokeRateSpm,41.23057546293907
369,distanceM,385.8734616376959
369,activeEnergyKcal,19.963315009560247
369,heartRateBpm,169.64254488130945
370,speedMps,1.1759113029544
370,paceSecPerKm,850.4042758051272
370,strokeRateSpm,41.33749429664807
370,distanceM,387.0493729406503
370,activeEnergyKcal,20.02438947312515
370,heartRateBpm,167.232595914364
371,speedMps,1.1441134166256326
371,paceSecPerKm,874.0392215216997
371,strokeRateSpm,41.28825447970953
371,distanceM,388.19348635727596
371,activeEnergyKcal,20.08546335245381
371,heartRateBpm,167.0974237994369
372,speedMps,1.1261310047436104
372,paceSecPerKm,887.9961530121204
372,strokeRateSpm,42.12022898089316
372,distanceM,389.3196173620196
372,activeEnergyKcal,20.146536647546228
372,heartRateBpm,165.97025530270207
373,speedMps,1.1443708742659353
373,paceSecPerKm,873.8425824070863
373,strokeRateSpm,41.66358003012697
373,distanceM,390.4639882362855
373,activeEnergyKcal,20.2076093584024
373,heartRateBpm,167.6151633786721
374,speedMps,1.1507922193095848
374,paceSecPerKm,868.966598157874
374,strokeRateSpm,39.80156629546334
374,distanceM,391.6147804555951
374,activeEnergyKcal,20.268681485022327
374,heartRateBpm,167.50179776663302
375,speedMps,1.1324894097667377
375,paceSecPerKm,883.0104647124011
375,strokeRateSpm,39.97149326683768
375,distanceM,392.74726986536183
375,activeEnergyKcal,20.32975302740601
376,speedMps,1.1598447446023943
376,paceSecPerKm,862.1843610136023
376,strokeRateSpm,41.42147557534861
376,distanceM,393.9071146099642
376,activeEnergyKcal,20.39082398555345
376,heartRateBpm,163.30051567036284
377,speedMps,1.1247715625103356
377,paceSecPerKm,889.0694193655976
377,strokeRateSpm,39.93535763709441
377,distanceM,395.0318861724745
377,activeEnergyKcal,20.451894359464646
377,heartRateBpm,162.865638468916
378,speedMps,1.1515349438997136
378,paceSecPerKm,868.4061263598869
378,strokeRateSpm,42.64825317541713
378,distanceM,396.18342111637423
378,activeEnergyKcal,20.5129641491396
378,heartRateBpm,164.1657703255817
379,speedMps,1.1859254396244532
379,paceSecPerKm,843.2233314066269
379,strokeRateSpm,40.14820745322764
379,distanceM,397.3693465559987
379,activeEnergyKcal,20.574033354578308
379,heartRateBpm,163.02142615101903
380,speedMps,1.147399554518006
380,paceSecPerKm,871.5359841847552
380,strokeRateSpm,40.701093924819915
380,distanceM,398.5167461105167
380,activeEnergyKcal,20.635101975780774
380,heartRateBpm,161.91787650307108
381,speedMps,1.1745080015678218
381,paceSecPerKm,851.4203382736641
381,strokeRateSpm,40.66921739927905
381,distanceM,399.6912541120845
381,activeEnergyKcal,20.696170012746993
381,heartRateBpm,162.8777429866876
382,speedMps,1.105478995149133
382,paceSecPerKm,904.5852561541402
382,strokeRateSpm,41.62440646110315
382,distanceM,400.79673310723365
382,activeEnergyKcal,20.75723746547697
382,heartRateBpm,162.67002433201725
383,speedMps,1.090793594005098
383,paceSecPerKm,916.7637264244205
383,strokeRateSpm,41.306604127781846
383,distanceM,401.88752670123876
383,activeEnergyKcal,20.8183043339707
383,heartRateBpm,163.75892582334592
384,speedMps,1.1418357579288625
384,paceSecPerKm,875.7826973415742
384,strokeRateSpm,40.110758321492646
384,distanceM,403.0293624591676
384,activeEnergyKcal,20.87937061822819
384,heartRateBpm,164.38995289107726
385,speedMps,1.1122116503846327
385,paceSecPerKm,899.1094452698577
385,strokeRateSpm,41.11164726780694
385,distanceM,404.1415741095522
385,activeEnergyKcal,20.940436318249436
385,heartRateBpm,163.32092380674777
386,speedMps,1.1223459624419216
386,paceSecPerKm,890.9908650843008
386,strokeRateSpm,40.19881906761506
386,distanceM,405.2639200719941
386,activeEnergyKcal,21.001501434034438
386,heartRateBpm,161.30101602533603
387,speedMps,1.1498162538961316
387,paceSecPerKm,869.7041780471602
387,strokeRateSpm,41.95480455387877
387,distanceM,406.4137363258902
387,activeEnergyKcal,21.062565965583197
387,heartRateBpm,162.05101456791252
388,speedMps,1.1029484143493788
388,paceSecPerKm,906.660716847662
388,strokeRateSpm,40.22278516188255
388,distanceM,407.5166847402396
388,activeEnergyKcal,21.12362991289571
388,heartRateBpm,161.3691491332703
389,speedMps,1.1457488020552649
389,paceSecPerKm,872.7916609698234
389,strokeRateSpm,40.39734383042963
389,distanceM,408.6624335422949
389,activeEnergyKcal,21.184693275971977
389,heartRateBpm,160.49469938474832
390,speedMps,1.1530236085857313
390,paceSecPerKm,867.2849302943363
390,strokeRateSpm,41.49273109581902
390,distanceM,409.8154571508806
390,activeEnergyKcal,21.245756054812002
390,heartRateBpm,160.8040562025849
391,speedMps,1.125101920615694
391,paceSecPerKm,888.8083663147299
391,strokeRateSpm,42.41248813879837
391,distanceM,410.9405590714963
391,activeEnergyKcal,21.306818249415784
391,heartRateBpm,162.5037804026976
392,speedMps,1.077597738245549
392,paceSecPerKm,927.9900694930124
392,strokeRateSpm,40.53778149209373
392,distanceM,412.01815680974187
392,activeEnergyKcal,21.367879859783322
392,heartRateBpm,161.97000018736819
393,speedMps,1.152380499547271
393,paceSecPerKm,867.7689360353322
393,strokeRateSpm,40.29185166856925
393,distanceM,413.17053730928916
393,activeEnergyKcal,21.428940885914617
393,heartRateBpm,162.34803604437448
394,speedMps,1.1404167517795272
394,paceSecPerKm,876.8724226819553
394,strokeRateSpm,41.19222942990653
394,distanceM,414.3109540610687
394,activeEnergyKcal,21.49000132780967
394,heartRateBpm,162.01908315413982
395,speedMps,1.1538267817050532
395,paceSecPerKm,866.6812175413908
395,strokeRateSpm,40.978814799287186
395,distanceM,415.46478084277373
395,activeEnergyKcal,21.551061185468473
395,heartRateBpm,163.156752097528
396,speedMps,1.1341357439587083
396,paceSecPerKm,881.7286690123119
396,strokeRateSpm,40.42908070227057
396,distanceM,416.59891658673246
396,activeEnergyKcal,21.612120458891035
396,heartRateBpm,161.9594307767312
397,speedMps,1.170346130171456
397,paceSecPerKm,854.4480767014625
397,strokeRateSpm,41.60498601898954
397,distanceM,417.76926271690394
397,activeEnergyKcal,21.673179148077352
397,heartRateBpm,162.17288358704903
398,speedMps,1.122134558342485
398,paceSecPerKm,891.1587229584203
398,strokeRateSpm,39.87715618222701
398,distanceM,418.89139727524645
398,activeEnergyKcal,21.734237253027427
398,heartRateBpm,163.77334435048772
399,speedMps,1.1529780559719718
399,paceSecPerKm,867.31919555658
399,strokeRateSpm,39.91765920252656
399,distanceM,420.0443753312184
399,activeEnergyKcal,21.795294773741258
399,heartRateBpm,163.86963799210255
400,speedMps,1.0858007715387978
400,paceSecPerKm,920.9792682158433
400,strokeRateSpm,40.057371343910624
400,distanceM,421.1301761027572
400,activeEnergyKcal,21.856351710218846
400,heartRateBpm,162.55210712186
401,speedMps,1.1673241996550892
401,paceSecPerKm,856.6600437954352
401,strokeRateSpm,39.94084583748501
401,distanceM,422.2975003024123
401,activeEnergyKcal,21.91740806246019
401,heartRateBpm,163.14603012476218
402,speedMps,1.1120558339170286
402,paceSecPerKm,899.2354246078357
402,strokeRateSpm,40.759607145639634
402,distanceM,423.40955613632934
402,activeEnergyKcal,21.978463830465287
402,heartRateBpm,160.80761453240135
403,speedMps,1.1472359775549004
403,paceSecPerKm,871.6602508677388
403,strokeRateSpm,40.10023824988428
403,distanceM,424.5567921138842
403,activeEnergyKcal,22.03951901423414
403,heartRateBpm,158.70808725840237
404,speedMps,1.151876841385019
404,paceSecPerKm,868.1483680126759
404,strokeRateSpm,40.554397786837306
404,distanceM,425.7086689552693
404,activeEnergyKcal,22.100573613766752
404,heartRateBpm,157.8183878511646
405,speedMps,1.1501930429828582
405,paceSecPerKm,869.4192736609201
405,strokeRateSpm,41.31873980119238
405,distanceM,426.8588619982521
405,activeEnergyKcal,22.16162762906312
405,heartRateBpm,157.47378454271075
406,speedMps,1.093012555690445
406,paceSecPerKm,914.9025734368714
406,strokeRateSpm,40.200729744342084
406,distanceM,427.95187455394256
406,activeEnergyKcal,22.222681060123243
406,heartRateBpm,158.95190407907057
407,speedMps,1.1267185410611409
407,paceSecPerKm,887.533100376783
407,strokeRateSpm,39.62196775831614
407,distanceM,429.0785930950037
407,activeEnergyKcal,22.283733906947123
407,heartRateBpm,157.7335687267131
408,speedMps,1.1437529921526923
408,paceSecPerKm,874.3146526050783
408,strokeRateSpm,39.08440243671557
408,distanceM,430.22234608715644
408,activeEnergyKcal,22.34478616953476
408,heartRateBpm,158.85951829775982
409,speedMps,1.174486058120083
409,paceSecPerKm,851.4362457402257
409,strokeRateSpm,39.369958602408495
409,distanceM,431.3968321452765
409,activeEnergyKcal,22.40583784788615
409,heartRateBpm,157.03025993538944
410,speedMps,1.1319995274539842
410,paceSecPerKm,883.3925949148861
410,strokeRateSpm,41.11490754144836
410,distanceM,432.52883167273046
410,activeEnergyKcal,22.466888942001297
410,heartRateBpm,155.86309422291595
411,speedMps,1.1834639551721742
411,paceSecPerKm,844.9771500261
411,strokeRateSpm,40.8151136418873
411,distanceM,433.7122956279026
411,activeEnergyKcal,22.5279394518802
411,heartRateBpm,153.7824320840114
412,speedMps,1.1216573924432773
412,paceSecPerKm,891.5378320841143
412,strokeRateSpm,40.894288593009364
412,distanceM,434.8339530203459
412,activeEnergyKcal,22.58898937752286
413,speedMps,1.1354761176742683
413,paceSecPerKm,880.6878316809019
413,strokeRateSpm,41.97454796204098
413,distanceM,435.9694291380202
413,activeEnergyKcal,22.650038718929277
413,heartRateBpm,152.9197010917204
414,speedMps,1.114173978287914
414,paceSecPerKm,897.5258976489843
414,strokeRateSpm,41.568103090101715
414,distanceM,437.0836031163081
414,activeEnergyKcal,22.71108747609945
414,heartRateBpm,150.971604076615
415,speedMps,1.13101660629835
415,paceSecPerKm,884.1603159770148
415,strokeRateSpm,41.07496456319243
415,distanceM,438.21461972260647
415,activeEnergyKcal,22.77213564903338
415,heartRateBpm,151.2954587111501
416,speedMps,1.1036403094557434
416,paceSecPerKm,906.0923123523339
416,strokeRateSpm,41.71210587826195
416,distanceM,439.3182600320622
416,activeEnergyKcal,22.833183237731063
416,heartRateBpm,151.85636609828555
417,speedMps,1.1024576871137335
417,paceSecPerKm,907.0642907103576
417,strokeRateSpm,42.32387861577453
417,distanceM,440.4207177191759
417,activeEnergyKcal,22.894230242192503
417,heartRateBpm,150.76246883242234
418,speedMps,1.1021538331718477
418,paceSecPerKm,907.314360212437
418,strokeRateSpm,41.17829087354116
418,distanceM,441.52287155234774
418,activeEnergyKcal,22.9552766624177
418,heartRateBpm,150.8079087322316
419,speedMps,1.1129962450955917
419,paceSecPerKm,898.4756277539042
419,strokeRateSpm,39.77056887956566
419,distanceM,442.6358677974433
419,activeEnergyKcal,23.01632249840665
419,heartRateBpm,149.92705679219543
420,speedMps,1.14270976275974
420,paceSecPerKm,875.1128524402523
420,strokeRateSpm,41.53463196442262
420,distanceM,443.7785775602031
420,activeEnergyKcal,23.07736775015936
420,heartRateBpm,148.83533564129266
421,speedMps,1.1188819405569275
421,paceSecPerKm,893.7493436548332
421,strokeRateSpm,41.24315472291167
421,distanceM,444.89745950076
421,activeEnergyKcal,23.138412417675827
421,heartRateBpm,148.6075279326438
422,speedMps,1.1899804447694353
422,paceSecPerKm,840.3499438965613
422,strokeRateSpm,40.81528701091754
422,distanceM,446.08743994552947
422,activeEnergyKcal,23.19945650095605
422,heartRateBpm,148.38165390817787
423,speedMps,1.1670722042991357
423,paceSecPerKm,856.8450146583108
423,strokeRateSpm,39.77707260842426
423,distanceM,447.2545121498286
423,activeEnergyKcal,23.260500000000025
423,heartRateBpm,149.69685068406804
424,speedMps,1.170756408829872
424,paceSecPerKm,854.1486448060217
424,strokeRateSpm,40.63459785266613
424,distanceM,448.42526855865844
424,activeEnergyKcal,23.321542914807758
424,heartRateBpm,151.12522547424038
425,speedMps,1.1347941548908373
425,paceSecPerKm,881.2170874251603
425,strokeRateSpm,41.2631151539502
425,distanceM,449.56006271354926
425,activeEnergyKcal,23.382585245379246
425,heartRateBpm,150.61414646050446
426,speedMps,1.1662039756988059
426,paceSecPerKm,857.4829282337045
426,strokeRateSpm,40.56018685632371
426,distanceM,450.72626668924806
426,activeEnergyKcal,23.443626991714492
426,heartRateBpm,153.6436775491754
427,speedMps,1.1402317759578282
427,paceSecPerKm,877.0146746348746
427,strokeRateSpm,40.88868925961783
427,distanceM,451.8664984652059
427,activeEnergyKcal,23.504668153813494
427,heartRateBpm,154.10893508814186
428,speedMps,1.1005921497889704
428,paceSecPerKm,908.6017924003382
428,strokeRateSpm,40.89216445148637
428,distanceM,452.96709061499485
428,activeEnergyKcal,23.565708731676253
428,heartRateBpm,154.49494875010674
429,speedMps,1.061694179392144
429,paceSecPerKm,941.8908188538192
429,strokeRateSpm,40.103878334553016
429,distanceM,454.028784794387
429,activeEnergyKcal,23.626748725302768
429,heartRateBpm,156.0626776258544
430,speedMps,1.136247891195841
430,paceSecPerKm,880.0896421885129
430,strokeRateSpm,39.731929091752875
430,distanceM,455.16503268558284
430,activeEnergyKcal,23.687788134693037
430,heartRateBpm,155.61532475538937
431,speedMps,1.1362410051916376
431,paceSecPerKm,880.0949758289534
431,strokeRateSpm,40.74908852123428
431,distanceM,456.3012736907745
431,activeEnergyKcal,23.74882695984706
431,heartRateBpm,157.57909453162034
432,speedMps,1.0907165389311253
432,paceSecPerKm,916.8284923780241
432,strokeRateSpm,41.249316462216214
432,distanceM,457.39199022970564
432,activeEnergyKcal,23.809865200764843
432,heartRateBpm,157.7876483447849
433,speedMps,1.1029515284765996
433,paceSecPerKm,906.658156937507
433,strokeRateSpm,40.255632957767965
433,distanceM,458.4949417581822
433,activeEnergyKcal,23.87090285744638
433,heartRateBpm,157.95586185337072
434,speedMps,1.1097597406477018
434,paceSecPerKm,901.0959429978587
434,strokeRateSpm,42.70386052540311
434,distanceM,459.6047014988299
434,activeEnergyKcal,23.931939929891676
434,heartRateBpm,157.45915683956034
435,speedMps,1.0804996643212335
435,paceSecPerKm,925.4977424062384
435,strokeRateSpm,40.40831303181305
435,distanceM,460.68520116315113
435,activeEnergyKcal,23.992976418100728
435,heartRateBpm,157.94564531253175
436,speedMps,1.1173020047450992
436,paceSecPerKm,895.0131618426117
436,strokeRateSpm,41.05285022058917
436,distanceM,461.80250316789625
436,activeEnergyKcal,24.054012322073536
436,heartRateBpm,157.72025045903916
437,speedMps,1.107838212763113
437,paceSecPerKm,902.658879680501
437,strokeRateSpm,41.228373398508865
437,distanceM,462.91034138065936
437,activeEnergyKcal,24.115047641810097
438,speedMps,1.143285247177878
438,paceSecPerKm,874.6723553622616
438,strokeRateSpm,39.97818334579035
438,distanceM,464.0536266278372
438,activeEnergyKcal,24.176082377310415
438,heartRateBpm,153.5270310629169
439,speedMps,1.1336398681605124
439,paceSecPerKm,882.1143540255323
439,strokeRateSpm,39.85972849308823
439,distanceM,465.18726649599773
439,activeEnergyKcal,24.23711652857449
439,heartRateBpm,152.0703066162725
440,speedMps,1.1249170830463564
440,paceSecPerKm,888.9544083479718
440,strokeRateSpm,42.158731704011494
440,distanceM,466.3121835790441
440,activeEnergyKcal,24.29815009560232
440,heartRateBpm,153.9583533772421
441,speedMps,1.1465641798073007
441,paceSecPerKm,872.170976218764
441,strokeRateSpm,39.76582728021847
441,distanceM,467.45874775885136
441,activeEnergyKcal,24.359183078393908
442,speedMps,1.1243190351555072
442,paceSecPerKm,889.4272610635713
442,strokeRateSpm,41.224292744583735
442,distanceM,468.58306679400687
442,activeEnergyKcal,24.420215476949252
442,heartRateBpm,156.53425076847037
443,speedMps,1.1054708734197838
443,paceSecPerKm,904.5919020068718
443,strokeRateSpm,42.855013141636974
443,distanceM,469.68853766742666
443,activeEnergyKcal,24.481247291268353
443,heartRateBpm,156.254647192284
444,speedMps,1.1245575359241433
444,paceSecPerKm,889.2386276867693
444,strokeRateSpm,40.708123835762585
444,distanceM,470.8130952033508
444,activeEnergyKcal,24.542278521351207
444,heartRateBpm,157.1040180923289
445,speedMps,1.158330018848497
445,paceSecPerKm,863.3118228206725
445,strokeRateSpm,39.78667066123652
445,distanceM,471.97142522219934
445,activeEnergyKcal,24.603309167197818
445,heartRateBpm,158.19471604958565
446,speedMps,1.1352461155219251
446,paceSecPerKm,880.8662600358282
446,strokeRateSpm,41.00921489178644
446,distanceM,473.10667133772125
446,activeEnergyKcal,24.664339228808185
446,heartRateBpm,160.21954088795846
447,speedMps,1.1539984843763311
447,paceSecPerKm,866.5522646162241
447,strokeRateSpm,40.233010143669276
447,distanceM,474.2606698220976
447,activeEnergyKcal,24.72536870618231
447,heartRateBpm,161.17046741434416
448,speedMps,1.1462498088967465
448,paceSecPerKm,872.4101781639463
448,strokeRateSpm,41.76591546655556
448,distanceM,475.40691963099437
448,activeEnergyKcal,24.78639759932019
448,heartRateBpm,160.52483045255315
449,speedMps,1.113857718335501
449,paceSecPerKm,897.780734054934
449,strokeRateSpm,40.705682333495865
449,distanceM,476.5207773493299
449,activeEnergyKcal,24.847425908221826
449,heartRateBpm,161.3011225149759
450,speedMps,1.1461837680804114
450,paceSecPerKm,872.4604446935809
450,strokeRateSpm,41.86745180346218
450,distanceM,477.66696111741027
450,activeEnergyKcal,24.90845363288722
450,heartRateBpm,162.76302749388756
451,speedMps,1.1434511537816288
451,paceSecPerKm,874.5454466443921
451,strokeRateSpm,38.377059425113536
451,distanceM,478.8104122711919
451,activeEnergyKcal,24.969480773316366
451,heartRateBpm,163.97321121757602
452,speedMps,1.1240078087670797
452,paceSecPerKm,889.6735344720572
452,strokeRateSpm,41.47260985516933
452,distanceM,479.934420079959
452,activeEnergyKcal,25.03050732950927
452,heartRateBpm,163.58417851505678
453,speedMps,1.172094542310661
453,paceSecPerKm,853.1734974455262
453,strokeRateSpm,39.96714545507569
453,distanceM,481.1065146222697
453,activeEnergyKcal,25.09153330146593
453,heartRateBpm,164.06010543367307
454,speedMps,1.1126450658239835
454,paceSecPerKm,898.7592096671343
454,strokeRateSpm,41.65922749375303
454,distanceM,482.21915968809367
454,activeEnergyKcal,25.152558689186346
454,heartRateBpm,165.41347383932674
455,speedMps,1.1274071151387122
455,paceSecPerKm,886.991031520112
455,strokeRateSpm,40.90718480135518
455,distanceM,483.3465668032324
455,activeEnergyKcal,25.21358349267052
455,heartRateBpm,165.3181896140594
456,speedMps,1.1233790023353085
456,paceSecPerKm,890.1715253010559
456,strokeRateSpm,41.71324813838274
456,distanceM,484.4699458055677
456,activeEnergyKcal,25.27460771191845
456,heartRateBpm,166.55331393781992
457,speedMps,1.1853325448054033
457,paceSecPerKm,843.6451056561267
457,strokeRateSpm,39.85267006810433
457,distanceM,485.6552783503731
457,activeEnergyKcal,25.335631346930136
457,heartRateBpm,165.87983929607486
458,speedMps,1.1454453965758613
458,paceSecPerKm,873.0228459508862
458,strokeRateSpm,40.85843975412804
458,distanceM,486.80072374694896
458,activeEnergyKcal,25.396654397705575
458,heartRateBpm,166.70260127795183
459,speedMps,1.129509035740426
459,paceSecPerKm,885.3404163734475
459,strokeRateSpm,42.399217723949334
459,distanceM,487.93023278268936
459,activeEnergyKcal,25.45767686424477
460,speedMps,1.1579433335621538
460,paceSecPerKm,863.6001184304274
460,strokeRateSpm,41.15013626007962
460,distanceM,489.08817611625153
460,activeEnergyKcal,25.518698746547724
460,heartRateBpm,166.8999422808142
461,speedMps,1.1386684666099738
461,paceSecPerKm,878.2187522740351
461,strokeRateSpm,40.50825290704427
461,distanceM,490.22684458286153
461,activeEnergyKcal,25.579720044614433
461,heartRateBpm,166.01157631074037
462,speedMps,1.123837902460955
462,paceSecPerKm,889.8080388730638
462,strokeRateSpm,41.88083672789443
462,distanceM,491.35068248532247
462,activeEnergyKcal,25.6407407584449
462,heartRateBpm,165.7384584659756
463,speedMps,1.1684087124112852
463,paceSecPerKm,855.8648950299811
463,strokeRateSpm,41.19954660564354
463,distanceM,492.51909119773376
463,activeEnergyKcal,25.70176088803912
464,speedMps,1.1175951230175698
464,paceSecPerKm,894.7784214554763
464,strokeRateSpm,39.62428061703189
464,distanceM,493.6366863207513
464,activeEnergyKcal,25.7627804333971
464,heartRateBpm,165.52696769064158
465,speedMps,1.1959001285537745
465,paceSecPerKm,836.1902270295093
465,strokeRateSpm,40.38249175575918
465,distanceM,494.8325864493051
465,activeEnergyKcal,25.823799394518833
465,heartRateBpm,165.3441819254468
466,speedMps,1.1305284288616602
466,paceSecPerKm,884.5421083368151
466,strokeRateSpm,42.28555790589418
466,distanceM,495.9631148781668
466,activeEnergyKcal,25.88481777140432
467,speedMps,1.1262243792105446
467,paceSecPerKm,887.9225298789706
467,strokeRateSpm,39.225150805230044
467,distanceM,497.08933925737733
467,activeEnergyKcal,25.945835564053567
467,heartRateBpm,164.46495816261705
468,speedMps,1.1079202852618795
468,paceSecPerKm,902.5920125324086
468,strokeRateSpm,40.80664570456242
468,distanceM,498.1972595426392
468,activeEnergyKcal,26.00685277246657
468,heartRateBpm,164.12831354288255
469,speedMps,1.1670051457631407
469,paceSecPerKm,856.8942507499135
469,strokeRateSpm,41.20528331675442
469,distanceM,499.36426468840233
469,activeEnergyKcal,26.067869396643328
469,heartRateBpm,164.7563065781923
470,speedMps,1.1045412902186995
470,paceSecPerKm,905.3532075763321
470,strokeRateSpm,41.06799106203018
470,distanceM,500.46880597862105
470,activeEnergyKcal,26.128885436583843
470,heartRateBpm,163.5573348581473
471,speedMps,1.117549422291801
471,paceSecPerKm,894.8150122517733
471,strokeRateSpm,41.25162837311404
471,distanceM,501.58635540091285
471,activeEnergyKcal,26.189900892288115
471,heartRateBpm,163.86703341206194
472,speedMps,1.172193917054141
472,paceSecPerKm,853.1011682035645
472,strokeRateSpm,39.8646336288754
472,distanceM,502.758549317967
472,activeEnergyKcal,26.25091576375614
472,heartRateBpm,162.91153895068766
473,speedMps,1.0758925518563913
473,paceSecPerKm,929.4608446489912
473,strokeRateSpm,39.291303793193876
473,distanceM,503.83444186982337
473,activeEnergyKcal,26.31193005098792
473,heartRateBpm,162.37287505144008
474,speedMps,1.1316408980341033
474,paceSecPerKm,883.6725517230855
474,strokeRateSpm,39.73911253856649
474,distanceM,504.9660827678575
474,activeEnergyKcal,26.37294375398346
474,heartRateBpm,162.60908909084893
475,speedMps,1.1770594178243272
475,paceSecPerKm,849.5747834449995
475,strokeRateSpm,41.67690594341851
475,distanceM,506.1431421856818
475,activeEnergyKcal,26.433956872742755
475,heartRateBpm,162.3372202102835
476,speedMps,1.1664516184131977
476,paceSecPerKm,857.3008809061168
476,strokeRateSpm,42.15388174083902
476,distanceM,507.309593804095
476,activeEnergyKcal,26.494969407265806
476,heartRateBpm,162.27003089405144
477,speedMps,1.1231166878168795
477,paceSecPerKm,890.3794332749214
477,strokeRateSpm,40.58758271639146
477,distanceM,508.4327104919119
477,activeEnergyKcal,26.555981357552614
477,heartRateBpm,162.57296181740236
478,speedMps,1.0740798432933831
478,paceSecPerKm,931.029481880754
478,strokeRateSpm,39.82833689379945
478,distanceM,509.50679033520527
478,activeEnergyKcal,26.61699272360318
478,heartRateBpm,161.04419133654832
479,speedMps,1.1482091180927745
479,paceSecPerKm,870.9214935176997
479,strokeRateSpm,40.5097875888618
479,distanceM,510.65499945329805
479,activeEnergyKcal,26.678003505417497
479,heartRateBpm,159.96344273158851
480,speedMps,1.1156415488597258
480,paceSecPerKm,896.3452472902962
480,strokeRateSpm,39.89329998847641
480,distanceM,511.7706410021578
480,activeEnergyKcal,26.73901370299557
480,heartRateBpm,158.30509443588755
481,speedMps,1.1646095926319333
481,paceSecPerKm,858.6568463171185
481,strokeRateSpm,39.40356963952488
481,distanceM,512.9352505947897
481,activeEnergyKcal,26.800023316337402
481,heartRateBpm,158.90010616620944
482,speedMps,1.0686628824167503
482,paceSecPerKm,935.7487908053181
482,strokeRateSpm,39.763469241642476
482,distanceM,514.0039134772065
482,activeEnergyKcal,26.86103234544299
482,heartRateBpm,158.43170512636883
483,speedMps,1.149780828251953
483,paceSecPerKm,869.7309743112786
483,strokeRateSpm,40.13903291955971
483,distanceM,515.1536943054585
483,activeEnergyKcal,26.922040790312334
483,heartRateBpm,157.66971355789335
484,speedMps,1.1706306580280739
484,paceSecPerKm,854.2403986621185
484,strokeRateSpm,40.23300935091629
484,distanceM,516.3243249634866
484,activeEnergyKcal,26.983048650945435
485,speedMps,1.128548640975576
485,paceSecPerKm,886.0938409668794
485,strokeRateSpm,40.06185741747655
485,distanceM,517.4528736044622
485,activeEnergyKcal,27.044055927342292
486,speedMps,1.0673063007167736
486,paceSecPerKm,936.9381585477641
486,strokeRateSpm,40.337937585165434
486,distanceM,518.5201799051789
486,activeEnergyKcal,27.105062619502903
487,speedMps,1.1455224826851438
487,paceSecPerKm,872.9640972702394
487,strokeRateSpm,39.871628690942735
487,distanceM,519.665702387864
487,activeEnergyKcal,27.16606872742727
488,speedMps,1.1242194292103056
488,paceSecPerKm,889.5060644010022
488,strokeRateSpm,41.48264954360628
488,distanceM,520.7899218170743
488,activeEnergyKcal,27.227074251115393
488,heartRateBpm,159.49713763795356
489,speedMps,1.2192541800824492
489,paceSecPerKm,820.1735260258672
489,strokeRateSpm,40.86175794624543
489,distanceM,522.0091759971567
489,activeEnergyKcal,27.288079190567274
489,heartRateBpm,159.71238529927686
490,speedMps,1.120058872079212
490,paceSecPerKm,892.8102128628814
490,strokeRateSpm,41.356655831858035
490,distanceM,523.1292348692359
490,activeEnergyKcal,27.34908354578291
490,heartRateBpm,158.9734845009329
491,speedMps,1.1708043982682856
491,paceSecPerKm,854.1136345909538
491,strokeRateSpm,40.72140852346229
491,distanceM,524.3000392675042
491,activeEnergyKcal,27.410087316762304
491,heartRateBpm,159.46599926523834
492,speedMps,1.1930861020647008
492,paceSecPerKm,838.1624748368498
492,strokeRateSpm,41.553678589521695
492,distanceM,525.4931253695689
492,activeEnergyKcal,27.471090503505454
492,heartRateBpm,158.0898252165565
493,speedMps,1.1018666055179946
493,paceSecPerKm,907.550873211094
493,strokeRateSpm,40.546917776822674
493,distanceM,526.5949919750869
493,activeEnergyKcal,27.532093106012358
493,heartRateBpm,159.117306520158
494,speedMps,1.1270350010178736
494,paceSecPerKm,887.2838901159744
494,strokeRateSpm,40.73106212752297
494,distanceM,527.7220269761049
494,activeEnergyKcal,27.593095124283018
494,heartRateBpm,159.45901182152804
495,speedMps,1.1479526771684814
495,paceSecPerKm,871.1160484999969
495,strokeRateSpm,41.31329290764858
495,distanceM,528.8699796532734
495,activeEnergyKcal,27.654096558317434
495,heartRateBpm,160.4024056851188
496,speedMps,1.0801976587961666
496,paceSecPerKm,925.7564963753547
496,strokeRateSpm,40.27265336176965
496,distanceM,529.9501773120695
496,activeEnergyKcal,27.715097408115607
496,heartRateBpm,160.05912693336074
497,speedMps,1.0879478143980401
497,paceSecPerKm,919.1617343827272
497,strokeRateSpm,40.87329008187059
497,distanceM,531.0381251264675
497,activeEnergyKcal,27.776097673677537
497,heartRateBpm,160.4636584478536
498,speedMps,1.101166557343087
498,paceSecPerKm,908.1278334612854
498,strokeRateSpm,41.374075419654076
498,distanceM,532.1392916838106
498,activeEnergyKcal,27.837097355003223
498,heartRateBpm,158.61393381926874
499,speedMps,1.098721792451091
499,paceSecPerKm,910.1485079031182
499,strokeRateSpm,41.66298326769488
499,distanceM,533.2380134762617
499,activeEnergyKcal,27.898096452092666
499,heartRateBpm,159.2818980515878
500,speedMps,1.1175147096624816
500,paceSecPerKm,894.8428073058885
500,strokeRateSpm,41.204757367979596
500,distanceM,534.3555281859242
500,activeEnergyKcal,27.959094964945862
501,speedMps,1.09520534487597
501,paceSecPerKm,913.070781364063
501,strokeRateSpm,40.31419393210674
501,distanceM,535.4507335308001
501,activeEnergyKcal,28.020092893562815
501,heartRateBpm,158.859439862792
502,speedMps,1.1397615289938687
502,paceSecPerKm,877.3765165444354
502,strokeRateSpm,41.59191062760233
502,distanceM,536.590495059794
502,activeEnergyKcal,28.081090237943524
502,heartRateBpm,161.23643024646648
503,speedMps,1.1582391778164893
503,paceSecPerKm,863.3795326153605
503,strokeRateSpm,40.28320964299729
503,distanceM,537.7487342376105
503,activeEnergyKcal,28.14208699808799
503,heartRateBpm,158.6579299737722
504,speedMps,1.0522472142300658
504,paceSecPerKm,950.3470158689892
504,strokeRateSpm,41.90119450485857
504,distanceM,538.8009814518406
504,activeEnergyKcal,28.203083173996212
504,heartRateBpm,158.83478788216817
505,speedMps,1.1488118127376088
505,paceSecPerKm,870.4645868995798
505,strokeRateSpm,42.41077452238222
505,distanceM,539.9497932645781
505,activeEnergyKcal,28.26407876566819
506,speedMps,1.155757584341309
506,paceSecPerKm,865.2333443867655
506,strokeRateSpm,41.63654929705539
506,distanceM,541.1055508489195
506,activeEnergyKcal,28.325073773103927
506,heartRateBpm,156.47891263605032
507,speedMps,1.1184961813040528
507,paceSecPerKm,894.0575897488552
507,strokeRateSpm,40.750112849345115
507,distanceM,542.2240470302236
507,activeEnergyKcal,28.386068196303416
508,speedMps,1.1402050030569275
508,paceSecPerKm,877.0352676220213
508,strokeRateSpm,41.29537698871986
508,distanceM,543.3642520332805
508,activeEnergyKcal,28.44706203526666
508,heartRateBpm,155.45804950561913
509,speedMps,1.0965143909228392
509,paceSecPerKm,911.9807348432413
509,strokeRateSpm,43.016180784131606
509,distanceM,544.4607664242034
509,activeEnergyKcal,28.508055289993663
509,heartRateBpm,156.63873148536393
510,speedMps,1.1574005016187037
510,paceSecPerKm,864.0051551744031
510,strokeRateSpm,40.91027114766215
510,distanceM,545.618166925822
510,activeEnergyKcal,28.569047960484422
510,heartRateBpm,157.5213033182992
511,speedMps,1.180157859891755
511,paceSecPerKm,847.3442697671994
511,strokeRateSpm,42.23075900040236
511,distanceM,546.7983247857138
511,activeEnergyKcal,28.630040046738937
512,speedMps,1.1963242277573571
512,paceSecPerKm,835.8937960109788
512,strokeRateSpm,40.69867669216331
512,distanceM,547.9946490134712
512,activeEnergyKcal,28.69103154875721
512,heartRateBpm,153.6558073250723
513,speedMps,1.1753015146970005
513,paceSecPerKm,850.8454958111798
513,strokeRateSpm,41.60020283354238
513,distanceM,549.1699505281682
513,activeEnergyKcal,28.752022466539238
513,heartRateBpm,155.79581362808287
514,speedMps,1.0383892988237797
514,paceSecPerKm,963.0299552708559
514,strokeRateSpm,40.22013237055885
514,distanceM,550.208339826992
514,activeEnergyKcal,28.81301280008502
514,heartRateBpm,155.32384964600396
515,speedMps,1.118270213754785
515,paceSecPerKm,894.238250916411
515,strokeRateSpm,39.937594206119456
515,distanceM,551.3266100407468
515,activeEnergyKcal,28.874002549394557
515,heartRateBpm,153.89011347435476
516,speedMps,1.1437743423341784
516,paceSecPerKm,874.2983322735075
516,strokeRateSpm,42.42526452692999
516,distanceM,552.470384383081
516,activeEnergyKcal,28.934991714467852
516,heartRateBpm,154.7472334553309
517,speedMps,1.1247665740130752
517,paceSecPerKm,889.0733625129717
517,strokeRateSpm,41.20957239212334
517,distanceM,553.595150957094
517,activeEnergyKcal,28.995980295304904
518,speedMps,1.1472601464305467
518,paceSecPerKm,871.6418879460643
518,strokeRateSpm,40.526068819583976
518,distanceM,554.7424111035245
518,activeEnergyKcal,29.05696829190571
518,heartRateBpm,156.55318958561094
519,speedMps,1.1128557434565862
519,paceSecPerKm,898.589063209531
519,strokeRateSpm,40.204291657802464
519,distanceM,555.8552668469812
519,activeEnergyKcal,29.117955704270276
519,heartRateBpm,157.12405065378582
520,speedMps,1.0816575624904217
520,paceSecPerKm,924.5070109782135
520,strokeRateSpm,41.4702085815508
520,distanceM,556.9369244094717
520,activeEnergyKcal,29.178942532398597
520,heartRateBpm,158.50468147336443
521,speedMps,1.149801441175801
521,paceSecPerKm,869.7153823162613
521,strokeRateSpm,40.087909416141876
521,distanceM,558.0867258506474
521,activeEnergyKcal,29.23992877629067
521,heartRateBpm,156.49213285314227
522,speedMps,1.1606289844440953
522,paceSecPerKm,861.6017809334379
522,strokeRateSpm,41.25371341859768
522,distanceM,559.2473548350915
522,activeEnergyKcal,29.300914435946503
522,heartRateBpm,156.246558978144
523,speedMps,1.1400622553926307
523,paceSecPerKm,877.145081568906
523,strokeRateSpm,41.04651826635314
523,distanceM,560.3874170904842
523,activeEnergyKcal,29.36189951136609
523,heartRateBpm,156.69682404560345
524,speedMps,1.18179353790245
524,paceSecPerKm,846.1714909821618
524,strokeRateSpm,41.78232469613342
524,distanceM,561.5692106283866
524,activeEnergyKcal,29.422884002549434
525,speedMps,1.080369459845801
525,paceSecPerKm,925.6092819790816
525,strokeRateSpm,41.4353874456018
525,distanceM,562.6495800882324
525,activeEnergyKcal,29.483867909496535
525,heartRateBpm,158.4976834252447
526,speedMps,1.1518131696221965
526,paceSecPerKm,868.1963589008169
526,strokeRateSpm,41.06480002507902
526,distanceM,563.8013932578546
526,activeEnergyKcal,29.544851232207392
526,heartRateBpm,159.56134006421766
527,speedMps,1.0944322206528656
527,paceSecPerKm,913.7157889992186
527,strokeRateSpm,40.8042818143897
527,distanceM,564.8958254785074
527,activeEnergyKcal,29.605833970682006
527,heartRateBpm,159.84426868634517
528,speedMps,1.182612729318759
528,paceSecPerKm,845.5853511538367
528,strokeRateSpm,38.83398041669535
528,distanceM,566.0784382078261
528,activeEnergyKcal,29.666816124920373
528,heartRateBpm,159.14783517005066
529,speedMps,1.1631552770074352
529,paceSecPerKm,859.7304416421504
529,strokeRateSpm,40.407342119161555
529,distanceM,567.2415934848336
529,activeEnergyKcal,29.727797694922497
529,heartRateBpm,159.3403057995103
530,speedMps,1.147881386891417
530,paceSecPerKm,871.1701499996482
530,strokeRateSpm,39.593052380530665
530,distanceM,568.389474871725
530,activeEnergyKcal,29.788778680688377
530,heartRateBpm,159.81411017124498
531,speedMps,1.145902555255117
531,paceSecPerKm,872.6745528352242
531,strokeRateSpm,40.81471661286675
531,distanceM,569.5353774269802
531,activeEnergyKcal,29.849759082218014
531,heartRateBpm,158.4142918155906
532,speedMps,1.168320433993
532,paceSecPerKm,855.9295642739665
532,strokeRateSpm,41.15415842045974
532,distanceM,570.7036978609732
532,activeEnergyKcal,29.910738899511408
532,heartRateBpm,159.42981082611715
533,speedMps,1.169677912422353
533,paceSecPerKm,854.9362088312351
533,strokeRateSpm,39.762761984385044
533,distanceM,571.8733757733955
533,activeEnergyKcal,29.971718132568558
533,heartRateBpm,157.96452160685143
534,speedMps,1.1722697376986666
534,paceSecPerKm,853.0459909023526
534,strokeRateSpm,40.99676559358846
534,distanceM,573.0456455110942
534,activeEnergyKcal,30.032696781389465
534,heartRateBpm,159.09839596159472
535,speedMps,1.131588431458176
535,paceSecPerKm,883.7135235744591
535,strokeRateSpm,40.64954960981863
535,distanceM,574.1772339425524
535,activeEnergyKcal,30.093674845974125
535,heartRateBpm,158.44112839853946
536,speedMps,1.103532055528416
536,paceSecPerKm,906.1811979001909
536,strokeRateSpm,40.74960264753759
536,distanceM,575.2807659980808
536,activeEnergyKcal,30.15465232632254
536,heartRateBpm,155.82178171797327
537,speedMps,1.1212982536479474
537,paceSecPerKm,891.8233812874274
537,strokeRateSpm,40.740669341356686
537,distanceM,576.4020642517288
537,activeEnergyKcal,30.215629222434714
537,heartRateBpm,157.36347140011765
538,speedMps,1.129784901973747
538,paceSecPerKm,885.124237589818
538,strokeRateSpm,41.380709493018095
538,distanceM,577.5318491537025
538,activeEnergyKcal,30.276605534310644
538,heartRateBpm,157.4089456003056
539,speedMps,1.1326141817848798
539,paceSecPerKm,882.9131897537306
539,strokeRateSpm,42.217581214575986
539,distanceM,578.6644633354874
539,activeEnergyKcal,30.33758126195033
539,heartRateBpm,157.39610694885255
540,speedMps,1.1510927020511004
540,paceSecPerKm,868.7397619827904
540,strokeRateSpm,39.46116275565988
540,distanceM,579.8155560375385
540,activeEnergyKcal,30.398556405353773
540,heartRateBpm,156.3908779060839
541,speedMps,1.1150197721958057
541,paceSecPerKm,896.8450828730171
541,strokeRateSpm,40.75215747461843
541,distanceM,580.9305758097343
541,activeEnergyKcal,30.459530964520972
542,speedMps,1.1544907097861852
542,paceSecPerKm,866.1828038314858
542,strokeRateSpm,40.174332377939386
542,distanceM,582.0850665195204
542,activeEnergyKcal,30.520504939451925
542,heartRateBpm,155.35352846997836
543,speedMps,1.1286239680893926
543,paceSecPerKm,886.0347009047349
543,strokeRateSpm,42.95029843831509
543,distanceM,583.2136904876098
543,activeEnergyKcal,30.581478330146634
544,speedMps,1.1030580874179445
544,paceSecPerKm,906.5705708579821
544,strokeRateSpm,40.1542654517747
544,distanceM,584.3167485750278
544,activeEnergyKcal,30.6424511366051
544,heartRateBpm,157.80187576304522
545,speedMps,1.0813322162401142
545,paceSecPerKm,924.7851723840122
545,strokeRateSpm,40.01813404504319
545,distanceM,585.3980807912678
545,activeEnergyKcal,30.703423358827322
546,speedMps,1.0838279014461618
546,paceSecPerKm,922.6557082223945
546,strokeRateSpm,40.151404622819
546,distanceM,586.481908692714
546,activeEnergyKcal,30.7643949968133
546,heartRateBpm,158.76102996804013
547,speedMps,1.137802984785322
547,paceSecPerKm,878.8867786180731
547,strokeRateSpm,41.221617745166654
547,distanceM,587.6197116774994
547,activeEnergyKcal,30.825366050563037
547,heartRateBpm,159.4557963029515
548,speedMps,1.1424991152588313
548,paceSecPerKm,875.2742007799732
548,strokeRateSpm,39.98385839903788
548,distanceM,588.7622107927582
548,activeEnergyKcal,30.88633652007653
548,heartRateBpm,157.11563240293847
549,speedMps,1.0849318110763093
549,paceSecPerKm,921.7169132573848
549,strokeRateSpm,40.82702183787131
549,distanceM,589.8471426038345
549,activeEnergyKcal,30.947306405353775
550,speedMps,1.1181882676641262
550,paceSecPerKm,894.3037848974939
550,strokeRateSpm,40.568617023666135
550,distanceM,590.9653308714986
550,activeEnergyKcal,31.008275706394777
550,heartRateBpm,157.74983059426435
551,speedMps,1.1342843031987335
551,paceSecPerKm,881.6131874345385
551,strokeRateSpm,41.31692983008579
551,distanceM,592.0996151746973
551,activeEnergyKcal,31.069244423199535
551,heartRateBpm,158.55402504636433
552,speedMps,1.148285218108539
552,paceSecPerKm,870.8637751578871
552,strokeRateSpm,41.58871298617666
552,distanceM,593.2479003928058
552,activeEnergyKcal,31.13021255576805
553,speedMps,1.176216963833651
553,paceSecPerKm,850.1832831425029
553,strokeRateSpm,41.46841179892329
553,distanceM,594.4241173566395
553,activeEnergyKcal,31.191180104100322
553,heartRateBpm,161.71142290064034
554,speedMps,1.0998197131127647
554,paceSecPerKm,909.2399309426361
554,strokeRateSpm,40.55507927403699
554,distanceM,595.5239370697523
554,activeEnergyKcal,31.25214706819635
555,speedMps,1.131928992219054
555,paceSecPerKm,883.44764280627
555,strokeRateSpm,41.49752588943125
555,distanceM,596.6558660619713
555,activeEnergyKcal,31.313113448056136
555,heartRateBpm,162.86059213593902
556,speedMps,1.1690718789968877
556,paceSecPerKm,855.3793979357724
556,strokeRateSpm,40.894536600773364
556,distanceM,597.8249379409682
556,activeEnergyKcal,31.374079243679674
557,speedMps,1.1288798035253038
557,paceSecPerKm,885.8339008964164
557,strokeRateSpm,40.7023104074994
557,distanceM,598.9538177444934
557,activeEnergyKcal,31.43504445506697
557,heartRateBpm,159.94287609177854
558,speedMps,1.136110085908388
558,paceSecPerKm,880.1963932926801
558,strokeRateSpm,39.43991350434829
558,distanceM,600.0899278304018
558,activeEnergyKcal,31.49600908221802
558,heartRateBpm,159.14053187499437
559,speedMps,1.1227755893167048
559,paceSecPerKm,890.6499299727177
559,strokeRateSpm,39.94107061310739
559,distanceM,601.2127034197185
559,activeEnergyKcal,31.556973125132828
560,speedMps,1.1454115699619978
560,paceSecPerKm,873.0486283050011
560,strokeRateSpm,40.59298314898005
560,distanceM,602.3581149896805
560,activeEnergyKcal,31.617936583811392
561,speedMps,1.09856125306913
561,paceSecPerKm,910.2815133942033
561,strokeRateSpm,41.06806873153212
561,distanceM,603.4566762427496
561,activeEnergyKcal,31.678899458253714
561,heartRateBpm,160.27143869383167
562,speedMps,1.0963748015502857
562,paceSecPerKm,912.0968473427056
562,strokeRateSpm,42.713428334603464
562,distanceM,604.5530510442999
562,activeEnergyKcal,31.73986174845979
562,heartRateBpm,160.05358405507332
563,speedMps,1.1670333446838639
563,paceSecPerKm,856.8735456919517
563,strokeRateSpm,40.5438565005118
563,distanceM,605.7200843889838
563,activeEnergyKcal,31.800823454429622
563,heartRateBpm,159.82391228740693
564,speedMps,1.0737524219514323
564,paceSecPerKm,931.3133824486329
564,strokeRateSpm,40.90062368649452
564,distanceM,606.7938368109352
564,activeEnergyKcal,31.86178457616321
564,heartRateBpm,160.62910997603336
565,speedMps,1.1253265621724344
565,paceSecPerKm,888.6309393332967
565,strokeRateSpm,40.62570909528615
565,distanceM,607.9191633731076
565,activeEnergyKcal,31.922745113660554
565,heartRateBpm,160.22389973380393
566,speedMps,1.1110497388928098
566,paceSecPerKm,900.0497142427901
566,strokeRateSpm,39.4499323702174
566,distanceM,609.0302131120004
566,activeEnergyKcal,31.983705066921654
566,heartRateBpm,159.36524222299406
567,speedMps,1.1351346033410292
567,paceSecPerKm,880.9527936658005
567,strokeRateSpm,41.54838787206073
567,distanceM,610.1653477153415
567,activeEnergyKcal,32.04466443594651
568,speedMps,1.179926637976296
568,paceSecPerKm,847.5103178576509
568,strokeRateSpm,42.1833603111009
568,distanceM,611.3452743533178
568,activeEnergyKcal,32.10562322073512
568,heartRateBpm,158.38108288770897
569,speedMps,1.1725632298265094
569,paceSecPerKm,852.832473817176
569,strokeRateSpm,41.17946548893342
569,distanceM,612.5178375831443
569,activeEnergyKcal,32.16658142128749
569,heartRateBpm,159.40254657218316
570,speedMps,1.1170605952224806
570,paceSecPerKm,895.2065843848283
570,strokeRateSpm,40.11438637366743
570,distanceM,613.6348981783668
570,activeEnergyKcal,32.22753903760361
570,heartRateBpm,159.5133347281976
571,speedMps,1.1635626044664158
571,paceSecPerKm,859.4294764728864
571,strokeRateSpm,39.737814629592165
571,distanceM,614.7984607828332
571,activeEnergyKcal,32.2884960696835
571,heartRateBpm,159.86526774407272
572,speedMps,1.1149495492575874
572,paceSecPerKm,896.9015689237876
572,strokeRateSpm,40.36166346689683
572,distanceM,615.9134103320908
572,activeEnergyKcal,32.34945251752713
572,heartRateBpm,159.7492229876824
573,speedMps,1.1615894151445751
573,paceSecPerKm,860.8893873878291
573,strokeRateSpm,40.91458620727178
573,distanceM,617.0749997472354
573,activeEnergyKcal,32.41040838113452
573,heartRateBpm,159.25430362471542
574,speedMps,1.1192391924260514
574,paceSecPerKm,893.4640662756012
574,strokeRateSpm,38.747961401166194
574,distanceM,618.1942389396615
574,activeEnergyKcal,32.47136366050567
574,heartRateBpm,158.94956457748043
575,speedMps,1.1052962048373003
575,paceSecPerKm,904.734853538378
575,strokeRateSpm,40.27949961101754
575,distanceM,619.2995351444988
575,activeEnergyKcal,32.53231835564058
575,heartRateBpm,159.6015351429211
576,speedMps,1.1449577481288704
576,paceSecPerKm,873.3946747242286
576,strokeRateSpm,41.62345594821079
576,distanceM,620.4444928926276
576,activeEnergyKcal,32.59327246653924
577,speedMps,1.1093055758072596
577,paceSecPerKm,901.4648639733771
577,strokeRateSpm,41.70219381041446
577,distanceM,621.5537984684349
577,activeEnergyKcal,32.654225993201656
577,heartRateBpm,157.09142790672422
578,speedMps,1.147754366868437
578,paceSecPerKm,871.2665609179307
578,strokeRateSpm,40.19172270047271
578,distanceM,622.7015528353033
578,activeEnergyKcal,32.71517893562783
578,heartRateBpm,154.82040218097086
579,speedMps,1.2069235233726123
579,paceSecPerKm,828.5529121228926
579,strokeRateSpm,40.82518767650081
579,distanceM,623.908476358676
579,activeEnergyKcal,32.77613129381776
579,heartRateBpm,154.89984423356316
580,speedMps,1.129338889520193
580,paceSecPerKm,885.4738017787172
580,strokeRateSpm,41.71052509228599
580,distanceM,625.0378152481962
580,activeEnergyKcal,32.837083067771445
580,heartRateBpm,163.0468811351653
581,speedMps,1.1672192600119042
581,paceSecPerKm,856.7370624005991
581,strokeRateSpm,40.52626872067647
581,distanceM,626.2050345082081
581,activeEnergyKcal,32.89803425748889
581,heartRateBpm,171.36668045271418
582,speedMps,1.160014490973292
582,paceSecPerKm,862.058196498016
582,strokeRateSpm,41.31847616667641
582,distanceM,627.3650489991813
582,activeEnergyKcal,32.958984862970084
582,heartRateBpm,182.67367280652857
583,speedMps,1.1445974727574197
583,paceSecPerKm,873.6695858596702
583,strokeRateSpm,39.94204903669292
583,distanceM,628.5096464719387
583,activeEnergyKcal,33.01993488421504
583,heartRateBpm,182.2691256022489
584,speedMps,1.0984445933891511
584,paceSecPerKm,910.378189321858
584,strokeRateSpm,41.00272808854029
584,distanceM,629.6080910653278
584,activeEnergyKcal,33.08088432122375
584,heartRateBpm,182.14915003271358
585,speedMps,1.0916426160850432
585,paceSecPerKm,916.0507159259676
585,strokeRateSpm,41.710059288687695
585,distanceM,630.6997336814129
585,activeEnergyKcal,33.14183317399622
585,heartRateBpm,183.17097731440322
586,speedMps,1.1237248731438048
586,paceSecPerKm,889.8975397797647
586,strokeRateSpm,41.529013291059165
586,distanceM,631.8234585545567
586,activeEnergyKcal,33.20278144253244
587,speedMps,1.1418682569480407
587,paceSecPerKm,875.7577714549813
587,strokeRateSpm,40.78206362316828
587,distanceM,632.9653268115047
587,activeEnergyKcal,33.263729126832416
587,heartRateBpm,182.90757416670948
588,speedMps,1.0246495752588212
588,paceSecPerKm,975.9434094796801
588,strokeRateSpm,40.741084031859074
588,distanceM,633.9899763867636
588,activeEnergyKcal,33.32467622689615
588,heartRateBpm,181.5511564586825
589,speedMps,1.1324874157618627
589,paceSecPerKm,883.0120194556564
589,strokeRateSpm,40.40727694830279
589,distanceM,635.1224638025254
589,activeEnergyKcal,33.38562274272364
589,heartRateBpm,180.1863940680925
590,speedMps,1.1255062727229324
590,paceSecPerKm,888.4890508701515
590,strokeRateSpm,41.3257894213292
590,distanceM,636.2479700752484
590,activeEnergyKcal,33.44656867431489
590,heartRateBpm,181.83405080493685
591,speedMps,1.1590599017202283
591,paceSecPerKm,862.7681783450896
591,strokeRateSpm,39.99496074667919
591,distanceM,637.4070299769686
591,activeEnergyKcal,33.50751402166989
591,heartRateBpm,181.08926160606995
592,speedMps,1.0871437239931276
592,paceSecPerKm,919.8415792963925
592,strokeRateSpm,40.46020016712281
592,distanceM,638.4941737009617
592,activeEnergyKcal,33.56845878478865
592,heartRateBpm,179.807417916576
593,speedMps,1.1527866718305364
593,paceSecPerKm,867.4631867595043
593,strokeRateSpm,40.01001812592609
593,distanceM,639.6469603727923
593,activeEnergyKcal,33.62940296367117
593,heartRateBpm,179.65544904005617
594,speedMps,1.1322056210762952
594,paceSecPerKm,883.2317923394355
594,strokeRateSpm,38.64042235379333
594,distanceM,640.7791659938686
594,activeEnergyKcal,33.69034655831744
594,heartRateBpm,178.16547797919404
595,speedMps,1.150110322918824
595,paceSecPerKm,869.4818054168366
595,strokeRateSpm,41.449853253153414
595,distanceM,641.9292763167874
595,activeEnergyKcal,33.751289568727465
595,heartRateBpm,175.88997205926933
596,speedMps,1.1864173065943837
596,paceSecPerKm,842.8737463974667
596,strokeRateSpm,40.30246985726053
596,distanceM,643.1156936233818
596,activeEnergyKcal,33.812231994901246
596,heartRateBpm,175.5371733669987
597,speedMps,1.1047918702229695
597,paceSecPerKm,905.1478626450968
597,strokeRateSpm,40.11647890578233
597,distanceM,644.2204854936048
597,activeEnergyKcal,33.87317383683879
597,heartRateBpm,176.3198748818269
598,speedMps,1.1510689185671856
598,paceSecPerKm,868.7577119576546
598,strokeRateSpm,41.60735688674414
598,distanceM,645.3715544121719
598,activeEnergyKcal,33.93411509454008
598,heartRateBpm,176.11406088220997
599,speedMps,1.0998243202175506
599,paceSecPerKm,909.2361221855824
599,strokeRateSpm,40.893273212151456
599,distanceM,646.4713787323894
599,activeEnergyKcal,33.99505576800514
599,heartRateBpm,175.692778528984
600,speedMps,1.1454340665402314
600,paceSecPerKm,873.0314814369777
600,strokeRateSpm,40.76404863842579
600,distanceM,647.6168127989297
600,activeEnergyKcal,34.055995857233945
600,heartRateBpm,175.6078734776222
601,speedMps,1.1130890084076515
601,paceSecPerKm,898.400750026781
601,strokeRateSpm,41.46327641241612
601,distanceM,648.7299018073373
601,activeEnergyKcal,34.116935362226506
601,heartRateBpm,175.01822197547912
602,speedMps,1.1214503445259247
602,paceSecPerKm,891.7024323736189
602,strokeRateSpm,40.136726303790084
602,distanceM,649.8513521518632
602,activeEnergyKcal,34.17787428298283
602,heartRateBpm,172.88186665475374
603,speedMps,1.1625786117214916
603,paceSecPerKm,860.1568873860901
603,strokeRateSpm,41.02798208433008
603,distanceM,651.0139307635848
603,activeEnergyKcal,34.2388126195029
603,heartRateBpm,172.10416118921313
604,speedMps,1.1954063882739852
604,paceSecPerKm,836.5355997836626
604,strokeRateSpm,40.843362172500086
604,distanceM,652.2093371518588
604,activeEnergyKcal,34.299750371786736
605,speedMps,1.1537587686200057
605,paceSecPerKm,866.7323076522189
605,strokeRateSpm,40.217507035831254
605,distanceM,653.3630959204788
605,activeEnergyKcal,34.36068753983432
605,heartRateBpm,170.4894320623729
606,speedMps,1.122977973374141
606,paceSecPerKm,890.4894162753372
606,strokeRateSpm,41.06800725772229
606,distanceM,654.486073893853
606,activeEnergyKcal,34.42162412364567
607,speedMps,1.1210290490483354
607,paceSecPerKm,892.037544298179
607,strokeRateSpm,42.1817986605676
607,distanceM,655.6071029429014
607,activeEnergyKcal,34.48256012322077
607,heartRateBpm,168.54448931571676
608,speedMps,1.1794756375958082
608,paceSecPerKm,847.8343834539529
608,strokeRateSpm,41.12904432732549
608,distanceM,656.7865785804972
608,activeEnergyKcal,34.543495538559625
608,heartRateBpm,169.95319806429214
609,speedMps,1.135123133817204
609,paceSecPerKm,880.9616949988407
609,strokeRateSpm,40.41431796081362
609,distanceM,657.9217017143144
609,activeEnergyKcal,34.60443036966224
609,heartRateBpm,170.20138575922533
610,speedMps,1.1259625655250656
610,paceSecPerKm,888.1289934658477
610,strokeRateSpm,40.91379409576129
610,distanceM,659.0476642798394
610,activeEnergyKcal,34.665364616528606
610,heartRateBpm,170.8174139692415
611,speedMps,1.1457341784994695
611,paceSecPerKm,872.8028008291305
611,strokeRateSpm,41.56415092357991
611,distanceM,660.1933984583388
611,activeEnergyKcal,34.72629827915873
611,heartRateBpm,169.71133340599593
612,speedMps,1.1555062399175564
612,paceSecPerKm,865.4215489752339
612,strokeRateSpm,40.72900596145439
612,distanceM,661.3489046982564
612,activeEnergyKcal,34.78723135755261
612,heartRateBpm,170.0463172305958
613,speedMps,1.1005114295234035
613,paceSecPerKm,908.6684364859965
613,strokeRateSpm,40.9598296226508
613,distanceM,662.4494161277798
613,activeEnergyKcal,34.848163851710254
613,heartRateBpm,170.0770909891416
614,speedMps,1.1478990317446047
614,paceSecPerKm,871.1567588659569
614,strokeRateSpm,40.26874632220208
614,distanceM,663.5973151595244
614,activeEnergyKcal,34.90909576163165
614,heartRateBpm,169.00272911883766
615,speedMps,1.1216493338102325
615,paceSecPerKm,891.5442374516546
615,strokeRateSpm,41.46273269918169
615,distanceM,664.7189644933346
615,activeEnergyKcal,34.970027087316794
616,speedMps,1.1499413668705272
616,paceSecPerKm,869.6095547214024
616,strokeRateSpm,40.24847901694476
616,distanceM,665.8689058602051
616,activeEnergyKcal,35.0309578287657
616,heartRateBpm,168.58152952685197
617,speedMps,1.085197994557403
617,paceSecPerKm,921.4908293374142
617,strokeRateSpm,40.234524001525585
617,distanceM,666.9541038547625
617,activeEnergyKcal,35.09188798597836
617,heartRateBpm,170.15819050286936
618,speedMps,1.1321810930205463
618,paceSecPerKm,883.2509270509894
618,strokeRateSpm,39.99554365979794
618,distanceM,668.086284947783
618,activeEnergyKcal,35.15281755895478
618,heartRateBpm,168.99474899027652
619,speedMps,1.123911788082854
619,paceSecPerKm,889.749543161016
619,strokeRateSpm,41.79851875795418
619,distanceM,669.2101967358659
619,activeEnergyKcal,35.21374654769495
619,heartRateBpm,168.18547097893548
620,speedMps,1.1136434884873205
620,paceSecPerKm,897.9534387241969
620,strokeRateSpm,40.38255085169497
620,distanceM,670.3238402243533
620,activeEnergyKcal,35.274674952198886
620,heartRateBpm,168.4973235925452
621,speedMps,1.1487544142687391
621,paceSecPerKm,870.5080803859792
621,strokeRateSpm,40.59659762422228
621,distanceM,671.472594638622
621,activeEnergyKcal,35.33560277246657
621,heartRateBpm,170.33625607065957
622,speedMps,1.132903853862911
622,paceSecPerKm,882.6874377646938
622,strokeRateSpm,41.35870176019752
622,distanceM,672.6054984924849
622,activeEnergyKcal,35.39653000849801
622,heartRateBpm,169.55430354681926
623,speedMps,1.1400515396428805
623,paceSecPerKm,877.1533261673841
623,strokeRateSpm,41.20053198701909
623,distanceM,673.7455500321278
623,activeEnergyKcal,35.45745666029321
623,heartRateBpm,169.98785965862047
624,speedMps,1.1706216501478641
624,paceSecPerKm,854.2469720030272
624,strokeRateSpm,42.19327503003751
624,distanceM,674.9161716822756
624,activeEnergyKcal,35.51838272785216
624,heartRateBpm,170.41016823087497
625,speedMps,1.1463460851772362
625,paceSecPerKm,872.3369084872744
625,strokeRateSpm,40.08541659864997
625,distanceM,676.0625177674528
625,activeEnergyKcal,35.579308211174876
625,heartRateBpm,169.86028480864022
626,speedMps,1.1861184744625943
626,paceSecPerKm,843.0861010347885
626,strokeRateSpm,41.193796197657726
626,distanceM,677.2486362419154
626,activeEnergyKcal,35.64023311026134
626,heartRateBpm,170.41980097921527
627,speedMps,1.1280120282454538
627,paceSecPerKm,886.5153694818594
627,strokeRateSpm,41.121174559510465
627,distanceM,678.3766482701609
627,activeEnergyKcal,35.70115742511157
627,heartRateBpm,169.22516941148595
628,speedMps,1.0786158999324067
628,paceSecPerKm,927.1140913671555
628,strokeRateSpm,40.478214414791765
628,distanceM,679.4552641700933
628,activeEnergyKcal,35.76208115572555
628,heartRateBpm,168.2062735426333
629,speedMps,1.1362537150072087
629,paceSecPerKm,880.085131333239
629,strokeRateSpm,41.82976570808807
629,distanceM,680.5915178851005
629,activeEnergyKcal,35.82300430210328
629,heartRateBpm,166.89470296400808
630,speedMps,1.0886422057725054
630,paceSecPerKm,918.5754462738247
630,strokeRateSpm,40.64452965505317
630,distanceM,681.6801600908731
630,activeEnergyKcal,35.88392686424477
631,speedMps,1.1388778927524794
631,paceSecPerKm,878.057258257218
631,strokeRateSpm,41.15902987827752
631,distanceM,682.8190379836255
631,activeEnergyKcal,35.944848842150016
631,heartRateBpm,164.3457510642876
632,speedMps,1.2124324778520088
632,paceSecPerKm,824.788199151212
632,strokeRateSpm,39.848999908974164
632,distanceM,684.0314704614775
632,activeEnergyKcal,36.00577023581902
632,heartRateBpm,163.667692733839
633,speedMps,1.09681238911292
633,paceSecPerKm,911.7329544470044
633,strokeRateSpm,41.22200683896777
633,distanceM,685.1282828505904
633,activeEnergyKcal,36.06669104525178
633,heartRateBpm,163.64544314821933
634,speedMps,1.129833808250895
634,paceSecPerKm,885.0859238741565
634,strokeRateSpm,40.30106441428499
634,distanceM,686.2581166588412
634,activeEnergyKcal,36.1276112704483
634,heartRateBpm,163.17339371819395
635,speedMps,1.0845050651807675
635,paceSecPerKm,922.0796030429955
635,strokeRateSpm,38.96298164266239
635,distanceM,687.342621724022
635,activeEnergyKcal,36.18853091140857
635,heartRateBpm,164.26772490770037
636,speedMps,1.1184552325407453
636,paceSecPerKm,894.0903228896736
636,strokeRateSpm,40.162708474027184
636,distanceM,688.4610769565628
636,activeEnergyKcal,36.249449968132595
636,heartRateBpm,162.33923181513586
637,speedMps,1.1151074965603496
637,paceSecPerKm,896.7745289889906
637,strokeRateSpm,41.008018596176186
637,distanceM,689.5761844531231
637,activeEnergyKcal,36.31036844062038
637,heartRateBpm,163.51440651398175
638,speedMps,1.1201844809944823
638,paceSecPerKm,892.7100999580136
638,strokeRateSpm,40.47046936767888
638,distanceM,690.6963689341176
638,activeEnergyKcal,36.37128632887192
638,heartRateBpm,162.15770129774702
639,speedMps,1.1793296633143213
639,paceSecPerKm,847.9393261335059
639,strokeRateSpm,42.085926155517726
639,distanceM,691.8756985974319
639,activeEnergyKcal,36.432203632887216
639,heartRateBpm,160.76564420440118
640,speedMps,1.1374454460243872
640,paceSecPerKm,879.1630433751454
640,strokeRateSpm,42.78457143374479
640,distanceM,693.0131440434562
640,activeEnergyKcal,36.49312035266627
640,heartRateBpm,160.892908459014
641,speedMps,1.1514723843042758
641,paceSecPerKm,868.4533069407513
641,strokeRateSpm,41.36784380239682
641,distanceM,694.1646164277605
641,activeEnergyKcal,36.55403648820908
641,heartRateBpm,162.49181786194313
642,speedMps,1.149682791816717
642,paceSecPerKm,869.8051385285243
642,strokeRateSpm,41.54572697052069
642,distanceM,695.3142992195773
642,activeEnergyKcal,36.61495203951564
642,heartRateBpm,162.28661680105463
643,speedMps,1.1278818295028363
643,paceSecPerKm,886.6177057225881
643,strokeRateSpm,41.15147425053683
643,distanceM,696.4421810490801
643,activeEnergyKcal,36.67586700658596
644,speedMps,1.063838451276086
644,paceSecPerKm,939.9923445147983
644,strokeRateSpm,40.91991259014728
644,distanceM,697.5060195003562
644,activeEnergyKcal,36.73678138942004
644,heartRateBpm,163.51195888515483
645,speedMps,1.12219015183013
645,paceSecPerKm,891.1145748063681
645,strokeRateSpm,39.53773093235294
645,distanceM,698.6282096521863
645,activeEnergyKcal,36.79769518801787
645,heartRateBpm,163.54293719007282
646,speedMps,1.1372744088938505
646,paceSecPerKm,879.2952625854231
646,strokeRateSpm,40.49754105395518
646,distanceM,699.7654840610802
646,activeEnergyKcal,36.85860840237946
646,heartRateBpm,161.47839289791796
647,speedMps,1.1259968843274764
647,paceSecPerKm,888.1019245424196
647,strokeRateSpm,40.36375141968332
647,distanceM,700.8914809454077
647,activeEnergyKcal,36.919521032504804
647,heartRateBpm,160.31874862842872
648,speedMps,1.1399608216479282
648,paceSecPerKm,877.2231299619572
648,strokeRateSpm,42.6131371600615
648,distanceM,702.0314417670556
648,activeEnergyKcal,36.98043307839391
648,heartRateBpm,161.71926718053123
649,speedMps,1.1369694047154488
649,paceSecPerKm,879.5311429248808
649,strokeRateSpm,40.64726867139724
649,distanceM,703.1684111717711
649,activeEnergyKcal,37.041344540046765
650,speedMps,1.1589236251796702
650,paceSecPerKm,862.8696302959291
650,strokeRateSpm,40.23059751803158
650,distanceM,704.3273347969508
650,activeEnergyKcal,37.102255417463375
651,speedMps,1.1291366814435675
651,paceSecPerKm,885.6323742149001
651,strokeRateSpm,40.6361399203508
651,distanceM,705.4564714783944
651,activeEnergyKcal,37.163165710643746
651,heartRateBpm,162.99719729979822
652,speedMps,1.1319929683183045
652,paceSecPerKm,883.3977135790922
652,strokeRateSpm,40.262552064892
652,distanceM,706.5884644467127
652,activeEnergyKcal,37.22407541958787
652,heartRateBpm,163.40296247319193
653,speedMps,1.1386383905723736
653,paceSecPerKm,878.24194957744
653,strokeRateSpm,41.31212173389021
653,distanceM,707.7271028372851
653,activeEnergyKcal,37.28498454429575
653,heartRateBpm,164.70357235853896
654,speedMps,1.1006371614264643
654,paceSecPerKm,908.5646342378309
654,strokeRateSpm,41.44026159820499
654,distanceM,708.8277399987115
654,activeEnergyKcal,37.34589308476739
654,heartRateBpm,162.70753383101427
655,speedMps,1.095209018508852
655,paceSecPerKm,913.0677186730246
655,strokeRateSpm,42.178760560266134
655,distanceM,709.9229490172204
655,activeEnergyKcal,37.40680104100279
655,heartRateBpm,163.1888956919677
656,speedMps,1.1548649237603508
656,paceSecPerKm,865.9021322977793
656,strokeRateSpm,40.28065991044706
656,distanceM,711.0778139409807
656,activeEnergyKcal,37.46770841300194
656,heartRateBpm,162.76417927056553
657,speedMps,1.1214851418362792
657,paceSecPerKm,891.6747647344093
657,strokeRateSpm,39.911486702142966
657,distanceM,712.199299082817
657,activeEnergyKcal,37.52861520076484
657,heartRateBpm,162.48725000149904
658,speedMps,1.1238841804629833
658,paceSecPerKm,889.7713993874802
658,strokeRateSpm,40.268627652297106
658,distanceM,713.3231832632799
658,activeEnergyKcal,37.5895214042915
658,heartRateBpm,160.38906326973844
659,speedMps,1.118830800112309
659,paceSecPerKm,893.7901958898693
659,strokeRateSpm,39.686381065079665
659,distanceM,714.4420140633922
659,activeEnergyKcal,37.65042702358192
660,speedMps,1.0657922000814786
660,paceSecPerKm,938.2692047507489
660,strokeRateSpm,40.40204114527086
660,distanceM,715.5078062634736
660,activeEnergyKcal,37.711332058636096
660,heartRateBpm,163.32907930635764
661,speedMps,1.1745659167710907
661,paceSecPerKm,851.3783566519821
661,strokeRateSpm,40.07304856019744
661,distanceM,716.6823721802448
661,activeEnergyKcal,37.772236509454025
661,heartRateBpm,164.37321727945593
662,speedMps,1.1601683756832442
662,paceSecPerKm,861.9438531162185
662,strokeRateSpm,40.76439957209195
662,distanceM,717.842540555928
662,activeEnergyKcal,37.833140376035715
662,heartRateBpm,163.5718934258173
663,speedMps,1.1202384573545903
663,paceSecPerKm,892.6670865785755
663,strokeRateSpm,40.45086178002036
663,distanceM,718.9627790132827
663,activeEnergyKcal,37.89404365838116
663,heartRateBpm,164.72430161465346
664,speedMps,1.0937661494497894
664,paceSecPerKm,914.2722148633345
664,strokeRateSpm,39.26306933515387
664,distanceM,720.0565451627325
664,activeEnergyKcal,37.95494635649035
664,heartRateBpm,164.37426240350635
665,speedMps,1.1055363572645318
665,paceSecPerKm,904.5383206341
665,strokeRateSpm,41.597786894614536
665,distanceM,721.1620815199971
665,activeEnergyKcal,38.01584847036331
665,heartRateBpm,163.23008052820222
666,speedMps,1.107935315479495
666,paceSecPerKm,902.5797679959479
666,strokeRateSpm,39.87156550641895
666,distanceM,722.2700168354766
666,activeEnergyKcal,38.07675000000002
666,heartRateBpm,164.89938539118475
667,speedMps,1.114073883484429
667,paceSecPerKm,897.6065365362966
667,strokeRateSpm,39.848341321947025
667,distanceM,723.384090718961
667,activeEnergyKcal,38.13765094540049
667,heartRateBpm,165.6166085742997
668,speedMps,1.177861459540813
668,paceSecPerKm,848.9962821178036
668,strokeRateSpm,40.64075089144626
668,distanceM,724.5619521785019
668,activeEnergyKcal,38.19855130656471
668,heartRateBpm,163.9468042754902
669,speedMps,1.1310058575753588
669,paceSecPerKm,884.168718757825
669,strokeRateSpm,39.92312259353577
669,distanceM,725.6929580360772
669,activeEnergyKcal,38.25945108349269
669,heartRateBpm,163.91818209246546
670,speedMps,1.1164348630237033
670,paceSecPerKm,895.7083239873429
670,strokeRateSpm,40.74835051671748
670,distanceM,726.809392899101
670,activeEnergyKcal,38.32035027618443
670,heartRateBpm,162.71213452703992
671,speedMps,1.1115355186098215
671,paceSecPerKm,899.6563611846457
671,strokeRateSpm,41.0443904296647
671,distanceM,727.9209284177108
671,activeEnergyKcal,38.381248884639916
671,heartRateBpm,161.74161316496136
672,speedMps,1.1653278358273012
672,paceSecPerKm,858.1276180449856
672,strokeRateSpm,38.712238527333334
672,distanceM,729.0862562535381
672,activeEnergyKcal,38.442146908859165
672,heartRateBpm,163.91070711786642
673,speedMps,1.1008864747056306
673,paceSecPerKm,908.3588753030989
673,strokeRateSpm,41.39483260949526
673,distanceM,730.1871427282437
673,activeEnergyKcal,38.50304434884217
673,heartRateBpm,162.8398001966616
674,speedMps,1.1314660451876317
674,paceSecPerKm,883.8091114207226
674,strokeRateSpm,40.11897013587139
674,distanceM,731.3186087734313
674,activeEnergyKcal,38.56394120458893
674,heartRateBpm,160.05248895823678
675,speedMps,1.173099056207607
675,paceSecPerKm,852.4429328524044
675,strokeRateSpm,42.75354180941181
675,distanceM,732.4917078296389
675,activeEnergyKcal,38.624837476099444
675,heartRateBpm,160.3550985395409
676,speedMps,1.1267833833149556
676,paceSecPerKm,887.4820260998493
676,strokeRateSpm,41.434619323202774
676,distanceM,733.6184912129539
676,activeEnergyKcal,38.68573316337372
677,speedMps,1.1303623652294823
677,paceSecPerKm,884.6720580589955
677,strokeRateSpm,40.58833432909736
677,distanceM,734.7488535781835
677,activeEnergyKcal,38.74662826641175
677,heartRateBpm,159.05941388365136
678,speedMps,1.0783982351924741
678,paceSecPerKm,927.3012207976384
678,strokeRateSpm,39.768305109379384
678,distanceM,735.8272518133759
678,activeEnergyKcal,38.80752278521353
679,speedMps,1.1071616873176533
679,paceSecPerKm,903.2104447388562
679,strokeRateSpm,40.048805447365865
679,distanceM,736.9344135006936
679,activeEnergyKcal,38.86841671977907
679,heartRateBpm,160.9861443126704
680,speedMps,1.1153844910483433
680,paceSecPerKm,896.5518240800586
680,strokeRateSpm,40.9703229003041
680,distanceM,738.0497979917419
680,activeEnergyKcal,38.929310070108365
680,heartRateBpm,161.73210092421957
681,speedMps,1.160630085091248
681,paceSecPerKm,861.6009638604022
681,strokeRateSpm,40.81505949973502
681,distanceM,739.2104280768332
681,activeEnergyKcal,38.99020283620142
682,speedMps,1.0809674643595655
682,paceSecPerKm,925.0972235250986
682,strokeRateSpm,40.67581334577306
682,distanceM,740.2913955411927
682,activeEnergyKcal,39.05109501805823
683,speedMps,1.1495363021160172
683,paceSecPerKm,869.9159810431761
683,strokeRateSpm,41.198624202919845
683,distanceM,741.4409318433087
683,activeEnergyKcal,39.111986615678795
684,speedMps,1.1553049937337996
684,paceSecPerKm,865.5722994567232
684,strokeRateSpm,40.77252412804992
684,distanceM,742.5962368370425
684,activeEnergyKcal,39.172877629063116
685,speedMps,1.1936267352522403
685,paceSecPerKm,837.7828432174631
685,strokeRateSpm,38.46536363784601
685,distanceM,743.7898635722947
685,activeEnergyKcal,39.23376805821119
686,speedMps,1.1416395622545445
686,paceSecPerKm,875.93320436896
686,strokeRateSpm,40.65585036554342
686,distanceM,744.9315031345493
686,activeEnergyKcal,39.294657903123024
687,speedMps,1.1630594288671285
687,paceSecPerKm,859.8012923329674
687,strokeRateSpm,40.076991550939056
687,distanceM,746.0945625634164
687,activeEnergyKcal,39.35554716379861
688,speedMps,1.1098852689034613
688,paceSecPerKm,900.9940288584737
688,strokeRateSpm,41.232548898914516
688,distanceM,747.2044478323198
688,activeEnergyKcal,39.41643584023796
689,speedMps,1.1447451392266863
689,paceSecPerKm,873.5568867979938
689,strokeRateSpm,39.87453097936525
689,distanceM,748.3491929715465
689,activeEnergyKcal,39.47732393244106
690,speedMps,1.1423217054929031
690,paceSecPerKm,875.4101363840474
690,strokeRateSpm,40.143747104637654
690,distanceM,749.4915146770394
690,activeEnergyKcal,39.53821144040792
691,speedMps,1.1344990360897578
691,paceSecPerKm,881.446319643134
691,strokeRateSpm,40.18978102731556
691,distanceM,750.6260137131292
691,activeEnergyKcal,39.599098364138534
692,speedMps,1.046304401378082
692,paceSecPerKm,955.7448087601517
692,strokeRateSpm,39.83165039055131
692,distanceM,751.6723181145072
692,activeEnergyKcal,39.6599847036329
693,speedMps,1.1093255628764949
693,paceSecPerKm,901.4486219960421
693,strokeRateSpm,41.80165750069652
693,distanceM,752.7816436773837
693,activeEnergyKcal,39.72087045889103
694,speedMps,1.1850795892868595
694,paceSecPerKm,843.8251819034077
694,strokeRateSpm,40.66386564521851
694,distanceM,753.9667232666706
694,activeEnergyKcal,39.78175562991291
695,speedMps,1.1068603103456685
695,paceSecPerKm,903.4563717328555
695,strokeRateSpm,40.47231169929724
695,distanceM,755.0735835770163
695,activeEnergyKcal,39.84264021669855
696,speedMps,1.1202233465363114
696,paceSecPerKm,892.6791278649588
696,strokeRateSpm,38.76329461449136
696,distanceM,756.1938069235526
696,activeEnergyKcal,39.90352421924794
697,speedMps,1.097299037908843
697,paceSecPerKm,911.3286036463963
697,strokeRateSpm,41.28313992707011
697,distanceM,757.2911059614615
697,activeEnergyKcal,39.964407637561095
698,speedMps,1.1322626659660269
698,paceSecPerKm,883.1872939542852
698,strokeRateSpm,40.44212142039631
698,distanceM,758.4233686274275
698,activeEnergyKcal,40.025290471638
699,speedMps,1.108233960975357
699,paceSecPerKm,902.3365419337083
699,strokeRateSpm,42.48494509424511
699,distanceM,759.5316025884028
699,activeEnergyKcal,40.08617272147866
700,speedMps,1.116137276603007
700,paceSecPerKm,895.9471392654549
700,strokeRateSpm,39.854529499728024
700,distanceM,760.6477398650059
700,activeEnergyKcal,40.14705438708308
701,speedMps,1.1301056353618213
701,paceSecPerKm,884.8730319620379
701,strokeRateSpm,41.23787458106006
701,distanceM,761.7778455003677
701,activeEnergyKcal,40.207935468451254
702,speedMps,1.073789571880992
702,paceSecPerKm,931.2811617720105
702,strokeRateSpm,42.57829087889169
702,distanceM,762.8516350722487
702,activeEnergyKcal,40.26881596558319
703,speedMps,1.1085135708810727
703,paceSecPerKm,902.1089378321064
703,strokeRateSpm,41.33318358015865
703,distanceM,763.9601486431297
703,activeEnergyKcal,40.32969587847887
704,speedMps,1.1422462843344718
704,paceSecPerKm,875.4679386702041
704,strokeRateSpm,40.20376683563472
704,distanceM,765.1023949274642
704,activeEnergyKcal,40.39057520713832
705,speedMps,1.1427006007241653
705,paceSecPerKm,875.1198689895398
705,strokeRateSpm,40.82822345044563
705,distanceM,766.2450955281884
705,activeEnergyKcal,40.45145395156152
706,speedMps,1.0996285882110048
706,paceSecPerKm,909.3979646590569
706,strokeRateSpm,42.3577439345577
706,distanceM,767.3447241163993
706,activeEnergyKcal,40.51233211174847
707,speedMps,1.1608085669093968
707,paceSecPerKm,861.4684871446609
707,strokeRateSpm,39.60048283359422
707,distanceM,768.5055326833087
707,activeEnergyKcal,40.57320968769918
708,speedMps,1.1551376323093419
708,paceSecPerKm,865.6977073812477
708,strokeRateSpm,40.35626906339917
708,distanceM,769.6606703156181
708,activeEnergyKcal,40.63408667941365
709,speedMps,1.199896500558129
709,paceSecPerKm,833.4052141454304
709,strokeRateSpm,41.6646824926738
709,distanceM,770.8605668161762
709,activeEnergyKcal,40.694963086891875
710,speedMps,1.089384762409862
710,paceSecPerKm,917.949318281145
710,strokeRateSpm,40.75403522312396
710,distanceM,771.949951578586
710,activeEnergyKcal,40.75583891013385
711,speedMps,1.0767231004673359
711,paceSecPerKm,928.7438892747491
711,strokeRateSpm,39.1765132984187
711,distanceM,773.0266746790534
711,activeEnergyKcal,40.81671414913959
712,speedMps,1.1232903017885738
712,paceSecPerKm,890.2418176385364
712,strokeRateSpm,39.04070887543156
712,distanceM,774.1499649808419
712,activeEnergyKcal,40.877588803909084
713,speedMps,1.1561093286098452
713,paceSecPerKm,864.9700986345663
713,strokeRateSpm,41.03852304452197
713,distanceM,775.3060743094518
713,activeEnergyKcal,40.93846287444233
714,speedMps,1.161179262232911
714,paceSecPerKm,861.1934716066421
714,strokeRateSpm,41.21240488692649
714,distanceM,776.4672535716848
714,activeEnergyKcal,40.999336360739335
715,speedMps,1.1464375342794193
715,paceSecPerKm,872.2673238612507
715,strokeRateSpm,40.426866617262014
715,distanceM,777.6136911059642
715,activeEnergyKcal,41.06020926280009
716,speedMps,1.13957800985859
716,paceSecPerKm,877.5178104078104
716,strokeRateSpm,40.966632359196396
716,distanceM,778.7532691158228
716,activeEnergyKcal,41.12108158062461
717,speedMps,1.1957131530667455
717,paceSecPerKm,836.3209833689764
717,strokeRateSpm,41.02853326421207
717,distanceM,779.9489822688896
717,activeEnergyKcal,41.18195331421288
718,speedMps,1.176815088066511
718,paceSecPerKm,849.7511717350468
718,strokeRateSpm,40.9067009801284
718,distanceM,781.1257973569561
718,activeEnergyKcal,41.242824463564915
719,speedMps,1.146259525624634
719,paceSecPerKm,872.4027828297153
719,strokeRateSpm,40.314997332196704
719,distanceM,782.2720568825807
719,activeEnergyKcal,41.3036950286807
720,speedMps,1.1395989784969056
720,paceSecPerKm,877.5016640669228
720,strokeRateSpm,40.71427829684653
720,distanceM,783.4116558610776
720,activeEnergyKcal,41.36456500956024
721,speedMps,1.1496090350267443
721,paceSecPerKm,869.8609436178763
721,strokeRateSpm,39.671276068961795
721,distanceM,784.5612648961044
721,activeEnergyKcal,41.425434406203536
722,speedMps,1.1466778680772394
722,paceSecPerKm,872.084504148327
722,strokeRateSpm,40.6750023958913
722,distanceM,785.7079427641817
722,activeEnergyKcal,41.48630321861059
723,speedMps,1.1242876829088198
723,paceSecPerKm,889.4520639172567
723,strokeRateSpm,40.81490988169904
723,distanceM,786.8322304470905
723,activeEnergyKcal,41.5471714467814
723,heartRateBpm,157.1098142730374
724,speedMps,1.1046899891855717
724,paceSecPerKm,905.2313407286745
724,strokeRateSpm,41.789776693435265
724,distanceM,787.9369204362761
724,activeEnergyKcal,41.60803909071596
724,heartRateBpm,157.06723845531528
725,speedMps,1.0951338547047116
725,paceSecPerKm,913.1303864856199
725,strokeRateSpm,41.41422653748121
725,distanceM,789.0320542909808
725,activeEnergyKcal,41.66890615041429
726,speedMps,1.129769772624816
726,paceSecPerKm,885.1360907600499
726,strokeRateSpm,40.35976299424811
726,distanceM,790.1618240636056
726,activeEnergyKcal,41.729772625876365
726,heartRateBpm,161.5142891731123
727,speedMps,1.1728473428234816
727,paceSecPerKm,852.6258818923753
727,strokeRateSpm,39.96138652404138
727,distanceM,791.3346714064292
727,activeEnergyKcal,41.790638517102195
727,heartRateBpm,161.55214530554076
728,speedMps,1.13027964267363
728,paceSecPerKm,884.7368051631375
728,strokeRateSpm,41.952534635212
728,distanceM,792.4649510491028
728,activeEnergyKcal,41.851503824091786
728,heartRateBpm,162.41087022083408
729,speedMps,1.1584408659443461
729,paceSecPerKm,863.2292155757237
729,strokeRateSpm,40.544912182511986
729,distanceM,793.6233919150471
729,activeEnergyKcal,41.91236854684513
729,heartRateBpm,164.48676145550488
730,speedMps,1.184060023497417
730,paceSecPerKm,844.5517796017217
730,strokeRateSpm,40.772483272547696
730,distanceM,794.8074519385445
730,activeEnergyKcal,41.973232685362234
730,heartRateBpm,164.42843725484747
731,speedMps,1.172323728651057
731,paceSecPerKm,853.0067041726243
731,strokeRateSpm,40.285148746862745
731,distanceM,795.9797756671956
731,activeEnergyKcal,42.03409623964309
731,heartRateBpm,163.3754463700756
732,speedMps,1.1269687476253483
732,paceSecPerKm,887.3360526697072
732,strokeRateSpm,40.22099992204031
732,distanceM,797.1067444148209
732,activeEnergyKcal,42.09495920968771
732,heartRateBpm,163.57166860558033
733,speedMps,1.1294661412126465
733,paceSecPerKm,885.3740395673608
733,strokeRateSpm,41.76177018554615
733,distanceM,798.2362105560336
733,activeEnergyKcal,42.15582159549608
733,heartRateBpm,162.7688796301697
734,speedMps,1.1233401158291132
734,paceSecPerKm,890.2023402430718
734,strokeRateSpm,39.963233372531235
734,distanceM,799.3595506718627
734,activeEnergyKcal,42.2166833970682
734,heartRateBpm,161.48795769112198
735,speedMps,1.101122473041994
735,paceSecPerKm,908.1641910707444
735,strokeRateSpm,40.426436316363514
735,distanceM,800.4606731449047
735,activeEnergyKcal,42.277544614404086
735,heartRateBpm,161.11910861384843
736,speedMps,1.1408741542186536
736,paceSecPerKm,876.5208645513286
736,strokeRateSpm,41.92229641757806
736,distanceM,801.6015472991234
736,activeEnergyKcal,42.33840524750372
736,heartRateBpm,160.9708677804299
737,speedMps,1.1570425430270792
737,paceSecPerKm,864.2724556901588
737,strokeRateSpm,40.0842565746281
737,distanceM,802.7585898421504
737,activeEnergyKcal,42.39926529636712
738,speedMps,1.183401109888621
738,paceSecPerKm,845.0220230857462
738,strokeRateSpm,40.692112297775616
738,distanceM,803.9419909520391
738,activeEnergyKcal,42.46012476099427
738,heartRateBpm,159.01158078628475
739,speedMps,1.0872998711601838
739,paceSecPerKm,919.7094808196455
739,strokeRateSpm,40.88981126950405
739,distanceM,805.0292908231993
739,activeEnergyKcal,42.52098364138518
739,heartRateBpm,157.79015795548864
740,speedMps,1.1034700322150615
740,paceSecPerKm,906.2321320975434
740,strokeRateSpm,38.97427304735118
740,distanceM,806.1327608554144
740,activeEnergyKcal,42.58184193753984
740,heartRateBpm,157.8884424054957
741,speedMps,1.052015988880752
741,paceSecPerKm,950.5558951284644
741,strokeRateSpm,40.89831556762599
741,distanceM,807.1847768442951
741,activeEnergyKcal,42.64269964945826
741,heartRateBpm,160.26051699911446
742,speedMps,1.0923577118815193
742,paceSecPerKm,915.4510368929983
742,strokeRateSpm,41.900461914290204
742,distanceM,808.2771345561766
742,activeEnergyKcal,42.703556777140435
742,heartRateBpm,161.8036932024189
743,speedMps,1.1716740845993021
743,paceSecPerKm,853.4796605508157
743,strokeRateSpm,42.3077764305488
743,distanceM,809.448808640776
743,activeEnergyKcal,42.764413320586364
743,heartRateBpm,162.14403472287324
744,speedMps,1.1624481879055948
744,paceSecPerKm,860.2533948646083
744,strokeRateSpm,40.4882722525856
744,distanceM,810.6112568286816
744,activeEnergyKcal,42.82526927979605
744,heartRateBpm,164.84810053183637
745,speedMps,1.1015953543698886
745,paceSecPerKm,907.7743438487892
745,strokeRateSpm,40.92552343893666
745,distanceM,811.7128521830515
745,activeEnergyKcal,42.886124654769496
745,heartRateBpm,163.16779269456947
746,speedMps,1.1662214455085127
746,paceSecPerKm,857.4700832773364
746,strokeRateSpm,41.50668520839544
746,distanceM,812.87907362856
746,activeEnergyKcal,42.9469794455067
746,heartRateBpm,164.13691015376813
747,speedMps,1.1670689675332013
747,paceSecPerKm,856.8473910446527
747,strokeRateSpm,41.6434044355457
747,distanceM,814.0461425960932
747,activeEnergyKcal,43.007833652007655
747,heartRateBpm,166.4947312630624
748,speedMps,1.1892314819725047
748,paceSecPerKm,840.8791855571817
748,strokeRateSpm,39.643738372184124
748,distanceM,815.2353740780657
748,activeEnergyKcal,43.068687274272364
748,heartRateBpm,167.14064141617223
749,speedMps,1.0946903365092273
749,paceSecPerKm,913.500344936653
749,strokeRateSpm,41.36379364229181
749,distanceM,816.3300644145748
749,activeEnergyKcal,43.12954031230083
750,speedMps,1.1154473627583612
750,paceSecPerKm,896.5012903227685
750,strokeRateSpm,40.880340836006035
750,distanceM,817.4455117773332
750,activeEnergyKcal,43.190392766093055
750,heartRateBpm,165.18791740048982
751,speedMps,1.088460450086538
751,paceSecPerKm,918.7288338501367
751,strokeRateSpm,40.61912380695661
751,distanceM,818.5339722274198
751,activeEnergyKcal,43.25124463564904
751,heartRateBpm,165.672803585693
752,speedMps,1.093942831299357
752,paceSecPerKm,914.1245514742537
752,strokeRateSpm,40.602562032448766
752,distanceM,819.6279150587192
752,activeEnergyKcal,43.31209592096877
752,heartRateBpm,164.1823323568625
753,speedMps,1.0933386848680606
753,paceSecPerKm,914.6296695069155
753,strokeRateSpm,40.30658096968956
753,distanceM,820.7212537435872
753,activeEnergyKcal,43.37294662205227
753,heartRateBpm,162.7147956620867
754,speedMps,1.17197305763648
754,paceSecPerKm,853.2619359157468
754,strokeRateSpm,42.768266619042805
754,distanceM,821.8932268012237
754,activeEnergyKcal,43.43379673889952
754,heartRateBpm,162.4051152950463
755,speedMps,1.104285170665798
755,paceSecPerKm,905.5631883538542
755,strokeRateSpm,41.58013065482885
755,distanceM,822.9975119718895
755,activeEnergyKcal,43.49464627151052
755,heartRateBpm,162.17222651040777
756,speedMps,1.1901505455755435
756,paceSecPerKm,840.2298379121536
756,strokeRateSpm,40.77151996204536
756,distanceM,824.187662517465
756,activeEnergyKcal,43.55549521988528
756,heartRateBpm,162.45092118161114
757,speedMps,1.0833644721453388
757,paceSecPerKm,923.0503913606694
757,strokeRateSpm,40.06622269753332
757,distanceM,825.2710269896104
757,activeEnergyKcal,43.616343584023795
757,heartRateBpm,163.82598629494993
758,speedMps,1.0886157681430884
758,paceSecPerKm,918.5977543810108
758,strokeRateSpm,41.66715522633033
758,distanceM,826.3596427577535
758,activeEnergyKcal,43.67719136392607
759,speedMps,1.102394053829121
759,paceSecPerKm,907.1166490117944
759,strokeRateSpm,40.64298625634623
759,distanceM,827.4620368115826
759,activeEnergyKcal,43.7380385595921
759,heartRateBpm,165.87214131539213
760,speedMps,1.1513641398371666
760,paceSecPerKm,868.534953799609
760,strokeRateSpm,40.8403095762343
760,distanceM,828.6134009514197
760,activeEnergyKcal,43.79888517102189
760,heartRateBpm,165.705569391257
761,speedMps,1.1662305037635965
761,paceSecPerKm,857.4634232022346
761,strokeRateSpm,39.807365755745685
761,distanceM,829.7796314551833
761,activeEnergyKcal,43.85973119821543
761,heartRateBpm,164.9912997075993
762,speedMps,1.1663528979900604
762,paceSecPerKm,857.3734430833659
762,strokeRateSpm,39.02545264279474
762,distanceM,830.9459843531733
762,activeEnergyKcal,43.92057664117272
762,heartRateBpm,165.3406623957285
763,speedMps,1.1468482676079128
763,paceSecPerKm,871.9549292129047
763,strokeRateSpm,41.39502602868639
763,distanceM,832.0928326207812
763,activeEnergyKcal,43.98142149989378
763,heartRateBpm,166.38587855955763
764,speedMps,1.1236958841365228
764,paceSecPerKm,889.9204972779855
764,strokeRateSpm,41.761773067635126
764,distanceM,833.2165285049177
764,activeEnergyKcal,44.042265774378585
764,heartRateBpm,166.05595606371713
765,speedMps,1.1408839958783308
765,paceSecPerKm,876.5133033793952
765,strokeRateSpm,39.71480275106964
765,distanceM,834.357412500796
765,activeEnergyKcal,44.10310946462715
766,speedMps,1.14506547913756
766,paceSecPerKm,873.3125032755154
766,strokeRateSpm,39.85166187999828
766,distanceM,835.5024779799336
766,activeEnergyKcal,44.16395257063947
766,heartRateBpm,169.9852637727132
767,speedMps,1.0704348354208264
767,paceSecPerKm,934.1997914397695
767,strokeRateSpm,39.989398512788064
767,distanceM,836.5729128153544
767,activeEnergyKcal,44.224795092415555
767,heartRateBpm,169.60481891226289
768,speedMps,1.1324931979933628
768,paceSecPerKm,883.0075110136429
768,strokeRateSpm,40.28870865347627
768,distanceM,837.7054060133477
768,activeEnergyKcal,44.28563702995539
768,heartRateBpm,170.75297088713097
769,speedMps,1.1192593152546155
769,paceSecPerKm,893.4480029523045
769,strokeRateSpm,39.74748832977471
769,distanceM,838.8246653286022
769,activeEnergyKcal,44.346478383258976
769,heartRateBpm,171.7834394895584
770,speedMps,1.1757680397404762
770,paceSecPerKm,850.5078945849957
770,strokeRateSpm,41.185058223319615
770,distanceM,840.0004333683427
770,activeEnergyKcal,44.40731915232632
770,heartRateBpm,171.09787328674216
771,speedMps,1.0583267034058914
771,paceSecPerKm,944.8878090119192
771,strokeRateSpm,40.748498465987474
771,distanceM,841.0587600717486
771,activeEnergyKcal,44.468159337157424
772,speedMps,1.11336427466796
772,paceSecPerKm,898.178630977028
772,strokeRateSpm,40.71348471543724
772,distanceM,842.1721243464166
772,activeEnergyKcal,44.528998937752284
772,heartRateBpm,168.7174355338468
773,speedMps,1.1075364277899071
773,paceSecPerKm,902.9048389816879
773,strokeRateSpm,41.529035684137924
773,distanceM,843.2796607742065
773,activeEnergyKcal,44.5898379541109
773,heartRateBpm,167.58108743925243
774,speedMps,1.1056063845920892
774,paceSecPerKm,904.4810286338457
774,strokeRateSpm,40.20495047621328
774,distanceM,844.3852671587986
774,activeEnergyKcal,44.65067638623327
774,heartRateBpm,165.21614858220835
775,speedMps,1.1458186067769143
775,paceSecPerKm,872.7384893957264
775,strokeRateSpm,41.418567314203145
775,distanceM,845.5310857655755
775,activeEnergyKcal,44.7115142341194
776,speedMps,1.11364036787426
776,paceSecPerKm,897.9559549451507
776,strokeRateSpm,41.161938658553495
776,distanceM,846.6447261334498
776,activeEnergyKcal,44.77235149776928
776,heartRateBpm,164.24981424645202
777,speedMps,1.1075229390297212
777,paceSecPerKm,902.9158356540047
777,strokeRateSpm,40.31375243625865
777,distanceM,847.7522490724796
777,activeEnergyKcal,44.83318817718292
777,heartRateBpm,164.26644342148597
778,speedMps,1.0969075651937752
778,paceSecPerKm,911.6538455301328
778,strokeRateSpm,41.33412728585712
778,distanceM,848.8491566376733
778,activeEnergyKcal,44.89402427236031
778,heartRateBpm,164.64157681067346
779,speedMps,1.0627486077832449
779,paceSecPerKm,940.9563020608135
779,strokeRateSpm,40.65072801720434
779,distanceM,849.9119052454565
779,activeEnergyKcal,44.954859783301465
779,heartRateBpm,163.8108252815787
780,speedMps,1.0921884204999677
780,paceSecPerKm,915.5929336279112
780,strokeRateSpm,40.528364858377216
780,distanceM,851.0040936659565
780,activeEnergyKcal,45.01569471000637
780,heartRateBpm,164.3711896346496
781,speedMps,1.0911989245839062
781,paceSecPerKm,916.4231905574119
781,strokeRateSpm,39.98136338726357
781,distanceM,852.0952925905403
781,activeEnergyKcal,45.07652905247504
781,heartRateBpm,165.25613168657026
782,speedMps,1.1323509062993704
782,paceSecPerKm,883.1184701110845
782,strokeRateSpm,41.41020264360974
782,distanceM,853.2276434968397
782,activeEnergyKcal,45.13736281070746
782,heartRateBpm,164.75082161982928
783,speedMps,1.1426861350956548
783,paceSecPerKm,875.1309474112851
783,strokeRateSpm,40.49860347433784
783,distanceM,854.3703296319354
783,activeEnergyKcal,45.19819598470363
783,heartRateBpm,166.07316700817847
784,speedMps,1.080516196362429
784,paceSecPerKm,925.4835821679603
784,strokeRateSpm,41.17284632487105
784,distanceM,855.4508458282978
784,activeEnergyKcal,45.259028574463564
784,heartRateBpm,164.88860028972547
785,speedMps,1.1433468124643653
785,paceSecPerKm,874.6252572695802
785,strokeRateSpm,40.15497595860925
785,distanceM,856.5941926407622
785,activeEnergyKcal,45.31986057998725
785,heartRateBpm,166.54299378101354
786,speedMps,1.1155838788023809
786,paceSecPerKm,896.3915838166608
786,strokeRateSpm,40.42589970700336
786,distanceM,857.7097765195646
786,activeEnergyKcal,45.380692001274696
786,heartRateBpm,164.7202266599442
787,speedMps,1.039159099779514
787,paceSecPerKm,962.3165501915706
787,strokeRateSpm,41.14567113783967
787,distanceM,858.7489356193441
787,activeEnergyKcal,45.441522838325895
787,heartRateBpm,165.93935259599448
788,speedMps,1.1494028647330203
788,paceSecPerKm,870.0169720146616
788,strokeRateSpm,40.6701756026367
788,distanceM,859.8983384840772
788,activeEnergyKcal,45.502353091140854
788,heartRateBpm,167.94599144517568
789,speedMps,1.1381833810510922
789,paceSecPerKm,878.5930427806086
789,strokeRateSpm,41.59790970296862
789,distanceM,861.0365218651283
789,activeEnergyKcal,45.56318275971957
790,speedMps,1.091697538639628
790,paceSecPerKm,916.0046300425914
790,strokeRateSpm,39.83185771716236
790,distanceM,862.128219403768
790,activeEnergyKcal,45.62401184406203
791,speedMps,1.1431338866825465
791,paceSecPerKm,874.7881693036579
791,strokeRateSpm,40.05642303300187
791,distanceM,863.2713532904505
791,activeEnergyKcal,45.68484034416826
792,speedMps,1.1670606328740654
792,paceSecPerKm,856.8535102905039
792,strokeRateSpm,40.29610242413538
792,distanceM,864.4384139233246
792,activeEnergyKcal,45.74566826003824
793,speedMps,1.1479692948301807
793,paceSecPerKm,871.1034384834571
793,strokeRateSpm,41.04869426289975
793,distanceM,865.5863832181548
793,activeEnergyKcal,45.806495591671975
794,speedMps,1.121482550059467
794,paceSecPerKm,891.6768254191513
794,strokeRateSpm,41.0165165227325
794,distanceM,866.7078657682142
794,activeEnergyKcal,45.86732233906947
795,speedMps,1.1463071941613676
795,paceSecPerKm,872.3665044531059
795,strokeRateSpm,39.99012425844845
795,distanceM,867.8541729623756
795,activeEnergyKcal,45.92814850223072
796,speedMps,1.1237142088347443
796,paceSecPerKm,889.9059851142828
796,strokeRateSpm,41.66726483104046
796,distanceM,868.9778871712103
796,activeEnergyKcal,45.988974081155725
797,speedMps,1.148614698788879
797,paceSecPerKm,870.6139674639536
797,strokeRateSpm,41.032117515375994
797,distanceM,870.1265018699992
797,activeEnergyKcal,46.04979907584448
798,speedMps,1.1262185258045692
798,paceSecPerKm,887.9271447658004
798,strokeRateSpm,39.98163045607172
798,distanceM,871.2527203958037
798,activeEnergyKcal,46.110623486297
799,speedMps,1.145350332244142
799,paceSecPerKm,873.0953070408161
799,strokeRateSpm,39.905132419952864
799,distanceM,872.3980707280479
799,activeEnergyKcal,46.17144731251327
800,speedMps,1.146422164131468
800,paceSecPerKm,872.2790183994761
800,strokeRateSpm,40.147784827992346
800,distanceM,873.5444928921793
800,activeEnergyKcal,46.232270554493304
801,speedMps,1.1046446889162276
801,paceSecPerKm,905.2684632749242
801,strokeRateSpm,40.42026460803023
801,distanceM,874.6491375810955
801,activeEnergyKcal,46.29309321223709
802,speedMps,1.1098684990989132
802,paceSecPerKm,901.0076426278304
802,strokeRateSpm,40.529536763643144
802,distanceM,875.7590060801944
802,activeEnergyKcal,46.353915285744634
803,speedMps,1.1144541286632832
803,paceSecPerKm,897.3002784775326
803,strokeRateSpm,40.13655171204225
803,distanceM,876.8734602088576
803,activeEnergyKcal,46.41473677501593
804,speedMps,1.1130162156815044
804,paceSecPerKm,898.4595066188643
804,strokeRateSpm,41.10602380545204
804,distanceM,877.9864764245391
804,activeEnergyKcal,46.47555768005098
805,speedMps,1.1486973224687813
805,paceSecPerKm,870.5513458069173
805,strokeRateSpm,41.658012210433554
805,distanceM,879.1351737470079
805,activeEnergyKcal,46.536378000849794
806,speedMps,1.185708022674508
806,paceSecPerKm,843.3779487671669
806,strokeRateSpm,41.13397553392587
806,distanceM,880.3208817696824
806,activeEnergyKcal,46.59719773741236
807,speedMps,1.065463817178394
807,paceSecPerKm,938.5583854440426
807,strokeRateSpm,40.20112022440026
807,distanceM,881.3863455868608
807,activeEnergyKcal,46.65801688973868
808,speedMps,1.0953868854573028
808,paceSecPerKm,912.9194563823169
808,strokeRateSpm,39.553034747363526
808,distanceM,882.4817324723181
808,activeEnergyKcal,46.71883545782876
809,speedMps,1.0846862420180683
809,paceSecPerKm,921.9255866465967
809,strokeRateSpm,40.464099255913425
809,distanceM,883.5664187143361
809,activeEnergyKcal,46.7796534416826
810,speedMps,1.1034083598911606
810,paceSecPerKm,906.28278373624
810,strokeRateSpm,41.286419404654374
810,distanceM,884.6698270742273
810,activeEnergyKcal,46.84047084130019
811,speedMps,1.1538032472680295
811,paceSecPerKm,866.6988954726863
811,strokeRateSpm,38.941262644870335
811,distanceM,885.8236303214953
811,activeEnergyKcal,46.90128765668153
812,speedMps,1.1396610763293253
812,paceSecPerKm,877.453850771887
812,strokeRateSpm,41.27949844774333
812,distanceM,886.9632913978246
812,activeEnergyKcal,46.962103887826636
813,speedMps,1.1454285709574492
813,paceSecPerKm,873.0356701021633
813,strokeRateSpm,39.90538551756415
813,distanceM,888.108719968782
813,activeEnergyKcal,47.02291953473549
814,speedMps,1.0879901200374342
814,paceSecPerKm,919.1259935022142
814,strokeRateSpm,41.60910100174225
814,distanceM,889.1967100888195
814,activeEnergyKcal,47.08373459740811
815,speedMps,1.1224757919674608
815,paceSecPerKm,890.8878099252485
815,strokeRateSpm,41.76260271206428
815,distanceM,890.3191858807869
815,activeEnergyKcal,47.14454907584448
815,heartRateBpm,162.63536364126816
816,speedMps,1.1864539180405609
816,paceSecPerKm,842.8477371051282
816,strokeRateSpm,41.83114779248115
816,distanceM,891.5056397988275
816,activeEnergyKcal,47.20536297004461
816,heartRateBpm,162.82713329512848
817,speedMps,1.1729908287734425
817,paceSecPerKm,852.5215845427084
817,strokeRateSpm,39.981982142979554
817,distanceM,892.6786306276009
817,activeEnergyKcal,47.266176280008494
817,heartRateBpm,163.1488795884499
818,speedMps,1.1124610102562802
818,paceSecPerKm,898.907908484476
818,strokeRateSpm,40.696962740071825
818,distanceM,893.7910916378572
818,activeEnergyKcal,47.32698900573613
818,heartRateBpm,162.46774922308657
819,speedMps,1.1032677780436908
819,paceSecPerKm,906.398265136679
819,strokeRateSpm,40.73292351800767
819,distanceM,894.8943594159009
819,activeEnergyKcal,47.38780114722753
819,heartRateBpm,162.5270134622275
820,speedMps,1.1870050466628266
820,paceSecPerKm,842.4564013534931
820,strokeRateSpm,40.86990706483715
820,distanceM,896.0813644625638
820,activeEnergyKcal,47.44861270448268
820,heartRateBpm,160.35546686914122
821,speedMps,1.141097073433952
821,paceSecPerKm,876.3496316668812
821,strokeRateSpm,39.95551519438947
821,distanceM,897.2224615359977
821,activeEnergyKcal,47.50942367750159
821,heartRateBpm,161.57597201236123
822,speedMps,1.102255564019367
822,paceSecPerKm,907.2306211397175
822,strokeRateSpm,40.09297880885795
822,distanceM,898.3247171000171
822,activeEnergyKcal,47.57023406628425
822,heartRateBpm,160.16137412781006
823,speedMps,1.161688228986828
823,paceSecPerKm,860.8161596611467
823,strokeRateSpm,40.9567757394541
823,distanceM,899.4864053290039
823,activeEnergyKcal,47.63104387083067
823,heartRateBpm,160.28131415929943
824,speedMps,1.1121827975401328
824,paceSecPerKm,899.1327704508172
824,strokeRateSpm,42.22974106352137
824,distanceM,900.5985881265441
824,activeEnergyKcal,47.69185309114085
824,heartRateBpm,161.6938732370864
825,speedMps,1.1140469159330784
825,paceSecPerKm,897.6282647508094
825,strokeRateSpm,40.87780654906721
825,distanceM,901.7126350424771
825,activeEnergyKcal,47.75266172721478
826,speedMps,1.154497960554602
826,paceSecPerKm,866.1773638124197
826,strokeRateSpm,42.236013808791284
826,distanceM,902.8671330030318
826,activeEnergyKcal,47.81346977905247
826,heartRateBpm,165.03376843334817
827,speedMps,1.1159921536426334
827,paceSecPerKm,896.0636477021533
827,strokeRateSpm,41.654702474595446
827,distanceM,903.9831251566744
827,activeEnergyKcal,47.87427724665391
827,heartRateBpm,164.1650110653719
828,speedMps,1.1015895182249988
828,paceSecPerKm,907.7791531743231
828,strokeRateSpm,40.1523181085729
828,distanceM,905.0847146748994
828,activeEnergyKcal,47.93508413001911
828,heartRateBpm,161.96222164545316
829,speedMps,1.101981505896768
829,paceSecPerKm,907.4562455439961
829,strokeRateSpm,42.02750923119852
829,distanceM,906.1866961807962
829,activeEnergyKcal,47.99589042914807
829,heartRateBpm,162.4514442812566
830,speedMps,1.088869713244354
830,paceSecPerKm,918.3835199350331
830,strokeRateSpm,41.40222240124315
830,distanceM,907.2755658940405
830,activeEnergyKcal,48.056696144040785
830,heartRateBpm,162.65837561863168
831,speedMps,1.1626008503435759
831,paceSecPerKm,860.1404340143708
831,strokeRateSpm,40.62235644635259
831,distanceM,908.438166744384
831,activeEnergyKcal,48.117501274697254
831,heartRateBpm,164.3068814276537
832,speedMps,1.1492600979199437
832,paceSecPerKm,870.1250498559109
832,strokeRateSpm,39.151158802772265
832,distanceM,909.587426842304
832,activeEnergyKcal,48.178305821117476
832,heartRateBpm,163.65649494747015
833,speedMps,1.14580516387065
833,paceSecPerKm,872.7487286074844
833,strokeRateSpm,40.983736222822145
833,distanceM,910.7332320061747
833,activeEnergyKcal,48.23910978330146
833,heartRateBpm,162.72044013612182
834,speedMps,1.1067378882069008
834,paceSecPerKm,903.5563078265678
834,strokeRateSpm,38.84097087456632
834,distanceM,911.8399698943816
834,activeEnergyKcal,48.299913161249194
834,heartRateBpm,162.6898636068747
835,speedMps,1.134730207221331
835,paceSecPerKm,881.2667483742665
835,strokeRateSpm,40.764692703559504
835,distanceM,912.9747001016029
835,activeEnergyKcal,48.36071595496069
836,speedMps,1.1441184022023037
836,paceSecPerKm,874.0354128341163
836,strokeRateSpm,41.25659767298285
836,distanceM,914.1188185038052
836,activeEnergyKcal,48.42151816443594
836,heartRateBpm,162.91166695120305
837,speedMps,1.082908272033871
837,paceSecPerKm,923.4392476491511
837,strokeRateSpm,40.939477360005974
837,distanceM,915.201726775839
837,activeEnergyKcal,48.482319789674946
837,heartRateBpm,165.14185639417852
838,speedMps,1.1954131981960212
838,paceSecPerKm,836.5308342831448
838,strokeRateSpm,40.74567803327969
838,distanceM,916.397139974035
838,activeEnergyKcal,48.54312083067771
839,speedMps,1.2145566193184498
839,paceSecPerKm,823.3457247642777
839,strokeRateSpm,41.694985851630356
839,distanceM,917.6116965933535
839,activeEnergyKcal,48.60392128744422
839,heartRateBpm,160.90682255540844
840,speedMps,1.156093131796535
840,paceSecPerKm,864.9822168271419
840,strokeRateSpm,39.61808627095343
840,distanceM,918.76778972515
840,activeEnergyKcal,48.6647211599745
841,speedMps,1.084741890573069
841,paceSecPerKm,921.878290762515
841,strokeRateSpm,40.96254359133103
841,distanceM,919.852531615723
841,activeEnergyKcal,48.725520448268526
842,speedMps,1.1496505466382725
842,paceSecPerKm,869.8295346565353
842,strokeRateSpm,39.01438178727329
842,distanceM,921.0021821623614
842,activeEnergyKcal,48.786319152326314
842,heartRateBpm,160.02495791474578
843,speedMps,1.1330102871731749
843,paceSecPerKm,882.6045194125895
843,strokeRateSpm,40.833931523831986
843,distanceM,922.1351924495345
843,activeEnergyKcal,48.847117272147855
843,heartRateBpm,160.75222680783435
844,speedMps,1.159607119416516
844,paceSecPerKm,862.3610387138481
844,strokeRateSpm,41.01690850633466
844,distanceM,923.294799568951
844,activeEnergyKcal,48.90791480773316
845,speedMps,1.1659151652011441
845,paceSecPerKm,857.6953365449017
845,strokeRateSpm,39.89131938690286
845,distanceM,924.4607147341521
845,activeEnergyKcal,48.96871175908221
845,heartRateBpm,160.80115901664757
846,speedMps,1.1825995859668446
846,paceSecPerKm,845.5947489466109
846,strokeRateSpm,40.77258947233945
846,distanceM,925.643314320119
846,activeEnergyKcal,49.02950812619502
846,heartRateBpm,161.43494478150023
847,speedMps,1.1244051443450724
847,paceSecPerKm,889.3591469491771
847,strokeRateSpm,40.484319015990245
847,distanceM,926.767719464464
847,activeEnergyKcal,49.09030390907159
847,heartRateBpm,162.82707740509505
848,speedMps,1.107676698245752
848,paceSecPerKm,902.7904997764406
848,strokeRateSpm,42.95634767815404
848,distanceM,927.8753961627098
848,activeEnergyKcal,49.15109910771191
848,heartRateBpm,164.92873921967558
849,speedMps,1.1441608387534268
849,paceSecPerKm,874.0029951466515
849,strokeRateSpm,39.70562402358311
849,distanceM,929.0195570014632
849,activeEnergyKcal,49.21189372211599
849,heartRateBpm,166.26525183568015
850,speedMps,1.116139304561953
850,paceSecPerKm,895.9455113826193
850,strokeRateSpm,40.57303242333428
850,distanceM,930.1356963060251
850,activeEnergyKcal,49.27268775228382
851,speedMps,1.1241419350316533
851,paceSecPerKm,889.567383652352
851,strokeRateSpm,40.63226297481417
851,distanceM,931.2598382410567
851,activeEnergyKcal,49.333481198215416
851,heartRateBpm,166.1718562907553
852,speedMps,1.163691486259363
852,paceSecPerKm,859.3342924716736
852,strokeRateSpm,40.13431763345194
852,distanceM,932.4235297273161
852,activeEnergyKcal,49.394274059910764
853,speedMps,1.1077937182348925
853,paceSecPerKm,902.6951349691294
853,strokeRateSpm,41.552762669602444
853,distanceM,933.531323445551
853,activeEnergyKcal,49.455066337369864
853,heartRateBpm,166.0690817238403
854,speedMps,1.127890428919719
854,paceSecPerKm,886.6109458502889
854,strokeRateSpm,39.56770113680334
854,distanceM,934.6592138744708
854,activeEnergyKcal,49.515858030592725
855,speedMps,1.0816851742223004
855,paceSecPerKm,924.4834114685638
855,strokeRateSpm,39.59923542013436
855,distanceM,935.7408990486931
855,activeEnergyKcal,49.57664913957934
855,heartRateBpm,167.13495808994998
856,speedMps,1.122476547163074
856,paceSecPerKm,890.8872105411745
856,strokeRateSpm,40.792036228221676
856,distanceM,936.8633755958562
856,activeEnergyKcal,49.63743966432971
856,heartRateBpm,165.8760007152569
857,speedMps,1.1888116533039044
857,paceSecPerKm,841.1761419236045
857,strokeRateSpm,41.25024527888687
857,distanceM,938.05218724916
857,activeEnergyKcal,49.69822960484384
857,heartRateBpm,164.42830878340368
858,speedMps,1.1173488423287117
858,paceSecPerKm,894.9756442364586
858,strokeRateSpm,39.400878833609376
858,distanceM,939.1695360914888
858,activeEnergyKcal,49.759018961121726
858,heartRateBpm,164.77369341788958
859,speedMps,1.1831481269498618
859,paceSecPerKm,845.2027072704625
859,strokeRateSpm,39.670190716920374
859,distanceM,940.3526842184386
859,activeEnergyKcal,49.819807733163366
859,heartRateBpm,167.6373897033331
860,speedMps,1.1472634149356191
860,paceSecPerKm,871.6394046750954
860,strokeRateSpm,41.16822760787145
860,distanceM,941.4999476333743
860,activeEnergyKcal,49.88059592096876
860,heartRateBpm,167.32163072033129
861,speedMps,1.0929016676096674
861,paceSecPerKm,914.9954013586083
861,strokeRateSpm,40.56806896134939
861,distanceM,942.592849300984
861,activeEnergyKcal,49.94138352453791
861,heartRateBpm,167.29937222684848
862,speedMps,1.0989570166517357
862,paceSecPerKm,909.9536968668397
862,strokeRateSpm,39.83189163912826
862,distanceM,943.6918063176357
862,activeEnergyKcal,50.00217054387082
863,speedMps,1.1212784840213594
863,paceSecPerKm,891.8391053162765
863,strokeRateSpm,41.19513738489459
863,distanceM,944.813084801657
863,activeEnergyKcal,50.062956978967485
864,speedMps,1.1018166933770046
864,paceSecPerKm,907.5919851377979
864,strokeRateSpm,41.44798836878499
864,distanceM,945.9149014950341
864,activeEnergyKcal,50.123742829827904
864,heartRateBpm,167.40927390470617
865,speedMps,1.1383492226573104
865,paceSecPerKm,878.4650440272148
865,strokeRateSpm,41.379179847989754
865,distanceM,947.0532507176914
865,activeEnergyKcal,50.184528096452084
865,heartRateBpm,168.3319675283243
866,speedMps,1.1476677254325354
866,paceSecPerKm,871.3323358667404
866,strokeRateSpm,40.98710118681046
866,distanceM,948.2009184431239
866,activeEnergyKcal,50.24531277884002
866,heartRateBpm,169.49199097877312
867,speedMps,1.1454601156849227
867,paceSecPerKm,873.0116276480343
867,strokeRateSpm,39.23536059118081
867,distanceM,949.3463785588089
867,activeEnergyKcal,50.3060968769917
867,heartRateBpm,168.63790598770692
868,speedMps,1.125342468776056
868,paceSecPerKm,888.6183786235483
868,strokeRateSpm,40.5055084955401
868,distanceM,950.4717210275849
868,activeEnergyKcal,50.36688039090715
868,heartRateBpm,167.41520091706332
869,speedMps,1.160539358338649
869,paceSecPerKm,861.6683206948996
869,strokeRateSpm,39.70445863220166
869,distanceM,951.6322603859235
869,activeEnergyKcal,50.42766332058635
869,heartRateBpm,167.2858468028582
870,speedMps,1.1205977872426456
870,paceSecPerKm,892.3808447459193
870,strokeRateSpm,40.74501066124874
870,distanceM,952.7528581731661
870,activeEnergyKcal,50.48844566602931
870,heartRateBpm,165.96719810394669
871,speedMps,1.1630234709316045
871,paceSecPerKm,859.8278753557574
871,strokeRateSpm,42.03090231314051
871,distanceM,953.9158816440978
871,activeEnergyKcal,50.54922742723602
871,heartRateBpm,166.2000885324222
872,speedMps,1.1599848308268093
872,paceSecPerKm,862.0802388314199
872,strokeRateSpm,42.229641612516055
872,distanceM,955.0758664749246
872,activeEnergyKcal,50.61000860420649
872,heartRateBpm,166.41812474414309
873,speedMps,1.095765464829795
873,paceSecPerKm,912.6040490382946
873,strokeRateSpm,40.04405082577046
873,distanceM,956.1716319397544
873,activeEnergyKcal,50.67078919694072
873,heartRateBpm,167.39765104997582
874,speedMps,1.1186051218297783
874,paceSecPerKm,893.9705178215455
874,strokeRateSpm,40.92241061722718
874,distanceM,957.2902370615842
874,activeEnergyKcal,50.731569205438696
874,heartRateBpm,170.71823203464137
875,speedMps,1.1651112616750878
875,paceSecPerKm,858.2871292157057
875,strokeRateSpm,39.510526248810216
875,distanceM,958.4553483232593
875,activeEnergyKcal,50.792348629700435
875,heartRateBpm,170.55850983467155
876,speedMps,1.1467452676870742
876,paceSecPerKm,872.0332476426506
876,strokeRateSpm,41.016153368986124
876,distanceM,959.6020935909463
876,activeEnergyKcal,50.853127469725926
876,heartRateBpm,169.89040726952462
877,speedMps,1.109365599743916
877,paceSecPerKm,901.4160888266575
877,strokeRateSpm,39.14997049737231
877,distanceM,960.7114591906902
877,activeEnergyKcal,50.91390572551518
877,heartRateBpm,169.73300148550499
878,speedMps,1.1198292301607802
878,paceSecPerKm,892.9933002877808
878,strokeRateSpm,39.79641018366077
878,distanceM,961.831288420851
878,activeEnergyKcal,50.97468339706818
878,heartRateBpm,170.5932699792949
879,speedMps,1.1685753256489921
879,paceSecPerKm,855.7428674481293
879,strokeRateSpm,40.50302227556283
879,distanceM,962.9998637465001
879,activeEnergyKcal,51.03546048438495
879,heartRateBpm,171.12327295943155
880,speedMps,1.1644239623732815
880,paceSecPerKm,858.7937317623048
880,strokeRateSpm,40.84603012470994
880,distanceM,964.1642877088733
880,activeEnergyKcal,51.09623698746547
880,heartRateBpm,172.2669160053543
881,speedMps,1.153609134868929
881,paceSecPerKm,866.8447308313124
881,strokeRateSpm,41.79399178453153
881,distanceM,965.3178968437422
881,activeEnergyKcal,51.15701290630974
881,heartRateBpm,173.00922902538818
882,speedMps,1.0902798666887668
882,paceSecPerKm,917.1956949338603
882,strokeRateSpm,41.66353015451234
882,distanceM,966.408176710431
882,activeEnergyKcal,51.21778824091777
882,heartRateBpm,173.5128590413927
883,speedMps,1.122533257813591
883,paceSecPerKm,890.8422027047515
883,strokeRateSpm,41.730571327708574
883,distanceM,967.5307099682447
883,activeEnergyKcal,51.278562991289554
883,heartRateBpm,173.90771887742784
884,speedMps,1.0980788401721928
884,paceSecPerKm,910.6814223313758
884,strokeRateSpm,40.052814657918
884,distanceM,968.6287888084169
884,activeEnergyKcal,51.3393371574251
884,heartRateBpm,175.5266427156485
885,speedMps,1.0805418864922052
885,paceSecPerKm,925.4615785847316
885,strokeRateSpm,40.587067884335426
885,distanceM,969.7093306949091
885,activeEnergyKcal,51.4001107393244
886,speedMps,1.1361590703019713
886,paceSecPerKm,880.1584444810333
886,strokeRateSpm,38.82511939398393
886,distanceM,970.845489765211
886,activeEnergyKcal,51.460883736987455
886,heartRateBpm,173.87994755139005
887,speedMps,1.1522924644165808
887,paceSecPerKm,867.83523357181
887,strokeRateSpm,40.337408085629136
887,distanceM,971.9977822296277
887,activeEnergyKcal,51.521656150414266
887,heartRateBpm,171.17804971373644
888,speedMps,1.129348159359644
888,paceSecPerKm,885.4665336923326
888,strokeRateSpm,40.00522178609221
888,distanceM,973.1271303889873
888,activeEnergyKcal,51.58242797960483
888,heartRateBpm,170.9870711568843
889,speedMps,1.060546576953745
889,paceSecPerKm,942.9100255760047
889,strokeRateSpm,41.34994115336875
889,distanceM,974.187676965941
889,activeEnergyKcal,51.643199224559154
890,speedMps,1.1541015715968346
890,paceSecPerKm,866.4748620144265
890,strokeRateSpm,40.55701127990485
890,distanceM,975.3417785375378
890,activeEnergyKcal,51.70396988527723
890,heartRateBpm,167.62596630202543
891,speedMps,1.1182823631795327
891,paceSecPerKm,894.2285355880703
891,strokeRateSpm,40.90565630395989
891,distanceM,976.4600609007174
891,activeEnergyKcal,51.76473996175907
891,heartRateBpm,167.8163156279658
892,speedMps,1.096042002100819
892,paceSecPerKm,912.3737941459066
892,strokeRateSpm,41.521078752438186
892,distanceM,977.5561029028182
892,activeEnergyKcal,51.82550945400466
892,heartRateBpm,170.65958468874317
893,speedMps,1.1514457299089227
893,paceSecPerKm,868.4734104481835
893,strokeRateSpm,41.08603801795491
893,distanceM,978.7075486327271
893,activeEnergyKcal,51.88627836201401
893,heartRateBpm,171.56282511665844
894,speedMps,1.1160910755407705
894,paceSecPerKm,895.9842273763171
894,strokeRateSpm,40.16901204036553
894,distanceM,979.8236397082679
894,activeEnergyKcal,51.947046685787114
894,heartRateBpm,172.41897084709672
895,speedMps,1.0944336669638737
895,paceSecPerKm,913.7145815096796
895,strokeRateSpm,40.02104499023733
895,distanceM,980.9180733752318
895,activeEnergyKcal,52.00781442532397
895,heartRateBpm,172.4519838472207
896,speedMps,1.125894834421567
896,paceSecPerKm,888.1824211528194
896,strokeRateSpm,41.325578243623724
896,distanceM,982.0439682096534
896,activeEnergyKcal,52.06858158062459
896,heartRateBpm,171.55776629551102
897,speedMps,1.1321077982671794
897,paceSecPerKm,883.3081103501048
897,strokeRateSpm,41.168383414113656
897,distanceM,983.1760760079205
897,activeEnergyKcal,52.12934815168896
897,heartRateBpm,170.60177173850016
898,speedMps,1.1190198946273104
898,paceSecPerKm,893.6391611992296
898,strokeRateSpm,40.49274578805376
898,distanceM,984.2950959025478
898,activeEnergyKcal,52.19011413851709
898,heartRateBpm,171.52579912747134
899,speedMps,1.1304509794634277
899,paceSecPerKm,884.6027100393627
899,strokeRateSpm,39.74464285802057
899,distanceM,985.4255468820112
899,activeEnergyKcal,52.25087954110897
899,heartRateBpm,171.55456449919112
900,speedMps,1.0821540734071546
900,paceSecPerKm,924.0828312474091
900,strokeRateSpm,40.91760750291088
900,distanceM,986.5077009554184
900,activeEnergyKcal,52.311644359464616
900,heartRateBpm,171.84765189621737
901,speedMps,1.1387027451494722
901,paceSecPerKm,878.1923151232367
901,strokeRateSpm,39.23970191778716
901,distanceM,987.6464037005678
901,activeEnergyKcal,52.37216138884149
901,heartRateBpm,171.7724236874584
902,speedMps,1.1724496610204895
902,paceSecPerKm,852.9150830489465
902,strokeRateSpm,40.46111729002364
902,distanceM,988.8188533615883
902,activeEnergyKcal,52.43243069036167
902,heartRateBpm,169.40775486418124
903,speedMps,1.125895924074238
903,paceSecPerKm,888.1815615615135
903,strokeRateSpm,40.29708083188959
903,distanceM,989.9447492856625
903,activeEnergyKcal,52.49245232415858
904,speedMps,1.1538583232517041
904,paceSecPerKm,866.6575261873452
904,strokeRateSpm,39.457875910767015
904,distanceM,991.0986076089142
904,activeEnergyKcal,52.552226349377
904,heartRateBpm,171.49345328838186
905,speedMps,1.0648592734614613
905,paceSecPerKm,939.0912254061253
905,strokeRateSpm,40.336874838442974
905,distanceM,992.1634668823757
905,activeEnergyKcal,52.6117528241731
905,heartRateBpm,171.88880409082222
906,speedMps,1.1277141469894487
906,paceSecPerKm,886.7495390295537
906,strokeRateSpm,40.122570396627886
906,distanceM,993.2911810293651
906,activeEnergyKcal,52.67103180571439
906,heartRateBpm,169.9725108225346
907,speedMps,1.0955596231357723
907,paceSecPerKm,912.7755157110882
907,strokeRateSpm,40.06898623035387
907,distanceM,994.3867406525009
907,activeEnergyKcal,52.73006335017975
907,heartRateBpm,169.91823336407913
908,speedMps,1.129200279633934
908,paceSecPerKm,885.5824941206902
908,strokeRateSpm,39.54289907056725
908,distanceM,995.5159409321348
908,activeEnergyKcal,52.78884751275942
908,heartRateBpm,168.81609831636032
909,speedMps,1.0958227747136695
909,paceSecPerKm,912.5563212183582
909,strokeRateSpm,39.8605629112964
909,distanceM,996.6117637068485
909,activeEnergyKcal,52.847384347655
909,heartRateBpm,169.0598386215073
910,speedMps,1.1460902613906097
910,paceSecPerKm,872.531626598632
910,strokeRateSpm,39.26747829090777
910,distanceM,997.757853968239
910,activeEnergyKcal,52.90567390807947
911,speedMps,1.1301676331907438
911,paceSecPerKm,884.8244903074703
911,strokeRateSpm,39.72135408666606
911,distanceM,998.8880216014297
911,activeEnergyKcal,52.96371623397039
911,heartRateBpm,170.35565984709285
912,speedMps,1.1074404465005994
912,paceSecPerKm,902.9830932759406
912,strokeRateSpm,39.53738820195904
912,distanceM,999.9954620479303
912,activeEnergyKcal,53.0215113509456
912,heartRateBpm,171.88592644870755
913,speedMps,1.0310399569948778
913,paceSecPerKm,969.8945159357854
913,strokeRateSpm,39.00587574327312
913,distanceM,1001.0265020049252
913,activeEnergyKcal,53.07905928412865
913,heartRateBpm,171.5296592395694
914,speedMps,1.1007697062511372
914,paceSecPerKm,908.4552330256926
914,strokeRateSpm,39.8749232598221
914,distanceM,1002.1272717111764
914,activeEnergyKcal,53.136360058148725
914,heartRateBpm,171.69630110482302
915,speedMps,1.0629306406288477
915,paceSecPerKm,940.7951580061547
915,strokeRateSpm,41.087149960009235
915,distanceM,1003.1902023518052
915,activeEnergyKcal,53.19341369714073
915,heartRateBpm,170.91298635449198
916,speedMps,1.0865985456562866
916,paceSecPerKm,920.3030907758279
916,strokeRateSpm,39.19179703233365
916,distanceM,1004.2768008974615
916,activeEnergyKcal,53.25022022474523
916,heartRateBpm,170.8398642142762
917,speedMps,1.0403010788388825
917,paceSecPerKm,961.260177790199
917,strokeRateSpm,40.46017661697926
917,distanceM,1005.3171019763004
917,activeEnergyKcal,53.306779664108475
917,heartRateBpm,169.23299639802545
918,speedMps,1.0544281479185387
918,paceSecPerKm,948.3813591035284
918,strokeRateSpm,39.74446949337513
918,distanceM,1006.3715301242189
918,activeEnergyKcal,53.36309203788241
919,speedMps,1.0084972655143916
919,paceSecPerKm,991.5743296437621
919,strokeRateSpm,39.21789294116005
919,distanceM,1007.3800273897333
919,activeEnergyKcal,53.419157368224646
919,heartRateBpm,167.88681518503333
920,speedMps,1.1056511200846324
920,paceSecPerKm,904.4444326375346
920,strokeRateSpm,40.37042983027164
920,distanceM,1008.485678509818
920,activeEnergyKcal,53.47497567679848
920,heartRateBpm,167.30179648584178
921,speedMps,0.997830265357978
921,paceSecPerKm,1002.1744526272147
921,strokeRateSpm,40.449585851214664
921,distanceM,1009.4835087751759
921,activeEnergyKcal,53.53054698477289
921,heartRateBpm,168.61291895108266
922,speedMps,1.0829499181414266
922,paceSecPerKm,923.4037357112632
922,strokeRateSpm,38.351390794923965
922,distanceM,1010.5664586933174
922,activeEnergyKcal,53.58587131282254
922,heartRateBpm,167.72216544822996
923,speedMps,1.0942628599465876
923,paceSecPerKm,913.8572061641673
923,strokeRateSpm,38.295909174844084
923,distanceM,1011.660721553264
923,activeEnergyKcal,53.64094868112777
923,heartRateBpm,166.55543946622993
924,speedMps,1.0900880708695175
924,paceSecPerKm,917.3570711606283
924,strokeRateSpm,38.18133962069478
924,distanceM,1012.7508096241336
924,activeEnergyKcal,53.69577910937459
924,heartRateBpm,167.8129196295993
925,speedMps,1.008478414324949
925,paceSecPerKm,991.5928648501374
925,strokeRateSpm,38.496901931459675
925,distanceM,1013.7592880384585
925,activeEnergyKcal,53.75036261675472
925,heartRateBpm,166.97801075264047
926,speedMps,1.052051615932413
926,paceSecPerKm,950.523705164142
926,strokeRateSpm,37.599232968184275
926,distanceM,1014.811339654391
926,activeEnergyKcal,53.80469922196554
926,heartRateBpm,165.971926999641
927,speedMps,1.0597661939713765
927,paceSecPerKm,943.6043588563548
927,strokeRateSpm,39.088891188591205
927,distanceM,1015.8711058483624
927,activeEnergyKcal,53.85878894321012
927,heartRateBpm,164.58852929272192
928,speedMps,1.040957901747763
928,paceSecPerKm,960.6536424969781
928,strokeRateSpm,38.28278931481952
928,distanceM,1016.9120637501102
928,activeEnergyKcal,53.91263179819721
928,heartRateBpm,162.43629931446648
929,speedMps,1.0547040099768052
929,paceSecPerKm,948.133306160457
929,strokeRateSpm,39.325640596140964
929,distanceM,1017.966767760087
929,activeEnergyKcal,53.96622780414123
929,heartRateBpm,160.96429870816655
930,speedMps,1.0547249778821388
930,paceSecPerKm,948.1144572948057
930,strokeRateSpm,40.23944927731552
930,distanceM,1019.0214927379692
930,activeEnergyKcal,54.019576977762306
931,speedMps,1.0184371512438144
931,paceSecPerKm,981.896623447704
931,strokeRateSpm,38.17797049051113
931,distanceM,1020.039929889213
931,activeEnergyKcal,54.07267933528622
931,heartRateBpm,160.158844418851
932,speedMps,1.0636029646177347
932,paceSecPerKm,940.2004632051829
932,strokeRateSpm,38.5191427650919
932,distanceM,1021.1035328538308
932,activeEnergyKcal,54.12553489244444
932,heartRateBpm,159.74437495094102
933,speedMps,1.0328289819278127
933,paceSecPerKm,968.2145035603704
933,strokeRateSpm,37.968198054692984
933,distanceM,1022.1363618357585
933,activeEnergyKcal,54.178143664474135
933,heartRateBpm,158.77925495046313
934,speedMps,0.989968502079075
934,paceSecPerKm,1010.133148579836
934,strokeRateSpm,37.574317037301014
934,distanceM,1023.1263303378375
934,activeEnergyKcal,54.23050566611813
934,heartRateBpm,159.36785073191405
935,speedMps,1.0192546369000082
935,paceSecPerKm,981.109100510379
935,strokeRateSpm,39.17179921561616
935,distanceM,1024.1455849747376
935,activeEnergyKcal,54.282620911624946
935,heartRateBpm,159.75510101222827
936,speedMps,0.9640138644950416
936,paceSecPerKm,1037.3294792018455
936,strokeRateSpm,38.60096662565757
936,distanceM,1025.1095988392326
936,activeEnergyKcal,54.33448941474878
936,heartRateBpm,158.6005453565319
937,speedMps,1.0089756105934606
937,paceSecPerKm,991.1042343350783
937,strokeRateSpm,38.445845289576354
937,distanceM,1026.1185744498262
937,activeEnergyKcal,54.386111188749524
938,speedMps,1.02658700630969
938,paceSecPerKm,974.1015557899342
938,strokeRateSpm,37.606579341757765
938,distanceM,1027.1451614561358
938,activeEnergyKcal,54.43748624639273
938,heartRateBpm,155.77927765562262
939,speedMps,1.0180032496981024
939,paceSecPerKm,982.315135336315
939,strokeRateSpm,37.26922059382878
939,distanceM,1028.1631647058339
939,activeEnergyKcal,54.48861459994964
939,heartRateBpm,155.33881253707045
940,speedMps,0.9899712181892263
940,paceSecPerKm,1010.130377152901
940,strokeRateSpm,39.62908035477351
940,distanceM,1029.1531359240232
940,activeEnergyKcal,54.539496261197186
940,heartRateBpm,153.95247884326787
941,speedMps,0.9622975947509707
941,paceSecPerKm,1039.1795692462333
941,strokeRateSpm,38.0451555617501
941,distanceM,1030.1154335187741
941,activeEnergyKcal,54.59013124141797
942,speedMps,0.9846885589917133
942,paceSecPerKm,1015.5495266685795
942,strokeRateSpm,36.396111556171476
942,distanceM,1031.100122077766
942,activeEnergyKcal,54.64051955140028
942,heartRateBpm,152.72866490300137
943,speedMps,1.0365925880504985
943,paceSecPerKm,964.6991610085526
943,strokeRateSpm,37.053837046673735
943,distanceM,1032.1367146658165
943,activeEnergyKcal,54.69066120143808
943,heartRateBpm,151.12751864534513
944,speedMps,0.9888166955628003
944,paceSecPerKm,1011.3097852083035
944,strokeRateSpm,37.7079274221897
944,distanceM,1033.1255313613792
944,activeEnergyKcal,54.740556201331025
944,heartRateBpm,152.98138360866253
945,speedMps,0.9688198601954356
945,paceSecPerKm,1032.1836298837584
945,strokeRateSpm,35.71570823475188
945,distanceM,1034.0943512215747
945,activeEnergyKcal,54.790204560384446
945,heartRateBpm,152.89994239633467
946,speedMps,1.029170871904056
946,paceSecPerKm,971.6559487832304
946,strokeRateSpm,36.55758825736088
946,distanceM,1035.1235220934786
946,activeEnergyKcal,54.83960628740935
946,heartRateBpm,151.2651462453953
947,speedMps,0.978394470610819
947,paceSecPerKm,1022.0826364397711
947,strokeRateSpm,37.218725087679964
947,distanceM,1036.1019165640894
947,activeEnergyKcal,54.88876139072244
947,heartRateBpm,153.5707328589907
948,speedMps,0.9045022840921781
948,paceSecPerKm,1105.5804032641774
948,strokeRateSpm,37.64649094142039
948,distanceM,1037.0064188481815
948,activeEnergyKcal,54.937669878146096
948,heartRateBpm,152.24631539578118
949,speedMps,0.9840669642704896
949,paceSecPerKm,1016.1910076326177
949,strokeRateSpm,36.46438971777084
949,distanceM,1037.990485812452
949,activeEnergyKcal,54.986331757008365
949,heartRateBpm,151.78871627497597
950,speedMps,0.9154903630931431
950,paceSecPerKm,1092.3107880910143
950,strokeRateSpm,37.64243357334602
950,distanceM,1038.9059761755452
950,activeEnergyKcal,55.03474703414299
950,heartRateBpm,150.16621005586703
951,speedMps,1.0000172805915022
951,paceSecPerKm,999.9827197071115
951,strokeRateSpm,35.55349299077596
951,distanceM,1039.9059934561367
951,activeEnergyKcal,55.082915715889385
952,speedMps,0.9739827114314202
952,paceSecPerKm,1026.7122693896108
952,strokeRateSpm,35.31706188180205
952,distanceM,1040.8799761675682
952,activeEnergyKcal,55.13083780809265
952,heartRateBpm,148.58800215975086
953,speedMps,0.9394659822707543
953,paceSecPerKm,1064.4344966945273
953,strokeRateSpm,36.94389130861614
953,distanceM,1041.819442149839
953,activeEnergyKcal,55.178513316103576
953,heartRateBpm,149.2693480392371
954,speedMps,1.005656145095264
954,paceSecPerKm,994.3756669485392
954,strokeRateSpm,36.234848126845336
954,distanceM,1042.8250982949344
954,activeEnergyKcal,55.22594224477862
954,heartRateBpm,148.31855708634106
955,speedMps,0.9503497900293492
955,paceSecPerKm,1052.2441426215473
955,strokeRateSpm,37.498026533740614
955,distanceM,1043.7754480849637
955,activeEnergyKcal,55.27312459847993
955,heartRateBpm,149.19149033723176
956,speedMps,0.9903906433413565
956,paceSecPerKm,1009.7025923288447
956,strokeRateSpm,36.74897130506255
956,distanceM,1044.765838728305
956,activeEnergyKcal,55.320060381075336
956,heartRateBpm,151.16511208577063
957,speedMps,0.9408622794362841
957,paceSecPerKm,1062.8548108009477
957,strokeRateSpm,35.92052541790235
957,distanceM,1045.7067010077412
957,activeEnergyKcal,55.36674959593834
957,heartRateBpm,150.02337886096765
958,speedMps,0.972944743836156
958,paceSecPerKm,1027.8075978468928
958,strokeRateSpm,36.07346696498648
958,distanceM,1046.6796457515775
958,activeEnergyKcal,55.41319224594813
958,heartRateBpm,149.79587946265664
959,speedMps,0.9033360514511755
959,paceSecPerKm,1107.0077391393131
959,strokeRateSpm,35.25721145128868
959,distanceM,1047.5829818030286
959,activeEnergyKcal,55.459388333489585
959,heartRateBpm,146.8179704367661
960,speedMps,0.9089340640402161
960,paceSecPerKm,1100.1898152600809
960,strokeRateSpm,38.044775565316876
960,distanceM,1048.4919158670689
960,activeEnergyKcal,55.50533786045325
960,heartRateBpm,146.9593247568743
961,speedMps,0.932331084084883
961,paceSecPerKm,1072.5803494812537
961,strokeRateSpm,35.399789540454584
961,distanceM,1049.4242469511537
961,activeEnergyKcal,55.551040828235365
961,heartRateBpm,147.71431831053167
962,speedMps,0.9692873972089765
962,paceSecPerKm,1031.6857547920865
962,strokeRateSpm,36.646657117438586
962,distanceM,1050.3935343483627
962,activeEnergyKcal,55.596497237737836
962,heartRateBpm,146.0660729673552
963,speedMps,0.9247206438532161
963,paceSecPerKm,1081.407673384583
963,strokeRateSpm,35.93916704738878
963,distanceM,1051.3182549922158
963,activeEnergyKcal,55.64170708936826
964,speedMps,0.967198436035394
964,paceSecPerKm,1033.9139960761947
964,strokeRateSpm,37.01914886834917
964,distanceM,1052.2854534282512
964,activeEnergyKcal,55.68667038303992
965,speedMps,0.9434576709755963
965,paceSecPerKm,1059.9309653881294
965,strokeRateSpm,37.39666680256022
965,distanceM,1053.228911099227
965,activeEnergyKcal,55.73138711817177
965,heartRateBpm,146.9690766811274
966,speedMps,0.9328082037624179
966,paceSecPerKm,1072.0317381071143
966,strokeRateSpm,35.42316017909227
966,distanceM,1054.1617193029892
966,activeEnergyKcal,55.77585729368845
966,heartRateBpm,146.9964327329173
967,speedMps,0.9251385566020462
967,paceSecPerKm,1080.919169203058
967,strokeRateSpm,36.760522350956684
967,distanceM,1055.0868578595912
967,activeEnergyKcal,55.820080908020294
967,heartRateBpm,148.554428950123
968,speedMps,0.9140398848425625
968,paceSecPerKm,1094.0441621672162
968,strokeRateSpm,36.5916826583881
968,distanceM,1056.0008977444338
968,activeEnergyKcal,55.86405795910329
968,heartRateBpm,147.77522680035304
969,speedMps,0.9030265011347971
969,paceSecPerKm,1107.3872126048796
969,strokeRateSpm,36.44010030584111
969,distanceM,1056.9039242455685
969,activeEnergyKcal,55.90778844437913
969,heartRateBpm,145.35331578195348
970,speedMps,0.8751881554276245
970,paceSecPerKm,1142.611441663526
970,strokeRateSpm,34.26978215921315
970,distanceM,1057.7791124009962
970,activeEnergyKcal,55.95127236079517
970,heartRateBpm,145.04375334670274
971,speedMps,0.8549412905803588
971,paceSecPerKm,1169.6709598868142
971,strokeRateSpm,35.8681968381232
971,distanceM,1058.6340536915766
971,activeEnergyKcal,55.99450970480447
972,speedMps,0.8669816076729258
972,paceSecPerKm,1153.4270060054796
972,strokeRateSpm,33.05462193479762
972,distanceM,1059.5010352992495
972,activeEnergyKcal,56.03750047236575
972,heartRateBpm,146.09097168949953
973,speedMps,0.9171365572690217
973,paceSecPerKm,1090.350168766277
973,strokeRateSpm,35.89258804179057
973,distanceM,1060.4181718565185
973,activeEnergyKcal,56.08024465894342
973,heartRateBpm,144.96521303126846
974,speedMps,0.8787188787052838
974,paceSecPerKm,1138.0203888112812
974,strokeRateSpm,35.18850803240719
974,distanceM,1061.2968907352238
974,activeEnergyKcal,56.122742259507575
974,heartRateBpm,143.45790494257554
975,speedMps,0.8683254285844352
975,paceSecPerKm,1151.641961735733
975,strokeRateSpm,35.83994718883983
975,distanceM,1062.1652161638083
975,activeEnergyKcal,56.16499326853398
975,heartRateBpm,142.9722100951714
976,speedMps,0.881304000630151
976,paceSecPerKm,1134.6822427731847
976,strokeRateSpm,36.09425083511237
976,distanceM,1063.0465201644383
976,activeEnergyKcal,56.2069976800041
976,heartRateBpm,143.48035625977874
977,speedMps,0.898719458826919
977,paceSecPerKm,1112.6942787077078
977,strokeRateSpm,36.29063552095183
977,distanceM,1063.9452396232653
977,activeEnergyKcal,56.24875548740506
977,heartRateBpm,142.9956106131403
978,speedMps,0.9176244453161501
978,paceSecPerKm,1089.7704448746122
978,strokeRateSpm,35.25466602184644
978,distanceM,1064.8628640685813
978,activeEnergyKcal,56.29026668372968
978,heartRateBpm,144.30548303414076
979,speedMps,0.8683968034618903
979,paceSecPerKm,1151.5473065002882
979,strokeRateSpm,34.47663910175679
979,distanceM,1065.731260872043
979,activeEnergyKcal,56.331531261476464
979,heartRateBpm,140.02219660194905
980,speedMps,0.8262222301194253
980,paceSecPerKm,1210.3281218364896
980,strokeRateSpm,34.77926169470487
980,distanceM,1066.5574831021625
980,activeEnergyKcal,56.37254921264958
980,heartRateBpm,139.9965994242501
981,speedMps,0.8230262491310419
981,paceSecPerKm,1215.028076025289
981,strokeRateSpm,34.96897089093006
981,distanceM,1067.3805093512935
981,activeEnergyKcal,56.41356817601199
981,heartRateBpm,139.08350604958852
982,speedMps,0.8601219389870529
982,paceSecPerKm,1162.6258495134753
982,strokeRateSpm,33.14535299868855
982,distanceM,1068.2406312902806
982,activeEnergyKcal,56.4545881515637
982,heartRateBpm,137.31381949356833
983,speedMps,0.8353927878442403
983,paceSecPerKm,1197.0416964940937
983,strokeRateSpm,34.3321792194037
983,distanceM,1069.0760240781249
983,activeEnergyKcal,56.4956091393047
983,heartRateBpm,137.81095488403935
984,speedMps,0.8341507617586041
984,paceSecPerKm,1198.8240565671163
984,strokeRateSpm,34.70971608412186
984,distanceM,1069.9101748398834
984,activeEnergyKcal,56.536631139234984
984,heartRateBpm,138.48603847805654
985,speedMps,0.8845333595864123
985,paceSecPerKm,1130.5396107022773
985,strokeRateSpm,34.53634179487795
985,distanceM,1070.7947081994698
985,activeEnergyKcal,56.577654151354565
985,heartRateBpm,139.40986179649573
986,speedMps,0.9093324735449945
986,paceSecPerKm,1099.7077846582802
986,strokeRateSpm,34.83484739331327
986,distanceM,1071.7040406730148
986,activeEnergyKcal,56.61867817566344
986,heartRateBpm,140.77717402352272
987,speedMps,0.8915369182526754
987,paceSecPerKm,1121.658542149776
987,strokeRateSpm,33.8618399929872
987,distanceM,1072.5955775912676
987,activeEnergyKcal,56.65970321216161
987,heartRateBpm,139.88356736876446
988,speedMps,0.8766568630033955
988,paceSecPerKm,1140.6971669326072
988,strokeRateSpm,34.67535259052436
988,distanceM,1073.4722344542708
988,activeEnergyKcal,56.70072926084907
988,heartRateBpm,139.5972428704496
989,speedMps,0.9221874141117599
989,paceSecPerKm,1084.3782778831223
989,strokeRateSpm,32.88310203574143
989,distanceM,1074.3944218683826
989,activeEnergyKcal,56.74175632172582
989,heartRateBpm,138.27896190233267
990,speedMps,0.9077052666141157
990,paceSecPerKm,1101.67918682477
990,strokeRateSpm,33.93956795321368
990,distanceM,1075.3021271349967
990,activeEnergyKcal,56.78278439479187
990,heartRateBpm,137.53612310764112
991,speedMps,0.9011010022304865
991,paceSecPerKm,1109.753509900344
991,strokeRateSpm,33.60008073277129
991,distanceM,1076.2032281372271
991,activeEnergyKcal,56.82381348004721
991,heartRateBpm,137.55654475687717
992,speedMps,0.8754579276290164
992,paceSecPerKm,1142.2593461553065
992,strokeRateSpm,34.84495684818255
992,distanceM,1077.0786860648561
992,activeEnergyKcal,56.86484357749184
992,heartRateBpm,136.76749053487464
993,speedMps,0.9487680902586086
993,paceSecPerKm,1053.998348244856
993,strokeRateSpm,34.21087836152973
993,distanceM,1078.0274541551148
993,activeEnergyKcal,56.90587468712576
993,heartRateBpm,135.28660225730798
994,speedMps,0.9150838729066822
994,paceSecPerKm,1092.796004396394
994,strokeRateSpm,35.12727311740697
994,distanceM,1078.9425380280215
994,activeEnergyKcal,56.946906808948974
995,speedMps,0.8843606088835767
995,paceSecPerKm,1130.7604499282338
995,strokeRateSpm,33.35610266370203
995,distanceM,1079.826898636905
995,activeEnergyKcal,56.98793994296148
996,speedMps,1.12997247743171
996,paceSecPerKm,884.9773069454562
996,strokeRateSpm,41.05513933533663
996,distanceM,1080.9568711143368
996,activeEnergyKcal,57.048798246419096
996,heartRateBpm,139.15615962381992
997,speedMps,1.164991262400596
997,paceSecPerKm,858.375536602212
997,strokeRateSpm,41.54538747530562
997,distanceM,1082.1218623767375
997,activeEnergyKcal,57.10965596564047
997,heartRateBpm,138.09527159923294
998,speedMps,1.1880323011779377
998,paceSecPerKm,841.7279555517952
998,strokeRateSpm,41.988461286586976
998,distanceM,1083.3098946779153
998,activeEnergyKcal,57.1705131006256
998,heartRateBpm,139.57763428011296
999,speedMps,1.122694902208766
999,paceSecPerKm,890.7139402099549
999,strokeRateSpm,39.72826120108779
999,distanceM,1084.4325895801242
999,activeEnergyKcal,57.231369651374486
999,heartRateBpm,139.18721886493688
1000,speedMps,1.1592129369797715
1000,paceSecPerKm,862.6542786913792
1000,strokeRateSpm,40.937845583302234
1000,distanceM,1085.591802517104
1000,activeEnergyKcal,57.29222561788713
1000,heartRateBpm,138.2148583688441
1001,speedMps,1.1292497691781584
1001,paceSecPerKm,885.5436833321442
1001,strokeRateSpm,42.76034136907797
1001,distanceM,1086.7210522862822
1001,activeEnergyKcal,57.35308100016352
1001,heartRateBpm,139.58898381142362
1002,speedMps,1.1307756661290838
1002,paceSecPerKm,884.348708549097
1002,strokeRateSpm,39.24305046016152
1002,distanceM,1087.8518279524112
1002,activeEnergyKcal,57.413935798203674
1002,heartRateBpm,140.22374477239657
1003,speedMps,1.1431960073567462
1003,paceSecPerKm,874.7406337712476
1003,strokeRateSpm,39.537710573364365
1003,distanceM,1088.9950239597679
1003,activeEnergyKcal,57.47479001200758
1003,heartRateBpm,141.0980681643312
1004,speedMps,1.1659116398484273
1004,paceSecPerKm,857.6979299477648
1004,strokeRateSpm,40.82317532574138
1004,distanceM,1090.1609355996163
1004,activeEnergyKcal,57.53564364157525
1004,heartRateBpm,143.96963756936154
1005,speedMps,1.1132741071553787
1005,paceSecPerKm,898.2513772418412
1005,strokeRateSpm,40.5616921707245
1005,distanceM,1091.2742097067717
1005,activeEnergyKcal,57.59649668690667
1005,heartRateBpm,144.69143619686488
1006,speedMps,1.1243524910545315
1006,paceSecPerKm,889.4007955299667
1006,strokeRateSpm,41.38696169222633
1006,distanceM,1092.398562197826
1006,activeEnergyKcal,57.65734914800185
1007,speedMps,1.1148889009627707
1007,paceSecPerKm,896.9503590325838
1007,strokeRateSpm,40.36989407629107
1007,distanceM,1093.513451098789
1007,activeEnergyKcal,57.71820102486078
1007,heartRateBpm,145.04529909603983
1008,speedMps,1.1617757197553344
1008,paceSecPerKm,860.7513334936938
1008,strokeRateSpm,38.83260300576581
1008,distanceM,1094.6752268185442
1008,activeEnergyKcal,57.77905231748347
1008,heartRateBpm,147.17330528210138
1009,speedMps,1.172163434715226
1009,paceSecPerKm,853.123353265961
1009,strokeRateSpm,42.2134917793789
1009,distanceM,1095.8473902532594
1009,activeEnergyKcal,57.839903025869916
1009,heartRateBpm,149.5977418479973
1010,speedMps,1.1521142697261026
1010,paceSecPerKm,867.9694595204819
1010,strokeRateSpm,42.622117032022274
1010,distanceM,1096.9995045229855
1010,activeEnergyKcal,57.900753150020115
1011,speedMps,1.1267656576494591
1011,paceSecPerKm,887.4959874851844
1011,strokeRateSpm,40.82070317670304
1011,distanceM,1098.126270180635
1011,activeEnergyKcal,57.961602689934075
1011,heartRateBpm,153.82614405208992
1012,speedMps,1.1107413444252605
1012,paceSecPerKm,900.2996107229967
1012,strokeRateSpm,40.806303137423434
1012,distanceM,1099.23701152506
1012,activeEnergyKcal,58.02245164561179
1012,heartRateBpm,155.07574666173008
1013,speedMps,1.1398332517653877
1013,paceSecPerKm,877.321308578415
1013,strokeRateSpm,42.334847386499106
1013,distanceM,1100.3768447768255
1013,activeEnergyKcal,58.08330001705326
1013,heartRateBpm,155.32586182541303
1014,speedMps,1.103907789729444
1014,paceSecPerKm,905.8727633809789
1014,strokeRateSpm,41.00196084398653
1014,distanceM,1101.4807525665549
1014,activeEnergyKcal,58.14414780425849
1014,heartRateBpm,155.54305314814758
1015,speedMps,1.1670255112850323
1015,paceSecPerKm,856.8792972647893
1015,strokeRateSpm,40.27798345602355
1015,distanceM,1102.6477780778398
1015,activeEnergyKcal,58.20499500722747
1015,heartRateBpm,155.47555812461076
1016,speedMps,1.1578960998808927
1016,paceSecPerKm,863.6353469908615
1016,strokeRateSpm,41.5186989985928
1016,distanceM,1103.8056741777207
1016,activeEnergyKcal,58.265841625960206
1016,heartRateBpm,157.04412992199713
1017,speedMps,1.172405194059337
1017,paceSecPerKm,852.9474323954494
1017,strokeRateSpm,41.634869975021104
1017,distanceM,1104.97807937178
1017,activeEnergyKcal,58.3266876604567
1017,heartRateBpm,158.75067862974464
1018,speedMps,1.1796040299834685
1018,paceSecPerKm,847.7421020798093
1018,strokeRateSpm,41.33176702434118
1018,distanceM,1106.1576834017635
1018,activeEnergyKcal,58.38753311071695
1018,heartRateBpm,157.56049456726126
1019,speedMps,1.1108399382666714
1019,paceSecPerKm,900.2197036238872
1019,strokeRateSpm,41.14903986989985
1019,distanceM,1107.2685233400302
1019,activeEnergyKcal,58.44837797674096
1020,speedMps,1.1227464516918333
1020,paceSecPerKm,890.6730442061337
1020,strokeRateSpm,40.621122825956455
1020,distanceM,1108.3912697917222
1020,activeEnergyKcal,58.50922225852872
1020,heartRateBpm,162.2602032268244
1021,speedMps,1.1464074063220964
1021,paceSecPerKm,872.2902473285649
1021,strokeRateSpm,41.556412643292745
1021,distanceM,1109.5376771980443
1021,activeEnergyKcal,58.57006595608024
1022,speedMps,1.1427647210005836
1022,paceSecPerKm,875.0707662067293
1022,strokeRateSpm,41.01210427675288
1022,distanceM,1110.6804419190448
1022,activeEnergyKcal,58.630909069395514
1023,speedMps,1.0746201045716395
1023,paceSecPerKm,930.5614102563396
1023,strokeRateSpm,41.277899071049575
1023,distanceM,1111.7550620236166
1023,activeEnergyKcal,58.691751598474546
1024,speedMps,1.1147566650431513
1024,paceSecPerKm,897.056758087462
1024,strokeRateSpm,41.985131222768466
1024,distanceM,1112.8698186886597
1024,activeEnergyKcal,58.75259354331733
1025,speedMps,1.1268941643550692
1025,paceSecPerKm,887.3947808331302
1025,strokeRateSpm,39.7659649797274
1025,distanceM,1113.9967128530147
1025,activeEnergyKcal,58.81343490392388
1026,speedMps,1.1184138305074232
1026,paceSecPerKm,894.1234207970239
1026,strokeRateSpm,40.67318210833693
1026,distanceM,1115.1151266835222
1026,activeEnergyKcal,58.874275680294176
1027,speedMps,1.1871386214844415
1027,paceSecPerKm,842.3616095899259
1027,strokeRateSpm,40.13450430065274
1027,distanceM,1116.3022653050066
1027,activeEnergyKcal,58.935115872428234
1028,speedMps,1.0852224391416614
1028,paceSecPerKm,921.4700727999444
1028,strokeRateSpm,40.729495590833885
1028,distanceM,1117.3874877441483
1028,activeEnergyKcal,58.995955480326046
1029,speedMps,1.14356744316005
1029,paceSecPerKm,874.4565141140025
1029,strokeRateSpm,40.315182889104555
1029,distanceM,1118.5310551873083
1029,activeEnergyKcal,59.05679450398761
1030,speedMps,1.1326312854098466
1030,paceSecPerKm,882.8998570687958
1030,strokeRateSpm,40.44331353695558
1030,distanceM,1119.6636864727182
1030,activeEnergyKcal,59.117632943412936
1031,speedMps,1.1285561361314138
1031,paceSecPerKm,886.0879560922043
1031,strokeRateSpm,40.80950124996629
1031,distanceM,1120.7922426088496
1031,activeEnergyKcal,59.178470798602014
1032,speedMps,1.0861774380885474
1032,paceSecPerKm,920.65988938216
1032,strokeRateSpm,41.74326064656957
1032,distanceM,1121.8784200469381
1032,activeEnergyKcal,59.23930806955485
1033,speedMps,1.1188454945754402
1033,paceSecPerKm,893.7784572117907
1033,strokeRateSpm,40.23999232593271
1033,distanceM,1122.9972655415136
1033,activeEnergyKcal,59.30014475627144
1034,speedMps,1.1528102931420965
1034,paceSecPerKm,867.4454122667511
1034,strokeRateSpm,41.669069332525936
1034,distanceM,1124.1500758346556
1034,activeEnergyKcal,59.360980858751795
1035,speedMps,1.0839549092609073
1035,paceSecPerKm,922.5475999567622
1035,strokeRateSpm,39.866059920109095
1035,distanceM,1125.2340307439165
1035,activeEnergyKcal,59.4218163769959
1036,speedMps,1.145493368377392
1036,paceSecPerKm,872.9862848673795
1036,strokeRateSpm,39.84568599530506
1036,distanceM,1126.379524112294
1036,activeEnergyKcal,59.48265131100376
1037,speedMps,1.1271684938996283
1037,paceSecPerKm,887.1788072609556
1037,strokeRateSpm,40.759003293896384
1037,distanceM,1127.5066926061936
1037,activeEnergyKcal,59.543485660775374
1038,speedMps,1.1241182672429018
1038,paceSecPerKm,889.586113081034
1038,strokeRateSpm,40.01758455342435
1038,distanceM,1128.6308108734365
1038,activeEnergyKcal,59.604319426310745
1039,speedMps,1.0931315236969752
1039,paceSecPerKm,914.8030024950666
1039,strokeRateSpm,40.74022854669624
1039,distanceM,1129.7239423971334
1039,activeEnergyKcal,59.665152607609876
1040,speedMps,1.1234853262342193
1040,paceSecPerKm,890.087281648683
1040,strokeRateSpm,41.81192606937571
1040,distanceM,1130.8474277233677
1040,activeEnergyKcal,59.72598520467276
1041,speedMps,1.1593866064696923
1041,paceSecPerKm,862.5250580088888
1041,strokeRateSpm,40.834271240135685
1041,distanceM,1132.0068143298374
1041,activeEnergyKcal,59.786817217499404
1042,speedMps,1.1369635854282818
1042,paceSecPerKm,879.5356446031742
1042,strokeRateSpm,40.056464055563524
1042,distanceM,1133.1437779152657
1042,activeEnergyKcal,59.8476486460898
1043,speedMps,1.121026750045622
1043,paceSecPerKm,892.039373689614
1043,strokeRateSpm,40.25158809734555
1043,distanceM,1134.2648046653112
1043,activeEnergyKcal,59.90847949044395
1044,speedMps,1.1448628923500996
1044,paceSecPerKm,873.4670384392191
1044,strokeRateSpm,40.63024799912813
1044,distanceM,1135.4096675576614
1044,activeEnergyKcal,59.96930975056186
1045,speedMps,1.127974371672176
1045,paceSecPerKm,886.5449651285435
1045,strokeRateSpm,41.19412863880351
1045,distanceM,1136.5376419293336
1045,activeEnergyKcal,60.030139426443526
1046,speedMps,1.1477514002083211
1046,paceSecPerKm,871.2688129315253
1046,strokeRateSpm,39.776299940525384
1046,distanceM,1137.685393329542
1046,activeEnergyKcal,60.09096851808895
1046,heartRateBpm,159.78378036941066
1047,speedMps,1.1444044179152892
1047,paceSecPerKm,873.8169691984025
1047,strokeRateSpm,40.839500303166034
1047,distanceM,1138.8297977474572
1047,activeEnergyKcal,60.15179702549813
1048,speedMps,1.1681332538425302
1048,paceSecPerKm,856.0667173120343
1048,strokeRateSpm,39.46193290180766
1048,distanceM,1139.9979310012998
1048,activeEnergyKcal,60.21262494867106
1049,speedMps,1.1674810090708834
1049,paceSecPerKm,856.5449820856874
1049,strokeRateSpm,39.970244986580866
1049,distanceM,1141.1654120103706
1049,activeEnergyKcal,60.27345228760775
1050,speedMps,1.1492885962242296
1050,paceSecPerKm,870.1034738231206
1050,strokeRateSpm,39.93978209512031
1050,distanceM,1142.314700606595
1050,activeEnergyKcal,60.3342790423082
1051,speedMps,1.0927652544940205
1051,paceSecPerKm,915.1096229382098
1051,strokeRateSpm,41.03732600333356
1051,distanceM,1143.407465861089
1051,activeEnergyKcal,60.3951052127724
1052,speedMps,1.1726345511182616
1052,paceSecPerKm,852.780603340033
1052,strokeRateSpm,40.26922487316882
1052,distanceM,1144.5801004122072
1052,activeEnergyKcal,60.455930799000356
1053,speedMps,1.103235340672548
1053,paceSecPerKm,906.4249150959811
1053,strokeRateSpm,41.17992611654878
1053,distanceM,1145.6833357528799
1053,activeEnergyKcal,60.51675580099207
1054,speedMps,1.1044015033866708
1054,paceSecPerKm,905.4678003728524
1054,strokeRateSpm,40.357964208730394
1054,distanceM,1146.7877372562666
1054,activeEnergyKcal,60.57758021874754
1055,speedMps,1.1042402618996277
1055,paceSecPerKm,905.6000170467405
1055,strokeRateSpm,39.61880814122958
1055,distanceM,1147.8919775181662
1055,activeEnergyKcal,60.63840405226677
1056,speedMps,1.0918708530796803
1056,paceSecPerKm,915.8592311347503
1056,strokeRateSpm,41.2075088135061
1056,distanceM,1148.9838483712458
1056,activeEnergyKcal,60.699227301549755
1057,speedMps,1.147441432219424
1057,paceSecPerKm,871.5041760918139
1057,strokeRateSpm,41.04947871993596
1057,distanceM,1150.1312898034653
1057,activeEnergyKcal,60.76004996659649
1058,speedMps,1.1452070377255075
1058,paceSecPerKm,873.2045534631862
1058,strokeRateSpm,40.77251407043511
1058,distanceM,1151.2764968411907
1058,activeEnergyKcal,60.820872047406986
1059,speedMps,1.1284663596637128
1059,paceSecPerKm,886.158449861105
1059,strokeRateSpm,41.107845424578045
1059,distanceM,1152.4049632008544
1059,activeEnergyKcal,60.881693543981235
1060,speedMps,1.121222113735146
1060,paceSecPerKm,891.8839431989825
1060,strokeRateSpm,39.53398883070576
1060,distanceM,1153.5261853145896
1060,activeEnergyKcal,60.942514456319245
1061,speedMps,1.1811256051347954
1061,paceSecPerKm,846.6500054292494
1061,strokeRateSpm,41.83164733002896
1061,distanceM,1154.7073109197245
1061,activeEnergyKcal,61.00333478442101
1062,speedMps,1.075000079228087
1062,paceSecPerKm,930.2324895808925
1062,strokeRateSpm,40.49410554283273
1062,distanceM,1155.7823109989527
1062,activeEnergyKcal,61.06415452828653
1063,speedMps,1.1177285808075168
1063,paceSecPerKm,894.6715841135042
1063,strokeRateSpm,40.98476107869612
1063,distanceM,1156.9000395797602
1063,activeEnergyKcal,61.124973687915805
1064,speedMps,1.1702338537654327
1064,paceSecPerKm,854.5300554947412
1064,strokeRateSpm,39.74300985843548
1064,distanceM,1158.0702734335257
1064,activeEnergyKcal,61.185792263308834
1065,speedMps,1.1259814840479212
1065,paceSecPerKm,888.1140712944801
1065,strokeRateSpm,40.225612543655785
1065,distanceM,1159.1962549175737
1065,activeEnergyKcal,61.24661025446562
1066,speedMps,1.1359546108434093
1066,paceSecPerKm,880.3168634154604
1066,strokeRateSpm,39.805376780226666
1066,distanceM,1160.332209528417
1066,activeEnergyKcal,61.307427661386164
1067,speedMps,1.1411307759655194
1067,paceSecPerKm,876.3237492686957
1067,strokeRateSpm,39.742272429430045
1067,distanceM,1161.4733403043826
1067,activeEnergyKcal,61.368244484070466
1068,speedMps,1.1312920437112322
1068,paceSecPerKm,883.9450481057701
1068,strokeRateSpm,41.51101457576192
1068,distanceM,1162.604632348094
1068,activeEnergyKcal,61.42906072251852
1069,speedMps,1.1759687321397885
1069,paceSecPerKm,850.3627457682516
1069,strokeRateSpm,39.666108993873685
1069,distanceM,1163.7806010802337
1069,activeEnergyKcal,61.48987637673034
1070,speedMps,1.1668237857519916
1070,paceSecPerKm,857.027438256688
1070,strokeRateSpm,40.86657595527802
1070,distanceM,1164.9474248659858
1070,activeEnergyKcal,61.550691446705905
1071,speedMps,1.1220487434621593
1071,paceSecPerKm,891.2268792480713
1071,strokeRateSpm,39.081081508997556
1071,distanceM,1166.0694736094479
1071,activeEnergyKcal,61.611505932445226
1072,speedMps,1.1222972515192693
1072,paceSecPerKm,891.0295366457382
1072,strokeRateSpm,40.69193251658271
1072,distanceM,1167.1917708609672
1072,activeEnergyKcal,61.67231983394831
1073,speedMps,1.1255841019419763
1073,paceSecPerKm,888.4276157371934
1073,strokeRateSpm,39.47517106693227
1073,distanceM,1168.3173549629091
1073,activeEnergyKcal,61.73313315121514
1074,speedMps,1.1071816673596908
1074,paceSecPerKm,903.1941455323333
1074,strokeRateSpm,40.725218710102666
1074,distanceM,1169.424536630269
1074,activeEnergyKcal,61.79394588424574
1075,speedMps,1.131763110610191
1075,paceSecPerKm,883.5771290167331
1075,strokeRateSpm,41.533816711822304
1075,distanceM,1170.556299740879
1075,activeEnergyKcal,61.854758033040085
1076,speedMps,1.1032001195103829
1076,paceSecPerKm,906.4538539424881
1076,strokeRateSpm,40.84460572370671
1076,distanceM,1171.6594998603894
1076,activeEnergyKcal,61.91556959759819
1077,speedMps,1.1103677734961068
1077,paceSecPerKm,900.6025065473555
1077,strokeRateSpm,40.72378176166178
1077,distanceM,1172.7698676338855
1077,activeEnergyKcal,61.976380577920054
1078,speedMps,1.1156314011910147
1078,paceSecPerKm,896.3534003546602
1078,strokeRateSpm,40.321732618476254
1078,distanceM,1173.8854990350765
1078,activeEnergyKcal,62.03719097400567
1079,speedMps,1.1126959936151049
1079,paceSecPerKm,898.7180737040671
1079,strokeRateSpm,41.98009161200552
1079,distanceM,1174.9981950286915
1079,activeEnergyKcal,62.09800078585504
1080,speedMps,1.1298556537706916
1080,paceSecPerKm,885.0688109252527
1080,strokeRateSpm,41.53753824633751
1080,distanceM,1176.1280506824621
1080,activeEnergyKcal,62.15881001346817
1080,heartRateBpm,172.34004656022586
1081,speedMps,1.157732969675788
1081,paceSecPerKm,863.7570374108292
1081,strokeRateSpm,39.04013948615299
1081,distanceM,1177.285783652138
1081,activeEnergyKcal,62.21961865684506
1081,heartRateBpm,173.3993726260846
1082,speedMps,1.1102098531065476
1082,paceSecPerKm,900.730611606299
1082,strokeRateSpm,41.103088319109396
1082,distanceM,1178.3959935052446
1082,activeEnergyKcal,62.2804267159857
1082,heartRateBpm,172.28530844748272
1083,speedMps,1.1587253511350306
1083,paceSecPerKm,863.0172793064802
1083,strokeRateSpm,39.70727505460757
1083,distanceM,1179.5547188563796
1083,activeEnergyKcal,62.3412341908901
1083,heartRateBpm,172.46877060671594
1084,speedMps,1.1107335180105427
1084,paceSecPerKm,900.3059543850989
1084,strokeRateSpm,41.687520802192815
1084,distanceM,1180.6654523743903
1084,activeEnergyKcal,62.40204108155825
1084,heartRateBpm,174.30831301007186
1085,speedMps,1.125558145326826
1085,paceSecPerKm,888.4481038601805
1085,strokeRateSpm,41.899605819235255
1085,distanceM,1181.791010519717
1085,activeEnergyKcal,62.46284738799016
1085,heartRateBpm,172.32541018512862
1086,speedMps,1.1158044416669763
1086,paceSecPerKm,896.2143926457505
1086,strokeRateSpm,42.06413632933874
1086,distanceM,1182.906814961384
1086,activeEnergyKcal,62.523653110185826
1086,heartRateBpm,173.38743018882866
1087,speedMps,1.1419593011602167
1087,paceSecPerKm,875.6879505110315
1087,strokeRateSpm,41.42231877888452
1087,distanceM,1184.0487742625442
1087,activeEnergyKcal,62.584458248145246
1087,heartRateBpm,173.6687094015467
1088,speedMps,1.1706086647291845
1088,paceSecPerKm,854.2564480601602
1088,strokeRateSpm,39.5965340821916
1088,distanceM,1185.2193829272733
1088,activeEnergyKcal,62.64526280186843
1088,heartRateBpm,175.36862781310876
1089,speedMps,1.1612840051588538
1089,paceSecPerKm,861.1157955828459
1089,strokeRateSpm,42.177192023036255
1089,distanceM,1186.3806669324322
1089,activeEnergyKcal,62.70606677135536
1089,heartRateBpm,176.30388700328038
1090,speedMps,1.1087360357025622
1090,paceSecPerKm,901.9279321667755
1090,strokeRateSpm,41.05486578749537
1090,distanceM,1187.4894029681348
1090,activeEnergyKcal,62.76687015660605
1090,heartRateBpm,174.2585146182552
1091,speedMps,1.1090356534568773
1091,paceSecPerKm,901.6842667618378
1091,strokeRateSpm,39.36229734876252
1091,distanceM,1188.5984386215916
1091,activeEnergyKcal,62.8276729576205
1091,heartRateBpm,172.2542776744321
1092,speedMps,1.1706338366758922
1092,paceSecPerKm,854.2380791243652
1092,strokeRateSpm,40.44094238252458
1092,distanceM,1189.7690724582676
1092,activeEnergyKcal,62.8884751743987
1092,heartRateBpm,172.37329203544067
1093,speedMps,1.1055482420476406
1093,paceSecPerKm,904.5285967330115
1093,strokeRateSpm,41.23506842332448
1093,distanceM,1190.8746207003153
1093,activeEnergyKcal,62.94927680694066
1093,heartRateBpm,172.17997546692413
1094,speedMps,1.1229588956722671
1094,paceSecPerKm,890.5045446043179
1094,strokeRateSpm,41.78509900433539
1094,distanceM,1191.9975795959876
1094,activeEnergyKcal,63.01007785524637
1094,heartRateBpm,172.19657186093414
1095,speedMps,1.0968755131008108
1095,paceSecPerKm,911.6804852111716
1095,strokeRateSpm,41.918718328480644
1095,distanceM,1193.0944551090884
1095,activeEnergyKcal,63.070878319315845
1095,heartRateBpm,169.65811203422103
1096,speedMps,1.1268828205112325
1096,paceSecPerKm,887.4037138540549
1096,strokeRateSpm,40.572791334214756
1096,distanceM,1194.2213379295995
1096,activeEnergyKcal,63.13167819914907
1096,heartRateBpm,171.24187523944605
1097,speedMps,1.1005563607444016
1097,paceSecPerKm,908.6313392651816
1097,strokeRateSpm,40.09994642043084
1097,distanceM,1195.3218942903438
1097,activeEnergyKcal,63.19247749474606
1097,heartRateBpm,170.38663486115377
1098,speedMps,1.1389080135050729
1098,paceSecPerKm,878.0340362365409
1098,strokeRateSpm,40.204863567541274
1098,distanceM,1196.4608023038488
1098,activeEnergyKcal,63.2532762061068
1098,heartRateBpm,168.411821390959
1099,speedMps,1.1428819024208523
1099,paceSecPerKm,874.9810438697123
1099,strokeRateSpm,41.51197355881345
1099,distanceM,1197.6036842062697
1099,activeEnergyKcal,63.31407433323129
1100,speedMps,1.1544740503041613
1100,paceSecPerKm,866.195303165573
1100,strokeRateSpm,41.33197696488305
1100,distanceM,1198.7581582565738
1100,activeEnergyKcal,63.37487187611954
1100,heartRateBpm,169.2817690348937
1101,speedMps,1.1023294186801413
1101,paceSecPerKm,907.1698378487766
1101,strokeRateSpm,41.30880596377021
1101,distanceM,1199.8604876752538
1101,activeEnergyKcal,63.43566883477155
1102,speedMps,1.178528009454345
1102,paceSecPerKm,848.5161082111209
1102,strokeRateSpm,40.21529907627471
1102,distanceM,1201.0390156847081
1102,activeEnergyKcal,63.49646520918731
1102,heartRateBpm,165.8239952105019
1103,speedMps,1.1196452600267088
1103,paceSecPerKm,893.1400289910978
1103,strokeRateSpm,40.773522918729896
1103,distanceM,1202.158660944735
1103,activeEnergyKcal,63.55726099936683
1103,heartRateBpm,165.17117623881077
1104,speedMps,1.1081746515642852
1104,paceSecPerKm,902.3848349070363
1104,strokeRateSpm,40.311664812833826
1104,distanceM,1203.2668355962992
1104,activeEnergyKcal,63.61805620531011
1104,heartRateBpm,166.5859291014325
1105,speedMps,1.1423843227032586
1105,paceSecPerKm,875.3621527593006
1105,strokeRateSpm,41.43013174885303
1105,distanceM,1204.4092199190025
1105,activeEnergyKcal,63.67885082701714
1105,heartRateBpm,166.59313228036297
1106,speedMps,1.0648040769682476
1106,paceSecPerKm,939.1399052934129
1106,strokeRateSpm,41.01229443223669
1106,distanceM,1205.4740239959708
1106,activeEnergyKcal,63.73964486448793
1107,speedMps,1.158696688375862
1107,paceSecPerKm,863.0386278238991
1107,strokeRateSpm,40.982694204821954
1107,distanceM,1206.6327206843466
1107,activeEnergyKcal,63.800438317722474
1107,heartRateBpm,169.46010606161823
1108,speedMps,1.1263744124708732
1108,paceSecPerKm,887.804258449327
1108,strokeRateSpm,39.82431487689375
1108,distanceM,1207.7590950968174
1108,activeEnergyKcal,63.86123118672077
1108,heartRateBpm,168.28182225628746
1109,speedMps,1.10620187050709
1109,paceSecPerKm,903.9941322297653
1109,strokeRateSpm,41.678862472647126
1109,distanceM,1208.8652969673244
1109,activeEnergyKcal,63.92202347148283
1109,heartRateBpm,169.63549448848732
1110,speedMps,1.1333099450655868
1110,paceSecPerKm,882.3711504112215
1110,strokeRateSpm,39.55104967990576
1110,distanceM,1209.99860691239
1110,activeEnergyKcal,63.98281517200864
1110,heartRateBpm,167.17789663689555
1111,speedMps,1.1557917760899727
1111,paceSecPerKm,865.2077482182698
1111,strokeRateSpm,40.45134220955623
1111,distanceM,1211.15439868848
1111,activeEnergyKcal,64.04360628829821
1111,heartRateBpm,167.73307805766186
1112,speedMps,1.1149288714788175
1112,paceSecPerKm,896.9182031079899
1112,strokeRateSpm,39.9673595190408
1112,distanceM,1212.2693275599588
1112,activeEnergyKcal,64.10439682035152
1112,heartRateBpm,166.1944545937361
1113,speedMps,1.0588717922329587
1113,paceSecPerKm,944.401397161776
1113,strokeRateSpm,41.958076039656426
1113,distanceM,1213.3281993521919
1113,activeEnergyKcal,64.16518676816861
1113,heartRateBpm,163.99553924016092
1114,speedMps,1.1412986328396846
1114,paceSecPerKm,876.1948636632316
1114,strokeRateSpm,40.16087774085247
1114,distanceM,1214.4694979850315
1114,activeEnergyKcal,64.22597613174945
1114,heartRateBpm,163.67231522757007
1115,speedMps,1.0562521585718656
1115,paceSecPerKm,946.7436273475428
1115,strokeRateSpm,39.0420132143738
1115,distanceM,1215.5257501436033
1115,activeEnergyKcal,64.28676491109404
1115,heartRateBpm,162.87477782193625
1116,speedMps,1.1461928448384695
1116,paceSecPerKm,872.4535356359931
1116,strokeRateSpm,41.89526510206276
1116,distanceM,1216.6719429884417
1116,activeEnergyKcal,64.34755310620238
1116,heartRateBpm,162.36138922453998
1117,speedMps,1.0668552295035687
1117,paceSecPerKm,937.3343002361455
1117,strokeRateSpm,41.37070082210138
1117,distanceM,1217.7387982179453
1117,activeEnergyKcal,64.4083407170745
1118,speedMps,1.1431527254568588
1118,paceSecPerKm,874.7737530874118
1118,strokeRateSpm,40.8863452363312
1118,distanceM,1218.8819509434022
1118,activeEnergyKcal,64.46912774371036
1118,heartRateBpm,162.37205225429432
1119,speedMps,1.180882901637553
1119,paceSecPerKm,846.824014991902
1119,strokeRateSpm,41.77354701541636
1119,distanceM,1220.0628338450397
1119,activeEnergyKcal,64.52991418610998
1119,heartRateBpm,161.92893852920884
1120,speedMps,1.135915785251227
1120,paceSecPerKm,880.3469526386
1120,strokeRateSpm,40.525701157376474
1120,distanceM,1221.1987496302909
1120,activeEnergyKcal,64.59070004427335
1120,heartRateBpm,162.91625620453175
1121,speedMps,1.1445785570830165
1121,paceSecPerKm,873.6840244050368
1121,strokeRateSpm,40.918744003396654
1121,distanceM,1222.3433281873738
1121,activeEnergyKcal,64.65148531820047
1121,heartRateBpm,161.64626103737476
1122,speedMps,1.086512594329239
1122,paceSecPerKm,920.375893679679
1122,strokeRateSpm,42.02250825803973
1122,distanceM,1223.429840781703
1122,activeEnergyKcal,64.71227000789136
1122,heartRateBpm,160.99179988780025
1123,speedMps,1.1444721683412502
1123,paceSecPerKm,873.7652410100613
1123,strokeRateSpm,39.67182648424908
1123,distanceM,1224.5743129500443
1123,activeEnergyKcal,64.773054113346
1123,heartRateBpm,160.7885518228715
1124,speedMps,1.0987998823686664
1124,paceSecPerKm,910.0838251313925
1124,strokeRateSpm,41.20553776657764
1124,distanceM,1225.673112832413
1124,activeEnergyKcal,64.8338376345644
1125,speedMps,1.1542076412707185
1125,paceSecPerKm,866.3952344822943
1125,strokeRateSpm,41.65866532236355
1125,distanceM,1226.8273204736836
1125,activeEnergyKcal,64.89462057154655
1126,speedMps,1.111132069915628
1126,paceSecPerKm,899.9830236885642
1126,strokeRateSpm,38.20148155058606
1126,distanceM,1227.9384525435992
1126,activeEnergyKcal,64.95540292429246
1126,heartRateBpm,162.197691348213
1127,speedMps,1.1174483611870576
1127,paceSecPerKm,894.8959385807385
1127,strokeRateSpm,40.6919707698746
1127,distanceM,1229.0559009047863
1127,activeEnergyKcal,65.01618469280213
1128,speedMps,1.1267349395173087
1128,paceSecPerKm,887.5201832548108
1128,strokeRateSpm,42.11347670288457
1128,distanceM,1230.1826358443036
1128,activeEnergyKcal,65.07696587707555
1128,heartRateBpm,162.01425826160266
1129,speedMps,1.154718587168636
1129,paceSecPerKm,866.0118674039835
1129,strokeRateSpm,39.77502216050749
1129,distanceM,1231.3373544314722
1129,activeEnergyKcal,65.13774647711273
1129,heartRateBpm,160.46813467533843
1130,speedMps,1.137954059963372
1130,paceSecPerKm,878.770097302687
1130,strokeRateSpm,39.88161306498757
1130,distanceM,1232.4753084914357
1130,activeEnergyKcal,65.19852649291366
1130,heartRateBpm,173.89707245472113
1131,speedMps,1.13580211221306
1131,paceSecPerKm,880.4350592829454
1131,strokeRateSpm,40.51487017313392
1131,distanceM,1233.6111106036487
1131,activeEnergyKcal,65.25930592447835
1131,heartRateBpm,184.96485218939654
1132,speedMps,1.0760279148709084
1132,paceSecPerKm,929.3439195952184
1132,strokeRateSpm,39.2506543278953
1132,distanceM,1234.6871385185198
1132,activeEnergyKcal,65.3200847718068
1132,heartRateBpm,196.4828491728495
1133,speedMps,1.1924113574939557
1133,paceSecPerKm,838.6367621503211
1133,strokeRateSpm,41.15995618236985
1133,distanceM,1235.8795498760137
1133,activeEnergyKcal,65.38086303489901
1133,heartRateBpm,193.43269860536853
1134,speedMps,1.1363376887175716
1134,paceSecPerKm,880.0200943159448
1134,strokeRateSpm,40.59786202405999
1134,distanceM,1237.0158875647312
1134,activeEnergyKcal,65.44164071375496
1134,heartRateBpm,193.2180725562331
1135,speedMps,1.135860796618655
1135,paceSecPerKm,880.389571483496
1135,strokeRateSpm,40.98538642714822
1135,distanceM,1238.1517483613497
1135,activeEnergyKcal,65.50241780837467
1135,heartRateBpm,192.67844797370378
1136,speedMps,1.1102100371804897
1136,paceSecPerKm,900.7304622642566
1136,strokeRateSpm,40.630301718928514
1136,distanceM,1239.2619583985302
1136,activeEnergyKcal,65.56319431875815
1136,heartRateBpm,192.63269739239655
1137,speedMps,1.1089868709914876
1137,paceSecPerKm,901.7239303346773
1137,strokeRateSpm,40.5359087103193
1137,distanceM,1240.3709452695216
1137,activeEnergyKcal,65.62397024490538
1137,heartRateBpm,191.21499862011805
1138,speedMps,1.1496820796108669
1138,paceSecPerKm,869.8056773560132
1138,strokeRateSpm,40.66506026348645
1138,distanceM,1241.5206273491324
1138,activeEnergyKcal,65.68474558681636
1138,heartRateBpm,188.08482398275055
1139,speedMps,1.088650839002863
1139,paceSecPerKm,918.5681617771389
1139,strokeRateSpm,41.19539174951035
1139,distanceM,1242.6092781881352
1139,activeEnergyKcal,65.7455203444911
1139,heartRateBpm,188.2715347782626
1140,speedMps,1.1524451311361898
1140,paceSecPerKm,867.7202696965755
1140,strokeRateSpm,40.21110342937589
1140,distanceM,1243.7617233192714
1140,activeEnergyKcal,65.80629451792959
1140,heartRateBpm,188.37627492729484
1141,speedMps,1.1015771893032933
1141,paceSecPerKm,907.789313096128
1141,strokeRateSpm,39.276312605524595
1141,distanceM,1244.8633005085746
1141,activeEnergyKcal,65.86706810713184
1141,heartRateBpm,187.22996337656932
1142,speedMps,1.0970944445440247
1142,paceSecPerKm,911.4985541792811
1142,strokeRateSpm,41.14228810925519
1142,distanceM,1245.9603949531186
1142,activeEnergyKcal,65.92784111209785
1142,heartRateBpm,185.85188307351842
1143,speedMps,1.106399127691672
1143,paceSecPerKm,903.8329613349777
1143,strokeRateSpm,40.99027483927133
1143,distanceM,1247.0667940808103
1143,activeEnergyKcal,65.98861353282761
1143,heartRateBpm,185.45162141766943
1144,speedMps,1.090418086503738
1144,paceSecPerKm,917.0794325379818
1144,strokeRateSpm,40.8193269087866
1144,distanceM,1248.157212167314
1144,activeEnergyKcal,66.04938536932113
1144,heartRateBpm,186.64407455923416
1145,speedMps,1.113286983976451
1145,paceSecPerKm,898.2409876276364
1145,strokeRateSpm,41.19485559949245
1145,distanceM,1249.2704991512903
1145,activeEnergyKcal,66.11015662157841
1145,heartRateBpm,185.01692882555193
1146,speedMps,1.0776634894283912
1146,paceSecPerKm,927.9334502929248
1146,strokeRateSpm,41.38194548713168
1146,distanceM,1250.3481626407188
1146,activeEnergyKcal,66.17092728959945
1146,heartRateBpm,187.53914223798503
1147,speedMps,1.129595310352131
1147,paceSecPerKm,885.2727971119746
1147,strokeRateSpm,40.33788631444911
1147,distanceM,1251.477757951071
1147,activeEnergyKcal,66.23169737338424
1147,heartRateBpm,188.09106097325946
1148,speedMps,1.1063032864316695
1148,paceSecPerKm,903.9112621869308
1148,strokeRateSpm,40.18002097205883
1148,distanceM,1252.5840612375027
1148,activeEnergyKcal,66.29246687293278
1148,heartRateBpm,189.40217310122992
1149,speedMps,1.1112077888347036
1149,paceSecPerKm,899.9216978569557
1149,strokeRateSpm,39.94668432148304
1149,distanceM,1253.6952690263374
1149,activeEnergyKcal,66.35323578824507
1149,heartRateBpm,189.17140118665196
1150,speedMps,1.053928330964105
1150,paceSecPerKm,948.8311212634612
1150,strokeRateSpm,42.13464008067127
1150,distanceM,1254.7491973573015
1150,activeEnergyKcal,66.41400411932113
1151,speedMps,1.0925643292846354
1151,paceSecPerKm,915.2779138000574
1151,strokeRateSpm,40.12653134229503
1151,distanceM,1255.841761686586
1151,activeEnergyKcal,66.47477186616095
1151,heartRateBpm,189.2566388807622
1152,speedMps,1.1326976222964595
1152,paceSecPerKm,882.8481496876235
1152,strokeRateSpm,41.14787703751752
1152,distanceM,1256.9744593088826
1152,activeEnergyKcal,66.53553902876452
1152,heartRateBpm,188.3458448312796
1153,speedMps,1.1325528171020371
1153,paceSecPerKm,882.9610283066429
1153,strokeRateSpm,41.02693374851881
1153,distanceM,1258.1070121259847
1153,activeEnergyKcal,66.59630560713184
1153,heartRateBpm,187.27386934922916
1154,speedMps,1.1746498540266366
1154,paceSecPerKm,851.3175194906412
1154,strokeRateSpm,40.49293892644435
1154,distanceM,1259.2816619800114
1154,activeEnergyKcal,66.65707160126291
1155,speedMps,1.122234431907289
1155,paceSecPerKm,891.0794140404818
1155,strokeRateSpm,40.69930733055995
1155,distanceM,1260.4038964119188
1155,activeEnergyKcal,66.71783701115776
1155,heartRateBpm,185.76755209918775
1156,speedMps,1.134902287845075
1156,paceSecPerKm,881.1331254770628
1156,strokeRateSpm,42.170790206994276
1156,distanceM,1261.538798699764
1156,activeEnergyKcal,66.77860183681635
1156,heartRateBpm,186.48583410118493
1157,speedMps,1.0865322027744257
1157,paceSecPerKm,920.3592838265921
1157,strokeRateSpm,39.83184217605709
1157,distanceM,1262.6253309025383
1157,activeEnergyKcal,66.8393660782387
1158,speedMps,1.1612330015763155
1158,paceSecPerKm,861.1536174415903
1158,strokeRateSpm,41.23761059881874
1158,distanceM,1263.7865639041147
1158,activeEnergyKcal,66.9001297354248
1158,heartRateBpm,185.02474126518393
1159,speedMps,1.1114857401947726
1159,paceSecPerKm,899.6966527206761
1159,strokeRateSpm,41.694831642081134
1159,distanceM,1264.8980496443094
1159,activeEnergyKcal,66.96089280837467
1159,heartRateBpm,187.3176029953412
1160,speedMps,1.1271028467543185
1160,paceSecPerKm,887.2304802349382
1160,strokeRateSpm,40.226924971978974
1160,distanceM,1266.0251524910636
1160,activeEnergyKcal,67.02165529708829
1160,heartRateBpm,187.42284390984415
1161,speedMps,1.1702954443298277
1161,paceSecPerKm,854.4850831002357
1161,strokeRateSpm,41.07311348686995
1161,distanceM,1267.1954479353935
1161,activeEnergyKcal,67.08241720156566
1162,speedMps,1.1300296121008164
1162,paceSecPerKm,884.9325622015507
1162,strokeRateSpm,39.788602833512655
1162,distanceM,1268.3254775474943
1162,activeEnergyKcal,67.14317852180679
1162,heartRateBpm,185.91362951677957
1163,speedMps,1.168613577191141
1163,paceSecPerKm,855.7148569192414
1163,strokeRateSpm,40.35218250953801
1163,distanceM,1269.4940911246854
1163,activeEnergyKcal,67.20393925781167
1163,heartRateBpm,187.95627188722457
1164,speedMps,1.1169294927111664
1164,paceSecPerKm,895.311661591692
1164,strokeRateSpm,40.750302203623114
1164,distanceM,1270.6110206173967
1164,activeEnergyKcal,67.26469940958032
1164,heartRateBpm,187.88005746426393
1165,speedMps,1.125683676381555
1165,paceSecPerKm,888.349028222957
1165,strokeRateSpm,40.524340285972116
1165,distanceM,1271.7367042937783
1165,activeEnergyKcal,67.32545897711272
1165,heartRateBpm,188.96309086975032
1166,speedMps,1.0854886291531611
1166,paceSecPerKm,921.2441043994586
1166,strokeRateSpm,39.47971976389502
1166,distanceM,1272.8221929229314
1166,activeEnergyKcal,67.38621796040887
1166,heartRateBpm,188.02990274948115
1167,speedMps,1.1369257999992288
1167,paceSecPerKm,879.5648757383096
1167,strokeRateSpm,40.82543386552625
1167,distanceM,1273.9591187229307
1167,activeEnergyKcal,67.44697635946878
1167,heartRateBpm,184.63972065064578
1168,speedMps,1.135477023904681
1168,paceSecPerKm,880.6871287991348
1168,strokeRateSpm,41.68290821329815
1168,distanceM,1275.0945957468355
1168,activeEnergyKcal,67.50773417429244
1169,speedMps,1.1225976903569963
1169,paceSecPerKm,890.7910719841148
1169,strokeRateSpm,42.74740370941567
1169,distanceM,1276.2171934371925
1169,activeEnergyKcal,67.56849140487986
1169,heartRateBpm,180.72708934056968
1170,speedMps,1.124406222078845
1170,paceSecPerKm,889.358294506021
1170,strokeRateSpm,41.39029946413078
1170,distanceM,1277.3415996592712
1170,activeEnergyKcal,67.62924805123104
1170,heartRateBpm,180.06274105387536
1171,speedMps,1.0810851115316291
1171,paceSecPerKm,924.9965514586065
1171,strokeRateSpm,41.39304546016351
1171,distanceM,1278.4226847708028
1171,activeEnergyKcal,67.69000411334598
1171,heartRateBpm,180.90205120922428
1172,speedMps,1.1255289917749316
1172,paceSecPerKm,888.4711165218628
1172,strokeRateSpm,40.85418973583167
1172,distanceM,1279.5482137625777
1172,activeEnergyKcal,67.75075959122466
1172,heartRateBpm,181.9323608964233
1173,speedMps,1.1312297914561766
1173,paceSecPerKm,883.9936921328327
1173,strokeRateSpm,40.87910380872396
1173,distanceM,1280.679443554034
1173,activeEnergyKcal,67.81151448486712
1173,heartRateBpm,181.10034404331677
1174,speedMps,1.101446945205401
1174,paceSecPerKm,907.8966575312596
1174,strokeRateSpm,41.15948950985476
1174,distanceM,1281.7808904992394
1174,activeEnergyKcal,67.87226879427332
1174,heartRateBpm,181.32548130925915
1175,speedMps,1.136954588240993
1175,paceSecPerKm,879.5426047289378
1175,strokeRateSpm,40.5434779494681
1175,distanceM,1282.9178450874804
1175,activeEnergyKcal,67.93302251944328
1175,heartRateBpm,181.85511992410255
1176,speedMps,1.1058627603112563
1176,paceSecPerKm,904.271339888993
1176,strokeRateSpm,40.1711042209446
1176,distanceM,1284.0237078477917
1176,activeEnergyKcal,67.993775660377
1177,speedMps,1.1263628162016572
1177,paceSecPerKm,887.8133986810925
1177,strokeRateSpm,40.93752296111541
1177,distanceM,1285.1500706639933
1177,activeEnergyKcal,68.05452821707446
1177,heartRateBpm,179.89481344658492
1178,speedMps,1.1010742284257844
1178,paceSecPerKm,908.2039831498998
1178,strokeRateSpm,40.53206737427281
1178,distanceM,1286.2511448924192
1178,activeEnergyKcal,68.1152801895357
1179,speedMps,1.1006592890424276
1179,paceSecPerKm,908.5463684861088
1179,strokeRateSpm,39.494004548111725
1179,distanceM,1287.3518041814616
1179,activeEnergyKcal,68.17603157776068
1179,heartRateBpm,176.25694817930525
1180,speedMps,1.0927107068473274
1180,paceSecPerKm,915.1553048154759
1180,strokeRateSpm,40.58321001589643
1180,distanceM,1288.444514888309
1180,activeEnergyKcal,68.23678238174942
1180,heartRateBpm,176.86005004679706
1181,speedMps,1.1162100206778727
1181,paceSecPerKm,895.8887498543522
1181,strokeRateSpm,42.047219456943324
1181,distanceM,1289.560724908987
1181,activeEnergyKcal,68.29753260150191
1181,heartRateBpm,176.17984022373508
1182,speedMps,1.110798933491515
1182,paceSecPerKm,900.2529349364366
1182,strokeRateSpm,41.78831692000679
1182,distanceM,1290.6715238424783
1182,activeEnergyKcal,68.35828223701816
1182,heartRateBpm,178.25184427816964
1183,speedMps,1.1203113152557382
1183,paceSecPerKm,892.6090332058511
1183,strokeRateSpm,41.05232925134804
1183,distanceM,1291.791835157734
1183,activeEnergyKcal,68.41903128829817
1183,heartRateBpm,177.5252268551549
1184,speedMps,1.0936678814317955
1184,paceSecPerKm,914.3543638593752
1184,strokeRateSpm,39.20265142648976
1184,distanceM,1292.885503039166
1184,activeEnergyKcal,68.47977975534194
1184,heartRateBpm,176.81659411552852
1185,speedMps,1.0845296585812452
1185,paceSecPerKm,922.05869345074
1185,strokeRateSpm,40.546985562119296
1185,distanceM,1293.9700326977472
1185,activeEnergyKcal,68.54052763814946
1185,heartRateBpm,178.14662721295886
1186,speedMps,1.118938785325018
1186,paceSecPerKm,893.7039390492932
1186,strokeRateSpm,39.988676035668426
1186,distanceM,1295.0889714830723
1186,activeEnergyKcal,68.60127493672073
1186,heartRateBpm,176.8706780910565
1187,speedMps,1.1410709415179539
1187,paceSecPerKm,876.3697011420791
1187,strokeRateSpm,39.57703303632079
1187,distanceM,1296.2300424245902
1187,activeEnergyKcal,68.66202165105577
1187,heartRateBpm,177.6917256006404
1188,speedMps,1.1183636502990097
1188,paceSecPerKm,894.1635395004446
1188,strokeRateSpm,41.848868539768
1188,distanceM,1297.3484060748892
1188,activeEnergyKcal,68.72276778115456
1188,heartRateBpm,177.76530366161953
1189,speedMps,1.1591806444083368
1189,paceSecPerKm,862.6783106013775
1189,strokeRateSpm,42.188653629160704
1189,distanceM,1298.5075867192975
1189,activeEnergyKcal,68.7835133270171
1190,speedMps,1.1115262732883353
1190,paceSecPerKm,899.66384423969
1190,strokeRateSpm,40.64248379869012
1190,distanceM,1299.6191129925858
1190,activeEnergyKcal,68.8442582886434
1191,speedMps,1.1018262648846031
1191,paceSecPerKm,907.5841009333104
1191,strokeRateSpm,38.92511278612508
1191,distanceM,1300.7209392574703
1191,activeEnergyKcal,68.90500266603345
1192,speedMps,1.1766095656722038
1192,paceSecPerKm,849.899600662089
1192,strokeRateSpm,39.79342570131363
1192,distanceM,1301.8975488231424
1192,activeEnergyKcal,68.96574645918727
1193,speedMps,1.1493855474700496
1193,paceSecPerKm,870.0300801599019
1193,strokeRateSpm,40.485589709929585
1193,distanceM,1303.0469343706125
1193,activeEnergyKcal,69.02648966810484
1194,speedMps,1.1544967126108219
1194,paceSecPerKm,866.1783000997575
1194,strokeRateSpm,40.96095746727185
1194,distanceM,1304.2014310832233
1194,activeEnergyKcal,69.08723229278617
1195,speedMps,1.1483632954067797
1195,paceSecPerKm,870.8045650708249
1195,strokeRateSpm,42.370904506082105
1195,distanceM,1305.3497943786301
1195,activeEnergyKcal,69.14797433323125
1196,speedMps,1.11037478886428
1196,paceSecPerKm,900.5968165242888
1196,strokeRateSpm,40.27008862596987
1196,distanceM,1306.4601691674943
1196,activeEnergyKcal,69.20871578944008
1197,speedMps,1.1068692023453535
1197,paceSecPerKm,903.4491138438873
1197,strokeRateSpm,39.5461847740623
1197,distanceM,1307.5670383698396
1197,activeEnergyKcal,69.26945666141268
1198,speedMps,1.1132574994553395
1198,paceSecPerKm,898.2647774564729
1198,strokeRateSpm,41.667337072956535
1198,distanceM,1308.680295869295
1198,activeEnergyKcal,69.33019694914903
1199,speedMps,1.1251971199336284
1199,paceSecPerKm,888.7331670907464
1199,strokeRateSpm,40.75232460248228
1199,distanceM,1309.8054929892285
1199,activeEnergyKcal,69.39093665264913
1200,speedMps,1.1210359240058356
1200,paceSecPerKm,892.0320737150564
1200,strokeRateSpm,40.532667776769195
1200,distanceM,1310.9265289132343
1200,activeEnergyKcal,69.45167577191299
1201,speedMps,1.0874623665438052
1201,paceSecPerKm,919.5720521145206
1201,strokeRateSpm,39.16414346714933
1201,distanceM,1312.013991279778
1201,activeEnergyKcal,69.51241430694061
1202,speedMps,1.1147028248405364
1202,paceSecPerKm,897.1000859740844
1202,strokeRateSpm,40.294256743741094
1202,distanceM,1313.1286941046187
1202,activeEnergyKcal,69.57315225773199
1203,speedMps,1.1011401449267981
1203,paceSecPerKm,908.1496162021032
1203,strokeRateSpm,40.30886661015283
1203,distanceM,1314.2298342495455
1203,activeEnergyKcal,69.63388962428712
1204,speedMps,1.184007429019679
1204,paceSecPerKm,844.5892952107308
1204,strokeRateSpm,41.532032099286376
1204,distanceM,1315.4138416785652
1204,activeEnergyKcal,69.694626406606
1205,speedMps,1.132497691206943
1205,paceSecPerKm,883.0040076587392
1205,strokeRateSpm,40.15123477152372
1205,distanceM,1316.546339369772
1205,activeEnergyKcal,69.75536260468864
1206,speedMps,1.1017654521079865
1206,paceSecPerKm,907.6341957235267
1206,strokeRateSpm,40.018022507230995
1206,distanceM,1317.64810482188
1206,activeEnergyKcal,69.81609821853505
1207,speedMps,1.0640269453583222
1207,paceSecPerKm,939.8258233613055
1207,strokeRateSpm,42.04276420586619
1207,distanceM,1318.7121317672384
1207,activeEnergyKcal,69.8768332481452
1208,speedMps,1.0714585050446472
1208,paceSecPerKm,933.3072585562521
1208,strokeRateSpm,40.47300643362777
1208,distanceM,1319.783590272283
1208,activeEnergyKcal,69.93756769351911
1209,speedMps,1.1028166723764692
1209,paceSecPerKm,906.7690261202629
1209,strokeRateSpm,39.829636921751394
1209,distanceM,1320.8864069446595
1209,activeEnergyKcal,69.99830155465678
1210,speedMps,1.0719745738398219
1210,paceSecPerKm,932.8579468242345
1210,strokeRateSpm,40.88587063214206
1210,distanceM,1321.9583815184992
1210,activeEnergyKcal,70.0590348315582
1211,speedMps,1.1496307035706261
1211,paceSecPerKm,869.8445482485031
1211,strokeRateSpm,40.50242859114168
1211,distanceM,1323.1080122220699
1211,activeEnergyKcal,70.11976752422338
1212,speedMps,1.1323646083012953
1212,paceSecPerKm,883.1077840733113
1212,strokeRateSpm,40.29502685947879
1212,distanceM,1324.2403768303711
1212,activeEnergyKcal,70.18049963265231
1213,speedMps,1.2081783111564879
1213,paceSecPerKm,827.6923950429004
1213,strokeRateSpm,40.45803981014314
1213,distanceM,1325.4485551415275
1213,activeEnergyKcal,70.241231156845
1214,speedMps,1.1578694776556304
1214,paceSecPerKm,863.6552040604154
1214,strokeRateSpm,39.7686794417517
1214,distanceM,1326.6064246191831
1214,activeEnergyKcal,70.30196209680145
1215,speedMps,1.1365246974077348
1215,paceSecPerKm,879.8752920027785
1215,strokeRateSpm,39.37672354746845
1215,distanceM,1327.742949316591
1215,activeEnergyKcal,70.36269245252166
1216,speedMps,1.1082138931281977
1216,paceSecPerKm,902.3528816962056
1216,strokeRateSpm,41.05829430251726
1216,distanceM,1328.851163209719
1216,activeEnergyKcal,70.42342222400562
1217,speedMps,1.110501330095369
1217,paceSecPerKm,900.4941938377694
1217,strokeRateSpm,40.24836715183844
1217,distanceM,1329.9616645398144
1217,activeEnergyKcal,70.48415141125334
1218,speedMps,1.1478971518028185
1218,paceSecPerKm,871.1581855826195
1218,strokeRateSpm,40.57450782242552
1218,distanceM,1331.1095616916173
1218,activeEnergyKcal,70.5448800142648
1219,speedMps,1.1111804000690118
1219,paceSecPerKm,899.9438794437818
1219,strokeRateSpm,41.434496441543395
1219,distanceM,1332.2207420916864
1219,activeEnergyKcal,70.60560803304003
1220,speedMps,1.1237081293650617
1220,paceSecPerKm,889.9107996709416
1220,strokeRateSpm,40.47342287170182
1220,distanceM,1333.3444502210514
1220,activeEnergyKcal,70.66633546757902
1221,speedMps,1.1981556114377063
1221,paceSecPerKm,834.6161303706346
1221,strokeRateSpm,40.84770187562558
1221,distanceM,1334.542605832489
1221,activeEnergyKcal,70.72706231788176
1222,speedMps,1.126449935450561
1222,paceSecPerKm,887.7447354995114
1222,strokeRateSpm,41.00508743194296
1222,distanceM,1335.6690557679397
1222,activeEnergyKcal,70.78778858394826
1223,speedMps,1.10097534836673
1223,paceSecPerKm,908.2855501564823
1223,strokeRateSpm,40.48506054073619
1223,distanceM,1336.7700311163064
1223,activeEnergyKcal,70.8485142657785
1224,speedMps,1.1097791861039101
1224,paceSecPerKm,901.0801540716304
1224,strokeRateSpm,40.80895980812556
1224,distanceM,1337.8798103024103
1224,activeEnergyKcal,70.9092393633725
1225,speedMps,1.1199650078217256
1225,paceSecPerKm,892.8850392789938
1225,strokeRateSpm,41.86487000063286
1225,distanceM,1338.999775310232
1225,activeEnergyKcal,70.96996387673028
1226,speedMps,1.161592337607698
1226,paceSecPerKm,860.8872214666138
1226,strokeRateSpm,41.109527858615614
1226,distanceM,1340.1613676478398
1226,activeEnergyKcal,71.0306878058518
1227,speedMps,1.164006784301553
1227,paceSecPerKm,859.1015219898713
1227,strokeRateSpm,39.46347934590318
1227,distanceM,1341.3253744321414
1227,activeEnergyKcal,71.09141115073707
1228,speedMps,1.1142294049770325
1228,paceSecPerKm,897.4812507489092
1228,strokeRateSpm,41.68001131954412
1228,distanceM,1342.4396038371185
1228,activeEnergyKcal,71.1521339113861
1229,speedMps,1.172826547613493
1229,paceSecPerKm,852.6409996728278
1229,strokeRateSpm,41.42880836963926
1229,distanceM,1343.612430384732
1229,activeEnergyKcal,71.2128560877989
1230,speedMps,1.091889435095828
1230,paceSecPerKm,915.8436448395863
1230,strokeRateSpm,40.20847410516464
1230,distanceM,1344.704319819828
1230,activeEnergyKcal,71.27357767997545
1231,speedMps,1.141096835654176
1231,paceSecPerKm,876.3498142790949
1231,strokeRateSpm,39.956782297792564
1231,distanceM,1345.8454166554823
1231,activeEnergyKcal,71.33429868791575
1232,speedMps,1.1540330550584834
1232,paceSecPerKm,866.5263058252024
1232,strokeRateSpm,40.6822442361556
1232,distanceM,1346.9994497105408
1232,activeEnergyKcal,71.3950191116198
1233,speedMps,1.1585475124562405
1233,paceSecPerKm,863.1497536772546
1233,strokeRateSpm,39.2465117774773
1233,distanceM,1348.157997222997
1233,activeEnergyKcal,71.45573895108761
1234,speedMps,1.1267265564734734
1234,paceSecPerKm,887.5267865611394
1234,strokeRateSpm,41.0136482339927
1234,distanceM,1349.2847237794704
1234,activeEnergyKcal,71.51645820631919
1235,speedMps,1.162504097438539
1235,paceSecPerKm,860.2120217927829
1235,strokeRateSpm,40.151320027070646
1235,distanceM,1350.447227876909
1235,activeEnergyKcal,71.57717687731451
1236,speedMps,1.1043417822347075
1236,paceSecPerKm,905.5167667173064
1236,strokeRateSpm,40.90796866808952
1236,distanceM,1351.5515696591438
1236,activeEnergyKcal,71.6378949640736
1237,speedMps,1.1191046113315284
1237,paceSecPerKm,893.5715123273276
1237,strokeRateSpm,40.52188147582604
1237,distanceM,1352.6706742704753
1237,activeEnergyKcal,71.69861246659643
1238,speedMps,1.1067653537287556
1238,paceSecPerKm,903.5338851464251
1238,strokeRateSpm,40.75378057256618
1238,distanceM,1353.7774396242041
1238,activeEnergyKcal,71.75932938488302
1239,speedMps,1.0998499300417701
1239,paceSecPerKm,909.2149507724404
1239,strokeRateSpm,41.12627615637663
1239,distanceM,1354.8772895542459
1239,activeEnergyKcal,71.82004571893337
1240,speedMps,1.1729840856501246
1240,paceSecPerKm,852.5264854260589
1240,strokeRateSpm,40.313418015757804
1240,distanceM,1356.050273639896
1240,activeEnergyKcal,71.88076146874748
1241,speedMps,1.0940005874842165
1241,paceSecPerKm,914.0762915855631
1241,strokeRateSpm,40.342115302952735
1241,distanceM,1357.1442742273803
1241,activeEnergyKcal,71.94147663432534
1242,speedMps,1.1373910242563607
1242,paceSecPerKm,879.2051094774653
1242,strokeRateSpm,40.53313064889093
1242,distanceM,1358.2816652516367
1242,activeEnergyKcal,72.00219121566695
1243,speedMps,1.1008609158254394
1243,paceSecPerKm,908.3799648297872
1243,strokeRateSpm,40.38864014139445
1243,distanceM,1359.3825261674622
1243,activeEnergyKcal,72.06290521277234
1244,speedMps,1.1497780556289139
1244,paceSecPerKm,869.7330716170372
1244,strokeRateSpm,39.89089325332073
1244,distanceM,1360.5323042230912
1244,activeEnergyKcal,72.12361862564147
1245,speedMps,1.1488814798086413
1245,paceSecPerKm,870.411802761901
1245,strokeRateSpm,40.53266761132207
1245,distanceM,1361.6811857028997
1245,activeEnergyKcal,72.18433145427436
1246,speedMps,1.1233284319929424
1246,paceSecPerKm,890.2115993146008
1246,strokeRateSpm,41.73048405256234
1246,distanceM,1362.8045141348925
1246,activeEnergyKcal,72.245043698671
1247,speedMps,1.1549084149551712
1247,paceSecPerKm,865.8695244149
1247,strokeRateSpm,40.13012093669757
1247,distanceM,1363.9594225498477
1247,activeEnergyKcal,72.30575535883139
1248,speedMps,1.1583479027312331
1248,paceSecPerKm,863.2984940380438
1248,strokeRateSpm,40.899402783015255
1248,distanceM,1365.117770452579
1248,activeEnergyKcal,72.36646643475555
1249,speedMps,1.133694392792189
1249,paceSecPerKm,882.0719290470234
1249,strokeRateSpm,40.857199580218364
1249,distanceM,1366.2514648453712
1249,activeEnergyKcal,72.42717692644347
1250,speedMps,1.1381800440748
1250,paceSecPerKm,878.5956186860373
1250,strokeRateSpm,41.034700878746804
1250,distanceM,1367.389644889446
1250,activeEnergyKcal,72.48788683389513
1251,speedMps,1.07457240987367
1251,paceSecPerKm,930.6027130526858
1251,strokeRateSpm,39.41179390127891
1251,distanceM,1368.4642172993197
1251,activeEnergyKcal,72.54859615711055
1252,speedMps,1.0737244753602109
1252,paceSecPerKm,931.3376224049675
1252,strokeRateSpm,40.46621032505865
1252,distanceM,1369.53794177468
1252,activeEnergyKcal,72.60930489608972
1252,heartRateBpm,176.1256817524415
1253,speedMps,1.1092762451735803
1253,paceSecPerKm,901.4886998175277
1253,strokeRateSpm,40.93499241022065
1253,distanceM,1370.6472180198534
1253,activeEnergyKcal,72.67001305083267
1253,heartRateBpm,175.17128055033518
1254,speedMps,1.1091391774227988
1254,paceSecPerKm,901.6001060602736
1254,strokeRateSpm,39.853026745090496
1254,distanceM,1371.7563571972762
1254,activeEnergyKcal,72.73072062133936
1254,heartRateBpm,175.4498123059346
1255,speedMps,1.140232938483521
1255,paceSecPerKm,877.0137804736398
1255,strokeRateSpm,39.55276313233724
1255,distanceM,1372.8965901357597
1255,activeEnergyKcal,72.7914276076098
1255,heartRateBpm,174.74668165705637
1256,speedMps,1.123989912542209
1256,paceSecPerKm,889.6876998995729
1256,strokeRateSpm,40.78369582107338
1256,distanceM,1374.0205800483018
1256,activeEnergyKcal,72.852134009644
1257,speedMps,1.1639122156128194
1257,paceSecPerKm,859.1713245946844
1257,strokeRateSpm,40.87250040576685
1257,distanceM,1375.1844922639145
1257,activeEnergyKcal,72.91283982744197
1258,speedMps,1.117577212852919
1258,paceSecPerKm,894.7927610721666
1258,strokeRateSpm,40.79975658570613
1258,distanceM,1376.3020694767674
1258,activeEnergyKcal,72.97354506100369
1259,speedMps,1.1727979652249787
1259,paceSecPerKm,852.6617794806365
1259,strokeRateSpm,39.53233579263267
1259,distanceM,1377.4748674419925
1259,activeEnergyKcal,73.03424971032916
1260,speedMps,1.1338704006544895
1260,paceSecPerKm,881.9350072307935
1260,strokeRateSpm,39.75733583878894
1260,distanceM,1378.608737842647
1260,activeEnergyKcal,73.09495377541839
1261,speedMps,1.164137917835462
1261,paceSecPerKm,859.0047490759071
1261,strokeRateSpm,40.664315200985754
1261,distanceM,1379.7728757604825
1261,activeEnergyKcal,73.15565725627137
1262,speedMps,1.1535660153818372
1262,paceSecPerKm,866.877132878255
1262,strokeRateSpm,41.016258087524896
1262,distanceM,1380.9264417758643
1262,activeEnergyKcal,73.21636015288811
1263,speedMps,1.053965177194955
1263,paceSecPerKm,948.7979504801297
1263,strokeRateSpm,41.55864977917521
1263,distanceM,1381.9804069530592
1263,activeEnergyKcal,73.27706246526861
1264,speedMps,1.1147030285040742
1264,paceSecPerKm,897.0999220680283
1264,strokeRateSpm,40.956164394594595
1264,distanceM,1383.0951099815632
1264,activeEnergyKcal,73.33776419341287
1265,speedMps,1.0888871754888856
1265,paceSecPerKm,918.3687920201859
1265,strokeRateSpm,40.337939873279176
1265,distanceM,1384.183997157052
1265,activeEnergyKcal,73.39846533732087
1266,speedMps,1.107089511137559
1266,paceSecPerKm,903.2693291190863
1266,strokeRateSpm,40.77519303417719
1266,distanceM,1385.2910866681896
1266,activeEnergyKcal,73.45916589699263
1267,speedMps,1.0887745719053517
1267,paceSecPerKm,918.4637718439765
1267,strokeRateSpm,40.19703953203328
1267,distanceM,1386.379861240095
1267,activeEnergyKcal,73.51986587242816
1268,speedMps,1.1399820442954347
1268,paceSecPerKm,877.2067990053733
1268,strokeRateSpm,40.265369234858156
1268,distanceM,1387.5198432843904
1268,activeEnergyKcal,73.58056526362743
1269,speedMps,1.1854468850665132
1269,paceSecPerKm,843.5637333037422
1269,strokeRateSpm,40.14986878666236
1269,distanceM,1388.705290169457
1269,activeEnergyKcal,73.64126407059047
1270,speedMps,1.1551402925658596
1270,paceSecPerKm,865.6957137030918
1270,strokeRateSpm,40.98138875470081
1270,distanceM,1389.8604304620228
1270,activeEnergyKcal,73.70196229331725
1271,speedMps,1.1319692834171924
1271,paceSecPerKm,883.4161974618223
1271,strokeRateSpm,41.007498300901794
1271,distanceM,1390.99239974544
1271,activeEnergyKcal,73.7626599318078
1272,speedMps,1.0864029778225737
1272,paceSecPerKm,920.46875829101
1272,strokeRateSpm,39.579624674263165
1272,distanceM,1392.0788027232627
1272,activeEnergyKcal,73.82335698606211
1273,speedMps,1.1233132569511675
1273,paceSecPerKm,890.2236253439604
1273,strokeRateSpm,41.648796115224044
1273,distanceM,1393.2021159802139
1273,activeEnergyKcal,73.88405345608017
1274,speedMps,1.1297248911151736
1274,paceSecPerKm,885.1712552893124
1274,strokeRateSpm,40.67408291484403
1274,distanceM,1394.331840871329
1274,activeEnergyKcal,73.94474934186198
1275,speedMps,1.0800882669686098
1275,paceSecPerKm,925.8502574114738
1275,strokeRateSpm,39.52196972575713
1275,distanceM,1395.4119291382976
1275,activeEnergyKcal,74.00544464340754
1276,speedMps,1.1406563060795325
1276,paceSecPerKm,876.6882668075784
1276,strokeRateSpm,39.9783397776396
1276,distanceM,1396.5525854443772
1276,activeEnergyKcal,74.06613936071687
1277,speedMps,1.0991034070252947
1277,paceSecPerKm,909.8324994792652
1277,strokeRateSpm,41.05284001103891
1277,distanceM,1397.6516888514025
1277,activeEnergyKcal,74.12683349378996
1278,speedMps,1.103401722132172
1278,paceSecPerKm,906.2882356823204
1278,strokeRateSpm,41.667000419952636
1278,distanceM,1398.7550905735347
1278,activeEnergyKcal,74.1875270426268
1279,speedMps,1.1727628395908056
1279,paceSecPerKm,852.6873177094483
1279,strokeRateSpm,41.94227277136006
1279,distanceM,1399.9278534131256
1279,activeEnergyKcal,74.24822000722739
1280,speedMps,1.0935273280960134
1280,paceSecPerKm,914.4718877224059
1280,strokeRateSpm,39.12855520757015
1280,distanceM,1401.0213807412217
1280,activeEnergyKcal,74.30891238759173
1281,speedMps,1.1335395688113814
1281,paceSecPerKm,882.192406435878
1281,strokeRateSpm,40.40813509817063
1281,distanceM,1402.154920310033
1281,activeEnergyKcal,74.36960418371984
1282,speedMps,1.1123457945816986
1282,paceSecPerKm,899.0010164744259
1282,strokeRateSpm,40.111438567783175
1282,distanceM,1403.2672661046147
1282,activeEnergyKcal,74.43029539561171
1283,speedMps,1.025465459019827
1283,paceSecPerKm,975.1669265933464
1283,strokeRateSpm,41.900244470893504
1283,distanceM,1404.2927315636346
1283,activeEnergyKcal,74.49098602326733
1284,speedMps,1.165880011206449
1284,paceSecPerKm,857.7211980546808
1284,strokeRateSpm,38.99885632287247
1284,distanceM,1405.458611574841
1284,activeEnergyKcal,74.5516760666867
1284,heartRateBpm,170.9722808079272
1285,speedMps,1.0638229186217134
1285,paceSecPerKm,940.0060691450394
1285,strokeRateSpm,41.38602314645399
1285,distanceM,1406.5224344934627
1285,activeEnergyKcal,74.61236552586983
1285,heartRateBpm,169.065199196618
1286,speedMps,1.1439123004038616
1286,paceSecPerKm,874.1928901778109
1286,strokeRateSpm,39.80147912849451
1286,distanceM,1407.6663467938665
1286,activeEnergyKcal,74.67305440081672
1286,heartRateBpm,167.14278532714488
1287,speedMps,1.061257925508005
1287,paceSecPerKm,942.2780042102564
1287,strokeRateSpm,40.51506079792578
1287,distanceM,1408.7276047193745
1287,activeEnergyKcal,74.73374269152737
1287,heartRateBpm,167.57525610186377
1288,speedMps,1.1085450976684175
1288,paceSecPerKm,902.0832820453418
1288,strokeRateSpm,40.99616896465134
1288,distanceM,1409.836149817043
1288,activeEnergyKcal,74.79443039800177
1288,heartRateBpm,167.8860130627262
1289,speedMps,1.1053131341939935
1289,paceSecPerKm,904.7209963077215
1289,strokeRateSpm,40.93092590486124
1289,distanceM,1410.9414629512369
1289,activeEnergyKcal,74.85511752023992
1289,heartRateBpm,169.57911354289752
1290,speedMps,1.1283105687233872
1290,paceSecPerKm,886.2808057638222
1290,strokeRateSpm,38.22285266223784
1290,distanceM,1412.0697735199603
1290,activeEnergyKcal,74.91580405824183
1290,heartRateBpm,168.6140591389409
1291,speedMps,1.1517383662264105
1291,paceSecPerKm,868.2527467383321
1291,strokeRateSpm,41.473140497262584
1291,distanceM,1413.2215118861868
1291,activeEnergyKcal,74.9764900120075
1292,speedMps,1.1564925405665818
1292,paceSecPerKm,864.6834846942343
1292,strokeRateSpm,40.58644973303304
1292,distanceM,1414.3780044267535
1292,activeEnergyKcal,75.03717538153693
1292,heartRateBpm,165.617383406702
1293,speedMps,1.1673796790379083
1293,paceSecPerKm,856.6193312737347
1293,strokeRateSpm,40.57627775406752
1293,distanceM,1415.5453841057913
1293,activeEnergyKcal,75.0978601668301
1293,heartRateBpm,166.11768583404924
1294,speedMps,1.1043912482652447
1294,paceSecPerKm,905.4762083371991
1294,strokeRateSpm,40.043818165794434
1294,distanceM,1416.6497753540566
1294,activeEnergyKcal,75.15854436788703
1295,speedMps,1.13380881871844
1295,paceSecPerKm,881.9829088384706
1295,strokeRateSpm,40.83342056689467
1295,distanceM,1417.7835841727751
1295,activeEnergyKcal,75.21922798470773
1295,heartRateBpm,153.61408601191917
1296,speedMps,1.0863227819187982
1296,paceSecPerKm,920.5367103078478
1296,strokeRateSpm,41.069692543245594
1296,distanceM,1418.869906954694
1296,activeEnergyKcal,75.27991101729218
1297,speedMps,1.119257774985123
1297,paceSecPerKm,893.449232473093
1297,strokeRateSpm,41.80641978278056
1297,distanceM,1419.989164729679
1297,activeEnergyKcal,75.34059346564038
1298,speedMps,1.1459783784485358
1298,paceSecPerKm,872.6168126782931
1298,strokeRateSpm,40.6543208905122
1298,distanceM,1421.1351431081275
1298,activeEnergyKcal,75.40127532975234
1298,heartRateBpm,131.1729678819295
1299,speedMps,1.1715172977162456
1299,paceSecPerKm,853.5938837176359
1299,strokeRateSpm,41.15980247627966
1299,distanceM,1422.3066604058438
1299,activeEnergyKcal,75.46195660962806
1300,speedMps,1.1686081417497831
1300,paceSecPerKm,855.7188370283624
1300,strokeRateSpm,41.9377676292963
1300,distanceM,1423.4752685475935
1300,activeEnergyKcal,75.52263730526754
1300,heartRateBpm,132.66624563712747
1301,speedMps,1.1011503807012408
1301,paceSecPerKm,908.1411744717142
1301,strokeRateSpm,39.91055677761267
1301,distanceM,1424.5764189282947
1301,activeEnergyKcal,75.58331741667077
1302,speedMps,1.1116217535175799
1302,paceSecPerKm,899.5865696543203
1302,strokeRateSpm,40.382782184636575
1302,distanceM,1425.6880406818123
1302,activeEnergyKcal,75.64399694383775
1302,heartRateBpm,135.59135135526617
1303,speedMps,1.1160755624973118
1303,paceSecPerKm,895.9966812304509
1303,strokeRateSpm,40.48524651285443
1303,distanceM,1426.8041162443096
1303,activeEnergyKcal,75.70467588676848
1303,heartRateBpm,138.11845974023745
1304,speedMps,1.0735137803305468
1304,paceSecPerKm,931.5204129863046
1304,strokeRateSpm,39.325674501114634
1304,distanceM,1427.8776300246402
1304,activeEnergyKcal,75.76535424546299
1305,speedMps,1.1205255167725747
1305,paceSecPerKm,892.4384005821468
1305,strokeRateSpm,41.10560900068757
1305,distanceM,1428.9981555414129
1305,activeEnergyKcal,75.82603201992124
1305,heartRateBpm,138.07331636422504
1306,speedMps,1.0956700921333893
1306,paceSecPerKm,912.6834867354012
1306,strokeRateSpm,39.843880947659784
1306,distanceM,1430.0938256335462
1306,activeEnergyKcal,75.88670921014325
1306,heartRateBpm,139.37334053050586
1307,speedMps,1.12216114663987
1307,paceSecPerKm,891.1376079935918
1307,strokeRateSpm,41.561479658238135
1307,distanceM,1431.215986780186
1307,activeEnergyKcal,75.94738581612901
1307,heartRateBpm,138.6750998238581
1308,speedMps,1.1564710488060066
1308,paceSecPerKm,864.6995538992918
1308,strokeRateSpm,40.019539131459624
1308,distanceM,1432.372457828992
1308,activeEnergyKcal,76.00806183787853
1308,heartRateBpm,138.8825509941753
1309,speedMps,1.1496886625498741
1309,paceSecPerKm,869.8006969835797
1309,strokeRateSpm,40.85733415157996
1309,distanceM,1433.522146491542
1309,activeEnergyKcal,76.06873727539181
1310,speedMps,1.1458803044798889
1310,paceSecPerKm,872.6914984841253
1310,strokeRateSpm,41.687322426492074
1310,distanceM,1434.6680267960219
1310,activeEnergyKcal,76.12941212866885
1310,heartRateBpm,138.95924314448195
1311,speedMps,1.1340848057668118
1311,paceSecPerKm,881.7682724563527
1311,strokeRateSpm,41.725783928532856
1311,distanceM,1435.8021116017887
1311,activeEnergyKcal,76.19008639770963
1312,speedMps,1.1233699298749382
1312,paceSecPerKm,890.1787144252004
1312,strokeRateSpm,40.85345448054209
1312,distanceM,1436.9254815316638
1312,activeEnergyKcal,76.25076008251418
1312,heartRateBpm,138.02865815303838
1313,speedMps,1.1272081567722496
1313,paceSecPerKm,887.1475902582988
1313,strokeRateSpm,41.06364667178702
1313,distanceM,1438.052689688436
1313,activeEnergyKcal,76.31143318308249
1313,heartRateBpm,138.3559647995051
1314,speedMps,1.143326583099615
1314,paceSecPerKm,874.640732387198
1314,strokeRateSpm,42.230631395675225
1314,distanceM,1439.1960162715357
1314,activeEnergyKcal,76.37210569941455
1314,heartRateBpm,138.25559634218246
1315,speedMps,1.1313230389591298
1315,paceSecPerKm,883.9208303580973
1315,strokeRateSpm,41.01122292393685
1315,distanceM,1440.3273393104948
1315,activeEnergyKcal,76.43277763151036
1315,heartRateBpm,138.22537186353418
1316,speedMps,1.1335885529867789
1316,paceSecPerKm,882.1542854902691
1316,strokeRateSpm,39.93832965694739
1316,distanceM,1441.4609278634816
1316,activeEnergyKcal,76.49344897936993
1317,speedMps,1.1060573856488785
1317,paceSecPerKm,904.1122214588722
1317,strokeRateSpm,40.60219426691259
1317,distanceM,1442.5669852491305
1317,activeEnergyKcal,76.55411974299325
1317,heartRateBpm,137.74116599744653
1318,speedMps,1.162742092690341
1318,paceSecPerKm,860.0359497489337
1318,strokeRateSpm,41.120948699174036
1318,distanceM,1443.729727341821
1318,activeEnergyKcal,76.61478992238034
1318,heartRateBpm,138.10780508053122
1319,speedMps,1.1268611549018555
1319,paceSecPerKm,887.4207755320979
1319,strokeRateSpm,40.112904070638855
1319,distanceM,1444.856588496723
1319,activeEnergyKcal,76.67545951753118
1320,speedMps,1.1361656525296566
1320,paceSecPerKm,880.1533453977545
1320,strokeRateSpm,40.985433132829414
1320,distanceM,1445.9927541492525
1320,activeEnergyKcal,76.73612852844578
1320,heartRateBpm,139.31116789463053
1321,speedMps,0.9495591847344843
1321,paceSecPerKm,1053.1202436629792
1321,strokeRateSpm,36.08655946828353
1321,distanceM,1446.942313333987
1321,activeEnergyKcal,76.78017906501366
1322,speedMps,1.003321171586421
1322,paceSecPerKm,996.6898220824248
1322,strokeRateSpm,34.88256640244818
1322,distanceM,1447.9456345055733
1322,activeEnergyKcal,76.82423054804424
1322,heartRateBpm,141.9821050777884
1323,speedMps,0.952498238656538
1323,paceSecPerKm,1049.870707803577
1323,strokeRateSpm,36.876552266317674
1323,distanceM,1448.8981327442298
1323,activeEnergyKcal,76.86828297753755
1323,heartRateBpm,141.0523246919897
1324,speedMps,0.9972930756741373
1324,paceSecPerKm,1002.7142716538294
1324,strokeRateSpm,35.032277688993844
1324,distanceM,1449.895425819904
1324,activeEnergyKcal,76.91233635349357
1324,heartRateBpm,142.70681960717354
1325,speedMps,0.934397188405312
1325,paceSecPerKm,1070.2086996929527
1325,strokeRateSpm,35.66203746974494
1325,distanceM,1450.8298230083092
1325,activeEnergyKcal,76.95639067591232
1325,heartRateBpm,141.39260641424403
1326,speedMps,0.9585991207374039
1326,paceSecPerKm,1043.188939325073
1326,strokeRateSpm,35.409432106185996
1326,distanceM,1451.7884221290467
1326,activeEnergyKcal,77.00044594479377
1326,heartRateBpm,141.94729927808615
1327,speedMps,0.9021795871657076
1327,paceSecPerKm,1108.4267636132242
1327,strokeRateSpm,35.73019601434063
1327,distanceM,1452.6906017162123
1327,activeEnergyKcal,77.04450216013794
1327,heartRateBpm,138.44798247141986
1328,speedMps,0.9256627289903813
1328,paceSecPerKm,1080.3070801939905
1328,strokeRateSpm,35.0952172436984
1328,distanceM,1453.6162644452027
1328,activeEnergyKcal,77.08855932194483
1328,heartRateBpm,137.09535246267419
1329,speedMps,0.923012597295017
1329,paceSecPerKm,1083.4088320469325
1329,strokeRateSpm,35.53501034165394
1329,distanceM,1454.5392770424976
1329,activeEnergyKcal,77.13261743021442
1330,speedMps,0.9018624645203164
1330,paceSecPerKm,1108.816520634198
1330,strokeRateSpm,35.49213454869289
1330,distanceM,1455.4411395070179
1330,activeEnergyKcal,77.17667648494674
1330,heartRateBpm,135.79667249421024
1331,speedMps,0.9259507997258395
1331,paceSecPerKm,1079.9709879791512
1331,strokeRateSpm,37.234917692189086
1331,distanceM,1456.3670903067436
1331,activeEnergyKcal,77.22073648614177
1331,heartRateBpm,133.95973225459346
1332,speedMps,0.9548747353928084
1332,paceSecPerKm,1047.2577846440017
1332,strokeRateSpm,35.55132505437258
1332,distanceM,1457.3219650421365
1332,activeEnergyKcal,77.26479743379952
1332,heartRateBpm,132.41897679190012
1333,speedMps,0.8895878502532144
1333,paceSecPerKm,1124.1160720836706
1333,strokeRateSpm,35.20873385548933
1333,distanceM,1458.2115528923898
1333,activeEnergyKcal,77.30885932791998
1333,heartRateBpm,130.81548527247995
1334,speedMps,0.9318726867715064
1334,paceSecPerKm,1073.107962273819
1334,strokeRateSpm,35.484202454313284
1334,distanceM,1459.1434255791614
1334,activeEnergyKcal,77.35292216850316
1334,heartRateBpm,131.6751957756595
1335,speedMps,0.9316862626198044
1335,paceSecPerKm,1073.3226839559752
1335,strokeRateSpm,34.88724975401902
1335,distanceM,1460.0751118417813
1335,activeEnergyKcal,77.39698595554904
1335,heartRateBpm,130.06475631311923
1336,speedMps,0.9310047512780665
1336,paceSecPerKm,1074.1083744494517
1336,strokeRateSpm,37.04215790468989
1336,distanceM,1461.0061165930595
1336,activeEnergyKcal,77.44105068905765
1336,heartRateBpm,129.9130884268065
1337,speedMps,0.9354771441421335
1337,paceSecPerKm,1068.9732039546902
1337,strokeRateSpm,36.62686048051183
1337,distanceM,1461.9415937372016
1337,activeEnergyKcal,77.48511636902897
1337,heartRateBpm,128.98177163785303
1338,speedMps,0.9180754065945168
1338,paceSecPerKm,1089.2351464999722
1338,strokeRateSpm,35.053395302755916
1338,distanceM,1462.859669143796
1338,activeEnergyKcal,77.529182995463
1338,heartRateBpm,127.67472353777828
1339,speedMps,0.885633271441903
1339,paceSecPerKm,1129.1355375254773
1339,strokeRateSpm,36.540246405373075
1339,distanceM,1463.745302415238
1339,activeEnergyKcal,77.57325056835975
1339,heartRateBpm,143.19791588485202
1340,speedMps,0.8912290904259328
1340,paceSecPerKm,1122.0459596107705
1340,strokeRateSpm,35.342691689062306
1340,distanceM,1464.636531505664
1340,activeEnergyKcal,77.61731908771922
1340,heartRateBpm,156.81923269109205
1341,speedMps,0.906346544222285
1341,paceSecPerKm,1103.3307363223598
1341,strokeRateSpm,36.49852324064898
1341,distanceM,1465.5428780498862
1341,activeEnergyKcal,77.6613885535414
1342,speedMps,0.8916565631058778
1342,paceSecPerKm,1121.508035018251
1342,strokeRateSpm,35.41960928367485
1342,distanceM,1466.4345346129921
1342,activeEnergyKcal,77.7054589658263
1342,heartRateBpm,170.18933206959576
1343,speedMps,0.9098571285105541
1343,paceSecPerKm,1099.0736552638882
1343,strokeRateSpm,36.67451277112554
1343,distanceM,1467.3443917415027
1343,activeEnergyKcal,77.74953032457391
1343,heartRateBpm,169.57081209810227
1344,speedMps,0.9224299793834914
1344,paceSecPerKm,1084.0931261453068
1344,strokeRateSpm,35.382177888701214
1344,distanceM,1468.2668217208861
1344,activeEnergyKcal,77.79360262978423
1344,heartRateBpm,168.4171721203273
1345,speedMps,0.9367534617188036
1345,paceSecPerKm,1067.516738251651
1345,strokeRateSpm,35.75808817240429
1345,distanceM,1469.203575182605
1345,activeEnergyKcal,77.83767588145727
1345,heartRateBpm,164.65780346791306
1346,speedMps,0.9154548973069053
1346,paceSecPerKm,1092.3531054799207
1346,strokeRateSpm,35.4127729450659
1346,distanceM,1470.119030079912
1346,activeEnergyKcal,77.88175007959303
1346,heartRateBpm,163.51615235415892
1347,speedMps,0.8768058744860366
1347,paceSecPerKm,1140.5033076291568
1347,strokeRateSpm,36.27950936516357
1347,distanceM,1470.995835954398
1347,activeEnergyKcal,77.9258252241915
1347,heartRateBpm,162.73429420847194
1348,speedMps,0.9347390699713068
1348,paceSecPerKm,1069.8172700010243
1348,strokeRateSpm,35.681707522498314
1348,distanceM,1471.9305750243693
1348,activeEnergyKcal,77.96990131525268
1348,heartRateBpm,162.56581758582055
1349,speedMps,0.9300551132963518
1349,paceSecPerKm,1075.205098820161
1349,strokeRateSpm,34.99737049701792
1349,distanceM,1472.8606301376656
1349,activeEnergyKcal,78.01397835277659
1350,speedMps,0.8984840631921881
1350,paceSecPerKm,1112.9857957047564
1350,strokeRateSpm,37.20881305204833
1350,distanceM,1473.7591142008578
1350,activeEnergyKcal,78.0580563367632
1351,speedMps,0.9651749839195548
1351,paceSecPerKm,1036.0815568789626
1351,strokeRateSpm,35.63166202154801
1351,distanceM,1474.7242891847773
1351,activeEnergyKcal,78.10213526721253
1351,heartRateBpm,159.72975313026967
1352,speedMps,0.9092523780530866
1352,paceSecPerKm,1099.804657251735
1352,strokeRateSpm,36.22116195670014
1352,distanceM,1475.6335415628303
1352,activeEnergyKcal,78.14621514412458
1353,speedMps,0.9460365633997527
1353,paceSecPerKm,1057.0415972151436
1353,strokeRateSpm,37.66148197932999
1353,distanceM,1476.57957812623
1353,activeEnergyKcal,78.19029596749934
1354,speedMps,0.9747249576937991
1354,paceSecPerKm,1025.9304351516778
1354,strokeRateSpm,36.05816262248499
1354,distanceM,1477.5543030839237
1354,activeEnergyKcal,78.23437773733681
1354,heartRateBpm,159.45561598812475
1355,speedMps,0.8883201495802566
1355,paceSecPerKm,1125.7202715400676
1355,strokeRateSpm,36.26877507959606
1355,distanceM,1478.442623233504
1355,activeEnergyKcal,78.27846045363701
1356,speedMps,0.9550305909482297
1356,paceSecPerKm,1047.0868781356219
1356,strokeRateSpm,36.87105878147298
1356,distanceM,1479.3976538244522
1356,activeEnergyKcal,78.32254411639991
1356,heartRateBpm,156.58552100137732
1357,speedMps,0.968724910246831
1357,paceSecPerKm,1032.2847997634335
1357,strokeRateSpm,35.57544798871388
1357,distanceM,1480.366378734699
1357,activeEnergyKcal,78.36662872562553
1357,heartRateBpm,156.37263731539795
1358,speedMps,0.9110899334387172
1358,paceSecPerKm,1097.5864876760413
1358,strokeRateSpm,37.1890507589538
1358,distanceM,1481.2774686681378
1358,activeEnergyKcal,78.41071428131387
1358,heartRateBpm,156.0454736336971
1359,speedMps,0.9336984278307261
1359,paceSecPerKm,1071.0096217290557
1359,strokeRateSpm,36.98201199222366
1359,distanceM,1482.2111670959684
1359,activeEnergyKcal,78.45480078346492
1359,heartRateBpm,154.81813713014188
1360,speedMps,0.8810785956684152
1360,paceSecPerKm,1134.9725267600754
1360,strokeRateSpm,35.193396974332074
1360,distanceM,1483.092245691637
1360,activeEnergyKcal,78.49888823207868
1360,heartRateBpm,154.4086740158171
1361,speedMps,0.8994411730641194
1361,paceSecPerKm,1111.8014495526234
1361,strokeRateSpm,35.95681713196199
1361,distanceM,1483.991686864701
1361,activeEnergyKcal,78.54297662715517
1361,heartRateBpm,154.0748101502169
1362,speedMps,0.8955889710045877
1362,paceSecPerKm,1116.5836476059926
1362,strokeRateSpm,34.43209071702488
1362,distanceM,1484.8872758357056
1362,activeEnergyKcal,78.58706596869436
1362,heartRateBpm,153.57312959863194
1363,speedMps,0.9455278254249513
1363,paceSecPerKm,1057.6103347890023
1363,strokeRateSpm,36.13360826596001
1363,distanceM,1485.8328036611306
1363,activeEnergyKcal,78.63115625669627
1364,speedMps,0.903564966483139
1364,paceSecPerKm,1106.7272825906543
1364,strokeRateSpm,35.927728863440926
1364,distanceM,1486.7363686276137
1364,activeEnergyKcal,78.6752474911609
1364,heartRateBpm,153.13471165613907
1365,speedMps,0.9110850361525977
1365,paceSecPerKm,1097.5923874492325
1365,strokeRateSpm,34.69638493593263
1365,distanceM,1487.6474536637663
1365,activeEnergyKcal,78.71933967208824
1366,speedMps,0.9229005565673415
1366,paceSecPerKm,1083.5403585836204
1366,strokeRateSpm,36.697693700529314
1366,distanceM,1488.5703542203337
1366,activeEnergyKcal,78.7634327994783
1367,speedMps,0.9410684793376566
1367,paceSecPerKm,1062.6219259875973
1367,strokeRateSpm,36.01347604512759
1367,distanceM,1489.5114226996714
1367,activeEnergyKcal,78.80752687333107
1368,speedMps,0.9353113838134683
1368,paceSecPerKm,1069.1626524663711
1368,strokeRateSpm,36.672980944950034
1368,distanceM,1490.446734083485
1368,activeEnergyKcal,78.85162189364655
1369,speedMps,0.908748805125625
1369,paceSecPerKm,1100.4141016303845
1369,strokeRateSpm,34.6667233310611
1369,distanceM,1491.3554828886106
1369,activeEnergyKcal,78.89571786042475
1370,speedMps,0.939965986121545
1370,paceSecPerKm,1063.868283283489
1370,strokeRateSpm,34.72914397776057
1370,distanceM,1492.295448874732
1370,activeEnergyKcal,78.93981477366567
1371,speedMps,0.9105538195033556
1371,paceSecPerKm,1098.2327223067728
1371,strokeRateSpm,33.85109315594991
1371,distanceM,1493.2060026942354
1371,activeEnergyKcal,78.9839126333693
1372,speedMps,0.932559342464148
1372,paceSecPerKm,1072.317818786363
1372,strokeRateSpm,35.93263490577515
1372,distanceM,1494.1385620366996
1372,activeEnergyKcal,79.02801143953565
1373,speedMps,0.9392711170210614
1373,paceSecPerKm,1064.6553288804864
1373,strokeRateSpm,36.250273824529884
1373,distanceM,1495.0778331537206
1373,activeEnergyKcal,79.07211119216471
1374,speedMps,0.9425274531109463
1374,paceSecPerKm,1060.9770534527745
1374,strokeRateSpm,35.51786893257302
1374,distanceM,1496.0203606068314
1374,activeEnergyKcal,79.11621189125648
1375,speedMps,0.8817757909257874
1375,paceSecPerKm,1134.075135982229
1375,strokeRateSpm,34.12824078759327
1375,distanceM,1496.9021363977572
1375,activeEnergyKcal,79.16031353681097
1376,speedMps,0.9350792717800067
1376,paceSecPerKm,1069.4280476310964
1376,strokeRateSpm,36.01818461454503
1376,distanceM,1497.8372156695373
1376,activeEnergyKcal,79.20441612882819
1377,speedMps,0.9414993659822245
1377,paceSecPerKm,1062.1356063864625
1377,strokeRateSpm,35.79171376389173
1377,distanceM,1498.7787150355196
1377,activeEnergyKcal,79.2485196673081
1378,speedMps,0.8935674878809987
1378,paceSecPerKm,1119.109651551216
1378,strokeRateSpm,34.20815530738602
1378,distanceM,1499.6722825234006
1378,activeEnergyKcal,79.29262415225074
1379,speedMps,0.9449347830036927
1379,paceSecPerKm,1058.2740925477099
1379,strokeRateSpm,36.45663177394481
1379,distanceM,1500.6172173064042
1379,activeEnergyKcal,79.3367295836561
1380,speedMps,0.9195461635395409
1380,paceSecPerKm,1087.4929825717222
1380,strokeRateSpm,36.584592474764904
1380,distanceM,1501.5367634699437
1380,activeEnergyKcal,79.38083596152417
1381,speedMps,0.9338526491991872
1381,paceSecPerKm,1070.8327495323128
1381,strokeRateSpm,34.75363948224829
1381,distanceM,1502.470616119143
1381,activeEnergyKcal,79.42494328585495
1382,speedMps,0.9241442075805493
1382,paceSecPerKm,1082.0822029692147
1382,strokeRateSpm,34.09326485643531
1382,distanceM,1503.3947603267236
1382,activeEnergyKcal,79.46905155664845
1383,speedMps,0.8729321057943696
1383,paceSecPerKm,1145.5644641343538
1383,strokeRateSpm,34.50153517060722
1383,distanceM,1504.267692432518
1383,activeEnergyKcal,79.51316077390467
1384,speedMps,0.9296594913082414
1384,paceSecPerKm,1075.6626585856436
1384,strokeRateSpm,35.597636035780965
1384,distanceM,1505.1973519238263
1384,activeEnergyKcal,79.5572709376236
1385,speedMps,0.9296824286698882
1385,paceSecPerKm,1075.6361195625868
1385,strokeRateSpm,35.44301940614039
1385,distanceM,1506.1270343524961
1385,activeEnergyKcal,79.60138204780525
1386,speedMps,0.9090237047002157
1386,paceSecPerKm,1100.081323324552
1386,strokeRateSpm,35.837399232672944
1386,distanceM,1507.0360580571964
1386,activeEnergyKcal,79.64549410444961
1387,speedMps,0.9136277813525191
1387,paceSecPerKm,1094.5376447721599
1387,strokeRateSpm,35.350223217940844
1387,distanceM,1507.949685838549
1387,activeEnergyKcal,79.68960710755668
1388,speedMps,0.9382769338318858
1388,paceSecPerKm,1065.7834205899528
1388,strokeRateSpm,36.88209671664649
1388,distanceM,1508.887962772381
1388,activeEnergyKcal,79.73372105712647
1389,speedMps,0.9347332606426798
1389,paceSecPerKm,1069.823918871193
1389,strokeRateSpm,35.59481970032157
1389,distanceM,1509.8226960330235
1389,activeEnergyKcal,79.77783595315898
1390,speedMps,0.9192669472305038
1390,paceSecPerKm,1087.8232955212002
1390,strokeRateSpm,36.85720748080058
1390,distanceM,1510.741962980254
1390,activeEnergyKcal,79.8219517956542
1391,speedMps,0.9786651596554095
1391,paceSecPerKm,1021.7999385531438
1391,strokeRateSpm,35.100171319508746
1391,distanceM,1511.7206281399094
1391,activeEnergyKcal,79.86606858461214
1392,speedMps,0.932558460619905
1392,paceSecPerKm,1072.318832789597
1392,strokeRateSpm,35.67251074663626
1392,distanceM,1512.6531866005294
1392,activeEnergyKcal,79.91018632003279
1393,speedMps,0.866835310858512
1393,paceSecPerKm,1153.6216712371834
1393,strokeRateSpm,35.481971987780675
1393,distanceM,1513.5200219113879
1393,activeEnergyKcal,79.95430500191615
1394,speedMps,0.9137957586606866
1394,paceSecPerKm,1094.3364428235686
1394,strokeRateSpm,35.82246881772242
1394,distanceM,1514.4338176700485
1394,activeEnergyKcal,79.99842463026224
1395,speedMps,0.9316250706490359
1395,paceSecPerKm,1073.393183057353
1395,strokeRateSpm,36.57800162734972
1395,distanceM,1515.3654427406975
1395,activeEnergyKcal,80.04254520507104
1396,speedMps,0.9316287491678985
1396,paceSecPerKm,1073.3889447842487
1396,strokeRateSpm,35.30126234745954
1396,distanceM,1516.2970714898654
1396,activeEnergyKcal,80.08666672634254
1397,speedMps,0.8879719495585938
1397,paceSecPerKm,1126.1616996990667
1397,strokeRateSpm,36.586979259310894
1397,distanceM,1517.185043439424
1397,activeEnergyKcal,80.13078919407677
1398,speedMps,0.9328829751029215
1398,paceSecPerKm,1071.9458138783953
1398,strokeRateSpm,35.26062349261366
1398,distanceM,1518.117926414527
1398,activeEnergyKcal,80.17491260827371
1399,speedMps,0.8825990761704915
1399,paceSecPerKm,1133.0172747731613
1399,strokeRateSpm,34.91037461686129
1399,distanceM,1519.0005254906973
1399,activeEnergyKcal,80.21903696893337
1400,speedMps,0.898554567606127
1400,paceSecPerKm,1112.8984661044433
1400,strokeRateSpm,35.591797896454985
1400,distanceM,1519.8990800583035
1400,activeEnergyKcal,80.26316227605574
1401,speedMps,0.936575354449222
1401,paceSecPerKm,1067.719746467252
1401,strokeRateSpm,35.62199349294761
1401,distanceM,1520.8356554127527
1401,activeEnergyKcal,80.30728852964083
1402,speedMps,0.8923216941048103
1402,paceSecPerKm,1120.6720699570283
1402,strokeRateSpm,34.84406302311126
1402,distanceM,1521.7279771068575
1402,activeEnergyKcal,80.35141572968863
1402,heartRateBpm,129.5157160532695
1403,speedMps,0.950301494269354
1403,paceSecPerKm,1052.2976192611977
1403,strokeRateSpm,34.10342980200729
1403,distanceM,1522.6782786011267
1403,activeEnergyKcal,80.39554387619914
1403,heartRateBpm,128.8327521760661
1404,speedMps,0.941292764703463
1404,paceSecPerKm,1062.3687310663984
1404,strokeRateSpm,37.13244787429275
1404,distanceM,1523.6195713658303
1404,activeEnergyKcal,80.43967296917238
1404,heartRateBpm,130.12307729741326
1405,speedMps,0.909937125420547
1405,paceSecPerKm,1098.9770304600204
1405,strokeRateSpm,34.80395360052438
1405,distanceM,1524.529508491251
1405,activeEnergyKcal,80.48380300860832
1406,speedMps,0.926700929421687
1406,paceSecPerKm,1079.0967919111247
1406,strokeRateSpm,35.50951750773339
1406,distanceM,1525.4562094206726
1406,activeEnergyKcal,80.52793399450698
1407,speedMps,0.925624565936844
1407,paceSecPerKm,1080.3516207328391
1407,strokeRateSpm,35.463020711233774
1407,distanceM,1526.3818339866095
1407,activeEnergyKcal,80.57206592686836
1407,heartRateBpm,129.61604557015642
1408,speedMps,0.9239807243077596
1408,paceSecPerKm,1082.2736597121045
1408,strokeRateSpm,35.14165798307692
1408,distanceM,1527.3058147109173
1408,activeEnergyKcal,80.61619880569245
1409,speedMps,0.8838101855489617
1409,paceSecPerKm,1131.4646700737774
1409,strokeRateSpm,36.23354606364357
1409,distanceM,1528.1896248964663
1409,activeEnergyKcal,80.66033263097925
1409,heartRateBpm,126.20895440149845
1410,speedMps,0.9164211988254762
1410,paceSecPerKm,1091.2012961743376
1410,strokeRateSpm,35.44874808807101
1410,distanceM,1529.1060460952917
1410,activeEnergyKcal,80.70446740272878
1410,heartRateBpm,126.26110209900037
1411,speedMps,0.9021803710303644
1411,paceSecPerKm,1108.425800550191
1411,strokeRateSpm,35.66169621719819
1411,distanceM,1530.0082264663222
1411,activeEnergyKcal,80.74860312094101
1411,heartRateBpm,124.96250747809282
1412,speedMps,0.8871290251821318
1412,paceSecPerKm,1127.2317460187883
1412,strokeRateSpm,36.30428198237999
1412,distanceM,1530.8953554915042
1412,activeEnergyKcal,80.79273978561596
1413,speedMps,0.9125974239202697
1413,paceSecPerKm,1095.7734196797014
1413,strokeRateSpm,35.132467445001964
1413,distanceM,1531.8079529154245
1413,activeEnergyKcal,80.83687739675364
1413,heartRateBpm,125.44674811768121
1414,speedMps,0.9279644017553209
1414,paceSecPerKm,1077.6275448804047
1414,strokeRateSpm,34.96104818227752
1414,distanceM,1532.7359173171799
1414,activeEnergyKcal,80.88101595435401
1414,heartRateBpm,124.58662954507497
1415,speedMps,0.8728155454488171
1415,paceSecPerKm,1145.7174487947307
1415,strokeRateSpm,35.28553407534296
1415,distanceM,1533.6087328626288
1415,activeEnergyKcal,80.92515545841711
1415,heartRateBpm,124.21312160812568
1416,speedMps,0.8965831806133436
1416,paceSecPerKm,1115.3454822963665
1416,strokeRateSpm,36.25368370756616
1416,distanceM,1534.5053160432421
1416,activeEnergyKcal,80.96929590894293
1416,heartRateBpm,122.86338624639515
1417,speedMps,0.9379065139231554
1417,paceSecPerKm,1066.2043446282453
1417,strokeRateSpm,35.09806305619812
1417,distanceM,1535.4432225571652
1417,activeEnergyKcal,81.01343730593145
1417,heartRateBpm,121.71317825565623
1418,speedMps,0.8916558892739107
1418,paceSecPerKm,1121.5088825514465
1418,strokeRateSpm,35.53051470491262
1418,distanceM,1536.334878446439
1418,activeEnergyKcal,81.05757964938269
1418,heartRateBpm,121.18685391020004
1419,speedMps,0.9147410767548876
1419,paceSecPerKm,1093.2055260353834
1419,strokeRateSpm,36.37929395333599
1419,distanceM,1537.2496195231938
1419,activeEnergyKcal,81.10172293929665
1419,heartRateBpm,121.44394541522233
1420,speedMps,0.9118313848678875
1420,paceSecPerKm,1096.6939903531472
1420,strokeRateSpm,35.170529730165406
1420,distanceM,1538.1614509080616
1420,activeEnergyKcal,81.14586717567332
1420,heartRateBpm,120.60659574716018
1421,speedMps,0.8860036932956716
1421,paceSecPerKm,1128.6634667179499
1421,strokeRateSpm,36.508622608526885
1421,distanceM,1539.0474546013572
1421,activeEnergyKcal,81.1900123585127
1421,heartRateBpm,123.32167660076175
1422,speedMps,0.8859641587455016
1422,paceSecPerKm,1128.713831286324
1422,strokeRateSpm,36.37399790390969
1422,distanceM,1539.9334187601028
1422,activeEnergyKcal,81.23415848781481
1422,heartRateBpm,123.01417570760908
1423,speedMps,0.9495724125188881
1423,paceSecPerKm,1053.1055734310403
1423,strokeRateSpm,35.90666466503601
1423,distanceM,1540.8829911726216
1423,activeEnergyKcal,81.27830556357962
1423,heartRateBpm,121.85482157159798
1424,speedMps,0.9530883851960363
1424,paceSecPerKm,1049.2206342377308
1424,strokeRateSpm,34.83704579804906
1424,distanceM,1541.8360795578176
1424,activeEnergyKcal,81.32245358580715
1425,speedMps,0.8969349453743715
1425,paceSecPerKm,1114.9080601186859
1425,strokeRateSpm,35.81434350204351
1425,distanceM,1542.733014503192
1425,activeEnergyKcal,81.3666025544974
1425,heartRateBpm,125.80761225806336
1426,speedMps,0.8817916862382708
1426,paceSecPerKm,1134.0546929695001
1426,strokeRateSpm,33.78707689272239
1426,distanceM,1543.6148061894303
1426,activeEnergyKcal,81.41075246965036
1426,heartRateBpm,126.50244360643211
1427,speedMps,0.9646604121580253
1427,paceSecPerKm,1036.6342263003382
1427,strokeRateSpm,35.82807098870376
1427,distanceM,1544.5794666015884
1427,activeEnergyKcal,81.45490333126604
1428,speedMps,0.9259455627038511
1428,paceSecPerKm,1079.9770961479667
1428,strokeRateSpm,35.91772026531032
1428,distanceM,1545.5054121642922
1428,activeEnergyKcal,81.49905513934443
1428,heartRateBpm,123.60484164888095
1429,speedMps,0.9344767188411341
1429,paceSecPerKm,1070.1176175262267
1429,strokeRateSpm,35.782174636197816
1429,distanceM,1546.4398888831333
1429,activeEnergyKcal,81.54320789388554
1429,heartRateBpm,122.33467666203602
1430,speedMps,0.9513356328781666
1430,paceSecPerKm,1051.1537310702895
1430,strokeRateSpm,34.18993890406148
1430,distanceM,1547.3912245160116
1430,activeEnergyKcal,81.58736159488936
1430,heartRateBpm,121.93928517336387
1431,speedMps,0.9478830170910232
1431,paceSecPerKm,1054.9825051923808
1431,strokeRateSpm,35.18561287563674
1431,distanceM,1548.3391075331026
1431,activeEnergyKcal,81.6315162423559
1431,heartRateBpm,123.25179353585068
1432,speedMps,0.9065925429969341
1432,paceSecPerKm,1103.0313537482755
1432,strokeRateSpm,36.563896527165134
1432,distanceM,1549.2457000760996
1432,activeEnergyKcal,81.67567183628516
1433,speedMps,0.9230618170806049
1433,paceSecPerKm,1083.3510621885864
1433,strokeRateSpm,36.538492626551026
1433,distanceM,1550.1687618931803
1433,activeEnergyKcal,81.71982837667713
1433,heartRateBpm,122.67336654423349
1434,speedMps,0.9242511190788868
1434,paceSecPerKm,1081.9570345736827
1434,strokeRateSpm,36.90025857321943
1434,distanceM,1551.0930130122592
1434,activeEnergyKcal,81.76398586353181
1434,heartRateBpm,123.1985169567629
1435,speedMps,0.9480164581636618
1435,paceSecPerKm,1054.8340077734854
1435,strokeRateSpm,34.33613389334618
1435,distanceM,1552.041029470423
1435,activeEnergyKcal,81.80814429684922
1435,heartRateBpm,124.80245182390216
1436,speedMps,0.8753401304214664
1436,paceSecPerKm,1142.413063500826
1436,strokeRateSpm,36.489432906443874
1436,distanceM,1552.9163696008443
1436,activeEnergyKcal,81.85230367662933
1436,heartRateBpm,122.43677341644057
1437,speedMps,0.920869703140453
1437,paceSecPerKm,1085.9299601123676
1437,strokeRateSpm,36.81061694114297
1437,distanceM,1553.8372393039847
1437,activeEnergyKcal,81.89646400287216
1437,heartRateBpm,123.02669344700632
1438,speedMps,0.9147781934594958
1438,paceSecPerKm,1093.1611697237922
1438,strokeRateSpm,35.32807926996347
1438,distanceM,1554.7520174974443
1438,activeEnergyKcal,81.94062527557772
1438,heartRateBpm,123.68232369550316
1439,speedMps,0.9127186424432472
1439,paceSecPerKm,1095.6278895795426
1439,strokeRateSpm,35.36770991580036
1439,distanceM,1555.6647361398875
1439,activeEnergyKcal,81.98478749474597
1439,heartRateBpm,122.07093600552324
1440,speedMps,0.9232376545112806
1440,paceSecPerKm,1083.144729976762
1440,strokeRateSpm,35.44452142971487
1440,distanceM,1556.5879737943987
1440,activeEnergyKcal,82.02895066037695
1440,heartRateBpm,121.57011391178519
1441,speedMps,0.9182881835870063
1441,paceSecPerKm,1088.9827593052673
1441,strokeRateSpm,34.124497210421545
1441,distanceM,1557.5062619779858
1441,activeEnergyKcal,82.07311477247065
1441,heartRateBpm,121.04826217993455
1442,speedMps,0.917442564004447
1442,paceSecPerKm,1089.9864898737712
1442,strokeRateSpm,36.13648912901702
1442,distanceM,1558.4237045419902
1442,activeEnergyKcal,82.11727983102705
1442,heartRateBpm,123.4473731055685
1443,speedMps,0.8779006664949325
1443,paceSecPerKm,1139.0810352070423
1443,strokeRateSpm,36.415615153526986
1443,distanceM,1559.3016052084852
1443,activeEnergyKcal,82.16144583604617
1443,heartRateBpm,124.01054746288095
1444,speedMps,0.880592855570627
1444,paceSecPerKm,1135.598584151579
1444,strokeRateSpm,35.01545599007326
1444,distanceM,1560.182198064056
1444,activeEnergyKcal,82.20561278752801
1444,heartRateBpm,124.75573167680218
1445,speedMps,0.8659236864374431
1445,paceSecPerKm,1154.8361774398038
1445,strokeRateSpm,36.404290436038174
1445,distanceM,1561.0481217504935
1445,activeEnergyKcal,82.24978068547256
1446,speedMps,0.9155976735080535
1446,paceSecPerKm,1092.1827664421255
1446,strokeRateSpm,36.084573363336155
1446,distanceM,1561.9637194240015
1446,activeEnergyKcal,82.29394952987982
1446,heartRateBpm,126.70447465284288
1447,speedMps,0.956959219564564
1447,paceSecPerKm,1044.9766087786065
1447,strokeRateSpm,36.314552996979536
1447,distanceM,1562.9206786435661
1447,activeEnergyKcal,82.33811932074981
1447,heartRateBpm,126.040580097664
1448,speedMps,0.8842800390064579
1448,paceSecPerKm,1130.8634775060177
1448,strokeRateSpm,35.22245302917979
1448,distanceM,1563.8049586825725
1448,activeEnergyKcal,82.3822900580825
1449,speedMps,0.9137019012619322
1449,paceSecPerKm,1094.4488553858537
1449,strokeRateSpm,35.140562784367624
1449,distanceM,1564.7186605838344
1449,activeEnergyKcal,82.42646174187792
1449,heartRateBpm,124.49773947019048
1450,speedMps,0.8937124780472308
1450,paceSecPerKm,1118.9280943967665
1450,strokeRateSpm,35.45896487702579
1450,distanceM,1565.6123730618817
1450,activeEnergyKcal,82.47063437213605
1451,speedMps,0.885721081634273
1451,paceSecPerKm,1129.0235952777225
1451,strokeRateSpm,36.57426799187112
1451,distanceM,1566.498094143516
1451,activeEnergyKcal,82.51480794885688
1451,heartRateBpm,122.8977263414453
1452,speedMps,0.9212369651537364
1452,paceSecPerKm,1085.497041288524
1452,strokeRateSpm,35.392387566534104
1452,distanceM,1567.4193311086697
1452,activeEnergyKcal,82.55898247204044
1452,heartRateBpm,125.55587269730296
1453,speedMps,0.9437370903950418
1453,paceSecPerKm,1059.6171435642175
1453,strokeRateSpm,35.52393122812133
1453,distanceM,1568.3630681990646
1453,activeEnergyKcal,82.60315794168672
1453,heartRateBpm,123.88592910083798
1454,speedMps,0.9148358396546159
1454,paceSecPerKm,1093.092286783973
1454,strokeRateSpm,36.906641426005635
1454,distanceM,1569.2779040387193
1454,activeEnergyKcal,82.6473343577957
1454,heartRateBpm,123.07868605444999
1455,speedMps,0.8970980359561332
1455,paceSecPerKm,1114.7053721215577
1455,strokeRateSpm,35.728635575145375
1455,distanceM,1570.1750020746754
1455,activeEnergyKcal,82.6915117203674
1455,heartRateBpm,122.30103277895779
1456,speedMps,0.9199764250369401
1456,paceSecPerKm,1086.984375670112
1456,strokeRateSpm,35.83314353815883
1456,distanceM,1571.0949784997124
1456,activeEnergyKcal,82.73569002940182
1457,speedMps,0.9332134280880915
1457,paceSecPerKm,1071.5662354417002
1457,strokeRateSpm,35.65395194125175
1457,distanceM,1572.0281919278004
1457,activeEnergyKcal,82.77986928489895
1457,heartRateBpm,123.70042343695965
1458,speedMps,0.9324571061176639
1458,paceSecPerKm,1072.4353897237747
1458,strokeRateSpm,35.05076388604542
1458,distanceM,1572.9606490339181
1458,activeEnergyKcal,82.8240494868588
1458,heartRateBpm,124.37579471736417
1459,speedMps,0.9171633630026821
1459,paceSecPerKm,1090.3183013396008
1459,strokeRateSpm,35.698310216580204
1459,distanceM,1573.8778123969207
1459,activeEnergyKcal,82.86823063528136
1459,heartRateBpm,121.58783719282808
1460,speedMps,0.9557575812709515
1460,paceSecPerKm,1046.2904188217012
1460,strokeRateSpm,35.89271394234137
1460,distanceM,1574.8335699781917
1460,activeEnergyKcal,82.91241273016664
1460,heartRateBpm,124.20796007918617
1461,speedMps,0.9228533522199645
1461,paceSecPerKm,1083.5957821407442
1461,strokeRateSpm,35.840062743999574
1461,distanceM,1575.7564233304117
1461,activeEnergyKcal,82.95659577151463
1461,heartRateBpm,124.72637698472512
1462,speedMps,0.9603619829908576
1462,paceSecPerKm,1041.2740380306368
1462,strokeRateSpm,35.55445949998845
1462,distanceM,1576.7167853134026
1462,activeEnergyKcal,83.00077975932534
1462,heartRateBpm,125.59641065355724
1463,speedMps,0.9528931942437051
1463,paceSecPerKm,1049.4355569342508
1463,strokeRateSpm,36.00901173183295
1463,distanceM,1577.6696785076463
1463,activeEnergyKcal,83.04496469359876
1463,heartRateBpm,126.37918490341562
1464,speedMps,0.9304713500648123
1464,paceSecPerKm,1074.724116900907
1464,strokeRateSpm,36.26858358679345
1464,distanceM,1578.6001498577111
1464,activeEnergyKcal,83.0891505743349
1464,heartRateBpm,126.49922744698476
1465,speedMps,0.9165976666638642
1465,paceSecPerKm,1090.991212796444
1465,strokeRateSpm,35.871119695907105
1465,distanceM,1579.516747524375
1465,activeEnergyKcal,83.13333740153375
1465,heartRateBpm,125.46285433063754
1466,speedMps,0.8766217738433808
1466,paceSecPerKm,1140.7428264252335
1466,strokeRateSpm,33.428394960863706
1466,distanceM,1580.3933692982184
1466,activeEnergyKcal,83.17752517519531
1466,heartRateBpm,124.30516484343262
1467,speedMps,0.9509665105840109
1467,paceSecPerKm,1051.5617415232387
1467,strokeRateSpm,35.46762324165556
1467,distanceM,1581.3443358088025
1467,activeEnergyKcal,83.2217138953196
1467,heartRateBpm,125.81474549801324
1468,speedMps,0.960747745271478
1468,paceSecPerKm,1040.8559425944118
1468,strokeRateSpm,35.59713554139233
1468,distanceM,1582.305083554074
1468,activeEnergyKcal,83.2659035619066
1468,heartRateBpm,123.75299551549496
1469,speedMps,0.9568909072991639
1469,paceSecPerKm,1045.0512094659903
1469,strokeRateSpm,35.820306186713964
1469,distanceM,1583.261974461373
1469,activeEnergyKcal,83.3100941749563
1470,speedMps,0.8997738952817808
1470,paceSecPerKm,1111.3903228842082
1470,strokeRateSpm,36.10310446020294
1470,distanceM,1584.1617483566547
1470,activeEnergyKcal,83.35428573446873
1470,heartRateBpm,125.07939330377131
1471,speedMps,0.9640923548689355
1471,paceSecPerKm,1037.245026319025
1471,strokeRateSpm,34.592383901211
1471,distanceM,1585.1258407115236
1471,activeEnergyKcal,83.39847824044388
1471,heartRateBpm,125.09721019146782
1472,speedMps,0.9118583868350522
1472,paceSecPerKm,1096.6615150307236
1472,strokeRateSpm,34.550425146322105
1472,distanceM,1586.0376990983586
1472,activeEnergyKcal,83.44267169288173
1472,heartRateBpm,125.74417514777377
1473,speedMps,0.9487663666975209
1473,paceSecPerKm,1054.0002629739224
1473,strokeRateSpm,35.83522896313704
1473,distanceM,1586.9864654650562
1473,activeEnergyKcal,83.4868660917823
1473,heartRateBpm,125.81641506365295
1474,speedMps,0.9115558594515906
1474,paceSecPerKm,1097.0254753248134
1474,strokeRateSpm,36.32995486705121
1474,distanceM,1587.8980213245077
1474,activeEnergyKcal,83.5310614371456
1474,heartRateBpm,124.35804222523079
1475,speedMps,0.9308522821057996
1475,paceSecPerKm,1074.28430828764
1475,strokeRateSpm,35.05334546377368
1475,distanceM,1588.8288736066136
1475,activeEnergyKcal,83.5752577289716
1475,heartRateBpm,123.85930987849353
1476,speedMps,0.9097181471871103
1476,paceSecPerKm,1099.2415651947201
1476,strokeRateSpm,35.763904820820784
1476,distanceM,1589.7385917538006
1476,activeEnergyKcal,83.61945496726031
1477,speedMps,0.9333026019885625
1477,paceSecPerKm,1071.463850919656
1477,strokeRateSpm,36.43604707813008
1477,distanceM,1590.6718943557892
1477,activeEnergyKcal,83.66365315201175
1478,speedMps,0.9555514851039434
1478,paceSecPerKm,1046.5160858299766
1478,strokeRateSpm,36.75236039414127
1478,distanceM,1591.6274458408932
1478,activeEnergyKcal,83.70785228322589
1478,heartRateBpm,126.14042092296935
1479,speedMps,0.9539332716667129
1479,paceSecPerKm,1048.2913529714706
1479,strokeRateSpm,33.68149185387815
1479,distanceM,1592.58137911256
1479,activeEnergyKcal,83.75205236090275
1479,heartRateBpm,125.00124329383581
1480,speedMps,0.8851918605713489
1480,paceSecPerKm,1129.6985936523952
1480,strokeRateSpm,36.12328511430502
1480,distanceM,1593.4665709731312
1480,activeEnergyKcal,83.79625338504233
1480,heartRateBpm,126.13408405909695
1481,speedMps,0.91183754415738
1481,paceSecPerKm,1096.686582393457
1481,strokeRateSpm,35.64232141052065
1481,distanceM,1594.3784085172886
1481,activeEnergyKcal,83.84045535564462
1482,speedMps,0.9262338690476156
1482,paceSecPerKm,1079.6409345603322
1482,strokeRateSpm,36.36358533819357
1482,distanceM,1595.3046423863361
1482,activeEnergyKcal,83.88465827270963
1482,heartRateBpm,125.234611745033
1483,speedMps,0.9427758982652898
1483,paceSecPerKm,1060.6974593219902
1483,strokeRateSpm,36.25585510052324
1483,distanceM,1596.2474182846015
1483,activeEnergyKcal,83.92886213623736
1483,heartRateBpm,125.82024905510622
1484,speedMps,0.9554452370124344
1484,paceSecPerKm,1046.6324612459036
1484,strokeRateSpm,35.3562479499838
1484,distanceM,1597.2028635216138
1484,activeEnergyKcal,83.9730669462278
1484,heartRateBpm,126.73425245500991
1485,speedMps,0.9131330570201229
1485,paceSecPerKm,1095.1306518935528
1485,strokeRateSpm,34.92758927212082
1485,distanceM,1598.115996578634
1485,activeEnergyKcal,84.01727270268096
1485,heartRateBpm,126.31764506957437
1486,speedMps,0.9506276845998611
1486,paceSecPerKm,1051.9365427706018
1486,strokeRateSpm,35.2611431466833
1486,distanceM,1599.0666242632337
1486,activeEnergyKcal,84.06147940559683
1486,heartRateBpm,127.13798094247282
1487,speedMps,0.9227046924525656
1487,paceSecPerKm,1083.7703635623463
1487,strokeRateSpm,35.62601230025721
1487,distanceM,1599.9893289556862
1487,activeEnergyKcal,84.10568705497542
1487,heartRateBpm,127.16809333787779
1488,speedMps,0.8769629455951469
1488,paceSecPerKm,1140.2990343239128
1488,strokeRateSpm,35.41352926634847
1488,distanceM,1600.8662919012813
1488,activeEnergyKcal,84.14989565081672
1488,heartRateBpm,126.52961547030016
1489,speedMps,0.8980842856639215
1489,paceSecPerKm,1113.481235517595
1489,strokeRateSpm,35.79993603996705
1489,distanceM,1601.7643761869454
1489,activeEnergyKcal,84.19410519312073
1489,heartRateBpm,123.64676932346096
1490,speedMps,0.9036603169686646
1490,paceSecPerKm,1106.6105053218532
1490,strokeRateSpm,35.748180582873616
1490,distanceM,1602.668036503914
1490,activeEnergyKcal,84.23831568188747
1490,heartRateBpm,123.4904522893415
1491,speedMps,0.9322660193303863
1491,paceSecPerKm,1072.6552070601742
1491,strokeRateSpm,35.73030151497189
1491,distanceM,1603.6003025232444
1491,activeEnergyKcal,84.28252711711691
1492,speedMps,0.909001419350676
1492,paceSecPerKm,1100.1082932459299
1492,strokeRateSpm,34.7466291693477
1492,distanceM,1604.5093039425951
1492,activeEnergyKcal,84.32673949880908
1492,heartRateBpm,122.79925810761964
1493,speedMps,0.8971893641363055
1493,paceSecPerKm,1114.5919021929858
1493,strokeRateSpm,36.12805623334083
1493,distanceM,1605.4064933067314
1493,activeEnergyKcal,84.37095282696396
1493,heartRateBpm,122.11479829220575
1494,speedMps,0.962116052517773
1494,paceSecPerKm,1039.3756526388765
1494,strokeRateSpm,34.22962649888663
1494,distanceM,1606.3686093592491
1494,activeEnergyKcal,84.41516710158155
1494,heartRateBpm,120.47115179627698
1495,speedMps,0.8977448691038661
1495,paceSecPerKm,1113.9022170053788
1495,strokeRateSpm,35.10474106972035
1495,distanceM,1607.266354228353
1495,activeEnergyKcal,84.45938232266185
1495,heartRateBpm,120.68280237213695
1496,speedMps,0.9193849059264875
1496,paceSecPerKm,1087.6837258843996
1496,strokeRateSpm,36.0093779128074
1496,distanceM,1608.1857391342796
1496,activeEnergyKcal,84.50359849020488
1497,speedMps,0.9036745309596097
1497,paceSecPerKm,1106.5930993298025
1497,strokeRateSpm,36.08359910083625
1497,distanceM,1609.0894136652391
1497,activeEnergyKcal,84.54781560421061
1497,heartRateBpm,121.11029872390915
1498,speedMps,0.9128690206563222
1498,paceSecPerKm,1095.447405237866
1498,strokeRateSpm,34.55926605217754
1498,distanceM,1610.0022826858954
1498,activeEnergyKcal,84.59203366467906
1498,heartRateBpm,123.09415997287873
1499,speedMps,0.9308059586937928
1499,paceSecPerKm,1074.3377721854163
1499,strokeRateSpm,35.278208867993065
1499,distanceM,1610.9330886445891
1499,activeEnergyKcal,84.63625267161024
1499,heartRateBpm,122.99160963159508
